sample_idx,session_index,frame_index,true_x_m,true_y_m,est_x_m,est_y_m,rmse_xy_m
0,0,0,-1.0,-1.0,-0.29416021704673767,0.018162447959184647,1.2388965128830365
1,0,1,-1.0,-1.0,-0.20654630661010742,-0.10064823925495148,1.1993341290521506
2,0,2,-1.0,-1.0,-0.26777777075767517,-0.0639876127243042,1.188389070182887
3,0,3,-1.0,-1.0,-0.27880215644836426,-0.06575276702642441,1.1802305799555917
4,0,4,-1.0,-1.0,-0.2729056775569916,-0.029976699501276016,1.2122752811301958
5,0,5,-1.0,-1.0,-0.26910513639450073,-0.07520784437656403,1.178748417919423
6,0,6,-1.0,-1.0,-0.2202821522951126,-0.021483520045876503,1.251181211324463
7,0,7,-1.0,-1.0,-0.2618357241153717,-0.069697804749012,1.187581017312539
8,0,8,-1.0,-1.0,-0.20128698647022247,-0.11513271927833557,1.1920287674689616
9,0,9,-1.0,-1.0,-0.2565990090370178,-0.09037727117538452,1.1747589293804426
10,0,10,-1.0,-1.0,-0.28123822808265686,-0.07912930101156235,1.168170077097172
11,0,11,-1.0,-1.0,-0.24832023680210114,-0.0673828199505806,1.1978302346011227
12,0,12,-1.0,-1.0,-0.21495257318019867,-0.04719390720129013,1.2345602102897757
13,0,13,-1.0,-1.0,-0.21626950800418854,-0.08611162006855011,1.2039208674401016
14,0,14,-1.0,-1.0,-0.22899401187896729,-0.07027620822191238,1.2078230676372739
15,0,15,-1.0,-1.0,-0.2654722034931183,-0.07941317558288574,1.1777143903050695
16,0,16,-1.0,-1.0,-0.26431336998939514,-0.028881099075078964,1.2183212783621515
17,0,17,-1.0,-1.0,-0.2327350378036499,-0.040737297385931015,1.2283649518122106
18,0,18,-1.0,-1.0,-0.30110636353492737,-0.08426297456026077,1.1519664122067945
19,0,19,-1.0,-1.0,-0.1934291571378708,-0.0008319024927914143,1.2840924466842332
20,0,20,-1.0,-1.0,-0.2266286462545395,-0.06447676569223404,1.2137985717258648
21,0,21,-1.0,-1.0,-0.18114417791366577,-0.1474570631980896,1.182097422573754
22,0,22,-1.0,-1.0,-0.22297842800617218,-0.06370675563812256,1.2167200018005169
23,0,23,-1.0,-1.0,-0.24009665846824646,-0.0880274623632431,1.1870749756753998
24,0,24,-1.0,-1.0,-0.2901756167411804,-0.08415724337100983,1.158714205461619
25,0,25,-1.0,-1.0,-0.2056516855955124,-0.114143006503582,1.1898453082328657
26,0,26,-1.0,-1.0,-0.2703503370285034,-0.07123632729053497,1.1810971977018627
27,0,27,-1.0,-1.0,-0.14979535341262817,-0.05268082395195961,1.2728949533983926
28,0,28,-1.0,-1.0,-0.20918963849544525,-0.079278863966465,1.2137167866524083
29,0,29,-1.0,-1.0,-0.254539430141449,-0.07721991837024689,1.1862691685559603
30,0,30,-1.0,-1.0,-0.24866782128810883,-0.07623453438282013,1.1907319926141575
31,0,31,-1.0,-1.0,-0.2346985638141632,-0.04261748492717743,1.2256702527169645
32,0,32,-1.0,-1.0,-0.20001742243766785,-0.05320189520716667,1.2395155407023237
33,0,33,-1.0,-1.0,-0.18639929592609406,-0.07949592918157578,1.2285250709948274
34,0,34,-1.0,-1.0,-0.26272067427635193,-0.08678433299064636,1.1736880584767213
35,0,35,-1.0,-1.0,-0.21953821182250977,-0.05893388018012047,1.2225898922688874
36,0,36,-1.0,-1.0,-0.2170446813106537,-0.05774747580289841,1.2250954454326182
37,0,37,-1.0,-1.0,-0.21684210002422333,0.0014605200849473476,1.2713219378203469
38,0,38,-1.0,-1.0,-0.2152993530035019,-0.07897854596376419,1.2099733981339196
39,0,39,-1.0,-1.0,-0.2597276270389557,-0.059496693313121796,1.1968916642947796
40,0,40,-1.0,-1.0,-0.22530609369277954,-0.06060945987701416,1.2176227803971538
41,0,41,-1.0,-1.0,-0.1798751801252365,-0.14569777250289917,1.1842453361027525
42,0,42,-1.0,-1.0,-0.23478995263576508,-0.0711432695388794,1.2034621898132478
43,0,43,-1.0,-1.0,-0.24906516075134277,-0.052386075258255005,1.2090803460324133
44,0,44,-1.0,-1.0,-0.2484627366065979,-0.04573037475347519,1.214676407911583
45,0,45,-1.0,-1.0,-0.2224036306142807,-0.09041393548250198,1.1966632452140753
46,0,46,-1.0,-1.0,-0.26203209161758423,-0.0897078886628151,1.1718482673815016
47,0,47,-1.0,-1.0,-0.19071237742900848,-0.11549000442028046,1.198876302346094
48,0,48,-1.0,-1.0,-0.20184417068958282,-0.12935718894004822,1.1811315050884785
49,0,49,-1.0,-1.0,-0.2149484008550644,-0.013800030574202538,1.2605143366957254
50,1,0,-0.8,-1.0,-0.251345694065094,-0.00396006228402257,1.1371530701476216
51,1,1,-0.8,-1.0,-0.22147944569587708,-0.004370813723653555,1.1515048885339783
52,1,2,-0.8,-1.0,-0.23224203288555145,0.0007564020343124866,1.1505922324762121
53,1,3,-0.8,-1.0,-0.18640169501304626,-0.13649600744247437,1.0593120527236768
54,1,4,-0.8,-1.0,-0.247714102268219,-0.013372225686907768,1.1306874359783987
55,1,5,-0.8,-1.0,-0.21113766729831696,-0.02362727001309395,1.1402028568359892
56,1,6,-0.8,-1.0,-0.20492766797542572,-0.03865586966276169,1.1306164766511348
57,1,7,-0.8,-1.0,-0.22572541236877441,-0.0037962221540510654,1.1498753275871063
58,1,8,-0.8,-1.0,-0.19682326912879944,0.04326646775007248,1.2050838524335896
59,1,9,-0.8,-1.0,-0.1828908771276474,-0.009282013401389122,1.1671956984594698
60,1,10,-0.8,-1.0,-0.2159707099199295,-0.016026118770241737,1.144244209342475
61,1,11,-0.8,-1.0,-0.18503737449645996,-0.04789290577173233,1.133440315872875
62,1,12,-0.8,-1.0,-0.19999441504478455,-0.03643772006034851,1.1351030654966754
63,1,13,-0.8,-1.0,-0.21726620197296143,0.0025163856334984303,1.1595765532411695
64,1,14,-0.8,-1.0,-0.21999961137771606,0.008258532732725143,1.1631791433955254
65,1,15,-0.8,-1.0,-0.2657274305820465,-0.0878000408411026,1.0571451858292484
66,1,16,-0.8,-1.0,-0.22659236192703247,-0.03006039932370186,1.1267560287659952
67,1,17,-0.8,-1.0,-0.2714848220348358,-0.012100042775273323,1.1203903867956768
68,1,18,-0.8,-1.0,-0.19820375740528107,0.01862962543964386,1.1831166601077134
69,1,19,-0.8,-1.0,-0.2693915069103241,0.024823609739542007,1.1540402090128756
70,1,20,-0.8,-1.0,-0.21186204254627228,-0.018645063042640686,1.144099545183209
71,1,21,-0.8,-1.0,-0.18757091462612152,-0.04286700487136841,1.13629791647076
72,1,22,-0.8,-1.0,-0.2014545500278473,-0.0656563863158226,1.1096191437221936
73,1,23,-0.8,-1.0,-0.28071129322052,-0.05720268189907074,1.0763491738311548
74,1,24,-0.8,-1.0,-0.21260923147201538,-0.015683742240071297,1.1462575671472826
75,1,25,-0.8,-1.0,-0.28391093015670776,-0.0402652770280838,1.0896965937772292
76,1,26,-0.8,-1.0,-0.20854313671588898,-0.07196515053510666,1.1004862120659245
77,1,27,-0.8,-1.0,-0.2527768313884735,-0.0012260177172720432,1.1388602477697332
78,1,28,-0.8,-1.0,-0.21800509095191956,-0.0711490660905838,1.0961214036694467
79,1,29,-0.8,-1.0,-0.1786620318889618,-0.06745036691427231,1.1205845299595558
80,1,30,-0.8,-1.0,-0.15963496267795563,0.1286272406578064,1.2976389441517688
81,1,31,-0.8,-1.0,-0.21472574770450592,-0.028382252901792526,1.1342781831968056
82,1,32,-0.8,-1.0,-0.2425849288702011,-0.022714195773005486,1.1250773771906724
83,1,33,-0.8,-1.0,-0.20594662427902222,-0.014179352670907974,1.1509742663960125
84,1,34,-0.8,-1.0,-0.20910321176052094,-0.05081755667924881,1.1180815377511977
85,1,35,-0.8,-1.0,-0.16207633912563324,-0.031084351241588593,1.1600621239883178
86,1,36,-0.8,-1.0,-0.2896350622177124,-0.015030736103653908,1.1093407143605738
87,1,37,-0.8,-1.0,-0.24374939501285553,0.013309326022863388,1.1559457278581353
88,1,38,-0.8,-1.0,-0.2633156478404999,-0.019563354551792145,1.1177146816565475
89,1,39,-0.8,-1.0,-0.20973558723926544,0.015394981950521469,1.1744952304467118
90,1,40,-0.8,-1.0,-0.2320759892463684,-0.04511260241270065,1.111011981961282
91,1,41,-0.8,-1.0,-0.27351072430610657,-0.02255704253911972,1.110218758853656
92,1,42,-0.8,-1.0,-0.25319769978523254,0.042136505246162415,1.176877755370899
93,1,43,-0.8,-1.0,-0.2148878276348114,0.012759003788232803,1.169631161522317
94,1,44,-0.8,-1.0,-0.2707342207431793,0.009398890659213066,1.1397404904434956
95,1,45,-0.8,-1.0,-0.2815757095813751,-0.0027688187547028065,1.1239367303117849
96,1,46,-0.8,-1.0,-0.2095893919467926,-0.01994497887790203,1.1441558156686502
97,1,47,-0.8,-1.0,-0.21068280935287476,-0.042314235121011734,1.124480669217605
98,1,48,-0.8,-1.0,-0.22847908735275269,0.012576252222061157,1.1627324800474172
99,1,49,-0.8,-1.0,-0.20539213716983795,-0.07702155411243439,1.0979288328996915
100,2,0,-0.6,-1.0,-0.2731081247329712,-0.08030719310045242,0.9760600172009727
101,2,1,-0.6,-1.0,-0.33988451957702637,0.0680878609418869,1.0993051177207762
102,2,2,-0.6,-1.0,-0.28431499004364014,-0.0743212178349495,0.9780277262234021
103,2,3,-0.6,-1.0,-0.259346067905426,-0.0762280821800232,0.9845809553329237
104,2,4,-0.6,-1.0,-0.34238311648368835,0.04863138869404793,1.0798121355250017
105,2,5,-0.6,-1.0,-0.27368804812431335,-0.03892875462770462,1.014956860471604
106,2,6,-0.6,-1.0,-0.3249247968196869,0.012609418481588364,1.0493065337651868
107,2,7,-0.6,-1.0,-0.3215155303478241,0.01898052915930748,1.0563498088432808
108,2,8,-0.6,-1.0,-0.338662713766098,0.026243530213832855,1.0589962041867054
109,2,9,-0.6,-1.0,-0.25040730834007263,-0.1085037961602211,0.9575910043033872
110,2,10,-0.6,-1.0,-0.2677478790283203,-0.04536711052060127,1.010799399270679
111,2,11,-0.6,-1.0,-0.28277766704559326,-0.09854517877101898,0.9556415663008859
112,2,12,-0.6,-1.0,-0.2429114431142807,-0.05143137276172638,1.0135554637213637
113,2,13,-0.6,-1.0,-0.29443952441215515,-0.015089573338627815,1.031220516081675
114,2,14,-0.6,-1.0,-0.2749054431915283,-0.07438486814498901,0.981045280904743
115,2,15,-0.6,-1.0,-0.35003262758255005,-0.06993085891008377,0.9630743971682658
116,2,16,-0.6,-1.0,-0.36506161093711853,-0.049248650670051575,0.9793488525077158
117,2,17,-0.6,-1.0,-0.2707984745502472,-0.12801587581634521,0.9320568422509325
118,2,18,-0.6,-1.0,-0.273083359003067,-0.0198778435587883,1.0332056579924873
119,2,19,-0.6,-1.0,-0.2615031599998474,-0.010023785755038261,1.0462471101326278
120,2,20,-0.6,-1.0,-0.3031342923641205,-0.00903581827878952,1.0344753538990379
121,2,21,-0.6,-1.0,-0.2924361228942871,0.004179249983280897,1.0502245019981598
122,2,22,-0.6,-1.0,-0.3125082850456238,0.1383785456418991,1.1741197551123879
123,2,23,-0.6,-1.0,-0.20914199948310852,-0.13143326342105865,0.95245900303344
124,2,24,-0.6,-1.0,-0.31926387548446655,0.03136042505502701,1.0688859143882883
125,2,25,-0.6,-1.0,-0.30360034108161926,-0.024575162678956985,1.019463766432979
126,2,26,-0.6,-1.0,-0.3149888515472412,0.028515242040157318,1.0672745466145455
127,2,27,-0.6,-1.0,-0.26135018467903137,-0.045728929340839386,1.0125793666246152
128,2,28,-0.6,-1.0,-0.306884765625,-0.010343676432967186,1.0321512386268432
129,2,29,-0.6,-1.0,-0.290956050157547,0.02981097623705864,1.075183151706047
130,2,30,-0.6,-1.0,-0.3152560889720917,0.054784782230854034,1.0925429198403418
131,2,31,-0.6,-1.0,-0.2526920437812805,-0.09047206491231918,0.973583011950026
132,2,32,-0.6,-1.0,-0.3005848228931427,-0.01410704106092453,1.030356430934255
133,2,33,-0.6,-1.0,-0.31192752718925476,0.053341589868068695,1.0920230100767512
134,2,34,-0.6,-1.0,-0.3121102750301361,-0.019666017964482307,1.0217314765029208
135,2,35,-0.6,-1.0,-0.4070875346660614,-0.08905277401208878,0.9311498632423723
136,2,36,-0.6,-1.0,-0.28912556171417236,0.02857431396842003,1.0745268892564461
137,2,37,-0.6,-1.0,-0.3734337091445923,0.07798522710800171,1.1015373048676413
138,2,38,-0.6,-1.0,-0.3662090003490448,0.05682195723056793,1.0823728012115055
139,2,39,-0.6,-1.0,-0.2632888853549957,-0.07408417016267776,0.9852382953726566
140,2,40,-0.6,-1.0,-0.320883184671402,0.15783339738845825,1.191001415913213
141,2,41,-0.6,-1.0,-0.2888142168521881,-0.008996741846203804,1.0387126885259257
142,2,42,-0.6,-1.0,-0.36805102229118347,0.09563013911247253,1.1199132689596016
143,2,43,-0.6,-1.0,-0.18883024156093597,-0.18426640331745148,0.9134997925623656
144,2,44,-0.6,-1.0,-0.38043177127838135,-0.015467414632439613,1.0087192962933156
145,2,45,-0.6,-1.0,-0.2391367107629776,-0.12526662647724152,0.9462456278754838
146,2,46,-0.6,-1.0,-0.22937317192554474,-0.08082472532987595,0.9910839678117237
147,2,47,-0.6,-1.0,-0.3305170238018036,-0.08623441308736801,0.9526744576645395
148,2,48,-0.6,-1.0,-0.2771279215812683,-0.06019776314496994,0.9937175772925372
149,2,49,-0.6,-1.0,-0.3202163875102997,-0.005569856148213148,1.0330392929694747
150,3,0,-0.4,-1.0,-0.13206355273723602,-0.005210116971284151,1.030241161645213
151,3,1,-0.4,-1.0,-0.13171888887882233,0.02091803401708603,1.0555796449182437
152,3,2,-0.4,-1.0,-0.1537759155035019,-0.02207091450691223,1.0084500959588856
153,3,3,-0.4,-1.0,-0.1477292776107788,-0.019024934619665146,1.0128931810772208
154,3,4,-0.4,-1.0,-0.10631115734577179,0.05343535542488098,1.0936083322463876
155,3,5,-0.4,-1.0,-0.1285705715417862,0.04884523153305054,1.0833975513830418
156,3,6,-0.4,-1.0,-0.13915972411632538,-0.03707448020577431,0.9976287917828209
157,3,7,-0.4,-1.0,-0.12211724370718002,0.04928009212017059,1.085452688036014
158,3,8,-0.4,-1.0,-0.14435341954231262,-0.01708979345858097,1.0156119575029647
159,3,9,-0.4,-1.0,-0.14355136454105377,-0.013133730739355087,1.0196425530710158
160,3,10,-0.4,-1.0,-0.14758215844631195,-0.03314855322241783,0.999257968129615
161,3,11,-0.4,-1.0,-0.14332813024520874,-0.03304482623934746,1.000441281028484
162,3,12,-0.4,-1.0,-0.14372628927230835,-0.024936063215136528,1.0081794957389962
163,3,13,-0.4,-1.0,-0.12749288976192474,0.03899075835943222,1.0741331021277645
164,3,14,-0.4,-1.0,-0.16076765954494476,-0.031781017780303955,0.9973365080303376
165,3,15,-0.4,-1.0,-0.13646221160888672,-0.02806723862886429,1.0070280326468575
166,3,16,-0.4,-1.0,-0.13494937121868134,-0.03479999303817749,1.0009310112372753
167,3,17,-0.4,-1.0,-0.12860240042209625,-0.015230217948555946,1.0214833237494858
168,3,18,-0.4,-1.0,-0.1351490020751953,-0.026211882010102272,1.0091626974081394
169,3,19,-0.4,-1.0,-0.13515329360961914,-0.02780582755804062,1.007623583892288
170,3,20,-0.4,-1.0,-0.14973194897174835,-0.016206510365009308,1.0151274440254643
171,3,21,-0.4,-1.0,-0.14900921285152435,-0.03772321715950966,0.9944712072389303
172,3,22,-0.4,-1.0,-0.14203430712223053,-0.012241542339324951,1.0208883726353746
173,3,23,-0.4,-1.0,-0.13531892001628876,-0.002696156967431307,1.0318289729547596
174,3,24,-0.4,-1.0,-0.14068429172039032,-0.013796739280223846,1.0197261926688332
175,3,25,-0.4,-1.0,-0.14241449534893036,-0.017755424603819847,1.015457876084266
176,3,26,-0.4,-1.0,-0.1367129534482956,0.009376771748065948,1.0431498148523377
177,3,27,-0.4,-1.0,-0.13887172937393188,0.0007775579579174519,1.0342841457899148
178,3,28,-0.4,-1.0,-0.17197595536708832,-0.010524390265345573,1.0154097434979232
179,3,29,-0.4,-1.0,-0.13161830604076385,0.01410178653895855,1.0490143788880764
180,3,30,-0.4,-1.0,-0.1403510421514511,-0.011095080524682999,1.0224238461001978
181,3,31,-0.4,-1.0,-0.1480364352464676,-0.04398128762841225,0.9886644609613193
182,3,32,-0.4,-1.0,-0.13786716759204865,-0.016411252319812775,1.0179196659802257
183,3,33,-0.4,-1.0,-0.14005015790462494,0.001642168965190649,1.034824117932464
184,3,34,-0.4,-1.0,-0.14298072457313538,-0.00993366725742817,1.0228833028118485
185,3,35,-0.4,-1.0,-0.1385093331336975,-0.06404688954353333,0.9717950369451979
186,3,36,-0.4,-1.0,-0.12988416850566864,0.018417946994304657,1.0536307119593509
187,3,37,-0.4,-1.0,-0.14485511183738708,-0.026551488786935806,1.0063304218488296
188,3,38,-0.4,-1.0,-0.13295888900756836,-0.012913588434457779,1.0225705544642927
189,3,39,-0.4,-1.0,-0.13544565439224243,0.0008697728626430035,1.0352435964593394
190,3,40,-0.4,-1.0,-0.15055444836616516,-0.053327202796936035,0.9789854279784668
191,3,41,-0.4,-1.0,-0.1321006566286087,0.011689934879541397,1.0465594022870337
192,3,42,-0.4,-1.0,-0.12480399012565613,0.007389856036752462,1.044302238768312
193,3,43,-0.4,-1.0,-0.14503900706768036,-0.03642839938402176,0.9967323298813341
194,3,44,-0.4,-1.0,-0.13897855579853058,0.003405194263905287,1.0367999702010058
195,3,45,-0.4,-1.0,-0.13312391936779022,-0.0021926448680460453,1.0328806128343366
196,3,46,-0.4,-1.0,-0.13440591096878052,0.03695075213909149,1.0704237863996442
197,3,47,-0.4,-1.0,-0.1451118141412735,-0.03155020624399185,1.001430472033085
198,3,48,-0.4,-1.0,-0.13845083117485046,-0.00989600270986557,1.0240673284325739
199,4,0,-0.2,-1.0,-0.09295901656150818,-0.4655879735946655,0.5450265921055003
200,4,1,-0.2,-1.0,-0.10145188122987747,-0.46018078923225403,0.5487408423172475
201,4,2,-0.2,-1.0,-0.10379213094711304,-0.4591582715511322,0.5493320756147927
202,4,3,-0.2,-1.0,-0.10723772644996643,-0.45812639594078064,0.5497561661048459
203,4,4,-0.2,-1.0,-0.10769645869731903,-0.46179303526878357,0.5460647220084855
204,4,5,-0.2,-1.0,-0.10095933079719543,-0.46061864495277405,0.5483988515020076
205,4,6,-0.2,-1.0,-0.08945553004741669,-0.46554064750671387,0.5457718198154246
206,4,7,-0.2,-1.0,-0.10756714642047882,-0.4535754323005676,0.5541873695839384
207,4,8,-0.2,-1.0,-0.09625720977783203,-0.4606020450592041,0.5492838249187697
208,4,9,-0.2,-1.0,-0.10327441245317459,-0.45842668414115906,0.5501431593109365
209,4,10,-0.2,-1.0,-0.10377269983291626,-0.44575822353363037,0.5625332346431127
210,4,11,-0.2,-1.0,-0.09703636169433594,-0.45357850193977356,0.5560377364491745
211,4,12,-0.2,-1.0,-0.0909699946641922,-0.4623090326786041,0.5486338655264954
212,4,13,-0.2,-1.0,-0.10887233912944794,-0.4572202265262604,0.5503763558402036
213,4,14,-0.2,-1.0,-0.10871724784374237,-0.4588852822780609,0.5487601284500493
214,4,15,-0.2,-1.0,-0.10365301370620728,-0.4615797996520996,0.5469726262899904
215,4,16,-0.2,-1.0,-0.09029802680015564,-0.4657590985298157,0.5453878103951486
216,4,17,-0.2,-1.0,-0.09816864877939224,-0.46090301871299744,0.5486302756175361
217,4,18,-0.2,-1.0,-0.09482172131538391,-0.46455633640289307,0.5456760826656695
218,4,19,-0.2,-1.0,-0.098654605448246,-0.4611545503139496,0.5482930855338344
219,4,20,-0.2,-1.0,-0.10749191045761108,-0.45593446493148804,0.5518741279315138
220,4,21,-0.2,-1.0,-0.09891974925994873,-0.4632081091403961,0.5462259158830717
221,4,22,-0.2,-1.0,-0.10483253002166748,-0.4605841040611267,0.5477466167249363
222,4,23,-0.2,-1.0,-0.09722122550010681,-0.46029072999954224,0.5494083841844124
223,4,24,-0.2,-1.0,-0.10062822699546814,-0.45678287744522095,0.5522314655167324
224,4,25,-0.2,-1.0,-0.11653359234333038,-0.4458686113357544,0.560382224120354
225,4,26,-0.2,-1.0,-0.08728913217782974,-0.4191798269748688,0.5916551471238716
226,4,27,-0.2,-1.0,-0.09233638644218445,-0.4635428488254547,0.547154209278002
227,4,28,-0.2,-1.0,-0.09824425727128983,-0.46054649353027344,0.5489665898948266
228,4,29,-0.2,-1.0,-0.10077454149723053,-0.46153369545936584,0.5475323303155091
229,4,30,-0.2,-1.0,-0.09360667318105698,-0.46493011713027954,0.5455449748149265
230,4,31,-0.2,-1.0,-0.09364894032478333,-0.4606403410434723,0.549744840452135
231,4,32,-0.2,-1.0,-0.09289214760065079,-0.38100290298461914,0.6281954299094109
232,4,33,-0.2,-1.0,-0.08579695224761963,-0.3823316693305969,0.6281373280007004
233,4,34,-0.2,-1.0,-0.10061486065387726,-0.4623541235923767,0.5467545101240314
234,4,35,-0.2,-1.0,-0.09851311147212982,-0.4626634418964386,0.5468365068442764
235,4,36,-0.2,-1.0,-0.09514401108026505,-0.4649646282196045,0.5452133779251217
236,4,37,-0.2,-1.0,-0.1342935562133789,-0.39495521783828735,0.6086021074365408
237,4,38,-0.2,-1.0,-0.11248570680618286,-0.45520639419555664,0.5517778759959668
238,4,39,-0.2,-1.0,-0.10030621290206909,-0.4615718126296997,0.547579915757321
239,4,40,-0.2,-1.0,-0.09918898344039917,-0.4602121412754059,0.5491209279259556
240,4,41,-0.2,-1.0,-0.10481993108987808,-0.3873592019081116,0.6199903168634181
241,4,42,-0.2,-1.0,-0.10106481611728668,-0.3803707957267761,0.6274779051075622
242,4,43,-0.2,-1.0,-0.13714991509914398,-0.45216384530067444,0.5514295835079835
243,4,44,-0.2,-1.0,-0.10318852216005325,-0.45987120270729065,0.5487363482642855
244,4,45,-0.2,-1.0,-0.10446733236312866,-0.46030887961387634,0.5480811947234153
245,4,46,-0.2,-1.0,-0.101554274559021,-0.45115333795547485,0.5576057920206872
246,4,47,-0.2,-1.0,-0.10894171893596649,-0.4596402049064636,0.5479783925519921
247,4,48,-0.2,-1.0,-0.10316576063632965,-0.46086904406547546,0.5477582108558618
248,4,49,-0.2,-1.0,-0.10083675384521484,-0.4594756066799164,0.5495452385036185
249,5,0,0.0,-1.0,-0.06636786460876465,-0.37559953331947327,0.6279176986226673
250,5,1,0.0,-1.0,-0.07868361473083496,-0.44083476066589355,0.5646741326700552
251,5,2,0.0,-1.0,-0.07176357507705688,-0.45542454719543457,0.5492835647506102
252,5,3,0.0,-1.0,-0.07724427431821823,-0.4566968083381653,0.5487668320743195
253,5,4,0.0,-1.0,-0.07733512669801712,-0.45425039529800415,0.5512017351694233
254,5,5,0.0,-1.0,-0.08819586038589478,-0.4212290644645691,0.5854522231657902
255,5,6,0.0,-1.0,-0.07266595959663391,-0.45271265506744385,0.552090372681345
256,5,7,0.0,-1.0,-0.08361531049013138,-0.4461177587509155,0.5601580645848724
257,5,8,0.0,-1.0,-0.09269651025533676,-0.42107710242271423,0.5862971638621478
258,5,9,0.0,-1.0,-0.08153501152992249,-0.44262105226516724,0.5633109704978007
259,5,10,0.0,-1.0,-0.055086810141801834,-0.43864762783050537,0.56404879433602
260,5,11,0.0,-1.0,-0.0751868262887001,-0.44220829010009766,0.5628362554779356
261,5,12,0.0,-1.0,-0.07891398668289185,-0.41402390599250793,0.5912659300538674
262,5,13,0.0,-1.0,-0.06973617523908615,-0.4495788514614105,0.5548212098464842
263,5,14,0.0,-1.0,-0.08539993315935135,-0.44227930903434753,0.564221160286307
264,5,15,0.0,-1.0,-0.07903443276882172,-0.4513390362262726,0.5543241783759796
265,5,16,0.0,-1.0,-0.07633951306343079,-0.4515177011489868,0.5537694045427698
266,5,17,0.0,-1.0,-0.06708871573209763,-0.456339031457901,0.5477847611012151
267,5,18,0.0,-1.0,-0.09301769733428955,-0.3827091455459595,0.6242597944846143
268,5,19,0.0,-1.0,-0.07740902155637741,-0.38287290930747986,0.6219630235672613
269,5,20,0.0,-1.0,-0.05392109602689743,-0.36380431056022644,0.638476655687967
270,5,21,0.0,-1.0,-0.0695037990808487,-0.4514535367488861,0.5529321842974748
271,5,22,0.0,-1.0,-0.06089256331324577,-0.4368267059326172,0.5664557029614623
272,5,23,0.0,-1.0,-0.09046820551156998,-0.43077173829078674,0.5763725445724981
273,5,24,0.0,-1.0,-0.09319145232439041,-0.4102811813354492,0.5970367927300984
274,5,25,0.0,-1.0,-0.07945092022418976,-0.45553138852119446,0.5502349658192662
275,5,26,0.0,-1.0,-0.08534406125545502,-0.4452517330646515,0.56127466400983
276,5,27,0.0,-1.0,-0.08432271331548691,-0.4392852187156677,0.567019740336809
277,5,28,0.0,-1.0,-0.07980050891637802,-0.4245033860206604,0.5810029896007403
278,5,29,0.0,-1.0,-0.07206505537033081,-0.4461616277694702,0.5585072199716774
279,5,30,0.0,-1.0,-0.07513667643070221,-0.45000898838043213,0.5550996604280781
280,5,31,0.0,-1.0,-0.08674556761980057,-0.45039278268814087,0.5564107177463125
281,5,32,0.0,-1.0,-0.07940292358398438,-0.44252339005470276,0.5631030055947004
282,5,33,0.0,-1.0,-0.07945650815963745,-0.45222121477127075,0.5535114580887959
283,5,34,0.0,-1.0,-0.06431934237480164,-0.4456406831741333,0.5580781575686049
284,5,35,0.0,-1.0,-0.07231628149747849,-0.452162504196167,0.552589871765885
285,5,36,0.0,-1.0,-0.07443641871213913,-0.3777709901332855,0.6266655576544803
286,5,37,0.0,-1.0,-0.08611014485359192,-0.3781711757183075,0.6277627288667739
287,5,38,0.0,-1.0,-0.07263223826885223,-0.44555261731147766,0.5591845332321845
288,5,39,0.0,-1.0,-0.0730557069182396,-0.4499916732311249,0.554838981893325
289,5,40,0.0,-1.0,-0.07748264074325562,-0.4539763331413269,0.5514937936063647
290,5,41,0.0,-1.0,-0.0733032152056694,-0.4482663869857788,0.5565818368301423
291,5,42,0.0,-1.0,-0.07502929866313934,-0.45427441596984863,0.5508591550686367
292,5,43,0.0,-1.0,-0.07678468525409698,-0.4501032829284668,0.5552317420101454
293,5,44,0.0,-1.0,-0.08031700551509857,-0.44057127833366394,0.5651648573647722
294,5,45,0.0,-1.0,-0.07830503582954407,-0.44170892238616943,0.5637558034995989
295,5,46,0.0,-1.0,-0.080793097615242,-0.44034478068351746,0.565456885297585
296,5,47,0.0,-1.0,-0.06672503054141998,-0.3756002187728882,0.6279548682009071
297,5,48,0.0,-1.0,-0.08669648319482803,-0.4461030066013336,0.5606408471512162
298,5,49,0.0,-1.0,-0.08614829182624817,-0.45438751578330994,0.5523717146249328
299,6,0,0.2,-1.0,-0.09400561451911926,-0.46498140692710876,0.610478661627465
300,6,1,0.2,-1.0,-0.10570022463798523,-0.39488619565963745,0.6779493665068071
301,6,2,0.2,-1.0,-0.08362448215484619,-0.3943955898284912,0.6687298023094124
302,6,3,0.2,-1.0,-0.10907509922981262,-0.3953694701194763,0.6790474907011448
303,6,4,0.2,-1.0,-0.08819124102592468,-0.3936780095100403,0.6713274518115354
304,6,5,0.2,-1.0,-0.09081411361694336,-0.4666205048561096,0.6075084645655234
305,6,6,0.2,-1.0,-0.08246743679046631,-0.4734731614589691,0.5975101376135713
306,6,7,0.2,-1.0,-0.09325478971004486,-0.470530241727829,0.6052574630788735
307,6,8,0.2,-1.0,-0.09360818564891815,-0.465497225522995,0.6098352093833757
308,6,9,0.2,-1.0,-0.08711647242307663,-0.4687668979167938,0.6038579944702376
309,6,10,0.2,-1.0,-0.09086716175079346,-0.4639182984828949,0.6099076130746662
310,6,11,0.2,-1.0,-0.0829901248216629,-0.39534616470336914,0.6675999335571459
311,6,12,0.2,-1.0,-0.0899406224489212,-0.47091013193130493,0.6033254951011245
312,6,13,0.2,-1.0,-0.08785586804151535,-0.471392422914505,0.6019027922498216
313,6,14,0.2,-1.0,-0.09714661538600922,-0.46813350915908813,0.60924385521299
314,6,15,0.2,-1.0,-0.08951263129711151,-0.46305668354034424,0.6100210560064884
315,6,16,0.2,-1.0,-0.08758218586444855,-0.4704199731349945,0.6026263506360423
316,6,17,0.2,-1.0,-0.0933854877948761,-0.4677254855632782,0.6077756190959664
317,6,18,0.2,-1.0,-0.08622568845748901,-0.47239840030670166,0.600240445764771
318,6,19,0.2,-1.0,-0.09086029976606369,-0.4717068672180176,0.6030699363461967
319,6,20,0.2,-1.0,-0.09664125740528107,-0.46341827511787415,0.6131198765922238
320,6,21,0.2,-1.0,-0.08772105723619461,-0.4658646583557129,0.6066992417751755
321,6,22,0.2,-1.0,-0.09211017191410065,-0.46815603971481323,0.6067836110406384
322,6,23,0.2,-1.0,-0.09003148972988129,-0.4574301242828369,0.6152238089270213
323,6,24,0.2,-1.0,-0.08863582462072372,-0.46888449788093567,0.6044785487059661
324,6,25,0.2,-1.0,-0.0879441499710083,-0.46802932024002075,0.6049005187853792
325,6,26,0.2,-1.0,-0.08093907684087753,-0.47718772292137146,0.5935144833619017
326,6,27,0.2,-1.0,-0.08991050720214844,-0.46872392296791077,0.6052291898221808
327,6,28,0.2,-1.0,-0.09216112643480301,-0.4652992784976959,0.6093135361821018
328,6,29,0.2,-1.0,-0.09267815947532654,-0.46892982721328735,0.6063794467638011
329,6,30,0.2,-1.0,-0.08980505913496017,-0.46892255544662476,0.605004317681751
330,6,31,0.2,-1.0,-0.09199106693267822,-0.46799832582473755,0.6068645355380111
331,6,32,0.2,-1.0,-0.0889769196510315,-0.47192955017089844,0.6019684876085362
332,6,33,0.2,-1.0,-0.0915001854300499,-0.46866562962532043,0.6060433740642749
333,6,34,0.2,-1.0,-0.09960982203483582,-0.43658995628356934,0.6381198342163455
334,6,35,0.2,-1.0,-0.11488746106624603,-0.4452342987060547,0.6379021057097316
335,6,36,0.2,-1.0,-0.07569187134504318,-0.4728347659111023,0.594902674357524
336,6,37,0.2,-1.0,-0.08876752853393555,-0.46808433532714844,0.6052445455020299
337,6,38,0.2,-1.0,-0.09309633821249008,-0.470120370388031,0.605539334272587
338,6,39,0.2,-1.0,-0.09292331337928772,-0.4702078700065613,0.6053790288109467
339,6,40,0.2,-1.0,-0.10246244072914124,-0.4004899859428406,0.6714877400270572
340,6,41,0.2,-1.0,-0.08939631283283234,-0.4657471179962158,0.6075988543525966
341,6,42,0.2,-1.0,-0.09645752608776093,-0.39826899766921997,0.6707959927877333
342,6,43,0.2,-1.0,-0.09478884190320969,-0.46354493498802185,0.612114775256766
343,6,44,0.2,-1.0,-0.061616841703653336,-0.4815707802772522,0.5806997741736529
344,6,45,0.2,-1.0,-0.08429413288831711,-0.47038811445236206,0.6010922585660577
345,6,46,0.2,-1.0,-0.09148503094911575,-0.47046634554862976,0.6044579509478142
346,6,47,0.2,-1.0,-0.08704220503568649,-0.4737345278263092,0.5994568997633999
347,6,48,0.2,-1.0,-0.07742592692375183,-0.47334975004196167,0.5952525772395842
348,6,49,0.2,-1.0,-0.07190919667482376,-0.4762880504131317,0.5900922109098089
349,7,0,0.4,-1.0,-0.12365971505641937,-0.1076677069067955,1.0346383032103281
350,7,1,0.4,-1.0,-0.15980477631092072,-0.18220928311347961,0.9910413937905364
351,7,2,0.4,-1.0,-0.15746043622493744,-0.22547399997711182,0.9542812282904619
352,7,3,0.4,-1.0,-0.14680993556976318,-0.21103890240192413,0.9599274551553202
353,7,4,0.4,-1.0,-0.12938743829727173,-0.26200780272483826,0.9082309965344548
354,7,5,0.4,-1.0,-0.14115780591964722,-0.26165837049484253,0.9154234718249789
355,7,6,0.4,-1.0,-0.18745435774326324,-0.09183666855096817,1.0816021722519578
356,7,7,0.4,-1.0,-0.13746054470539093,-0.19065158069133759,0.9715496389544108
357,7,8,0.4,-1.0,-0.1288428157567978,-0.18418341875076294,0.9722301260600658
358,7,9,0.4,-1.0,-0.15880975127220154,-0.13641339540481567,1.0286156530760842
359,7,10,0.4,-1.0,-0.14166979491710663,-0.2696087658405304,0.9093280605274059
360,7,11,0.4,-1.0,-0.11295010149478912,-0.003957097884267569,1.1203656856038768
361,7,12,0.4,-1.0,-0.1699652522802353,-0.0548088476061821,1.1037421362666306
362,7,13,0.4,-1.0,-0.14443080127239227,-0.08552069216966629,1.0642731330931667
363,7,14,0.4,-1.0,-0.12920382618904114,-0.10629744082689285,1.038634177141154
364,7,15,0.4,-1.0,-0.12831740081310272,-0.15043269097805023,1.0004418466661167
365,7,16,0.4,-1.0,-0.13352906703948975,-0.06282316148281097,1.078403306759165
366,7,17,0.4,-1.0,-0.1634293645620346,-0.16483260691165924,1.0074508540513294
367,7,18,0.4,-1.0,-0.055265359580516815,-0.053721535950899124,1.0500997472417097
368,7,19,0.4,-1.0,-0.13519501686096191,-0.1412811577320099,1.0118457175572186
369,7,20,0.4,-1.0,-0.1435135155916214,-0.17923608422279358,0.9844086280974466
370,7,21,0.4,-1.0,-0.17585405707359314,-0.13295628130435944,1.0408519131834664
371,7,22,0.4,-1.0,-0.15662527084350586,-0.15148934721946716,1.0147916140881597
372,7,23,0.4,-1.0,-0.1413639485836029,-0.0841689258813858,1.0638709889583813
373,7,24,0.4,-1.0,-0.12906546890735626,-0.16944526135921478,0.9847494322256926
374,7,25,0.4,-1.0,-0.12373949587345123,-0.04657407104969025,1.0878069964532027
375,7,26,0.4,-1.0,-0.1232648640871048,-0.18325994908809662,0.9699847569687241
376,7,27,0.4,-1.0,-0.18757803738117218,-0.08171986043453217,1.090177217122558
377,7,28,0.4,-1.0,-0.14833751320838928,-0.11498452723026276,1.04111786817507
378,7,29,0.4,-1.0,-0.14313113689422607,-0.0805312767624855,1.0679017580639334
379,7,30,0.4,-1.0,-0.15742303431034088,-0.1130794957280159,1.0475439943400078
380,7,31,0.4,-1.0,-0.1442582607269287,-0.037155427038669586,1.1060229319731976
381,7,32,0.4,-1.0,-0.14195740222930908,-0.21939629316329956,0.9502946769072941
382,7,33,0.4,-1.0,-0.13205476105213165,-0.0024191937409341335,1.1305970695940835
383,7,34,0.4,-1.0,-0.11287812888622284,-0.07921668142080307,1.0539857185292179
384,7,35,0.4,-1.0,-0.12660446763038635,-0.1323196291923523,1.0149785668737934
385,7,36,0.4,-1.0,-0.21384336054325104,-0.16434542834758759,1.036881012656037
386,7,37,0.4,-1.0,-0.16458363831043243,-0.12234854698181152,1.043564448241115
387,7,38,0.4,-1.0,-0.14397980272769928,-0.13784238696098328,1.0194261991418514
388,7,39,0.4,-1.0,-0.1291387528181076,-0.07948349416255951,1.0617619588462723
389,7,40,0.4,-1.0,-0.13485033810138702,-0.12061034888029099,1.029267235786514
390,7,41,0.4,-1.0,-0.12914128601551056,-0.09190196543931961,1.0510150050970342
391,7,42,0.4,-1.0,-0.13258324563503265,-0.15282663702964783,1.0006735833715417
392,7,43,0.4,-1.0,-0.12008720636367798,-0.1318604052066803,1.0120064516943972
393,7,44,0.4,-1.0,-0.13592000305652618,-0.08437591046094894,1.0609324780683844
394,7,45,0.4,-1.0,-0.19390486180782318,-0.17712564766407013,1.0148128815753403
395,7,46,0.4,-1.0,-0.13427866995334625,-0.15198011696338654,1.0022930804872137
396,7,47,0.4,-1.0,-0.13794605433940887,-0.2811479866504669,0.8978497505017282
397,7,48,0.4,-1.0,-0.1535620391368866,-0.10601518303155899,1.051494072329219
398,8,0,0.6,-1.0,-0.26682183146476746,-0.061503395438194275,1.277558595242493
399,8,1,0.6,-1.0,-0.24609127640724182,-0.08600303530693054,1.2454962462731791
400,8,2,0.6,-1.0,-0.2557353973388672,-0.06898772716522217,1.2645421789832427
401,8,3,0.6,-1.0,-0.25868406891822815,-0.06548424065113068,1.269117029546668
402,8,4,0.6,-1.0,-0.26378199458122253,-0.0911489725112915,1.2538458933736618
403,8,5,0.6,-1.0,-0.2537267804145813,-0.05338456481695175,1.2747274993989257
404,8,6,0.6,-1.0,-0.2599336802959442,-0.0509473942220211,1.2806977719357908
405,8,7,0.6,-1.0,-0.1969917267560959,0.07673243433237076,1.3396076095860967
406,8,8,0.6,-1.0,-0.26158884167671204,-0.034453362226486206,1.2940694115145275
407,8,9,0.6,-1.0,-0.25225022435188293,-0.05605208873748779,1.2717578795056448
408,8,10,0.6,-1.0,-0.2885667383670807,-0.06109317019581795,1.2927091256679715
409,8,11,0.6,-1.0,-0.2569372057914734,-0.07025761157274246,1.2644217190115485
410,8,12,0.6,-1.0,-0.25285062193870544,-0.09884694963693619,1.2407380882039092
411,8,13,0.6,-1.0,-0.2575213313102722,-0.09940005838871002,1.243552607846729
412,8,14,0.6,-1.0,-0.2834610939025879,-0.09378223121166229,1.2655963609726721
413,8,15,0.6,-1.0,-0.3154134750366211,-0.029283350333571434,1.3342685802409642
414,8,16,0.6,-1.0,-0.25983375310897827,-0.059369124472141266,1.2744020272197378
415,8,17,0.6,-1.0,-0.24342559278011322,-0.08631759881973267,1.2434557735532954
416,8,18,0.6,-1.0,-0.25808432698249817,-0.09124386310577393,1.2498585634206472
417,8,19,0.6,-1.0,-0.27474379539489746,-0.08732349425554276,1.2641815976036759
418,8,20,0.6,-1.0,-0.26766273379325867,-0.08178252726793289,1.2633138750302932
419,8,21,0.6,-1.0,-0.2661820650100708,-0.0860852524638176,1.2591709715162729
420,8,22,0.6,-1.0,-0.34216395020484924,-0.09186125546693802,1.308582778576767
421,8,23,0.6,-1.0,-0.27199840545654297,-0.0570480078458786,1.2843440655160048
422,8,24,0.6,-1.0,-0.26216399669647217,-0.03842907398939133,1.2914896062100283
423,8,25,0.6,-1.0,-0.4423859119415283,-0.0643751323223114,1.4007006398338884
424,8,26,0.6,-1.0,-0.2626374661922455,-0.07533799856901169,1.2645723446956043
425,8,27,0.6,-1.0,-0.26304373145103455,-0.08340854197740555,1.2589616290089667
426,8,28,0.6,-1.0,-0.2665787637233734,-0.07535185664892197,1.267254095569995
427,8,29,0.6,-1.0,-0.2805213928222656,-0.07640723139047623,1.2760648594195625
428,8,30,0.6,-1.0,-0.2704418897628784,-0.09412357211112976,1.2562966154768826
429,8,31,0.6,-1.0,-0.3003543019294739,-0.10136916488409042,1.2720751734170537
430,8,32,0.6,-1.0,-0.2667200267314911,-0.05034121125936508,1.2857120283211814
431,8,33,0.6,-1.0,-0.26085981726646423,-0.08619200438261032,1.2554380422140796
432,8,34,0.6,-1.0,-0.2906365990638733,-0.029314503073692322,1.3173700640044677
433,8,35,0.6,-1.0,-0.3511044383049011,-0.09073017537593842,1.3158158178617376
434,8,36,0.6,-1.0,-0.2672038972377777,-0.08874161541461945,1.2579485056478057
435,8,37,0.6,-1.0,-0.26299139857292175,-0.034223686903715134,1.2951749074733885
436,8,38,0.6,-1.0,-0.26780521869659424,-0.08070126920938492,1.2641977907077198
437,8,39,0.6,-1.0,-0.28286778926849365,-0.09836741536855698,1.261902076627586
438,8,40,0.6,-1.0,-0.2589879333972931,-0.07944206893444061,1.2590818774686003
439,8,41,0.6,-1.0,-0.26192161440849304,-0.07027755677700043,1.2677904759135425
440,8,42,0.6,-1.0,-0.24863377213478088,-0.04960225149989128,1.274140949644812
441,8,43,0.6,-1.0,-0.2621247172355652,-0.0751582607626915,1.2643540922953478
442,8,44,0.6,-1.0,-0.2610348165035248,-0.09562690556049347,1.2487079919570256
443,8,45,0.6,-1.0,-0.27382898330688477,-0.08232622593641281,1.2671630706705634
444,8,46,0.6,-1.0,-0.2672919034957886,-0.08240597695112228,1.2626060498050737
445,8,47,0.6,-1.0,-0.27998873591423035,-0.05452140420675278,1.2916307330034755
446,8,48,0.6,-1.0,-0.27194759249687195,-0.062123142182826996,1.2805879917015093
447,9,0,0.8,-1.0,-0.2432313859462738,-0.02444358915090561,1.428300400956378
448,9,1,0.8,-1.0,-0.24696968495845795,-0.02688930369913578,1.429366974739925
449,9,2,0.8,-1.0,-0.2673197090625763,-0.0511508546769619,1.428105760065998
450,9,3,0.8,-1.0,-0.22926472127437592,-0.11088249832391739,1.3601160973412298
451,9,4,0.8,-1.0,-0.23769578337669373,-0.017613187432289124,1.4289494002044707
452,9,5,0.8,-1.0,-0.24435512721538544,-0.059034258127212524,1.4057361626988434
453,9,6,0.8,-1.0,-0.45206180214881897,-0.07049975544214249,1.5593682890944223
454,9,7,0.8,-1.0,-0.2121179848909378,-0.07226001471281052,1.3729837200929833
455,9,8,0.8,-1.0,-0.2237105518579483,-0.054672472178936005,1.3934229181557154
456,9,9,0.8,-1.0,-0.23686575889587402,-0.03318292647600174,1.4176832705608913
457,9,10,0.8,-1.0,-0.23832057416439056,-0.07959388941526413,1.3875363141679538
458,9,11,0.8,-1.0,-0.26868683099746704,-0.058622024953365326,1.4241783717815375
459,9,12,0.8,-1.0,-0.23842598497867584,-0.05685332417488098,1.4028022591936846
460,9,13,0.8,-1.0,-0.24161267280578613,-0.02761220559477806,1.4249543792198633
461,9,14,0.8,-1.0,-0.25257715582847595,-0.06547360122203827,1.407571759799432
462,9,15,0.8,-1.0,-0.24655471742153168,-0.030107364058494568,1.4268736810982336
463,9,16,0.8,-1.0,-0.2529270052909851,-0.04971083253622055,1.4183457900914167
464,9,17,0.8,-1.0,-0.23720397055149078,-0.016491994261741638,1.4293635205499766
465,9,18,0.8,-1.0,-0.22806327044963837,-0.0672479122877121,1.3881428403371312
466,9,19,0.8,-1.0,-0.2555563151836395,-0.06618653237819672,1.4093284666237036
467,9,20,0.8,-1.0,-0.2600647509098053,-0.023158257827162743,1.441512076041242
468,9,21,0.8,-1.0,-0.22606226801872253,-0.03198153153061867,1.4106252277446096
469,9,22,0.8,-1.0,-0.2545531094074249,-0.061591848731040955,1.4116274717250632
470,9,23,0.8,-1.0,-0.2463415563106537,-0.054826609790325165,1.4100295706200814
471,9,24,0.8,-1.0,-0.23439224064350128,0.002644313033670187,1.4405772891317716
472,9,25,0.8,-1.0,-0.23105163872241974,-0.026999663561582565,1.4176731416026265
473,9,26,0.8,-1.0,-0.23469772934913635,-0.04609929770231247,1.4073116005221729
474,9,27,0.8,-1.0,-0.24670471251010895,-0.012477545067667961,1.4390244453053775
475,9,28,0.8,-1.0,-0.2447042018175125,-0.035073935985565186,1.422142460623954
476,9,29,0.8,-1.0,-0.24200443923473358,-0.008988771587610245,1.4380113025370578
477,9,30,0.8,-1.0,-0.25937122106552124,-0.030937977135181427,1.4357397355303319
478,9,31,0.8,-1.0,-0.331598699092865,-0.0482107475399971,1.478654251976112
479,9,32,0.8,-1.0,-0.25403204560279846,-0.05263793095946312,1.4172079745098767
480,9,33,0.8,-1.0,-0.2483592927455902,-0.0018066554330289364,1.4475659431693708
481,9,34,0.8,-1.0,-0.2527311444282532,-0.018603341653943062,1.4392297465873984
482,9,35,0.8,-1.0,-0.28452441096305847,-0.0791265219449997,1.4227442358202975
483,9,36,0.8,-1.0,-0.353555291891098,-0.06491564959287643,1.4849486704348636
484,9,37,0.8,-1.0,-0.24163368344306946,-0.051656968891620636,1.4086714432879675
485,9,38,0.8,-1.0,-0.2524441182613373,-0.02721245028078556,1.4331623212154292
486,9,39,0.8,-1.0,-0.2528534233570099,0.008763574063777924,1.458116689237354
487,9,40,0.8,-1.0,-0.3614628314971924,-0.06611956655979156,1.4903451187265142
488,9,41,0.8,-1.0,-0.26120832562446594,-0.062448058277368546,1.41603910744109
489,9,42,0.8,-1.0,-0.268476665019989,-0.08839724957942963,1.4045148480050278
490,9,43,0.8,-1.0,-0.2536775767803192,-0.016900144517421722,1.4410835373632964
491,9,44,0.8,-1.0,-0.2438514679670334,-0.04317110776901245,1.4160322793583873
492,9,45,0.8,-1.0,-0.23842209577560425,-0.042721495032310486,1.4123394015137343
493,9,46,0.8,-1.0,-0.26570117473602295,-0.0723886787891388,1.412862964718199
494,9,47,0.8,-1.0,-0.2208668440580368,-0.051774777472019196,1.3933054890924872
495,9,48,0.8,-1.0,-0.2565141022205353,-0.039174385368824005,1.428078397680688
496,10,0,1.0,-1.0,-0.27127009630203247,-0.03877754509449005,1.5937616715074916
497,10,1,1.0,-1.0,-0.25870105624198914,-0.029923567548394203,1.5891433647669218
498,10,2,1.0,-1.0,-0.24948051571846008,-0.019447969272732735,1.588295893126793
499,10,3,1.0,-1.0,-0.2953425943851471,-0.04702509939670563,1.6081273575212576
500,10,4,1.0,-1.0,-0.25305038690567017,-0.06693870574235916,1.562286353702865
501,10,5,1.0,-1.0,-0.01827894151210785,0.018618673086166382,1.4403041358986792
502,10,6,1.0,-1.0,-0.21125425398349762,-0.06053636595606804,1.5328825093542395
503,10,7,1.0,-1.0,-0.24604010581970215,-0.06548547744750977,1.5575407982369782
504,10,8,1.0,-1.0,-0.22186313569545746,-0.06673901528120041,1.5375062887578181
505,10,9,1.0,-1.0,-0.3332871198654175,-0.06669533252716064,1.6274864504276547
506,10,10,1.0,-1.0,-0.2871539890766144,-0.04182344302535057,1.6046394317514556
507,10,11,1.0,-1.0,-0.5401081442832947,-0.06906510889530182,1.7996035306599756
508,10,12,1.0,-1.0,-0.1465342938899994,-0.06661591678857803,1.478427114827872
509,10,13,1.0,-1.0,-0.2782277762889862,-0.040838733315467834,1.5980790292049272
510,10,14,1.0,-1.0,-0.2355707436800003,-0.0688081905245781,1.547175894548535
511,10,15,1.0,-1.0,-0.36988237500190735,-0.07994304597377777,1.6501765117686278
512,10,16,1.0,-1.0,-0.2951277792453766,-0.10955578088760376,1.5717019030095198
513,10,17,1.0,-1.0,-0.2519557774066925,-0.022738181054592133,1.5882172179366658
514,10,18,1.0,-1.0,-0.25989770889282227,-0.07201938331127167,1.5647652417610045
515,10,19,1.0,-1.0,-0.24658870697021484,-0.0525437667965889,1.5657767140245984
516,10,20,1.0,-1.0,-0.20550239086151123,-0.08744112402200699,1.5119522864492245
517,10,21,1.0,-1.0,-0.23415327072143555,-0.07281721383333206,1.5436327978493467
518,10,22,1.0,-1.0,-0.2516809403896332,-0.05285768210887909,1.5696444651177672
519,10,23,1.0,-1.0,-0.29738548398017883,-0.0991804227232933,1.579457186772553
520,10,24,1.0,-1.0,-0.26163947582244873,-0.021642770618200302,1.5965328168369024
521,10,25,1.0,-1.0,-0.24907992780208588,-0.08161415904760361,1.5503655113875259
522,10,26,1.0,-1.0,-0.2626023292541504,-0.06404955685138702,1.5716767714349191
523,10,27,1.0,-1.0,-0.17681752145290375,-0.058010347187519073,1.507396425896099
524,10,28,1.0,-1.0,-0.302653431892395,-0.10061682015657425,1.582970646539697
525,10,29,1.0,-1.0,-0.26647689938545227,-0.07636510580778122,1.5675028403312257
526,10,30,1.0,-1.0,-0.2625158727169037,-0.10352712869644165,1.5484217570950658
527,10,31,1.0,-1.0,-0.264646977186203,-0.05404459685087204,1.579292120430299
528,10,32,1.0,-1.0,-0.2615652084350586,-0.07947104424238205,1.5617043041248249
529,10,33,1.0,-1.0,-0.26180049777030945,-0.056140560656785965,1.5757573218648508
530,10,34,1.0,-1.0,-0.2646852433681488,-0.0639389157295227,1.5734163842666617
531,10,35,1.0,-1.0,-0.2923612892627716,-0.0747528150677681,1.5894275872810164
532,10,36,1.0,-1.0,-0.2526299059391022,-0.054055824875831604,1.5696789683576533
533,10,37,1.0,-1.0,-0.28386470675468445,-0.1567787081003189,1.5360113060662213
534,10,38,1.0,-1.0,-0.26368841528892517,-0.0628589391708374,1.5732583318792381
535,10,39,1.0,-1.0,-0.27560141682624817,-0.08005670458078384,1.5727220483594355
536,10,40,1.0,-1.0,-0.3162075877189636,-0.13287992775440216,1.576166118675371
537,10,41,1.0,-1.0,-0.2560771703720093,-0.06053003668785095,1.5685450806067016
538,10,42,1.0,-1.0,-0.2453511506319046,-0.04765312746167183,1.5677576515564335
539,10,43,1.0,-1.0,-0.2924446761608124,-0.02967904321849346,1.6161485080603841
540,10,44,1.0,-1.0,-0.26819556951522827,-0.051618512719869614,1.583586893085986
541,10,45,1.0,-1.0,-0.287619411945343,0.09250606596469879,1.6886483512526027
542,10,46,1.0,-1.0,-0.2645626366138458,-0.057615332305431366,1.5770883056524019
543,10,47,1.0,-1.0,-0.2662118673324585,-0.06204775348305702,1.575768672654629
544,10,48,1.0,-1.0,-0.27740052342414856,-0.06903824955224991,1.5806460318619813
545,10,49,1.0,-1.0,-0.28682824969291687,-0.060401737689971924,1.5933523900078603
546,11,0,-1.0,-0.8,-0.22841618955135345,0.017567601054906845,1.124170075585153
547,11,1,-1.0,-0.8,-0.2829376459121704,0.0560884028673172,1.116720991642001
548,11,2,-1.0,-0.8,-0.2367166131734848,0.052647024393081665,1.1443812637454933
549,11,3,-1.0,-0.8,-0.24453729391098022,0.08593781292438507,1.1643065355225777
550,11,4,-1.0,-0.8,-0.22359320521354675,0.03974068909883499,1.1436660071536444
551,11,5,-1.0,-0.8,-0.23800130188465118,0.06296432018280029,1.1512382176761025
552,11,6,-1.0,-0.8,-0.22082488238811493,-0.009403346106410027,1.1100256452232244
553,11,7,-1.0,-0.8,-0.2169075459241867,0.020441634580492973,1.1341773527026497
554,11,8,-1.0,-0.8,-0.2568972408771515,-0.010657310485839844,1.0840957485874751
555,11,9,-1.0,-0.8,-0.22649817168712616,0.03940429165959358,1.141448484715759
556,11,10,-1.0,-0.8,-0.23787018656730652,0.01866062544286251,1.1185021556409496
557,11,11,-1.0,-0.8,-0.2449522614479065,0.0002782749943435192,1.1002465200674587
558,11,12,-1.0,-0.8,-0.22748690843582153,0.09005383402109146,1.1785466915204037
559,11,13,-1.0,-0.8,-0.20459197461605072,0.022906584665179253,1.1444864236549523
560,11,14,-1.0,-0.8,-0.21762658655643463,-0.01903676614165306,1.1054463943139998
561,11,15,-1.0,-0.8,-0.2304084300994873,0.1106794998049736,1.1923121805244519
562,11,16,-1.0,-0.8,-0.21659544110298157,-0.03535782918334007,1.0947147355781077
563,11,17,-1.0,-0.8,-0.23776528239250183,0.04572635143995285,1.1385318731797178
564,11,18,-1.0,-0.8,-0.24302300810813904,0.059496112167835236,1.1453155604833432
565,11,19,-1.0,-0.8,-0.2733646035194397,0.1125369668006897,1.166500199398296
566,11,20,-1.0,-0.8,-0.199436217546463,0.054444633424282074,1.1708876980154288
567,11,21,-1.0,-0.8,-0.21190044283866882,0.020306965336203575,1.137543154951485
568,11,22,-1.0,-0.8,-0.26193904876708984,0.031213603913784027,1.1115979592758207
569,11,23,-1.0,-0.8,-0.18913745880126953,0.07003935426473618,1.189313473684992
570,11,24,-1.0,-0.8,-0.25354716181755066,0.04200003296136856,1.1252359286556664
571,11,25,-1.0,-0.8,-0.19959138333797455,0.0556817352771759,1.171684763796891
572,11,26,-1.0,-0.8,-0.22797444462776184,-0.05807133764028549,1.0707388095043011
573,11,27,-1.0,-0.8,-0.23726144433021545,0.017506752163171768,1.1180730719132836
574,11,28,-1.0,-0.8,-0.2520751953125,0.037429552525281906,1.1227999683423264
575,11,29,-1.0,-0.8,-0.23994964361190796,0.00656085042282939,1.1082494979382862
576,11,30,-1.0,-0.8,-0.2158953994512558,0.06642192602157593,1.1685490911778773
577,11,31,-1.0,-0.8,-0.18985840678215027,-0.005536917131394148,1.134681008522944
578,11,32,-1.0,-0.8,-0.21082670986652374,-0.002796779852360487,1.1217519583552604
579,11,33,-1.0,-0.8,-0.25516876578330994,0.042863599956035614,1.1248078127376275
580,11,34,-1.0,-0.8,-0.24269568920135498,0.03901049867272377,1.1302426447614085
581,11,35,-1.0,-0.8,-0.25546905398368835,0.019553683698177338,1.1072463908449628
582,11,36,-1.0,-0.8,-0.25401967763900757,0.00307778874412179,1.0960933245504045
583,11,37,-1.0,-0.8,-0.22933921217918396,0.10797581076622009,1.1909400164664783
584,11,38,-1.0,-0.8,-0.22932414710521698,-0.049267057329416275,1.0758908966275045
585,11,39,-1.0,-0.8,-0.233184352517128,-0.009970586746931076,1.1009780701855802
586,11,40,-1.0,-0.8,-0.23926636576652527,-0.10597475618124008,1.0297507957325207
587,11,41,-1.0,-0.8,-0.21741452813148499,-0.01586507260799408,1.1078391603187407
588,11,42,-1.0,-0.8,-0.19900169968605042,0.05530332028865814,1.1718114382453515
589,11,43,-1.0,-0.8,-0.20428241789340973,0.05269325524568558,1.166298528685963
590,11,44,-1.0,-0.8,-0.22069235146045685,0.01678832806646824,1.12892142505041
591,11,45,-1.0,-0.8,-0.26215246319770813,0.07667150348424911,1.1458498647669961
592,11,46,-1.0,-0.8,-0.27665045857429504,-0.02058286778628826,1.063355831821608
593,11,47,-1.0,-0.8,-0.21645522117614746,-0.003229487221688032,1.117490792112013
594,11,48,-1.0,-0.8,-0.2368529736995697,-0.00442379480227828,1.10242227935941
595,11,49,-1.0,-0.8,-0.2292909175157547,-0.03744859993457794,1.0841942296311313
596,12,0,-0.8,-0.8,-0.2358676940202713,-0.15319211781024933,0.8582573594865335
597,12,1,-0.8,-0.8,-0.2115115225315094,-0.22085024416446686,0.8256713194713378
598,12,2,-0.8,-0.8,-0.20034243166446686,-0.08466135710477829,0.9334337540935952
599,12,3,-0.8,-0.8,-0.21367879211902618,-0.20102693140506744,0.8381773653070297
600,12,4,-0.8,-0.8,-0.22957909107208252,-0.13576215505599976,0.875552355943379
601,12,5,-0.8,-0.8,-0.24682395160198212,0.04271196573972702,1.0080511880465997
602,12,6,-0.8,-0.8,-0.20743928849697113,-0.13886283338069916,0.8878234902853006
603,12,7,-0.8,-0.8,-0.21702249348163605,-0.09593280404806137,0.9140970350690318
604,12,8,-0.8,-0.8,-0.21784406900405884,-0.06859373301267624,0.9348051430015153
605,12,9,-0.8,-0.8,-0.17804571986198425,-0.13417045772075653,0.9111290281589015
606,12,10,-0.8,-0.8,-0.21721062064170837,-0.10614277422428131,0.9061353709319594
607,12,11,-0.8,-0.8,-0.2406291365623474,-0.14447657763957977,0.8617463200537052
608,12,12,-0.8,-0.8,-0.19912198185920715,0.1335258185863495,1.1101913558716447
609,12,13,-0.8,-0.8,-0.25740694999694824,-0.009365355595946312,0.9589110275951251
610,12,14,-0.8,-0.8,-0.2098359763622284,-0.09146464616060257,0.922125762809306
611,12,15,-0.8,-0.8,-0.15356963872909546,-0.011687275022268295,1.0194651363997933
612,12,16,-0.8,-0.8,-0.2123062163591385,-0.11075837165117264,0.9057803296490021
613,12,17,-0.8,-0.8,-0.16376562416553497,-0.16486616432666779,0.8989934205602346
614,12,18,-0.8,-0.8,-0.2680123746395111,-0.07358354330062866,0.9003841969405958
615,12,19,-0.8,-0.8,-0.2575758397579193,0.14976061880588531,1.0937409211732296
616,12,20,-0.8,-0.8,-0.22129708528518677,-0.12417233735322952,0.8897415878208782
617,12,21,-0.8,-0.8,-0.2203625738620758,-0.17461217939853668,0.8526954156886536
618,12,22,-0.8,-0.8,-0.20605933666229248,-0.0846744254231453,0.9297613614308478
619,12,23,-0.8,-0.8,-0.2210843861103058,-0.18763670325279236,0.8426933577573696
620,12,24,-0.8,-0.8,-0.21790511906147003,-0.14218489825725555,0.8783821255556483
621,12,25,-0.8,-0.8,-0.2111119031906128,-0.2066110521554947,0.836002173434849
622,12,26,-0.8,-0.8,-0.2331891506910324,-0.08266858756542206,0.9142422513534034
623,12,27,-0.8,-0.8,-0.223811075091362,-0.07595837861299515,0.9253269404313781
624,12,28,-0.8,-0.8,-0.2335713505744934,-0.061430077999830246,0.9307668583342127
625,12,29,-0.8,-0.8,-0.22313031554222107,-0.1520584672689438,0.8675291710854961
626,12,30,-0.8,-0.8,-0.3618948757648468,-0.11748658120632172,0.8110244550656496
627,12,31,-0.8,-0.8,-0.21897125244140625,-0.049375493079423904,0.9492268200379013
628,12,32,-0.8,-0.8,-0.13661420345306396,-0.16819711029529572,0.9161089490335894
629,12,33,-0.8,-0.8,-0.22244368493556976,-0.06105737388134003,0.9378739263706745
630,12,34,-0.8,-0.8,-0.21202610433101654,-0.08350755274295807,0.9268628425848917
631,12,35,-0.8,-0.8,-0.2156686931848526,-0.17377111315727234,0.8565078486742429
632,12,36,-0.8,-0.8,-0.21343277394771576,-0.13095197081565857,0.8897675966420238
633,12,37,-0.8,-0.8,-0.31159576773643494,0.003020662348717451,0.9398834386518019
634,12,38,-0.8,-0.8,-0.15181100368499756,-0.05490852892398834,0.9875779843708877
635,12,39,-0.8,-0.8,-0.2221645563840866,-0.15163393318653107,0.8684885471288422
636,12,40,-0.8,-0.8,-0.2112075388431549,-0.09042058885097504,0.9220517897828365
637,12,41,-0.8,-0.8,-0.24073314666748047,-0.13013626635074615,0.8726378601086344
638,12,42,-0.8,-0.8,-0.2595122754573822,0.09203513711690903,1.043002236925904
639,12,43,-0.8,-0.8,-0.22018475830554962,-0.20054395496845245,0.8339863694486013
640,12,44,-0.8,-0.8,-0.20061460137367249,-0.13109606504440308,0.898162195978835
641,12,45,-0.8,-0.8,-0.23498979210853577,-0.16847941279411316,0.8473811344881499
642,12,46,-0.8,-0.8,-0.23039884865283966,-0.05647727847099304,0.9366277323707173
643,12,47,-0.8,-0.8,-0.20885246992111206,-0.10684867948293686,0.9109962433802448
644,12,48,-0.8,-0.8,-0.2132076472043991,-0.1163116842508316,0.9009744604545301
645,12,49,-0.8,-0.8,-0.2241673618555069,-0.09976213425397873,0.9065959936912305
646,13,0,-0.6,-0.8,-0.2791619300842285,0.039422016590833664,0.8986469768739554
647,13,1,-0.6,-0.8,-0.35727235674858093,-0.006389605347067118,0.8299000947701911
648,13,2,-0.6,-0.8,-0.11194668710231781,-0.005831240676343441,0.9321480861515936
649,13,3,-0.6,-0.8,-0.24821527302265167,0.07019467651844025,0.9386113515058085
650,13,4,-0.6,-0.8,-0.11222966015338898,0.303512305021286,1.206507070749057
651,13,5,-0.6,-0.8,-0.15224966406822205,0.16655436158180237,1.065226594307439
652,13,6,-0.6,-0.8,-0.15454576909542084,0.09558577090501785,1.0002516407776223
653,13,7,-0.6,-0.8,-0.1758415251970291,0.09181265532970428,0.9875425175421059
654,13,8,-0.6,-0.8,-0.13407129049301147,0.2104882001876831,1.112733555286885
655,13,9,-0.6,-0.8,-0.23072662949562073,0.028354942798614502,0.9069370063144191
656,13,10,-0.6,-0.8,-0.19653184711933136,0.06140599399805069,0.9512133498246902
657,13,11,-0.6,-0.8,-0.33955806493759155,0.0290166437625885,0.8689640942952928
658,13,12,-0.6,-0.8,-0.18700343370437622,0.11689532548189163,1.0056158320464728
659,13,13,-0.6,-0.8,-0.27724212408065796,0.09647978842258453,0.9528109243276798
660,13,14,-0.6,-0.8,-0.18320991098880768,0.12336220592260361,1.0130704524485028
661,13,15,-0.6,-0.8,-0.2959735691547394,0.11037904024124146,0.9598031400047992
662,13,16,-0.6,-0.8,-0.21108973026275635,0.08270038664340973,0.9645782345084927
663,13,17,-0.6,-0.8,-0.28933483362197876,0.03715689480304718,0.8929414942295849
664,13,18,-0.6,-0.8,-0.30080753564834595,0.11696190387010574,0.9645388866571969
665,13,19,-0.6,-0.8,-0.283962607383728,0.034992706030607224,0.8928003431092574
666,13,20,-0.6,-0.8,-0.2547587454319,0.062056951224803925,0.9286192497524266
667,13,21,-0.6,-0.8,-0.16233429312705994,0.12115057557821274,1.0198380527616446
668,13,22,-0.6,-0.8,-0.22203905880451202,0.11399442702531815,0.9890603043812439
669,13,23,-0.6,-0.8,-0.1991741806268692,0.13456551730632782,1.0168943129028631
670,13,24,-0.6,-0.8,-0.32776984572410583,0.046970807015895844,0.889645325303424
671,13,25,-0.6,-0.8,-0.2259569615125656,0.07152755558490753,0.948403118291329
672,13,26,-0.6,-0.8,-0.15714551508426666,0.1324666440486908,1.0322858795282475
673,13,27,-0.6,-0.8,-0.2746451199054718,0.060453467071056366,0.9199108473085457
674,13,28,-0.6,-0.8,-0.15130451321601868,0.18952453136444092,1.0865019273026304
675,13,29,-0.6,-0.8,-0.3373335301876068,0.027176346629858017,0.8678792443581215
676,13,30,-0.6,-0.8,-0.15066298842430115,0.14927156269550323,1.0502477087402489
677,13,31,-0.6,-0.8,-0.2743356227874756,0.05107458680868149,0.9112547606991085
678,13,32,-0.6,-0.8,-0.20521388947963715,0.12439025193452835,1.0051633752437348
679,13,33,-0.6,-0.8,-0.20167145133018494,0.10818339884281158,0.9916968884790769
680,13,34,-0.6,-0.8,-0.21853141486644745,0.20817776024341583,1.0779335219266655
681,13,35,-0.6,-0.8,-0.16763879358768463,0.11924275010824203,1.0158461726250076
682,13,36,-0.6,-0.8,-0.18544678390026093,0.10749798268079758,0.9977008356959285
683,13,37,-0.6,-0.8,-0.18234559893608093,0.16279926896095276,1.0494844596466428
684,13,38,-0.6,-0.8,-0.23605681955814362,0.12599466741085052,0.9949476180500486
685,13,39,-0.6,-0.8,-0.29339537024497986,0.14802707731723785,0.996374296293254
686,13,40,-0.6,-0.8,-0.3006781339645386,0.14166377484798431,0.9880912125648654
687,13,41,-0.6,-0.8,-0.17371205985546112,0.14419400691986084,1.0359651203665383
688,13,42,-0.6,-0.8,-0.2389269769191742,0.04633767530322075,0.9201419393954319
689,13,43,-0.6,-0.8,-0.23057371377944946,0.10751800984144211,0.979828923403101
690,13,44,-0.6,-0.8,-0.16722244024276733,0.1176861897110939,1.0146153749159783
691,13,45,-0.6,-0.8,-0.313959002494812,0.06139325350522995,0.9076440874252905
692,13,46,-0.6,-0.8,-0.335743248462677,0.045034151524305344,0.8853893764753794
693,13,47,-0.6,-0.8,-0.26959460973739624,0.110914446413517,0.9689854749166407
694,13,48,-0.6,-0.8,-0.16465330123901367,0.1286315768957138,1.025613647398429
695,13,49,-0.6,-0.8,-0.28645235300064087,0.14813120663166046,0.9986315195945115
696,14,0,-0.4,-0.8,-0.09634064137935638,0.0779883936047554,0.9290170210402819
697,14,1,-0.4,-0.8,-0.09680132567882538,0.05528479069471359,0.9074367797834832
698,14,2,-0.4,-0.8,-0.09881959855556488,0.09802619367837906,0.9471856622366646
699,14,3,-0.4,-0.8,-0.07843989878892899,0.09005876630544662,0.9463643622664835
700,14,4,-0.4,-0.8,-0.09558691084384918,0.10049152374267578,0.9505536876904938
701,14,5,-0.4,-0.8,-0.10683667659759521,0.0873553454875946,0.9345288884532952
702,14,6,-0.4,-0.8,-0.08005544543266296,0.0719439834356308,0.9287899806990209
703,14,7,-0.4,-0.8,-0.09534816443920135,0.07159164547920227,0.9233010004216975
704,14,8,-0.4,-0.8,-0.10459285974502563,0.07401754707098007,0.9225898607190495
705,14,9,-0.4,-0.8,-0.08600842952728271,0.17115946114063263,1.0206573398016041
706,14,10,-0.4,-0.8,-0.10341453552246094,0.0874733105301857,0.9357199445575397
707,14,11,-0.4,-0.8,-0.09739962220191956,0.06548590213060379,0.9168603140230066
708,14,12,-0.4,-0.8,-0.09459338337182999,0.06117183715105057,0.9137232264654224
709,14,13,-0.4,-0.8,-0.09594820439815521,0.08218139410018921,0.9331085180756092
710,14,14,-0.4,-0.8,-0.11754053831100464,0.03413550928235054,0.8806619075123912
711,14,15,-0.4,-0.8,-0.09248199313879013,0.10174661129713058,0.9527404030110981
712,14,16,-0.4,-0.8,-0.09770017862319946,0.07153921574354172,0.9224780683481387
713,14,17,-0.4,-0.8,-0.10184479504823685,0.09228728711605072,0.9407832529274475
714,14,18,-0.4,-0.8,-0.10037418454885483,0.09996333718299866,0.9485302512615628
715,14,19,-0.4,-0.8,-0.09897933900356293,0.08962936699390411,0.9391772191470077
716,14,20,-0.4,-0.8,-0.0851297676563263,0.10176299512386322,0.9551543134964736
717,14,21,-0.4,-0.8,-0.10424170643091202,0.057360440492630005,0.9069398508923375
718,14,22,-0.4,-0.8,-0.09189757704734802,0.09162039309740067,0.9433525472570995
719,14,23,-0.4,-0.8,-0.13175903260707855,0.03795991837978363,0.8798466010611986
720,14,24,-0.4,-0.8,-0.10053849220275879,0.07553832232952118,0.9253348304909903
721,14,25,-0.4,-0.8,-0.09240904450416565,0.11480510234832764,0.9651324112189864
722,14,26,-0.4,-0.8,-0.091729074716568,0.09720618277788162,0.9486885146295179
723,14,27,-0.4,-0.8,-0.11018870770931244,0.06813220679759979,0.9152289951801511
724,14,28,-0.4,-0.8,-0.1040620505809784,0.06951605528593063,0.9184973817634654
725,14,29,-0.4,-0.8,-0.11134129762649536,0.07125771790742874,0.9178310615081712
726,14,30,-0.4,-0.8,-0.10093294084072113,0.09056176990270615,0.9394367311780076
727,14,31,-0.4,-0.8,-0.08696205914020538,0.07936551421880722,0.9334219089002826
728,14,32,-0.4,-0.8,-0.09439831972122192,0.08055826276540756,0.9320811344049643
729,14,33,-0.4,-0.8,-0.10449667274951935,0.06956812739372253,0.9184067424595325
730,14,34,-0.4,-0.8,-0.09690655767917633,0.07437463104724884,0.9254170034081387
731,14,35,-0.4,-0.8,-0.08957463502883911,0.10472781956195831,0.9565021352337976
732,14,36,-0.4,-0.8,-0.10242587327957153,0.0635414645075798,0.913375181301376
733,14,37,-0.4,-0.8,-0.10123211145401001,0.0825929120182991,0.9317899439096615
734,14,38,-0.4,-0.8,-0.10010036826133728,0.12715226411819458,0.9744491315489383
735,14,39,-0.4,-0.8,-0.0945851057767868,0.10695196688175201,0.9569953645885936
736,14,40,-0.4,-0.8,-0.1375790685415268,0.061417073011398315,0.9005021482167922
737,14,41,-0.4,-0.8,-0.09746232628822327,0.09073173254728317,0.9407082775130761
738,14,42,-0.4,-0.8,-0.11316104978322983,0.0751088485121727,0.920919149603134
739,14,43,-0.4,-0.8,-0.13943597674369812,0.02698076143860817,0.8670587004379178
740,14,44,-0.4,-0.8,-0.10322045534849167,0.08480566740036011,0.9332519312529459
741,14,45,-0.4,-0.8,-0.11060197651386261,0.055884137749671936,0.9034870631332705
742,14,46,-0.4,-0.8,-0.11264722049236298,0.09100150316953659,0.9361919133068489
743,14,47,-0.4,-0.8,-0.09827165305614471,0.07457683235406876,0.9251619485473602
744,14,48,-0.4,-0.8,-0.09405111521482468,0.09966998547315598,0.9502688055821685
745,14,49,-0.4,-0.8,-0.09853862226009369,0.08847609907388687,0.9382263804084778
746,15,0,-0.2,-0.8,-0.05718490108847618,-0.5562807321548462,0.28248050197506763
747,15,1,-0.2,-0.8,-0.0880570113658905,-0.5467064380645752,0.27692753785470897
748,15,2,-0.2,-0.8,-0.0605773963034153,-0.5524548292160034,0.2841078562799927
749,15,3,-0.2,-0.8,-0.07729404419660568,-0.5387181639671326,0.28866061288359174
750,15,4,-0.2,-0.8,-0.07163079082965851,-0.5490691661834717,0.28185978291142755
751,15,5,-0.2,-0.8,-0.07462732493877411,-0.5458202958106995,0.2834177652755171
752,15,6,-0.2,-0.8,-0.07727135717868805,-0.553938090801239,0.27497051283237717
753,15,7,-0.2,-0.8,-0.07382991909980774,-0.5447587370872498,0.28472265734861496
754,15,8,-0.2,-0.8,-0.08666746318340302,-0.5468346476554871,0.2773751242072849
755,15,9,-0.2,-0.8,-0.0793406218290329,-0.5470550656318665,0.2802495769186884
756,15,10,-0.2,-0.8,-0.08203557133674622,-0.5411437749862671,0.28446819094269266
757,15,11,-0.2,-0.8,-0.07909951359033585,-0.5416342616081238,0.28525389110207217
758,15,12,-0.2,-0.8,-0.06424600630998611,-0.5527172684669495,0.2820955443058878
759,15,13,-0.2,-0.8,-0.08118393272161484,-0.5515703558921814,0.27538072901900595
760,15,14,-0.2,-0.8,-0.07753656804561615,-0.5480566620826721,0.2801298586137702
761,15,15,-0.2,-0.8,-0.08042433112859726,-0.5419590473175049,0.28440020015346873
762,15,16,-0.2,-0.8,-0.07370705902576447,-0.5505111217498779,0.279632986806682
763,15,17,-0.2,-0.8,-0.06811932474374771,-0.556020975112915,0.27734144495711044
764,15,18,-0.2,-0.8,-0.07164297997951508,-0.5014904737472534,0.3249360888731481
765,15,19,-0.2,-0.8,-0.08396133780479431,-0.4998966157436371,0.32175613803962666
766,15,20,-0.2,-0.8,-0.07082785665988922,-0.5568563342094421,0.27532577944890785
767,15,21,-0.2,-0.8,-0.06840673834085464,-0.5558898448944092,0.27732031000229307
768,15,22,-0.2,-0.8,-0.07229766994714737,-0.5514371991157532,0.2794482976944921
769,15,23,-0.2,-0.8,-0.08673067390918732,-0.5168941617012024,0.30492434457079975
770,15,24,-0.2,-0.8,-0.061657462269067764,-0.4953104257583618,0.33462575274085704
771,15,25,-0.2,-0.8,-0.08102549612522125,-0.5122174620628357,0.3114060399443228
772,15,26,-0.2,-0.8,-0.0729106217622757,-0.5562424063682556,0.27489902603317823
773,15,27,-0.2,-0.8,-0.08120761811733246,-0.5561845302581787,0.27121506831070896
774,15,28,-0.2,-0.8,-0.06812769174575806,-0.5413511991500854,0.29032655384136086
775,15,29,-0.2,-0.8,-0.06815167516469955,-0.5483947396278381,0.2840584232315921
776,15,30,-0.2,-0.8,-0.11467596888542175,-0.5538579821586609,0.26051119598329675
777,15,31,-0.2,-0.8,-0.0873851403594017,-0.506094753742218,0.31474179955912934
778,15,32,-0.2,-0.8,-0.0669332891702652,-0.5476207733154297,0.28531039867650465
779,15,33,-0.2,-0.8,-0.06955349445343018,-0.5539684891700745,0.27847404749916477
780,15,34,-0.2,-0.8,-0.082354336977005,-0.5447126030921936,0.2810910120371763
781,15,35,-0.2,-0.8,-0.08004866540431976,-0.5552572011947632,0.2725570770284739
782,15,36,-0.2,-0.8,-0.07376884669065475,-0.5000433921813965,0.3254355091870753
783,15,37,-0.2,-0.8,-0.07486595213413239,-0.546516478061676,0.2826878593600264
784,15,38,-0.2,-0.8,-0.07750935852527618,-0.5379406809806824,0.28927330318188343
785,15,39,-0.2,-0.8,-0.08067219704389572,-0.5442623496055603,0.28220714092240745
786,15,40,-0.2,-0.8,-0.07417155057191849,-0.5448821187019348,0.2844607741736793
787,15,41,-0.2,-0.8,-0.07518895715475082,-0.498313307762146,0.326485308535524
788,15,42,-0.2,-0.8,-0.0749426856637001,-0.5397945642471313,0.2886974206056376
789,15,43,-0.2,-0.8,-0.07717598229646683,-0.5498654842376709,0.27866290621554335
790,15,44,-0.2,-0.8,-0.06930384039878845,-0.5451942086219788,0.2863694771694167
791,15,45,-0.2,-0.8,-0.07699748128652573,-0.5543565154075623,0.2747186581442437
792,15,46,-0.2,-0.8,-0.07705072313547134,-0.5473705530166626,0.28095936034347996
793,15,47,-0.2,-0.8,-0.08689473569393158,-0.5458660125732422,0.2781670080709952
794,15,48,-0.2,-0.8,-0.07547181844711304,-0.5510842800140381,0.2783276911430097
795,15,49,-0.2,-0.8,-0.07669917494058609,-0.5484092831611633,0.28018026743475694
796,16,0,0.0,-0.8,-0.09684989601373672,-0.5111221671104431,0.30468066018839857
797,16,1,0.0,-0.8,-0.09388992190361023,-0.515618622303009,0.29947969115768885
798,16,2,0.0,-0.8,-0.09310490638017654,-0.5141707062721252,0.3006108925921301
799,16,3,0.0,-0.8,-0.09750844538211823,-0.5117914080619812,0.30425661765643325
800,16,4,0.0,-0.8,-0.10163058340549469,-0.471114844083786,0.34422989594945647
801,16,5,0.0,-0.8,-0.08921661972999573,-0.524997889995575,0.28911202974440997
802,16,6,0.0,-0.8,-0.09498381614685059,-0.5148290991783142,0.3005733986986714
803,16,7,0.0,-0.8,-0.09413260221481323,-0.5158296227455139,0.29935555800534125
804,16,8,0.0,-0.8,-0.0960727259516716,-0.520554780960083,0.2954988986714709
805,16,9,0.0,-0.8,-0.10537870973348618,-0.471661239862442,0.34483476314571765
806,16,10,0.0,-0.8,-0.08874496072530746,-0.5250006914138794,0.2889641634822228
807,16,11,0.0,-0.8,-0.10082866251468658,-0.471344918012619,0.34377402767026
808,16,12,0.0,-0.8,-0.09130023419857025,-0.5229076147079468,0.29174633288449997
809,16,13,0.0,-0.8,-0.09485653042793274,-0.4724527597427368,0.3410058004858197
810,16,14,0.0,-0.8,-0.09671422094106674,-0.5136759281158447,0.3022169993110255
811,16,15,0.0,-0.8,-0.09652305394411087,-0.5130019187927246,0.3027946475077715
812,16,16,0.0,-0.8,-0.09691442549228668,-0.513003945350647,0.30291771366626025
813,16,17,0.0,-0.8,-0.09687286615371704,-0.5160443186759949,0.3000253008548045
814,16,18,0.0,-0.8,-0.09815793484449387,-0.516315758228302,0.300186157579791
815,16,19,0.0,-0.8,-0.09429492056369781,-0.5165085196495056,0.29876236623013425
816,16,20,0.0,-0.8,-0.09226863086223602,-0.5139937996864319,0.3005212918563283
817,16,21,0.0,-0.8,-0.09848996996879578,-0.5155240893363953,0.3010428838759381
818,16,22,0.0,-0.8,-0.12316229939460754,-0.48607388138771057,0.3372218260124101
819,16,23,0.0,-0.8,-0.097868412733078,-0.5120140314102173,0.30416137873748444
820,16,24,0.0,-0.8,-0.09703260660171509,-0.5128231644630432,0.3031268078097738
821,16,25,0.0,-0.8,-0.08313301205635071,-0.5195883512496948,0.29247528177339344
822,16,26,0.0,-0.8,-0.10467278957366943,-0.503698468208313,0.31424670343415506
823,16,27,0.0,-0.8,-0.09414556622505188,-0.5177432894706726,0.29754367457345177
824,16,28,0.0,-0.8,-0.09354546666145325,-0.5197436213493347,0.29545624398088827
825,16,29,0.0,-0.8,-0.09496858716011047,-0.5142499804496765,0.30111809347861807
826,16,30,0.0,-0.8,-0.091796875,-0.5187403559684753,0.2958608686874721
827,16,31,0.0,-0.8,-0.0984659343957901,-0.5104950666427612,0.3057918355264171
828,16,32,0.0,-0.8,-0.0937013328075409,-0.5154083967208862,0.29962029375008303
829,16,33,0.0,-0.8,-0.09547614306211472,-0.5218210816383362,0.29410747102867457
830,16,34,0.0,-0.8,-0.09252122044563293,-0.5059527158737183,0.30825960088015375
831,16,35,0.0,-0.8,-0.092368483543396,-0.51796555519104,0.2967749396610248
832,16,36,0.0,-0.8,-0.08552947640419006,-0.5112515091896057,0.3011494351302278
833,16,37,0.0,-0.8,-0.09841640293598175,-0.5139689445495605,0.3024889304568845
834,16,38,0.0,-0.8,-0.09483914077281952,-0.5112953782081604,0.3038829071640849
835,16,39,0.0,-0.8,-0.0967547744512558,-0.5146061778068542,0.3013488346171697
836,16,40,0.0,-0.8,-0.09534166753292084,-0.5172083377838135,0.29843116088463645
837,16,41,0.0,-0.8,-0.09824366867542267,-0.5090815424919128,0.30705922450512857
838,16,42,0.0,-0.8,-0.09592033922672272,-0.5160502195358276,0.29971351204612257
839,16,43,0.0,-0.8,-0.09612414985895157,-0.5123106241226196,0.3033233080045496
840,16,44,0.0,-0.8,-0.09923474490642548,-0.5147613286972046,0.30200767242443943
841,16,45,0.0,-0.8,-0.0939273089170456,-0.5131675004959106,0.30181985046077
842,16,46,0.0,-0.8,-0.09186266362667084,-0.5052752494812012,0.30870929292289717
843,16,47,0.0,-0.8,-0.11366835236549377,-0.4796406626701355,0.3399273442133127
844,16,48,0.0,-0.8,-0.09545636177062988,-0.5157943367958069,0.2998078984947205
845,17,0,0.2,-0.8,-0.1132027804851532,-0.43968454003334045,0.47741304170981397
846,17,1,0.2,-0.8,-0.11325542628765106,-0.43923550844192505,0.47778654278643545
847,17,2,0.2,-0.8,-0.11805839836597443,-0.44641152024269104,0.4755901153180266
848,17,3,0.2,-0.8,-0.11846435070037842,-0.43978914618492126,0.48080287215573253
849,17,4,0.2,-0.8,-0.11287881433963776,-0.4447948932647705,0.4733538003580021
850,17,5,0.2,-0.8,-0.11639824509620667,-0.44609659910202026,0.47471619591827224
851,17,6,0.2,-0.8,-0.10597756505012512,-0.3974982500076294,0.5055985849079528
852,17,7,0.2,-0.8,-0.11152932792901993,-0.44821697473526,0.4698955405452573
853,17,8,0.2,-0.8,-0.11348988115787506,-0.44061899185180664,0.47689685950527133
854,17,9,0.2,-0.8,-0.11489728838205338,-0.4400954842567444,0.4782170664904772
855,17,10,0.2,-0.8,-0.11117073893547058,-0.4429488480091095,0.47361667401778496
856,17,11,0.2,-0.8,-0.1039629727602005,-0.4321763813495636,0.4771663266056398
857,17,12,0.2,-0.8,-0.11674731969833374,-0.4429771304130554,0.4772779001212762
858,17,13,0.2,-0.8,-0.12025858461856842,-0.4422304332256317,0.480171452641458
859,17,14,0.2,-0.8,-0.11432425677776337,-0.4444098174571991,0.47459890046197517
860,17,15,0.2,-0.8,-0.11955618858337402,-0.43441835045814514,0.485557514763881
861,17,16,0.2,-0.8,-0.10841067135334015,-0.4359736442565918,0.47710829994923
862,17,17,0.2,-0.8,-0.11411513388156891,-0.44450974464416504,0.47438553834027525
863,17,18,0.2,-0.8,-0.11984693259000778,-0.44219574332237244,0.4799228546171422
864,17,19,0.2,-0.8,-0.11868389695882797,-0.43894174695014954,0.4815833139512568
865,17,20,0.2,-0.8,-0.11134384572505951,-0.44281700253486633,0.473829804834022
866,17,21,0.2,-0.8,-0.11695443093776703,-0.44818514585494995,0.4735333176115347
867,17,22,0.2,-0.8,-0.11884615570306778,-0.44498950242996216,0.4771743123760444
868,17,23,0.2,-0.8,-0.11657407879829407,-0.44578298926353455,0.4750671932075144
869,17,24,0.2,-0.8,-0.11609053611755371,-0.4440973401069641,0.4760041284926219
870,17,25,0.2,-0.8,-0.1160687804222107,-0.44797125458717346,0.47310010732878965
871,17,26,0.2,-0.8,-0.11180424690246582,-0.4397871196269989,0.4764191511400732
872,17,27,0.2,-0.8,-0.11386561393737793,-0.4450750946998596,0.4737966990330355
873,17,28,0.2,-0.8,-0.11451011896133423,-0.44240695238113403,0.47622410967360856
874,17,29,0.2,-0.8,-0.1090986430644989,-0.4340442717075348,0.4790256425436776
875,17,30,0.2,-0.8,-0.11114193499088287,-0.44535067677497864,0.47178962067200725
876,17,31,0.2,-0.8,-0.10535117983818054,-0.4439542889595032,0.4690499881450823
877,17,32,0.2,-0.8,-0.11165222525596619,-0.442648321390152,0.4741596057365828
878,17,33,0.2,-0.8,-0.11091876029968262,-0.43633779883384705,0.4784565519075928
879,17,34,0.2,-0.8,-0.10992677509784698,-0.4250364899635315,0.48646915604323804
880,17,35,0.2,-0.8,-0.11216749995946884,-0.4377080500125885,0.4782300754413362
881,17,36,0.2,-0.8,-0.11347728222608566,-0.44367721676826477,0.4745881712831275
882,17,37,0.2,-0.8,-0.11513204872608185,-0.4470350444316864,0.4731727675951346
883,17,38,0.2,-0.8,-0.11476829648017883,-0.40255293250083923,0.506994331262901
884,17,39,0.2,-0.8,-0.10353848338127136,-0.4365764856338501,0.47351057188582973
885,17,40,0.2,-0.8,-0.11405767500400543,-0.42987319827079773,0.4854133007934679
886,17,41,0.2,-0.8,-0.11302594840526581,-0.40090128779411316,0.5072129991033486
887,17,42,0.2,-0.8,-0.09634703397750854,-0.38903331756591797,0.5066706806379685
888,17,43,0.2,-0.8,-0.11810977756977081,-0.43787190318107605,0.48200683510836756
889,17,44,0.2,-0.8,-0.12396694719791412,-0.4277442991733551,0.49348646351715936
890,17,45,0.2,-0.8,-0.11976422369480133,-0.4057379364967346,0.5076334637048584
891,17,46,0.2,-0.8,-0.11432499438524246,-0.4006647765636444,0.5082015572312296
892,17,47,0.2,-0.8,-0.10415805876255035,-0.43876969814300537,0.47222818180398607
893,17,48,0.2,-0.8,-0.11135594546794891,-0.44738033413887024,0.4704074335406013
894,17,49,0.2,-0.8,-0.10328145325183868,-0.3928644061088562,0.5076800485538521
895,18,0,0.4,-0.8,-0.10407091677188873,-0.17427927255630493,0.8035010378885141
896,18,1,0.4,-0.8,-0.07694262266159058,-0.15794037282466888,0.7998217489915123
897,18,2,0.4,-0.8,-0.08709891140460968,-0.17734453082084656,0.7905473943985064
898,18,3,0.4,-0.8,-0.11636754870414734,-0.18283559381961823,0.8046908410133131
899,18,4,0.4,-0.8,-0.08677066117525101,-0.16844123601913452,0.7973782972604846
900,18,5,0.4,-0.8,-0.10515173524618149,-0.17954881489276886,0.8000862133065386
901,18,6,0.4,-0.8,-0.09926038980484009,-0.13298942148685455,0.8331650788868445
902,18,7,0.4,-0.8,-0.09934000670909882,-0.16798947751522064,0.8054674064366147
903,18,8,0.4,-0.8,-0.10306690633296967,-0.1834505945444107,0.7957446082852623
904,18,9,0.4,-0.8,-0.09975926578044891,-0.1630590856075287,0.8096005509882828
905,18,10,0.4,-0.8,-0.09257710725069046,-0.17679329216480255,0.7943669223213183
906,18,11,0.4,-0.8,-0.10389697551727295,-0.160371795296669,0.8142704723784729
907,18,12,0.4,-0.8,-0.10028177499771118,-0.17126117646694183,0.8034888690035442
908,18,13,0.4,-0.8,-0.09808729588985443,-0.16508246958255768,0.8069765949259318
909,18,14,0.4,-0.8,-0.09390170872211456,-0.16868439316749573,0.8015599124887158
910,18,15,0.4,-0.8,-0.10496247559785843,-0.17604142427444458,0.8026901058212824
911,18,16,0.4,-0.8,-0.09830176830291748,-0.16517333686351776,0.807037511224116
912,18,17,0.4,-0.8,-0.09864354133605957,-0.15739750862121582,0.8133777371199602
913,18,18,0.4,-0.8,-0.08893601596355438,-0.1537095159292221,0.8104010226466608
914,18,19,0.4,-0.8,-0.11876195669174194,-0.17068646848201752,0.8155669737442043
915,18,20,0.4,-0.8,-0.12039592862129211,-0.15584027767181396,0.8281024516299554
916,18,21,0.4,-0.8,-0.0919003039598465,-0.15389485657215118,0.8120454207738078
917,18,22,0.4,-0.8,-0.09840879589319229,-0.15767817199230194,0.8130120900447008
918,18,23,0.4,-0.8,-0.10280851274728775,-0.15945859253406525,0.8143154764399239
919,18,24,0.4,-0.8,-0.08970722556114197,-0.1554611772298813,0.8094710994375783
920,18,25,0.4,-0.8,-0.0831468477845192,-0.16040609776973724,0.801567986071208
921,18,26,0.4,-0.8,-0.09422601759433746,-0.16463515162467957,0.8049520774668218
922,18,27,0.4,-0.8,-0.08950871229171753,-0.163728266954422,0.8027829704735389
923,18,28,0.4,-0.8,-0.09875176846981049,-0.17599819600582123,0.7988313826708068
924,18,29,0.4,-0.8,-0.0959220677614212,-0.17177382111549377,0.8003791783452336
925,18,30,0.4,-0.8,-0.08933405578136444,-0.17269986867904663,0.7955836052249474
926,18,31,0.4,-0.8,-0.10153249651193619,-0.1648106724023819,0.8093209048031624
927,18,32,0.4,-0.8,-0.09873058646917343,-0.16813969612121582,0.8049718265241804
928,18,33,0.4,-0.8,-0.08757779747247696,-0.16966934502124786,0.7968995188818064
929,18,34,0.4,-0.8,-0.08955161273479462,-0.16854476928710938,0.7989971776708028
930,18,35,0.4,-0.8,-0.09851573407649994,-0.18018090724945068,0.7954204201929604
931,18,36,0.4,-0.8,-0.09797757863998413,-0.1472318023443222,0.8210286162484128
932,18,37,0.4,-0.8,-0.09012869000434875,-0.14654788374900818,0.8168389076178233
933,18,38,0.4,-0.8,-0.09465146064758301,-0.15859748423099518,0.8099859596039897
934,18,39,0.4,-0.8,-0.09048371762037277,-0.1584361493587494,0.8075756631426746
935,18,40,0.4,-0.8,-0.09816738218069077,-0.16284409165382385,0.8087882245737776
936,18,41,0.4,-0.8,-0.10361169278621674,-0.17241239547729492,0.8046682163858258
937,18,42,0.4,-0.8,-0.1008240133523941,-0.18132980167865753,0.7959758203873836
938,18,43,0.4,-0.8,-0.09830721467733383,-0.1654944270849228,0.806788325559916
939,18,44,0.4,-0.8,-0.09590886533260345,-0.16169197857379913,0.8083085629464168
940,18,45,0.4,-0.8,-0.0795937031507492,-0.16475099325180054,0.7959594340645904
941,18,46,0.4,-0.8,-0.08855535835027695,-0.1632077991962433,0.8026148797382588
942,18,47,0.4,-0.8,-0.10650250315666199,-0.16675397753715515,0.8108916762854199
943,18,48,0.4,-0.8,-0.095582976937294,-0.17192690074443817,0.800048939152173
944,18,49,0.4,-0.8,-0.09576377272605896,-0.1641997992992401,0.8062404192042856
945,19,0,0.6,-0.8,-0.25228485465049744,0.031816355884075165,1.1909273375747498
946,19,1,0.6,-0.8,-0.26225993037223816,0.02731803059577942,1.194967493814964
947,19,2,0.6,-0.8,-0.3124602138996124,0.005996932741254568,1.21746240087242
948,19,3,0.6,-0.8,-0.261227011680603,0.027136318385601044,1.194096501477493
949,19,4,0.6,-0.8,-0.2705073058605194,0.018380606546998024,1.1947927798278546
950,19,5,0.6,-0.8,-0.27280765771865845,0.02491561323404312,1.20094919806361
951,19,6,0.6,-0.8,-0.1730223447084427,0.05256957188248634,1.1508424828439487
952,19,7,0.6,-0.8,-0.27025359869003296,0.04192798212170601,1.2108608727316614
953,19,8,0.6,-0.8,-0.296648770570755,0.027345508337020874,1.2200326257651841
954,19,9,0.6,-0.8,-0.2291770577430725,0.03359200805425644,1.175759426489699
955,19,10,0.6,-0.8,-0.3002871870994568,0.01011132076382637,1.2111141033301378
956,19,11,0.6,-0.8,-0.22029222548007965,0.0339924655854702,1.169796036852747
957,19,12,0.6,-0.8,-0.2930929362773895,0.025296147912740707,1.2160299028347032
958,19,13,0.6,-0.8,-0.29060542583465576,0.02644547075033188,1.2149856545037339
959,19,14,0.6,-0.8,-0.2701317071914673,0.04588530957698822,1.2135283864904416
960,19,15,0.6,-0.8,-0.22171445190906525,0.03297149017453194,1.1700667262681201
961,19,16,0.6,-0.8,-0.3079841136932373,-0.003809035290032625,1.2076237837195334
962,19,17,0.6,-0.8,-0.2827853262424469,0.055453985929489136,1.229272733884403
963,19,18,0.6,-0.8,-0.28452634811401367,0.03290754556655884,1.2149575465709173
964,19,19,0.6,-0.8,-0.2828584611415863,0.020767100155353546,1.2054450195287705
965,19,20,0.6,-0.8,-0.2996331751346588,0.029800008982419968,1.2238904790503486
966,19,21,0.6,-0.8,-0.2262188047170639,-1.2584496289491653e-05,1.1500510328817588
967,19,22,0.6,-0.8,-0.25669485330581665,-0.001523247454315424,1.171106825202798
968,19,23,0.6,-0.8,-0.2545914649963379,0.012381792068481445,1.1791059104800485
969,19,24,0.6,-0.8,-0.28767701983451843,0.03348541259765625,1.2176487278995438
970,19,25,0.6,-0.8,-0.2724253535270691,0.025157101452350616,1.2008373076957912
971,19,26,0.6,-0.8,-0.2672342360019684,-0.01785537414252758,1.167837932185645
972,19,27,0.6,-0.8,-0.2580360770225525,0.058618105947971344,1.2138578834995197
973,19,28,0.6,-0.8,-0.2843535840511322,0.02701842039823532,1.210801688676587
974,19,29,0.6,-0.8,-0.2766929864883423,0.021340493112802505,1.2013287635716672
975,19,30,0.6,-0.8,-0.27159467339515686,-0.0063009788282215595,1.1788279818955136
976,19,31,0.6,-0.8,-0.21699699759483337,0.012391790747642517,1.1521564632258647
977,19,32,0.6,-0.8,-0.2961219251155853,0.027515530586242676,1.2197608200111583
978,19,33,0.6,-0.8,-0.2924538552761078,0.02134370245039463,1.2128806047390281
979,19,34,0.6,-0.8,-0.28339338302612305,0.02687946707010269,1.2100055876881213
980,19,35,0.6,-0.8,-0.2786092460155487,0.01825645938515663,1.2006239380045458
981,19,36,0.6,-0.8,-0.2524520456790924,-0.008727172389626503,1.1630937958294616
982,19,37,0.6,-0.8,-0.23855701088905334,0.009799651801586151,1.1657415393513066
983,19,38,0.6,-0.8,-0.2793281674385071,0.03963589668273926,1.215815144275227
984,19,39,0.6,-0.8,-0.29002758860588074,0.049102723598480225,1.230091274541022
985,19,40,0.6,-0.8,-0.21610191464424133,0.027852367609739304,1.1624809149586273
986,19,41,0.6,-0.8,-0.26262396574020386,0.03390710800886154,1.199800471352241
987,19,42,0.6,-0.8,-0.24816715717315674,0.050849370658397675,1.2013876052536026
988,19,43,0.6,-0.8,-0.2862919270992279,0.059116773307323456,1.2343399087039397
989,19,44,0.6,-0.8,-0.2317695915699005,0.03670109063386917,1.1797920869917145
990,19,45,0.6,-0.8,-0.33565378189086914,0.0007164343260228634,1.2315010384755938
991,19,46,0.6,-0.8,-0.24324895441532135,0.057529374957084656,1.202674281772426
992,19,47,0.6,-0.8,-0.2798781096935272,0.04308386519551277,1.2185958688879839
993,19,48,0.6,-0.8,-0.2997041940689087,0.01592240110039711,1.21457688165164
994,19,49,0.6,-0.8,-0.28390055894851685,0.041802339255809784,1.2206192594277931
995,20,0,0.8,-0.8,-0.22489868104457855,0.010709695518016815,1.3067775314925767
996,20,1,0.8,-0.8,-0.21828888356685638,0.0126112662255764,1.3027852165236484
997,20,2,0.8,-0.8,-0.17539726197719574,-0.08916667848825455,1.2069315762063857
998,20,3,0.8,-0.8,-0.27251389622688293,0.07804856449365616,1.38609355355587
999,20,4,0.8,-0.8,-0.19995294511318207,-0.0203201025724411,1.2679931525419115
1000,20,5,0.8,-0.8,-0.20107269287109375,-0.0267343670129776,1.2649451670214815
1001,20,6,0.8,-0.8,-0.3096868395805359,-0.03041079267859459,1.3504341635058805
1002,20,7,0.8,-0.8,-0.18225227296352386,-0.1543450951576233,1.1754530121995637
1003,20,8,0.8,-0.8,-0.18819642066955566,-0.08506534993648529,1.2196982084456638
1004,20,9,0.8,-0.8,-0.18937481939792633,-0.04036015272140503,1.2473633114823148
1005,20,10,0.8,-0.8,-0.1888146549463272,-0.08457762002944946,1.220484987043819
1006,20,11,0.8,-0.8,-0.20734189450740814,-0.018026594072580338,1.2752333511979301
1007,20,12,0.8,-0.8,-0.11024930328130722,0.10969458520412445,1.286894724705098
1008,20,13,0.8,-0.8,-0.19481272995471954,-0.19419395923614502,1.1647546208133022
1009,20,14,0.8,-0.8,-0.21546132862567902,0.009083891287446022,1.2983753128718465
1010,20,15,0.8,-0.8,-0.2975177764892578,0.012046419084072113,1.3652709095476945
1011,20,16,0.8,-0.8,-0.2017795294523239,0.007043912541121244,1.2864222100070415
1012,20,17,0.8,-0.8,-0.2509601414203644,0.08467172086238861,1.373739885330528
1013,20,18,0.8,-0.8,-0.17920850217342377,-0.06910181045532227,1.2219089385909279
1014,20,19,0.8,-0.8,-0.20797638595104218,0.045204535126686096,1.315441789222785
1015,20,20,0.8,-0.8,-0.2286999374628067,-0.007048069033771753,1.2988442270569065
1016,20,21,0.8,-0.8,-0.18198120594024658,-0.05810259282588959,1.2307310232506243
1017,20,22,0.8,-0.8,-0.19093166291713715,-0.0799235850572586,1.2249308567949924
1018,20,23,0.8,-0.8,-0.19828763604164124,-0.034019291400909424,1.2582943416464898
1019,20,24,0.8,-0.8,-0.191407710313797,0.006187792401760817,1.2778215856242492
1020,20,25,0.8,-0.8,-0.09282708168029785,0.23969228565692902,1.3704379762091705
1021,20,26,0.8,-0.8,-0.18608440458774567,-0.047490186989307404,1.2404166524392344
1022,20,27,0.8,-0.8,-0.2346266508102417,0.016293436288833618,1.3178722550744628
1023,20,28,0.8,-0.8,-0.1909387856721878,-0.021339423954486847,1.2602666264076823
1024,20,29,0.8,-0.8,-0.2098756581544876,-0.03942640870809555,1.2642472197729464
1025,20,30,0.8,-0.8,-0.19751454889774323,-0.046386417001485825,1.2501874690391543
1026,20,31,0.8,-0.8,-0.21455201506614685,0.002998016308993101,1.293878512639791
1027,20,32,0.8,-0.8,-0.15913036465644836,0.016608020290732384,1.2596744481052082
1028,20,33,0.8,-0.8,-0.21722906827926636,0.008418530225753784,1.2993442566789881
1029,20,34,0.8,-0.8,-0.18066757917404175,-0.08209466189146042,1.215358784609636
1030,20,35,0.8,-0.8,-0.23995988070964813,0.007463138084858656,1.3166295123729657
1031,20,36,0.8,-0.8,-0.24243076145648956,0.0065615917555987835,1.318030156607231
1032,20,37,0.8,-0.8,-0.2084524929523468,-0.0033411490730941296,1.285162151365337
1033,20,38,0.8,-0.8,-0.23661166429519653,0.021989215165376663,1.3229625891917915
1034,20,39,0.8,-0.8,-0.1760196089744568,-0.04561431705951691,1.2335769273653876
1035,20,40,0.8,-0.8,-0.19553451240062714,-0.013643722981214523,1.2686390975323123
1036,20,41,0.8,-0.8,-0.16775353252887726,-0.03808785229921341,1.2316886865341201
1037,20,42,0.8,-0.8,-0.23618483543395996,0.024829845875501633,1.324395442392606
1038,20,43,0.8,-0.8,-0.24339398741722107,0.041341058909893036,1.3403453996586208
1039,20,44,0.8,-0.8,-0.22725096344947815,0.0334615558385849,1.322838881711887
1040,20,45,0.8,-0.8,-0.1747269332408905,-0.060081783682107925,1.2237530638262943
1041,20,46,0.8,-0.8,-0.2500351667404175,0.1412716507911682,1.4101652995215517
1042,20,47,0.8,-0.8,-0.23976103961467743,0.10464340448379517,1.3782172211870762
1043,20,48,0.8,-0.8,-0.28458964824676514,0.144258514046669,1.4380399321415471
1044,20,49,0.8,-0.8,-0.20076963305473328,-0.02787499502301216,1.2640082601609925
1045,21,0,1.0,-0.8,-0.2237790822982788,0.0530671663582325,1.491763665125707
1046,21,1,1.0,-0.8,-0.2754790782928467,0.04282926768064499,1.528793005485655
1047,21,2,1.0,-0.8,-0.2407572716474533,0.013300566002726555,1.4835553302140059
1048,21,3,1.0,-0.8,-0.22456589341163635,-0.05868421867489815,1.4314715208304654
1049,21,4,1.0,-0.8,-0.1793503761291504,0.0070354570634663105,1.4290463738569181
1050,21,5,1.0,-0.8,-0.2209363728761673,-0.03286368399858475,1.4419375000117844
1051,21,6,1.0,-0.8,-0.19502705335617065,0.1017681434750557,1.4970889896193815
1052,21,7,1.0,-0.8,-0.22433419525623322,0.05737786740064621,1.494687602538473
1053,21,8,1.0,-0.8,-0.22936411201953888,0.040162988007068634,1.4890298742263552
1054,21,9,1.0,-0.8,-0.24020203948020935,0.03260476887226105,1.4937643053305638
1055,21,10,1.0,-0.8,-0.11744280159473419,-0.013015970587730408,1.3667561148156098
1056,21,11,1.0,-0.8,-0.2350519895553589,0.01365688443183899,1.4789830771472596
1057,21,12,1.0,-0.8,-0.22326283156871796,0.02368864417076111,1.4747321579301729
1058,21,13,1.0,-0.8,-0.21487775444984436,0.07959360629320145,1.4998709512784678
1059,21,14,1.0,-0.8,-0.2723446488380432,0.10292936116456985,1.5601738161755765
1060,21,15,1.0,-0.8,-0.22202321887016296,0.04724874719977379,1.487000735403107
1061,21,16,1.0,-0.8,-0.17428569495677948,6.036227568984032e-05,1.4209304967748544
1062,21,17,1.0,-0.8,-0.23890520632266998,0.04736264795064926,1.5009695424609233
1063,21,18,1.0,-0.8,-0.1995193064212799,0.035175714641809464,1.4616309523285436
1064,21,19,1.0,-0.8,-0.21131326258182526,0.03399531543254852,1.4706556382342066
1065,21,20,1.0,-0.8,-0.24325548112392426,0.0380946584045887,1.499362146978169
1066,21,21,1.0,-0.8,-0.20427276194095612,0.012441800907254219,1.4526990620959048
1067,21,22,1.0,-0.8,-0.27424266934394836,0.06867169588804245,1.5421688933491684
1068,21,23,1.0,-0.8,-0.2609029710292816,0.10005564242601395,1.549185741547273
1069,21,24,1.0,-0.8,-0.2449069321155548,0.06040763109922409,1.5133058386470135
1070,21,25,1.0,-0.8,-0.220794677734375,0.023154601454734802,1.472386886344985
1071,21,26,1.0,-0.8,-0.2430427372455597,0.0061655896715819836,1.481572881970193
1072,21,27,1.0,-0.8,-0.21622096002101898,0.030400298535823822,1.472670390617953
1073,21,28,1.0,-0.8,-0.24411584436893463,0.13404574990272522,1.555720314555663
1074,21,29,1.0,-0.8,-0.2371704876422882,0.1097300574183464,1.535643055160751
1075,21,30,1.0,-0.8,-0.21863320469856262,0.11626418679952621,1.5246661757923556
1076,21,31,1.0,-0.8,-0.2102011740207672,-0.01328022126108408,1.4434385653224915
1077,21,32,1.0,-0.8,-0.21143269538879395,0.03971900790929794,1.474007187126689
1078,21,33,1.0,-0.8,-0.24598954617977142,0.026347346603870392,1.4951053094777405
1079,21,34,1.0,-0.8,-0.2184080183506012,0.025577496737241745,1.4717663884937615
1080,21,35,1.0,-0.8,-0.20613780617713928,-0.01240447722375393,1.4405121016454498
1081,21,36,1.0,-0.8,-0.24017927050590515,0.18034425377845764,1.5808603603446447
1082,21,37,1.0,-0.8,-0.1861400604248047,-0.004590719472616911,1.4281471095421678
1083,21,38,1.0,-0.8,-0.198721244931221,-0.08095750212669373,1.397839310077285
1084,21,39,1.0,-0.8,-0.21378973126411438,-0.048776037991046906,1.4274533102062006
1085,21,40,1.0,-0.8,-0.20394279062747955,0.0005954825319349766,1.4458324141318817
1086,21,41,1.0,-0.8,-0.21852830052375793,0.02139030396938324,1.4695214359213116
1087,21,42,1.0,-0.8,-0.19136108458042145,0.11360368132591248,1.5013370442325393
1088,21,43,1.0,-0.8,-0.31521856784820557,0.02927279844880104,1.5548290116471941
1089,21,44,1.0,-0.8,-0.19786863029003143,-0.0002886969596147537,1.4402872712217751
1090,21,45,1.0,-0.8,-0.2278462052345276,-0.0010619689710438251,1.4648919008354353
1091,21,46,1.0,-0.8,-0.2077464908361435,0.016329120844602585,1.4577533466488564
1092,21,47,1.0,-0.8,-0.24489246308803558,0.039499759674072266,1.5015049420985005
1093,21,48,1.0,-0.8,-0.16283932328224182,0.05563070625066757,1.4437102192789655
1094,22,0,-1.0,-0.6,-0.33751392364501953,-0.006465958897024393,0.8894776328341516
1095,22,1,-1.0,-0.6,-0.2192644327878952,-0.06110483407974243,0.9486601213091173
1096,22,2,-1.0,-0.6,-0.20465435087680817,0.03237716108560562,1.016108053034657
1097,22,3,-1.0,-0.6,-0.2876891791820526,0.020219242200255394,0.9444885461718405
1098,22,4,-1.0,-0.6,-0.23522090911865234,-0.005096354987472296,0.9689155818225301
1099,22,5,-1.0,-0.6,-0.19363753497600555,-0.003424599301069975,1.0030566453190275
1100,22,6,-1.0,-0.6,-0.22775013744831085,-0.054819755256175995,0.9452996083094707
1101,22,7,-1.0,-0.6,-0.17914621531963348,-0.06499174982309341,0.9798136371685368
1102,22,8,-1.0,-0.6,-0.22204972803592682,-0.00878431461751461,0.9771093144020567
1103,22,9,-1.0,-0.6,-0.22221951186656952,-0.020020026713609695,0.9702160878558752
1104,22,10,-1.0,-0.6,-0.20228900015354156,-0.05164337530732155,0.9680071420812882
1105,22,11,-1.0,-0.6,-0.22950102388858795,-0.020589152351021767,0.9640464732376971
1106,22,12,-1.0,-0.6,-0.19396065175533295,-0.07373295724391937,0.9626299554916822
1107,22,13,-1.0,-0.6,-0.20777921378612518,-0.024439699947834015,0.979225935678518
1108,22,14,-1.0,-0.6,-0.24312250316143036,0.013890495523810387,0.9745383962241244
1109,22,15,-1.0,-0.6,-0.24376338720321655,-0.0574786402285099,0.9307111476406945
1110,22,16,-1.0,-0.6,-0.17364446818828583,-0.1670742928981781,0.9328923479295097
1111,22,17,-1.0,-0.6,-0.22815504670143127,-0.03233317285776138,0.95811808174682
1112,22,18,-1.0,-0.6,-0.23372326791286469,-0.07550790160894394,0.9285860172395407
1113,22,19,-1.0,-0.6,-0.2618476152420044,-0.011418888345360756,0.9440850958046774
1114,22,20,-1.0,-0.6,-0.21392256021499634,-0.06858856976032257,0.9488497507658026
1115,22,21,-1.0,-0.6,-0.3432057201862335,0.011613782495260239,0.897468743151673
1116,22,22,-1.0,-0.6,-0.22699962556362152,-0.04723958298563957,0.9503018770352245
1117,22,23,-1.0,-0.6,-0.1924724578857422,-0.07579772919416428,0.9627506177567944
1118,22,24,-1.0,-0.6,-0.1989208161830902,-0.019535256549715996,0.9892760874162331
1119,22,25,-1.0,-0.6,-0.22106051445007324,-0.012897715903818607,0.9754157134984744
1120,22,26,-1.0,-0.6,-0.15780578553676605,0.057921044528484344,1.068714740100835
1121,22,27,-1.0,-0.6,-0.25294381380081177,-0.022976743057370186,0.9439538041616
1122,22,28,-1.0,-0.6,-0.16118645668029785,0.06403368711471558,1.0698359211017912
1123,22,29,-1.0,-0.6,-0.2249433845281601,-0.020159246399998665,0.9679504412531051
1124,22,30,-1.0,-0.6,-0.2434137761592865,0.0010898546315729618,0.9662979496234874
1125,22,31,-1.0,-0.6,-0.2737501859664917,-0.025661762803792953,0.9259066924314523
1126,22,32,-1.0,-0.6,-0.20538020133972168,-0.04748009145259857,0.9678320483245686
1127,22,33,-1.0,-0.6,-0.2014956772327423,-0.06875933706760406,0.9590754899541789
1128,22,34,-1.0,-0.6,-0.2349006086587906,0.014595994725823402,0.9813792923043126
1129,22,35,-1.0,-0.6,-0.2448519766330719,0.050048403441905975,0.9963992493033852
1130,22,36,-1.0,-0.6,-0.22252100706100464,0.0182172991335392,0.9933107335619615
1131,22,37,-1.0,-0.6,-0.2451021820306778,0.012927684932947159,0.9723944994353403
1132,22,38,-1.0,-0.6,-0.2565372884273529,0.020657360553741455,0.9684794074777687
1133,22,39,-1.0,-0.6,-0.17823855578899384,0.0623614564538002,1.0554688864136916
1134,22,40,-1.0,-0.6,-0.23542159795761108,-0.00917433574795723,0.9662582979765609
1135,22,41,-1.0,-0.6,-0.3638003468513489,0.005799069534987211,0.8784887656173642
1136,22,42,-1.0,-0.6,-0.23698489367961884,-0.021973760798573494,0.9572389386555726
1137,22,43,-1.0,-0.6,-0.4341171681880951,0.01494089886546135,0.8356887509335771
1138,22,44,-1.0,-0.6,-0.24661634862422943,-0.006587581243366003,0.959023057540791
1139,22,45,-1.0,-0.6,-0.2379908710718155,-0.0007897899486124516,0.9693868105146255
1140,22,46,-1.0,-0.6,-0.22343802452087402,0.04131638631224632,1.0071420997618166
1141,22,47,-1.0,-0.6,-0.21638354659080505,0.028406739234924316,1.0044649202284146
1142,22,48,-1.0,-0.6,-0.2513740658760071,0.04795725643634796,0.9900956496276206
1143,22,49,-1.0,-0.6,-0.24586740136146545,-0.0407450906932354,0.93887274425932
1144,23,0,-0.8,-0.6,-0.27353814244270325,0.021184677258133888,0.8142680705535318
1145,23,1,-0.8,-0.6,-0.26161956787109375,-0.009408457204699516,0.7991569683864622
1146,23,2,-0.8,-0.6,-0.2857329845428467,0.010352682322263718,0.7981233989836347
1147,23,3,-0.8,-0.6,-0.2545539438724518,-0.01973806321620941,0.7963763654360746
1148,23,4,-0.8,-0.6,-0.16345727443695068,0.052861571311950684,0.9118195395817885
1149,23,5,-0.8,-0.6,-0.22567762434482574,-0.04453619197010994,0.798990759151362
1150,23,6,-0.8,-0.6,-0.24147088825702667,0.003030658233910799,0.8219493557600848
1151,23,7,-0.8,-0.6,-0.2627639174461365,0.03508569300174713,0.8318391947085273
1152,23,8,-0.8,-0.6,-0.323574036359787,0.06112915277481079,0.8149070225978204
1153,23,9,-0.8,-0.6,-0.2487821877002716,0.18130595982074738,0.9561799409357624
1154,23,10,-0.8,-0.6,-0.2813768982887268,0.04416909068822861,0.826996819236157
1155,23,11,-0.8,-0.6,-0.24018535017967224,0.06909704208374023,0.8724008791138778
1156,23,12,-0.8,-0.6,-0.18340082466602325,-0.055754441767930984,0.8224340524795144
1157,23,13,-0.8,-0.6,-0.23022347688674927,-0.017515365034341812,0.8148212296339
1158,23,14,-0.8,-0.6,-0.2587670683860779,0.08182603120803833,0.8705284734552371
1159,23,15,-0.8,-0.6,-0.2517051100730896,0.02283388376235962,0.82978872797988
1160,23,16,-0.8,-0.6,-0.26659467816352844,0.028169889003038406,0.8240865529867354
1161,23,17,-0.8,-0.6,-0.24146386981010437,0.051439858973026276,0.8581005177636827
1162,23,18,-0.8,-0.6,-0.2057931274175644,-0.0908568724989891,0.7825014579575615
1163,23,19,-0.8,-0.6,-0.25867000222206116,0.01619144156575203,0.8202012308897999
1164,23,20,-0.8,-0.6,-0.29747524857521057,-0.013411268591880798,0.7724101666922394
1165,23,21,-0.8,-0.6,-0.2906196117401123,0.009350724518299103,0.7942145084388538
1166,23,22,-0.8,-0.6,-0.34038105607032776,-0.02210545726120472,0.7383845042701725
1167,23,23,-0.8,-0.6,-0.24110449850559235,0.011592969298362732,0.8284987276308114
1168,23,24,-0.8,-0.6,-0.22365914285182953,-0.06005750969052315,0.7897510218162983
1169,23,25,-0.8,-0.6,-0.2338799238204956,-0.01251327432692051,0.81586309727525
1170,23,26,-0.8,-0.6,-0.2888961136341095,-0.00354204885661602,0.7854866454246568
1171,23,27,-0.8,-0.6,-0.21468374133110046,-0.014190055429935455,0.8281113535143328
1172,23,28,-0.8,-0.6,-0.20625557005405426,-0.059737153351306915,0.8027554992404509
1173,23,29,-0.8,-0.6,-0.1996963918209076,-0.010282712057232857,0.8415051406209055
1174,23,30,-0.8,-0.6,-0.2209719717502594,-0.047256261110305786,0.8004992806870853
1175,23,31,-0.8,-0.6,-0.2746434211730957,-0.015379596501588821,0.7859901723961659
1176,23,32,-0.8,-0.6,-0.19054262340068817,-0.04120111092925072,0.8268582056906849
1177,23,33,-0.8,-0.6,-0.2506597638130188,0.013622213155031204,0.8235939020969296
1178,23,34,-0.8,-0.6,-0.20111750066280365,-0.07346063107252121,0.7974358626516083
1179,23,35,-0.8,-0.6,-0.2736274302005768,-0.00553289195522666,0.7940146250443785
1180,23,36,-0.8,-0.6,-0.32753556966781616,-0.019683687016367912,0.748324569317373
1181,23,37,-0.8,-0.6,-0.2647733688354492,0.0015582642517983913,0.8051955613373627
1182,23,38,-0.8,-0.6,-0.3020874261856079,0.033638790249824524,0.8058629211421342
1183,23,39,-0.8,-0.6,-0.23088130354881287,-0.002588073257356882,0.8251042969616966
1184,23,40,-0.8,-0.6,-0.2621850073337555,0.031300678849220276,0.8293283508068918
1185,23,41,-0.8,-0.6,-0.2576797306537628,0.01830429583787918,0.8224423850917162
1186,23,42,-0.8,-0.6,-0.36047449707984924,-0.1361640840768814,0.6390042446004954
1187,23,43,-0.8,-0.6,-0.288138747215271,-0.02054128423333168,0.7731586805955869
1188,23,44,-0.8,-0.6,-0.26366063952445984,0.009785078465938568,0.8120946690596006
1189,23,45,-0.8,-0.6,-0.246453657746315,0.029282763600349426,0.8380992480529541
1190,23,46,-0.8,-0.6,-0.2428838014602661,-0.017280111089348793,0.8061891388547764
1191,23,47,-0.8,-0.6,-0.1880844682455063,-0.033545512706041336,0.8338532869623088
1192,23,48,-0.8,-0.6,-0.27337387204170227,-0.0003109704703092575,0.7980989981115197
1193,23,49,-0.8,-0.6,-0.24216900765895844,0.005957644898444414,0.8236261794206522
1194,24,0,-0.6,-0.6,-0.04392354562878609,0.35498666763305664,1.1050884844495261
1195,24,1,-0.6,-0.6,-0.06526249647140503,0.26093265414237976,1.013483711091913
1196,24,2,-0.6,-0.6,-0.09214791655540466,0.20129558444023132,0.9486771591550142
1197,24,3,-0.6,-0.6,-0.1482868790626526,0.2446448653936386,0.9578463823927074
1198,24,4,-0.6,-0.6,-0.1649235039949417,0.22528310120105743,0.9329435966359779
1199,24,5,-0.6,-0.6,-0.040236763656139374,0.3326619565486908,1.0877468482856592
1200,24,6,-0.6,-0.6,-0.03708745166659355,0.37533578276634216,1.1261218522946987
1201,24,7,-0.6,-0.6,-0.1539708822965622,0.1666254848241806,0.8869366425067898
1202,24,8,-0.6,-0.6,-0.03583979606628418,0.3793306052684784,1.1302058087437243
1203,24,9,-0.6,-0.6,-0.06917250156402588,0.28719061613082886,1.0338689580630582
1204,24,10,-0.6,-0.6,-0.026974651962518692,0.3143295347690582,1.079053542529044
1205,24,11,-0.6,-0.6,-0.11208352446556091,0.23262475430965424,0.9650525729654116
1206,24,12,-0.6,-0.6,-0.04352811723947525,0.3366285562515259,1.0894650103095835
1207,24,13,-0.6,-0.6,-0.10355399549007416,0.2510508596897125,0.9852645336012396
1208,24,14,-0.6,-0.6,-0.02854856848716736,0.32827499508857727,1.0900693579239642
1209,24,15,-0.6,-0.6,-0.020468562841415405,0.3483402132987976,1.1113981495461935
1210,24,16,-0.6,-0.6,-0.007198404520750046,0.351520836353302,1.1210734291817068
1211,24,17,-0.6,-0.6,-0.12056048214435577,0.16075733304023743,0.8992296542353057
1212,24,18,-0.6,-0.6,-0.12310689687728882,0.20326852798461914,0.934166665995199
1213,24,19,-0.6,-0.6,-0.12999841570854187,0.23446990549564362,0.957727264107266
1214,24,20,-0.6,-0.6,-0.043387364596128464,0.3243587017059326,1.0790072452540438
1215,24,21,-0.6,-0.6,-0.012910667806863785,0.31495586037635803,1.0871145801671618
1216,24,22,-0.6,-0.6,-0.2021806240081787,0.15039755403995514,0.8493272308266523
1217,24,23,-0.6,-0.6,-0.12009956687688828,0.25221794843673706,0.9780490055970975
1218,24,24,-0.6,-0.6,-0.1284426599740982,0.22103683650493622,0.9468198412741133
1219,24,25,-0.6,-0.6,-0.06293795257806778,0.3374171257019043,1.0803640637952827
1220,24,26,-0.6,-0.6,-0.04028158634901047,0.3113565444946289,1.0695117829052518
1221,24,27,-0.6,-0.6,-0.125148206949234,0.25852155685424805,0.9810930072867553
1222,24,28,-0.6,-0.6,-0.167672798037529,0.21454504132270813,0.9221661639314855
1223,24,29,-0.6,-0.6,-0.16272999346256256,0.18427927792072296,0.8979415595644858
1224,24,30,-0.6,-0.6,-0.013364270329475403,0.34408411383628845,1.1115018188577646
1225,24,31,-0.6,-0.6,-0.03941009193658829,0.3574819266796112,1.109519123287492
1226,24,32,-0.6,-0.6,-0.13292010128498077,0.20654872059822083,0.9320324406812562
1227,24,33,-0.6,-0.6,-0.13127683103084564,0.20869478583335876,0.9347131462446372
1228,24,34,-0.6,-0.6,-0.15874144434928894,0.15952804684638977,0.8784030776820191
1229,24,35,-0.6,-0.6,-0.05851791799068451,0.3367966413497925,1.0820308648007204
1230,24,36,-0.6,-0.6,-0.053746797144412994,0.3652116656303406,1.1090654268792637
1231,24,37,-0.6,-0.6,-0.09322497248649597,0.3938086926937103,1.1155611351176116
1232,24,38,-0.6,-0.6,-0.09612519294023514,0.23968805372714996,0.9792680168174617
1233,24,39,-0.6,-0.6,-0.06890879571437836,0.2717127501964569,1.0207551058528301
1234,24,40,-0.6,-0.6,-0.12053817510604858,0.13243548572063446,0.8754115502284967
1235,24,41,-0.6,-0.6,-0.15795035660266876,0.1550641804933548,0.8749456005328612
1236,24,42,-0.6,-0.6,-0.11673548072576523,0.11603614687919617,0.8638589926758666
1237,24,43,-0.6,-0.6,-0.10996134579181671,0.23103898763656616,0.9647609453072694
1238,24,44,-0.6,-0.6,-0.017638199031352997,0.3853810429573059,1.14460520138914
1239,24,45,-0.6,-0.6,-0.13000215590000153,0.26116013526916504,0.9810681689033913
1240,24,46,-0.6,-0.6,-0.14060111343860626,0.26269128918647766,0.9773861045728423
1241,24,47,-0.6,-0.6,-0.1560014933347702,0.24913109838962555,0.958205769223566
1242,24,48,-0.6,-0.6,-0.04838646203279495,0.35230526328086853,1.1005284229592351
1243,24,49,-0.6,-0.6,-0.151693195104599,0.17873619496822357,0.8985594319070443
1244,25,0,-0.4,-0.6,-0.10540212690830231,-0.2471960484981537,0.45962869256114675
1245,25,1,-0.4,-0.6,-0.0944129005074501,-0.22670984268188477,0.4824199590883993
1246,25,2,-0.4,-0.6,-0.09620614349842072,-0.265353798866272,0.4519721088533425
1247,25,3,-0.4,-0.6,-0.078828826546669,-0.2448052316904068,0.47886767075246917
1248,25,4,-0.4,-0.6,-0.07950128614902496,-0.24892836809158325,0.4753637726110058
1249,25,5,-0.4,-0.6,-0.08773908019065857,-0.2524321675300598,0.46723685664556514
1250,25,6,-0.4,-0.6,-0.09848584979772568,-0.24593175947666168,0.4650538696962882
1251,25,7,-0.4,-0.6,-0.07494355738162994,-0.27258118987083435,0.4613726997928121
1252,25,8,-0.4,-0.6,-0.09135028719902039,-0.2475292980670929,0.46850852813284355
1253,25,9,-0.4,-0.6,-0.09422056376934052,-0.24235422909259796,0.47054389919484646
1254,25,10,-0.4,-0.6,-0.09316332638263702,-0.2551232874393463,0.4616153064438092
1255,25,11,-0.4,-0.6,-0.10568833351135254,-0.2397497147321701,0.46518773099349653
1256,25,12,-0.4,-0.6,-0.08696553856134415,-0.24598747491836548,0.4725626328465511
1257,25,13,-0.4,-0.6,-0.06600247323513031,-0.2482447475194931,0.48506299130388725
1258,25,14,-0.4,-0.6,-0.09525059163570404,-0.22484801709651947,0.48333343788196753
1259,25,15,-0.4,-0.6,-0.11132760345935822,-0.2518240511417389,0.45228115579567096
1260,25,16,-0.4,-0.6,-0.10693258792161942,-0.24115030467510223,0.4633158877667496
1261,25,17,-0.4,-0.6,-0.09603632986545563,-0.23480914533138275,0.4751402667584144
1262,25,18,-0.4,-0.6,-0.09597024321556091,-0.23718510568141937,0.4733589975376068
1263,25,19,-0.4,-0.6,-0.07375309616327286,-0.23502182960510254,0.48953662490957456
1264,25,20,-0.4,-0.6,-0.10803717374801636,-0.21797475218772888,0.4808176181038639
1265,25,21,-0.4,-0.6,-0.08898338675498962,-0.24226956069469452,0.47402784825362654
1266,25,22,-0.4,-0.6,-0.0775088369846344,-0.2557648718357086,0.47169733270953446
1267,25,23,-0.4,-0.6,-0.1099885106086731,-0.2486966848373413,0.45554438117844237
1268,25,24,-0.4,-0.6,-0.07861441373825073,-0.244558647274971,0.4791943763065326
1269,25,25,-0.4,-0.6,-0.07524951547384262,-0.2504434883594513,0.4771295757237053
1270,25,26,-0.4,-0.6,-0.09409110248088837,-0.23520521819591522,0.47608348680966467
1271,25,27,-0.4,-0.6,-0.08670374751091003,-0.23223860561847687,0.48311798250649896
1272,25,28,-0.4,-0.6,-0.0800064206123352,-0.23796312510967255,0.4831838052229031
1273,25,29,-0.4,-0.6,-0.08080542087554932,-0.21491459012031555,0.5001759212963373
1274,25,30,-0.4,-0.6,-0.10165499150753021,-0.2518226206302643,0.4585163373285065
1275,25,31,-0.4,-0.6,-0.09186170995235443,-0.2329992800951004,0.47920635868506745
1276,25,32,-0.4,-0.6,-0.07661626487970352,-0.21106992661952972,0.5058098873293128
1277,25,33,-0.4,-0.6,-0.08321766555309296,-0.24652644991874695,0.47465208102848994
1278,25,34,-0.4,-0.6,-0.09163255989551544,-0.24389474093914032,0.4710641502464339
1279,25,35,-0.4,-0.6,-0.08617030829191208,-0.208810493350029,0.5015160072327116
1280,25,36,-0.4,-0.6,-0.0940275490283966,-0.23679384589195251,0.474908255493131
1281,25,37,-0.4,-0.6,-0.07946732640266418,-0.2230771780014038,0.494784810384112
1282,25,38,-0.4,-0.6,-0.08587034791707993,-0.2628213167190552,0.4608328360444903
1283,25,39,-0.4,-0.6,-0.09405794739723206,-0.2550317943096161,0.4610895818472131
1284,25,40,-0.4,-0.6,-0.09904949367046356,-0.25574955344200134,0.4572522030732994
1285,25,41,-0.4,-0.6,-0.09719572961330414,-0.2377447783946991,0.472143274594402
1286,25,42,-0.4,-0.6,-0.08923295140266418,-0.2449030727148056,0.4718792072779701
1287,25,43,-0.4,-0.6,-0.09000928699970245,-0.22420138120651245,0.4871538196848361
1288,25,44,-0.4,-0.6,-0.06462239474058151,-0.24465149641036987,0.4886212204897897
1289,25,45,-0.4,-0.6,0.031679604202508926,-0.28349384665489197,0.5352788299473012
1290,25,46,-0.4,-0.6,-0.0853685811161995,-0.24612091481685638,0.4735222662968365
1291,25,47,-0.4,-0.6,-0.10142189264297485,-0.24796228110790253,0.4616052877899631
1292,25,48,-0.4,-0.6,-0.08420079946517944,-0.2340756505727768,0.48335262962165454
1293,26,0,-0.2,-0.6,-0.1449143886566162,-0.44504085183143616,0.1644589984713553
1294,26,1,-0.2,-0.6,-0.15734297037124634,-0.4365527629852295,0.16892193896741456
1295,26,2,-0.2,-0.6,-0.1489478051662445,-0.4401338994503021,0.16781983405518502
1296,26,3,-0.2,-0.6,-0.14697867631912231,-0.4355679154396057,0.17276912686515797
1297,26,4,-0.2,-0.6,-0.15405242145061493,-0.3847852647304535,0.22006490463427575
1298,26,5,-0.2,-0.6,-0.14107011258602142,-0.44177255034446716,0.16884506938349833
1299,26,6,-0.2,-0.6,-0.14104706048965454,-0.4490440785884857,0.16205906110461618
1300,26,7,-0.2,-0.6,-0.14420756697654724,-0.44217753410339355,0.1673939255897954
1301,26,8,-0.2,-0.6,-0.14765319228172302,-0.43710362911224365,0.1711006017718691
1302,26,9,-0.2,-0.6,-0.1419883370399475,-0.4324471652507782,0.17731132358620177
1303,26,10,-0.2,-0.6,-0.17175686359405518,-0.4001046121120453,0.2018807589962963
1304,26,11,-0.2,-0.6,-0.14990045130252838,-0.4327654242515564,0.1745776850157323
1305,26,12,-0.2,-0.6,-0.1582057774066925,-0.381333589553833,0.22262469786524247
1306,26,13,-0.2,-0.6,-0.14129261672496796,-0.4365168809890747,0.17370459709674316
1307,26,14,-0.2,-0.6,-0.15051701664924622,-0.4401993453502655,0.1672866248920537
1308,26,15,-0.2,-0.6,-0.15017400681972504,-0.4436292350292206,0.16411717074684032
1309,26,16,-0.2,-0.6,-0.14663496613502502,-0.4333851933479309,0.17495233818133524
1310,26,17,-0.2,-0.6,-0.1437496542930603,-0.42718005180358887,0.1817438744133085
1311,26,18,-0.2,-0.6,-0.15567706525325775,-0.37868472933769226,0.22570992794490563
1312,26,19,-0.2,-0.6,-0.1462172120809555,-0.4408549666404724,0.16798729094592266
1313,26,20,-0.2,-0.6,-0.14524748921394348,-0.44285479187965393,0.1664104980839974
1314,26,21,-0.2,-0.6,-0.14712785184383392,-0.44548067450523376,0.16331468397546217
1315,26,22,-0.2,-0.6,-0.14572393894195557,-0.44187411665916443,0.16718159523792117
1316,26,23,-0.2,-0.6,-0.1501462757587433,-0.4365678131580353,0.1708668297729847
1317,26,24,-0.2,-0.6,-0.15724173188209534,-0.4267185926437378,0.17847889406820489
1318,26,25,-0.2,-0.6,-0.1529117226600647,-0.4407517611980438,0.16606416658739934
1319,26,26,-0.2,-0.6,-0.14931641519069672,-0.4423935115337372,0.16555552233552365
1320,26,27,-0.2,-0.6,-0.14867423474788666,-0.4405316114425659,0.16752462842167362
1321,26,28,-0.2,-0.6,-0.14820170402526855,-0.4367852807044983,0.17123699384360638
1322,26,29,-0.2,-0.6,-0.14525802433490753,-0.4371357560157776,0.17181806036697625
1323,26,30,-0.2,-0.6,-0.13930954039096832,-0.43554121255874634,0.17529981361713695
1324,26,31,-0.2,-0.6,-0.14969439804553986,-0.43879982829093933,0.16886725244117412
1325,26,32,-0.2,-0.6,-0.15462787449359894,-0.4396049380302429,0.1666889488755953
1326,26,33,-0.2,-0.6,-0.13993734121322632,-0.4314573109149933,0.17892501508884004
1327,26,34,-0.2,-0.6,-0.14503858983516693,-0.43782609701156616,0.17123414209149107
1328,26,35,-0.2,-0.6,-0.14340156316757202,-0.43641847372055054,0.17309621252872215
1329,26,36,-0.2,-0.6,-0.13341185450553894,-0.43456220626831055,0.17833576398243997
1330,26,37,-0.2,-0.6,-0.12969274818897247,-0.4329129755496979,0.18127653846230374
1331,26,38,-0.2,-0.6,-0.1437859982252121,-0.43264368176460266,0.17654504028389875
1332,26,39,-0.2,-0.6,-0.15815667808055878,-0.43082505464553833,0.1742728485018222
1333,26,40,-0.2,-0.6,-0.1501815766096115,-0.4374524652957916,0.17001051834377726
1334,26,41,-0.2,-0.6,-0.1408810317516327,-0.4231068193912506,0.18651072288914405
1335,26,42,-0.2,-0.6,-0.14483940601348877,-0.4383990466594696,0.17075584689700382
1336,26,43,-0.2,-0.6,-0.14274342358112335,-0.43977677822113037,0.17014639678938692
1337,26,44,-0.2,-0.6,-0.13388065993785858,-0.4275018870830536,0.18473593610924943
1338,26,45,-0.2,-0.6,-0.15098188817501068,-0.4348829686641693,0.17223939538922228
1339,26,46,-0.2,-0.6,-0.14794263243675232,-0.4366430938243866,0.1714510084918815
1340,26,47,-0.2,-0.6,-0.1432151198387146,-0.42967167496681213,0.17954459313369153
1341,26,48,-0.2,-0.6,-0.14862193167209625,-0.44391995668411255,0.16431885414217093
1342,26,49,-0.2,-0.6,-0.14474578201770782,-0.43780872225761414,0.17134479618751894
1343,27,0,0.0,-0.6,-0.062030497938394547,-0.2861643135547638,0.3199072064850021
1344,27,1,0.0,-0.6,-0.06088709458708763,-0.2900449335575104,0.3158787449332815
1345,27,2,0.0,-0.6,-0.081309974193573,-0.28081226348876953,0.32938142485957245
1346,27,3,0.0,-0.6,-0.057372502982616425,-0.2872033417224884,0.31801470646507635
1347,27,4,0.0,-0.6,-0.06109710782766342,-0.29669293761253357,0.3093994678066198
1348,27,5,0.0,-0.6,-0.03225500136613846,-0.2951768636703491,0.3065249248511033
1349,27,6,0.0,-0.6,-0.041376743465662,-0.2985752522945404,0.30425139840126153
1350,27,7,0.0,-0.6,-0.05365079268813133,-0.29235637187957764,0.3122867424005726
1351,27,8,0.0,-0.6,-0.039049431681632996,-0.2818489670753479,0.3205385122971678
1352,27,9,0.0,-0.6,-0.08211856335401535,-0.2814953327178955,0.3289204790337803
1353,27,10,0.0,-0.6,-0.07422080636024475,-0.2818548381328583,0.3266880348531834
1354,27,11,0.0,-0.6,-0.025207102298736572,-0.2672397792339325,0.3337135935657715
1355,27,12,0.0,-0.6,-0.06136161834001541,-0.30386650562286377,0.3024240312827654
1356,27,13,0.0,-0.6,-0.04821585491299629,-0.30160224437713623,0.30226807510181
1357,27,14,0.0,-0.6,-0.032316457480192184,-0.2923460304737091,0.3093465991236254
1358,27,15,0.0,-0.6,-0.048485271632671356,-0.2925979197025299,0.311202282344629
1359,27,16,0.0,-0.6,-0.03916358947753906,-0.2812688648700714,0.3211282037473165
1360,27,17,0.0,-0.6,-0.033108048141002655,-0.2872230112552643,0.3145243830610458
1361,27,18,0.0,-0.6,-0.07453334331512451,-0.25867292284965515,0.34936999422063664
1362,27,19,0.0,-0.6,-0.03988821804523468,-0.2904629409313202,0.3120965569750995
1363,27,20,0.0,-0.6,-0.02803656831383705,-0.3145429491996765,0.28683057196616074
1364,27,21,0.0,-0.6,-0.02904805913567543,-0.2863599956035614,0.3149822885454795
1365,27,22,0.0,-0.6,-0.021440602838993073,-0.31873318552970886,0.28208282537645674
1366,27,23,0.0,-0.6,-0.051377736032009125,-0.2886999845504761,0.31551128565971875
1367,27,24,0.0,-0.6,-0.035749778151512146,-0.27676963806152344,0.325201343042677
1368,27,25,0.0,-0.6,-0.031427979469299316,-0.27767300605773926,0.3238555371108805
1369,27,26,0.0,-0.6,-0.0821509063243866,-0.28888431191444397,0.3217790278791754
1370,27,27,0.0,-0.6,-0.05386466532945633,-0.2854311168193817,0.31914727703139784
1371,27,28,0.0,-0.6,-0.08062233030796051,-0.3233090043067932,0.2881976183836085
1372,27,29,0.0,-0.6,-0.03340567648410797,-0.2933690845966339,0.30844522609770947
1373,27,30,0.0,-0.6,-0.048266034573316574,-0.2967506945133209,0.3070663631392826
1374,27,31,0.0,-0.6,-0.05821264162659645,-0.28304603695869446,0.32225537440473484
1375,27,32,0.0,-0.6,-0.029829194769263268,-0.2973649501800537,0.30410155251182786
1376,27,33,0.0,-0.6,-0.03799333795905113,-0.2793423533439636,0.32290063500751764
1377,27,34,0.0,-0.6,-0.0375295914709568,-0.2874522805213928,0.3147928639395357
1378,27,35,0.0,-0.6,-0.056552454829216,-0.2960556149482727,0.30916075001798526
1379,27,36,0.0,-0.6,-0.0479792058467865,-0.2984728515148163,0.30532052906297397
1380,27,37,0.0,-0.6,-0.05409715324640274,-0.2920396625995636,0.3126756648688148
1381,27,38,0.0,-0.6,-0.03405841439962387,-0.28507933020591736,0.3167570107432038
1382,27,39,0.0,-0.6,-0.05584940314292908,-0.28744834661483765,0.31750227064577047
1383,27,40,0.0,-0.6,-0.036055587232112885,-0.27551981806755066,0.32647724857571303
1384,27,41,0.0,-0.6,-0.028068069368600845,-0.2687678337097168,0.3324192601270787
1385,27,42,0.0,-0.6,-0.05477014183998108,-0.28809770941734314,0.31667460793041136
1386,27,43,0.0,-0.6,-0.04189697280526161,-0.29196956753730774,0.310866697562473
1387,27,44,0.0,-0.6,-0.03763464838266373,-0.2976315915584564,0.30470152802760747
1388,27,45,0.0,-0.6,-0.03250471130013466,-0.287799596786499,0.31388795456878826
1389,27,46,0.0,-0.6,-0.031104274094104767,-0.2727692425251007,0.3287057110920307
1390,27,47,0.0,-0.6,-0.036694109439849854,-0.28256312012672424,0.3195506694896197
1391,27,48,0.0,-0.6,-0.04955869913101196,-0.2843386232852936,0.3195280416629845
1392,28,0,0.2,-0.6,-0.05296130105853081,-0.4188307821750641,0.31114579431598255
1393,28,1,0.2,-0.6,-0.07294302433729172,-0.42631790041923523,0.32351718076351077
1394,28,2,0.2,-0.6,-0.07863214612007141,-0.41865459084510803,0.3324485377814617
1395,28,3,0.2,-0.6,-0.06600449979305267,-0.4202269911766052,0.3210556472195568
1396,28,4,0.2,-0.6,-0.013483040034770966,-0.4007597863674164,0.2920131351683434
1397,28,5,0.2,-0.6,-0.04791475832462311,-0.41658347845077515,0.30838830680227414
1398,28,6,0.2,-0.6,-0.06027079373598099,-0.4213070571422577,0.3157088118806916
1399,28,7,0.2,-0.6,-0.04432950168848038,-0.4055107831954956,0.3122866645384824
1400,28,8,0.2,-0.6,-0.04525062441825867,-0.40117788314819336,0.3157183918098203
1401,28,9,0.2,-0.6,-0.07505091279745102,-0.4395855963230133,0.3184113464337511
1402,28,10,0.2,-0.6,-0.042440835386514664,-0.41780444979667664,0.3032701389467859
1403,28,11,0.2,-0.6,-0.08680719137191772,-0.42975151538848877,0.3335309753758469
1404,28,12,0.2,-0.6,-0.06895875930786133,-0.40034765005111694,0.33496249797333333
1405,28,13,0.2,-0.6,-0.05977068096399307,-0.40553584694862366,0.324495167160446
1406,28,14,0.2,-0.6,-0.07416345179080963,-0.42721715569496155,0.3240671374638144
1407,28,15,0.2,-0.6,-0.07296788692474365,-0.4583374261856079,0.3075382124417675
1408,28,16,0.2,-0.6,-0.039507605135440826,-0.4195765256881714,0.2998608393913172
1409,28,17,0.2,-0.6,-0.0410248264670372,-0.3979060649871826,0.31453922735078726
1410,28,18,0.2,-0.6,-0.06005396321415901,-0.3924848139286041,0.3327019931314467
1411,28,19,0.2,-0.6,-0.07000678777694702,-0.4212403893470764,0.32381887506198603
1412,28,20,0.2,-0.6,-0.0545537993311882,-0.4104939103126526,0.31734869588913045
1413,28,21,0.2,-0.6,-0.06381546705961227,-0.39899852871894836,0.33166276866273187
1414,28,22,0.2,-0.6,-0.05551054701209068,-0.39078202843666077,0.33023900323780053
1415,28,23,0.2,-0.6,-0.07390511780977249,-0.4251417815685272,0.3249606285620059
1416,28,24,0.2,-0.6,-0.054211169481277466,-0.38717886805534363,0.3315360506660529
1417,28,25,0.2,-0.6,-0.07488895952701569,-0.4103770852088928,0.3339472860852754
1418,28,26,0.2,-0.6,-0.056948915123939514,-0.4084584414958954,0.32048543432978477
1419,28,27,0.2,-0.6,-0.074733667075634,-0.40510180592536926,0.33684402010185327
1420,28,28,0.2,-0.6,-0.08862994611263275,-0.4309372007846832,0.3344988428552479
1421,28,29,0.2,-0.6,-0.016035165637731552,-0.4032050669193268,0.292231823178703
1422,28,30,0.2,-0.6,-0.06320890039205551,-0.42406225204467773,0.31659598292016516
1423,28,31,0.2,-0.6,-0.06692492216825485,-0.42273619771003723,0.3204237345716199
1424,28,32,0.2,-0.6,-0.044909097254276276,-0.4014158248901367,0.3153032516831525
1425,28,33,0.2,-0.6,-0.04638933390378952,-0.41933587193489075,0.3055277909308403
1426,28,34,0.2,-0.6,-0.0032846741378307343,-0.44046154618263245,0.2584128034478175
1427,28,35,0.2,-0.6,-0.08478659391403198,-0.4544607102870941,0.31982040104298054
1428,28,36,0.2,-0.6,-0.08772928267717361,-0.4439247250556946,0.3273341283136566
1429,28,37,0.2,-0.6,-0.07767114043235779,-0.4329074025154114,0.32406974305410385
1430,28,38,0.2,-0.6,-0.029305603355169296,-0.37576672434806824,0.3207204727479576
1431,28,39,0.2,-0.6,-0.04501944035291672,-0.4186311364173889,0.30484289532167924
1432,28,40,0.2,-0.6,-0.0635979175567627,-0.42209070920944214,0.3180182037083115
1433,28,41,0.2,-0.6,-0.02619411051273346,-0.4049031734466553,0.29870813072601915
1434,28,42,0.2,-0.6,-0.04978613555431366,-0.41023045778274536,0.313696657088507
1435,28,43,0.2,-0.6,-0.07186259329319,-0.4315224885940552,0.31983424063354865
1436,28,44,0.2,-0.6,-0.03330182284116745,-0.40881624817848206,0.3016305148713625
1437,28,45,0.2,-0.6,-0.04376597702503204,-0.4192267656326294,0.30348115891865307
1438,28,46,0.2,-0.6,-0.05969247594475746,-0.3982483148574829,0.32885243578262235
1439,28,47,0.2,-0.6,-0.052107878029346466,-0.4179774820804596,0.31095108810587757
1440,28,48,0.2,-0.6,-0.054652728140354156,-0.42259418964385986,0.3103559786719822
1441,29,0,0.4,-0.6,-0.18983018398284912,-0.10905403643846512,0.7674161746240469
1442,29,1,0.4,-0.6,-0.18862314522266388,-0.1303209513425827,0.7530442323260684
1443,29,2,0.4,-0.6,-0.1817035675048828,-0.11752793937921524,0.7557501767962572
1444,29,3,0.4,-0.6,-0.1823348104953766,-0.1116136908531189,0.7600230381223974
1445,29,4,0.4,-0.6,-0.17885266244411469,-0.11562862247228622,0.7547754872720333
1446,29,5,0.4,-0.6,-0.17574019730091095,-0.12486831098794937,0.7464763202483625
1447,29,6,0.4,-0.6,-0.1727444976568222,-0.12497460842132568,0.7441003845185395
1448,29,7,0.4,-0.6,-0.19673942029476166,-0.13365982472896576,0.7573447661438925
1449,29,8,0.4,-0.6,-0.18171238899230957,-0.12844058871269226,0.7488374869628072
1450,29,9,0.4,-0.6,-0.17437626421451569,-0.1331738978624344,0.7401585658019341
1451,29,10,0.4,-0.6,-0.17699971795082092,-0.12776821851730347,0.7456081611393803
1452,29,11,0.4,-0.6,-0.1776752471923828,-0.12198904156684875,0.7498020856205726
1453,29,12,0.4,-0.6,-0.17681613564491272,-0.12584760785102844,0.7466842340112201
1454,29,13,0.4,-0.6,-0.20347431302070618,-0.13704803586006165,0.7605956662884953
1455,29,14,0.4,-0.6,-0.17081163823604584,-0.12024548649787903,0.7456475840310725
1456,29,15,0.4,-0.6,-0.1821708381175995,-0.12448033690452576,0.7516926464619575
1457,29,16,0.4,-0.6,-0.16907766461372375,-0.1268736720085144,0.7400661528545381
1458,29,17,0.4,-0.6,-0.1762850284576416,-0.12193271517753601,0.7487674958503124
1459,29,18,0.4,-0.6,-0.1659584641456604,-0.12469760328531265,0.7390678936747562
1460,29,19,0.4,-0.6,-0.1641584038734436,-0.12001809477806091,0.740714070341258
1461,29,20,0.4,-0.6,-0.1846950799226761,-0.1250409483909607,0.7532957169605723
1462,29,21,0.4,-0.6,-0.18639345467090607,-0.12640777230262756,0.7537551869249325
1463,29,22,0.4,-0.6,-0.17713338136672974,-0.12356722354888916,0.7483790018197393
1464,29,23,0.4,-0.6,-0.18463361263275146,-0.13240350782871246,0.748627370933574
1465,29,24,0.4,-0.6,-0.1771036982536316,-0.12651263177394867,0.7464844046647263
1466,29,25,0.4,-0.6,-0.15486788749694824,-0.11820340156555176,0.7348512331338438
1467,29,26,0.4,-0.6,-0.17072714865207672,-0.11648856848478317,0.7480058707085285
1468,29,27,0.4,-0.6,-0.18786750733852386,-0.1270906627178192,0.7544742854949271
1469,29,28,0.4,-0.6,-0.167726531624794,-0.11821108311414719,0.7446032333698004
1470,29,29,0.4,-0.6,-0.17054589092731476,-0.11527034640312195,0.748655762503831
1471,29,30,0.4,-0.6,-0.1662043035030365,-0.11672380566596985,0.7444079481811985
1472,29,31,0.4,-0.6,-0.1632610410451889,-0.11879820376634598,0.7408226299579442
1473,29,32,0.4,-0.6,-0.1666467934846878,-0.11872250586748123,0.7434491340535377
1474,29,33,0.4,-0.6,-0.18194635212421417,-0.12624801695346832,0.750401557961603
1475,29,34,0.4,-0.6,-0.17547906935214996,-0.12308482080698013,0.747411698735795
1476,29,35,0.4,-0.6,-0.15641717612743378,-0.11335302889347076,0.7392058903829073
1477,29,36,0.4,-0.6,-0.18802951276302338,-0.12935303151607513,0.7531847561013348
1478,29,37,0.4,-0.6,-0.17664681375026703,-0.12841196358203888,0.744927395053292
1479,29,38,0.4,-0.6,-0.03942997008562088,-0.09075362235307693,0.6726295947666607
1480,29,39,0.4,-0.6,-0.18326781690120697,-0.13191300630569458,0.7478681567619206
1481,29,40,0.4,-0.6,-0.1858486533164978,-0.12976758182048798,0.751223782703733
1482,29,41,0.4,-0.6,-0.1795370876789093,-0.12412597239017487,0.7498795410924
1483,29,42,0.4,-0.6,-0.1841786801815033,-0.12883225083351135,0.750509012759486
1484,29,43,0.4,-0.6,-0.18055453896522522,-0.12442351132631302,0.7504775608186555
1485,29,44,0.4,-0.6,-0.17328718304634094,-0.12162038683891296,0.7466627408230306
1486,29,45,0.4,-0.6,-0.1809464991092682,-0.12830235064029694,0.7483298118067891
1487,29,46,0.4,-0.6,-0.18357235193252563,-0.12703163921833038,0.7511695948589501
1488,29,47,0.4,-0.6,-0.1960618793964386,-0.13114111125469208,0.758365625292378
1489,29,48,0.4,-0.6,-0.17524537444114685,-0.12601573765277863,0.745364556286905
1490,29,49,0.4,-0.6,-0.1370263397693634,0.058651551604270935,0.849834781611575
1491,30,0,0.6,-0.6,-0.12785275280475616,0.032757312059402466,0.9644435938561163
1492,30,1,0.6,-0.6,-0.16248220205307007,0.03366876393556595,0.991420804116661
1493,30,2,0.6,-0.6,-0.09831498563289642,0.04218388348817825,0.9487064663906484
1494,30,3,0.6,-0.6,-0.11738654971122742,0.051897864788770676,0.9693370352064021
1495,30,4,0.6,-0.6,-0.1107761412858963,0.029971767216920853,0.9497721571575357
1496,30,5,0.6,-0.6,-0.14024516940116882,0.0193763617426157,0.9651890945857629
1497,30,6,0.6,-0.6,-0.1768200695514679,0.048133302479982376,1.011694715930431
1498,30,7,0.6,-0.6,-0.12099318951368332,0.03132743015885353,0.9583347553940095
1499,30,8,0.6,-0.6,-0.2200111448764801,-0.008657533675432205,1.0109916865140178
1500,30,9,0.6,-0.6,-0.12821584939956665,0.027019940316677094,0.9609642703407144
1501,30,10,0.6,-0.6,-0.13162486255168915,0.04869666323065758,0.9777946105345269
1502,30,11,0.6,-0.6,-0.10315325856208801,0.05467923730611801,0.9607441952914433
1503,30,12,0.6,-0.6,-0.14561812579631805,0.03642464056611061,0.9802972572825638
1504,30,13,0.6,-0.6,-0.15942828357219696,0.014761624857783318,0.9770686635478568
1505,30,14,0.6,-0.6,-0.08622880280017853,0.07081877440214157,0.9596394103427379
1506,30,15,0.6,-0.6,-0.0739847719669342,0.07198840379714966,0.9517478067645658
1507,30,16,0.6,-0.6,-0.13387349247932434,0.05169471353292465,0.981466404218994
1508,30,17,0.6,-0.6,-0.18150430917739868,0.008217116817831993,0.9902913947182614
1509,30,18,0.6,-0.6,-0.1204405128955841,0.05489590764045715,0.9736134666619347
1510,30,19,0.6,-0.6,-0.11102946847677231,0.04087970405817032,0.9572302231522202
1511,30,20,0.6,-0.6,-0.146667942404747,0.02576950564980507,0.9742178865203307
1512,30,21,0.6,-0.6,-0.10087359696626663,0.06555011123418808,0.9665302631000608
1513,30,22,0.6,-0.6,-0.15221863985061646,0.025747261941432953,0.978464367243852
1514,30,23,0.6,-0.6,-0.13102851808071136,0.040619395673274994,0.9720061236227233
1515,30,24,0.6,-0.6,-0.09042784571647644,0.06220143288373947,0.9566615639054243
1516,30,25,0.6,-0.6,-0.13442277908325195,0.025095243006944656,0.9644277480798021
1517,30,26,0.6,-0.6,-0.18718454241752625,0.027939561754465103,1.0069595806374154
1518,30,27,0.6,-0.6,-0.11285029351711273,0.028535813093185425,0.9503750887455676
1519,30,28,0.6,-0.6,-0.11714397370815277,0.05080697312951088,0.9684240782322151
1520,30,29,0.6,-0.6,-0.14447419345378876,0.02167593687772751,0.9699086530243296
1521,30,30,0.6,-0.6,-0.12618543207645416,0.05085602030158043,0.975171185445344
1522,30,31,0.6,-0.6,-0.1272522360086441,0.013176403939723969,0.9512523940196019
1523,30,32,0.6,-0.6,-0.1994701474905014,0.01301589235663414,1.0074428028480251
1524,30,33,0.6,-0.6,-0.10978244245052338,0.06188766658306122,0.9705083197921593
1525,30,34,0.6,-0.6,-0.08667393028736115,0.06952576339244843,0.959054656618971
1526,30,35,0.6,-0.6,-0.09367725253105164,0.07202880084514618,0.9658213291517191
1527,30,36,0.6,-0.6,-0.09984090924263,0.042082007974386215,0.9497613401344418
1528,30,37,0.6,-0.6,-0.09496192634105682,0.05045920982956886,0.9518767056272465
1529,30,38,0.6,-0.6,-0.10455493628978729,0.015749728307127953,0.9357058224466748
1530,30,39,0.6,-0.6,-0.11249129474163055,0.040545038878917694,0.9580927887814412
1531,30,40,0.6,-0.6,-0.1573503315448761,0.026532433927059174,0.982915263618232
1532,30,41,0.6,-0.6,-0.11382660269737244,0.036013804376125336,0.9560658858444142
1533,30,42,0.6,-0.6,0.02484532818198204,0.10683344304561615,0.9112718654286502
1534,30,43,0.6,-0.6,-0.18204480409622192,-0.0020450609736144543,0.9844512099235526
1535,30,44,0.6,-0.6,-0.15490210056304932,0.025506921112537384,0.9803754840846389
1536,30,45,0.6,-0.6,-0.10788294672966003,0.04964347556233406,0.9607991005467145
1537,30,46,0.6,-0.6,-0.1622800976037979,-0.011764151975512505,0.962856354865015
1538,30,47,0.6,-0.6,-0.11436732113361359,0.05219148471951485,0.9673026425293484
1539,30,48,0.6,-0.6,-0.10825103521347046,0.05053995922207832,0.961676539916419
1540,31,0,0.8,-0.6,-0.13430030643939972,-0.008679291233420372,1.1057021494186245
1541,31,1,0.8,-0.6,-0.1881805956363678,-0.006529937032610178,1.1526957990861093
1542,31,2,0.8,-0.6,-0.18003986775875092,0.06604818254709244,1.1849465489509958
1543,31,3,0.8,-0.6,-0.20097944140434265,0.03326154872775078,1.184474580230078
1544,31,4,0.8,-0.6,-0.11821307241916656,-0.009007781744003296,1.0919647651827367
1545,31,5,0.8,-0.6,-0.27799615263938904,-0.022297289222478867,1.2230356197368175
1546,31,6,0.8,-0.6,-0.17076578736305237,-0.034061189740896225,1.1236872122045782
1547,31,7,0.8,-0.6,-0.2004191130399704,-0.008401971310377121,1.1622506740308345
1548,31,8,0.8,-0.6,-0.16427241265773773,0.0009689885191619396,1.1362152133176704
1549,31,9,0.8,-0.6,-0.15680043399333954,-0.02024245820939541,1.1187429900352126
1550,31,10,0.8,-0.6,-0.190843865275383,-0.02422061376273632,1.1459901687927438
1551,31,11,0.8,-0.6,-0.1402815282344818,0.08824954181909561,1.1652539569352114
1552,31,12,0.8,-0.6,-0.18810787796974182,-0.011766407638788223,1.1499460585992902
1553,31,13,0.8,-0.6,-0.11613893508911133,0.00450902758166194,1.0976072671105714
1554,31,14,0.8,-0.6,-0.12743324041366577,0.00738270441070199,1.1086235452314057
1555,31,15,0.8,-0.6,-0.17568881809711456,-0.1483551412820816,1.0751519651500772
1556,31,16,0.8,-0.6,-0.1653507649898529,-0.022776445373892784,1.1247618109989745
1557,31,17,0.8,-0.6,-0.17492422461509705,-0.023018645122647285,1.1328657147329748
1558,31,18,0.8,-0.6,-0.15255962312221527,0.04151841998100281,1.1484405595317762
1559,31,19,0.8,-0.6,-0.16516843438148499,-0.03422035276889801,1.118774649313863
1560,31,20,0.8,-0.6,-0.23287390172481537,-0.0019518299959599972,1.193520050317306
1561,31,21,0.8,-0.6,-0.1890503317117691,-0.02643667347729206,1.1433264836392776
1562,31,22,0.8,-0.6,-0.14223472774028778,0.044672101736068726,1.1416691293525523
1563,31,23,0.8,-0.6,-0.21211621165275574,-0.011128295212984085,1.1709607638982154
1564,31,24,0.8,-0.6,-0.23381781578063965,-0.021908478811383247,1.1844699587138636
1565,31,25,0.8,-0.6,-0.14211837947368622,0.08338548243045807,1.163874030356737
1566,31,26,0.8,-0.6,-0.16589142382144928,0.022683192044496536,1.1492086843852818
1567,31,27,0.8,-0.6,-0.13313187658786774,-0.025782117620110512,1.0956556373008994
1568,31,28,0.8,-0.6,-0.13967680931091309,0.018325556069612503,1.1248639914432026
1569,31,29,0.8,-0.6,-0.14952987432479858,0.0202844999730587,1.1341780473726757
1570,31,30,0.8,-0.6,-0.15511444211006165,-0.00422924617305398,1.1256937366098925
1571,31,31,0.8,-0.6,-0.17303812503814697,0.015888527035713196,1.1515736496255777
1572,31,32,0.8,-0.6,-0.16749536991119385,0.041280828416347504,1.1607275268959356
1573,31,33,0.8,-0.6,-0.173703134059906,0.0629439502954483,1.1779611515289532
1574,31,34,0.8,-0.6,-0.1881955862045288,-0.031163325533270836,1.140221767382328
1575,31,35,0.8,-0.6,-0.10367453098297119,0.030542481690645218,1.101912645886184
1576,31,36,0.8,-0.6,-0.1046733409166336,-0.018040833994746208,1.075690626835985
1577,31,37,0.8,-0.6,-0.18471777439117432,-0.00491653336212039,1.1505622223363952
1578,31,38,0.8,-0.6,-0.11454710364341736,-0.0068815299309790134,1.0900394141128933
1579,31,39,0.8,-0.6,-0.18578960001468658,0.037317343056201935,1.1738630802854872
1580,31,40,0.8,-0.6,-0.14819063246250153,-0.0314156636595726,1.1056010234353635
1581,31,41,0.8,-0.6,-0.14144514501094818,-0.0020030015148222446,1.1153113337817235
1582,31,42,0.8,-0.6,-0.19160760939121246,-0.024473994970321655,1.1465233680427
1583,31,43,0.8,-0.6,-0.17602014541625977,0.006624127272516489,1.1491771647781377
1584,31,44,0.8,-0.6,-0.16680923104286194,0.023235831409692764,1.150279527237889
1585,31,45,0.8,-0.6,-0.24664349853992462,-0.0072020567022264,1.202859931419267
1586,31,46,0.8,-0.6,-0.21349948644638062,-0.03973285108804703,1.1580502956163026
1587,31,47,0.8,-0.6,-0.22793985903263092,-0.02774995006620884,1.1764907451558009
1588,31,48,0.8,-0.6,-0.17461542785167694,-0.008105672895908356,1.140269321986921
1589,32,0,1.0,-0.6,-0.18169143795967102,0.08383703976869583,1.3652940165058982
1590,32,1,1.0,-0.6,-0.11313347518444061,0.0315055251121521,1.2797911399222002
1591,32,2,1.0,-0.6,-0.1575154960155487,-0.04500068724155426,1.283692471224502
1592,32,3,1.0,-0.6,-0.12728820741176605,0.050897881388664246,1.3017091666596976
1593,32,4,1.0,-0.6,-0.13446220755577087,-0.04677528887987137,1.2621656315104857
1594,32,5,1.0,-0.6,-0.12752853333950043,-0.00650027533993125,1.274190926300412
1595,32,6,1.0,-0.6,-0.20361879467964172,-0.06913326680660248,1.315491425786388
1596,32,7,1.0,-0.6,-0.2562674582004547,0.012053016573190689,1.397432224342123
1597,32,8,1.0,-0.6,-0.18759195506572723,-7.099518552422523e-05,1.3305222518073583
1598,32,9,1.0,-0.6,-0.17063313722610474,0.1261836439371109,1.3775792633070565
1599,32,10,1.0,-0.6,-0.22674955427646637,0.06167001277208328,1.3938155095705163
1600,32,11,1.0,-0.6,-0.18709604442119598,-0.022562116384506226,1.3200876971303046
1601,32,12,1.0,-0.6,-0.15978144109249115,-0.05407597869634628,1.281844775368269
1602,32,13,1.0,-0.6,-0.21801120042800903,0.02507174387574196,1.3690383374324988
1603,32,14,1.0,-0.6,-0.1327170431613922,-0.027863698080182076,1.269010578302156
1604,32,15,1.0,-0.6,-0.1488291174173355,0.0070540509186685085,1.2993548251969742
1605,32,16,1.0,-0.6,-0.22447289526462555,0.007823461666703224,1.3670344662042098
1606,32,17,1.0,-0.6,-0.16595011949539185,0.005950685124844313,1.314007577586441
1607,32,18,1.0,-0.6,-0.19139397144317627,-0.0673590749502182,1.3050386776755052
1608,32,19,1.0,-0.6,-0.19257678091526031,-0.0345383882522583,1.3198432530943054
1609,32,20,1.0,-0.6,-0.14568516612052917,-0.0270466897636652,1.2809644786563747
1610,32,21,1.0,-0.6,-0.16129620373249054,-0.015534782782196999,1.3000801755818554
1611,32,22,1.0,-0.6,-0.1387222409248352,-0.02109028957784176,1.2774289783772503
1612,32,23,1.0,-0.6,-0.15833480656147003,-0.019777359440922737,1.2955299443506298
1613,32,24,1.0,-0.6,-0.18701894581317902,-0.07347333431243896,1.2985546994252848
1614,32,25,1.0,-0.6,-0.21166403591632843,0.0139029361307621,1.3583101821465582
1615,32,26,1.0,-0.6,-0.17976784706115723,-0.06739791482686996,1.294417689190813
1616,32,27,1.0,-0.6,-0.12522485852241516,-0.031553540378808975,1.2606594939525326
1617,32,28,1.0,-0.6,-0.18244045972824097,-0.0034606666304171085,1.3243959442173479
1618,32,29,1.0,-0.6,-0.19355492293834686,0.01684788428246975,1.3435306719290492
1619,32,30,1.0,-0.6,-0.17468921840190887,0.01780279353260994,1.3272434032709992
1620,32,31,1.0,-0.6,-0.160192608833313,0.07100261002779007,1.340257957355805
1621,32,32,1.0,-0.6,-0.2681863307952881,-0.018479574471712112,1.3951568280743987
1622,32,33,1.0,-0.6,-0.16664151847362518,0.0017931372858583927,1.3127099499549784
1623,32,34,1.0,-0.6,-0.21877515316009521,0.08259672671556473,1.3969077153782268
1624,32,35,1.0,-0.6,-0.19551245868206024,-0.005734728183597326,1.3350660104096155
1625,32,36,1.0,-0.6,-0.16209536790847778,-0.03238094598054886,1.2933124272967753
1626,32,37,1.0,-0.6,-0.18193688988685608,-0.02968384325504303,1.3123396398492855
1627,32,38,1.0,-0.6,-0.16910551488399506,-0.009278379380702972,1.309870122569127
1628,32,39,1.0,-0.6,-0.22739773988723755,-0.02867581509053707,1.3538524794610236
1629,32,40,1.0,-0.6,-0.18901735544204712,0.04249373823404312,1.351503042990416
1630,32,41,1.0,-0.6,-0.15862061083316803,0.00013344408944249153,1.3048225437054954
1631,32,42,1.0,-0.6,-0.1504867821931839,-0.03545372560620308,1.2815351465851972
1632,32,43,1.0,-0.6,-0.21825359761714935,0.029452554881572723,1.3712594017741744
1633,32,44,1.0,-0.6,-0.1925743669271469,-0.01718679629266262,1.3273676397544487
1634,32,45,1.0,-0.6,-0.23004765808582306,0.013918429613113403,1.3747410953998027
1635,32,46,1.0,-0.6,-0.1675320267677307,-0.039201926440000534,1.29523183748585
1636,32,47,1.0,-0.6,-0.20090775191783905,-0.03653429448604584,1.3265266789276031
1637,32,48,1.0,-0.6,-0.21902136504650116,0.009829118847846985,1.3630497579452396
1638,32,49,1.0,-0.6,-0.15918467938899994,-0.08874889463186264,1.266920208091386
1639,33,0,-0.5,-0.5,-0.03714218735694885,-0.3136243522167206,0.49897218039821306
1640,33,1,-0.5,-0.5,-0.0054664164781570435,-0.2971948981285095,0.5345029228882301
1641,33,2,-0.5,-0.5,-0.005089923739433289,-0.26934874057769775,0.5460183028592852
1642,33,3,-0.5,-0.5,0.0035584010183811188,-0.2740004062652588,0.5519482580862601
1643,33,4,-0.5,-0.5,-0.00367702916264534,-0.2621786296367645,0.5503594239969593
1644,33,5,-0.5,-0.5,0.00386727973818779,-0.2241552472114563,0.5744323835158791
1645,33,6,-0.5,-0.5,-0.01128656417131424,-0.3005184829235077,0.5278576493853413
1646,33,7,-0.5,-0.5,-0.05347481742501259,-0.3446946442127228,0.47276261718735607
1647,33,8,-0.5,-0.5,-0.08984678238630295,-0.2590445876121521,0.47569441102231436
1648,33,9,-0.5,-0.5,0.030872318893671036,-0.19212090969085693,0.6136896228690274
1649,33,10,-0.5,-0.5,0.021812576800584793,-0.25115007162094116,0.5781130098532024
1650,33,11,-0.5,-0.5,0.0034181512892246246,-0.2955206632614136,0.5433614213398968
1651,33,12,-0.5,-0.5,0.013916458934545517,-0.24476659297943115,0.5738067783001084
1652,33,13,-0.5,-0.5,-0.0024532973766326904,-0.28810015320777893,0.5407904089034422
1653,33,14,-0.5,-0.5,0.014028806239366531,-0.19806994497776031,0.5961437509272415
1654,33,15,-0.5,-0.5,-0.0413961298763752,-0.2736506760120392,0.5114210849800518
1655,33,16,-0.5,-0.5,-0.01987532526254654,-0.30404049158096313,0.5185748087128569
1656,33,17,-0.5,-0.5,-0.017456457018852234,-0.28700020909309387,0.5274629672301028
1657,33,18,-0.5,-0.5,-0.09060551971197128,-0.24558192491531372,0.48200871093798936
1658,33,19,-0.5,-0.5,-0.05298839509487152,-0.27980247139930725,0.4983034482338162
1659,33,20,-0.5,-0.5,0.024635080248117447,-0.2791624069213867,0.5692198256769557
1660,33,21,-0.5,-0.5,-0.005598664283752441,-0.2957395017147064,0.534934605272239
1661,33,22,-0.5,-0.5,0.024799566715955734,-0.2481485903263092,0.5821028412401713
1662,33,23,-0.5,-0.5,0.03796548768877983,-0.22391162812709808,0.6046748341279439
1663,33,24,-0.5,-0.5,-0.005841542035341263,-0.28309446573257446,0.5396671125553666
1664,33,25,-0.5,-0.5,-0.0213751420378685,-0.2553219199180603,0.5375398752947121
1665,33,26,-0.5,-0.5,-0.03389851003885269,-0.3107883334159851,0.5030423975327546
1666,33,27,-0.5,-0.5,-0.04180220887064934,-0.27272936701774597,0.5114656942669473
1667,33,28,-0.5,-0.5,-0.015958882868289948,-0.3052563965320587,0.5217479028858598
1668,33,29,-0.5,-0.5,-0.03838305175304413,-0.32909318804740906,0.49223911392800856
1669,33,30,-0.5,-0.5,-0.017799656838178635,-0.3106532394886017,0.5180437883630487
1670,33,31,-0.5,-0.5,-0.15699322521686554,-0.28814205527305603,0.40315931874514915
1671,33,32,-0.5,-0.5,-0.21604911983013153,-0.363141804933548,0.31521146537854555
1672,33,33,-0.5,-0.5,0.017950575798749924,-0.2571534812450409,0.5720552688697651
1673,33,34,-0.5,-0.5,-0.02845112234354019,-0.2542429268360138,0.5317470103622547
1674,33,35,-0.5,-0.5,-0.0213996060192585,-0.3004487454891205,0.5185354764096539
1675,33,36,-0.5,-0.5,-0.011955495923757553,-0.25967490673065186,0.5440069746004607
1676,33,37,-0.5,-0.5,0.014347132295370102,-0.3021315932273865,0.5510942559120022
1677,33,38,-0.5,-0.5,-0.0067495182156562805,-0.2413957267999649,0.55693106206945
1678,33,39,-0.5,-0.5,0.039900194853544235,-0.2074378877878189,0.6140723165108063
1679,33,40,-0.5,-0.5,0.007793251425027847,-0.27543964982032776,0.5552308862677027
1680,33,41,-0.5,-0.5,-0.07581953704357147,-0.2894441783428192,0.4735639546963647
1681,33,42,-0.5,-0.5,-0.039280276745557785,-0.3107057809829712,0.4980913216960487
1682,33,43,-0.5,-0.5,0.0450960136950016,-0.1681814342737198,0.6381482779940937
1683,33,44,-0.5,-0.5,-0.006320208311080933,-0.273386150598526,0.5432067501997453
1684,33,45,-0.5,-0.5,0.0006166845560073853,-0.2577058970928192,0.5561685869944872
1685,33,46,-0.5,-0.5,-0.0733802393078804,-0.3061542809009552,0.4685942626900453
1686,33,47,-0.5,-0.5,-0.07206732779741287,-0.31952226161956787,0.4644336184960802
1687,33,48,-0.5,-0.5,0.017593543976545334,-0.2852415144443512,0.5603786968509382
1688,34,0,-0.4,-0.5,-0.21772374212741852,-0.35711437463760376,0.23160512973428476
1689,34,1,-0.4,-0.5,-0.2082228809595108,-0.3502199053764343,0.2433362696617877
1690,34,2,-0.4,-0.5,-0.23167599737644196,-0.35741299390792847,0.22059923881445292
1691,34,3,-0.4,-0.5,-0.23328952491283417,-0.36926427483558655,0.21185894443722122
1692,34,4,-0.4,-0.5,-0.21082769334316254,-0.3468947112560272,0.24336678295783062
1693,34,5,-0.4,-0.5,-0.230325385928154,-0.3584558963775635,0.22096200562700577
1694,34,6,-0.4,-0.5,-0.2180202305316925,-0.3621271848678589,0.2283102048709166
1695,34,7,-0.4,-0.5,-0.21546781063079834,-0.36640238761901855,0.22781670471519397
1696,34,8,-0.4,-0.5,-0.22018109261989594,-0.3508654236793518,0.2336149851908342
1697,34,9,-0.4,-0.5,-0.22511546313762665,-0.35505861043930054,0.2271400617270174
1698,34,10,-0.4,-0.5,-0.20483513176441193,-0.3402579426765442,0.25220398623206713
1699,34,11,-0.4,-0.5,-0.226501002907753,-0.3538914620876312,0.22682505779323775
1700,34,12,-0.4,-0.5,-0.2195724993944168,-0.36161768436431885,0.22738458227300948
1701,34,13,-0.4,-0.5,-0.22544455528259277,-0.36429327726364136,0.22110160080002755
1702,34,14,-0.4,-0.5,-0.22596271336078644,-0.34866786003112793,0.2306304267183714
1703,34,15,-0.4,-0.5,-0.20641878247261047,-0.3652809262275696,0.2358451114979661
1704,34,16,-0.4,-0.5,-0.22298751771450043,-0.35593706369400024,0.2282269670787851
1705,34,17,-0.4,-0.5,-0.2217663824558258,-0.35486549139022827,0.22985049056350276
1706,34,18,-0.4,-0.5,-0.21772080659866333,-0.35189369320869446,0.23486417874678595
1707,34,19,-0.4,-0.5,-0.22107787430286407,-0.34662967920303345,0.23565988705196764
1708,34,20,-0.4,-0.5,-0.22555123269557953,-0.3347364068031311,0.24030070255904792
1709,34,21,-0.4,-0.5,-0.2203541249036789,-0.36109229922294617,0.22708586432072458
1710,34,22,-0.4,-0.5,-0.22627629339694977,-0.34734636545181274,0.23126404471226
1711,34,23,-0.4,-0.5,-0.2347961664199829,-0.34333786368370056,0.22767373933925883
1712,34,24,-0.4,-0.5,-0.2169492393732071,-0.35158297419548035,0.23565906414714224
1713,34,25,-0.4,-0.5,-0.2305239737033844,-0.3618997633457184,0.2186179289382729
1714,34,26,-0.4,-0.5,-0.22907981276512146,-0.35129472613334656,0.226554560492969
1715,34,27,-0.4,-0.5,-0.22394154965877533,-0.3660140335559845,0.22124379571072797
1716,34,28,-0.4,-0.5,-0.2217736691236496,-0.3522177040576935,0.2315258776284539
1717,34,29,-0.4,-0.5,-0.21964456140995026,-0.3509778380393982,0.23395659636868768
1718,34,30,-0.4,-0.5,-0.20243646204471588,-0.3538569509983063,0.24574202388057367
1719,34,31,-0.4,-0.5,-0.21510346233844757,-0.36283454298973083,0.23021966083735307
1720,34,32,-0.4,-0.5,-0.2179369330406189,-0.3663516640663147,0.22585136273332357
1721,34,33,-0.4,-0.5,-0.22686417400836945,-0.35232600569725037,0.22756015212495512
1722,34,34,-0.4,-0.5,-0.22002024948596954,-0.35202884674072266,0.23299822486871696
1723,34,35,-0.4,-0.5,-0.22439472377300262,-0.35774222016334534,0.22599665697265117
1724,34,36,-0.4,-0.5,-0.22428590059280396,-0.34766197204589844,0.23255605666468163
1725,34,37,-0.4,-0.5,-0.2181106060743332,-0.35058581829071045,0.23538978167818372
1726,34,38,-0.4,-0.5,-0.21123753488063812,-0.3447624444961548,0.24439714989489492
1727,34,39,-0.4,-0.5,-0.2123839408159256,-0.3512137234210968,0.2394517524721337
1728,34,40,-0.4,-0.5,-0.20122100412845612,-0.3502630591392517,0.2488659089912367
1729,34,41,-0.4,-0.5,-0.2164056897163391,-0.34709596633911133,0.23892784324624733
1730,34,42,-0.4,-0.5,-0.22286763787269592,-0.35311928391456604,0.23010827553690513
1731,34,43,-0.4,-0.5,-0.24353578686714172,-0.34531185030937195,0.22002152996012608
1732,34,44,-0.4,-0.5,-0.24648703634738922,-0.3544735312461853,0.2115282087981714
1733,34,45,-0.4,-0.5,-0.20265237987041473,-0.36579132080078125,0.23865886269571032
1734,34,46,-0.4,-0.5,-0.22208023071289062,-0.35500264167785645,0.22952053987296722
1735,34,47,-0.4,-0.5,-0.26275548338890076,-0.46666595339775085,0.141234613330781
1736,34,48,-0.4,-0.5,-0.20566539466381073,-0.3721773326396942,0.23260389747868765
1737,35,0,-0.3,-0.5,-0.046604447066783905,-0.284233421087265,0.33281304484956087
1738,35,1,-0.3,-0.5,-0.04360262304544449,-0.3061099946498871,0.3214544276936363
1739,35,2,-0.3,-0.5,-0.05898251757025719,-0.287472665309906,0.32133673121391926
1740,35,3,-0.3,-0.5,-0.04513334482908249,-0.2786753475666046,0.33755238659025155
1741,35,4,-0.3,-0.5,-0.05192326754331589,-0.3077240288257599,0.3138663955847813
1742,35,5,-0.3,-0.5,-0.12410883605480194,-0.26048028469085693,0.2971656029485403
1743,35,6,-0.3,-0.5,-0.05107717588543892,-0.28708416223526,0.32756026367102253
1744,35,7,-0.3,-0.5,-0.040657125413417816,-0.2785227298736572,0.3410438502325598
1745,35,8,-0.3,-0.5,-0.0791625827550888,-0.2959420084953308,0.30068060920571954
1746,35,9,-0.3,-0.5,-0.05589544400572777,-0.28673574328422546,0.32414298920336465
1747,35,10,-0.3,-0.5,-0.04432804509997368,-0.29102960228919983,0.33020717079102185
1748,35,11,-0.3,-0.5,-0.050712987780570984,-0.2676064372062683,0.3408090117488883
1749,35,12,-0.3,-0.5,-0.053079985082149506,-0.2972312867641449,0.31950687760102436
1750,35,13,-0.3,-0.5,-0.05266580730676651,-0.3004104197025299,0.3178210242235932
1751,35,14,-0.3,-0.5,-0.04115878418087959,-0.2979046702384949,0.3283919872928266
1752,35,15,-0.3,-0.5,-0.07763698697090149,-0.2971445918083191,0.3009910732829007
1753,35,16,-0.3,-0.5,-0.051436394453048706,-0.2775169909000397,0.3335904005523441
1754,35,17,-0.3,-0.5,-0.021727051585912704,-0.3656473755836487,0.30900883726299877
1755,35,18,-0.3,-0.5,-0.04798998683691025,-0.2820001542568207,0.3332161152743226
1756,35,19,-0.3,-0.5,-0.0383668951690197,-0.2866676449775696,0.33758343449126027
1757,35,20,-0.3,-0.5,-0.13094837963581085,-0.27662816643714905,0.2801310878445802
1758,35,21,-0.3,-0.5,-0.05415032431483269,-0.28864455223083496,0.32421164127188
1759,35,22,-0.3,-0.5,-0.10693147778511047,-0.2534695863723755,0.31313367610918014
1760,35,23,-0.3,-0.5,-0.04764119163155556,-0.2957914173603058,0.32463227409617496
1761,35,24,-0.3,-0.5,-0.04843074828386307,-0.28156793117523193,0.33316611037151617
1762,35,25,-0.3,-0.5,-0.053309306502342224,-0.27937430143356323,0.33095618611272937
1763,35,26,-0.3,-0.5,-0.05161415785551071,-0.2901938855648041,0.32513709759457116
1764,35,27,-0.3,-0.5,-0.05575333535671234,-0.29839572310447693,0.31670288544933933
1765,35,28,-0.3,-0.5,-0.02283034846186638,-0.29733195900917053,0.34336183622067107
1766,35,29,-0.3,-0.5,-0.057423606514930725,-0.2932303249835968,0.31874285118667706
1767,35,30,-0.3,-0.5,-0.053027696907520294,-0.28503260016441345,0.32742373384786355
1768,35,31,-0.3,-0.5,-0.06582969427108765,-0.31455251574516296,0.29870805396175765
1769,35,32,-0.3,-0.5,-0.049010902643203735,-0.2882287800312042,0.32839393508262515
1770,35,33,-0.3,-0.5,-0.057741306722164154,-0.2892751097679138,0.3210829391792864
1771,35,34,-0.3,-0.5,-0.048260316252708435,-0.294711709022522,0.3248324965049526
1772,35,35,-0.3,-0.5,-0.05830707401037216,-0.29979658126831055,0.31384212487377133
1773,35,36,-0.3,-0.5,-0.04621429741382599,-0.2885407507419586,0.3303364904668154
1774,35,37,-0.3,-0.5,-0.027115970849990845,-0.2832573652267456,0.3484868191102719
1775,35,38,-0.3,-0.5,-0.04684263840317726,-0.28516608476638794,0.33202750016416904
1776,35,39,-0.3,-0.5,-0.06362200528383255,-0.27908855676651,0.32353735817914436
1777,35,40,-0.3,-0.5,-0.03788791969418526,-0.29094138741493225,0.3352733901433803
1778,35,41,-0.3,-0.5,-0.11231981217861176,-0.267185240983963,0.29904274764047856
1779,35,42,-0.3,-0.5,-0.1253175437450409,-0.26832953095436096,0.2901468020693871
1780,35,43,-0.3,-0.5,-0.05501965805888176,-0.2864038646221161,0.3250210408357504
1781,35,44,-0.3,-0.5,-0.05093356966972351,-0.2894870638847351,0.3261131444596125
1782,35,45,-0.3,-0.5,-0.034272097051143646,-0.2842364013195038,0.3422940971170187
1783,35,46,-0.3,-0.5,-0.05874171108007431,-0.29255709052085876,0.3181793875563619
1784,35,47,-0.3,-0.5,-0.04991242289543152,-0.28872743248939514,0.3273834052064285
1785,35,48,-0.3,-0.5,-0.050485141575336456,-0.3089632987976074,0.3142494006055892
1786,36,0,-0.2,-0.5,-0.02024652436375618,-0.2992609143257141,0.2694577750235795
1787,36,1,-0.2,-0.5,-0.01678568124771118,-0.31043872237205505,0.263630355937635
1788,36,2,-0.2,-0.5,-0.015239711850881577,-0.3156697154045105,0.26098662397908334
1789,36,3,-0.2,-0.5,-0.01604846864938736,-0.3148101568222046,0.26102383780500177
1790,36,4,-0.2,-0.5,-0.01650288701057434,-0.30864018201828003,0.2651221801612439
1791,36,5,-0.2,-0.5,-0.0191650353372097,-0.3140825927257538,0.25935798960543044
1792,36,6,-0.2,-0.5,-0.01909526064991951,-0.3091151714324951,0.2629896243135198
1793,36,7,-0.2,-0.5,-0.019899219274520874,-0.3085063099861145,0.26288043771467895
1794,36,8,-0.2,-0.5,-0.013871662318706512,-0.3127959966659546,0.2639869257222693
1795,36,9,-0.2,-0.5,-0.019080080091953278,-0.3067961633205414,0.2646880048797017
1796,36,10,-0.2,-0.5,-0.016736965626478195,-0.30992478132247925,0.2640339533527799
1797,36,11,-0.2,-0.5,-0.010362528264522552,-0.31550300121307373,0.26457799086017547
1798,36,12,-0.2,-0.5,-0.020613525062799454,-0.31160423159599304,0.26013933370970854
1799,36,13,-0.2,-0.5,-0.01799079403281212,-0.30831804871559143,0.2643280565982442
1800,36,14,-0.2,-0.5,-0.016138777136802673,-0.3142348825931549,0.26136875887896255
1801,36,15,-0.2,-0.5,-0.01537461206316948,-0.31311914324760437,0.2626994261343838
1802,36,16,-0.2,-0.5,-0.03433055430650711,-0.2727124094963074,0.2812579137257536
1803,36,17,-0.2,-0.5,-0.017581656575202942,-0.3141956627368927,0.26038376248074635
1804,36,18,-0.2,-0.5,-0.013982091099023819,-0.3157390058040619,0.26182967061425144
1805,36,19,-0.2,-0.5,-0.030493099242448807,-0.27798449993133545,0.27932681875389176
1806,36,20,-0.2,-0.5,-0.021265890449285507,-0.3190765082836151,0.2543210407570235
1807,36,21,-0.2,-0.5,-0.021737858653068542,-0.31319671869277954,0.25821087689084266
1808,36,22,-0.2,-0.5,-0.020179376006126404,-0.31357088685035706,0.2590198275099967
1809,36,23,-0.2,-0.5,-0.01918555051088333,-0.30871039628982544,0.26322153717286884
1810,36,24,-0.2,-0.5,-0.01569928601384163,-0.3135252594947815,0.26218234498588255
1811,36,25,-0.2,-0.5,-0.01862432062625885,-0.3146503269672394,0.259329208462212
1812,36,26,-0.2,-0.5,-0.020444486290216446,-0.31332990527153015,0.259009472354816
1813,36,27,-0.2,-0.5,-0.014839518815279007,-0.3145393431186676,0.2620688059335043
1814,36,28,-0.2,-0.5,-0.0184364914894104,-0.31413015723228455,0.2598324576975906
1815,36,29,-0.2,-0.5,-0.029898378998041153,-0.30212002992630005,0.26094260676221975
1816,36,30,-0.2,-0.5,-0.01303170621395111,-0.31215187907218933,0.26503595872518065
1817,36,31,-0.2,-0.5,-0.014073025435209274,-0.31465020775794983,0.26253263674253435
1818,36,32,-0.2,-0.5,-0.02308668941259384,-0.2741594910621643,0.2868836958425778
1819,36,33,-0.2,-0.5,-0.04570405185222626,-0.27793464064598083,0.2704075876151595
1820,36,34,-0.2,-0.5,-0.02310590073466301,-0.3133373558521271,0.2571662207117613
1821,36,35,-0.2,-0.5,-0.018936607986688614,-0.3131895363330841,0.26015783913388846
1822,36,36,-0.2,-0.5,-0.02368840202689171,-0.314893901348114,0.25563655321168904
1823,36,37,-0.2,-0.5,-0.01756933331489563,-0.3116283118724823,0.26223051125904945
1824,36,38,-0.2,-0.5,-0.035845980048179626,-0.30458682775497437,0.25521138327513276
1825,36,39,-0.2,-0.5,-0.015172701328992844,-0.31441348791122437,0.2619226676011432
1826,36,40,-0.2,-0.5,-0.021998733282089233,-0.30780279636383057,0.2619622416279567
1827,36,41,-0.2,-0.5,-0.018095113337039948,-0.31523725390434265,0.2592810446921886
1828,36,42,-0.2,-0.5,-0.046872496604919434,-0.26731690764427185,0.27854883551046256
1829,36,43,-0.2,-0.5,-0.016849372535943985,-0.31502681970596313,0.26030603098769667
1830,36,44,-0.2,-0.5,-0.021555308252573013,-0.31141653656959534,0.2596270993025208
1831,36,45,-0.2,-0.5,-0.0152537040412426,-0.31324076652526855,0.26269793520039325
1832,36,46,-0.2,-0.5,-0.012179635465145111,-0.3125923275947571,0.2653264498883529
1833,36,47,-0.2,-0.5,-0.018495958298444748,-0.31195318698883057,0.2613528669015468
1834,36,48,-0.2,-0.5,-0.020848628133535385,-0.3120417594909668,0.2596603824554063
1835,37,0,-0.1,-0.5,-0.06729345768690109,-0.43693214654922485,0.07104415562850318
1836,37,1,-0.1,-0.5,-0.06775474548339844,-0.4293859004974365,0.07762800710696076
1837,37,2,-0.1,-0.5,-0.06955259293317795,-0.4359150528907776,0.0709501588658165
1838,37,3,-0.1,-0.5,-0.059905070811510086,-0.4489046633243561,0.06494872421092984
1839,37,4,-0.1,-0.5,-0.0643845871090889,-0.43964236974716187,0.07008210303014885
1840,37,5,-0.1,-0.5,-0.06415631622076035,-0.4430043697357178,0.0673295740079268
1841,37,6,-0.1,-0.5,-0.08302861452102661,-0.4286000728607178,0.07338921937567343
1842,37,7,-0.1,-0.5,-0.05431177094578743,-0.45406705141067505,0.06478618710975174
1843,37,8,-0.1,-0.5,-0.06669545918703079,-0.4402505159378052,0.0684046291157346
1844,37,9,-0.1,-0.5,-0.0681113675236702,-0.4372839331626892,0.07035758609242126
1845,37,10,-0.1,-0.5,-0.06395455449819565,-0.44231271743774414,0.06802276612165295
1846,37,11,-0.1,-0.5,-0.06921517848968506,-0.4372241199016571,0.06991792586700118
1847,37,12,-0.1,-0.5,-0.06616239249706268,-0.44027623534202576,0.06864336636881917
1848,37,13,-0.1,-0.5,-0.06460382044315338,-0.4454939067363739,0.06499079727225719
1849,37,14,-0.1,-0.5,-0.06396403163671494,-0.4416663944721222,0.06856675980212087
1850,37,15,-0.1,-0.5,-0.06710372120141983,-0.4406760334968567,0.06783434351757216
1851,37,16,-0.1,-0.5,-0.08577815443277359,-0.4185653328895569,0.08266719965455901
1852,37,17,-0.1,-0.5,-0.06579309701919556,-0.4382937252521515,0.0705533596279804
1853,37,18,-0.1,-0.5,-0.06846742331981659,-0.4348205626010895,0.07240623213322278
1854,37,19,-0.1,-0.5,-0.0691046342253685,-0.43130728602409363,0.07532073140725569
1855,37,20,-0.1,-0.5,-0.06586893647909164,-0.43228551745414734,0.07582994555926349
1856,37,21,-0.1,-0.5,-0.06525759398937225,-0.4387570321559906,0.07041119148082692
1857,37,22,-0.1,-0.5,-0.0657295286655426,-0.43931159377098083,0.06969611076741886
1858,37,23,-0.1,-0.5,-0.06554355472326279,-0.4420320391654968,0.06743538466131324
1859,37,24,-0.1,-0.5,-0.06162211298942566,-0.4477344751358032,0.0648424806799245
1860,37,25,-0.1,-0.5,-0.06107626482844353,-0.43787050247192383,0.07331528914760335
1861,37,26,-0.1,-0.5,-0.08650852739810944,-0.41796770691871643,0.08313433070122817
1862,37,27,-0.1,-0.5,-0.06944388151168823,-0.4352145791053772,0.0716297922485133
1863,37,28,-0.1,-0.5,-0.06197891756892204,-0.44560539722442627,0.06636546933717322
1864,37,29,-0.1,-0.5,-0.07341720163822174,-0.4269047975540161,0.07777887752701455
1865,37,30,-0.1,-0.5,-0.06546757370233536,-0.4424547851085663,0.06711140158650336
1866,37,31,-0.1,-0.5,-0.06520794332027435,-0.44473347067832947,0.0653060217075601
1867,37,32,-0.1,-0.5,-0.06586477905511856,-0.4415441155433655,0.06769271553544945
1868,37,33,-0.1,-0.5,-0.06390669196844101,-0.4433627724647522,0.06716027417707907
1869,37,34,-0.1,-0.5,-0.06442176550626755,-0.44117674231529236,0.0687458101583837
1870,37,35,-0.1,-0.5,-0.06574748456478119,-0.44112956523895264,0.06810993248120745
1871,37,36,-0.1,-0.5,-0.06810802966356277,-0.43722841143608093,0.07040859395541234
1872,37,37,-0.1,-0.5,-0.07229433208703995,-0.42944031953811646,0.07580417232175506
1873,37,38,-0.1,-0.5,-0.060253337025642395,-0.4457433819770813,0.06725754840077117
1874,37,39,-0.1,-0.5,-0.0684027299284935,-0.43527597188949585,0.07202490743361668
1875,37,40,-0.1,-0.5,-0.06736469268798828,-0.43687134981155396,0.07106539071844069
1876,37,41,-0.1,-0.5,-0.06325776875019073,-0.44278115034103394,0.06799991406987087
1877,37,42,-0.1,-0.5,-0.06911337375640869,-0.42976081371307373,0.07673022201819069
1878,37,43,-0.1,-0.5,-0.06660435348749161,-0.43722614645957947,0.0711043310516496
1879,37,44,-0.1,-0.5,-0.0849790945649147,-0.4312589466571808,0.07036305859447906
1880,37,45,-0.1,-0.5,-0.06866753101348877,-0.43707194924354553,0.07029696426445169
1881,37,46,-0.1,-0.5,-0.0708625465631485,-0.43531402945518494,0.07094551415071548
1882,37,47,-0.1,-0.5,-0.06545056402683258,-0.44329991936683655,0.06639700798884866
1883,37,48,-0.1,-0.5,-0.0818164199590683,-0.4259420931339264,0.07625756455912425
1884,37,49,-0.1,-0.5,-0.07236433029174805,-0.43132802844047546,0.07402411713823909
1885,38,0,0.0,-0.5,-0.09339633584022522,-0.29606491327285767,0.2243042468318137
1886,38,1,0.0,-0.5,-0.08197499811649323,-0.2765517234802246,0.2380105724455472
1887,38,2,0.0,-0.5,-0.10001225024461746,-0.3007921278476715,0.22290407471926224
1888,38,3,0.0,-0.5,-0.0949873998761177,-0.3069011867046356,0.21519702096289223
1889,38,4,0.0,-0.5,-0.0952482521533966,-0.3078937828540802,0.21442254593300658
1890,38,5,0.0,-0.5,-0.06753521412611008,-0.3233834505081177,0.18908836744093502
1891,38,6,0.0,-0.5,-0.09224960207939148,-0.2845093607902527,0.23440606790531587
1892,38,7,0.0,-0.5,-0.08484803885221481,-0.3138294219970703,0.20459392417912092
1893,38,8,0.0,-0.5,-0.10632388293743134,-0.31704211235046387,0.21160897130337572
1894,38,9,0.0,-0.5,-0.04206540435552597,-0.3403163254261017,0.1651313845670064
1895,38,10,0.0,-0.5,-0.04973641037940979,-0.25110679864883423,0.2538139795130698
1896,38,11,0.0,-0.5,-0.09439988434314728,-0.31518298387527466,0.2075299198025349
1897,38,12,0.0,-0.5,-0.11436766386032104,-0.3051393926143646,0.2259438400301414
1898,38,13,0.0,-0.5,-0.08782166242599487,-0.2990148067474365,0.21933465822353676
1899,38,14,0.0,-0.5,-0.09709431231021881,-0.2697412669658661,0.24989275624050983
1900,38,15,0.0,-0.5,-0.10262123495340347,-0.3141208589076996,0.2123256295329722
1901,38,16,0.0,-0.5,-0.0851188525557518,-0.3046804666519165,0.21306088136427323
1902,38,17,0.0,-0.5,-0.13819082081317902,-0.3234502077102661,0.22420198954194928
1903,38,18,0.0,-0.5,-0.09884246438741684,-0.3082590699195862,0.21571837435480526
1904,38,19,0.0,-0.5,-0.08485129475593567,-0.28757810592651367,0.22874178302952464
1905,38,20,0.0,-0.5,-0.098027803003788,-0.3121950328350067,0.211849370670752
1906,38,21,0.0,-0.5,-0.09027756750583649,-0.3016630709171295,0.21791644415416303
1907,38,22,0.0,-0.5,-0.09038282930850983,-0.29671964049339294,0.22246788621045202
1908,38,23,0.0,-0.5,-0.12192928791046143,-0.30248862504959106,0.2321152612069125
1909,38,24,0.0,-0.5,-0.1015615165233612,-0.31502750515937805,0.21102029638423145
1910,38,25,0.0,-0.5,-0.11555786430835724,-0.31888681650161743,0.2148385562240342
1911,38,26,0.0,-0.5,-0.11230243742465973,-0.31998032331466675,0.2121766279433518
1912,38,27,0.0,-0.5,-0.093048095703125,-0.30905085802078247,0.21241356580166268
1913,38,28,0.0,-0.5,-0.09490394592285156,-0.31488922238349915,0.20802105408230478
1914,38,29,0.0,-0.5,-0.12326879799365997,-0.3156294524669647,0.22178299158509196
1915,38,30,0.0,-0.5,-0.08247633278369904,-0.30996161699295044,0.2071640231444194
1916,38,31,0.0,-0.5,-0.09008822590112686,-0.30792713165283203,0.21215059557097873
1917,38,32,0.0,-0.5,-0.10134926438331604,-0.28073859214782715,0.24155173020360707
1918,38,33,0.0,-0.5,-0.0654657855629921,-0.25955522060394287,0.24919763445546236
1919,38,34,0.0,-0.5,-0.16794733703136444,-0.3033507466316223,0.2586063357040332
1920,38,35,0.0,-0.5,-0.10276153683662415,-0.3032234013080597,0.22199316035813757
1921,38,36,0.0,-0.5,-0.11449423432350159,-0.3111715316772461,0.22082825938371692
1922,38,37,0.0,-0.5,-0.04927860572934151,-0.3239755630493164,0.18279218633856611
1923,38,38,0.0,-0.5,-0.09995386749505997,-0.3292246162891388,0.19787624240623705
1924,38,39,0.0,-0.5,-0.08496314287185669,-0.3027142286300659,0.2148031918563908
1925,38,40,0.0,-0.5,-0.11489103734493256,-0.31631502509117126,0.21665668803305319
1926,38,41,0.0,-0.5,-0.1137525737285614,-0.30076971650123596,0.22941742281890817
1927,38,42,0.0,-0.5,-0.10494054853916168,-0.32087409496307373,0.20760204378328764
1928,38,43,0.0,-0.5,-0.06682480871677399,-0.3205035924911499,0.19153202178386936
1929,38,44,0.0,-0.5,-0.05579037591814995,-0.3108251988887787,0.19722999624945142
1930,38,45,0.0,-0.5,-0.11455029249191284,-0.31027093529701233,0.2216278130178008
1931,38,46,0.0,-0.5,-0.08589868992567062,-0.302728533744812,0.21516183753030713
1932,38,47,0.0,-0.5,-0.08804454654455185,-0.2997435927391052,0.2187566474996294
1933,38,48,0.0,-0.5,-0.10461561381816864,-0.3185681700706482,0.20943241288316725
1934,38,49,0.0,-0.5,-0.09395003318786621,-0.30313780903816223,0.21813145340893927
1935,39,0,0.1,-0.5,-0.04564777761697769,-0.5017353296279907,0.14565811509724536
1936,39,1,0.1,-0.5,-0.045203257352113724,-0.5056972503662109,0.1453149841117545
1937,39,2,0.1,-0.5,-0.043716829270124435,-0.5109288096427917,0.14413176574116643
1938,39,3,0.1,-0.5,-0.061189521104097366,-0.4938085377216339,0.1613083876272796
1939,39,4,0.1,-0.5,-0.04727865010499954,-0.5075891017913818,0.14747404938751374
1940,39,5,0.1,-0.5,-0.050483107566833496,-0.5040051937103271,0.15053639838799263
1941,39,6,0.1,-0.5,-0.05397728830575943,-0.50062495470047,0.15397855656672652
1942,39,7,0.1,-0.5,-0.04893147572875023,-0.5019572973251343,0.148944336836156
1943,39,8,0.1,-0.5,-0.0432703010737896,-0.5034323930740356,0.14331141089246524
1944,39,9,0.1,-0.5,-0.046396009624004364,-0.5037107467651367,0.14644303081876772
1945,39,10,0.1,-0.5,-0.04742364585399628,-0.5096009969711304,0.14773594856948044
1946,39,11,0.1,-0.5,-0.04735773056745529,-0.5075175166130066,0.14754936060185952
1947,39,12,0.1,-0.5,-0.0466378889977932,-0.5097010731697083,0.1469584339545477
1948,39,13,0.1,-0.5,-0.04241517558693886,-0.5085628628730774,0.14267236893681184
1949,39,14,0.1,-0.5,-0.04473554715514183,-0.5036863088607788,0.14478248334420618
1950,39,15,0.1,-0.5,-0.048200272023677826,-0.501770555973053,0.14821084810615526
1951,39,16,0.1,-0.5,-0.0439634695649147,-0.5055128931999207,0.14406898542226865
1952,39,17,0.1,-0.5,-0.051657579839229584,-0.5010213851928711,0.15166101921853392
1953,39,18,0.1,-0.5,-0.04372509568929672,-0.5112282037734985,0.14416301776418497
1954,39,19,0.1,-0.5,-0.04767955467104912,-0.5105257034301758,0.14805418366442538
1955,39,20,0.1,-0.5,-0.04606644809246063,-0.5060352087020874,0.14619107702737966
1956,39,21,0.1,-0.5,-0.045646753162145615,-0.5040590167045593,0.14570330237603699
1957,39,22,0.1,-0.5,-0.04896146431565285,-0.4980354309082031,0.14897441855157537
1958,39,23,0.1,-0.5,-0.047210726886987686,-0.5039423704147339,0.14726350666435406
1959,39,24,0.1,-0.5,-0.04511409252882004,-0.5034137964248657,0.1451542416069657
1960,39,25,0.1,-0.5,-0.050443440675735474,-0.5032416582107544,0.15047836120289484
1961,39,26,0.1,-0.5,-0.04727831482887268,-0.5107833743095398,0.14767255391687442
1962,39,27,0.1,-0.5,-0.04749394953250885,-0.5083181858062744,0.14772832282201667
1963,39,28,0.1,-0.5,-0.08365485072135925,-0.4692939817905426,0.18620409165151092
1964,39,29,0.1,-0.5,-0.04486777260899544,-0.49866047501564026,0.14487396545920642
1965,39,30,0.1,-0.5,-0.043577469885349274,-0.49987009167671204,0.14357752865560416
1966,39,31,0.1,-0.5,-0.04851489141583443,-0.5003379583358765,0.14851527594188377
1967,39,32,0.1,-0.5,-0.04512324184179306,-0.5063683986663818,0.14526290587842972
1968,39,33,0.1,-0.5,-0.047623541206121445,-0.5062435865402222,0.1477555152646448
1969,39,34,0.1,-0.5,-0.043118514120578766,-0.510779082775116,0.143523857631946
1970,39,35,0.1,-0.5,-0.047072961926460266,-0.5081759095191956,0.14730003946465223
1971,39,36,0.1,-0.5,-0.04465293884277344,-0.5061724781990051,0.14478457170212697
1972,39,37,0.1,-0.5,-0.04479406774044037,-0.4942653179168701,0.14490758652126468
1973,39,38,0.1,-0.5,-0.08276110887527466,-0.46679458022117615,0.1857531233115823
1974,39,39,0.1,-0.5,-0.050073280930519104,-0.5037222504615784,0.1501194351100124
1975,39,40,0.1,-0.5,-0.04539893567562103,-0.5078687071800232,0.14561169955840889
1976,39,41,0.1,-0.5,-0.04698716849088669,-0.5107869505882263,0.14738244808647044
1977,39,42,0.1,-0.5,-0.04917436093091965,-0.5089644193649292,0.1494434701607889
1978,39,43,0.1,-0.5,-0.061250485479831696,-0.47644492983818054,0.16296183724360025
1979,39,44,0.1,-0.5,-0.04432472586631775,-0.5021078586578369,0.1443401176544802
1980,39,45,0.1,-0.5,-0.05850832909345627,-0.4948285222053528,0.15859266872897992
1981,39,46,0.1,-0.5,-0.04617254063487053,-0.5038681030273438,0.1462237116772893
1982,39,47,0.1,-0.5,-0.04781331494450569,-0.504396915435791,0.14787869670859669
1983,39,48,0.1,-0.5,-0.04668833315372467,-0.5064378976821899,0.14682953929637071
1984,39,49,0.1,-0.5,-0.04661957174539566,-0.5079689621925354,0.14683597371635224
1985,40,0,0.2,-0.5,-0.05820342153310776,-0.38127368688583374,0.2841917386503112
1986,40,1,0.2,-0.5,-0.05974756181240082,-0.3841949701309204,0.28439339094019994
1987,40,2,0.2,-0.5,-0.05552808195352554,-0.3946440517902374,0.27639550736223234
1988,40,3,0.2,-0.5,-0.05797019600868225,-0.3903164267539978,0.2803196537326077
1989,40,4,0.2,-0.5,-0.05947981774806976,-0.38646018505096436,0.2832332349799945
1990,40,5,0.2,-0.5,-0.06359916925430298,-0.3829873502254486,0.2884033325723205
1991,40,6,0.2,-0.5,-0.056046053767204285,-0.3833841383457184,0.2813518097313906
1992,40,7,0.2,-0.5,-0.062319252640008926,-0.3821733295917511,0.28756653936977256
1993,40,8,0.2,-0.5,-0.07778791338205338,-0.33506423234939575,0.32306335643593087
1994,40,9,0.2,-0.5,-0.05738760158419609,-0.3900531530380249,0.2798869175330366
1995,40,10,0.2,-0.5,-0.06152958422899246,-0.3882202208042145,0.28441596731556446
1996,40,11,0.2,-0.5,-0.05872992426156998,-0.38517290353775024,0.28306613324512797
1997,40,12,0.2,-0.5,-0.06176111847162247,-0.38248923420906067,0.2869279756668697
1998,40,13,0.2,-0.5,-0.06451817601919174,-0.3821958899497986,0.2895646280007972
1999,40,14,0.2,-0.5,-0.05949544906616211,-0.38489797711372375,0.28387737450977313
2000,40,15,0.2,-0.5,-0.05834716185927391,-0.3905138373374939,0.28058951487057143
2001,40,16,0.2,-0.5,-0.057641856372356415,-0.3910212516784668,0.2797421915634501
2002,40,17,0.2,-0.5,-0.05634558945894241,-0.3909744322299957,0.2785671115954366
2003,40,18,0.2,-0.5,-0.05990277975797653,-0.38579410314559937,0.28388807971142654
2004,40,19,0.2,-0.5,-0.05957841873168945,-0.3813023567199707,0.28542965156317834
2005,40,20,0.2,-0.5,-0.07678508013486862,-0.3550769090652466,0.3124302848178269
2006,40,21,0.2,-0.5,-0.055854812264442444,-0.38418489694595337,0.2808466183778835
2007,40,22,0.2,-0.5,-0.056583479046821594,-0.3920171856880188,0.27837990212388997
2008,40,23,0.2,-0.5,-0.060103416442871094,-0.3859974145889282,0.28399009969656047
2009,40,24,0.2,-0.5,-0.05669040605425835,-0.3831804394721985,0.28202264852704423
2010,40,25,0.2,-0.5,-0.06349223852157593,-0.37424027919769287,0.2919651813785084
2011,40,26,0.2,-0.5,-0.06611520797014236,-0.386347234249115,0.28936871820536797
2012,40,27,0.2,-0.5,-0.06396975368261337,-0.38473859429359436,0.28803684226965864
2013,40,28,0.2,-0.5,-0.062004994601011276,-0.38706499338150024,0.285308487283145
2014,40,29,0.2,-0.5,-0.058005161583423615,-0.387775719165802,0.28135556261151384
2015,40,30,0.2,-0.5,-0.05838712677359581,-0.38320326805114746,0.2835584311499949
2016,40,31,0.2,-0.5,-0.06413745880126953,-0.37933385372161865,0.29039441454626513
2017,40,32,0.2,-0.5,-0.061531659215688705,-0.38421449065208435,0.28601589631883645
2018,40,33,0.2,-0.5,-0.055327385663986206,-0.3826581835746765,0.2810003127258051
2019,40,34,0.2,-0.5,-0.05981850624084473,-0.39041250944137573,0.28198417379732577
2020,40,35,0.2,-0.5,-0.07196471095085144,-0.3284022808074951,0.3215751564325981
2021,40,36,0.2,-0.5,-0.057615045458078384,-0.3831689953804016,0.28286921940499715
2022,40,37,0.2,-0.5,-0.062028493732213974,-0.3816000819206238,0.2875369056812984
2023,40,38,0.2,-0.5,-0.0587819367647171,-0.3815367817878723,0.2846078439974419
2024,40,39,0.2,-0.5,-0.060503654181957245,-0.37786632776260376,0.2877130301817151
2025,40,40,0.2,-0.5,-0.05781760811805725,-0.38579773902893066,0.28197885641767606
2026,40,41,0.2,-0.5,-0.05908767133951187,-0.3905748426914215,0.28124773153243043
2027,40,42,0.2,-0.5,-0.06123211234807968,-0.38676509261131287,0.2847180373161565
2028,40,43,0.2,-0.5,-0.05869320034980774,-0.38478490710258484,0.2831902002869905
2029,40,44,0.2,-0.5,-0.06160996854305267,-0.3864526152610779,0.2851890324366381
2030,40,45,0.2,-0.5,-0.06255080550909042,-0.3853664696216583,0.2864852033883677
2031,40,46,0.2,-0.5,-0.057489074766635895,-0.385519802570343,0.2817913043862629
2032,40,47,0.2,-0.5,-0.057943105697631836,-0.38587653636932373,0.28206171439598454
2033,40,48,0.2,-0.5,-0.06519021838903427,-0.3870076835155487,0.2882587648515585
2034,41,0,0.3,-0.5,-0.11710384488105774,-0.3614163100719452,0.439523670043647
2035,41,1,0.3,-0.5,-0.09052793681621552,-0.31611156463623047,0.43165614335309216
2036,41,2,0.3,-0.5,-0.10893473774194717,-0.3521198034286499,0.4348518969374013
2037,41,3,0.3,-0.5,-0.10087227821350098,-0.3533824384212494,0.4268434054818948
2038,41,4,0.3,-0.5,-0.09772942960262299,-0.3564285635948181,0.4228492125137222
2039,41,5,0.3,-0.5,-0.11213809251785278,-0.3535894751548767,0.4373715229523736
2040,41,6,0.3,-0.5,-0.11106498539447784,-0.35288694500923157,0.43659669394772005
2041,41,7,0.3,-0.5,-0.09963065385818481,-0.3474341630935669,0.4277627778267771
2042,41,8,0.3,-0.5,-0.10191819071769714,-0.3538396656513214,0.42766935284949364
2043,41,9,0.3,-0.5,-0.11331707239151001,-0.3550821840763092,0.43798650173536335
2044,41,10,0.3,-0.5,-0.10771501064300537,-0.34730979800224304,0.43536861128214305
2045,41,11,0.3,-0.5,-0.10611114650964737,-0.3655315041542053,0.4277943895078695
2046,41,12,0.3,-0.5,-0.10977709293365479,-0.36231422424316406,0.4322899937992075
2047,41,13,0.3,-0.5,-0.11154685914516449,-0.3560144007205963,0.43600764909815387
2048,41,14,0.3,-0.5,-0.10878650099039078,-0.35855674743652344,0.4325651362369628
2049,41,15,0.3,-0.5,-0.0963655486702919,-0.3554799258708954,0.42189062563534574
2050,41,16,0.3,-0.5,-0.10473568737506866,-0.3173387944698334,0.4440451470748251
2051,41,17,0.3,-0.5,-0.12164726853370667,-0.350358247756958,0.4474137604905595
2052,41,18,0.3,-0.5,-0.12415340542793274,-0.35824546217918396,0.4472141101630241
2053,41,19,0.3,-0.5,-0.11752593517303467,-0.3527472913265228,0.4427315967420815
2054,41,20,0.3,-0.5,-0.10267193615436554,-0.3555106520652771,0.4278105419843074
2055,41,21,0.3,-0.5,-0.12307007610797882,-0.3456282615661621,0.45035421939301984
2056,41,22,0.3,-0.5,-0.09138765931129456,-0.36159783601760864,0.4151378793318946
2057,41,23,0.3,-0.5,-0.1075337827205658,-0.3572205901145935,0.43182142599199297
2058,41,24,0.3,-0.5,-0.09737047553062439,-0.3249494731426239,0.43421881785164435
2059,41,25,0.3,-0.5,-0.12278822809457779,-0.3565441966056824,0.44646327210965725
2060,41,26,0.3,-0.5,-0.11687219142913818,-0.3587213456630707,0.4401614273856645
2061,41,27,0.3,-0.5,-0.10395747423171997,-0.35480254888534546,0.4292597591177901
2062,41,28,0.3,-0.5,-0.09909282624721527,-0.35721197724342346,0.42386731816067463
2063,41,29,0.3,-0.5,-0.1117449477314949,-0.35692471265792847,0.43589498715909525
2064,41,30,0.3,-0.5,-0.10188523679971695,-0.36236143112182617,0.4248012702433885
2065,41,31,0.3,-0.5,-0.10170632600784302,-0.36124104261398315,0.42499649482033836
2066,41,32,0.3,-0.5,-0.1086406335234642,-0.36020687222480774,0.4318903633326743
2067,41,33,0.3,-0.5,-0.08932004123926163,-0.37186259031295776,0.40986496589955734
2068,41,34,0.3,-0.5,-0.1060582846403122,-0.36009350419044495,0.42948475886199017
2069,41,35,0.3,-0.5,-0.12428794801235199,-0.3528151214122772,0.44909202989299973
2070,41,36,0.3,-0.5,-0.11480772495269775,-0.3603591322898865,0.43768141451890136
2071,41,37,0.3,-0.5,-0.11506298184394836,-0.35499364137649536,0.4396636475061797
2072,41,38,0.3,-0.5,-0.1160801500082016,-0.35267332196235657,0.4413930689220833
2073,41,39,0.3,-0.5,-0.10243257880210876,-0.3597700893878937,0.4261647666238902
2074,41,40,0.3,-0.5,-0.10549348592758179,-0.3648947775363922,0.42740892394361973
2075,41,41,0.3,-0.5,-0.08915036171674728,-0.3241294324398041,0.42704620424284384
2076,41,42,0.3,-0.5,-0.09730405360460281,-0.35539481043815613,0.4228015750430288
2077,41,43,0.3,-0.5,-0.09768915176391602,-0.36007770895957947,0.4215861821273358
2078,41,44,0.3,-0.5,-0.1096685528755188,-0.3528520464897156,0.4352939735826658
2079,41,45,0.3,-0.5,-0.10188386589288712,-0.3582057058811188,0.42616459673427104
2080,41,46,0.3,-0.5,-0.10140888392925262,-0.3549932837486267,0.42679742250315256
2081,41,47,0.3,-0.5,-0.09543906152248383,-0.35289114713668823,0.4219159465682024
2082,41,48,0.3,-0.5,-0.11004398763179779,-0.355794757604599,0.43466219495983577
2083,42,0,0.4,-0.5,-0.1234341561794281,0.10351275652647018,0.7988810694624379
2084,42,1,0.4,-0.5,-0.17238017916679382,0.10400979220867157,0.8321339426961104
2085,42,2,0.4,-0.5,-0.04520769789814949,0.18324926495552063,0.8154995109318148
2086,42,3,0.4,-0.5,-0.06597179919481277,0.1907213181257248,0.8332020505004711
2087,42,4,0.4,-0.5,-0.14574912190437317,0.07687795907258987,0.7941223354894075
2088,42,5,0.4,-0.5,-0.19879506528377533,-0.07900512218475342,0.7319782902210115
2089,42,6,0.4,-0.5,-0.13783994317054749,0.10431668907403946,0.808993488949761
2090,42,7,0.4,-0.5,-0.09777061641216278,0.12014804035425186,0.7952101473941108
2091,42,8,0.4,-0.5,-0.18372683227062225,0.038660407066345215,0.7942871324990578
2092,42,9,0.4,-0.5,-0.14864268898963928,0.08947660773992538,0.8052896815769788
2093,42,10,0.4,-0.5,-0.06193055585026741,0.16620825231075287,0.8106869148290755
2094,42,11,0.4,-0.5,-0.10514673590660095,0.1490350067615509,0.822447362935197
2095,42,12,0.4,-0.5,-0.15695427358150482,0.06714550405740738,0.7948912413866644
2096,42,13,0.4,-0.5,-0.1411653757095337,0.09392773360013962,0.8034986724358909
2097,42,14,0.4,-0.5,-0.10945332795381546,0.10850906372070312,0.7936157596680302
2098,42,15,0.4,-0.5,-0.13126212358474731,0.09088319540023804,0.7945957428542965
2099,42,16,0.4,-0.5,-0.09805451333522797,0.14246605336666107,0.8129089296976164
2100,42,17,0.4,-0.5,-0.19886715710163116,0.01090526394546032,0.7871887070977138
2101,42,18,0.4,-0.5,-0.09554728120565414,0.1474757194519043,0.8153477265498915
2102,42,19,0.4,-0.5,-0.11792220175266266,0.11179947108030319,0.801587175472802
2103,42,20,0.4,-0.5,-0.05949268490076065,0.19339805841445923,0.831825940260492
2104,42,21,0.4,-0.5,-0.10158679634332657,0.13238342106342316,0.8071543257034807
2105,42,22,0.4,-0.5,-0.06594815105199814,0.17406582832336426,0.8194342074761334
2106,42,23,0.4,-0.5,-0.06114955618977547,0.18435338139533997,0.8252263106574236
2107,42,24,0.4,-0.5,-0.08688805997371674,0.15434354543685913,0.8156135472145178
2108,42,25,0.4,-0.5,-0.08459189534187317,0.15920040011405945,0.818153086250712
2109,42,26,0.4,-0.5,-0.10287898778915405,0.0984601303935051,0.7816916297559129
2110,42,27,0.4,-0.5,-0.06290589272975922,0.1834964007139206,0.8254993611825631
2111,42,28,0.4,-0.5,-0.0590699203312397,0.17325115203857422,0.81486950211319
2112,42,29,0.4,-0.5,-0.07661249488592148,0.18937548995018005,0.8380919021356986
2113,42,30,0.4,-0.5,-0.07720573991537094,0.17537087202072144,0.826952920656434
2114,42,31,0.4,-0.5,-0.18742191791534424,0.017263002693653107,0.7827039821049817
2115,42,32,0.4,-0.5,-0.18096491694450378,0.0625770092010498,0.8087107801939655
2116,42,33,0.4,-0.5,-0.18849514424800873,-0.0023575513623654842,0.7706974383566779
2117,42,34,0.4,-0.5,-0.13792458176612854,0.10228458046913147,0.8075330157579578
2118,42,35,0.4,-0.5,-0.04793727397918701,0.2036423236131668,0.8341224856096626
2119,42,36,0.4,-0.5,-0.15236201882362366,0.0814938023686409,0.802021721670959
2120,42,37,0.4,-0.5,-0.13621586561203003,0.04146274924278259,0.7620428881313775
2121,42,38,0.4,-0.5,-0.038129907101392746,0.2058470994234085,0.8307694886435792
2122,42,39,0.4,-0.5,-0.049431994557380676,0.16621777415275574,0.8036387498925607
2123,42,40,0.4,-0.5,-0.14085569977760315,0.08312751352787018,0.7953380319179495
2124,42,41,0.4,-0.5,-0.13401944935321808,0.1360541135072708,0.8305068377786148
2125,42,42,0.4,-0.5,-0.16536419093608856,0.062443412840366364,0.7974830788426402
2126,42,43,0.4,-0.5,-0.20510345697402954,0.005345907527953386,0.7883683656116423
2127,42,44,0.4,-0.5,-0.11320973932743073,0.11508220434188843,0.8010682584141042
2128,42,45,0.4,-0.5,-0.08525384962558746,0.1176176443696022,0.78544436672059
2129,42,46,0.4,-0.5,-0.1530608981847763,0.07987792789936066,0.8013331194739224
2130,42,47,0.4,-0.5,-0.036833181977272034,0.22295066714286804,0.8446779836119244
2131,42,48,0.4,-0.5,-0.06014341488480568,0.18008053302764893,0.8211220942497051
2132,43,0,0.5,-0.5,-0.14281226694583893,-0.18430893123149872,0.7161483515559098
2133,43,1,0.5,-0.5,-0.1829271912574768,-0.19893045723438263,0.746346044499416
2134,43,2,0.5,-0.5,-0.16561175882816315,-0.19360455870628357,0.7327463271391349
2135,43,3,0.5,-0.5,-0.17895175516605377,-0.20476914942264557,0.7403625739971552
2136,43,4,0.5,-0.5,-0.1820107102394104,-0.20190832018852234,0.7443099209698159
2137,43,5,0.5,-0.5,-0.16876880824565887,-0.225134015083313,0.7230511935862766
2138,43,6,0.5,-0.5,-0.17431581020355225,-0.18332795798778534,0.7449718075757357
2139,43,7,0.5,-0.5,-0.18312445282936096,-0.20632384717464447,0.7435756187448022
2140,43,8,0.5,-0.5,-0.1608959138393402,-0.21586456894874573,0.7193860939080061
2141,43,9,0.5,-0.5,-0.16642378270626068,-0.2067863494157791,0.7280761656897216
2142,43,10,0.5,-0.5,-0.17802315950393677,-0.2037811428308487,0.7399060860449108
2143,43,11,0.5,-0.5,-0.16661204397678375,-0.19131635129451752,0.7346136482213186
2144,43,12,0.5,-0.5,-0.1788274645805359,-0.21136800944805145,0.7376416153111339
2145,43,13,0.5,-0.5,-0.18547587096691132,-0.20302124321460724,0.7470432060193327
2146,43,14,0.5,-0.5,-0.1739910989999771,-0.20967821776866913,0.733860162952843
2147,43,15,0.5,-0.5,-0.17601308226585388,-0.20208340883255005,0.7387475771110276
2148,43,16,0.5,-0.5,-0.18371731042861938,-0.20552663505077362,0.7444353049421187
2149,43,17,0.5,-0.5,-0.17236530780792236,-0.20182989537715912,0.7355137785483274
2150,43,18,0.5,-0.5,-0.18202698230743408,-0.20461058616638184,0.743246735882744
2151,43,19,0.5,-0.5,-0.183066263794899,-0.2066745012998581,0.7433837292559001
2152,43,20,0.5,-0.5,-0.19424009323120117,-0.20596705377101898,0.7539394408821982
2153,43,21,0.5,-0.5,-0.18458518385887146,-0.21241658926010132,0.7425369297832116
2154,43,22,0.5,-0.5,-0.17428836226463318,-0.1898648589849472,0.7421917549918942
2155,43,23,0.5,-0.5,-0.17400261759757996,-0.20769447088241577,0.7346577780716002
2156,43,24,0.5,-0.5,-0.18272998929023743,-0.20483547449111938,0.7438026185723806
2157,43,25,0.5,-0.5,-0.16014868021011353,-0.20926068723201752,0.7213360021321226
2158,43,26,0.5,-0.5,-0.16312360763549805,-0.20976151525974274,0.723858616739373
2159,43,27,0.5,-0.5,-0.18911562860012054,-0.1989782154560089,0.7519936597811103
2160,43,28,0.5,-0.5,-0.1709585338830948,-0.20958326756954193,0.7311136933925778
2161,43,29,0.5,-0.5,-0.1996881067752838,-0.2091277539730072,0.7577401337342298
2162,43,30,0.5,-0.5,-0.17474205791950226,-0.19860778748989105,0.7389953386099155
2163,43,31,0.5,-0.5,-0.17634624242782593,-0.22915276885032654,0.728561913819055
2164,43,32,0.5,-0.5,-0.18029068410396576,-0.2007032334804535,0.7432186551262674
2165,43,33,0.5,-0.5,-0.18417498469352722,-0.20448005199432373,0.7452700512899105
2166,43,34,0.5,-0.5,-0.1772805005311966,-0.20557475090026855,0.7385087025264002
2167,43,35,0.5,-0.5,-0.16947029531002045,-0.21472422778606415,0.7277174881193549
2168,43,36,0.5,-0.5,-0.1763080209493637,-0.1905747652053833,0.7437314805278507
2169,43,37,0.5,-0.5,-0.17311528325080872,-0.21249711513519287,0.731944050697458
2170,43,38,0.5,-0.5,-0.1892569214105606,-0.2129548341035843,0.7466391571414297
2171,43,39,0.5,-0.5,-0.1618901938199997,-0.21905462443828583,0.7190472395639868
2172,43,40,0.5,-0.5,-0.1869930922985077,-0.1983237862586975,0.7503119663201127
2173,43,41,0.5,-0.5,-0.1890108287334442,-0.21384166181087494,0.7460713884254705
2174,43,42,0.5,-0.5,-0.16388863325119019,-0.2227587103843689,0.7194517704668406
2175,43,43,0.5,-0.5,-0.17258045077323914,-0.20985838770866394,0.7324934251891614
2176,43,44,0.5,-0.5,-0.17166709899902344,-0.22204352915287018,0.726908860562007
2177,43,45,0.5,-0.5,-0.19544430077075958,-0.20284537971019745,0.7562695576539541
2178,43,46,0.5,-0.5,-0.18112224340438843,-0.2003980129957199,0.7441027221272206
2179,43,47,0.5,-0.5,-0.1649329662322998,-0.21940329670906067,0.7217134884981908
2180,44,0,-1.0,-0.4,0.011877257376909256,0.002343082334846258,1.088933211863483
2181,44,1,-1.0,-0.4,-0.17976883053779602,0.0835675522685051,0.952164244741572
2182,44,2,-1.0,-0.4,-0.3428228199481964,0.06601693481206894,0.8056386469829242
2183,44,3,-1.0,-0.4,-0.24827547371387482,-0.054225899279117584,0.827435491231452
2184,44,4,-1.0,-0.4,-0.20875705778598785,-0.06940948218107224,0.8575287074350767
2185,44,5,-1.0,-0.4,-0.31543150544166565,0.09087485820055008,0.842372928194677
2186,44,6,-1.0,-0.4,-0.3186672329902649,0.14527839422225952,0.8726642347471035
2187,44,7,-1.0,-0.4,-0.1936488002538681,0.002906233537942171,0.9014076160959353
2188,44,8,-1.0,-0.4,-0.18449927866458893,0.020335793495178223,0.9174549611789109
2189,44,9,-1.0,-0.4,-0.1766020506620407,0.056163884699344635,0.941312739039451
2190,44,10,-1.0,-0.4,-0.18993523716926575,-0.12612362205982208,0.8551100457681718
2191,44,11,-1.0,-0.4,-0.22403042018413544,-0.03628632426261902,0.8569809955407448
2192,44,12,-1.0,-0.4,-0.25362882018089294,-0.012747447937726974,0.8408534219133019
2193,44,13,-1.0,-0.4,-0.18983709812164307,-0.16975024342536926,0.84224632856584
2194,44,14,-1.0,-0.4,-0.18952268362045288,0.01761806197464466,0.9117446605564798
2195,44,15,-1.0,-0.4,-0.26080384850502014,0.022057542577385902,0.8512012215871468
2196,44,16,-1.0,-0.4,-0.30232688784599304,0.09619339555501938,0.8561282948338278
2197,44,17,-1.0,-0.4,-0.16202706098556519,0.026054266840219498,0.9400642982335021
2198,44,18,-1.0,-0.4,-0.20711931586265564,-0.14466728270053864,0.832979336959585
2199,44,19,-1.0,-0.4,-0.24821120500564575,-0.04333599656820297,0.8321031207867569
2200,44,20,-1.0,-0.4,-0.31390222907066345,0.20042447745800018,0.911723480231214
2201,44,21,-1.0,-0.4,-0.25632444024086,0.09372421354055405,0.8926460313132574
2202,44,22,-1.0,-0.4,-0.3953150510787964,0.0920657366514206,0.7795977017912148
2203,44,23,-1.0,-0.4,-0.318780779838562,0.10379290580749512,0.847270274386702
2204,44,24,-1.0,-0.4,-0.23460979759693146,-0.018793033435940742,0.8550677828637809
2205,44,25,-1.0,-0.4,-0.17299982905387878,0.09467935562133789,0.9636581072262381
2206,44,26,-1.0,-0.4,-0.26749706268310547,0.036627396941185,0.8527625911925977
2207,44,27,-1.0,-0.4,-0.17731453478336334,0.12717483937740326,0.9771001412093362
2208,44,28,-1.0,-0.4,-0.25979235768318176,0.15494291484355927,0.9251318784256051
2209,44,29,-1.0,-0.4,-0.2503746747970581,-0.06586238741874695,0.8207228961879375
2210,44,30,-1.0,-0.4,-0.18192264437675476,0.07150236517190933,0.9442272184946938
2211,44,31,-1.0,-0.4,-0.2452736794948578,-0.027795955538749695,0.8415151035938351
2212,44,32,-1.0,-0.4,-0.2736299932003021,0.14171452820301056,0.9061280355691482
2213,44,33,-1.0,-0.4,-0.14765027165412903,0.04581581801176071,0.9619001003226767
2214,44,34,-1.0,-0.4,-0.17730577290058136,-0.09803972393274307,0.8763594009453677
2215,44,35,-1.0,-0.4,-0.1969776600599289,0.11239549517631531,0.9525723184723607
2216,44,36,-1.0,-0.4,-0.20097874104976654,0.11138291656970978,0.9486556064314167
2217,44,37,-1.0,-0.4,-0.23945504426956177,0.11449218541383743,0.9182215628806158
2218,44,38,-1.0,-0.4,-0.2182285040616989,0.11301083862781525,0.9350651273634492
2219,44,39,-1.0,-0.4,-0.2975623607635498,0.18185833096504211,0.9121281457829826
2220,44,40,-1.0,-0.4,-0.2612939178943634,-0.011046509258449078,0.8348481860194087
2221,44,41,-1.0,-0.4,-0.19363486766815186,-0.041130322962999344,0.8826166618284521
2222,44,42,-1.0,-0.4,-0.28985512256622314,0.11648426949977875,0.8781012171647151
2223,44,43,-1.0,-0.4,-0.18674685060977936,0.0004453449510037899,0.9064971921004725
2224,44,44,-1.0,-0.4,-0.17006327211856842,0.09762374311685562,0.9676902200602049
2225,44,45,-1.0,-0.4,-0.24570967257022858,0.009348349645733833,0.858207416311347
2226,44,46,-1.0,-0.4,-0.304839551448822,0.06211376190185547,0.8347437799522436
2227,44,47,-1.0,-0.4,-0.20652692019939423,0.16490252315998077,0.9740197067004195
2228,44,48,-1.0,-0.4,-0.2462892085313797,-0.03203952684998512,0.8387340859754281
2229,45,0,-0.8,-0.4,-0.49607405066490173,0.043783001601696014,0.5378794801717683
2230,45,1,-0.8,-0.4,-0.35508403182029724,0.03290229290723801,0.6207693725898745
2231,45,2,-0.8,-0.4,-0.504589319229126,0.06693127006292343,0.5525326065275117
2232,45,3,-0.8,-0.4,-0.4762383699417114,0.06225747615098953,0.5643612029148378
2233,45,4,-0.8,-0.4,-0.4583384692668915,0.03224145621061325,0.5509675834837857
2234,45,5,-0.8,-0.4,-0.3841063678264618,-0.008276021108031273,0.5713275670939167
2235,45,6,-0.8,-0.4,-0.5353192687034607,0.029881518334150314,0.5048306739144772
2236,45,7,-0.8,-0.4,-0.42262324690818787,0.009676152840256691,0.5569988904657818
2237,45,8,-0.8,-0.4,-0.3766624629497528,0.018193822354078293,0.5950636464537923
2238,45,9,-0.8,-0.4,-0.49594321846961975,0.07823935896158218,0.5667128116203113
2239,45,10,-0.8,-0.4,-0.47158434987068176,0.03901171684265137,0.548259178468537
2240,45,11,-0.8,-0.4,-0.41576749086380005,0.002727267798036337,0.5566182473699288
2241,45,12,-0.8,-0.4,-0.4912116229534149,0.06491659581661224,0.5581197925757259
2242,45,13,-0.8,-0.4,-0.4583856761455536,0.03694366291165352,0.5546351150271531
2243,45,14,-0.8,-0.4,-0.47420164942741394,0.01709713041782379,0.529258520421354
2244,45,15,-0.8,-0.4,-0.4577026665210724,0.015627622604370117,0.5384364263109851
2245,45,16,-0.8,-0.4,-0.5039963722229004,0.06314343214035034,0.5496544245177575
2246,45,17,-0.8,-0.4,-0.430757611989975,0.018240679055452347,0.5579114685325189
2247,45,18,-0.8,-0.4,-0.3129675090312958,0.10938946157693863,0.7047540498818183
2248,45,19,-0.8,-0.4,-0.48716622591018677,0.058112114667892456,0.5547356846433845
2249,45,20,-0.8,-0.4,-0.4464605748653412,0.070276640355587,0.5883453438149088
2250,45,21,-0.8,-0.4,-0.4878510534763336,0.02446434646844864,0.5268841867419461
2251,45,22,-0.8,-0.4,-0.5057202577590942,0.06508391350507736,0.5503667988665125
2252,45,23,-0.8,-0.4,-0.39568522572517395,0.02351590245962143,0.5855221228383187
2253,45,24,-0.8,-0.4,-0.432630330324173,0.04344687983393669,0.5758520725257313
2254,45,25,-0.8,-0.4,-0.4891941547393799,0.026430543512105942,0.5276772516303869
2255,45,26,-0.8,-0.4,-0.37173187732696533,-0.05358307808637619,0.5508341571525819
2256,45,27,-0.8,-0.4,-0.34121623635292053,0.006167029496282339,0.6127431742875747
2257,45,28,-0.8,-0.4,-0.49033135175704956,0.056991055607795715,0.5520285288009521
2258,45,29,-0.8,-0.4,-0.35331863164901733,-0.001622071024030447,0.5985225301750043
2259,45,30,-0.8,-0.4,-0.45044586062431335,0.10795699805021286,0.6166104185163116
2260,45,31,-0.8,-0.4,-0.4239572584629059,0.03225316107273102,0.5729318796507157
2261,45,32,-0.8,-0.4,-0.38471120595932007,0.04332900792360306,0.6074581398930204
2262,45,33,-0.8,-0.4,-0.379320353269577,0.021834976971149445,0.5957483637992501
2263,45,34,-0.8,-0.4,-0.5429152846336365,0.06324392557144165,0.529799476645498
2264,45,35,-0.8,-0.4,-0.4690162241458893,0.08319730311632156,0.5856875392370327
2265,45,36,-0.8,-0.4,-0.36408600211143494,0.08325781673192978,0.6508142061969018
2266,45,37,-0.8,-0.4,-0.4564545154571533,0.05847453325986862,0.5729069711546838
2267,45,38,-0.8,-0.4,-0.4823959767818451,0.0845189094543457,0.5793365940307817
2268,45,39,-0.8,-0.4,-0.43653354048728943,0.05873946100473404,0.5852775070627769
2269,45,40,-0.8,-0.4,-0.4374980032444,-0.006373908836394548,0.5351160596511154
2270,45,41,-0.8,-0.4,-0.4981509745121002,0.020285259932279587,0.5174480977879218
2271,45,42,-0.8,-0.4,-0.45790958404541016,0.02153855934739113,0.5428817640192553
2272,45,43,-0.8,-0.4,-0.4516875445842743,0.07906585931777954,0.5923053808312183
2273,45,44,-0.8,-0.4,-0.4869484603404999,0.021866414695978165,0.5253308846161842
2274,45,45,-0.8,-0.4,-0.35846516489982605,0.007790465373545885,0.6010374982116432
2275,45,46,-0.8,-0.4,-0.4726093113422394,0.06024192273616791,0.5648073038335177
2276,45,47,-0.8,-0.4,-0.46526211500167847,0.04822947084903717,0.5594274843004743
2277,45,48,-0.8,-0.4,-0.489888995885849,0.016460716724395752,0.5192382530662436
2278,45,49,-0.8,-0.4,-0.4582909345626831,0.05747926980257034,0.5710099541173845
2279,46,0,-0.6,-0.4,-0.0965036153793335,0.1397777497768402,0.7381521716287444
2280,46,1,-0.6,-0.4,-0.09287276864051819,0.12597614526748657,0.7306359792514858
2281,46,2,-0.6,-0.4,-0.0722530260682106,0.1468144655227661,0.7599492931762679
2282,46,3,-0.6,-0.4,-0.2376450002193451,0.06036439538002014,0.5858639111599638
2283,46,4,-0.6,-0.4,-0.10216167569160461,0.0962183028459549,0.7029051153815221
2284,46,5,-0.6,-0.4,-0.062095485627651215,0.20494425296783447,0.8095052907677402
2285,46,6,-0.6,-0.4,-0.09287456423044205,0.18627192080020905,0.7751715763127739
2286,46,7,-0.6,-0.4,-0.2113294154405594,0.11318212747573853,0.6437551702800548
2287,46,8,-0.6,-0.4,-0.34554263949394226,-0.017974358052015305,0.4590121342856631
2288,46,9,-0.6,-0.4,-0.10137087106704712,0.13391584157943726,0.7305457782438511
2289,46,10,-0.6,-0.4,-0.08515883982181549,0.3227612376213074,0.8873811057383986
2290,46,11,-0.6,-0.4,-0.05573348328471184,0.29859626293182373,0.8855861221810688
2291,46,12,-0.6,-0.4,-0.10041193664073944,0.0706990584731102,0.6864006386204262
2292,46,13,-0.6,-0.4,-0.055418454110622406,0.1470855325460434,0.7719272245778434
2293,46,14,-0.6,-0.4,-0.055571332573890686,0.21264532208442688,0.8195955493945171
2294,46,15,-0.6,-0.4,-0.12118291109800339,0.13283683359622955,0.7163664536125617
2295,46,16,-0.6,-0.4,-0.07554610073566437,0.16008467972278595,0.7672983389228349
2296,46,17,-0.6,-0.4,-0.07994455099105835,0.18480944633483887,0.782598082393736
2297,46,18,-0.6,-0.4,-0.09281900525093079,0.23800787329673767,0.8150377953342295
2298,46,19,-0.6,-0.4,-0.08435561507940292,0.21577782928943634,0.8031634122297598
2299,46,20,-0.6,-0.4,-0.09801462292671204,0.20043915510177612,0.7826343320956128
2300,46,21,-0.6,-0.4,-0.08910669386386871,0.23152269423007965,0.8123009809069084
2301,46,22,-0.6,-0.4,-0.06281248480081558,0.1424199640750885,0.76340673556964
2302,46,23,-0.6,-0.4,-0.08661060035228729,0.2334717959165573,0.8153865291335068
2303,46,24,-0.6,-0.4,-0.035687416791915894,0.3090875744819641,0.9062305886758049
2304,46,25,-0.6,-0.4,-0.06409724801778793,0.24013003706932068,0.8348402385729129
2305,46,26,-0.6,-0.4,-0.06711395829916,0.19462580978870392,0.7984656455392813
2306,46,27,-0.6,-0.4,-0.12875348329544067,0.3034764528274536,0.8467304170684298
2307,46,28,-0.6,-0.4,-0.060020849108695984,0.12443261593580246,0.7527330549767045
2308,46,29,-0.6,-0.4,-0.09094645828008652,0.19147638976573944,0.7803715960924645
2309,46,30,-0.6,-0.4,-0.07466331869363785,0.23814144730567932,0.8265610295043975
2310,46,31,-0.6,-0.4,-0.12209770083427429,-0.11680354177951813,0.5555095332183886
2311,46,32,-0.6,-0.4,-0.2753979563713074,-0.030453398823738098,0.49186499892638313
2312,46,33,-0.6,-0.4,-0.11421695351600647,0.09238587319850922,0.6916856340684894
2313,46,34,-0.6,-0.4,-0.0561685785651207,0.2458156794309616,0.8442929034042368
2314,46,35,-0.6,-0.4,-0.06754138320684433,0.1424809992313385,0.7601301290728529
2315,46,36,-0.6,-0.4,-0.2681788504123688,0.10527271032333374,0.6044880371944052
2316,46,37,-0.6,-0.4,-0.06378600001335144,0.15256087481975555,0.7699668656268626
2317,46,38,-0.6,-0.4,-0.052328843623399734,0.2172277420759201,0.8251750002969195
2318,46,39,-0.6,-0.4,-0.051642753183841705,0.2801756262779236,0.8736901926417411
2319,46,40,-0.6,-0.4,-0.07133878022432327,0.23168084025382996,0.823713159563747
2320,46,41,-0.6,-0.4,-0.09622025489807129,0.24810238182544708,0.820871932095855
2321,46,42,-0.6,-0.4,-0.259470671415329,0.0759129449725151,0.5851951425112303
2322,46,43,-0.6,-0.4,-0.07656069099903107,0.189056396484375,0.7880203984964913
2323,46,44,-0.6,-0.4,-0.043784305453300476,0.1879332810640335,0.8093463052629494
2324,46,45,-0.6,-0.4,-0.05538596585392952,0.21422597765922546,0.8209007234862743
2325,46,46,-0.6,-0.4,-0.09096959978342056,0.29323747754096985,0.8600524103867262
2326,46,47,-0.6,-0.4,-0.09718430042266846,0.17877233028411865,0.7666818362553989
2327,46,48,-0.6,-0.4,-0.28776833415031433,0.05513276159763336,0.5519369926348097
2328,46,49,-0.6,-0.4,-0.11207941174507141,0.007434598635882139,0.6356645755495723
2329,47,0,-0.5,-0.4,-0.32685586810112,0.14415927231311798,0.5710413330533604
2330,47,1,-0.5,-0.4,-0.3355523645877838,0.09152617305517197,0.5183058977003175
2331,47,2,-0.5,-0.4,-0.29468023777008057,0.18328537046909332,0.6183672275965295
2332,47,3,-0.5,-0.4,-0.21489153802394867,0.10982846468687057,0.5841334594896282
2333,47,4,-0.5,-0.4,-0.287922203540802,0.06584865599870682,0.5118515039020503
2334,47,5,-0.5,-0.4,-0.2991047501564026,0.14824560284614563,0.5838939479476175
2335,47,6,-0.5,-0.4,-0.20195409655570984,0.048756085336208344,0.5387145669890516
2336,47,7,-0.5,-0.4,-0.30559810996055603,0.1358601599931717,0.5700335129786807
2337,47,8,-0.5,-0.4,-0.3426949977874756,0.1593017876148224,0.5810020252548335
2338,47,9,-0.5,-0.4,-0.3362561762332916,0.1279430389404297,0.552753011920694
2339,47,10,-0.5,-0.4,-0.23656213283538818,0.08015359193086624,0.54767415650216
2340,47,11,-0.5,-0.4,-0.34017571806907654,0.1810685247182846,0.6026478503346868
2341,47,12,-0.5,-0.4,-0.29837915301322937,0.17268040776252747,0.6071357470736817
2342,47,13,-0.5,-0.4,-0.3239385485649109,0.12589240074157715,0.5545813302295434
2343,47,14,-0.5,-0.4,-0.3425033986568451,0.10092166066169739,0.5250977904683254
2344,47,15,-0.5,-0.4,-0.3144373297691345,0.15776404738426208,0.587821603156674
2345,47,16,-0.5,-0.4,-0.34084251523017883,0.13150250911712646,0.5548207117223157
2346,47,17,-0.5,-0.4,-0.3195973038673401,0.16549985110759735,0.5935783135986755
2347,47,18,-0.5,-0.4,-0.33497360348701477,0.22926278412342072,0.6505423606720933
2348,47,19,-0.5,-0.4,-0.29523491859436035,0.1843995600938797,0.6192346763554011
2349,47,20,-0.5,-0.4,-0.3299379348754883,0.17586246132850647,0.600448732500735
2350,47,21,-0.5,-0.4,-0.24079664051532745,0.07803422957658768,0.543785901081503
2351,47,22,-0.5,-0.4,-0.33630913496017456,0.2171788066625595,0.6385173284186635
2352,47,23,-0.5,-0.4,-0.3010571599006653,0.1895584762096405,0.6222197766845914
2353,47,24,-0.5,-0.4,-0.2983511686325073,0.13146741688251495,0.5684363345174624
2354,47,25,-0.5,-0.4,-0.32352182269096375,0.19528767466545105,0.6208960965209231
2355,47,26,-0.5,-0.4,-0.3317556083202362,0.18522955477237701,0.6089333355226731
2356,47,27,-0.5,-0.4,-0.31028828024864197,0.16999098658561707,0.6007331032995126
2357,47,28,-0.5,-0.4,-0.3524099290370941,0.2183426171541214,0.6357125303435854
2358,47,29,-0.5,-0.4,-0.3606608510017395,0.22332681715488434,0.6387109827050088
2359,47,30,-0.5,-0.4,-0.31916192173957825,0.20450222492218018,0.6309717509403956
2360,47,31,-0.5,-0.4,-0.30822187662124634,0.20212289690971375,0.6319262865157789
2361,47,32,-0.5,-0.4,-0.3276517987251282,0.15832620859146118,0.5843218784906137
2362,47,33,-0.5,-0.4,-0.345965176820755,0.3074394166469574,0.724014678703166
2363,47,34,-0.5,-0.4,-0.303943932056427,0.13300926983356476,0.5679232901598638
2364,47,35,-0.5,-0.4,-0.30894196033477783,0.2089172750711441,0.6381876075268033
2365,47,36,-0.5,-0.4,-0.21351605653762817,0.05928797274827957,0.5413118248966818
2366,47,37,-0.5,-0.4,-0.37819600105285645,0.08772771060466766,0.5027072048928544
2367,47,38,-0.5,-0.4,-0.2028205245733261,0.07650745660066605,0.5615825823606968
2368,47,39,-0.5,-0.4,-0.3250631093978882,0.17495393753051758,0.6009783240478658
2369,47,40,-0.5,-0.4,-0.2851431667804718,0.17136894166469574,0.6104309348977643
2370,47,41,-0.5,-0.4,-0.2989398241043091,0.1424906998872757,0.57855108140543
2371,47,42,-0.5,-0.4,-0.32357916235923767,0.15939131379127502,0.5865517486965638
2372,47,43,-0.5,-0.4,-0.3171566128730774,0.16693975031375885,0.5956948755041233
2373,47,44,-0.5,-0.4,-0.31640687584877014,0.17161685228347778,0.6003767659146048
2374,47,45,-0.5,-0.4,-0.3381200134754181,0.17976419627666473,0.6019399083974462
2375,47,46,-0.5,-0.4,-0.2136620730161667,0.09733348339796066,0.5738728100704447
2376,47,47,-0.5,-0.4,-0.3501262068748474,0.19822810590267181,0.6167163209755514
2377,47,48,-0.5,-0.4,-0.35676446557044983,0.2159535139799118,0.6323884484298558
2378,47,49,-0.5,-0.4,-0.23836448788642883,0.08979528397321701,0.555295021948995
2379,48,0,-0.4,-0.4,-0.2680218815803528,-0.046733781695365906,0.37711436559331424
2380,48,1,-0.4,-0.4,-0.30438414216041565,-0.01378893107175827,0.3978710620704837
2381,48,2,-0.4,-0.4,-0.32620784640312195,-0.036425307393074036,0.370987653482816
2382,48,3,-0.4,-0.4,-0.26408901810646057,-0.002785604912787676,0.4198226657337191
2383,48,4,-0.4,-0.4,-0.3076884150505066,-0.05559848994016647,0.3565583105852129
2384,48,5,-0.4,-0.4,-0.3383026719093323,-0.022091621533036232,0.3829116122671882
2385,48,6,-0.4,-0.4,-0.2942979037761688,-0.011935964226722717,0.4022022240201507
2386,48,7,-0.4,-0.4,-0.2411542385816574,-0.033423829823732376,0.39951228324254684
2387,48,8,-0.4,-0.4,-0.27476686239242554,-0.18164663016796112,0.25171716840939723
2388,48,9,-0.4,-0.4,-0.1689792424440384,-0.05859733745455742,0.41222126147840527
2389,48,10,-0.4,-0.4,-0.25522133708000183,-0.044531822204589844,0.3838209044099758
2390,48,11,-0.4,-0.4,-0.2685542702674866,-0.07303593307733536,0.35239676633522293
2391,48,12,-0.4,-0.4,-0.3398337662220001,0.014438644051551819,0.41878319614129433
2392,48,13,-0.4,-0.4,-0.173502117395401,-0.047742120921611786,0.41879219691533304
2393,48,14,-0.4,-0.4,-0.3356904685497284,0.007876662537455559,0.4129153517103074
2394,48,15,-0.4,-0.4,-0.32785764336586,0.0011353944428265095,0.4075710052193722
2395,48,16,-0.4,-0.4,-0.3278321623802185,0.009071331471204758,0.41538843390053537
2396,48,17,-0.4,-0.4,-0.3075740337371826,0.018139922991394997,0.42823306088958757
2397,48,18,-0.4,-0.4,-0.3041588068008423,-0.09741538763046265,0.3174003496479824
2398,48,19,-0.4,-0.4,-0.3487657308578491,0.013621345162391663,0.4167823982709403
2399,48,20,-0.4,-0.4,-0.3332817852497101,0.006656399462372065,0.4120931295267687
2400,48,21,-0.4,-0.4,-0.3515006899833679,0.031556688249111176,0.43427336810427364
2401,48,22,-0.4,-0.4,-0.26962047815322876,-0.10090059041976929,0.3262809778829212
2402,48,23,-0.4,-0.4,-0.17986813187599182,-0.02077503316104412,0.43848559250877667
2403,48,24,-0.4,-0.4,-0.3030180335044861,-0.023630278185009956,0.38866395423865846
2404,48,25,-0.4,-0.4,-0.36327528953552246,-0.008190294727683067,0.3935270632425165
2405,48,26,-0.4,-0.4,-0.31152674555778503,0.048202596604824066,0.4568512715916456
2406,48,27,-0.4,-0.4,-0.34277844429016113,-0.029348211362957954,0.375042737374946
2407,48,28,-0.4,-0.4,-0.21750152111053467,-0.04340415447950363,0.40058244075276983
2408,48,29,-0.4,-0.4,-0.341593861579895,0.012699844315648079,0.41681223410944723
2409,48,30,-0.4,-0.4,-0.31346046924591064,-0.01987658627331257,0.38984984294772823
2410,48,31,-0.4,-0.4,-0.3258260190486908,-0.027952123433351517,0.3793697430053131
2411,48,32,-0.4,-0.4,-0.3110444247722626,-0.01418626494705677,0.39593602074022055
2412,48,33,-0.4,-0.4,-0.3162577152252197,0.006609709467738867,0.4151436210430547
2413,48,34,-0.4,-0.4,-0.31704968214035034,-0.0782744437456131,0.3322470297537837
2414,48,35,-0.4,-0.4,-0.3399444818496704,0.010680221021175385,0.41504808058622084
2415,48,36,-0.4,-0.4,-0.22405898571014404,-0.09740253537893295,0.35002923607099057
2416,48,37,-0.4,-0.4,-0.34381669759750366,0.03734757378697395,0.4409415650244406
2417,48,38,-0.4,-0.4,-0.31585484743118286,0.013353366404771805,0.4218310233007846
2418,48,39,-0.4,-0.4,-0.24374836683273315,-0.003614614252001047,0.4260703544040914
2419,48,40,-0.4,-0.4,-0.3418785035610199,-0.05262032523751259,0.3522083854572431
2420,48,41,-0.4,-0.4,-0.1151885837316513,-0.08007999509572983,0.42832972389822643
2421,48,42,-0.4,-0.4,-0.30318406224250793,0.012031249701976776,0.42325296990669226
2422,48,43,-0.4,-0.4,-0.28535544872283936,-0.02847781404852867,0.3888085747404514
2423,48,44,-0.4,-0.4,-0.30813324451446533,0.06699836999177933,0.47594850387244403
2424,48,45,-0.4,-0.4,-0.3318215310573578,-0.027819262817502022,0.3783738954487617
2425,48,46,-0.4,-0.4,-0.306174099445343,-0.02672138251364231,0.38488988800359375
2426,48,47,-0.4,-0.4,-0.3210654556751251,0.0010390202514827251,0.4087333581346705
2427,48,48,-0.4,-0.4,-0.2362481653690338,-0.06596121191978455,0.37201690188364617
2428,49,0,-0.3,-0.4,-0.10696516931056976,-0.34756502509117126,0.20002967893036896
2429,49,1,-0.3,-0.4,-0.10453413426876068,-0.34617364406585693,0.20274166138022034
2430,49,2,-0.3,-0.4,-0.11548910290002823,-0.348300039768219,0.19161721487539712
2431,49,3,-0.3,-0.4,-0.1010272353887558,-0.36345764994621277,0.20230052991649605
2432,49,4,-0.3,-0.4,-0.0959315299987793,-0.4014495611190796,0.20407361827555529
2433,49,5,-0.3,-0.4,-0.08992588520050049,-0.34667646884918213,0.21673608994162818
2434,49,6,-0.3,-0.4,-0.12281598150730133,-0.33654266595840454,0.18820470146329396
2435,49,7,-0.3,-0.4,-0.1125439703464508,-0.3403087556362152,0.19673029178845178
2436,49,8,-0.3,-0.4,-0.12095886468887329,-0.40733927488327026,0.17919149837341442
2437,49,9,-0.3,-0.4,-0.20726259052753448,-0.39910104870796204,0.09274176636817519
2438,49,10,-0.3,-0.4,-0.10841159522533417,-0.332116037607193,0.20325931514754553
2439,49,11,-0.3,-0.4,-0.13223667442798615,-0.35267558693885803,0.17431045143238857
2440,49,12,-0.3,-0.4,-0.11837682127952576,-0.33359068632125854,0.1933834946209495
2441,49,13,-0.3,-0.4,-0.08336951583623886,-0.3518803119659424,0.22191050233263093
2442,49,14,-0.3,-0.4,-0.1051446869969368,-0.3668317198753357,0.1976581083890816
2443,49,15,-0.3,-0.4,-0.16117607057094574,-0.34123215079307556,0.15075060027253903
2444,49,16,-0.3,-0.4,-0.11832748353481293,-0.34630855917930603,0.18944042350088786
2445,49,17,-0.3,-0.4,-0.1069820374250412,-0.35625576972961426,0.1979128382862939
2446,49,18,-0.3,-0.4,-0.19027511775493622,-0.33770182728767395,0.12617690797839326
2447,49,19,-0.3,-0.4,-0.10248896479606628,-0.32921043038368225,0.20981366064628165
2448,49,20,-0.3,-0.4,-0.09310092777013779,-0.3469768166542053,0.21358530862795666
2449,49,21,-0.3,-0.4,-0.09156950563192368,-0.3539651036262512,0.2134537014592684
2450,49,22,-0.3,-0.4,-0.21086545288562775,-0.34732455015182495,0.10353584164912097
2451,49,23,-0.3,-0.4,-0.11995810270309448,-0.33845266699790955,0.19027127734353308
2452,49,24,-0.3,-0.4,-0.09411299973726273,-0.33808350563049316,0.21499560263455983
2453,49,25,-0.3,-0.4,-0.09659738838672638,-0.3451865613460541,0.21065881293734218
2454,49,26,-0.3,-0.4,-0.04509192705154419,-0.40824422240257263,0.25504135519032667
2455,49,27,-0.3,-0.4,-0.11710473895072937,-0.32837820053100586,0.19641883482359238
2456,49,28,-0.3,-0.4,-0.11174522340297699,-0.3354923129081726,0.19900025780267763
2457,49,29,-0.3,-0.4,-0.09791161119937897,-0.3489421606063843,0.2084385277523693
2458,49,30,-0.3,-0.4,-0.09391412138938904,-0.3369932174682617,0.2155023062700472
2459,49,31,-0.3,-0.4,-0.09432276338338852,-0.34472769498825073,0.21297453689011142
2460,49,32,-0.3,-0.4,-0.1917407065629959,-0.3437404930591583,0.1220049455419983
2461,49,33,-0.3,-0.4,-0.14069320261478424,-0.3447580933570862,0.168612941207603
2462,49,34,-0.3,-0.4,-0.18683892488479614,-0.3288588523864746,0.13366559693877186
2463,49,35,-0.3,-0.4,-0.10369053483009338,-0.3291446268558502,0.20870527070175177
2464,49,36,-0.3,-0.4,-0.11070318520069122,-0.3330739140510559,0.2007794438522262
2465,49,37,-0.3,-0.4,-0.10515061020851135,-0.33858492970466614,0.2042990346563005
2466,49,38,-0.3,-0.4,-0.08248362690210342,-0.3478045165538788,0.2236911734017184
2467,49,39,-0.3,-0.4,-0.1110236644744873,-0.34025922417640686,0.1981943886305966
2468,49,40,-0.3,-0.4,-0.10022374987602234,-0.33514204621315,0.21004072053536488
2469,49,41,-0.3,-0.4,-0.10351148247718811,-0.3312356472015381,0.20817366244101027
2470,49,42,-0.3,-0.4,-0.05721583962440491,-0.35938236117362976,0.2461583659214371
2471,49,43,-0.3,-0.4,-0.10779176652431488,-0.336399108171463,0.20245759668935304
2472,49,44,-0.3,-0.4,-0.11428147554397583,-0.3436093330383301,0.19409090047321853
2473,49,45,-0.3,-0.4,-0.20341037213802338,-0.36829400062561035,0.10166034923628743
2474,49,46,-0.3,-0.4,-0.0984531044960022,-0.35696670413017273,0.20608982420468872
2475,49,47,-0.3,-0.4,-0.18379276990890503,-0.3314054310321808,0.13494196981415973
2476,49,48,-0.3,-0.4,-0.18100905418395996,-0.3290180265903473,0.13855427000033027
2477,50,0,-0.2,-0.4,-0.07539704442024231,-0.24538454413414001,0.19857450926999362
2478,50,1,-0.2,-0.4,-0.05832674726843834,-0.24222402274608612,0.2120485075117684
2479,50,2,-0.2,-0.4,-0.06974072009325027,-0.2764281630516052,0.17954798491942384
2480,50,3,-0.2,-0.4,-0.06555238366127014,-0.27762076258659363,0.18180439843153737
2481,50,4,-0.2,-0.4,-0.060945503413677216,-0.23727087676525116,0.21404887425451632
2482,50,5,-0.2,-0.4,-0.09449318051338196,-0.24666617810726166,0.1861261666032367
2483,50,6,-0.2,-0.4,-0.07616226375102997,-0.25947847962379456,0.18730211586661213
2484,50,7,-0.2,-0.4,-0.07176704704761505,-0.2589481472969055,0.19062873700957064
2485,50,8,-0.2,-0.4,-0.07667229324579239,-0.23887081444263458,0.20290967865439966
2486,50,9,-0.2,-0.4,-0.08763058483600616,-0.25039389729499817,0.18710657773279263
2487,50,10,-0.2,-0.4,-0.09183064103126526,-0.2643822133541107,0.17347274793014883
2488,50,11,-0.2,-0.4,0.08041167259216309,-0.24473290145397186,0.320528591574662
2489,50,12,-0.2,-0.4,-0.07867386937141418,-0.24844035506248474,0.19414004210077418
2490,50,13,-0.2,-0.4,-0.06911367177963257,-0.2557872235774994,0.19475255017199625
2491,50,14,-0.2,-0.4,-0.09663017839193344,-0.25445201992988586,0.1785204036567637
2492,50,15,-0.2,-0.4,-0.06322748214006424,-0.255993127822876,0.19860690037353937
2493,50,16,-0.2,-0.4,-0.08724375069141388,-0.23798370361328125,0.19739111442263335
2494,50,17,-0.2,-0.4,-0.06766065210103989,-0.2562379837036133,0.19540015438050343
2495,50,18,-0.2,-0.4,-0.05216043069958687,-0.23928728699684143,0.21836921571450332
2496,50,19,-0.2,-0.4,-0.07963989675045013,-0.22515302896499634,0.2122687394185911
2497,50,20,-0.2,-0.4,-0.07478474825620651,-0.24967989325523376,0.19563995952008245
2498,50,21,-0.2,-0.4,-0.06735707819461823,-0.3078267276287079,0.16152416798950253
2499,50,22,-0.2,-0.4,-0.0070945024490356445,-0.2361873984336853,0.25307528409014834
2500,50,23,-0.2,-0.4,-0.07364421337842941,-0.2615569829940796,0.18743599913159012
2501,50,24,-0.2,-0.4,-0.0849841982126236,-0.2774752080440521,0.16805046654098102
2502,50,25,-0.2,-0.4,0.05577544495463371,-0.26693984866142273,0.2883159414877817
2503,50,26,-0.2,-0.4,-0.0744209811091423,-0.2884063124656677,0.1679977413035681
2504,50,27,-0.2,-0.4,-0.015255872160196304,-0.2256237417459488,0.25404226462140767
2505,50,28,-0.2,-0.4,-0.0771881490945816,-0.2590169310569763,0.1869731971470994
2506,50,29,-0.2,-0.4,-0.09421584010124207,-0.2566640377044678,0.17814456649775268
2507,50,30,-0.2,-0.4,0.15205024182796478,-0.2885432541370392,0.3692722288088953
2508,50,31,-0.2,-0.4,0.0136592797935009,-0.24252191185951233,0.2654235032664981
2509,50,32,-0.2,-0.4,-0.07060383260250092,-0.2397627830505371,0.20595954416552503
2510,50,33,-0.2,-0.4,0.09465231001377106,-0.18359945714473724,0.3655806049895206
2511,50,34,-0.2,-0.4,-0.09905517846345901,-0.2508200705051422,0.18012359190049165
2512,50,35,-0.2,-0.4,-0.028109263628721237,-0.2371588498353958,0.2367776709007664
2513,50,36,-0.2,-0.4,-0.08274631947278976,-0.2708812952041626,0.1744134900898772
2514,50,37,-0.2,-0.4,-0.08797751367092133,-0.25710606575012207,0.18157013490317472
2515,50,38,-0.2,-0.4,-0.04716942459344864,-0.2502603828907013,0.21396059850153948
2516,50,39,-0.2,-0.4,-0.058120012283325195,-0.24362178146839142,0.2111494213716991
2517,50,40,-0.2,-0.4,-0.06657378375530243,-0.2747308015823364,0.18301619396539962
2518,50,41,-0.2,-0.4,-0.022883903235197067,-0.2290055900812149,0.24618935792733318
2519,50,42,-0.2,-0.4,-0.09890615940093994,-0.26144272089004517,0.17151700849018472
2520,50,43,-0.2,-0.4,-0.06621246039867401,-0.24644388258457184,0.20366292482500867
2521,50,44,-0.2,-0.4,-0.04851260781288147,-0.32980725169181824,0.1669594319189833
2522,50,45,-0.2,-0.4,-0.08273938298225403,-0.3287949562072754,0.13718677255809442
2523,50,46,-0.2,-0.4,-0.035977207124233246,-0.2740005850791931,0.20683164444337898
2524,50,47,-0.2,-0.4,-0.06924819946289062,-0.25516000390052795,0.19512728618466232
2525,50,48,-0.2,-0.4,-0.08131269365549088,-0.25720664858818054,0.18567880303021864
2526,50,49,-0.2,-0.4,-0.045835137367248535,-0.2755953073501587,0.19809929940279097
2527,51,0,-0.1,-0.4,-0.12131567299365997,-0.4797143340110779,0.08251504688238581
2528,51,1,-0.1,-0.4,-0.08369509875774384,-0.48554855585098267,0.08708849070174786
2529,51,2,-0.1,-0.4,-0.06614813953638077,-0.4184291362762451,0.038543242218795765
2530,51,3,-0.1,-0.4,-0.06619265675544739,-0.42693907022476196,0.04322788407763735
2531,51,4,-0.1,-0.4,-0.04812991991639137,-0.3942824900150299,0.05218424214557692
2532,51,5,-0.1,-0.4,-0.07043401896953583,-0.44531792402267456,0.05410971698335401
2533,51,6,-0.1,-0.4,-0.06763219088315964,-0.4122469127178192,0.034607252681224145
2534,51,7,-0.1,-0.4,-0.05051739141345024,-0.4135100841522217,0.05129377083359927
2535,51,8,-0.1,-0.4,-0.08867701888084412,-0.4096223711967468,0.014859338103453442
2536,51,9,-0.1,-0.4,-0.06016804277896881,-0.4123828113079071,0.041712334290294646
2537,51,10,-0.1,-0.4,-0.0557534396648407,-0.4116075932979584,0.04574379000108868
2538,51,11,-0.1,-0.4,-0.05239861458539963,-0.4084785282611847,0.048350567058360716
2539,51,12,-0.1,-0.4,-0.05430592596530914,-0.4107949733734131,0.04695188869492373
2540,51,13,-0.1,-0.4,-0.08529813587665558,-0.42091697454452515,0.025566865916603742
2541,51,14,-0.1,-0.4,-0.053359560668468475,-0.4034622013568878,0.046768765423879956
2542,51,15,-0.1,-0.4,-0.08303523063659668,-0.48862943053245544,0.09023845829833757
2543,51,16,-0.1,-0.4,-0.0740586519241333,-0.43364644050598145,0.042485721115638614
2544,51,17,-0.1,-0.4,-0.0402253121137619,-0.3976520001888275,0.059820785810706684
2545,51,18,-0.1,-0.4,-0.05790456756949425,-0.39889299869537354,0.04210998555449432
2546,51,19,-0.1,-0.4,-0.05852463096380234,-0.4124666750431061,0.043308477499436386
2547,51,20,-0.1,-0.4,-0.052897773683071136,-0.4156399667263031,0.04963092063634377
2548,51,21,-0.1,-0.4,-0.06288251280784607,-0.41142943501472473,0.03883735109679246
2549,51,22,-0.1,-0.4,-0.07033722847700119,-0.4193829596042633,0.03543415213386842
2550,51,23,-0.1,-0.4,-0.04486648365855217,-0.3968895971775055,0.055221184611441265
2551,51,24,-0.1,-0.4,-0.06536273658275604,-0.4258437156677246,0.0432161735528464
2552,51,25,-0.1,-0.4,-0.07185705751180649,-0.4284374713897705,0.040008936388484295
2553,51,26,-0.1,-0.4,-0.04713349789381027,-0.3998352587223053,0.052866758786900676
2554,51,27,-0.1,-0.4,-0.052224136888980865,-0.3977802097797394,0.04782740390847912
2555,51,28,-0.1,-0.4,-0.03605047985911369,-0.43912774324417114,0.07497013683882005
2556,51,29,-0.1,-0.4,-0.042256757616996765,-0.3952561914920807,0.05793777489740238
2557,51,30,-0.1,-0.4,-0.0468519851565361,-0.40461695194244385,0.05334817454271416
2558,51,31,-0.1,-0.4,-0.057614766061306,-0.40161657333374023,0.04241605079897442
2559,51,32,-0.1,-0.4,-0.07464514672756195,-0.4601755738258362,0.0652990679086273
2560,51,33,-0.1,-0.4,-0.07079935073852539,-0.4471033215522766,0.05542022030404446
2561,51,34,-0.1,-0.4,-0.08196448534727097,-0.41953974962234497,0.026591006075226516
2562,51,35,-0.1,-0.4,-0.07976429164409637,-0.4792323708534241,0.08177562279628146
2563,51,36,-0.1,-0.4,-0.06416990607976913,-0.407845675945282,0.036679016635822466
2564,51,37,-0.1,-0.4,-0.08736148476600647,-0.48575106263160706,0.08667742964445634
2565,51,38,-0.1,-0.4,-0.05728897824883461,-0.4164615869522095,0.045773520992094065
2566,51,39,-0.1,-0.4,-0.05000956356525421,-0.4083491563796997,0.050682858514383734
2567,51,40,-0.1,-0.4,-0.05404622107744217,-0.4064946472644806,0.046410453998569606
2568,51,41,-0.1,-0.4,-0.07270514965057373,-0.43076932430267334,0.041131012309942705
2569,51,42,-0.1,-0.4,-0.012947611510753632,-0.4212760627269745,0.08961467060054858
2570,51,43,-0.1,-0.4,-0.0639444887638092,-0.412364661693573,0.0381167253223515
2571,51,44,-0.1,-0.4,-0.05040210485458374,-0.39773106575012207,0.04964976601642727
2572,51,45,-0.1,-0.4,-0.08082520216703415,-0.4139009714126587,0.02368353601451155
2573,51,46,-0.1,-0.4,-0.06713981926441193,-0.41180479526519775,0.0349162522219775
2574,51,47,-0.1,-0.4,-0.08126398921012878,-0.47303441166877747,0.07539935933496136
2575,51,48,-0.1,-0.4,-0.03725477308034897,-0.415113627910614,0.06453979586130554
2576,51,49,-0.1,-0.4,-0.02425573393702507,-0.46041733026504517,0.09688884165771762
2577,52,0,0.0,-0.4,-0.047869496047496796,-0.37319090962409973,0.05486543519033182
2578,52,1,0.0,-0.4,-0.05510254204273224,-0.37569472193717957,0.06022488423635279
2579,52,2,0.0,-0.4,-0.05621189624071121,-0.3793395757675171,0.05988848310353712
2580,52,3,0.0,-0.4,-0.05847183242440224,-0.3834834098815918,0.06075979703888812
2581,52,4,0.0,-0.4,-0.0628054291009903,-0.36967310309410095,0.0697441223365851
2582,52,5,0.0,-0.4,-0.05392316356301308,-0.37419894337654114,0.0597779398401316
2583,52,6,0.0,-0.4,-0.0613243542611599,-0.3866695761680603,0.06275648671721025
2584,52,7,0.0,-0.4,-0.045735593885183334,-0.3791044056415558,0.050282903770795355
2585,52,8,0.0,-0.4,-0.03781986981630325,-0.3941868543624878,0.038264019850573115
2586,52,9,0.0,-0.4,-0.05744370073080063,-0.38555437326431274,0.05923221155280788
2587,52,10,0.0,-0.4,-0.05686059594154358,-0.38534489274024963,0.0587188175938708
2588,52,11,0.0,-0.4,-0.05517048016190529,-0.379688024520874,0.05879080054872362
2589,52,12,0.0,-0.4,-0.06687884777784348,-0.35522791743278503,0.08048179705683438
2590,52,13,0.0,-0.4,-0.05165233090519905,-0.37826937437057495,0.056037339142632446
2591,52,14,0.0,-0.4,-0.05713900551199913,-0.3724026381969452,0.06345455325970688
2592,52,15,0.0,-0.4,-0.05912493169307709,-0.3840171992778778,0.06124710169986905
2593,52,16,0.0,-0.4,-0.05303017422556877,-0.38309305906295776,0.055660075729761754
2594,52,17,0.0,-0.4,-0.054591044783592224,-0.38033685088157654,0.058024319072415925
2595,52,18,0.0,-0.4,-0.05591399222612381,-0.37767136096954346,0.06020749660644812
2596,52,19,0.0,-0.4,-0.05346362292766571,-0.38092708587646484,0.0567638531965138
2597,52,20,0.0,-0.4,-0.04980332776904106,-0.3862300217151642,0.05167188557460804
2598,52,21,0.0,-0.4,-0.052990131080150604,-0.3844667971134186,0.05521987308756916
2599,52,22,0.0,-0.4,-0.058906733989715576,-0.3779507875442505,0.06289810076030827
2600,52,23,0.0,-0.4,-0.04446621239185333,-0.39708247780799866,0.04456182200290099
2601,52,24,0.0,-0.4,-0.0553312823176384,-0.38215333223342896,0.05813823486557337
2602,52,25,0.0,-0.4,-0.053013093769550323,-0.375280499458313,0.058493092054101574
2603,52,26,0.0,-0.4,-0.07505086064338684,-0.35557830333709717,0.08721191901181871
2604,52,27,0.0,-0.4,-0.056560322642326355,-0.3724885582923889,0.06289633949790194
2605,52,28,0.0,-0.4,-0.05741210654377937,-0.3820771872997284,0.060144635611858954
2606,52,29,0.0,-0.4,-0.05844305083155632,-0.3807603120803833,0.06152849568894173
2607,52,30,0.0,-0.4,-0.06062830984592438,-0.37924879789352417,0.06408123238232251
2608,52,31,0.0,-0.4,-0.048011984676122665,-0.38552436232566833,0.05014673228256023
2609,52,32,0.0,-0.4,-0.07742294669151306,-0.357393741607666,0.0883719747917359
2610,52,33,0.0,-0.4,-0.04627438634634018,-0.3842206299304962,0.048890769594277274
2611,52,34,0.0,-0.4,-0.053120214492082596,-0.3813095688819885,0.05631242671970366
2612,52,35,0.0,-0.4,-0.056529514491558075,-0.384378045797348,0.05864837134789875
2613,52,36,0.0,-0.4,-0.046108733862638474,-0.39438948035240173,0.04644882419536269
2614,52,37,0.0,-0.4,-0.05105432868003845,-0.3816777765750885,0.05424249577777347
2615,52,38,0.0,-0.4,-0.05694619566202164,-0.37727588415145874,0.06131276083716323
2616,52,39,0.0,-0.4,-0.05289660394191742,-0.3798206150531769,0.05661500053360545
2617,52,40,0.0,-0.4,-0.050344884395599365,-0.38323283195495605,0.053063596834901874
2618,52,41,0.0,-0.4,-0.07889455556869507,-0.3647763431072235,0.08640056078106181
2619,52,42,0.0,-0.4,-0.05067795515060425,-0.3833141028881073,0.05335423414008794
2620,52,43,0.0,-0.4,-0.06085475534200668,-0.36397579312324524,0.07071806508124157
2621,52,44,0.0,-0.4,-0.055202800780534744,-0.3787069618701935,0.05916707434724826
2622,52,45,0.0,-0.4,-0.05364500358700752,-0.3788468837738037,0.057664900380812414
2623,52,46,0.0,-0.4,-0.06673438102006912,-0.3588064908981323,0.07842437632686293
2624,52,47,0.0,-0.4,-0.06707336753606796,-0.359587699174881,0.07830702836022047
2625,52,48,0.0,-0.4,-0.07203666865825653,-0.36586102843284607,0.07971669217323549
2626,53,0,0.1,-0.4,-0.012759458273649216,-0.36904874444007874,0.11693021701383435
2627,53,1,0.1,-0.4,-0.04319039732217789,-0.39004260301589966,0.1435361962711223
2628,53,2,0.1,-0.4,0.00017021223902702332,-0.3576000928878784,0.10846077008539748
2629,53,3,0.1,-0.4,-0.05901946872472763,-0.40047940611839294,0.159020191371162
2630,53,4,0.1,-0.4,-0.021705269813537598,-0.3487722873687744,0.1320471553719103
2631,53,5,0.1,-0.4,-0.005743458867073059,-0.3577776253223419,0.11386135435955835
2632,53,6,0.1,-0.4,-0.007407359778881073,-0.35861116647720337,0.11510593588102994
2633,53,7,0.1,-0.4,-0.053129520267248154,-0.39925190806388855,0.15313134760336447
2634,53,8,0.1,-0.4,-0.00026600807905197144,-0.37082427740097046,0.10442459080735744
2635,53,9,0.1,-0.4,0.0022955797612667084,-0.4020395874977112,0.09772570619518602
2636,53,10,0.1,-0.4,-0.005405813455581665,-0.37292078137397766,0.10882862487245164
2637,53,11,0.1,-0.4,-0.012688841670751572,-0.3906850516796112,0.1130731767454476
2638,53,12,0.1,-0.4,-0.012807976454496384,-0.3631615936756134,0.11867058494959407
2639,53,13,0.1,-0.4,-0.019796408712863922,-0.3580077588558197,0.12694301027158025
2640,53,14,0.1,-0.4,-0.02889076992869377,-0.3477749824523926,0.13906934612149213
2641,53,15,0.1,-0.4,-0.024285566061735153,-0.3900337219238281,0.12468451640030337
2642,53,16,0.1,-0.4,-0.006733749061822891,-0.38212159276008606,0.10822074955491848
2643,53,17,0.1,-0.4,-0.004143167287111282,-0.35771945118904114,0.11239859474364937
2644,53,18,0.1,-0.4,0.0012713298201560974,-0.38738325238227844,0.09953156602771647
2645,53,19,0.1,-0.4,0.0011905021965503693,-0.36741700768470764,0.10404310762558143
2646,53,20,0.1,-0.4,0.0005001500248908997,-0.3617534637451172,0.10659745625747966
2647,53,21,0.1,-0.4,-0.06264200061559677,-0.39904361963272095,0.16264481248306292
2648,53,22,0.1,-0.4,-0.0042208097875118256,-0.36339080333709717,0.11046361606007574
2649,53,23,0.1,-0.4,-0.0010572932660579681,-0.3752812445163727,0.10403650030119911
2650,53,24,0.1,-0.4,0.007854711264371872,-0.4033011198043823,0.0922044013490417
2651,53,25,0.1,-0.4,-0.013488855212926865,-0.37932538986206055,0.1153566632748038
2652,53,26,0.1,-0.4,-0.0007380731403827667,-0.3802809715270996,0.10264988779317864
2653,53,27,0.1,-0.4,-0.0040596164762973785,-0.3621272146701813,0.11073730920440789
2654,53,28,0.1,-0.4,-0.03583480417728424,-0.34836235642433167,0.14531875398560545
2655,53,29,0.1,-0.4,-0.008039545267820358,-0.3929470479488373,0.10826951313418476
2656,53,30,0.1,-0.4,-0.034148383885622025,-0.36455219984054565,0.13875278532436322
2657,53,31,0.1,-0.4,-0.009631264954805374,-0.37605661153793335,0.11221541831065893
2658,53,32,0.1,-0.4,-0.01863430067896843,-0.37280747294425964,0.12171084925044712
2659,53,33,0.1,-0.4,-0.03275318443775177,-0.3529024124145508,0.14086018150894455
2660,53,34,0.1,-0.4,0.005740869790315628,-0.36336615681648254,0.10112775135580136
2661,53,35,0.1,-0.4,-0.02848231792449951,-0.3738841712474823,0.1311096584187565
2662,53,36,0.1,-0.4,-0.03766142576932907,-0.37597233057022095,0.13974260997659677
2663,53,37,0.1,-0.4,-0.01895628124475479,-0.3933626711368561,0.11914130678324258
2664,53,38,0.1,-0.4,-0.01740359514951706,-0.3762553930282593,0.11978067671487812
2665,53,39,0.1,-0.4,0.0033518560230731964,-0.3700357973575592,0.10118654640900653
2666,53,40,0.1,-0.4,-0.00990479439496994,-0.3616642653942108,0.11639885041857638
2667,53,41,0.1,-0.4,-0.01949378103017807,-0.3492977023124695,0.12980557266806042
2668,53,42,0.1,-0.4,-0.023190442472696304,-0.36623111367225647,0.12773497093762054
2669,53,43,0.1,-0.4,-0.05081261321902275,-0.39892128109931946,0.15081647105146456
2670,53,44,0.1,-0.4,-0.009230926632881165,-0.370166152715683,0.11323185848895098
2671,53,45,0.1,-0.4,-0.020530201494693756,-0.3901474177837372,0.12093222419471039
2672,53,46,0.1,-0.4,-0.0029328465461730957,-0.37533774971961975,0.10584610284271281
2673,53,47,0.1,-0.4,0.0041708312928676605,-0.39104747772216797,0.09624644009123201
2674,53,48,0.1,-0.4,-0.0016466304659843445,-0.37065061926841736,0.1057989774733942
2675,54,0,0.2,-0.4,-0.06677287071943283,-0.40384459495544434,0.2668005724548931
2676,54,1,0.2,-0.4,-0.06481009721755981,-0.37152838706970215,0.26633629180272483
2677,54,2,0.2,-0.4,-0.0645046979188919,-0.3852985203266144,0.2649129455608979
2678,54,3,0.2,-0.4,-0.07548761367797852,-0.39964333176612854,0.2754878445634511
2679,54,4,0.2,-0.4,-0.08107703924179077,-0.39273130893707275,0.28117100821154994
2680,54,5,0.2,-0.4,-0.06882175803184509,-0.4209194779396057,0.2696344973266543
2681,54,6,0.2,-0.4,-0.07127624750137329,-0.4221573770046234,0.2721796315196113
2682,54,7,0.2,-0.4,-0.08595942705869675,-0.3909793496131897,0.2861016708394748
2683,54,8,0.2,-0.4,-0.05908527970314026,-0.39055564999580383,0.25925735844109843
2684,54,9,0.2,-0.4,-0.06324812769889832,-0.3570917248725891,0.26672213408599044
2685,54,10,0.2,-0.4,-0.08553418517112732,-0.3891126215457916,0.28574167688831253
2686,54,11,0.2,-0.4,-0.07774541527032852,-0.3794165551662445,0.2785070805292237
2687,54,12,0.2,-0.4,-0.06856295466423035,-0.3871367275714874,0.2688708321769983
2688,54,13,0.2,-0.4,-0.06161966919898987,-0.40004321932792664,0.2616196727688864
2689,54,14,0.2,-0.4,-0.07310225069522858,-0.3952275812625885,0.27314394614452775
2690,54,15,0.2,-0.4,-0.06560781598091125,-0.39815688133239746,0.2656142108332543
2691,54,16,0.2,-0.4,-0.054874882102012634,-0.3720744848251343,0.2564001558585651
2692,54,17,0.2,-0.4,-0.06440916657447815,-0.40092888474464417,0.26441079818244745
2693,54,18,0.2,-0.4,-0.07313531637191772,-0.3865830600261688,0.27346465096580397
2694,54,19,0.2,-0.4,-0.07879461348056793,-0.3972932994365692,0.27880775228411303
2695,54,20,0.2,-0.4,-0.06583268940448761,-0.3857344686985016,0.26621518390080007
2696,54,21,0.2,-0.4,-0.06364253163337708,-0.38197535276412964,0.26425796562078085
2697,54,22,0.2,-0.4,-0.06744951754808426,-0.40317976474761963,0.26746841933311166
2698,54,23,0.2,-0.4,-0.07579369843006134,-0.39269089698791504,0.27589053459764235
2699,54,24,0.2,-0.4,-0.0744808167219162,-0.4034513235092163,0.2745025143460355
2700,54,25,0.2,-0.4,-0.0663994625210762,-0.3840717077255249,0.26687522201639363
2701,54,26,0.2,-0.4,-0.07215361297130585,-0.39176318049430847,0.27227822948025915
2702,54,27,0.2,-0.4,-0.07221777737140656,-0.39126306772232056,0.2723579488516049
2703,54,28,0.2,-0.4,-0.06393700838088989,-0.3904034197330475,0.2641114135092878
2704,54,29,0.2,-0.4,-0.06441022455692291,-0.4100969731807709,0.264602939737365
2705,54,30,0.2,-0.4,-0.07543115317821503,-0.40839630365371704,0.2755591008406849
2706,54,31,0.2,-0.4,-0.051158301532268524,-0.41087692975997925,0.2513937151751759
2707,54,32,0.2,-0.4,-0.07311293482780457,-0.40045827627182007,0.27311331931525773
2708,54,33,0.2,-0.4,-0.07483475655317307,-0.4008910655975342,0.2748362010499
2709,54,34,0.2,-0.4,-0.10973870009183884,-0.3758469223976135,0.3106789878512047
2710,54,35,0.2,-0.4,-0.07644990086555481,-0.39693695306777954,0.27646686952523636
2711,54,36,0.2,-0.4,-0.06936581432819366,-0.39339569211006165,0.2694467643364752
2712,54,37,0.2,-0.4,-0.07232333719730377,-0.3894712030887604,0.27252679785055
2713,54,38,0.2,-0.4,-0.07527042180299759,-0.40137454867362976,0.2752738536506081
2714,54,39,0.2,-0.4,-0.07625903189182281,-0.37015414237976074,0.27786656495320694
2715,54,40,0.2,-0.4,-0.07627755403518677,-0.41639649868011475,0.2767636754211661
2716,54,41,0.2,-0.4,-0.07446710765361786,-0.4004777669906616,0.2744675234796278
2717,54,42,0.2,-0.4,-0.05960572138428688,-0.38676154613494873,0.2599430461393285
2718,54,43,0.2,-0.4,-0.07656745612621307,-0.39884886145591736,0.27656985176998683
2719,54,44,0.2,-0.4,-0.07017254829406738,-0.3642858564853668,0.2725228539016389
2720,54,45,0.2,-0.4,-0.05701158940792084,-0.37207502126693726,0.2585241991134054
2721,54,46,0.2,-0.4,-0.0663151815533638,-0.3766515254974365,0.2673367299631646
2722,54,47,0.2,-0.4,-0.07861224561929703,-0.3861340880393982,0.27895707003681885
2723,54,48,0.2,-0.4,-0.07537105679512024,-0.4131224453449249,0.27568354592229816
2724,55,0,0.3,-0.4,-0.13086086511611938,-0.35345298051834106,0.43336786926494303
2725,55,1,0.3,-0.4,-0.12393708527088165,-0.3976656198501587,0.423943512273339
2726,55,2,0.3,-0.4,-0.12246598303318024,-0.3812887668609619,0.42288014503612575
2727,55,3,0.3,-0.4,-0.034611500799655914,-0.3547220826148987,0.3376609931131077
2728,55,4,0.3,-0.4,-0.14453791081905365,-0.4013785421848297,0.44454004829027977
2729,55,5,0.3,-0.4,-0.14840205013751984,-0.39776283502578735,0.44840763092821323
2730,55,6,0.3,-0.4,-0.1178019642829895,-0.406945139169693,0.4178596849623218
2731,55,7,0.3,-0.4,-0.14443881809711456,-0.406921923160553,0.44449271765890686
2732,55,8,0.3,-0.4,-0.14109796285629272,-0.3498067259788513,0.4439445659008944
2733,55,9,0.3,-0.4,-0.14176541566848755,-0.4147159159183502,0.44201045311402704
2734,55,10,0.3,-0.4,-0.12963108718395233,-0.4023442268371582,0.42963748262265117
2735,55,11,0.3,-0.4,-0.12210553884506226,-0.39619991183280945,0.42212264401919825
2736,55,12,0.3,-0.4,-0.13011018931865692,-0.3855295181274414,0.4303535404773091
2737,55,13,0.3,-0.4,-0.13819602131843567,-0.40261438488960266,0.438203820279625
2738,55,14,0.3,-0.4,-0.14741183817386627,-0.40920373797416687,0.44750649350687083
2739,55,15,0.3,-0.4,-0.13002131879329681,-0.3941452205181122,0.43006117362476204
2740,55,16,0.3,-0.4,-0.13269059360027313,-0.40487998723983765,0.43271811155256457
2741,55,17,0.3,-0.4,-0.1318892240524292,-0.3947870433330536,0.43192068342442325
2742,55,18,0.3,-0.4,-0.1378856599330902,-0.39748167991638184,0.437892901416638
2743,55,19,0.3,-0.4,-0.12675775587558746,-0.39819642901420593,0.42676156699996814
2744,55,20,0.3,-0.4,-0.14829114079475403,-0.3965463638305664,0.448304444008592
2745,55,21,0.3,-0.4,-0.1300649791955948,-0.4073468744754791,0.43012772858194787
2746,55,22,0.3,-0.4,-0.16005350649356842,-0.31205230951309204,0.46838448426373896
2747,55,23,0.3,-0.4,-0.13718272745609283,-0.4046276807785034,0.4372072193083459
2748,55,24,0.3,-0.4,-0.13907669484615326,-0.40565747022628784,0.4391131413729078
2749,55,25,0.3,-0.4,-0.1254904717206955,-0.4004158079624176,0.42549067489354164
2750,55,26,0.3,-0.4,-0.13982853293418884,-0.39750730991363525,0.43983559642997005
2751,55,27,0.3,-0.4,-0.15633171796798706,-0.37959495186805725,0.4567876999360659
2752,55,28,0.3,-0.4,-0.15800884366035461,-0.39533430337905884,0.45803260756855924
2753,55,29,0.3,-0.4,-0.16468435525894165,-0.3975335955619812,0.4646909006783651
2754,55,30,0.3,-0.4,-0.1414162814617157,-0.39612823724746704,0.44143326119165566
2755,55,31,0.3,-0.4,-0.12781913578510284,-0.40097516775131226,0.4278202471787134
2756,55,32,0.3,-0.4,-0.1681140959262848,-0.3293343186378479,0.4734178337655439
2757,55,33,0.3,-0.4,-0.13251325488090515,-0.4090810716152191,0.4326085777112557
2758,55,34,0.3,-0.4,-0.14668959379196167,-0.3947961628437042,0.4467199045522563
2759,55,35,0.3,-0.4,-0.11626321077346802,-0.41302427649497986,0.4164669163590961
2760,55,36,0.3,-0.4,-0.13060519099235535,-0.39378049969673157,0.4306501047179545
2761,55,37,0.3,-0.4,-0.12872864305973053,-0.42826882004737854,0.42965960429939054
2762,55,38,0.3,-0.4,-0.13424082100391388,-0.40742290019989014,0.4343042597920618
2763,55,39,0.3,-0.4,-0.12794633209705353,-0.40035179257392883,0.4279464766922806
2764,55,40,0.3,-0.4,-0.13707281649112701,-0.4081067442893982,0.4371479912094531
2765,55,41,0.3,-0.4,-0.1196620911359787,-0.3999626338481903,0.4196620927994948
2766,55,42,0.3,-0.4,-0.13478776812553406,-0.3971107006072998,0.4347973681642563
2767,55,43,0.3,-0.4,-0.12471367418766022,-0.3982325494289398,0.4247173518041182
2768,55,44,0.3,-0.4,-0.12132072448730469,-0.4008043110370636,0.4213214922108195
2769,55,45,0.3,-0.4,-0.14427679777145386,-0.37978482246398926,0.4447364685303756
2770,55,46,0.3,-0.4,-0.13412506878376007,-0.40417805314064026,0.43414517327105046
2771,55,47,0.3,-0.4,-0.11520569026470184,-0.4447479844093323,0.417610042188745
2772,56,0,0.4,-0.4,-0.08022797852754593,-0.062051188200712204,0.5872208364467354
2773,56,1,0.4,-0.4,-0.09197892248630524,-0.1208353042602539,0.565664377098515
2774,56,2,0.4,-0.4,-0.11581365764141083,0.05933172255754471,0.6906875999734553
2775,56,3,0.4,-0.4,-0.10425452888011932,-0.11710213124752045,0.5781901365820816
2776,56,4,0.4,-0.4,-0.1673155277967453,-0.1448102742433548,0.6220680864753082
2777,56,5,0.4,-0.4,0.009604129940271378,-0.13426591455936432,0.4722536813246283
2778,56,6,0.4,-0.4,-0.06350327283143997,-0.12602144479751587,0.5384231910275569
2779,56,7,0.4,-0.4,-0.13634787499904633,-0.05177083984017372,0.6394783741469375
2780,56,8,0.4,-0.4,-0.11239562928676605,-0.1419006586074829,0.5737286387652547
2781,56,9,0.4,-0.4,-0.1830710917711258,-0.13197235763072968,0.6417247970377973
2782,56,10,0.4,-0.4,-0.12848275899887085,-0.06769929081201553,0.6242738084253544
2783,56,11,0.4,-0.4,-0.19914238154888153,-0.1847933828830719,0.6366203589416362
2784,56,12,0.4,-0.4,-0.15023304522037506,-0.15055635571479797,0.6041345344596432
2785,56,13,0.4,-0.4,-0.098843514919281,0.010534677654504776,0.6460522996893604
2786,56,14,0.4,-0.4,-0.25189051032066345,-0.16389700770378113,0.6933295467650022
2787,56,15,0.4,-0.4,-0.08190667629241943,-0.17337091267108917,0.5325361845722241
2788,56,16,0.4,-0.4,-0.16899226605892181,-0.16551560163497925,0.6154146016397991
2789,56,17,0.4,-0.4,-0.0991135761141777,-0.1217416450381279,0.571438600347903
2790,56,18,0.4,-0.4,-0.0814373791217804,-0.07677599787712097,0.5798755949028894
2791,56,19,0.4,-0.4,-0.07912331074476242,-0.039425626397132874,0.5996440826007726
2792,56,20,0.4,-0.4,-0.1712178736925125,-0.1351727545261383,0.6296215761638638
2793,56,21,0.4,-0.4,-0.13946053385734558,-0.11914809793233871,0.6081903143627623
2794,56,22,0.4,-0.4,-0.17303180694580078,-0.16948334872722626,0.6176595974204425
2795,56,23,0.4,-0.4,-0.11757247149944305,-0.08868023008108139,0.6039877998738139
2796,56,24,0.4,-0.4,-0.10198741406202316,-0.2067967653274536,0.5378836805152319
2797,56,25,0.4,-0.4,-0.07722201198339462,-0.05221869423985481,0.5905020621113112
2798,56,26,0.4,-0.4,-0.12609945237636566,-0.1626943200826645,0.577143499930252
2799,56,27,0.4,-0.4,-0.10915930569171906,-0.007966521196067333,0.6425989784271268
2800,56,28,0.4,-0.4,-0.17780807614326477,-0.15711341798305511,0.6267823103600284
2801,56,29,0.4,-0.4,-0.13613304495811462,-0.16528332233428955,0.5852611046964328
2802,56,30,0.4,-0.4,-0.1663137525320053,-0.0735369473695755,0.6536737649926427
2803,56,31,0.4,-0.4,-0.1919192671775818,-0.08051501214504242,0.6726359166151685
2804,56,32,0.4,-0.4,-0.16502390801906586,-0.15459883213043213,0.6160144071569151
2805,56,33,0.4,-0.4,-0.1841607391834259,-0.10605252534151077,0.6539486884010317
2806,56,34,0.4,-0.4,-0.08168932795524597,0.007707919459789991,0.631070801302205
2807,56,35,0.4,-0.4,-0.188130185008049,-0.12130468338727951,0.6508211690007221
2808,56,36,0.4,-0.4,-0.10170573741197586,-0.12147801369428635,0.5738319822106247
2809,56,37,0.4,-0.4,-0.10554060339927673,-0.05878250300884247,0.6099185863196952
2810,56,38,0.4,-0.4,-0.09015067666769028,-0.07215594500303268,0.5896858572448971
2811,56,39,0.4,-0.4,-0.07436880469322205,-0.044818222522735596,0.5926043012989234
2812,56,40,0.4,-0.4,-0.126479372382164,-0.2142994999885559,0.5582698319347175
2813,56,41,0.4,-0.4,-0.0955045223236084,-0.09627353399991989,0.5811837039973207
2814,56,42,0.4,-0.4,-0.10622867941856384,-0.047277193516492844,0.6169933987324863
2815,56,43,0.4,-0.4,-0.1499677449464798,-0.1756865233182907,0.5939537492958118
2816,56,44,0.4,-0.4,-0.14357106387615204,-0.03127595782279968,0.6568309681820321
2817,56,45,0.4,-0.4,-0.1487116515636444,-0.1132267564535141,0.619131141016081
2818,56,46,0.4,-0.4,-0.09320282936096191,-0.08023769408464432,0.5877898971349913
2819,56,47,0.4,-0.4,-0.09874190390110016,-0.17620114982128143,0.5466529173508642
2820,56,48,0.4,-0.4,-0.09058547765016556,-0.08373796939849854,0.5836915134567455
2821,57,0,0.5,-0.4,-0.1874285489320755,-0.1273113638162613,0.7395384386160102
2822,57,1,0.5,-0.4,-0.16774775087833405,-0.13898180425167084,0.7169501777074797
2823,57,2,0.5,-0.4,-0.14441411197185516,-0.115728460252285,0.7043293661484031
2824,57,3,0.5,-0.4,-0.17292830348014832,-0.08712226152420044,0.7421084697390277
2825,57,4,0.5,-0.4,-0.15155594050884247,-0.0910491868853569,0.7210934395323267
2826,57,5,0.5,-0.4,-0.12957356870174408,-0.11320814490318298,0.6918182178561962
2827,57,6,0.5,-0.4,-0.1540326029062271,-0.12120301276445389,0.7109756717046737
2828,57,7,0.5,-0.4,-0.16948819160461426,-0.12115952372550964,0.725235444464073
2829,57,8,0.5,-0.4,-0.1761627346277237,-0.1090940311551094,0.7360858145684007
2830,57,9,0.5,-0.4,-0.1891639083623886,-0.1424953043460846,0.735700727791633
2831,57,10,0.5,-0.4,-0.14616864919662476,-0.09279171377420425,0.715479457657857
2832,57,11,0.5,-0.4,-0.15132614970207214,-0.11007637530565262,0.7129386098687844
2833,57,12,0.5,-0.4,-0.14805471897125244,-0.09467469900846481,0.7163787114414278
2834,57,13,0.5,-0.4,-0.15801379084587097,-0.1535756140947342,0.7026429583452332
2835,57,14,0.5,-0.4,-0.16033723950386047,-0.08705643564462662,0.7307386292971136
2836,57,15,0.5,-0.4,-0.12410883605480194,-0.07118653506040573,0.7054290424750469
2837,57,16,0.5,-0.4,-0.15184025466442108,-0.14232327044010162,0.7009229733413382
2838,57,17,0.5,-0.4,-0.1588023602962494,-0.1093328669667244,0.7200749489863489
2839,57,18,0.5,-0.4,-0.17502284049987793,-0.1339629590511322,0.7255560228909641
2840,57,19,0.5,-0.4,-0.24992232024669647,-0.24994781613349915,0.7647869927550383
2841,57,20,0.5,-0.4,-0.16864943504333496,-0.16077053546905518,0.7101568866690893
2842,57,21,0.5,-0.4,-0.1891387701034546,-0.12164793163537979,0.743230864820995
2843,57,22,0.5,-0.4,-0.1523120254278183,-0.0697472020983696,0.731148335865984
2844,57,23,0.5,-0.4,-0.10334150493144989,-0.047512903809547424,0.6987618511007339
2845,57,24,0.5,-0.4,-0.15747839212417603,-0.17849266529083252,0.6937891145298771
2846,57,25,0.5,-0.4,-0.21361172199249268,-0.14201930165290833,0.7588120521477922
2847,57,26,0.5,-0.4,-0.14406155049800873,-0.1061646118760109,0.7079226766701815
2848,57,27,0.5,-0.4,-0.15767523646354675,-0.07758526504039764,0.7324533964536261
2849,57,28,0.5,-0.4,-0.14877928793430328,-0.13994327187538147,0.6989592737029986
2850,57,29,0.5,-0.4,-0.20121514797210693,-0.19634079933166504,0.7301915870252197
2851,57,30,0.5,-0.4,-0.12830206751823425,-0.0720771923661232,0.708729042592564
2852,57,31,0.5,-0.4,-0.13399340212345123,-0.0836968794465065,0.7085162651682358
2853,57,32,0.5,-0.4,-0.22542910277843475,-0.13539312779903412,0.7721814423915555
2854,57,33,0.5,-0.4,-0.16625083982944489,-0.14037765562534332,0.715048210452997
2855,57,34,0.5,-0.4,-0.17918607592582703,-0.1360001116991043,0.7286903778384951
2856,57,35,0.5,-0.4,-0.18450206518173218,-0.13936813175678253,0.7324425219646974
2857,57,36,0.5,-0.4,-0.18068981170654297,-0.12985101342201233,0.7323381013645287
2858,57,37,0.5,-0.4,-0.19086182117462158,-0.1755465418100357,0.7264085701932136
2859,57,38,0.5,-0.4,-0.14318034052848816,-0.08675681799650192,0.7154035515106272
2860,57,39,0.5,-0.4,-0.15120486915111542,-0.147864431142807,0.6983123417848647
2861,57,40,0.5,-0.4,-0.22028754651546478,-0.20767910778522491,0.7455209421924746
2862,57,41,0.5,-0.4,-0.14708212018013,-0.0705656111240387,0.7261145135795665
2863,57,42,0.5,-0.4,-0.22451664507389069,-0.15346892178058624,0.7653116629956405
2864,57,43,0.5,-0.4,-0.11974555253982544,-0.1258423775434494,0.6776776164548465
2865,57,44,0.5,-0.4,-0.18722818791866302,-0.1764390617609024,0.7226770200970243
2866,57,45,0.5,-0.4,-0.19698145985603333,-0.19484391808509827,0.7265481218265734
2867,57,46,0.5,-0.4,-0.22820940613746643,-0.17048633098602295,0.7635217504769193
2868,57,47,0.5,-0.4,-0.13996392488479614,-0.1114320382475853,0.702015166291937
2869,57,48,0.5,-0.4,-0.16589608788490295,-0.146117702126503,0.7126526650718045
2870,58,0,0.6,-0.4,-0.06266313046216965,0.014431348070502281,0.7815854187083177
2871,58,1,0.6,-0.4,-0.14886823296546936,-0.0016550510190427303,0.8482230418489385
2872,58,2,0.6,-0.4,-0.11047260463237762,0.03402937203645706,0.8325579966125339
2873,58,3,0.6,-0.4,-0.06319765746593475,-0.01979712024331093,0.7644510204346533
2874,58,4,0.6,-0.4,-0.0958915576338768,-0.02536347508430481,0.790327518049961
2875,58,5,0.6,-0.4,-0.06028136610984802,-0.003843203652650118,0.7700075906925092
2876,58,6,0.6,-0.4,-0.04802529141306877,0.0005431626923382282,0.7618212411652576
2877,58,7,0.6,-0.4,-0.0881509929895401,0.006473602261394262,0.7992324933884033
2878,58,8,0.6,-0.4,-0.10163034498691559,-0.03793889656662941,0.789539982284525
2879,58,9,0.6,-0.4,-0.07373571395874023,-0.015063880942761898,0.7759482122012664
2880,58,10,0.6,-0.4,-0.12575335800647736,-0.019090453162789345,0.8196401768638524
2881,58,11,0.6,-0.4,-0.06837321072816849,0.002761662472039461,0.7803458884214882
2882,58,12,0.6,-0.4,-0.06598526239395142,0.12016832083463669,0.8450511533190554
2883,58,13,0.6,-0.4,-0.15833882987499237,-0.064429372549057,0.8292680066805859
2884,58,14,0.6,-0.4,-0.07143330574035645,-0.009988900274038315,0.7764865368870711
2885,58,15,0.6,-0.4,-0.10594052076339722,0.008968578651547432,0.8158476065908163
2886,58,16,0.6,-0.4,-0.13710258901119232,-0.060621652752161026,0.8114788286256626
2887,58,17,0.6,-0.4,-0.059986792504787445,0.0005030068568885326,0.7720007932522908
2888,58,18,0.6,-0.4,-0.07382749766111374,0.0697866752743721,0.8214274264167143
2889,58,19,0.6,-0.4,-0.10970042645931244,0.022662069648504257,0.8260253751768689
2890,58,20,0.6,-0.4,-0.08439178019762039,-0.017617885023355484,0.7839695087540584
2891,58,21,0.6,-0.4,-0.05682876333594322,-0.0071651022881269455,0.7653386709200851
2892,58,22,0.6,-0.4,-0.1405995488166809,-0.06471171975135803,0.8129612060729363
2893,58,23,0.6,-0.4,-0.0685059130191803,-0.014070998877286911,0.7719076043472969
2894,58,24,0.6,-0.4,-0.08697398006916046,-0.04475666582584381,0.7733893429361659
2895,58,25,0.6,-0.4,-0.08685153722763062,-0.04211854934692383,0.7744960728844978
2896,58,26,0.6,-0.4,-0.1065017357468605,-0.039898015558719635,0.7929805431483643
2897,58,27,0.6,-0.4,-0.04997321590781212,-0.0018626917153596878,0.76221945504276
2898,58,28,0.6,-0.4,-0.14307677745819092,-0.03131857141852379,0.8295113579563139
2899,58,29,0.6,-0.4,-0.09199266880750656,-0.0347142368555069,0.7824880461958446
2900,58,30,0.6,-0.4,-0.07700011134147644,-0.01626546122133732,0.7781910735854302
2901,58,31,0.6,-0.4,-0.09412962198257446,-0.038681093603372574,0.7825389985383007
2902,58,32,0.6,-0.4,-0.11178375780582428,0.009591348469257355,0.8212193316143044
2903,58,33,0.6,-0.4,-0.06773309409618378,0.024242959916591644,0.7911065503394936
2904,58,34,0.6,-0.4,-0.07885035872459412,-0.023756414651870728,0.7761424128702961
2905,58,35,0.6,-0.4,-0.1456543207168579,-0.12914399802684784,0.7933242337207398
2906,58,36,0.6,-0.4,-0.09644392132759094,-0.02656608447432518,0.7902449144531007
2907,58,37,0.6,-0.4,-0.0959806814789772,-0.008945361711084843,0.7983187578400095
2908,58,38,0.6,-0.4,0.011460531502962112,0.07348933070898056,0.7553614050731042
2909,58,39,0.6,-0.4,-0.07688730955123901,-0.07174143940210342,0.7522832660888569
2910,58,40,0.6,-0.4,-0.12303824722766876,-0.11198855191469193,0.7782897283031914
2911,58,41,0.6,-0.4,-0.058008551597595215,-0.008291072212159634,0.7657748612250631
2912,58,42,0.6,-0.4,-0.08747798204421997,0.005351685453206301,0.7980826803629734
2913,58,43,0.6,-0.4,-0.08156859874725342,0.028405465185642242,0.8050260849185081
2914,58,44,0.6,-0.4,-0.09507019817829132,-0.08148381859064102,0.7645751357552826
2915,58,45,0.6,-0.4,-0.13583464920520782,-0.10346035659313202,0.7933400223629359
2916,58,46,0.6,-0.4,-0.1575099527835846,0.036926042288541794,0.8744859604339668
2917,58,47,0.6,-0.4,-0.04000614956021309,0.006685239728540182,0.7582880426908696
2918,58,48,0.6,-0.4,-0.08911672234535217,0.004011917393654585,0.7988163032963826
2919,58,49,0.6,-0.4,-0.09217233955860138,-0.05100566893815994,0.7751771350880577
2920,59,0,0.8,-0.4,-0.2026592493057251,-0.031441207975149155,1.0682514467095925
2921,59,1,0.8,-0.4,-0.1857675164937973,-0.08494304120540619,1.0348905661272827
2922,59,2,0.8,-0.4,-0.3585275113582611,-0.0679568499326706,1.2051716259855279
2923,59,3,0.8,-0.4,-0.12242284417152405,-0.10582546889781952,0.9681955165144442
2924,59,4,0.8,-0.4,-0.21170663833618164,-0.08495955169200897,1.0596229546983198
2925,59,5,0.8,-0.4,-0.1769101917743683,-0.026467397809028625,1.0458872442535052
2926,59,6,0.8,-0.4,-0.04024450108408928,-0.04851636663079262,0.9107972146029376
2927,59,7,0.8,-0.4,-0.20232100784778595,0.09447671473026276,1.117655861248638
2928,59,8,0.8,-0.4,-0.18026921153068542,-0.020332271233201027,1.0512256234234074
2929,59,9,0.8,-0.4,-0.2038222700357437,-0.10386570543050766,1.046591931098212
2930,59,10,0.8,-0.4,-0.21515093743801117,-0.058105308562517166,1.0711785125806084
2931,59,11,0.8,-0.4,-0.13911548256874084,-0.07739332318305969,0.9929818515598303
2932,59,12,0.8,-0.4,-0.1253397911787033,-0.09002353250980377,0.9758786500053923
2933,59,13,0.8,-0.4,-0.2399176061153412,-0.060052499175071716,1.094071721061182
2934,59,14,0.8,-0.4,-0.1545538604259491,-0.010979833081364632,1.0307811420100221
2935,59,15,0.8,-0.4,-0.2705671489238739,-0.04689573124051094,1.1272961655976506
2936,59,16,0.8,-0.4,-0.18457752466201782,0.037461020052433014,1.0773880666384335
2937,59,17,0.8,-0.4,-0.16515398025512695,-0.0927010327577591,1.0128942989623655
2938,59,18,0.8,-0.4,-0.14625097811222076,-0.0762062594294548,1.0001166432026818
2939,59,19,0.8,-0.4,-0.1756506860256195,-0.07403641939163208,1.0286624893643639
2940,59,20,0.8,-0.4,-0.08007542788982391,0.04111337661743164,0.9844357621532697
2941,59,21,0.8,-0.4,-0.1406392902135849,-0.08190368115901947,0.9929690540765607
2942,59,22,0.8,-0.4,-0.14564940333366394,-0.05813813582062721,1.0055457862302992
2943,59,23,0.8,-0.4,-0.19931712746620178,-0.09008794277906418,1.046269661444034
2944,59,24,0.8,-0.4,-0.17934301495552063,-0.06532000750303268,1.034950935223472
2945,59,25,0.8,-0.4,-0.23950257897377014,-0.059274349361658096,1.0939193666335927
2946,59,26,0.8,-0.4,-0.20134860277175903,-0.082203209400177,1.050568333992845
2947,59,27,0.8,-0.4,-0.15417981147766113,-0.05456369370222092,1.0147834026728058
2948,59,28,0.8,-0.4,-0.2262771874666214,-0.045489352196455,1.0857820522188089
2949,59,29,0.8,-0.4,-0.20161274075508118,-0.061966706067323685,1.0571161668661968
2950,59,30,0.8,-0.4,-0.06243450939655304,0.06505348533391953,0.9798306114932822
2951,59,31,0.8,-0.4,-0.1651161164045334,-0.014727934263646603,1.0391745198861095
2952,59,32,0.8,-0.4,-0.17657800018787384,-0.07157895714044571,1.030322751298788
2953,59,33,0.8,-0.4,0.10687339305877686,0.0896526351571083,0.8486366692325716
2954,59,34,0.8,-0.4,-0.15274274349212646,0.005640930961817503,1.035501472789138
2955,59,35,0.8,-0.4,-0.2146083116531372,-0.08901891857385635,1.0611970877648522
2956,59,36,0.8,-0.4,-0.19784660637378693,-0.05170836299657822,1.05688453213121
2957,59,37,0.8,-0.4,-0.24021854996681213,-0.05181144177913666,1.096945715963639
2958,59,38,0.8,-0.4,-0.18061935901641846,-0.04477597400546074,1.042975759987518
2959,59,39,0.8,-0.4,-0.15476831793785095,-0.06505949050188065,1.0118140569495628
2960,59,40,0.8,-0.4,-0.129556804895401,-0.04944407939910889,0.9934612760423452
2961,59,41,0.8,-0.4,-0.11748716235160828,-0.08038187026977539,0.9715649447835452
2962,59,42,0.8,-0.4,-0.1818789839744568,-0.012963784858584404,1.05540673249781
2963,59,43,0.8,-0.4,-0.19696399569511414,-0.0620233528316021,1.052694363404478
2964,59,44,0.8,-0.4,-0.1605207771062851,-0.09192696213722229,1.0087165904806277
2965,59,45,0.8,-0.4,-0.15766260027885437,-0.14966639876365662,0.989840678028951
2966,59,46,0.8,-0.4,-0.15899910032749176,-0.05527973920106888,1.0190737621164732
2967,59,47,0.8,-0.4,-0.14000746607780457,-0.06856618821620941,0.9967258438886533
2968,59,48,0.8,-0.4,-0.1657779961824417,-0.05321169272065163,1.0261526533493193
2969,60,0,1.0,-0.4,-0.08063553273677826,0.1521376669406891,1.2135193273565972
2970,60,1,1.0,-0.4,-0.21277080476284027,0.1746954470872879,1.3420461548650124
2971,60,2,1.0,-0.4,-0.287903368473053,-0.06718109548091888,1.330211828893999
2972,60,3,1.0,-0.4,-0.14035749435424805,0.100639708340168,1.245413719410874
2973,60,4,1.0,-0.4,-0.2022286206483841,0.08038678020238876,1.294652507393136
2974,60,5,1.0,-0.4,-0.16546131670475006,0.1122022196650505,1.2730479938183692
2975,60,6,1.0,-0.4,-0.2042669653892517,-0.015366507694125175,1.2642000820009667
2976,60,7,1.0,-0.4,-0.15033943951129913,0.16288095712661743,1.2806700582081814
2977,60,8,1.0,-0.4,-0.11224013566970825,0.1365172415971756,1.2348801034617138
2978,60,9,1.0,-0.4,-0.09443773329257965,0.06371019780635834,1.1886215123428532
2979,60,10,1.0,-0.4,-0.30311164259910583,-0.02890479564666748,1.3549212537160162
2980,60,11,1.0,-0.4,-0.1345953792333603,0.13478049635887146,1.2543113065995752
2981,60,12,1.0,-0.4,-0.12541337311267853,0.2328583151102066,1.2911486774903138
2982,60,13,1.0,-0.4,-0.12766796350479126,0.06892222911119461,1.2212792853682792
2983,60,14,1.0,-0.4,-0.20262356102466583,-0.043396010994911194,1.2543802591343622
2984,60,15,1.0,-0.4,-0.28164154291152954,-0.10180074721574783,1.3158753128156682
2985,60,16,1.0,-0.4,-0.1269218474626541,0.1532258242368698,1.255393031242091
2986,60,17,1.0,-0.4,-0.16764801740646362,0.005669118370860815,1.2361105638869998
2987,60,18,1.0,-0.4,-0.1520630121231079,0.1333991438150406,1.2695526103808328
2988,60,19,1.0,-0.4,-0.1556069701910019,0.14841626584529877,1.2791355949224963
2989,60,20,1.0,-0.4,-0.16073864698410034,-0.07771618664264679,1.2046497677560217
2990,60,21,1.0,-0.4,-0.10334762930870056,0.18009352684020996,1.246549032723159
2991,60,22,1.0,-0.4,-0.12483184039592743,0.19944226741790771,1.2745892283930582
2992,60,23,1.0,-0.4,-0.04789062216877937,0.18625162541866302,1.200735493077179
2993,60,24,1.0,-0.4,-0.09533253312110901,-0.014537500217556953,1.1611781503507699
2994,60,25,1.0,-0.4,-0.1675955057144165,0.12539257109165192,1.2803580041233782
2995,60,26,1.0,-0.4,-0.0076957084238529205,-0.022463466972112656,1.0760968704287583
2996,60,27,1.0,-0.4,-0.19930702447891235,0.18658089637756348,1.3350709670124536
2997,60,28,1.0,-0.4,-0.14173060655593872,0.1477375477552414,1.2663195486003984
2998,60,29,1.0,-0.4,-0.30877137184143066,-0.008778290823101997,1.365993019558663
2999,60,30,1.0,-0.4,-0.1624118536710739,0.08081316202878952,1.2579279050625856
3000,60,31,1.0,-0.4,-0.10596995055675507,0.0969584733247757,1.2124921672917326
3001,60,32,1.0,-0.4,-0.1096341460943222,0.06290251016616821,1.2023172094321095
3002,60,33,1.0,-0.4,-0.023124851286411285,0.23795464634895325,1.20572409452497
3003,60,34,1.0,-0.4,-0.1853664070367813,0.03718247264623642,1.2634168090224087
3004,60,35,1.0,-0.4,-0.23117190599441528,-0.062196034938097,1.2766737174867604
3005,60,36,1.0,-0.4,-0.19777920842170715,-0.006727058906108141,1.2606897470527676
3006,60,37,1.0,-0.4,-0.14996013045310974,0.17582829296588898,1.2860740743097743
3007,60,38,1.0,-0.4,-0.20410706102848053,0.10277990251779556,1.3048606993830603
3008,60,39,1.0,-0.4,-0.20706354081630707,-0.056821178644895554,1.25490003386512
3009,60,40,1.0,-0.4,-0.2921481132507324,-0.043114036321640015,1.3405276340486456
3010,60,41,1.0,-0.4,-0.13430802524089813,0.24069726467132568,1.3027462074722094
3011,60,42,1.0,-0.4,-0.03890641778707504,0.34198158979415894,1.2766609669417484
3012,60,43,1.0,-0.4,-0.19891326129436493,-0.005500838626176119,1.2621499896732324
3013,60,44,1.0,-0.4,-0.17342594265937805,-0.11335992813110352,1.2079283810338493
3014,60,45,1.0,-0.4,-0.235285684466362,-0.03989279642701149,1.2867042862727576
3015,60,46,1.0,-0.4,-0.13673487305641174,0.14129638671875,1.2590345308597979
3016,60,47,1.0,-0.4,-0.22425103187561035,-0.03720659762620926,1.2768749515338016
3017,60,48,1.0,-0.4,-0.2261418253183365,-0.025467820465564728,1.2820679113454936
3018,61,0,-0.5,-0.3,-0.0856848806142807,-0.08579837530851364,0.46641114284724716
3019,61,1,-0.5,-0.3,-0.08002330362796783,-0.08901768177747726,0.46999357878391906
3020,61,2,-0.5,-0.3,-0.0868486762046814,-0.06344117224216461,0.4760820258568742
3021,61,3,-0.5,-0.3,-0.09521549940109253,-0.09483447670936584,0.4538098543137056
3022,61,4,-0.5,-0.3,-0.09613697230815887,-0.09193338453769684,0.4543094337633314
3023,61,5,-0.5,-0.3,-0.0925573855638504,-0.07300779968500137,0.4664064140451001
3024,61,6,-0.5,-0.3,-0.09754860401153564,-0.09711036831140518,0.4507009305291009
3025,61,7,-0.5,-0.3,-0.07446619868278503,-0.08644519746303558,0.47611413521348095
3026,61,8,-0.5,-0.3,-0.08276312798261642,-0.08799858391284943,0.4680077005710565
3027,61,9,-0.5,-0.3,-0.09476600587368011,-0.07245749980211258,0.46474743613265457
3028,61,10,-0.5,-0.3,0.003925096243619919,-0.008816692978143692,0.582003626202042
3029,61,11,-0.5,-0.3,-0.07306051254272461,-0.060013629496097565,0.48976605025044084
3030,61,12,-0.5,-0.3,-0.12542879581451416,-0.06169445067644119,0.44395171116166227
3031,61,13,-0.5,-0.3,-0.11288796365261078,-0.03852119296789169,0.4671476160829218
3032,61,14,-0.5,-0.3,-0.07464252412319183,-0.08479175716638565,0.47670071330743924
3033,61,15,-0.5,-0.3,-0.1223626583814621,-0.061638955026865005,0.44657132638068153
3034,61,16,-0.5,-0.3,-0.09909401088953018,-0.076485775411129,0.4590035083724398
3035,61,17,-0.5,-0.3,-0.1015109121799469,-0.08494532853364944,0.45281570735913956
3036,61,18,-0.5,-0.3,-0.06546825170516968,-0.045612938702106476,0.5035182392246978
3037,61,19,-0.5,-0.3,-0.08120986074209213,-0.05360611528158188,0.48589621028187796
3038,61,20,-0.5,-0.3,-0.049936190247535706,-0.06351878494024277,0.5084100686700073
3039,61,21,-0.5,-0.3,-0.09780336916446686,-0.08413300663232803,0.4564654298860459
3040,61,22,-0.5,-0.3,-0.07969170063734055,-0.07722092419862747,0.4756990468016986
3041,61,23,-0.5,-0.3,-0.06901202350854874,-0.07662893831729889,0.48543307167667593
3042,61,24,-0.5,-0.3,-0.08828018605709076,-0.06745332479476929,0.4728542707242802
3043,61,25,-0.5,-0.3,-0.0892379879951477,-0.07210463285446167,0.46974645168715656
3044,61,26,-0.5,-0.3,-0.0996885746717453,-0.07536056637763977,0.45903389023743507
3045,61,27,-0.5,-0.3,0.025200728327035904,-0.016577506437897682,0.5967948683527774
3046,61,28,-0.5,-0.3,-0.09445690363645554,-0.08998927474021912,0.4566943263631269
3047,61,29,-0.5,-0.3,-0.07869720458984375,-0.08073655515909195,0.4749447374841771
3048,61,30,-0.5,-0.3,-0.08694609999656677,-0.09390313923358917,0.46161611792247415
3049,61,31,-0.5,-0.3,-0.13302868604660034,-0.04362267255783081,0.44765754689391074
3050,61,32,-0.5,-0.3,-0.09965278953313828,-0.04918104410171509,0.4724278120162947
3051,61,33,-0.5,-0.3,-0.06508044898509979,-0.08249631524085999,0.4862744788067802
3052,61,34,-0.5,-0.3,-0.08990252017974854,-0.08119150251150131,0.46481942894859274
3053,61,35,-0.5,-0.3,-0.08003763854503632,-0.027100175619125366,0.5008419902383803
3054,61,36,-0.5,-0.3,-0.07484164834022522,-0.09021755307912827,0.4740973518404897
3055,61,37,-0.5,-0.3,-0.05673910677433014,-0.08631840348243713,0.492077274575359
3056,61,38,-0.5,-0.3,-0.1045723557472229,-0.09272730350494385,0.4464582763838436
3057,61,39,-0.5,-0.3,-0.09125912934541702,-0.09428365528583527,0.4575896784522391
3058,61,40,-0.5,-0.3,-0.044708941131830215,-0.06477585434913635,0.5124649714687609
3059,61,41,-0.5,-0.3,-0.09169622510671616,-0.08679182082414627,0.4606188231711643
3060,61,42,-0.5,-0.3,-0.0825662612915039,-0.07534321397542953,0.47404809641959605
3061,61,43,-0.5,-0.3,-0.08508129417896271,-0.09411072731018066,0.4631931832928322
3062,61,44,-0.5,-0.3,-0.10115598142147064,-0.06702076643705368,0.46190461615732764
3063,61,45,-0.5,-0.3,-0.11454053223133087,-0.05545385181903839,0.4564885758511931
3064,61,46,-0.5,-0.3,-0.07233111560344696,-0.0846700370311737,0.4788190343262769
3065,61,47,-0.5,-0.3,-0.09688204526901245,-0.08947519958019257,0.4547799215206123
3066,61,48,-0.5,-0.3,-0.11821781098842621,-0.05197787284851074,0.4552720235235398
3067,61,49,-0.5,-0.3,-0.07915636897087097,-0.03636495769023895,0.49660124578121145
3068,62,0,-0.4,-0.3,0.24671737849712372,-0.02182837948203087,0.7040048423922842
3069,62,1,-0.4,-0.3,0.25657179951667786,-0.02306215465068817,0.7125876073208739
3070,62,2,-0.4,-0.3,0.2542225122451782,-0.02913154661655426,0.7080796668219843
3071,62,3,-0.4,-0.3,0.2590750753879547,-0.05293072760105133,0.7038630409116422
3072,62,4,-0.4,-0.3,0.23119564354419708,-0.042555902153253555,0.6816783728014982
3073,62,5,-0.4,-0.3,0.26776719093322754,-0.028689105063676834,0.7207791776945296
3074,62,6,-0.4,-0.3,0.24019162356853485,-0.04840400442481041,0.6878559877451003
3075,62,7,-0.4,-0.3,0.26772341132164,-0.04953199625015259,0.7131541032129323
3076,62,8,-0.4,-0.3,0.2653060853481293,-0.040186598896980286,0.7142374889306574
3077,62,9,-0.4,-0.3,0.22876043617725372,0.07555464655160904,0.7323803510801709
3078,62,10,-0.4,-0.3,0.25270184874534607,-0.03518988564610481,0.7043749711763725
3079,62,11,-0.4,-0.3,0.24837158620357513,-0.0486680343747139,0.6953800908432812
3080,62,12,-0.4,-0.3,0.2706145644187927,-0.02473018690943718,0.7249119698346279
3081,62,13,-0.4,-0.3,0.14617004990577698,0.05147765576839447,0.6494907743136348
3082,62,14,-0.4,-0.3,0.25978338718414307,-0.03363211825489998,0.7115236935124174
3083,62,15,-0.4,-0.3,0.26581037044525146,-0.04782150685787201,0.7119673038812087
3084,62,16,-0.4,-0.3,0.24858514964580536,-0.03796570748090744,0.6995174528180502
3085,62,17,-0.4,-0.3,0.25530630350112915,-0.04814082756638527,0.7020394534121707
3086,62,18,-0.4,-0.3,0.25943058729171753,-0.034369729459285736,0.7109206285398059
3087,62,19,-0.4,-0.3,0.27015191316604614,-0.030640363693237305,0.7222590950562154
3088,62,20,-0.4,-0.3,0.2521015405654907,-0.029566314071416855,0.7059538212183613
3089,62,21,-0.4,-0.3,0.24296538531780243,-0.027607537806034088,0.6982851424575504
3090,62,22,-0.4,-0.3,0.2666734457015991,-0.03837674856185913,0.7161705166346264
3091,62,23,-0.4,-0.3,0.2329683154821396,-0.04536723718047142,0.6822658809477459
3092,62,24,-0.4,-0.3,0.2590821385383606,-0.01538221724331379,0.717911239361546
3093,62,25,-0.4,-0.3,0.25539296865463257,-0.05149555951356888,0.7009239618556399
3094,62,26,-0.4,-0.3,0.13387185335159302,0.04826739802956581,0.6374239847474747
3095,62,27,-0.4,-0.3,0.23867617547512054,-0.04695102572441101,0.6869796507186037
3096,62,28,-0.4,-0.3,0.25156861543655396,-0.02687857113778591,0.7064962671703549
3097,62,29,-0.4,-0.3,0.1717352271080017,0.07331030070781708,0.6828189734701279
3098,62,30,-0.4,-0.3,0.26169630885124207,-0.0647488683462143,0.7022713863541253
3099,62,31,-0.4,-0.3,0.24930758774280548,-0.041826557368040085,0.6987516511471146
3100,62,32,-0.4,-0.3,0.24995048344135284,-0.04416201636195183,0.6984903040111798
3101,62,33,-0.4,-0.3,0.1539124995470047,0.05073309689760208,0.655616322565106
3102,62,34,-0.4,-0.3,0.12985755503177643,0.06433446705341339,0.6430308176964357
3103,62,35,-0.4,-0.3,0.24627237021923065,0.041834380477666855,0.7311078717845491
3104,62,36,-0.4,-0.3,0.2516300082206726,-0.045053765177726746,0.6997279830503619
3105,62,37,-0.4,-0.3,0.23766662180423737,0.1034935787320137,0.7546030669439372
3106,62,38,-0.4,-0.3,0.2033187299966812,0.08802162855863571,0.7173243856123283
3107,62,39,-0.4,-0.3,0.17735441029071808,0.08078385889530182,0.691617280204406
3108,62,40,-0.4,-0.3,0.2593863606452942,-0.031805939972400665,0.7118415739749495
3109,62,41,-0.4,-0.3,0.2544863224029541,-0.04595832899212837,0.7020609067744873
3110,62,42,-0.4,-0.3,0.2534772753715515,-0.03912581875920296,0.7036248203873161
3111,62,43,-0.4,-0.3,0.253222793340683,-0.04254770278930664,0.7021265577364724
3112,62,44,-0.4,-0.3,0.23956634104251862,-0.01878780871629715,0.698659717688874
3113,62,45,-0.4,-0.3,0.2572329640388489,-0.031037524342536926,0.7101380023143968
3114,62,46,-0.4,-0.3,0.2978334128856659,-0.029790766537189484,0.7483211222384518
3115,62,47,-0.4,-0.3,0.25109541416168213,-0.037304915487766266,0.7020925478662069
3116,62,48,-0.4,-0.3,0.2278268188238144,0.08224139362573624,0.735034011073893
3117,63,0,-0.3,-0.3,-0.3269038498401642,-0.21026113629341125,0.09368500838219428
3118,63,1,-0.3,-0.3,-0.33393198251724243,-0.2044917196035385,0.10135685009825213
3119,63,2,-0.3,-0.3,-0.3718186318874359,-0.22033075988292694,0.10726184646469064
3120,63,3,-0.3,-0.3,-0.34034493565559387,-0.21253365278244019,0.09632276848511333
3121,63,4,-0.3,-0.3,-0.24244442582130432,-0.15222260355949402,0.15859004703251023
3122,63,5,-0.3,-0.3,-0.38162150979042053,-0.21351034939289093,0.11892237183393004
3123,63,6,-0.3,-0.3,-0.3307708501815796,-0.19405187666416168,0.1103261077863405
3124,63,7,-0.3,-0.3,-0.3723624646663666,-0.20841577649116516,0.11672187579159002
3125,63,8,-0.3,-0.3,-0.23744907975196838,-0.21050965785980225,0.10918396842139996
3126,63,9,-0.3,-0.3,-0.3202318847179413,-0.20218722522258759,0.09988327221760845
3127,63,10,-0.3,-0.3,-0.36016565561294556,-0.2171955704689026,0.10235467583508846
3128,63,11,-0.3,-0.3,-0.31158336997032166,-0.18800179660320282,0.11259561280964592
3129,63,12,-0.3,-0.3,-0.3692125976085663,-0.21828611195087433,0.10708661525993973
3130,63,13,-0.3,-0.3,-0.3546467423439026,-0.20333798229694366,0.11103968711783571
3131,63,14,-0.3,-0.3,-0.3259364664554596,-0.20270314812660217,0.1006944768925739
3132,63,15,-0.3,-0.3,-0.30652955174446106,-0.19081680476665497,0.10937826643052234
3133,63,16,-0.3,-0.3,-0.27993425726890564,-0.17750437557697296,0.12412820805174689
3134,63,17,-0.3,-0.3,-0.3310823440551758,-0.20306630432605743,0.10179515444741381
3135,63,18,-0.3,-0.3,-0.3570566773414612,-0.20771166682243347,0.10850161690012336
3136,63,19,-0.3,-0.3,-0.3452456593513489,-0.20055373013019562,0.10925534440546268
3137,63,20,-0.3,-0.3,-0.32551607489585876,-0.08972305804491043,0.2118194098662235
3138,63,21,-0.3,-0.3,-0.3782529830932617,-0.21682237088680267,0.11420178347069242
3139,63,22,-0.3,-0.3,-0.34624338150024414,-0.20083314180374146,0.10941899331054902
3140,63,23,-0.3,-0.3,-0.33103930950164795,-0.197969451546669,0.1066474169965059
3141,63,24,-0.3,-0.3,-0.32729268074035645,-0.1980867236852646,0.10550453218321303
3142,63,25,-0.3,-0.3,-0.2880265414714813,-0.18387605249881744,0.11673960293058888
3143,63,26,-0.3,-0.3,-0.34482142329216003,-0.1950186789035797,0.11414919082098078
3144,63,27,-0.3,-0.3,-0.3546488285064697,-0.22004559636116028,0.09684627570728802
3145,63,28,-0.3,-0.3,-0.27583858370780945,-0.16810250282287598,0.13409222124655093
3146,63,29,-0.3,-0.3,-0.40206778049468994,-0.21584510803222656,0.132287103140177
3147,63,30,-0.3,-0.3,-0.34000691771507263,-0.21143130958080292,0.09718521691920107
3148,63,31,-0.3,-0.3,-0.3596295416355133,-0.2268006056547165,0.0944131006173282
3149,63,32,-0.3,-0.3,-0.28749507665634155,-0.18719390034675598,0.11349708906755446
3150,63,33,-0.3,-0.3,-0.3412604033946991,-0.19582396745681763,0.11204939377226228
3151,63,34,-0.3,-0.3,-0.30589836835861206,-0.1876215785741806,0.11253310780145076
3152,63,35,-0.3,-0.3,-0.3589395582675934,-0.2054014652967453,0.11145741023719292
3153,63,36,-0.3,-0.3,-0.3111421465873718,-0.19402353465557098,0.1065605866982415
3154,63,37,-0.3,-0.3,-0.3597264885902405,-0.20828308165073395,0.10944974440722127
3155,63,38,-0.3,-0.3,-0.3381827473640442,-0.2047574669122696,0.10261121919767761
3156,63,39,-0.3,-0.3,-0.3084176480770111,-0.19626624882221222,0.10407472283202869
3157,63,40,-0.3,-0.3,-0.31228765845298767,-0.20330369472503662,0.09747390422100773
3158,63,41,-0.3,-0.3,-0.3700501620769501,-0.20958803594112396,0.11437372273381008
3159,63,42,-0.3,-0.3,-0.3497466444969177,-0.20013205707073212,0.11157210522180812
3160,63,43,-0.3,-0.3,-0.3841346204280853,-0.21204808354377747,0.12171349129369488
3161,63,44,-0.3,-0.3,-0.2955367863178253,-0.200429767370224,0.09967021371663883
3162,63,45,-0.3,-0.3,-0.3779929578304291,-0.203508660197258,0.12407046436629192
3163,63,46,-0.3,-0.3,-0.3305674195289612,-0.20785127580165863,0.0970863250310851
3164,63,47,-0.3,-0.3,-0.33780935406684875,-0.21044868230819702,0.09720589362425797
3165,63,48,-0.3,-0.3,-0.2872336208820343,-0.18320010602474213,0.11749551339695957
3166,64,0,-0.2,-0.3,-0.17135129868984222,-0.24230609834194183,0.06441532717675447
3167,64,1,-0.2,-0.3,-0.1987953782081604,-0.2755213975906372,0.02450822493729475
3168,64,2,-0.2,-0.3,-0.19063597917556763,-0.2888374924659729,0.014570053549922692
3169,64,3,-0.2,-0.3,-0.19283565878868103,-0.2878309190273285,0.014121413410549209
3170,64,4,-0.2,-0.3,-0.11724275350570679,-0.2490362972021103,0.0971908475638979
3171,64,5,-0.2,-0.3,-0.19180314242839813,-0.2778919041156769,0.023578727227726932
3172,64,6,-0.2,-0.3,-0.20188668370246887,-0.26946648955345154,0.03059174456585706
3173,64,7,-0.2,-0.3,-0.16235902905464172,-0.24890345335006714,0.06346416132951
3174,64,8,-0.2,-0.3,-0.1540919542312622,-0.24644368886947632,0.07053954301109398
3175,64,9,-0.2,-0.3,-0.21306157112121582,-0.2924008369445801,0.015111317589721873
3176,64,10,-0.2,-0.3,-0.1671459823846817,-0.2475004643201828,0.06193212187600263
3177,64,11,-0.2,-0.3,-0.20109085738658905,-0.29468202590942383,0.005428703184547412
3178,64,12,-0.2,-0.3,-0.20225094258785248,-0.2784372568130493,0.021679913198170225
3179,64,13,-0.2,-0.3,-0.21958240866661072,-0.22175687551498413,0.08065641486183128
3180,64,14,-0.2,-0.3,-0.15592598915100098,-0.2574375867843628,0.06127052677312586
3181,64,15,-0.2,-0.3,-0.20047421753406525,-0.27109986543655396,0.02890402498018058
3182,64,16,-0.2,-0.3,-0.17540933191776276,-0.258258581161499,0.04844633116534136
3183,64,17,-0.2,-0.3,-0.1912579983472824,-0.26194021105766296,0.039050865896050974
3184,64,18,-0.2,-0.3,-0.19249634444713593,-0.28284406661987305,0.018725140768479736
3185,64,19,-0.2,-0.3,-0.20964060723781586,-0.27655091881752014,0.025353514869074025
3186,64,20,-0.2,-0.3,-0.1868159919977188,-0.26315903663635254,0.039128948983659505
3187,64,21,-0.2,-0.3,-0.1625349074602127,-0.2455969750881195,0.06605544851545188
3188,64,22,-0.2,-0.3,-0.18317249417304993,-0.2520768642425537,0.05079165180600711
3189,64,23,-0.2,-0.3,-0.2260597199201584,-0.2939623296260834,0.026749999361891014
3190,64,24,-0.2,-0.3,-0.20103636384010315,-0.2922089695930481,0.007859656787107329
3191,64,25,-0.2,-0.3,-0.15087230503559113,-0.23610632121562958,0.08059734859855075
3192,64,26,-0.2,-0.3,-0.16000978648662567,-0.24876458942890167,0.06499449571490097
3193,64,27,-0.2,-0.3,-0.16209475696086884,-0.24438604712486267,0.06730318866334341
3194,64,28,-0.2,-0.3,-0.14258410036563873,-0.25171732902526855,0.07501867665639818
3195,64,29,-0.2,-0.3,-0.19629859924316406,-0.26543673872947693,0.03476088890142404
3196,64,30,-0.2,-0.3,-0.1489849090576172,-0.2544839382171631,0.06836849701491628
3197,64,31,-0.2,-0.3,-0.15468136966228485,-0.24339482188224792,0.07251154697997357
3198,64,32,-0.2,-0.3,-0.1949668824672699,-0.26181191205978394,0.038518337615062646
3199,64,33,-0.2,-0.3,-0.20242644846439362,-0.2659265995025635,0.03415968784413969
3200,64,34,-0.2,-0.3,-0.2054303139448166,-0.284068763256073,0.01683129863469598
3201,64,35,-0.2,-0.3,-0.16088703274726868,-0.2564975619316101,0.05850031047103366
3202,64,36,-0.2,-0.3,-0.16162340342998505,-0.2519058585166931,0.061528933107230316
3203,64,37,-0.2,-0.3,-0.15329881012439728,-0.25041452050209045,0.06811549686256943
3204,64,38,-0.2,-0.3,-0.19534704089164734,-0.2719131112098694,0.02846969178570724
3205,64,39,-0.2,-0.3,-0.19154582917690277,-0.2647229731082916,0.036275909783552274
3206,64,40,-0.2,-0.3,-0.15034109354019165,-0.25620371103286743,0.06621270209013203
3207,64,41,-0.2,-0.3,-0.19130225479602814,-0.2709311544895172,0.03034219093845285
3208,64,42,-0.2,-0.3,-0.17305976152420044,-0.2511119544506073,0.055819507761825045
3209,64,43,-0.2,-0.3,-0.15673232078552246,-0.24859511852264404,0.06719043015421128
3210,64,44,-0.2,-0.3,-0.18356506526470184,-0.25588753819465637,0.04707458301760526
3211,64,45,-0.2,-0.3,-0.18943102657794952,-0.2642955183982849,0.03723591284826008
3212,64,46,-0.2,-0.3,-0.1874711513519287,-0.26213666796684265,0.039882376572859805
3213,64,47,-0.2,-0.3,-0.1917845755815506,-0.2810290455818176,0.020673420372836416
3214,64,48,-0.2,-0.3,-0.162899911403656,-0.25367844104766846,0.05934731162934762
3215,64,49,-0.2,-0.3,-0.1967381238937378,-0.28041234612464905,0.019857392076331554
3216,65,0,-0.1,-0.3,-0.015217728912830353,-0.34254810214042664,0.09485976220954015
3217,65,1,-0.1,-0.3,-0.02625112608075142,-0.34694361686706543,0.08742196273774146
3218,65,2,-0.1,-0.3,-0.106645867228508,-0.3376220762729645,0.038204556983528995
3219,65,3,-0.1,-0.3,-0.022695370018482208,-0.34028396010398865,0.08717111481585589
3220,65,4,-0.1,-0.3,-0.02265196293592453,-0.3443748354911804,0.08917311737589373
3221,65,5,-0.1,-0.3,-0.024367090314626694,-0.34401750564575195,0.08750930139562103
3222,65,6,-0.1,-0.3,-0.11393459141254425,-0.3614928722381592,0.06305193235685265
3223,65,7,-0.1,-0.3,-0.01693057268857956,-0.3414917588233948,0.09285524112351508
3224,65,8,-0.1,-0.3,-0.025965813547372818,-0.3399529755115509,0.08412669621427525
3225,65,9,-0.1,-0.3,-0.02122340351343155,-0.35693857073783875,0.09719955242528382
3226,65,10,-0.1,-0.3,-0.016433849930763245,-0.35093697905540466,0.0978666300261991
3227,65,11,-0.1,-0.3,-0.017247360199689865,-0.3497423231601715,0.09655204869546172
3228,65,12,-0.1,-0.3,-0.10295648872852325,-0.35700297355651855,0.05707959197372595
3229,65,13,-0.1,-0.3,-0.023376423865556717,-0.3453785479068756,0.08905270927808673
3230,65,14,-0.1,-0.3,-0.012948650866746902,-0.3461633622646332,0.09853422451866806
3231,65,15,-0.1,-0.3,-0.01574145257472992,-0.3475129008293152,0.0967314765701053
3232,65,16,-0.1,-0.3,-0.033488571643829346,-0.3494819700717926,0.08289894730431625
3233,65,17,-0.1,-0.3,-0.015386160463094711,-0.33278805017471313,0.09074446581162217
3234,65,18,-0.1,-0.3,-0.024936504662036896,-0.34286627173423767,0.08644099481580435
3235,65,19,-0.1,-0.3,-0.023182064294815063,-0.34144771099090576,0.08728635627858215
3236,65,20,-0.1,-0.3,-0.111467644572258,-0.36608874797821045,0.06707629597229603
3237,65,21,-0.1,-0.3,-0.02243759110569954,-0.35256677865982056,0.09369735050767032
3238,65,22,-0.1,-0.3,-0.024479269981384277,-0.3647882342338562,0.09950324596557474
3239,65,23,-0.1,-0.3,-0.021690107882022858,-0.33754444122314453,0.08684482869052926
3240,65,24,-0.1,-0.3,-0.02565159648656845,-0.3491946756839752,0.0891504415056232
3241,65,25,-0.1,-0.3,-0.029070638120174408,-0.3461744487285614,0.08463482789056644
3242,65,26,-0.1,-0.3,-0.021582163870334625,-0.3457450866699219,0.09078529604345474
3243,65,27,-0.1,-0.3,-0.02102700248360634,-0.34591352939605713,0.09134980305576429
3244,65,28,-0.1,-0.3,-0.11221310496330261,-0.3713938295841217,0.07243092458012157
3245,65,29,-0.1,-0.3,-0.02201032266020775,-0.3390095829963684,0.08720170489798615
3246,65,30,-0.1,-0.3,-0.020356155931949615,-0.34690427780151367,0.09242917923479303
3247,65,31,-0.1,-0.3,-0.11191491782665253,-0.35202160477638245,0.053368648383915626
3248,65,32,-0.1,-0.3,-0.05444914847612381,-0.34663692116737366,0.06519112278924209
3249,65,33,-0.1,-0.3,-0.10320132970809937,-0.3416832387447357,0.04180599124707603
3250,65,34,-0.1,-0.3,-0.02854473516345024,-0.3423621952533722,0.08306870926857053
3251,65,35,-0.1,-0.3,-0.021427512168884277,-0.35589951276779175,0.09642816689975675
3252,65,36,-0.1,-0.3,-0.023835185915231705,-0.3372983932495117,0.08480712849497112
3253,65,37,-0.1,-0.3,-0.02026587724685669,-0.34217336773872375,0.09020046162652913
3254,65,38,-0.1,-0.3,-0.09752224385738373,-0.35286182165145874,0.05291985887937444
3255,65,39,-0.1,-0.3,-0.02317630872130394,-0.35232311487197876,0.09294938349225716
3256,65,40,-0.1,-0.3,-0.034700773656368256,-0.3389665186405182,0.07604195247387263
3257,65,41,-0.1,-0.3,-0.0351029634475708,-0.3472074568271637,0.08025066562574953
3258,65,42,-0.1,-0.3,-0.03257442265748978,-0.3369828462600708,0.07690214169622887
3259,65,43,-0.1,-0.3,-0.025078926235437393,-0.33430927991867065,0.08240324012181031
3260,65,44,-0.1,-0.3,-0.030767077580094337,-0.3516409397125244,0.08637120006803922
3261,65,45,-0.1,-0.3,-0.09207367897033691,-0.3395693302154541,0.040355401853592404
3262,65,46,-0.1,-0.3,-0.09962955117225647,-0.3267001509666443,0.026702720722345374
3263,65,47,-0.1,-0.3,-0.03261534124612808,-0.3436638116836548,0.08029458690423308
3264,65,48,-0.1,-0.3,-0.03375287353992462,-0.34968075156211853,0.0828061521868645
3265,65,49,-0.1,-0.3,-0.07976885885000229,-0.3464014232158661,0.05062006666025884
3266,66,0,0.0,-0.3,-0.08862616121768951,-0.28108301758766174,0.0906225616266314
3267,66,1,0.0,-0.3,-0.18257112801074982,-0.29423585534095764,0.18266209827648416
3268,66,2,0.0,-0.3,-0.09145371615886688,-0.25972795486450195,0.09992807322600682
3269,66,3,0.0,-0.3,-0.03939961642026901,-0.27402859926223755,0.04718944193721493
3270,66,4,0.0,-0.3,-0.061918966472148895,-0.27436819672584534,0.06701453385694825
3271,66,5,0.0,-0.3,-0.11198453605175018,-0.19234423339366913,0.1553393073189221
3272,66,6,0.0,-0.3,-0.0969180315732956,-0.24835103750228882,0.1098213101867406
3273,66,7,0.0,-0.3,-0.06870143115520477,-0.2855258285999298,0.07020960248065752
3274,66,8,0.0,-0.3,-0.07626092433929443,-0.2870239317417145,0.07735700956298192
3275,66,9,0.0,-0.3,-0.12441013753414154,-0.265085905790329,0.12921639329336582
3276,66,10,0.0,-0.3,-0.19021891057491302,-0.2993602454662323,0.19021998640040494
3277,66,11,0.0,-0.3,-0.1161285936832428,-0.28706327080726624,0.11684694789789689
3278,66,12,0.0,-0.3,-0.10934758931398392,-0.27941977977752686,0.11126742898613763
3279,66,13,0.0,-0.3,-0.06346246600151062,-0.3051722049713135,0.06367288508665342
3280,66,14,0.0,-0.3,-0.10508474707603455,-0.2836501896381378,0.10634904967559891
3281,66,15,0.0,-0.3,-0.1848396509885788,-0.25263360142707825,0.1908121387421369
3282,66,16,0.0,-0.3,-0.14744621515274048,-0.25998082756996155,0.15278062876180798
3283,66,17,0.0,-0.3,-0.1058771014213562,-0.277472585439682,0.10824714782459893
3284,66,18,0.0,-0.3,-0.10444669425487518,-0.29527392983436584,0.10455356368857961
3285,66,19,0.0,-0.3,-0.051174938678741455,-0.2890990376472473,0.052323086004067834
3286,66,20,0.0,-0.3,-0.13316062092781067,-0.2925748825073242,0.13336747480424202
3287,66,21,0.0,-0.3,-0.10083730518817902,-0.26578888297080994,0.10648268707164979
3288,66,22,0.0,-0.3,-0.09262402355670929,-0.2993400990962982,0.09262637426260699
3289,66,23,0.0,-0.3,-0.10491541028022766,-0.20952197909355164,0.13854066399947781
3290,66,24,0.0,-0.3,-0.10735427588224411,-0.31182798743247986,0.1080038973227535
3291,66,25,0.0,-0.3,-0.09544476866722107,-0.2822602093219757,0.09707936979214205
3292,66,26,0.0,-0.3,-0.04875120148062706,-0.2853296995162964,0.05091068023594703
3293,66,27,0.0,-0.3,-0.14626090228557587,-0.2770589292049408,0.1480491278819794
3294,66,28,0.0,-0.3,-0.21208198368549347,-0.29021695256233215,0.212307502978914
3295,66,29,0.0,-0.3,-0.09666556864976883,-0.2588960528373718,0.1050417375843112
3296,66,30,0.0,-0.3,-0.1137501448392868,-0.32254326343536377,0.1159624688305442
3297,66,31,0.0,-0.3,-0.1463249921798706,-0.2985706031322479,0.14633197364842973
3298,66,32,0.0,-0.3,-0.09344316273927689,-0.30700811743736267,0.0937055941378894
3299,66,33,0.0,-0.3,-0.10984837263822556,-0.2833649516105652,0.11110080920580777
3300,66,34,0.0,-0.3,-0.10490795224905014,-0.2980108857154846,0.10492680792212182
3301,66,35,0.0,-0.3,-0.07598023861646652,-0.2998308837413788,0.07598042682509833
3302,66,36,0.0,-0.3,-0.08672964572906494,-0.2786906659603119,0.08930912140147905
3303,66,37,0.0,-0.3,-0.12064898759126663,-0.25638172030448914,0.1282915918148708
3304,66,38,0.0,-0.3,-0.07334054261445999,-0.2876204550266266,0.07437800968519659
3305,66,39,0.0,-0.3,-0.07651355117559433,-0.2645244598388672,0.08433763965884057
3306,66,40,0.0,-0.3,-0.10528548806905746,-0.28035300970077515,0.10710293285320191
3307,66,41,0.0,-0.3,-0.11513367295265198,-0.2687879204750061,0.11928938157205263
3308,66,42,0.0,-0.3,-0.052022796124219894,-0.32721883058547974,0.05871316764596504
3309,66,43,0.0,-0.3,-0.10937222838401794,-0.29589760303497314,0.10944913888443546
3310,66,44,0.0,-0.3,-0.1310897171497345,-0.28683534264564514,0.13174908783614012
3311,66,45,0.0,-0.3,-0.10820989310741425,-0.2587084174156189,0.11582044620290832
3312,66,46,0.0,-0.3,-0.12481419742107391,-0.28433990478515625,0.12579277586572604
3313,66,47,0.0,-0.3,-0.13246239721775055,-0.30096137523651123,0.1324658858688474
3314,66,48,0.0,-0.3,-0.11472007632255554,-0.26345720887184143,0.12039963245329777
3315,66,49,0.0,-0.3,-0.08024582266807556,-0.2589867115020752,0.09011926480553556
3316,67,0,0.1,-0.3,-0.08076730370521545,-0.33463576436042786,0.18405557384030696
3317,67,1,0.1,-0.3,-0.08798733353614807,-0.3394697904586792,0.19208618359705892
3318,67,2,0.1,-0.3,-0.08496109396219254,-0.33608826994895935,0.188448851170815
3319,67,3,0.1,-0.3,-0.08567378669977188,-0.3391414284706116,0.18975459543882564
3320,67,4,0.1,-0.3,-0.09054632484912872,-0.34042516350746155,0.19478730902734576
3321,67,5,0.1,-0.3,-0.07946839183568954,-0.3360491991043091,0.18305313005832685
3322,67,6,0.1,-0.3,-0.12113530933856964,-0.3611461818218231,0.22943339030675622
3323,67,7,0.1,-0.3,-0.06656014919281006,-0.33597812056541443,0.17040160931913362
3324,67,8,0.1,-0.3,-0.07497987896203995,-0.3335328698158264,0.1781640014134598
3325,67,9,0.1,-0.3,-0.12606725096702576,-0.3621799647808075,0.23446268355525293
3326,67,10,0.1,-0.3,-0.08482556790113449,-0.33767515420913696,0.18862637088874698
3327,67,11,0.1,-0.3,-0.0803728848695755,-0.334910124540329,0.1837201523828957
3328,67,12,0.1,-0.3,-0.10941670835018158,-0.35418206453323364,0.21631239875076166
3329,67,13,0.1,-0.3,-0.08253594487905502,-0.33931219577789307,0.18672123582969563
3330,67,14,0.1,-0.3,-0.05387174338102341,-0.34492361545562744,0.16029549162942985
3331,67,15,0.1,-0.3,-0.08321753144264221,-0.3366861045360565,0.18685431248426154
3332,67,16,0.1,-0.3,-0.08633118122816086,-0.3362119793891907,0.18981732415447464
3333,67,17,0.1,-0.3,-0.1271342784166336,-0.36034631729125977,0.2350141664718581
3334,67,18,0.1,-0.3,-0.08763167262077332,-0.33793139457702637,0.19142736289524317
3335,67,19,0.1,-0.3,-0.07047529518604279,-0.33424073457717896,0.17387999934769163
3336,67,20,0.1,-0.3,-0.0818328708410263,-0.33362412452697754,0.18491558795432864
3337,67,21,0.1,-0.3,-0.08252699673175812,-0.3357314467430115,0.1859915073928482
3338,67,22,0.1,-0.3,-0.08175390213727951,-0.33326345682144165,0.18477266708536652
3339,67,23,0.1,-0.3,-0.08221248537302017,-0.33525270223617554,0.18559133288159108
3340,67,24,0.1,-0.3,-0.08323855698108673,-0.3322502672672272,0.18605496097475754
3341,67,25,0.1,-0.3,-0.11585256457328796,-0.35375216603279114,0.22244465600702165
3342,67,26,0.1,-0.3,-0.08348385244607925,-0.33702123165130615,0.1871814512750509
3343,67,27,0.1,-0.3,-0.09315481781959534,-0.34355297684669495,0.19800415510571948
3344,67,28,0.1,-0.3,-0.13005812466144562,-0.36750850081443787,0.239758500172474
3345,67,29,0.1,-0.3,-0.08088910579681396,-0.339602530002594,0.18517351046674393
3346,67,30,0.1,-0.3,-0.09378743916749954,-0.34222301840782166,0.1983339478318439
3347,67,31,0.1,-0.3,-0.1297191083431244,-0.3672974705696106,0.23937380450464443
3348,67,32,0.1,-0.3,-0.08537863194942474,-0.33429262042045593,0.18852379425086307
3349,67,33,0.1,-0.3,-0.09156142175197601,-0.3328198790550232,0.1943525733424304
3350,67,34,0.1,-0.3,-0.1301417350769043,-0.36296069622039795,0.23859854880691383
3351,67,35,0.1,-0.3,-0.07963322848081589,-0.331920862197876,0.18244735738808823
3352,67,36,0.1,-0.3,-0.08700576424598694,-0.33729803562164307,0.1906890120653495
3353,67,37,0.1,-0.3,-0.0796278715133667,-0.33240100741386414,0.182526703541854
3354,67,38,0.1,-0.3,-0.1402793824672699,-0.37054067850112915,0.25041998514945296
3355,67,39,0.1,-0.3,-0.07313225418329239,-0.3372347354888916,0.1770909454645152
3356,67,40,0.1,-0.3,-0.08392458409070969,-0.33675408363342285,0.1875609642134343
3357,67,41,0.1,-0.3,-0.0803539827466011,-0.33334288001060486,0.18341021438284968
3358,67,42,0.1,-0.3,-0.07809872925281525,-0.33451393246650696,0.18141215200688787
3359,67,43,0.1,-0.3,-0.08097707480192184,-0.3322787582874298,0.1838331304211478
3360,67,44,0.1,-0.3,-0.07345527410507202,-0.33468756079673767,0.176889680278113
3361,67,45,0.1,-0.3,-0.0891450047492981,-0.34031543135643005,0.19339381279417142
3362,67,46,0.1,-0.3,-0.08273296803236008,-0.3325542211532593,0.18561011535153693
3363,67,47,0.1,-0.3,-0.08501209318637848,-0.33931997418403625,0.1891442174507021
3364,68,0,0.2,-0.3,-0.13783955574035645,-0.3444649577140808,0.3407531333492862
3365,68,1,0.2,-0.3,-0.12005366384983063,-0.3273814022541046,0.32122280263564956
3366,68,2,0.2,-0.3,-0.054480165243148804,-0.32351499795913696,0.2555642964719418
3367,68,3,0.2,-0.3,-0.05231056362390518,-0.3217230439186096,0.2532439755518432
3368,68,4,0.2,-0.3,-0.04830091446638107,-0.3214356005191803,0.24922445524959821
3369,68,5,0.2,-0.3,-0.1295764148235321,-0.33848369121551514,0.331815623046149
3370,68,6,0.2,-0.3,-0.05294610932469368,-0.3225618600845337,0.2539503332405255
3371,68,7,0.2,-0.3,-0.04695381969213486,-0.32246124744415283,0.24797317737465663
3372,68,8,0.2,-0.3,-0.04440715163946152,-0.3198411166667938,0.24521118588494298
3373,68,9,0.2,-0.3,-0.029008422046899796,-0.3204594850540161,0.22992052517573652
3374,68,10,0.2,-0.3,-0.05145364999771118,-0.3200174570083618,0.25224915595944625
3375,68,11,0.2,-0.3,-0.07238118350505829,-0.3248266279697418,0.27351027509759884
3376,68,12,0.2,-0.3,-0.04948902502655983,-0.32209715247154236,0.25046568179304324
3377,68,13,0.2,-0.3,-0.053264833986759186,-0.32244351506233215,0.25425732536682955
3378,68,14,0.2,-0.3,-0.04884743317961693,-0.32124850153923035,0.2497529655834873
3379,68,15,0.2,-0.3,-0.04409680515527725,-0.3216851055622101,0.24505814430509668
3380,68,16,0.2,-0.3,-0.05792935565114021,-0.3202784061431885,0.2587252717890552
3381,68,17,0.2,-0.3,-0.057087015360593796,-0.3240666091442108,0.2582110283135064
3382,68,18,0.2,-0.3,-0.045268990099430084,-0.320723295211792,0.24614291066132582
3383,68,19,0.2,-0.3,-0.05142209678888321,-0.3169785141944885,0.25199472355184543
3384,68,20,0.2,-0.3,-0.061198022216558456,-0.32350167632102966,0.26225318987524293
3385,68,21,0.2,-0.3,-0.055306658148765564,-0.3213725686073303,0.25619968068669735
3386,68,22,0.2,-0.3,-0.04711819440126419,-0.3194604814052582,0.24788326353480464
3387,68,23,0.2,-0.3,-0.03825118765234947,-0.32275405526161194,0.23933527832019152
3388,68,24,0.2,-0.3,-0.050822913646698,-0.3241811990737915,0.2519858416635055
3389,68,25,0.2,-0.3,-0.049503959715366364,-0.3222140073776245,0.25049089412076503
3390,68,26,0.2,-0.3,-0.04934036359190941,-0.3231550455093384,0.2504132046212522
3391,68,27,0.2,-0.3,-0.041715580970048904,-0.3238982558250427,0.24289411008743594
3392,68,28,0.2,-0.3,-0.04412513226270676,-0.3230912387371063,0.2452147742463698
3393,68,29,0.2,-0.3,-0.04876019060611725,-0.3198690712451935,0.24955242419687765
3394,68,30,0.2,-0.3,-0.04059232026338577,-0.3200872242450714,0.24142941234984477
3395,68,31,0.2,-0.3,-0.04789058864116669,-0.32176774740219116,0.2488444871075703
3396,68,32,0.2,-0.3,-0.044684235006570816,-0.32021480798721313,0.24551784725903467
3397,68,33,0.2,-0.3,-0.03414032608270645,-0.32698389887809753,0.23569009970038943
3398,68,34,0.2,-0.3,-0.046253472566604614,-0.32295340299606323,0.24732090785093602
3399,68,35,0.2,-0.3,-0.04216734319925308,-0.3267795741558075,0.24364352588187363
3400,68,36,0.2,-0.3,-0.042918190360069275,-0.3233279883861542,0.24403573969801104
3401,68,37,0.2,-0.3,-0.04467310756444931,-0.3206893801689148,0.2455462889497996
3402,68,38,0.2,-0.3,-0.049543529748916626,-0.3193175792694092,0.2502901158823064
3403,68,39,0.2,-0.3,-0.04792710766196251,-0.3194288909435272,0.24868721824195517
3404,68,40,0.2,-0.3,-0.04570503905415535,-0.3234550356864929,0.2468220105980394
3405,68,41,0.2,-0.3,-0.04214004799723625,-0.32253924012184143,0.2431868010180115
3406,68,42,0.2,-0.3,-0.036140717566013336,-0.3247894048690796,0.23743831427626594
3407,68,43,0.2,-0.3,-0.09423419833183289,-0.3282432556152344,0.295586611597555
3408,68,44,0.2,-0.3,-0.04542365297675133,-0.3210854232311249,0.2463277583084954
3409,68,45,0.2,-0.3,-0.05199068784713745,-0.32187554240226746,0.2529384235680037
3410,68,46,0.2,-0.3,-0.06866011768579483,-0.3278665840625763,0.2701014723067273
3411,68,47,0.2,-0.3,-0.05724102258682251,-0.32256338000297546,0.2582286773746727
3412,68,48,0.2,-0.3,-0.04764445871114731,-0.32234907150268555,0.24865087759219612
3413,69,0,0.3,-0.3,-0.0910477563738823,-0.24087591469287872,0.3954921051404831
3414,69,1,0.3,-0.3,-0.13029007613658905,-0.2511328458786011,0.4330560568489444
3415,69,2,0.3,-0.3,-0.09287020564079285,-0.21159088611602783,0.40269488437027356
3416,69,3,0.3,-0.3,-0.0909932404756546,-0.24018801748752594,0.3955416379469114
3417,69,4,0.3,-0.3,-0.0856243371963501,-0.23184484243392944,0.39160088730872433
3418,69,5,0.3,-0.3,-0.04524675011634827,-0.22899019718170166,0.3524737019441221
3419,69,6,0.3,-0.3,-0.0920473039150238,-0.24119819700717926,0.39643251700919485
3420,69,7,0.3,-0.3,-0.11185109615325928,-0.25000351667404175,0.4148746482343842
3421,69,8,0.3,-0.3,-0.12638472020626068,-0.25428542494773865,0.42882834794073493
3422,69,9,0.3,-0.3,-0.09019237011671066,-0.2402389943599701,0.3947422747722922
3423,69,10,0.3,-0.3,-0.11051777005195618,-0.24534985423088074,0.4141394426530957
3424,69,11,0.3,-0.3,0.037929270416498184,-0.24745090305805206,0.26728725164856476
3425,69,12,0.3,-0.3,-0.13276398181915283,-0.21745894849300385,0.44056519284193185
3426,69,13,0.3,-0.3,-0.11245325207710266,-0.2537754476070404,0.41503541342023753
3427,69,14,0.3,-0.3,-0.11219540238380432,-0.24629901349544525,0.4156787770597733
3428,69,15,0.3,-0.3,-0.10637356340885162,-0.2500663995742798,0.40942989325290285
3429,69,16,0.3,-0.3,-0.13313889503479004,-0.2513768970966339,0.4358595054922058
3430,69,17,0.3,-0.3,-0.09975878894329071,-0.25426867604255676,0.40236605638188105
3431,69,18,0.3,-0.3,-0.10976403951644897,-0.2045382559299469,0.42073686867415633
3432,69,19,0.3,-0.3,-0.11624487489461899,-0.2482972890138626,0.4194436388829291
3433,69,20,0.3,-0.3,-0.06972566992044449,-0.2385469675064087,0.37479800719958456
3434,69,21,0.3,-0.3,-0.10777927935123444,-0.19944532215595245,0.4199942665138802
3435,69,22,0.3,-0.3,-0.11743579804897308,-0.25185155868530273,0.4202034244194327
3436,69,23,0.3,-0.3,-0.13058459758758545,-0.21849922835826874,0.43822992989737763
3437,69,24,0.3,-0.3,-0.0008634403347969055,-0.22300276160240173,0.31055979207061957
3438,69,25,0.3,-0.3,-0.12724509835243225,-0.24934162199497223,0.4302378938776544
3439,69,26,0.3,-0.3,-0.1049974262714386,-0.2460327297449112,0.4085772650861464
3440,69,27,0.3,-0.3,-0.11672201752662659,-0.24910028278827667,0.41981903375584995
3441,69,28,0.3,-0.3,-0.11946230381727219,-0.24734936654567719,0.4227537268041939
3442,69,29,0.3,-0.3,-0.09632866084575653,-0.24410508573055267,0.40025073247775517
3443,69,30,0.3,-0.3,-0.09994199872016907,-0.25101611018180847,0.40293054463766387
3444,69,31,0.3,-0.3,-0.09259314090013504,-0.19176329672336578,0.4072401726475759
3445,69,32,0.3,-0.3,-0.11886028945446014,-0.2492547184228897,0.4219230091903194
3446,69,33,0.3,-0.3,-0.0863439068198204,-0.23937055468559265,0.3910723001900477
3447,69,34,0.3,-0.3,-0.10990135371685028,-0.2500807046890259,0.4129298437062289
3448,69,35,0.3,-0.3,-0.12637430429458618,-0.2523917853832245,0.4290239963704703
3449,69,36,0.3,-0.3,-0.1254345178604126,-0.2484464794397354,0.4285467237878261
3450,69,37,0.3,-0.3,-0.11581878364086151,-0.2504115104675293,0.4187651837517985
3451,69,38,0.3,-0.3,-0.1280231922864914,-0.25234168767929077,0.43066828054591744
3452,69,39,0.3,-0.3,-0.08353763073682785,-0.19329404830932617,0.3981046022309108
3453,69,40,0.3,-0.3,-0.12202344089746475,-0.21054254472255707,0.43140053427372066
3454,69,41,0.3,-0.3,-0.10276080667972565,-0.19506192207336426,0.4162070008976783
3455,69,42,0.3,-0.3,-0.005802419036626816,-0.21259722113609314,0.31804774050727935
3456,69,43,0.3,-0.3,-0.10559824109077454,-0.2448422610759735,0.40933153963400026
3457,69,44,0.3,-0.3,-0.08848263323307037,-0.19990310072898865,0.401170968001638
3458,69,45,0.3,-0.3,-0.11649233102798462,-0.2539092004299164,0.4190348715920119
3459,69,46,0.3,-0.3,-0.08952592313289642,-0.24004702270030975,0.3941126796737607
3460,69,47,0.3,-0.3,-0.11426255106925964,-0.24941115081310272,0.41734002070310194
3461,69,48,0.3,-0.3,-0.11499910056591034,-0.20565646886825562,0.4255877763011069
3462,69,49,0.3,-0.3,-0.14262917637825012,-0.24599093198776245,0.4459120621925791
3463,70,0,0.4,-0.3,-0.27146467566490173,-0.28083181381225586,0.6717382153990494
3464,70,1,0.4,-0.3,-0.27662771940231323,-0.2720448970794678,0.6772049604387679
3465,70,2,0.4,-0.3,-0.30644702911376953,-0.2852453291416168,0.7066010934436844
3466,70,3,0.4,-0.3,-0.20200034976005554,-0.2622372806072235,0.6031835906978628
3467,70,4,0.4,-0.3,-0.2800149917602539,-0.2814103066921234,0.6802690392160877
3468,70,5,0.4,-0.3,-0.23837190866470337,-0.27653732895851135,0.6388029357357538
3469,70,6,0.4,-0.3,-0.27609145641326904,-0.27754855155944824,0.6764641342836248
3470,70,7,0.4,-0.3,-0.3066476583480835,-0.2809460759162903,0.7069044950145794
3471,70,8,0.4,-0.3,-0.2825566530227661,-0.2755798399448395,0.6829933592669555
3472,70,9,0.4,-0.3,-0.23548783361911774,-0.2735115587711334,0.636039640428688
3473,70,10,0.4,-0.3,-0.24754776060581207,-0.2961236536502838,0.6475593627819963
3474,70,11,0.4,-0.3,-0.2490590661764145,-0.29970473051071167,0.6490591333383042
3475,70,12,0.4,-0.3,-0.28958481550216675,-0.2888989746570587,0.6896741625831883
3476,70,13,0.4,-0.3,-0.25026771426200867,-0.28995147347450256,0.650345349100669
3477,70,14,0.4,-0.3,-0.24664758145809174,-0.2708311378955841,0.6473051190297091
3478,70,15,0.4,-0.3,-0.28098246455192566,-0.2772151529788971,0.6813635345988144
3479,70,16,0.4,-0.3,-0.2497057020664215,-0.2941861152648926,0.6497317142893171
3480,70,17,0.4,-0.3,-0.27401554584503174,-0.27840086817741394,0.6743615339980963
3481,70,18,0.4,-0.3,-0.2624608874320984,-0.27431973814964294,0.662958447586292
3482,70,19,0.4,-0.3,-0.2812022268772125,-0.28613752126693726,0.6813432631347418
3483,70,20,0.4,-0.3,-0.2763098180294037,-0.28110218048095703,0.67657379312647
3484,70,21,0.4,-0.3,-0.2618405520915985,-0.27308133244514465,0.6623877497779083
3485,70,22,0.4,-0.3,-0.2595454752445221,-0.2735559642314911,0.6600753903481396
3486,70,23,0.4,-0.3,-0.2985711693763733,-0.29883500933647156,0.6985721407894246
3487,70,24,0.4,-0.3,-0.26896733045578003,-0.28079766035079956,0.6692428700144186
3488,70,25,0.4,-0.3,-0.26117053627967834,-0.2848975360393524,0.6613429991026141
3489,70,26,0.4,-0.3,-0.2487967163324356,-0.29394614696502686,0.648824959646529
3490,70,27,0.4,-0.3,-0.26848047971725464,-0.27465298771858215,0.6689608529612218
3491,70,28,0.4,-0.3,-0.2940948009490967,-0.28876572847366333,0.694185711147452
3492,70,29,0.4,-0.3,-0.3057125210762024,-0.2871968746185303,0.7058286494775223
3493,70,30,0.4,-0.3,-0.2658180892467499,-0.2751424312591553,0.6662819423426534
3494,70,31,0.4,-0.3,-0.2632213830947876,-0.27673017978668213,0.663629480604142
3495,70,32,0.4,-0.3,-0.23148678243160248,-0.28767067193984985,0.631607131622366
3496,70,33,0.4,-0.3,-0.2637442946434021,-0.27407121658325195,0.6642505479720284
3497,70,34,0.4,-0.3,-0.28383511304855347,-0.276210218667984,0.6842487965162621
3498,70,35,0.4,-0.3,-0.28609606623649597,-0.28893205523490906,0.686185333205627
3499,70,36,0.4,-0.3,-0.262781023979187,-0.2736736834049225,0.6633036715504927
3500,70,37,0.4,-0.3,-0.3085370361804962,-0.2768976092338562,0.7089135716704494
3501,70,38,0.4,-0.3,-0.26986411213874817,-0.2737272381782532,0.6703791365676408
3502,70,39,0.4,-0.3,-0.27796420454978943,-0.2799586057662964,0.6782603630860788
3503,70,40,0.4,-0.3,-0.26761341094970703,-0.2783138155937195,0.6679655358429847
3504,70,41,0.4,-0.3,-0.23148880898952484,-0.263759583234787,0.6325278521032295
3505,70,42,0.4,-0.3,-0.25109580159187317,-0.2916976809501648,0.6511487321282052
3506,70,43,0.4,-0.3,-0.2600204646587372,-0.28827330470085144,0.6601246315287549
3507,70,44,0.4,-0.3,-0.26850658655166626,-0.27958524227142334,0.668818225376729
3508,70,45,0.4,-0.3,-0.26554784178733826,-0.27870625257492065,0.6658883940925738
3509,70,46,0.4,-0.3,-0.25340038537979126,-0.27917447686195374,0.6537321821881137
3510,70,47,0.4,-0.3,-0.2689419090747833,-0.27752164006233215,0.6693194710914236
3511,70,48,0.4,-0.3,-0.22800244390964508,-0.2624998390674591,0.6291210786696416
3512,70,49,0.4,-0.3,-0.2690027952194214,-0.27726468443870544,0.6693890009441974
3513,71,0,0.5,-0.3,-0.23177464306354523,-0.04677329584956169,0.7743499802580694
3514,71,1,0.5,-0.3,-0.3064258098602295,0.02357141673564911,0.8689194718367417
3515,71,2,0.5,-0.3,-0.36713477969169617,-0.01560596376657486,0.9125802397576365
3516,71,3,0.5,-0.3,-0.3118413984775543,0.06403189152479172,0.889722245607644
3517,71,4,0.5,-0.3,-0.26654526591300964,0.03213025629520416,0.8354053817401254
3518,71,5,0.5,-0.3,-0.2570781111717224,-0.1316794455051422,0.7755637146494151
3519,71,6,0.5,-0.3,-0.36702844500541687,0.06670040637254715,0.9413859529875631
3520,71,7,0.5,-0.3,-0.24719159305095673,-0.052986741065979004,0.7869630403108091
3521,71,8,0.5,-0.3,-0.3133486807346344,0.05084403604269028,0.8857920828724395
3522,71,9,0.5,-0.3,-0.3260059952735901,0.045161936432123184,0.8952221325400121
3523,71,10,0.5,-0.3,-0.22640827298164368,-0.1662299931049347,0.738622632878847
3524,71,11,0.5,-0.3,-0.22285857796669006,-0.11022890359163284,0.7473537266730254
3525,71,12,0.5,-0.3,-0.23444560170173645,-0.05597739294171333,0.7739233648201537
3526,71,13,0.5,-0.3,-0.34384670853614807,-0.02606198936700821,0.8871974420481903
3527,71,14,0.5,-0.3,-0.2730894982814789,-0.009588774293661118,0.8258365772774701
3528,71,15,0.5,-0.3,-0.3329985737800598,0.01266530528664589,0.8897450292356823
3529,71,16,0.5,-0.3,-0.1388181895017624,-0.058337584137916565,0.683000294640206
3530,71,17,0.5,-0.3,-0.2568025588989258,0.025474153459072113,0.8238225159133863
3531,71,18,0.5,-0.3,-0.274932324886322,0.013307271525263786,0.8358717333086013
3532,71,19,0.5,-0.3,-0.3545503318309784,0.06296706944704056,0.9284402851747698
3533,71,20,0.5,-0.3,-0.19699004292488098,0.308832585811615,0.9254578528936286
3534,71,21,0.5,-0.3,-0.36031198501586914,0.026074308902025223,0.9200332420558935
3535,71,22,0.5,-0.3,-0.20687370002269745,-0.08370476216077805,0.7392253091552697
3536,71,23,0.5,-0.3,-0.37929418683052063,0.04935234412550926,0.9461529090691074
3537,71,24,0.5,-0.3,-0.18774226307868958,-0.13239119946956635,0.70787154939286
3538,71,25,0.5,-0.3,-0.24860961735248566,0.07346411049365997,0.8365953627766864
3539,71,26,0.5,-0.3,-0.29909926652908325,0.028899848461151123,0.8641381533557507
3540,71,27,0.5,-0.3,-0.32085394859313965,0.018663916736841202,0.8805384129900371
3541,71,28,0.5,-0.3,-0.23450995981693268,0.08499545603990555,0.8292926999809216
3542,71,29,0.5,-0.3,-0.25922510027885437,0.06921377032995224,0.8442402271241849
3543,71,30,0.5,-0.3,-0.26815563440322876,-0.0531357042491436,0.8068488453124247
3544,71,31,0.5,-0.3,-0.3010752499103546,0.05532817542552948,0.8763444917783034
3545,71,32,0.5,-0.3,-0.31072089076042175,0.06143397092819214,0.8876389345090113
3546,71,33,0.5,-0.3,-0.3230380415916443,0.055690474808216095,0.8966087952815895
3547,71,34,0.5,-0.3,-0.2844352722167969,0.09516046196222305,0.8783453119337734
3548,71,35,0.5,-0.3,-0.221302792429924,0.01966247335076332,0.7889624929208824
3549,71,36,0.5,-0.3,-0.2543671727180481,-0.139786958694458,0.7711926152907539
3550,71,37,0.5,-0.3,-0.32892316579818726,-0.01112201064825058,0.8778178099861033
3551,71,38,0.5,-0.3,-0.3091069757938385,-0.039678458124399185,0.849953765473594
3552,71,39,0.5,-0.3,-0.32859793305397034,0.018737534061074257,0.8877883476824002
3553,71,40,0.5,-0.3,-0.25164130330085754,0.16263462603092194,0.8826071867091173
3554,71,41,0.5,-0.3,-0.33673039078712463,0.05828885734081268,0.9102135200936973
3555,71,42,0.5,-0.3,-0.19909273087978363,-0.15700910985469818,0.7135664237010451
3556,71,43,0.5,-0.3,-0.29776790738105774,0.0017145252786576748,0.8529157571596844
3557,71,44,0.5,-0.3,-0.2229623943567276,0.054159849882125854,0.805048956848304
3558,71,45,0.5,-0.3,-0.15420317649841309,-0.07819920778274536,0.6907802744497092
3559,71,46,0.5,-0.3,-0.38291606307029724,0.05303320288658142,0.950880232609718
3560,71,47,0.5,-0.3,-0.1894063651561737,-0.06231334060430527,0.7292297884566514
3561,71,48,0.5,-0.3,-0.22300943732261658,-0.24866893887519836,0.7248293070052871
3562,72,0,-1.0,-0.2,-0.12336692214012146,0.13089485466480255,0.9370042465441257
3563,72,1,-1.0,-0.2,-0.18849912285804749,-0.04975586012005806,0.8252920544694599
3564,72,2,-1.0,-0.2,-0.11748320609331131,0.015591206029057503,0.9084687444510154
3565,72,3,-1.0,-0.2,-0.1673506498336792,-0.008440042845904827,0.8544004667117611
3566,72,4,-1.0,-0.2,-0.1728632003068924,-0.06690029054880142,0.8377773081568571
3567,72,5,-1.0,-0.2,-0.14139975607395172,-0.05662752687931061,0.870488394476694
3568,72,6,-1.0,-0.2,-0.1024426519870758,-0.0011799219064414501,0.9193142098461887
3569,72,7,-1.0,-0.2,-0.17999586462974548,-0.04056091234087944,0.8353607632022774
3570,72,8,-1.0,-0.2,-0.18561340868473053,-0.07646053284406662,0.8237035389381763
3571,72,9,-1.0,-0.2,-0.18775656819343567,-0.09628138691186905,0.8188387773022419
3572,72,10,-1.0,-0.2,-0.12495681643486023,0.36749663949012756,1.042953982175821
3573,72,11,-1.0,-0.2,-0.17690904438495636,-0.08046148717403412,0.8317260229570368
3574,72,12,-1.0,-0.2,-0.1313212811946869,0.15543906390666962,0.9385838506260854
3575,72,13,-1.0,-0.2,-0.19948039948940277,-0.054228346794843674,0.8136836029316374
3576,72,14,-1.0,-0.2,-0.10582014918327332,0.058646656572818756,0.9308360213071479
3577,72,15,-1.0,-0.2,-0.12912288308143616,0.1802147775888443,0.9502579806922561
3578,72,16,-1.0,-0.2,-0.20956428349018097,-0.01319611445069313,0.8122095256709992
3579,72,17,-1.0,-0.2,-0.15093524754047394,-0.00476199621334672,0.8712226075990874
3580,72,18,-1.0,-0.2,-0.11161746084690094,0.09285568445920944,0.9354079258762883
3581,72,19,-1.0,-0.2,-0.23897776007652283,0.14276358485221863,0.8346506603117801
3582,72,20,-1.0,-0.2,-0.1722552478313446,0.038457129150629044,0.8614076718868415
3583,72,21,-1.0,-0.2,-0.23982425034046173,0.0993579551577568,0.8169959337026559
3584,72,22,-1.0,-0.2,-0.19460316002368927,-0.06185675784945488,0.8171582620249832
3585,72,23,-1.0,-0.2,-0.11398282647132874,0.06319024413824081,0.924281091658421
3586,72,24,-1.0,-0.2,-0.2923981249332428,0.05760674923658371,0.753034959912374
3587,72,25,-1.0,-0.2,-0.19498760998249054,-0.01711110956966877,0.8255260712567111
3588,72,26,-1.0,-0.2,-0.21362018585205078,-0.019180448725819588,0.806900813125355
3589,72,27,-1.0,-0.2,-0.18797872960567474,0.035330742597579956,0.8454342682813031
3590,72,28,-1.0,-0.2,-0.08635489642620087,0.1437736451625824,0.9761801546808597
3591,72,29,-1.0,-0.2,-0.16339817643165588,-0.014233927242457867,0.8569782056654879
3592,72,30,-1.0,-0.2,-0.12324582040309906,0.02775341272354126,0.9058529176681248
3593,72,31,-1.0,-0.2,-0.17290225625038147,0.026942938566207886,0.8576676367222767
3594,72,32,-1.0,-0.2,-0.2309354543685913,-0.10817786306142807,0.7745266813862586
3595,72,33,-1.0,-0.2,-0.13050957024097443,0.0733899176120758,0.9114579828464242
3596,72,34,-1.0,-0.2,-0.1802445650100708,0.09847430139780045,0.8724023623251104
3597,72,35,-1.0,-0.2,-0.15684616565704346,0.1353580802679062,0.9073992673394691
3598,72,36,-1.0,-0.2,-0.18813103437423706,0.009171908721327782,0.838381837079245
3599,72,37,-1.0,-0.2,-0.20407646894454956,-0.011354794725775719,0.8179738875787728
3600,72,38,-1.0,-0.2,-0.1530437469482422,-0.06880095601081848,0.8570578065259942
3601,72,39,-1.0,-0.2,-0.09576823562383652,0.09879477322101593,0.9523200093513882
3602,72,40,-1.0,-0.2,-0.2586699426174164,-0.011735992506146431,0.7648618113728195
3603,72,41,-1.0,-0.2,-0.18280108273029327,-0.04900698736310005,0.8310312631014238
3604,72,42,-1.0,-0.2,-0.18154959380626678,-0.075265072286129,0.8279008815012046
3605,72,43,-1.0,-0.2,-0.13853120803833008,0.056787244975566864,0.8989261197150968
3606,72,44,-1.0,-0.2,-0.1461525410413742,0.03861318528652191,0.8865617493230137
3607,72,45,-1.0,-0.2,-0.13983814418315887,0.030460499227046967,0.8905001178586401
3608,72,46,-1.0,-0.2,-0.21015940606594086,-0.05351821705698967,0.8033088301271626
3609,72,47,-1.0,-0.2,-0.13032186031341553,0.04234505444765091,0.9028129330398148
3610,72,48,-1.0,-0.2,-0.09350625425577164,0.06008531153202057,0.943066954329389
3611,72,49,-1.0,-0.2,-0.159798726439476,-0.007430280093103647,0.8619868195730994
3612,73,0,-0.8,-0.2,0.034686435014009476,-0.18911899626255035,0.8347573545879848
3613,73,1,-0.8,-0.2,-0.21386699378490448,-0.16248980164527893,0.5873320321209765
3614,73,2,-0.8,-0.2,-0.2742404043674469,-0.11030849069356918,0.5333551530091102
3615,73,3,-0.8,-0.2,-0.25616756081581116,-0.14983844757080078,0.5461409188580653
3616,73,4,-0.8,-0.2,0.06114965304732323,-0.13243381679058075,0.8637962225299518
3617,73,5,-0.8,-0.2,0.010748844593763351,-0.19232848286628723,0.810785138729895
3618,73,6,-0.8,-0.2,-0.22779200971126556,-0.12255080789327621,0.577425632881202
3619,73,7,-0.8,-0.2,-0.0384279265999794,-0.20996364951133728,0.7616372478380972
3620,73,8,-0.8,-0.2,-0.2933613657951355,-0.14116206765174866,0.5100437314113251
3621,73,9,-0.8,-0.2,-0.031174518167972565,-0.19638340175151825,0.7688339881256162
3622,73,10,-0.8,-0.2,-0.008253205567598343,-0.21994563937187195,0.7919979892802358
3623,73,11,-0.8,-0.2,-0.1119031012058258,-0.1252850592136383,0.6921413616501109
3624,73,12,-0.8,-0.2,-0.32412996888160706,-0.10316818207502365,0.48562195942860337
3625,73,13,-0.8,-0.2,-0.19359257817268372,-0.16064859926700592,0.6076828893320112
3626,73,14,-0.8,-0.2,-0.0037823840975761414,-0.15583643317222595,0.7974414790492723
3627,73,15,-0.8,-0.2,0.0292874313890934,-0.10721302032470703,0.8344621426147406
3628,73,16,-0.8,-0.2,-0.27698230743408203,-0.09992127865552902,0.5325065794926119
3629,73,17,-0.8,-0.2,0.0338141955435276,-0.06257766485214233,0.8450627260075966
3630,73,18,-0.8,-0.2,0.003883514553308487,-0.18413950502872467,0.8040399618621659
3631,73,19,-0.8,-0.2,0.01813516393303871,-0.16616465151309967,0.8188345237415007
3632,73,20,-0.8,-0.2,-0.18645478785037994,-0.0602286159992218,0.6292644651791608
3633,73,21,-0.8,-0.2,-0.043098267167806625,-0.1344076246023178,0.7597385029565683
3634,73,22,-0.8,-0.2,0.03603166714310646,-0.16313885152339935,0.8368438879104608
3635,73,23,-0.8,-0.2,0.002903331071138382,-0.195075124502182,0.8029184351126827
3636,73,24,-0.8,-0.2,-0.05255699157714844,-0.04948723316192627,0.7624468137656917
3637,73,25,-0.8,-0.2,0.014616001397371292,-0.20759642124176025,0.8146514195337319
3638,73,26,-0.8,-0.2,-0.012483876198530197,-0.19261346757411957,0.7875507641470298
3639,73,27,-0.8,-0.2,0.0060155801475048065,-0.1866191178560257,0.8061266423133959
3640,73,28,-0.8,-0.2,-0.10195708274841309,-0.17658862471580505,0.6984353991728965
3641,73,29,-0.8,-0.2,-0.30693089962005615,-0.057427071034908295,0.51326813443187
3642,73,30,-0.8,-0.2,-0.02636796608567238,-0.14511993527412415,0.7755761377213302
3643,73,31,-0.8,-0.2,0.0011413134634494781,-0.23775798082351685,0.8020305912206903
3644,73,32,-0.8,-0.2,-0.0050682611763477325,-0.09909910708665848,0.8013098399370276
3645,73,33,-0.8,-0.2,-0.00755571573972702,-0.20395740866661072,0.7924541657030588
3646,73,34,-0.8,-0.2,-0.31011661887168884,-0.12537117302417755,0.4955352549733404
3647,73,35,-0.8,-0.2,-0.205048069357872,-0.11647401005029678,0.600786476855025
3648,73,36,-0.8,-0.2,0.029569704085588455,-0.20264239609241486,0.8295739124356311
3649,73,37,-0.8,-0.2,-0.008222494274377823,-0.20763638615608215,0.7918143298568248
3650,73,38,-0.8,-0.2,0.00482114776968956,-0.1636582463979721,0.8056412371224496
3651,73,39,-0.8,-0.2,0.07870060205459595,-0.18723706901073456,0.8787932865347494
3652,73,40,-0.8,-0.2,-0.21874351799488068,-0.15388019382953644,0.583083299704398
3653,73,41,-0.8,-0.2,0.02196240797638893,-0.200066477060318,0.8219624106645894
3654,73,42,-0.8,-0.2,-0.049744874238967896,-0.06496606022119522,0.7623102508971581
3655,73,43,-0.8,-0.2,0.03850390389561653,-0.17372457683086395,0.8389154872279487
3656,73,44,-0.8,-0.2,-0.02560536190867424,-0.20575349032878876,0.7744160110402928
3657,73,45,-0.8,-0.2,-0.15482135117053986,-0.1500304937362671,0.6471108409396717
3658,73,46,-0.8,-0.2,-0.24518923461437225,0.05039504915475845,0.6086975160364958
3659,73,47,-0.8,-0.2,-0.05191002041101456,-0.1432362049818039,0.750240458777262
3660,73,48,-0.8,-0.2,-0.010273288935422897,-0.1884128749370575,0.7898117115085712
3661,74,0,-0.6,-0.2,0.17679759860038757,-0.3245120644569397,0.7867132663090523
3662,74,1,-0.6,-0.2,0.15823031961917877,-0.30702832341194153,0.7657468769784002
3663,74,2,-0.6,-0.2,0.05532078817486763,-0.21947641670703888,0.6556101480467458
3664,74,3,-0.6,-0.2,0.13431641459465027,-0.2869366705417633,0.7394447791607088
3665,74,4,-0.6,-0.2,0.056401293724775314,-0.1457124948501587,0.6586423852280938
3666,74,5,-0.6,-0.2,0.13600759208202362,-0.2728895843029022,0.7396080496467222
3667,74,6,-0.6,-0.2,0.14336642622947693,-0.17013314366340637,0.7439661771563376
3668,74,7,-0.6,-0.2,0.06964124739170074,-0.1646811068058014,0.6705720128552758
3669,74,8,-0.6,-0.2,0.15027357637882233,-0.27591270208358765,0.7541042220740446
3670,74,9,-0.6,-0.2,0.1209745854139328,-0.15660794079303741,0.7222791867519185
3671,74,10,-0.6,-0.2,0.07693803310394287,-0.22110892832279205,0.6772670725183467
3672,74,11,-0.6,-0.2,0.11567020416259766,-0.06441003829240799,0.7284013171610828
3673,74,12,-0.6,-0.2,0.10247302055358887,-0.17368069291114807,0.7029658957099698
3674,74,13,-0.6,-0.2,0.0782269835472107,-0.18144424259662628,0.678480771536203
3675,74,14,-0.6,-0.2,0.11306531727313995,-0.28659021854400635,0.7183035658030263
3676,74,15,-0.6,-0.2,0.1487179845571518,-0.24791577458381653,0.7502496530177741
3677,74,16,-0.6,-0.2,0.1520974189043045,-0.28572624921798706,0.7569673158911825
3678,74,17,-0.6,-0.2,0.08523423969745636,-0.07763495296239853,0.696074110989818
3679,74,18,-0.6,-0.2,0.21681369841098785,-0.40060728788375854,0.8410873330777925
3680,74,19,-0.6,-0.2,0.18864452838897705,-0.3119201958179474,0.7965464973181413
3681,74,20,-0.6,-0.2,0.15980318188667297,-0.2847840487957001,0.764518940337847
3682,74,21,-0.6,-0.2,0.14972299337387085,-0.27898091077804565,0.7538717072956159
3683,74,22,-0.6,-0.2,0.16551263630390167,-0.24027350544929504,0.7665712958245462
3684,74,23,-0.6,-0.2,0.11821025609970093,-0.23519280552864075,0.7190719752067762
3685,74,24,-0.6,-0.2,0.10315385460853577,-0.20184966921806335,0.703156287412022
3686,74,25,-0.6,-0.2,0.010146189481019974,-0.1698412448167801,0.6108910893542401
3687,74,26,-0.6,-0.2,0.12435117363929749,-0.07737268507480621,0.7346577986507665
3688,74,27,-0.6,-0.2,0.11620570719242096,-0.24902617931365967,0.7178817320931707
3689,74,28,-0.6,-0.2,0.08673931658267975,-0.20193302631378174,0.6867420371079491
3690,74,29,-0.6,-0.2,0.13696333765983582,-0.14909256994724274,0.7387195188224699
3691,74,30,-0.6,-0.2,0.07429368793964386,-0.19199822843074799,0.6743411643548778
3692,74,31,-0.6,-0.2,0.028877336531877518,-0.12861138582229614,0.6329162967072671
3693,74,32,-0.6,-0.2,0.12667454779148102,-0.12036623805761337,0.7310249205389991
3694,74,33,-0.6,-0.2,0.0841008722782135,-0.1654907464981079,0.6849707234831796
3695,74,34,-0.6,-0.2,0.08613874018192291,-0.10954821854829788,0.6920750649649378
3696,74,35,-0.6,-0.2,0.08868135511875153,-0.05145993456244469,0.7045183886375097
3697,74,36,-0.6,-0.2,0.12791363894939423,-0.24402612447738647,0.729243831242368
3698,74,37,-0.6,-0.2,0.12233509123325348,-0.22213464975357056,0.7226741497706043
3699,74,38,-0.6,-0.2,0.1380939781665802,-0.2890288829803467,0.7434439202861884
3700,74,39,-0.6,-0.2,0.1147066205739975,-0.04589979350566864,0.7311309233878016
3701,74,40,-0.6,-0.2,0.110081747174263,-0.22609089314937592,0.71056092094583
3702,74,41,-0.6,-0.2,0.13150103390216827,-0.2875545918941498,0.7367221790890324
3703,74,42,-0.6,-0.2,0.12634214758872986,-0.18097837269306183,0.7265911764322577
3704,74,43,-0.6,-0.2,0.10256586968898773,-0.23637805879116058,0.7035070464560087
3705,74,44,-0.6,-0.2,0.10195501148700714,-0.17644347250461578,0.7023501606316931
3706,74,45,-0.6,-0.2,0.19652290642261505,-0.24137243628501892,0.7975966517859061
3707,74,46,-0.6,-0.2,0.0693930834531784,-0.07331716269254684,0.681275011609277
3708,74,47,-0.6,-0.2,0.11169973015785217,-0.2235056310892105,0.7120877899526586
3709,74,48,-0.6,-0.2,0.11549912393093109,-0.2740480303764343,0.7193205871852683
3710,74,49,-0.6,-0.2,0.12501274049282074,-0.1722949892282486,0.7255418950679369
3711,75,0,-0.5,-0.2,-0.2921629846096039,-0.15388372540473938,0.21289184049402465
3712,75,1,-0.5,-0.2,-0.28546085953712463,-0.15152908861637115,0.21994652086566172
3713,75,2,-0.5,-0.2,-0.2874835431575775,-0.15197940170764923,0.21787432682446214
3714,75,3,-0.5,-0.2,-0.29598933458328247,-0.14648303389549255,0.21091329323872135
3715,75,4,-0.5,-0.2,-0.296652227640152,-0.1525631695985794,0.20880749364485393
3716,75,5,-0.5,-0.2,-0.29378122091293335,-0.1602938324213028,0.21000658225862348
3717,75,6,-0.5,-0.2,-0.2989978492259979,-0.17004013061523438,0.2032226817787003
3718,75,7,-0.5,-0.2,-0.30440205335617065,-0.16034197807312012,0.19957784304485104
3719,75,8,-0.5,-0.2,-0.29139745235443115,-0.15501587092876434,0.2133977383959807
3720,75,9,-0.5,-0.2,-0.2608506977558136,-0.14516465365886688,0.2453554645249077
3721,75,10,-0.5,-0.2,-0.3001949191093445,-0.15107105672359467,0.20570880350599263
3722,75,11,-0.5,-0.2,-0.2859322130680084,-0.15624111890792847,0.218494524133651
3723,75,12,-0.5,-0.2,-0.28876176476478577,-0.14993396401405334,0.2170903037554506
3724,75,13,-0.5,-0.2,-0.2941778302192688,-0.15339280664920807,0.21103316337790667
3725,75,14,-0.5,-0.2,-0.2542020082473755,-0.1426488161087036,0.25240010111597927
3726,75,15,-0.5,-0.2,-0.2752281427383423,-0.14664599299430847,0.23101739735443824
3727,75,16,-0.5,-0.2,-0.2795518636703491,-0.1538885533809662,0.22521910736106815
3728,75,17,-0.5,-0.2,-0.27220940589904785,-0.1441689431667328,0.2345328583972494
3729,75,18,-0.5,-0.2,-0.28210410475730896,-0.14942285418510437,0.2236887767466106
3730,75,19,-0.5,-0.2,-0.2872381806373596,-0.15969045460224152,0.2165466490820737
3731,75,20,-0.5,-0.2,-0.2897477447986603,-0.1472844034433365,0.21676010919349115
3732,75,21,-0.5,-0.2,-0.28867435455322266,-0.16027779877185822,0.2150264674264683
3733,75,22,-0.5,-0.2,-0.28018832206726074,-0.14785338938236237,0.22591246701878542
3734,75,23,-0.5,-0.2,-0.28866907954216003,-0.1556505411863327,0.21593432436419888
3735,75,24,-0.5,-0.2,-0.28968626260757446,-0.15194860100746155,0.21573318029712132
3736,75,25,-0.5,-0.2,-0.2843572795391083,-0.1522907167673111,0.22085732633161895
3737,75,26,-0.5,-0.2,-0.2818301022052765,-0.15305641293525696,0.2231631794679965
3738,75,27,-0.5,-0.2,-0.2921038866043091,-0.15459904074668884,0.2127957731397755
3739,75,28,-0.5,-0.2,-0.27614638209342957,-0.14694152772426605,0.23005574048498695
3740,75,29,-0.5,-0.2,-0.2792333662509918,-0.14968551695346832,0.2264275905915806
3741,75,30,-0.5,-0.2,-0.27934008836746216,-0.15440523624420166,0.22532127969551938
3742,75,31,-0.5,-0.2,-0.2787434756755829,-0.14994312822818756,0.22684827521429615
3743,75,32,-0.5,-0.2,-0.2777504324913025,-0.1503046303987503,0.2277377878561393
3744,75,33,-0.5,-0.2,-0.2832408547401428,-0.15234574675559998,0.2219356999359618
3745,75,34,-0.5,-0.2,-0.28438591957092285,-0.15314428508281708,0.22064652659780726
3746,75,35,-0.5,-0.2,-0.28128403425216675,-0.1432621031999588,0.22595544385187868
3747,75,36,-0.5,-0.2,-0.29112014174461365,-0.15923890471458435,0.2128197877868903
3748,75,37,-0.5,-0.2,-0.2920974791049957,-0.1545582413673401,0.21281074132225236
3749,75,38,-0.5,-0.2,-0.27750903367996216,-0.15318745374679565,0.22736236403752624
3750,75,39,-0.5,-0.2,-0.2856513261795044,-0.15516839921474457,0.21898681786256846
3751,75,40,-0.5,-0.2,-0.28848737478256226,-0.15122030675411224,0.2170646196401781
3752,75,41,-0.5,-0.2,-0.2886568605899811,-0.15053494274616241,0.2170546347462042
3753,75,42,-0.5,-0.2,-0.2860938012599945,-0.15269501507282257,0.219074470120001
3754,75,43,-0.5,-0.2,-0.2822890877723694,-0.15830707550048828,0.22166718579056546
3755,75,44,-0.5,-0.2,-0.27859508991241455,-0.15079087018966675,0.22680756748305825
3756,75,45,-0.5,-0.2,-0.28192055225372314,-0.14669598639011383,0.2244993616833777
3757,75,46,-0.5,-0.2,-0.2793484032154083,-0.1523859053850174,0.22573043474373264
3758,75,47,-0.5,-0.2,-0.2837584614753723,-0.15873265266418457,0.22014403680234645
3759,75,48,-0.5,-0.2,-0.27167651057243347,-0.14777986705303192,0.23421903874232577
3760,76,0,-0.4,-0.2,-0.34120139479637146,-0.25579917430877686,0.0810606182275551
3761,76,1,-0.4,-0.2,-0.35486042499542236,-0.25543829798698425,0.07149116109903066
3762,76,2,-0.4,-0.2,-0.2742873430252075,-0.20400546491146088,0.1257764519805627
3763,76,3,-0.4,-0.2,-0.2613915801048279,-0.19578970968723297,0.13867234984074558
3764,76,4,-0.4,-0.2,-0.2597992420196533,-0.2023252695798874,0.1402200392842724
3765,76,5,-0.4,-0.2,-0.2687945067882538,-0.2085016816854477,0.13148064511713603
3766,76,6,-0.4,-0.2,-0.34875795245170593,-0.2575664222240448,0.0770690625648102
3767,76,7,-0.4,-0.2,-0.2555686831474304,-0.20929138362407684,0.14472986940302654
3768,76,8,-0.4,-0.2,-0.2613077461719513,-0.2094578742980957,0.13901436133774983
3769,76,9,-0.4,-0.2,-0.3493736684322357,-0.25479793548583984,0.07460455201607656
3770,76,10,-0.4,-0.2,-0.33726179599761963,-0.2512011229991913,0.08097923954831024
3771,76,11,-0.4,-0.2,-0.26334017515182495,-0.2001146525144577,0.13665987294276605
3772,76,12,-0.4,-0.2,-0.26739323139190674,-0.20504316687583923,0.13270263227539217
3773,76,13,-0.4,-0.2,-0.25777915120124817,-0.2023356854915619,0.14224002692545068
3774,76,14,-0.4,-0.2,-0.2699905037879944,-0.21297584474086761,0.13065543100858307
3775,76,15,-0.4,-0.2,-0.33525437116622925,-0.24638552963733673,0.0796468066705543
3776,76,16,-0.4,-0.2,-0.2639899253845215,-0.20812419056892395,0.13625249674522752
3777,76,17,-0.4,-0.2,-0.3111211955547333,-0.21567684412002563,0.09025079124962589
3778,76,18,-0.4,-0.2,-0.27354109287261963,-0.2057751566171646,0.12659070908168657
3779,76,19,-0.4,-0.2,-0.34589341282844543,-0.25193649530410767,0.07499948213038962
3780,76,20,-0.4,-0.2,-0.3451654016971588,-0.2543792128562927,0.07722649779644256
3781,76,21,-0.4,-0.2,-0.2665765881538391,-0.2167496234178543,0.13447065372530248
3782,76,22,-0.4,-0.2,-0.27113333344459534,-0.20733408629894257,0.1290751973500029
3783,76,23,-0.4,-0.2,-0.264316201210022,-0.21192912757396698,0.13620718534187257
3784,76,24,-0.4,-0.2,-0.3484703302383423,-0.25550636649131775,0.07573812505478324
3785,76,25,-0.4,-0.2,-0.3468545079231262,-0.2523660361766815,0.07460995290811122
3786,76,26,-0.4,-0.2,-0.2760753035545349,-0.21269160509109497,0.12457289925537167
3787,76,27,-0.4,-0.2,-0.26493409276008606,-0.21454080939292908,0.1358463633533947
3788,76,28,-0.4,-0.2,-0.3318953812122345,-0.2477780431509018,0.08319243059050684
3789,76,29,-0.4,-0.2,-0.33524927496910095,-0.24709101021289825,0.08006384724017693
3790,76,30,-0.4,-0.2,-0.27286893129348755,-0.20687814056873322,0.12731699591234175
3791,76,31,-0.4,-0.2,-0.33847203850746155,-0.24546858668327332,0.07650544046276471
3792,76,32,-0.4,-0.2,-0.302645742893219,-0.2133180946111679,0.0982609944020782
3793,76,33,-0.4,-0.2,-0.3399417996406555,-0.25213608145713806,0.07953086457538672
3794,76,34,-0.4,-0.2,-0.3406507670879364,-0.25037604570388794,0.07784649913779412
3795,76,35,-0.4,-0.2,-0.26979729533195496,-0.20578618347644806,0.1303312097008897
3796,76,36,-0.4,-0.2,-0.32144442200660706,-0.24006320536136627,0.08818185333561011
3797,76,37,-0.4,-0.2,-0.33330950140953064,-0.2501395642757416,0.0834361942325189
3798,76,38,-0.4,-0.2,-0.3275519013404846,-0.24525165557861328,0.08541919767818192
3799,76,39,-0.4,-0.2,-0.26179414987564087,-0.2028951644897461,0.13823617104802746
3800,76,40,-0.4,-0.2,-0.26454639434814453,-0.20761549472808838,0.13566751653967105
3801,76,41,-0.4,-0.2,-0.26088017225265503,-0.20441462099552155,0.1391898536208191
3802,76,42,-0.4,-0.2,-0.2643018066883087,-0.20857582986354828,0.13596891014458296
3803,76,43,-0.4,-0.2,-0.33524301648139954,-0.2518154978752136,0.08293559389360253
3804,76,44,-0.4,-0.2,-0.2547896206378937,-0.20281973481178284,0.14523775397222177
3805,76,45,-0.4,-0.2,-0.2640039622783661,-0.20119266211986542,0.13600126734305176
3806,76,46,-0.4,-0.2,-0.28859856724739075,-0.2177800089120865,0.11281138212187634
3807,76,47,-0.4,-0.2,-0.3511929512023926,-0.25461137294769287,0.073242952340577
3808,76,48,-0.4,-0.2,-0.3458402156829834,-0.25278526544570923,0.07562781555380099
3809,77,0,-0.3,-0.2,-0.09392444789409637,-0.1376325488090515,0.2153063680985965
3810,77,1,-0.3,-0.2,-0.0867704302072525,-0.13303564488887787,0.22349736975957601
3811,77,2,-0.3,-0.2,-0.07181815057992935,-0.12116973847150803,0.2414149260866325
3812,77,3,-0.3,-0.2,-0.08863993734121323,-0.13636451959609985,0.22073185192300956
3813,77,4,-0.3,-0.2,-0.08024324476718903,-0.12339238077402115,0.23272679002196148
3814,77,5,-0.3,-0.2,-0.07586033642292023,-0.1363271325826645,0.23300820336115224
3815,77,6,-0.3,-0.2,-0.07931430637836456,-0.1422560214996338,0.2281151955094467
3816,77,7,-0.3,-0.2,-0.10479917377233505,-0.13592922687530518,0.20544689466808488
3817,77,8,-0.3,-0.2,-0.08338026702404022,-0.1223919540643692,0.2301024065682997
3818,77,9,-0.3,-0.2,-0.07279098033905029,-0.13117153942584991,0.2374053402943943
3819,77,10,-0.3,-0.2,-0.09978210926055908,-0.16193757951259613,0.20380370856662702
3820,77,11,-0.3,-0.2,-0.1723013073205948,-0.16873086988925934,0.13147134520461712
3821,77,12,-0.3,-0.2,-0.04724472388625145,-0.13232974708080292,0.2616572046275152
3822,77,13,-0.3,-0.2,-0.0957130640745163,-0.15580017864704132,0.20901381867583813
3823,77,14,-0.3,-0.2,-0.09847182035446167,-0.12347500771284103,0.21556827604217207
3824,77,15,-0.3,-0.2,-0.10069067031145096,-0.13524413108825684,0.20956510076683474
3825,77,16,-0.3,-0.2,-0.15638427436351776,-0.1586901992559433,0.14943887140769968
3826,77,17,-0.3,-0.2,-0.08785780519247055,-0.1307016909122467,0.22317384806508483
3827,77,18,-0.3,-0.2,-0.10520145297050476,-0.11600156128406525,0.21213724715739365
3828,77,19,-0.3,-0.2,-0.07712463289499283,-0.13822439312934875,0.23127830608690683
3829,77,20,-0.3,-0.2,-0.09860362112522125,-0.13514694571495056,0.2115807648959919
3830,77,21,-0.3,-0.2,-0.12110991775989532,-0.15610402822494507,0.18419695399747477
3831,77,22,-0.3,-0.2,-0.12339623272418976,-0.14757470786571503,0.184220796522471
3832,77,23,-0.3,-0.2,-0.08937304466962814,-0.13718445599079132,0.2197942375971565
3833,77,24,-0.3,-0.2,-0.08593609184026718,-0.13741528987884521,0.22302511678635548
3834,77,25,-0.3,-0.2,-0.1658572405576706,-0.13496743142604828,0.149075534163485
3835,77,26,-0.3,-0.2,-0.07646907866001129,-0.1340024620294571,0.23307026368303072
3836,77,27,-0.3,-0.2,-0.12313435971736908,-0.13748279213905334,0.18758959457100438
3837,77,28,-0.3,-0.2,-0.17978522181510925,-0.17365865409374237,0.12306688993468388
3838,77,29,-0.3,-0.2,-0.09191333502531052,-0.13787409663200378,0.21716281451845815
3839,77,30,-0.3,-0.2,-0.08270448446273804,-0.1126636266708374,0.23419005781393734
3840,77,31,-0.3,-0.2,-0.09900206327438354,-0.13375358283519745,0.2116335473291698
3841,77,32,-0.3,-0.2,-0.06097286567091942,-0.14694462716579437,0.24484452930818956
3842,77,33,-0.3,-0.2,-0.08669853210449219,-0.14347770810127258,0.22066328577238056
3843,77,34,-0.3,-0.2,-0.11194784194231033,-0.14267565310001373,0.19659525654924703
3844,77,35,-0.3,-0.2,-0.1256180852651596,-0.18025000393390656,0.17549676501633826
3845,77,36,-0.3,-0.2,-0.10768276453018188,-0.14203497767448425,0.2008627961369427
3846,77,37,-0.3,-0.2,-0.0905684381723404,-0.1394086629152298,0.21802038716434996
3847,77,38,-0.3,-0.2,-0.10626159608364105,-0.11774327605962753,0.21047740445344934
3848,77,39,-0.3,-0.2,-0.11367636919021606,-0.1231255903840065,0.20155934672435366
3849,77,40,-0.3,-0.2,-0.09553804248571396,-0.13787196576595306,0.21369273433685249
3850,77,41,-0.3,-0.2,-0.14087915420532227,-0.15555459260940552,0.16521149416590095
3851,77,42,-0.3,-0.2,-0.09435052424669266,-0.13324514031410217,0.21621266884550047
3852,77,43,-0.3,-0.2,-0.09531102329492569,-0.14523917436599731,0.2118875296205232
3853,77,44,-0.3,-0.2,-0.0784367024898529,-0.1333378404378891,0.23137445477203028
3854,77,45,-0.3,-0.2,-0.13452725112438202,-0.14785902202129364,0.17349326270789098
3855,77,46,-0.3,-0.2,-0.13145212829113007,-0.14095497131347656,0.1785908745434157
3856,77,47,-0.3,-0.2,-0.07620050013065338,-0.1338765174150467,0.233363517052114
3857,77,48,-0.3,-0.2,-0.09687963128089905,-0.13154186308383942,0.2143464501656496
3858,77,49,-0.3,-0.2,-0.07780075073242188,-0.1425289511680603,0.2295112803957978
3859,78,0,-0.2,-0.2,-0.20406313240528107,-0.12326021492481232,0.07684727489201451
3860,78,1,-0.2,-0.2,-0.24593691527843475,-0.16110853850841522,0.06018925121854826
3861,78,2,-0.2,-0.2,-0.23827029764652252,-0.16334792971611023,0.052990470256911504
3862,78,3,-0.2,-0.2,-0.22081243991851807,-0.13907237350940704,0.06438426302396517
3863,78,4,-0.2,-0.2,-0.2062220424413681,-0.1293928623199463,0.07088075693382688
3864,78,5,-0.2,-0.2,-0.21429522335529327,-0.13123391568660736,0.07023622827696792
3865,78,6,-0.2,-0.2,-0.209194615483284,-0.13372546434402466,0.0669093045121573
3866,78,7,-0.2,-0.2,-0.21188321709632874,-0.12919959425926208,0.07179072573537333
3867,78,8,-0.2,-0.2,-0.2143341302871704,-0.12987753748893738,0.07157252992388183
3868,78,9,-0.2,-0.2,-0.21903549134731293,-0.13509169220924377,0.06764198659925041
3869,78,10,-0.2,-0.2,-0.20894579589366913,-0.1315717250108719,0.06901055051337386
3870,78,11,-0.2,-0.2,-0.2251649647951126,-0.1423313170671463,0.06292020696365572
3871,78,12,-0.2,-0.2,-0.24962739646434784,-0.16663402318954468,0.059801060929931725
3872,78,13,-0.2,-0.2,-0.21559341251850128,-0.12880465388298035,0.07288300091718493
3873,78,14,-0.2,-0.2,-0.21420082449913025,-0.12870590388774872,0.07269464599898691
3874,78,15,-0.2,-0.2,-0.2334938794374466,-0.15359002351760864,0.05723395737555046
3875,78,16,-0.2,-0.2,-0.20857174694538116,-0.12475363165140152,0.075733023149407
3876,78,17,-0.2,-0.2,0.3564192056655884,-0.17743253707885742,0.5568766675092622
3877,78,18,-0.2,-0.2,-0.21315662562847137,-0.12950454652309418,0.071712661077681
3878,78,19,-0.2,-0.2,-0.21315878629684448,-0.12959308922290802,0.07162602000655498
3879,78,20,-0.2,-0.2,-0.22498725354671478,-0.14167286455631256,0.06345405872656272
3880,78,21,-0.2,-0.2,-0.23378890752792358,-0.15228724479675293,0.05846535111513102
3881,78,22,-0.2,-0.2,-0.21636460721492767,-0.13099263608455658,0.0709212002426447
3882,78,23,-0.2,-0.2,-0.216620534658432,-0.13376176357269287,0.06829162567498286
3883,78,24,-0.2,-0.2,-0.20602406561374664,-0.13222873210906982,0.06803847527732342
3884,78,25,-0.2,-0.2,-0.211527019739151,-0.12570203840732574,0.07518682917169255
3885,78,26,-0.2,-0.2,-0.2640458345413208,-0.16813260316848755,0.07153600424199921
3886,78,27,-0.2,-0.2,-0.22881941497325897,-0.14588502049446106,0.06131060011356766
3887,78,28,-0.2,-0.2,-0.20973995327949524,-0.12652933597564697,0.07411346140928862
3888,78,29,-0.2,-0.2,-0.22682760655879974,-0.14396056532859802,0.06213001458203664
3889,78,30,-0.2,-0.2,-0.25053149461746216,-0.1656048446893692,0.06112657897442831
3890,78,31,-0.2,-0.2,-0.2295754849910736,-0.14487199485301971,0.06256042090605454
3891,78,32,-0.2,-0.2,-0.2129221260547638,-0.13029149174690247,0.0708961033107418
3892,78,33,-0.2,-0.2,-0.2092919796705246,-0.1278294175863266,0.07276629612757729
3893,78,34,-0.2,-0.2,-0.21792741119861603,-0.1304565817117691,0.07181698336393776
3894,78,35,-0.2,-0.2,-0.2108837068080902,-0.12606526911258698,0.07473151614465383
3895,78,36,-0.2,-0.2,-0.2274812012910843,-0.145013689994812,0.06147121856924369
3896,78,37,-0.2,-0.2,-0.2291504591703415,-0.14296738803386688,0.06405051207852484
3897,78,38,-0.2,-0.2,-0.25660479068756104,-0.1652946025133133,0.06639704017116664
3898,78,39,-0.2,-0.2,-0.20542077720165253,-0.127544566988945,0.07265792866776093
3899,78,40,-0.2,-0.2,-0.21773076057434082,-0.13252447545528412,0.06976622594872935
3900,78,41,-0.2,-0.2,-0.20499713718891144,-0.13343104720115662,0.06675624957125319
3901,78,42,-0.2,-0.2,-0.22709894180297852,-0.14176040887832642,0.0642355246017415
3902,78,43,-0.2,-0.2,-0.22907258570194244,-0.14811794459819794,0.059472370997904964
3903,78,44,-0.2,-0.2,-0.22988726198673248,-0.14809463918209076,0.05989503243759813
3904,78,45,-0.2,-0.2,-0.224460169672966,-0.1414787322282791,0.06342742846781466
3905,78,46,-0.2,-0.2,-0.21240773797035217,-0.13000234961509705,0.07108883893374561
3906,78,47,-0.2,-0.2,-0.22432257235050201,-0.1342988908290863,0.07005871303438085
3907,78,48,-0.2,-0.2,-0.21869376301765442,-0.1385110467672348,0.06426778466246842
3908,79,0,-0.1,-0.2,-0.000993926078081131,-0.27724480628967285,0.12557453074633226
3909,79,1,-0.1,-0.2,-0.00940629094839096,-0.28732284903526306,0.12582726287797463
3910,79,2,-0.1,-0.2,0.0009108297526836395,-0.2705860733985901,0.12314783521932592
3911,79,3,-0.1,-0.2,0.0016271434724330902,-0.27480950951576233,0.12619246809677442
3912,79,4,-0.1,-0.2,-0.016743402928113937,-0.27432340383529663,0.11160479072896008
3913,79,5,-0.1,-0.2,-0.011673115193843842,-0.25850558280944824,0.10594593809784868
3914,79,6,-0.1,-0.2,0.004165444523096085,-0.27885934710502625,0.1306492880138473
3915,79,7,-0.1,-0.2,-0.0074034444987773895,-0.28143173456192017,0.12330956769226799
3916,79,8,-0.1,-0.2,-0.08954417705535889,-0.29918569326400757,0.09973527952390507
3917,79,9,-0.1,-0.2,0.01452556625008583,-0.2812748849391937,0.14043401385270585
3918,79,10,-0.1,-0.2,0.004167933017015457,-0.27704015374183655,0.12956135055487508
3919,79,11,-0.1,-0.2,0.017371606081724167,-0.28019049763679504,0.14214995541835482
3920,79,12,-0.1,-0.2,0.012628968805074692,-0.27852770686149597,0.13730216807836476
3921,79,13,-0.1,-0.2,0.0025547556579113007,-0.28118884563446045,0.13080178348749735
3922,79,14,-0.1,-0.2,0.018269654363393784,-0.283441424369812,0.1447417785026137
3923,79,15,-0.1,-0.2,0.004702959209680557,-0.28368833661079407,0.1340389769878359
3924,79,16,-0.1,-0.2,0.009803559631109238,-0.2861112952232361,0.13954202547148972
3925,79,17,-0.1,-0.2,0.0005619823932647705,-0.2953874468803406,0.1386054736480962
3926,79,18,-0.1,-0.2,-0.008765120059251785,-0.28074657917022705,0.12183518935634517
3927,79,19,-0.1,-0.2,0.01083860918879509,-0.2772335708141327,0.1350933815832889
3928,79,20,-0.1,-0.2,-0.0154716856777668,-0.2667679786682129,0.10771721727559241
3929,79,21,-0.1,-0.2,0.015349876135587692,-0.28144240379333496,0.14120360852376274
3930,79,22,-0.1,-0.2,0.00924801453948021,-0.2680888772010803,0.12872926582297545
3931,79,23,-0.1,-0.2,-0.00601809099316597,-0.27291572093963623,0.1189508368222592
3932,79,24,-0.1,-0.2,0.008267220109701157,-0.2836497724056244,0.13681767200838946
3933,79,25,-0.1,-0.2,-0.004394754767417908,-0.26991772651672363,0.11844345231902657
3934,79,26,-0.1,-0.2,-0.005843997001647949,-0.2796979248523712,0.12335765937468127
3935,79,27,-0.1,-0.2,0.011696163564920425,-0.2790174186229706,0.13682026677710885
3936,79,28,-0.1,-0.2,0.015262279659509659,-0.284035861492157,0.14264437994199422
3937,79,29,-0.1,-0.2,0.008964139968156815,-0.27047961950302124,0.129771185416065
3938,79,30,-0.1,-0.2,-0.005741730332374573,-0.2867804169654846,0.1281228401552126
3939,79,31,-0.1,-0.2,0.00442161038517952,-0.27274465560913086,0.12726216105003593
3940,79,32,-0.1,-0.2,0.011179592460393906,-0.28420302271842957,0.139467024111722
3941,79,33,-0.1,-0.2,-0.03420671820640564,-0.28876009583473206,0.1104857933933686
3942,79,34,-0.1,-0.2,0.018313881009817123,-0.2820189595222473,0.14396278741646124
3943,79,35,-0.1,-0.2,-0.02087312936782837,-0.2763778865337372,0.10997564824724088
3944,79,36,-0.1,-0.2,0.011164817959070206,-0.27912041544914246,0.13644653492382325
3945,79,37,-0.1,-0.2,0.010561104863882065,-0.2920275926589966,0.14385004594831566
3946,79,38,-0.1,-0.2,0.0014658384025096893,-0.28488633036613464,0.1322913657263873
3947,79,39,-0.1,-0.2,0.026144180446863174,-0.28329524397850037,0.1511636594226558
3948,79,40,-0.1,-0.2,-0.0001997128129005432,-0.2862330973148346,0.131894823231002
3949,79,41,-0.1,-0.2,0.010067421942949295,-0.27773019671440125,0.1347472480402726
3950,79,42,-0.1,-0.2,0.008203554898500443,-0.2716819941997528,0.12979336495031707
3951,79,43,-0.1,-0.2,0.01554025337100029,-0.292916864156723,0.1482669679792295
3952,79,44,-0.1,-0.2,0.016983408480882645,-0.2851126492023468,0.14466955766175132
3953,79,45,-0.1,-0.2,-0.014587480574846268,-0.2863621413707733,0.1214648835536333
3954,79,46,-0.1,-0.2,-0.012849461287260056,-0.28385597467422485,0.12094230395723832
3955,79,47,-0.1,-0.2,0.002057179808616638,-0.2879318594932556,0.13471332474714576
3956,79,48,-0.1,-0.2,0.012131918221712112,-0.26040029525756836,0.1273646840818999
3957,80,0,0.0,-0.2,-0.08956547826528549,-0.3004744350910187,0.1345997288398036
3958,80,1,0.0,-0.2,-0.09120108932256699,-0.2983420491218567,0.13412232222530487
3959,80,2,0.0,-0.2,-0.0973334088921547,-0.2962283492088318,0.1368710622375097
3960,80,3,0.0,-0.2,-0.11619323492050171,-0.29676491022109985,0.1512095092624416
3961,80,4,0.0,-0.2,-0.08730214834213257,-0.28866511583328247,0.12443137816033831
3962,80,5,0.0,-0.2,-0.09838366508483887,-0.29134535789489746,0.13425095889591496
3963,80,6,0.0,-0.2,-0.0936705619096756,-0.29379817843437195,0.13256044827202662
3964,80,7,0.0,-0.2,-0.08976434916257858,-0.2964284420013428,0.1317424867208284
3965,80,8,0.0,-0.2,-0.09402734786272049,-0.3018495440483093,0.13861627526717613
3966,80,9,0.0,-0.2,-0.09189505875110626,-0.2968389391899109,0.13350086878480052
3967,80,10,0.0,-0.2,-0.0874144434928894,-0.2918073832988739,0.1267670326203067
3968,80,11,0.0,-0.2,-0.11533306539058685,-0.29487234354019165,0.14934014042178187
3969,80,12,0.0,-0.2,-0.09596085548400879,-0.2909165918827057,0.13219044014144624
3970,80,13,0.0,-0.2,-0.0889459103345871,-0.2905004322528839,0.12689248678786005
3971,80,14,0.0,-0.2,-0.08921622484922409,-0.2944411635398865,0.12991792850532558
3972,80,15,0.0,-0.2,-0.09378156810998917,-0.3000360429286957,0.13712108664242847
3973,80,16,0.0,-0.2,-0.07894070446491241,-0.2927435338497162,0.1217907955978205
3974,80,17,0.0,-0.2,-0.0894542932510376,-0.2925502061843872,0.128715233153715
3975,80,18,0.0,-0.2,-0.10054832696914673,-0.29503965377807617,0.13835643044886287
3976,80,19,0.0,-0.2,-0.084478959441185,-0.29173293709754944,0.12470615997940254
3977,80,20,0.0,-0.2,-0.09972947835922241,-0.2939232289791107,0.1369946779829971
3978,80,21,0.0,-0.2,-0.10296680778265,-0.29541486501693726,0.14037863074966056
3979,80,22,0.0,-0.2,-0.10092200338840485,-0.2995296120643616,0.141744116088152
3980,80,23,0.0,-0.2,-0.09238864481449127,-0.29626354575157166,0.1334253796371708
3981,80,24,0.0,-0.2,-0.09913913905620575,-0.2992987334728241,0.14031681068964136
3982,80,25,0.0,-0.2,-0.10305088013410568,-0.29529058933258057,0.14035590586706473
3983,80,26,0.0,-0.2,-0.09346488118171692,-0.28804534673690796,0.128404311050427
3984,80,27,0.0,-0.2,-0.09380868077278137,-0.29128456115722656,0.13089285577905707
3985,80,28,0.0,-0.2,-0.09851264953613281,-0.29450440406799316,0.13651309280386056
3986,80,29,0.0,-0.2,-0.09291529655456543,-0.2960165739059448,0.1336130038523893
3987,80,30,0.0,-0.2,-0.09101776033639908,-0.2950330972671509,0.13158845797729352
3988,80,31,0.0,-0.2,-0.09598921984434128,-0.2951606810092926,0.1351646608269988
3989,80,32,0.0,-0.2,-0.10417315363883972,-0.2978273928165436,0.14290641946512977
3990,80,33,0.0,-0.2,-0.09014838188886642,-0.29106107354164124,0.12813605999771138
3991,80,34,0.0,-0.2,-0.09977036714553833,-0.2929319143295288,0.13634686230825555
3992,80,35,0.0,-0.2,-0.10450158268213272,-0.29756060242652893,0.14296381335463132
3993,80,36,0.0,-0.2,-0.10703058540821075,-0.2938794791698456,0.14236889696147037
3994,80,37,0.0,-0.2,-0.10008741915225983,-0.30021238327026367,0.14163337612747345
3995,80,38,0.0,-0.2,-0.10175251960754395,-0.30251944065093994,0.14444310630094193
3996,80,39,0.0,-0.2,-0.09806355834007263,-0.29553067684173584,0.13690351234412138
3997,80,40,0.0,-0.2,-0.0912698358297348,-0.2912280559539795,0.12904550021418473
3998,80,41,0.0,-0.2,-0.0995851680636406,-0.29360461235046387,0.13667124478669299
3999,80,42,0.0,-0.2,-0.09112374484539032,-0.2928878962993622,0.13012185886148744
4000,80,43,0.0,-0.2,-0.09039071947336197,-0.29133275151252747,0.1284996251580568
4001,80,44,0.0,-0.2,-0.09219726175069809,-0.29558470845222473,0.13280350734910407
4002,80,45,0.0,-0.2,-0.09067680686712265,-0.29812654852867126,0.13360801933180186
4003,80,46,0.0,-0.2,-0.07902640104293823,-0.29427918791770935,0.12301925595703325
4004,80,47,0.0,-0.2,-0.09053710103034973,-0.2930351197719574,0.12981717981054053
4005,80,48,0.0,-0.2,-0.09264080226421356,-0.2895689010620117,0.12886002592586096
4006,80,49,0.0,-0.2,-0.0863712877035141,-0.28960737586021423,0.12445674408450877
4007,81,0,0.1,-0.2,-0.04274437949061394,-0.44264984130859375,0.28152247399318964
4008,81,1,0.1,-0.2,-0.0850374698638916,-0.4368996322154999,0.300599901858716
4009,81,2,0.1,-0.2,-0.06906022131443024,-0.4394682049751282,0.2931320173998298
4010,81,3,0.1,-0.2,-0.04380547255277634,-0.4442581832408905,0.2834467745737597
4011,81,4,0.1,-0.2,-0.04418426752090454,-0.44242429733276367,0.2820614169606045
4012,81,5,0.1,-0.2,-0.044799353927373886,-0.4474303126335144,0.28668556382856736
4013,81,6,0.1,-0.2,-0.044131964445114136,-0.4476932883262634,0.28657632187025694
4014,81,7,0.1,-0.2,-0.04203620180487633,-0.44535666704177856,0.28350339801315566
4015,81,8,0.1,-0.2,-0.08216185122728348,-0.43678730726242065,0.2987493412932303
4016,81,9,0.1,-0.2,-0.037858910858631134,-0.44105228781700134,0.2776891873388996
4017,81,10,0.1,-0.2,-0.03791990131139755,-0.4418225884437561,0.2783883321178959
4018,81,11,0.1,-0.2,-0.04136880487203598,-0.4463731050491333,0.28405078046451315
4019,81,12,0.1,-0.2,-0.04264116287231445,-0.4446444511413574,0.28319147024552516
4020,81,13,0.1,-0.2,-0.04234618321061134,-0.44704699516296387,0.285122173276086
4021,81,14,0.1,-0.2,-0.04029804468154907,-0.4447695314884186,0.282127036787554
4022,81,15,0.1,-0.2,-0.037963010370731354,-0.4426073431968689,0.27909158927419836
4023,81,16,0.1,-0.2,-0.03412742167711258,-0.44325321912765503,0.27778101782108316
4024,81,17,0.1,-0.2,-0.041924796998500824,-0.4421587288379669,0.28068398236359277
4025,81,18,0.1,-0.2,-0.09616091847419739,-0.4331442713737488,0.30468895157362846
4026,81,19,0.1,-0.2,-0.043625667691230774,-0.4487541615962982,0.28724025715632046
4027,81,20,0.1,-0.2,-0.052856262773275375,-0.43955177068710327,0.28416559944570896
4028,81,21,0.1,-0.2,-0.04433003440499306,-0.44455981254577637,0.28397299298308587
4029,81,22,0.1,-0.2,-0.041161954402923584,-0.4482927620410919,0.2856151134881475
4030,81,23,0.1,-0.2,-0.03893338143825531,-0.44558185338974,0.2821576353604621
4031,81,24,0.1,-0.2,-0.04438367113471031,-0.43821239471435547,0.27855302813985716
4032,81,25,0.1,-0.2,-0.041561566293239594,-0.4464768171310425,0.28423669438417803
4033,81,26,0.1,-0.2,-0.06783603876829147,-0.44350793957710266,0.2957449112774678
4034,81,27,0.1,-0.2,-0.044969964772462845,-0.4500327408313751,0.28902017606696373
4035,81,28,0.1,-0.2,-0.040153615176677704,-0.44719526171684265,0.28416286397478224
4036,81,29,0.1,-0.2,-0.04402992129325867,-0.4478534162044525,0.28666345102220453
4037,81,30,0.1,-0.2,-0.0414634570479393,-0.4428059756755829,0.2810100558765218
4038,81,31,0.1,-0.2,-0.08558865636587143,-0.43487775325775146,0.29935047744591736
4039,81,32,0.1,-0.2,-0.04223763942718506,-0.4430581033229828,0.2816181593235487
4040,81,33,0.1,-0.2,-0.0432235524058342,-0.4423183798789978,0.28148034245916537
4041,81,34,0.1,-0.2,-0.04516502469778061,-0.4447489380836487,0.28456093739053673
4042,81,35,0.1,-0.2,-0.04188305512070656,-0.44399911165237427,0.2822523123333682
4043,81,36,0.1,-0.2,-0.04368209466338158,-0.4458506107330322,0.28475790967883907
4044,81,37,0.1,-0.2,-0.040436387062072754,-0.44445914030075073,0.2819266750196413
4045,81,38,0.1,-0.2,-0.04535941407084465,-0.4461037218570709,0.28582582313521254
4046,81,39,0.1,-0.2,-0.041315820068120956,-0.4444555342197418,0.2823626554843698
4047,81,40,0.1,-0.2,-0.04063156992197037,-0.4467068612575531,0.2839744950700178
4048,81,41,0.1,-0.2,-0.040002092719078064,-0.4489957094192505,0.28565617317838093
4049,81,42,0.1,-0.2,-0.046001069247722626,-0.4481366276741028,0.2879029319318485
4050,81,43,0.1,-0.2,-0.045206837356090546,-0.4471324682235718,0.2866347544615496
4051,81,44,0.1,-0.2,-0.04733801633119583,-0.4449775218963623,0.2858714348984424
4052,81,45,0.1,-0.2,-0.043484583497047424,-0.4454568326473236,0.2843182765749986
4053,81,46,0.1,-0.2,-0.04049403965473175,-0.44203242659568787,0.27985401676999805
4054,81,47,0.1,-0.2,-0.04490113630890846,-0.444256067276001,0.2840024043995952
4055,81,48,0.1,-0.2,-0.04375933110713959,-0.44722655415534973,0.2859855142483623
4056,82,0,0.2,-0.2,-0.08961059898138046,-0.3621656894683838,0.3319216923961287
4057,82,1,0.2,-0.2,-0.1007138192653656,-0.3634922206401825,0.34228424928269935
4058,82,2,0.2,-0.2,-0.08344928175210953,-0.3645326793193817,0.3277415107822036
4059,82,3,0.2,-0.2,-0.09211136400699615,-0.3594716489315033,0.3328066342412069
4060,82,4,0.2,-0.2,-0.06967218965291977,-0.35988450050354004,0.3135062094655652
4061,82,5,0.2,-0.2,-0.08907477557659149,-0.3577382564544678,0.3293107702823462
4062,82,6,0.2,-0.2,-0.0424523800611496,-0.35308271646499634,0.2867358970858351
4063,82,7,0.2,-0.2,-0.10031911730766296,-0.36241960525512695,0.34142598083872455
4064,82,8,0.2,-0.2,-0.0960603803396225,-0.3531254827976227,0.3333154096180478
4065,82,9,0.2,-0.2,-0.08287326991558075,-0.3592551648616791,0.32462207929814874
4066,82,10,0.2,-0.2,-0.08468396216630936,-0.3609522581100464,0.3270330070580516
4067,82,11,0.2,-0.2,-0.09521042555570602,-0.36705106496810913,0.3391979564557553
4068,82,12,0.2,-0.2,-0.06424717605113983,-0.3555780351161957,0.3066449005961428
4069,82,13,0.2,-0.2,-0.08755233883857727,-0.36368328332901,0.3308754521158995
4070,82,14,0.2,-0.2,-0.11567915976047516,-0.3448455035686493,0.34732341097475017
4071,82,15,0.2,-0.2,-0.08100824803113937,-0.35668033361434937,0.32173647975172814
4072,82,16,0.2,-0.2,-0.10099837929010391,-0.35741329193115234,0.3396747986116595
4073,82,17,0.2,-0.2,-0.09476491808891296,-0.3542344868183136,0.3326779732114408
4074,82,18,0.2,-0.2,-0.08516910672187805,-0.3671310544013977,0.33053624426661116
4075,82,19,0.2,-0.2,-0.0875522568821907,-0.3586444854736328,0.328411895657321
4076,82,20,0.2,-0.2,-0.08127982914447784,-0.3506338596343994,0.3190750725956238
4077,82,21,0.2,-0.2,-0.07602236419916153,-0.3596001863479614,0.31884253954012876
4078,82,22,0.2,-0.2,-0.05396220088005066,-0.3564223349094391,0.2982695866734655
4079,82,23,0.2,-0.2,-0.08148090541362762,-0.3609621822834015,0.324253487626441
4080,82,24,0.2,-0.2,-0.07661720365285873,-0.36167725920677185,0.3204007077104244
4081,82,25,0.2,-0.2,-0.07888957858085632,-0.35788771510124207,0.32048077574309913
4082,82,26,0.2,-0.2,-0.08053071796894073,-0.2731470465660095,0.289910286374077
4083,82,27,0.2,-0.2,-0.07397787272930145,-0.3579588234424591,0.3162512682165864
4084,82,28,0.2,-0.2,-0.050942156463861465,-0.3528144657611847,0.2938098480933024
4085,82,29,0.2,-0.2,-0.09845951199531555,-0.36410975456237793,0.3406025423319765
4086,82,30,0.2,-0.2,-0.028660781681537628,-0.35902249813079834,0.27852092917942733
4087,82,31,0.2,-0.2,-0.07154674082994461,-0.36021143198013306,0.3152861167138349
4088,82,32,0.2,-0.2,-0.06473875790834427,-0.3561163544654846,0.3073417089664951
4089,82,33,0.2,-0.2,-0.06981352716684341,-0.35856619477272034,0.3129577887941331
4090,82,34,0.2,-0.2,-0.09579421579837799,-0.3625184893608093,0.33750033701301235
4091,82,35,0.2,-0.2,-0.07841652631759644,-0.3593931496143341,0.3208144919898949
4092,82,36,0.2,-0.2,-0.09564197063446045,-0.3591272830963135,0.33574643263367887
4093,82,37,0.2,-0.2,-0.08522747457027435,-0.3655734956264496,0.329801902213584
4094,82,38,0.2,-0.2,-0.0810403898358345,-0.3640197515487671,0.3254015667098072
4095,82,39,0.2,-0.2,-0.09741249680519104,-0.3665103614330292,0.34085171808347364
4096,82,40,0.2,-0.2,-0.05800534039735794,-0.33974042534828186,0.2934180331030717
4097,82,41,0.2,-0.2,-0.09157591313123703,-0.3665980398654938,0.3358145619316401
4098,82,42,0.2,-0.2,-0.11920687556266785,-0.34044381976127625,0.3487370010704605
4099,82,43,0.2,-0.2,-0.09618038684129715,-0.3604404330253601,0.3368441094910604
4100,82,44,0.2,-0.2,-0.09029603004455566,-0.3660789132118225,0.33444579601670826
4101,82,45,0.2,-0.2,-0.08938135206699371,-0.3488132655620575,0.32540275802667196
4102,82,46,0.2,-0.2,-0.09605419635772705,-0.36754047870635986,0.3401733369712797
4103,82,47,0.2,-0.2,-0.11135196685791016,-0.3531780540943146,0.34699216637038066
4104,82,48,0.2,-0.2,-0.07861687242984772,-0.3602144420146942,0.3213969959919816
4105,83,0,0.3,-0.2,-0.019756879657506943,-0.16282562911510468,0.3219105402732149
4106,83,1,0.3,-0.2,-0.05202721804380417,-0.16016730666160583,0.3542736311133678
4107,83,2,0.3,-0.2,-0.05726063251495361,-0.17908541858196259,0.35787229462599707
4108,83,3,0.3,-0.2,-0.03428199514746666,-0.17434930801391602,0.3352646868954974
4109,83,4,0.3,-0.2,-0.024154283106327057,-0.2079395204782486,0.3242514999835796
4110,83,5,0.3,-0.2,-0.08543948084115982,-0.17990228533744812,0.38596309606717605
4111,83,6,0.3,-0.2,-0.060106225311756134,-0.16157284379005432,0.36215071426502093
4112,83,7,0.3,-0.2,-0.0288541279733181,-0.16350306570529938,0.3308731837094133
4113,83,8,0.3,-0.2,-0.07051941752433777,-0.1880199909210205,0.3707130418262985
4114,83,9,0.3,-0.2,-0.10497120022773743,-0.1625092476606369,0.4067028762190718
4115,83,10,0.3,-0.2,-0.07199303805828094,-0.1641150265932083,0.37371988397760664
4116,83,11,0.3,-0.2,-0.09592023491859436,-0.1854867786169052,0.3961861507081105
4117,83,12,0.3,-0.2,-0.0787716954946518,-0.17627689242362976,0.37951387740235965
4118,83,13,0.3,-0.2,-0.07572738826274872,-0.1679830402135849,0.3770890558007634
4119,83,14,0.3,-0.2,-0.07141127437353134,-0.16849550604820251,0.3727450440595145
4120,83,15,0.3,-0.2,-0.06332723051309586,-0.20103570818901062,0.3633287067157907
4121,83,16,0.3,-0.2,-0.04480142891407013,-0.16361023485660553,0.3467163687920949
4122,83,17,0.3,-0.2,-0.05230290815234184,-0.16591095924377441,0.3539483038415031
4123,83,18,0.3,-0.2,-0.06371892988681793,-0.19392435252666473,0.36376967087737294
4124,83,19,0.3,-0.2,-0.08684059232473373,-0.16523021459579468,0.38840002812461966
4125,83,20,0.3,-0.2,-0.0810147225856781,-0.17132782936096191,0.3820920205869201
4126,83,21,0.3,-0.2,-0.05353426933288574,-0.1906077265739441,0.35365900864087596
4127,83,22,0.3,-0.2,-0.027664385735988617,-0.17500744760036469,0.3286161550429182
4128,83,23,0.3,-0.2,-0.014633458107709885,-0.17143721878528595,0.31592727870751464
4129,83,24,0.3,-0.2,-0.04575686901807785,-0.1984095424413681,0.34576052699582416
4130,83,25,0.3,-0.2,-0.04512971267104149,-0.17255419492721558,0.34621928135863395
4131,83,26,0.3,-0.2,-0.04967718943953514,-0.18883824348449707,0.34985528668700133
4132,83,27,0.3,-0.2,-0.05133996158838272,-0.1953938901424408,0.35137015362285134
4133,83,28,0.3,-0.2,-0.04520318657159805,-0.16730068624019623,0.34674844648469244
4134,83,29,0.3,-0.2,0.0023044608533382416,-0.15684078633785248,0.30080783193220967
4135,83,30,0.3,-0.2,-0.060073044151067734,-0.1665463000535965,0.3616237646564738
4136,83,31,0.3,-0.2,-0.05775872990489006,-0.16562147438526154,0.35940672203869994
4137,83,32,0.3,-0.2,-0.01753408834338188,-0.17020779848098755,0.3189286323480726
4138,83,33,0.3,-0.2,-0.06683885306119919,-0.16488245129585266,0.368515924136589
4139,83,34,0.3,-0.2,-0.0880647748708725,-0.19249823689460754,0.388137277191035
4140,83,35,0.3,-0.2,-0.044238634407520294,-0.16477076709270477,0.3460366111699611
4141,83,36,0.3,-0.2,-0.08001919090747833,-0.1572011113166809,0.3824216656133666
4142,83,37,0.3,-0.2,-0.011567268520593643,-0.19843903183937073,0.3115711787617433
4143,83,38,0.3,-0.2,0.028032999485731125,-0.19146078824996948,0.272101024448715
4144,83,39,0.3,-0.2,-0.06412685662508011,-0.1656404286623001,0.3657443750191821
4145,83,40,0.3,-0.2,-0.09087128937244415,-0.20035120844841003,0.39087144715756766
4146,83,41,0.3,-0.2,-0.07059022784233093,-0.16167309880256653,0.37256686423731855
4147,83,42,0.3,-0.2,-0.07250172644853592,-0.2014579027891159,0.3725045794184044
4148,83,43,0.3,-0.2,-0.0579754114151001,-0.16580286622047424,0.3596051155594772
4149,83,44,0.3,-0.2,0.0003726370632648468,-0.16276371479034424,0.30193227312865517
4150,83,45,0.3,-0.2,-0.06949207186698914,-0.16223257780075073,0.37141724428482936
4151,83,46,0.3,-0.2,-0.08402638882398605,-0.19163846969604492,0.3841174071845941
4152,83,47,0.3,-0.2,-0.06977604329586029,-0.1993388682603836,0.36977663432228797
4153,83,48,0.3,-0.2,-0.05780843272805214,-0.18688426911830902,0.35804873540883503
4154,84,0,0.4,-0.2,-0.1502191126346588,-0.17920272052288055,0.5506120219738403
4155,84,1,0.4,-0.2,-0.15634378790855408,-0.17827722430229187,0.5567677157742277
4156,84,2,0.4,-0.2,-0.1659390926361084,-0.17757847905158997,0.5663830692874052
4157,84,3,0.4,-0.2,-0.15054458379745483,-0.17988090217113495,0.5509120772375209
4158,84,4,0.4,-0.2,-0.12322349846363068,-0.1780449002981186,0.5236839273335019
4159,84,5,0.4,-0.2,-0.12598395347595215,-0.1637822836637497,0.5272294019597216
4160,84,6,0.4,-0.2,-0.16013866662979126,-0.17571499943733215,0.5606648616652636
4161,84,7,0.4,-0.2,-0.16654431819915771,-0.18042075634002686,0.5668825374502597
4162,84,8,0.4,-0.2,-0.14351603388786316,-0.1700078397989273,0.5443429146840433
4163,84,9,0.4,-0.2,-0.1440027952194214,-0.17562218010425568,0.5445487299676798
4164,84,10,0.4,-0.2,-0.15782901644706726,-0.17718841135501862,0.5582952446213476
4165,84,11,0.4,-0.2,-0.14888885617256165,-0.18034006655216217,0.5492408300678278
4166,84,12,0.4,-0.2,-0.17617464065551758,-0.17199447751045227,0.5768548568092562
4167,84,13,0.4,-0.2,-0.13544082641601562,-0.16359862685203552,0.5366767542572747
4168,84,14,0.4,-0.2,-0.17437782883644104,-0.17881044745445251,0.5747685511542403
4169,84,15,0.4,-0.2,-0.15920935571193695,-0.17876818776130676,0.559612270564807
4170,84,16,0.4,-0.2,-0.1710963100194931,-0.17981375753879547,0.5714529549338104
4171,84,17,0.4,-0.2,-0.16914373636245728,-0.17698979377746582,0.5696086922010775
4172,84,18,0.4,-0.2,-0.1617974489927292,-0.17982271313667297,0.5621596718014403
4173,84,19,0.4,-0.2,-0.17512984573841095,-0.17022904753684998,0.5758998602792429
4174,84,20,0.4,-0.2,-0.1598442643880844,-0.15537859499454498,0.561619684620203
4175,84,21,0.4,-0.2,-0.16407833993434906,-0.17947092652320862,0.5644517839823935
4176,84,22,0.4,-0.2,-0.16713985800743103,-0.19171591103076935,0.567200356726562
4177,84,23,0.4,-0.2,-0.2776300609111786,-0.14924658834934235,0.6795280775984675
4178,84,24,0.4,-0.2,-0.1654336154460907,-0.18026036024093628,0.5657780720867991
4179,84,25,0.4,-0.2,-0.16350702941417694,-0.17657393217086792,0.5639937524947641
4180,84,26,0.4,-0.2,-0.15570609271526337,-0.16971109807491302,0.5565309327078707
4181,84,27,0.4,-0.2,-0.17145341634750366,-0.17579136788845062,0.5719659648300288
4182,84,28,0.4,-0.2,-0.13660535216331482,-0.15221910178661346,0.5387284271359672
4183,84,29,0.4,-0.2,-0.15521126985549927,-0.17856812477111816,0.555624764972173
4184,84,30,0.4,-0.2,-0.1652778834104538,-0.17781274020671844,0.5657131428295945
4185,84,31,0.4,-0.2,-0.1489471048116684,-0.17460158467292786,0.5495343514123929
4186,84,32,0.4,-0.2,-0.1655043065547943,-0.17125479876995087,0.5662344102275795
4187,84,33,0.4,-0.2,-0.17243561148643494,-0.1714077740907669,0.5731492342141733
4188,84,34,0.4,-0.2,-0.14068424701690674,-0.1740737110376358,0.5413054843908377
4189,84,35,0.4,-0.2,-0.1596251130104065,-0.17563985288143158,0.5601550534267709
4190,84,36,0.4,-0.2,-0.14068064093589783,-0.17533643543720245,0.5412428723778232
4191,84,37,0.4,-0.2,-0.09939175844192505,-0.14718277752399445,0.5021770478524461
4192,84,38,0.4,-0.2,-0.1508333534002304,-0.17866866290569305,0.5512462327856528
4193,84,39,0.4,-0.2,-0.15733347833156586,-0.15712369978427887,0.5589803066203233
4194,84,40,0.4,-0.2,-0.1625668853521347,-0.17295628786087036,0.5632165328371194
4195,84,41,0.4,-0.2,-0.15474508702754974,-0.17308610677719116,0.5553975776231046
4196,84,42,0.4,-0.2,-0.16818152368068695,-0.18021440505981445,0.5685259128828203
4197,84,43,0.4,-0.2,-0.16613464057445526,-0.1607821136713028,0.5674913866011169
4198,84,44,0.4,-0.2,-0.14728997647762299,-0.1807141751050949,0.5476296754146492
4199,84,45,0.4,-0.2,-0.1621788889169693,-0.16455382108688354,0.563295246512394
4200,84,46,0.4,-0.2,-0.12034428119659424,-0.17274586856365204,0.5210575387175106
4201,84,47,0.4,-0.2,-0.15688250958919525,-0.1591184437274933,0.5583810805620318
4202,84,48,0.4,-0.2,-0.1619214415550232,-0.1768953502178192,0.5623962404931532
4203,84,49,0.4,-0.2,-0.23557953536510468,-0.17305728793144226,0.6361503403351535
4204,85,0,0.5,-0.2,-0.19250816106796265,-0.068776436150074,0.7048313109214196
4205,85,1,0.5,-0.2,-0.34903857111930847,-0.05323329195380211,0.861630409072843
4206,85,2,0.5,-0.2,-0.348059743642807,-0.08792386204004288,0.8554334512324865
4207,85,3,0.5,-0.2,-0.2823821008205414,-0.07569919526576996,0.7921946993902074
4208,85,4,0.5,-0.2,-0.22336213290691376,-0.0446714349091053,0.7398511596644529
4209,85,5,0.5,-0.2,-0.4671984612941742,-0.15957632660865784,0.9680428383600945
4210,85,6,0.5,-0.2,-0.32679450511932373,-0.11525121331214905,0.8311266513237139
4211,85,7,0.5,-0.2,-0.34527337551116943,-0.11624786257743835,0.8494124439110214
4212,85,8,0.5,-0.2,-0.4316707253456116,-0.12781834602355957,0.9344626967604392
4213,85,9,0.5,-0.2,-0.37033888697624207,-0.12232977151870728,0.8737977126173884
4214,85,10,0.5,-0.2,-0.38760632276535034,-0.15761978924274445,0.8886175029093545
4215,85,11,0.5,-0.2,-0.23172955214977264,-0.07539895921945572,0.7422624581998619
4216,85,12,0.5,-0.2,-0.4472709596157074,-0.16547885537147522,0.9478997733714924
4217,85,13,0.5,-0.2,-0.312753289937973,-0.028326034545898438,0.8306863792790483
4218,85,14,0.5,-0.2,-0.378831148147583,-0.11943778395652771,0.8825159815030174
4219,85,15,0.5,-0.2,-0.2536775469779968,0.036363258957862854,0.7898717839016357
4220,85,16,0.5,-0.2,-0.40175876021385193,-0.12969110906124115,0.9044955509937357
4221,85,17,0.5,-0.2,-0.372117817401886,-0.12093223631381989,0.8756946949046586
4222,85,18,0.5,-0.2,-0.3482130765914917,-0.12432293593883514,0.8515823162359123
4223,85,19,0.5,-0.2,-0.3321140706539154,-0.10343845188617706,0.8376980119078518
4224,85,20,0.5,-0.2,-0.35172387957572937,-0.14000004529953003,0.8538346219283861
4225,85,21,0.5,-0.2,-0.34183990955352783,-0.10803257673978806,0.8468485344252624
4226,85,22,0.5,-0.2,-0.4021487832069397,-0.1697346419095993,0.902656312747051
4227,85,23,0.5,-0.2,-0.26505401730537415,-0.12206152826547623,0.7690136895864761
4228,85,24,0.5,-0.2,-0.3367358446121216,-0.04548884928226471,0.8508822300147532
4229,85,25,0.5,-0.2,-0.37533313035964966,-0.14635580778121948,0.8769753636585402
4230,85,26,0.5,-0.2,-0.48935189843177795,-0.17981204390525818,0.9895578469709825
4231,85,27,0.5,-0.2,-0.3390441834926605,-0.09708042442798615,0.8453328225549915
4232,85,28,0.5,-0.2,-0.3476325571537018,-0.052226901054382324,0.8604172480366226
4233,85,29,0.5,-0.2,-0.263675719499588,-0.06082487478852272,0.7762540306052161
4234,85,30,0.5,-0.2,-0.3250720202922821,-0.14738665521144867,0.8267478471208902
4235,85,31,0.5,-0.2,-0.3296438455581665,-0.05450486019253731,0.8423050196811936
4236,85,32,0.5,-0.2,-0.3850882649421692,-0.1518886238336563,0.8863949126969078
4237,85,33,0.5,-0.2,-0.20665676891803741,-0.002840301487594843,0.7336455109759638
4238,85,34,0.5,-0.2,-0.3691951036453247,-0.14368543028831482,0.871017484877783
4239,85,35,0.5,-0.2,-0.3470284342765808,-0.09593240171670914,0.8533974651271753
4240,85,36,0.5,-0.2,-0.28554075956344604,-0.027202198281884193,0.8043216801840722
4241,85,37,0.5,-0.2,-0.33325257897377014,-0.08541062474250793,0.8410948729414188
4242,85,38,0.5,-0.2,-0.32492849230766296,-0.018228888511657715,0.8447175589465993
4243,85,39,0.5,-0.2,-0.3364022970199585,-0.09042280912399292,0.8435496210778236
4244,85,40,0.5,-0.2,-0.3560173511505127,-0.10141561180353165,0.8616754534433554
4245,85,41,0.5,-0.2,-0.348307341337204,-0.14131759107112885,0.8503346226541001
4246,85,42,0.5,-0.2,-0.2815123498439789,-0.08299053460359573,0.7902232393134297
4247,85,43,0.5,-0.2,-0.24848037958145142,-0.04993075132369995,0.7633764851085358
4248,85,44,0.5,-0.2,-0.31263065338134766,-0.07207093387842178,0.8226386963751068
4249,85,45,0.5,-0.2,-0.24598123133182526,-0.036582838743925095,0.7636708493142449
4250,85,46,0.5,-0.2,-0.21895967423915863,-0.06390786170959473,0.7317267818568157
4251,85,47,0.5,-0.2,-0.3858715891838074,-0.06214217096567154,0.8965340225273677
4252,85,48,0.5,-0.2,-0.3036371171474457,-0.06580166518688202,0.8147648796577275
4253,85,49,0.5,-0.2,-0.3741554021835327,-0.1505936086177826,0.8755504889359988
4254,86,0,0.6,-0.2,-0.24499551951885223,-0.012171516194939613,0.8656194125222948
4255,86,1,0.6,-0.2,-0.18924947082996368,-0.03579966723918915,0.8061491651575028
4256,86,2,0.6,-0.2,-0.1910785436630249,-0.04833689332008362,0.805485543117824
4257,86,3,0.6,-0.2,-0.3083530068397522,-0.050310831516981125,0.9206041669447063
4258,86,4,0.6,-0.2,-0.25029483437538147,-0.07598971575498581,0.8592903211162026
4259,86,5,0.6,-0.2,-0.19703398644924164,-0.014562126249074936,0.8183216852659069
4260,86,6,0.6,-0.2,-0.17287547886371613,-0.05675150454044342,0.7860385723870331
4261,86,7,0.6,-0.2,-0.19346991181373596,-0.04517779126763344,0.8084333103419641
4262,86,8,0.6,-0.2,-0.24964021146297455,-0.025410719215869904,0.8673925904108057
4263,86,9,0.6,-0.2,-0.20008881390094757,-0.09918508678674698,0.8064153748879177
4264,86,10,0.6,-0.2,-0.18968313932418823,-0.039306774735450745,0.8058670939918247
4265,86,11,0.6,-0.2,-0.17844200134277344,-0.06421467661857605,0.7901959272866068
4266,86,12,0.6,-0.2,-0.19474391639232635,-0.03244633600115776,0.8122143331424594
4267,86,13,0.6,-0.2,-0.21973499655723572,-0.03827394172549248,0.8355362245323062
4268,86,14,0.6,-0.2,-0.24256274104118347,-0.07234163582324982,0.8521787550362402
4269,86,15,0.6,-0.2,-0.24406121671199799,-0.005505663342773914,0.8661797645691527
4270,86,16,0.6,-0.2,-0.204788476228714,-0.03972494602203369,0.8205928249736134
4271,86,17,0.6,-0.2,-0.20018193125724792,-0.035597063601017,0.8168962287874679
4272,86,18,0.6,-0.2,-0.2026706486940384,-0.02033856511116028,0.8225317024049743
4273,86,19,0.6,-0.2,-0.19767458736896515,-0.036192771047353745,0.8143203028240137
4274,86,20,0.6,-0.2,-0.20969761908054352,-0.03482456132769585,0.8263734990216525
4275,86,21,0.6,-0.2,-0.2593017518520355,-0.06204816699028015,0.8703046644518911
4276,86,22,0.6,-0.2,-0.2126850187778473,-0.019188767299056053,0.8325560891716455
4277,86,23,0.6,-0.2,-0.2116522192955017,0.012276938185095787,0.8389522176933274
4278,86,24,0.6,-0.2,-0.21094392240047455,-0.03112841211259365,0.8283403035431035
4279,86,25,0.6,-0.2,-0.2023029774427414,-0.03907052055001259,0.8182837924397207
4280,86,26,0.6,-0.2,-0.22702093422412872,-0.04902801662683487,0.8406879120152602
4281,86,27,0.6,-0.2,-0.2619766592979431,-0.05082955211400986,0.8747888795000478
4282,86,28,0.6,-0.2,-0.1966773122549057,-0.043135277926921844,0.8119736947049236
4283,86,29,0.6,-0.2,-0.22327692806720734,-0.05140280723571777,0.8365799579150834
4284,86,30,0.6,-0.2,-0.3299432098865509,-0.06763072311878204,0.9393167724874065
4285,86,31,0.6,-0.2,-0.25011640787124634,-0.007071780506521463,0.871733448256309
4286,86,32,0.6,-0.2,-0.20709604024887085,-0.025471610948443413,0.8257506747017155
4287,86,33,0.6,-0.2,-0.22305427491664886,-0.01344301737844944,0.8439323712380206
4288,86,34,0.6,-0.2,-0.19423620402812958,-0.04277440905570984,0.8096487103903728
4289,86,35,0.6,-0.2,-0.19642634689807892,-0.05304008349776268,0.809871683102801
4290,86,36,0.6,-0.2,-0.21955101191997528,-0.019912075251340866,0.8391039993822781
4291,86,37,0.6,-0.2,-0.24163544178009033,-0.02251095324754715,0.8601468354748869
4292,86,38,0.6,-0.2,-0.22171184420585632,-0.021210314705967903,0.8409376353069997
4293,86,39,0.6,-0.2,-0.2082386612892151,-0.031957339495420456,0.8255229066186109
4294,86,40,0.6,-0.2,-0.2018614560365677,-0.019029587507247925,0.8220292481869981
4295,86,41,0.6,-0.2,-0.21145595610141754,-0.03297771140933037,0.828466784837226
4296,86,42,0.6,-0.2,-0.19685550034046173,-0.03911667689681053,0.8129342729123756
4297,86,43,0.6,-0.2,-0.14942409098148346,0.07628572732210159,0.7987304121324825
4298,86,44,0.6,-0.2,-0.19434407353401184,-0.0509251169860363,0.8082114994877483
4299,86,45,0.6,-0.2,-0.19374413788318634,-0.04564356431365013,0.8086134216433196
4300,86,46,0.6,-0.2,-0.24982333183288574,-0.10064009577035904,0.8556121118217475
4301,86,47,0.6,-0.2,-0.19946105778217316,-0.04169970378279686,0.8149828014704639
4302,86,48,0.6,-0.2,-0.18017449975013733,-0.04411481320858002,0.795595652025181
4303,86,49,0.6,-0.2,-0.21379396319389343,-0.056506987661123276,0.8263479044088567
4304,87,0,0.8,-0.2,-0.2879887819290161,0.13732482492923737,1.1390819229172786
4305,87,1,0.8,-0.2,-0.18729567527770996,-0.19582776725292206,0.9873044909996942
4306,87,2,0.8,-0.2,-0.18538875877857208,-0.16363149881362915,0.9860596705097101
4307,87,3,0.8,-0.2,-0.3207172155380249,0.07733466476202011,1.154522236027512
4308,87,4,0.8,-0.2,-0.24754318594932556,-0.21045692265033722,1.0475953768799187
4309,87,5,0.8,-0.2,-0.16460585594177246,-0.1556873470544815,0.9656231503688328
4310,87,6,0.8,-0.2,-0.22610655426979065,0.19070899486541748,1.0979745804817922
4311,87,7,0.8,-0.2,-0.2874264419078827,0.014490971341729164,1.1083783845544608
4312,87,8,0.8,-0.2,-0.2505028545856476,0.06481975317001343,1.0833677811166535
4313,87,9,0.8,-0.2,-0.16736367344856262,-0.06940705329179764,0.9761388192454128
4314,87,10,0.8,-0.2,-0.3096384108066559,0.0017712130211293697,1.1278337754924432
4315,87,11,0.8,-0.2,-0.23090337216854095,-0.06767470389604568,1.039361220528007
4316,87,12,0.8,-0.2,-0.2986714243888855,0.005749837029725313,1.1177709489007401
4317,87,13,0.8,-0.2,-0.2827290892601013,-0.02868092805147171,1.096199117470596
4318,87,14,0.8,-0.2,-0.16042844951152802,-0.06696736067533493,0.9695981073397391
4319,87,15,0.8,-0.2,-0.2860538959503174,-0.0403970442712307,1.0977186198594895
4320,87,16,0.8,-0.2,-0.2161182016134262,-0.16471606492996216,1.0167306210221714
4321,87,17,0.8,-0.2,-0.19303485751152039,-0.015152018517255783,1.0100925722383918
4322,87,18,0.8,-0.2,-0.26747071743011475,-0.16386866569519043,1.0680820220794889
4323,87,19,0.8,-0.2,-0.18016912043094635,-0.11137910187244415,0.9841672460671052
4324,87,20,0.8,-0.2,-0.3362787663936615,0.032099559903144836,1.159741195553704
4325,87,21,0.8,-0.2,-0.27506881952285767,-0.043455250561237335,1.0864065653737167
4326,87,22,0.8,-0.2,-0.330515593290329,0.09711062908172607,1.168905570431557
4327,87,23,0.8,-0.2,-0.35721054673194885,0.07230521738529205,1.188817219291051
4328,87,24,0.8,-0.2,-0.2845373749732971,-0.029112517833709717,1.0979179610859384
4329,87,25,0.8,-0.2,-0.25936922430992126,0.0022319466806948185,1.07849938046958
4330,87,26,0.8,-0.2,-0.2531813681125641,-0.10186559706926346,1.057743520508646
4331,87,27,0.8,-0.2,-0.20255976915359497,-0.041355062276124954,1.0150341408005554
4332,87,28,0.8,-0.2,-0.27146080136299133,-0.05704393610358238,1.080955450082093
4333,87,29,0.8,-0.2,-0.32583892345428467,-0.0643828734755516,1.1339776393613108
4334,87,30,0.8,-0.2,-0.35986563563346863,0.06330606341362,1.1893773058848096
4335,87,31,0.8,-0.2,-0.2806732654571533,-0.020368874073028564,1.0955008206640553
4336,87,32,0.8,-0.2,-0.2942662239074707,-0.08519012480974197,1.100272637224937
4337,87,33,0.8,-0.2,-0.2650991678237915,-0.09943434596061707,1.0698362903132899
4338,87,34,0.8,-0.2,-0.289059042930603,0.07094702124595642,1.1222574959923315
4339,87,35,0.8,-0.2,-0.29074448347091675,0.09657210111618042,1.1303444339592703
4340,87,36,0.8,-0.2,-0.22175978124141693,-0.09033163636922836,1.0276284350600462
4341,87,37,0.8,-0.2,-0.26446661353111267,-0.03724019601941109,1.0768379288983998
4342,87,38,0.8,-0.2,-0.26235759258270264,-0.07042302191257477,1.070230745105178
4343,87,39,0.8,-0.2,-0.300925076007843,0.06932713091373444,1.1333901033753113
4344,87,40,0.8,-0.2,-0.21181508898735046,-0.020197054371237755,1.0276667132681003
4345,87,41,0.8,-0.2,-0.14626860618591309,-0.14867772161960602,0.9476593540461601
4346,87,42,0.8,-0.2,-0.2333393692970276,-0.21887469291687012,1.0335117348980054
4347,87,43,0.8,-0.2,-0.1883707046508789,-0.1679896116256714,0.9888889294435196
4348,87,44,0.8,-0.2,-0.25860679149627686,-0.1302136927843094,1.0609045516335787
4349,87,45,0.8,-0.2,-0.2302597612142563,0.07940283417701721,1.06747417735672
4350,87,46,0.8,-0.2,-0.312983900308609,0.052553292363882065,1.1412783743811148
4351,87,47,0.8,-0.2,-0.2595197260379791,-0.13011564314365387,1.0618219592741618
4352,87,48,0.8,-0.2,-0.23497295379638672,-0.21103009581565857,1.0350317280662078
4353,88,0,1.0,-0.2,-0.056914616376161575,0.005467939656227827,1.0767012494355823
4354,88,1,1.0,-0.2,0.08460550010204315,0.06758061796426773,0.9537014614404079
4355,88,2,1.0,-0.2,-0.053111858665943146,-0.024214904755353928,1.067682062494733
4356,88,3,1.0,-0.2,-0.03860817477107048,0.006249730940908194,1.0588889895614608
4357,88,4,1.0,-0.2,-0.025111578404903412,0.023746788501739502,1.0492456211701027
4358,88,5,1.0,-0.2,0.03457124903798103,0.012323569506406784,0.9885008706885523
4359,88,6,1.0,-0.2,-0.01687265932559967,0.006151029374450445,1.0375587945731377
4360,88,7,1.0,-0.2,-0.0313713476061821,0.008311890065670013,1.0521980327893241
4361,88,8,1.0,-0.2,-0.03446593135595322,0.05986823886632919,1.0666073620164203
4362,88,9,1.0,-0.2,-0.14944130182266235,0.1748206913471222,1.2090102799388065
4363,88,10,1.0,-0.2,0.026089612394571304,0.0405745655298233,1.003183714314392
4364,88,11,1.0,-0.2,-0.32238298654556274,-0.12255078554153442,1.3246490644413693
4365,88,12,1.0,-0.2,0.004024479538202286,0.1102931946516037,1.0431917867804783
4366,88,13,1.0,-0.2,-0.040672801434993744,-0.012628622353076935,1.0574062193915184
4367,88,14,1.0,-0.2,-0.002062588930130005,0.04339509457349777,1.0311986249970453
4368,88,15,1.0,-0.2,-0.05707176774740219,-0.03999515622854233,1.069112843529132
4369,88,16,1.0,-0.2,0.024421174079179764,0.03698232024908066,1.0039495334406425
4370,88,17,1.0,-0.2,-0.11568208783864975,0.023344477638602257,1.1378177695991871
4371,88,18,1.0,-0.2,0.06998838484287262,0.14509084820747375,0.9919724279654765
4372,88,19,1.0,-0.2,-0.03339218348264694,0.008450441062450409,1.0542063323952113
4373,88,20,1.0,-0.2,-0.0885690450668335,0.009187782183289528,1.1084863977931714
4374,88,21,1.0,-0.2,-0.20997753739356995,-0.020037952810525894,1.2232873658407637
4375,88,22,1.0,-0.2,-0.033906660974025726,0.031619954854249954,1.059533287392682
4376,88,23,1.0,-0.2,-0.3162862956523895,-0.03104289621114731,1.327085571861516
4377,88,24,1.0,-0.2,-0.10018197447061539,-0.023886363953351974,1.1141886688311065
4378,88,25,1.0,-0.2,-0.1438426375389099,0.07163247466087341,1.1756530869020674
4379,88,26,1.0,-0.2,-0.13038018345832825,0.038316115736961365,1.1552289514097354
4380,88,27,1.0,-0.2,-0.11752979457378387,0.019282257184386253,1.1388404410083104
4381,88,28,1.0,-0.2,-0.06818192452192307,0.07165595144033432,1.1021840045238873
4382,88,29,1.0,-0.2,-0.15168733894824982,-0.04951547086238861,1.1614772146725347
4383,88,30,1.0,-0.2,-0.027361303567886353,0.05797538906335831,1.0592556582011246
4384,88,31,1.0,-0.2,-0.1407286822795868,-0.052238866686820984,1.150258787879196
4385,88,32,1.0,-0.2,-0.06485019624233246,0.13636116683483124,1.1167115898887336
4386,88,33,1.0,-0.2,-0.11419672518968582,0.07109404355287552,1.146702368914126
4387,88,34,1.0,-0.2,-0.17521125078201294,0.016336075961589813,1.1949572300827682
4388,88,35,1.0,-0.2,-0.07252947986125946,0.03742942959070206,1.0984954343133293
4389,88,36,1.0,-0.2,-0.05725333094596863,-0.017038028687238693,1.072967701630854
4390,88,37,1.0,-0.2,-0.055700190365314484,0.015062287449836731,1.0773832555875915
4391,88,38,1.0,-0.2,-0.12309858202934265,-0.10623085498809814,1.1270062455517198
4392,88,39,1.0,-0.2,-0.1494714319705963,0.02822047472000122,1.1719083402715231
4393,88,40,1.0,-0.2,-0.3243214786052704,-0.06696073710918427,1.3309871615330409
4394,88,41,1.0,-0.2,-0.11622002720832825,0.10030227154493332,1.1559102921230557
4395,88,42,1.0,-0.2,-0.08350938558578491,0.05794809013605118,1.1137907370136104
4396,88,43,1.0,-0.2,-0.12280836701393127,0.032498981803655624,1.1466274048601088
4397,88,44,1.0,-0.2,-0.05489634722471237,-0.01475423201918602,1.0710379535491925
4398,88,45,1.0,-0.2,-0.09304064512252808,0.02337317354977131,1.1156314026377927
4399,88,46,1.0,-0.2,-0.039264578372240067,0.032780565321445465,1.065015331087117
4400,88,47,1.0,-0.2,-0.10428400337696075,0.0060782949440181255,1.123348309190556
4401,88,48,1.0,-0.2,-0.0803830698132515,0.004285268019884825,1.0995271930557522
4402,88,49,1.0,-0.2,-0.16323234140872955,-0.03451216593384743,1.1749449788492827
4403,89,0,-0.5,-0.1,-0.20689000189304352,-0.15509554743766785,0.29824317316196247
4404,89,1,-0.5,-0.1,-0.18612943589687347,-0.16536834836006165,0.3206052900027341
4405,89,2,-0.5,-0.1,-0.18265597522258759,-0.17129093408584595,0.325253174227031
4406,89,3,-0.5,-0.1,-0.21250811219215393,-0.1586439460515976,0.2934121639670411
4407,89,4,-0.5,-0.1,-0.2605229616165161,-0.1617591232061386,0.24731243642832768
4408,89,5,-0.5,-0.1,-0.21452046930789948,-0.16498252749443054,0.29278198599597344
4409,89,6,-0.5,-0.1,-0.2668091356754303,-0.1561964750289917,0.23986667757344696
4410,89,7,-0.5,-0.1,-0.30908316373825073,-0.15029361844062805,0.19743020646306142
4411,89,8,-0.5,-0.1,-0.2673649489879608,-0.1619793027639389,0.2407498721297232
4412,89,9,-0.5,-0.1,-0.2742982506752014,-0.16053158044815063,0.23367788059597158
4413,89,10,-0.5,-0.1,-0.28693413734436035,-0.154150128364563,0.21983925543699093
4414,89,11,-0.5,-0.1,-0.30257850885391235,-0.1645537167787552,0.20770755286290507
4415,89,12,-0.5,-0.1,-0.20003610849380493,-0.16148485243320465,0.3062004625833758
4416,89,13,-0.5,-0.1,-0.20132063329219818,-0.1648472100496292,0.3056378980888893
4417,89,14,-0.5,-0.1,-0.21970267593860626,-0.15582650899887085,0.2858027098943937
4418,89,15,-0.5,-0.1,-0.25043439865112305,-0.16173119843006134,0.257087009077157
4419,89,16,-0.5,-0.1,-0.24025124311447144,-0.16423724591732025,0.2675739906392617
4420,89,17,-0.5,-0.1,-0.26115885376930237,-0.1621127873659134,0.2467855171746443
4421,89,18,-0.5,-0.1,-0.20182035863399506,-0.16421593725681305,0.30501604076331834
4422,89,19,-0.5,-0.1,-0.22686544060707092,-0.15399877727031708,0.27842118360760343
4423,89,20,-0.5,-0.1,-0.22224867343902588,-0.1622980535030365,0.2846521506622567
4424,89,21,-0.5,-0.1,-0.18472781777381897,-0.16818854212760925,0.32256197259309266
4425,89,22,-0.5,-0.1,-0.20414869487285614,-0.15838280320167542,0.3015568710129483
4426,89,23,-0.5,-0.1,-0.2763909697532654,-0.16075798869132996,0.2317164896974336
4427,89,24,-0.5,-0.1,-0.19684356451034546,-0.16363058984279633,0.3097622900589019
4428,89,25,-0.5,-0.1,-0.2753916382789612,-0.16434794664382935,0.23364411910486024
4429,89,26,-0.5,-0.1,-0.2636128067970276,-0.17007015645503998,0.2465537100430922
4430,89,27,-0.5,-0.1,-0.2630922198295593,-0.1721022129058838,0.2476368821706719
4431,89,28,-0.5,-0.1,-0.19488899409770966,-0.1580224633216858,0.3105790272581583
4432,89,29,-0.5,-0.1,-0.16709868609905243,-0.15568336844444275,0.33752618019688013
4433,89,30,-0.5,-0.1,-0.22390075027942657,-0.16271869838237762,0.28313323864047335
4434,89,31,-0.5,-0.1,-0.1911005824804306,-0.16218045353889465,0.31509563460357853
4435,89,32,-0.5,-0.1,-0.25609061121940613,-0.16024412214756012,0.2512392170594651
4436,89,33,-0.5,-0.1,-0.22648057341575623,-0.1568775773048401,0.27937060603979363
4437,89,34,-0.5,-0.1,-0.20274969935417175,-0.1611853390932083,0.30348210318565105
4438,89,35,-0.5,-0.1,0.21080397069454193,-0.09833919256925583,0.7108059109464757
4439,89,36,-0.5,-0.1,-0.22730131447315216,-0.16242802143096924,0.2797531607468559
4440,89,37,-0.5,-0.1,-0.2270212322473526,-0.15767507255077362,0.2790050566521883
4441,89,38,-0.5,-0.1,-0.20587985217571259,-0.16699260473251343,0.30165322879927453
4442,89,39,-0.5,-0.1,-0.2573465406894684,-0.15794000029563904,0.24947493852013766
4443,89,40,-0.5,-0.1,-0.280150443315506,-0.16010811924934387,0.22791843623116997
4444,89,41,-0.5,-0.1,-0.2290029525756836,-0.16404198110103607,0.27846144267392325
4445,89,42,-0.5,-0.1,-0.26163429021835327,-0.16047097742557526,0.2459165523312993
4446,89,43,-0.5,-0.1,-0.29289138317108154,-0.1648557186126709,0.21702590490896176
4447,89,44,-0.5,-0.1,-0.2882629334926605,-0.16980291903018951,0.22294625549281757
4448,89,45,-0.5,-0.1,-0.24913640320301056,-0.15703779458999634,0.2572661155488867
4449,89,46,-0.5,-0.1,-0.2142915576696396,-0.1634618043899536,0.2926716840339523
4450,89,47,-0.5,-0.1,-0.28306838870048523,-0.16136744618415833,0.22544464383118382
4451,89,48,-0.5,-0.1,-0.24119403958320618,-0.13285349309444427,0.26088288015077904
4452,90,0,-0.4,-0.1,0.22488002479076385,-0.2244008332490921,0.6371425371889512
4453,90,1,-0.4,-0.1,0.2411910742521286,-0.25150206685066223,0.6588466209677494
4454,90,2,-0.4,-0.1,0.19085238873958588,-0.20010314881801605,0.5992722133409463
4455,90,3,-0.4,-0.1,0.2089579850435257,-0.22232161462306976,0.6211218921856367
4456,90,4,-0.4,-0.1,0.25408682227134705,-0.23478665947914124,0.6678300791687768
4457,90,5,-0.4,-0.1,0.24282319843769073,-0.24262866377830505,0.6584562249541328
4458,90,6,-0.4,-0.1,0.2320462018251419,-0.3029467761516571,0.6638296432006776
4459,90,7,-0.4,-0.1,0.23003508150577545,-0.25610268115997314,0.6490857038891871
4460,90,8,-0.4,-0.1,0.2158622294664383,-0.28951406478881836,0.6443615960283111
4461,90,9,-0.4,-0.1,0.16212204098701477,-0.21429884433746338,0.5736248031425131
4462,90,10,-0.4,-0.1,0.09744270145893097,-0.204879030585289,0.5083786505069515
4463,90,11,-0.4,-0.1,0.21251188218593597,-0.2106005698442459,0.6224172972121115
4464,90,12,-0.4,-0.1,0.1931881159543991,-0.19154685735702515,0.6002107696480272
4465,90,13,-0.4,-0.1,0.2287975698709488,-0.212520033121109,0.6387856774609041
4466,90,14,-0.4,-0.1,0.2452753335237503,-0.25628742575645447,0.6639322371325002
4467,90,15,-0.4,-0.1,0.2212156504392624,-0.23906508088111877,0.6365909055831288
4468,90,16,-0.4,-0.1,0.26191550493240356,-0.25110679864883423,0.6789443278118009
4469,90,17,-0.4,-0.1,0.24202881753444672,-0.23837465047836304,0.6567713045190761
4470,90,18,-0.4,-0.1,0.20642150938510895,-0.2291884869337082,0.6200296059069557
4471,90,19,-0.4,-0.1,0.24460338056087494,-0.24817974865436554,0.6614157211177998
4472,90,20,-0.4,-0.1,0.23548810184001923,-0.2574840784072876,0.6547108999642692
4473,90,21,-0.4,-0.1,0.20644129812717438,-0.24484652280807495,0.6234994492730227
4474,90,22,-0.4,-0.1,0.19745950400829315,-0.24708402156829834,0.6152979508583946
4475,90,23,-0.4,-0.1,0.24542589485645294,-0.2750752866268158,0.6687495358792519
4476,90,24,-0.4,-0.1,0.2578849196434021,-0.25979527831077576,0.6770133665332051
4477,90,25,-0.4,-0.1,0.23531164228916168,-0.2715168297290802,0.6580569167697169
4478,90,26,-0.4,-0.1,0.23486407101154327,-0.22990435361862183,0.648018155417286
4479,90,27,-0.4,-0.1,0.25437718629837036,-0.22830073535442352,0.6668362472453473
4480,90,28,-0.4,-0.1,0.23713095486164093,-0.2643584609031677,0.6579890252225826
4481,90,29,-0.4,-0.1,0.23353852331638336,-0.22920522093772888,0.6465794998632968
4482,90,30,-0.4,-0.1,0.22654034197330475,-0.2586429715156555,0.6463129215258989
4483,90,31,-0.4,-0.1,0.2479342669248581,-0.2509467601776123,0.6652847049674079
4484,90,32,-0.4,-0.1,0.2390827089548111,-0.23558640480041504,0.6533072646555538
4485,90,33,-0.4,-0.1,0.24779410660266876,-0.23760661482810974,0.662248280476138
4486,90,34,-0.4,-0.1,0.2686324417591095,-0.23142988979816437,0.6814272948048872
4487,90,35,-0.4,-0.1,0.26428157091140747,-0.22405937314033508,0.6757667744987913
4488,90,36,-0.4,-0.1,0.25579023361206055,-0.2618410587310791,0.6754652905902402
4489,90,37,-0.4,-0.1,0.26326096057891846,-0.22954580187797546,0.6757937678110663
4490,90,38,-0.4,-0.1,0.20971031486988068,-0.2320694625377655,0.6238501510729506
4491,90,39,-0.4,-0.1,0.28277066349983215,-0.2567465305328369,0.7005321218688566
4492,90,40,-0.4,-0.1,0.25534161925315857,-0.24576032161712646,0.6713558737981519
4493,90,41,-0.4,-0.1,0.29588747024536133,-0.24814413487911224,0.711481592132621
4494,90,42,-0.4,-0.1,0.28287962079048157,-0.24286527931690216,0.6976640054677097
4495,90,43,-0.4,-0.1,0.24121876060962677,-0.24124841392040253,0.6565916641206887
4496,90,44,-0.4,-0.1,0.26196491718292236,-0.2345031350851059,0.6754914099592352
4497,90,45,-0.4,-0.1,0.25893449783325195,-0.2679790258407593,0.6800085481500732
4498,90,46,-0.4,-0.1,0.25232264399528503,-0.2531261444091797,0.670054063468479
4499,90,47,-0.4,-0.1,0.30798882246017456,-0.23213934898376465,0.7202145376749887
4500,90,48,-0.4,-0.1,0.2950863540172577,-0.2574307322502136,0.7126917110489239
4501,91,0,-0.3,-0.1,-0.10827857255935669,-0.01773306541144848,0.20862635084397865
4502,91,1,-0.3,-0.1,-0.05927750840783119,0.051562897861003876,0.2844620009181663
4503,91,2,-0.3,-0.1,-0.13404075801372528,0.006654506083577871,0.1972755779831625
4504,91,3,-0.3,-0.1,-0.03784635663032532,0.12416244298219681,0.3449251129966347
4505,91,4,-0.3,-0.1,-0.026104461401700974,0.13174204528331757,0.3587800741626373
4506,91,5,-0.3,-0.1,-0.06805653870105743,0.03926052898168564,0.270538840412228
4507,91,6,-0.3,-0.1,-0.03434746712446213,0.10697644203901291,0.33676477812015554
4508,91,7,-0.3,-0.1,-0.03756755590438843,0.06098007410764694,0.30787233063999075
4509,91,8,-0.3,-0.1,-0.05627457797527313,0.1278362274169922,0.3336336731577593
4510,91,9,-0.3,-0.1,0.16091975569725037,0.25660240650177,0.582762642518261
4511,91,10,-0.3,-0.1,-0.030274054035544395,0.07982239872217178,0.3241730726149477
4512,91,11,-0.3,-0.1,-0.0008642487227916718,0.1351780742406845,0.3805140264112964
4513,91,12,-0.3,-0.1,-0.0768890306353569,0.12778645753860474,0.3188497685255821
4514,91,13,-0.3,-0.1,-0.033931389451026917,0.13072602450847626,0.3521746781143515
4515,91,14,-0.3,-0.1,-0.12323541939258575,0.02515016496181488,0.21658319590237032
4516,91,15,-0.3,-0.1,-0.25819581747055054,0.08787911385297775,0.19247376730124993
4517,91,16,-0.3,-0.1,0.2247396558523178,0.3062102794647217,0.6635951307588206
4518,91,17,-0.3,-0.1,0.055818479508161545,0.21705952286720276,0.47658528239999004
4519,91,18,-0.3,-0.1,0.15991123020648956,0.27065908908843994,0.5906830791498252
4520,91,19,-0.3,-0.1,0.26183101534843445,0.23358842730522156,0.6534028838621879
4521,91,20,-0.3,-0.1,0.26306861639022827,0.3073200285434723,0.6949502661459028
4522,91,21,-0.3,-0.1,0.20289896428585052,0.33112961053848267,0.6624047926780459
4523,91,22,-0.3,-0.1,0.19020892679691315,0.26643940806388855,0.6120315610273659
4524,91,23,-0.3,-0.1,0.02638542279601097,0.18045924603939056,0.4303310735964976
4525,91,24,-0.3,-0.1,0.031823087483644485,0.12026318162679672,0.39827431572665795
4526,91,25,-0.3,-0.1,0.04963931068778038,0.14583174884319305,0.42741185795147163
4527,91,26,-0.3,-0.1,0.07799242436885834,0.16756407916545868,0.4631077729210631
4528,91,27,-0.3,-0.1,0.03305833414196968,0.1535850316286087,0.4186086743099172
4529,91,28,-0.3,-0.1,0.08894698321819305,0.23540328443050385,0.5135904194601987
4530,91,29,-0.3,-0.1,0.04458365961909294,0.17224498093128204,0.4391528527958813
4531,91,30,-0.3,-0.1,-0.18727368116378784,0.06720342487096786,0.20165368394092073
4532,91,31,-0.3,-0.1,0.005798626691102982,0.13689902424812317,0.3868254745694464
4533,91,32,-0.3,-0.1,-0.0226251520216465,0.11537004262208939,0.35117098620195736
4534,91,33,-0.3,-0.1,-0.061228085309267044,0.0701514407992363,0.29319539568542796
4535,91,34,-0.3,-0.1,0.01971922442317009,0.17221517860889435,0.41990652046714594
4536,91,35,-0.3,-0.1,0.12768259644508362,0.2165452092885971,0.532083896416317
4537,91,36,-0.3,-0.1,0.05316493287682533,0.16310879588127136,0.44039948715227295
4538,91,37,-0.3,-0.1,0.09620840847492218,0.21183206140995026,0.5042026749923187
4539,91,38,-0.3,-0.1,0.0034550167620182037,0.1877434253692627,0.41818802713764197
4540,91,39,-0.3,-0.1,-0.13014213740825653,0.02712370455265045,0.21216062250904424
4541,91,40,-0.3,-0.1,-0.0032817497849464417,0.17345336079597473,0.4035076957646491
4542,91,41,-0.3,-0.1,-0.006424058228731155,0.09717871993780136,0.35364711391894227
4543,91,42,-0.3,-0.1,-0.044518470764160156,0.08782517164945602,0.31709479164097115
4544,91,43,-0.3,-0.1,-0.2067909687757492,0.09576279670000076,0.21682019295621244
4545,91,44,-0.3,-0.1,-0.05454346165060997,0.13316717743873596,0.3385496194846666
4546,91,45,-0.3,-0.1,0.021820086985826492,0.1867493838071823,0.4310375592699129
4547,91,46,-0.3,-0.1,-0.043194614350795746,0.13070037961006165,0.3452125015851295
4548,91,47,-0.3,-0.1,-0.11955483257770538,0.09918186813592911,0.26876360438158026
4549,91,48,-0.3,-0.1,0.15241871774196625,0.24927131831645966,0.5715532783230296
4550,92,0,-0.2,-0.1,-0.08941799402236938,-0.14299048483371735,0.11864468733270284
4551,92,1,-0.2,-0.1,-0.0047009773552417755,-0.09472872316837311,0.19537014768237607
4552,92,2,-0.2,-0.1,0.0033233873546123505,-0.07352355122566223,0.2050400014266823
4553,92,3,-0.2,-0.1,0.0535413883626461,-0.023975929245352745,0.2646939646969038
4554,92,4,-0.2,-0.1,-0.017769481986761093,-0.09812893718481064,0.18224012338514198
4555,92,5,-0.2,-0.1,0.029299285262823105,-0.10297080129384995,0.2293185293044787
4556,92,6,-0.2,-0.1,-0.052641432732343674,-0.13665518164634705,0.15184910170528865
4557,92,7,-0.2,-0.1,-0.16932637989521027,-0.16678093373775482,0.07348853026982756
4558,92,8,-0.2,-0.1,0.06465278565883636,-0.07881893962621689,0.2654990287657185
4559,92,9,-0.2,-0.1,0.009515304118394852,-0.05909620225429535,0.21347080205462526
4560,92,10,-0.2,-0.1,-0.12127994000911713,-0.08889085799455643,0.07950006843434357
4561,92,11,-0.2,-0.1,0.03710949793457985,-0.0585792250931263,0.2407002172925368
4562,92,12,-0.2,-0.1,0.06106901541352272,-0.011871762573719025,0.2755424051590773
4563,92,13,-0.2,-0.1,0.006377968937158585,-0.06098352372646332,0.21003369130553853
4564,92,14,-0.2,-0.1,0.03136775270104408,-0.10058126598596573,0.23136848285814113
4565,92,15,-0.2,-0.1,0.002984914928674698,-0.11514989286661148,0.20354949015527185
4566,92,16,-0.2,-0.1,-0.15924599766731262,-0.17454005777835846,0.08495356919949688
4567,92,17,-0.2,-0.1,-0.14188233017921448,-0.08777336776256561,0.05938984830143377
4568,92,18,-0.2,-0.1,-0.035038772970438004,-0.10877873748540878,0.16519465080606097
4569,92,19,-0.2,-0.1,-0.0007351227104663849,-0.07934857159852982,0.20033215622119666
4570,92,20,-0.2,-0.1,-0.04777573049068451,-0.11512713879346848,0.15297404536626985
4571,92,21,-0.2,-0.1,0.04660655930638313,-0.08180805295705795,0.24727665079854563
4572,92,22,-0.2,-0.1,0.004960838705301285,-0.08159653097391129,0.20578540539837792
4573,92,23,-0.2,-0.1,-0.0001823417842388153,-0.07532096654176712,0.20133591638667786
4574,92,24,-0.2,-0.1,-0.006134349852800369,-0.07078462094068527,0.19605465738047606
4575,92,25,-0.2,-0.1,-0.10585874319076538,-0.14022868871688843,0.10237638218604217
4576,92,26,-0.2,-0.1,-0.10073878616094589,-0.09087728708982468,0.09967954887359748
4577,92,27,-0.2,-0.1,0.02206588163971901,-0.07681705802679062,0.22327271348500893
4578,92,28,-0.2,-0.1,-0.12087209522724152,-0.09561894834041595,0.07924909417381805
4579,92,29,-0.2,-0.1,-0.14330852031707764,-0.09246532618999481,0.057189991939695
4580,92,30,-0.2,-0.1,-0.030866699293255806,-0.13919273018836975,0.1736149288153997
4581,92,31,-0.2,-0.1,0.007050413638353348,-0.10268183052539825,0.20706778117993194
4582,92,32,-0.2,-0.1,-0.0877627432346344,-0.10342922061681747,0.11228963157947137
4583,92,33,-0.2,-0.1,-0.09724801778793335,-0.12917686998844147,0.10681413572571413
4584,92,34,-0.2,-0.1,-0.04264913499355316,-0.12299859523773193,0.15902273454190782
4585,92,35,-0.2,-0.1,-0.15729239583015442,-0.09945796430110931,0.04271104373141781
4586,92,36,-0.2,-0.1,-0.13887034356594086,-0.14907221496105194,0.07838952211188559
4587,92,37,-0.2,-0.1,0.03348202630877495,-0.08452025800943375,0.23399461323147158
4588,92,38,-0.2,-0.1,-0.052710700780153275,-0.13870157301425934,0.15228903249561865
4589,92,39,-0.2,-0.1,0.09410519897937775,0.004177998285740614,0.3120110949846546
4590,92,40,-0.2,-0.1,-0.023801639676094055,-0.10719305276870728,0.17634512238495967
4591,92,41,-0.2,-0.1,0.07255500555038452,-0.023478932678699493,0.2830931026969063
4592,92,42,-0.2,-0.1,0.047444235533475876,-0.03406868875026703,0.25607730766675807
4593,92,43,-0.2,-0.1,-0.026882540434598923,-0.17000114917755127,0.18673461300079336
4594,92,44,-0.2,-0.1,0.04599054530262947,-0.0555131733417511,0.24998085151548327
4595,92,45,-0.2,-0.1,-0.1220291331410408,-0.11856593936681747,0.0801507965232404
4596,92,46,-0.2,-0.1,0.0036920346319675446,-0.0723634883761406,0.20555831714442105
4597,92,47,-0.2,-0.1,0.03073301538825035,-0.06440473347902298,0.23346251816695107
4598,92,48,-0.2,-0.1,0.004979696124792099,-0.059746284037828445,0.20889480001229158
4599,92,49,-0.2,-0.1,-0.03983791545033455,-0.09566707909107208,0.16022068384230922
4600,93,0,-0.1,-0.1,-0.11116857826709747,-0.2826469838619232,0.1829881358295284
4601,93,1,-0.1,-0.1,-0.1196698546409607,-0.2971350848674774,0.1981139693896017
4602,93,2,-0.1,-0.1,-0.11683840304613113,-0.2837583124637604,0.1845281800069381
4603,93,3,-0.1,-0.1,-0.11066041886806488,-0.31229445338249207,0.21256194266004838
4604,93,4,-0.1,-0.1,-0.1126340851187706,-0.28751635551452637,0.18794149007666877
4605,93,5,-0.1,-0.1,-0.04210209846496582,-0.33957159519195557,0.24646848931451407
4606,93,6,-0.1,-0.1,-0.11853224039077759,-0.3067668378353119,0.20759568676231144
4607,93,7,-0.1,-0.1,-0.12238109111785889,-0.2788863182067871,0.18028096982545272
4608,93,8,-0.1,-0.1,-0.09792543202638626,-0.3275044560432434,0.22751391463338944
4609,93,9,-0.1,-0.1,-0.08720962703227997,-0.3384895920753479,0.23883232438034685
4610,93,10,-0.1,-0.1,-0.10616211593151093,-0.29560586810112,0.19570290572279742
4611,93,11,-0.1,-0.1,-0.11771956086158752,-0.2896095812320709,0.19043575329262308
4612,93,12,-0.1,-0.1,-0.11759926378726959,-0.2656342089176178,0.1665665790295849
4613,93,13,-0.1,-0.1,-0.09141390025615692,-0.2980925142765045,0.19827850443554987
4614,93,14,-0.1,-0.1,-0.08811497688293457,-0.3388436436653137,0.23913916428267565
4615,93,15,-0.1,-0.1,-0.05974137783050537,-0.354049414396286,0.25721948140465956
4616,93,16,-0.1,-0.1,-0.13929162919521332,-0.32866084575653076,0.2320120999148667
4617,93,17,-0.1,-0.1,-0.034268565475940704,-0.27855896949768066,0.1902732957423725
4618,93,18,-0.1,-0.1,-0.11705927550792694,-0.2750639021396637,0.17589311729917434
4619,93,19,-0.1,-0.1,-0.08791221678256989,-0.31488701701164246,0.2152267283198662
4620,93,20,-0.1,-0.1,-0.007564369589090347,-0.32255199551582336,0.24098492998014906
4621,93,21,-0.1,-0.1,-0.056876290589571,-0.3618859350681305,0.2654126924241269
4622,93,22,-0.1,-0.1,-0.04591304063796997,-0.36569735407829285,0.2711466081979187
4623,93,23,-0.1,-0.1,-0.05800904333591461,-0.31734731793403625,0.22136643163470865
4624,93,24,-0.1,-0.1,0.036413658410310745,-0.3942762315273285,0.3243565732998343
4625,93,25,-0.1,-0.1,-0.09429679811000824,-0.30731284618377686,0.20739127923954837
4626,93,26,-0.1,-0.1,-0.12357388436794281,-0.29158708453178406,0.1930319636318869
4627,93,27,-0.1,-0.1,-0.14015476405620575,-0.3171215057373047,0.22080342689832505
4628,93,28,-0.1,-0.1,-0.04967528209090233,-0.3567490875720978,0.2616346139212757
4629,93,29,-0.1,-0.1,-0.07800005376338959,-0.346842885017395,0.24782132175848923
4630,93,30,-0.1,-0.1,-0.08212260901927948,-0.34015223383903503,0.24081672808622764
4631,93,31,-0.1,-0.1,-0.10139350593090057,-0.32993045449256897,0.22993467716275157
4632,93,32,-0.1,-0.1,-0.09956003725528717,-0.3172898292541504,0.21729027466620443
4633,93,33,-0.1,-0.1,-0.10761826485395432,-0.3055083453655243,0.20564950273283086
4634,93,34,-0.1,-0.1,-0.09916967898607254,-0.2654307782649994,0.16543286200253432
4635,93,35,-0.1,-0.1,-0.08546212315559387,-0.3264531195163727,0.2269192922645399
4636,93,36,-0.1,-0.1,-0.12134763598442078,-0.29319900274276733,0.19437483433542305
4637,93,37,-0.1,-0.1,-0.13425777852535248,-0.28291386365890503,0.18609426887499947
4638,93,38,-0.1,-0.1,-0.11602754145860672,-0.26693060994148254,0.167698272563085
4639,93,39,-0.1,-0.1,-0.11775486916303635,-0.30110418796539307,0.20188642796437972
4640,93,40,-0.1,-0.1,-0.08659844845533371,-0.33093610405921936,0.23132463280389085
4641,93,41,-0.1,-0.1,-0.027090590447187424,-0.3661485016345978,0.27595435659485656
4642,93,42,-0.1,-0.1,-0.115252785384655,-0.2775592803955078,0.17821320241935196
4643,93,43,-0.1,-0.1,-0.0945991724729538,-0.3265131413936615,0.22657751910108334
4644,93,44,-0.1,-0.1,-0.07180164009332657,-0.35024088621139526,0.2518246386541451
4645,93,45,-0.1,-0.1,-0.09151655435562134,-0.3354252576828003,0.23557805671372292
4646,93,46,-0.1,-0.1,-0.11788715422153473,-0.2857603132724762,0.18661951739631485
4647,93,47,-0.1,-0.1,-0.1085965633392334,-0.30593693256378174,0.20611628051909203
4648,93,48,-0.1,-0.1,-0.10538072884082794,-0.32218241691589355,0.22224756158267847
4649,93,49,-0.1,-0.1,-0.10075636953115463,-0.31231939792633057,0.21232074517264476
4650,94,0,0.0,-0.1,-0.18100078403949738,-0.19332915544509888,0.20364580790924275
4651,94,1,0.0,-0.1,-0.18714655935764313,-0.21320706605911255,0.2187228257066832
4652,94,2,0.0,-0.1,-0.16043666005134583,-0.22646208107471466,0.204285535068391
4653,94,3,0.0,-0.1,-0.1414966881275177,-0.22793595492839813,0.19075880402879739
4654,94,4,0.0,-0.1,-0.13347335159778595,-0.21860799193382263,0.17855808953200614
4655,94,5,0.0,-0.1,-0.1558244377374649,-0.22137148678302765,0.19751529864828124
4656,94,6,0.0,-0.1,-0.18327638506889343,-0.20520465075969696,0.21132499110467534
4657,94,7,0.0,-0.1,-0.18031500279903412,-0.18611302971839905,0.19982230636667558
4658,94,8,0.0,-0.1,-0.18697628378868103,-0.19601744413375854,0.21018915356745893
4659,94,9,0.0,-0.1,-0.17524977028369904,-0.21081779897212982,0.20734769483530957
4660,94,10,0.0,-0.1,-0.15426136553287506,-0.22970451414585114,0.20154361782472446
4661,94,11,0.0,-0.1,-0.132289320230484,-0.22399334609508514,0.18131413106236124
4662,94,12,0.0,-0.1,-0.13960014283657074,-0.22147004306316376,0.1850491049471945
4663,94,13,0.0,-0.1,-0.16782788932323456,-0.2270471155643463,0.21049268397716875
4664,94,14,0.0,-0.1,-0.17997758090496063,-0.1941278576850891,0.20310584240928678
4665,94,15,0.0,-0.1,-0.1756598949432373,-0.18366624414920807,0.19456731252063914
4666,94,16,0.0,-0.1,-0.18196026980876923,-0.19263365864753723,0.20418260088290713
4667,94,17,0.0,-0.1,-0.16878533363342285,-0.23103640973567963,0.21367973588097391
4668,94,18,0.0,-0.1,-0.13857418298721313,-0.22719207406044006,0.18809738938743967
4669,94,19,0.0,-0.1,-0.12772557139396667,-0.22800831496715546,0.18083127574799043
4670,94,20,0.0,-0.1,-0.14687807857990265,-0.22995686531066895,0.1961172017154523
4671,94,21,0.0,-0.1,-0.16753116250038147,-0.22254790365695953,0.2075684925499163
4672,94,22,0.0,-0.1,-0.1805678755044937,-0.19487324357032776,0.20397472885080906
4673,94,23,0.0,-0.1,-0.18538282811641693,-0.20030243694782257,0.21077801549998734
4674,94,24,0.0,-0.1,-0.17843572795391083,-0.2150881439447403,0.21233132102232902
4675,94,25,0.0,-0.1,-0.15659497678279877,-0.22290325164794922,0.1990658082626055
4676,94,26,0.0,-0.1,-0.13425692915916443,-0.2274831086397171,0.18514012535291968
4677,94,27,0.0,-0.1,-0.1393960565328598,-0.22944281995296478,0.19022803214638978
4678,94,28,0.0,-0.1,-0.14911343157291412,-0.22120949625968933,0.19216284099424058
4679,94,29,0.0,-0.1,-0.17375923693180084,-0.21281911432743073,0.20717245226319927
4680,94,30,0.0,-0.1,-0.17901396751403809,-0.1885843575000763,0.19973279389929538
4681,94,31,0.0,-0.1,-0.17501135170459747,-0.18353845179080963,0.19392690930625314
4682,94,32,0.0,-0.1,-0.1741969883441925,-0.20836001634597778,0.20514990589977689
4683,94,33,0.0,-0.1,-0.1545085310935974,-0.22504264116287231,0.19876757353675173
4684,94,34,0.0,-0.1,-0.14301741123199463,-0.22131268680095673,0.1875386570666658
4685,94,35,0.0,-0.1,-0.1404903382062912,-0.21677452325820923,0.18268504156471085
4686,94,36,0.0,-0.1,-0.1661897897720337,-0.22677575051784515,0.20902425013341316
4687,94,37,0.0,-0.1,-0.1781271994113922,-0.2029162049293518,0.20572079235509041
4688,94,38,0.0,-0.1,-0.17684422433376312,-0.1851220428943634,0.1962642144322805
4689,94,39,0.0,-0.1,-0.17617329955101013,-0.20161868631839752,0.20337991268502112
4690,94,40,0.0,-0.1,-0.16596825420856476,-0.22508463263511658,0.20782595296666112
4691,94,41,0.0,-0.1,-0.14064829051494598,-0.224423348903656,0.18778474745617005
4692,94,42,0.0,-0.1,-0.12859465181827545,-0.22385463118553162,0.1785400631297288
4693,94,43,0.0,-0.1,-0.14221444725990295,-0.2296455055475235,0.1924393569884099
4694,94,44,0.0,-0.1,-0.15637297928333282,-0.21478484570980072,0.19397955937306485
4695,94,45,0.0,-0.1,-0.17018549144268036,-0.20138701796531677,0.1980970189313461
4696,94,46,0.0,-0.1,-0.1792137324810028,-0.19398654997348785,0.20236361700091093
4697,94,47,0.0,-0.1,-0.16924108564853668,-0.21991650760173798,0.20741869218296843
4698,94,48,0.0,-0.1,-0.14902861416339874,-0.226241797208786,0.19531133915358684
4699,94,49,0.0,-0.1,-0.13118590414524078,-0.2319301813840866,0.18605191266536955
4700,95,0,0.1,-0.1,0.023867417126893997,-0.12153205275535583,0.07911889452456841
4701,95,1,0.1,-0.1,0.0344959981739521,-0.10249132663011551,0.06555136126431556
4702,95,2,0.1,-0.1,0.012134026736021042,-0.14781005680561066,0.10003114909557914
4703,95,3,0.1,-0.1,0.014649253338575363,-0.12729018926620483,0.08960750183912043
4704,95,4,0.1,-0.1,0.02749265357851982,-0.10020624101161957,0.07250763973844004
4705,95,5,0.1,-0.1,0.033103685826063156,-0.10926251113414764,0.06753451682338649
4706,95,6,0.1,-0.1,0.028866436332464218,-0.09636044502258301,0.07122661188402134
4707,95,7,0.1,-0.1,0.026279930025339127,-0.09438684582710266,0.07393345803381317
4708,95,8,0.1,-0.1,0.024423640221357346,-0.12634138762950897,0.08003533506919856
4709,95,9,0.1,-0.1,0.031050700694322586,-0.10173135995864868,0.0689710336449317
4710,95,10,0.1,-0.1,0.012082841247320175,-0.12387905269861221,0.09110233784556249
4711,95,11,0.1,-0.1,-0.0038027726113796234,-0.13790318369865417,0.11050641129049349
4712,95,12,0.1,-0.1,0.018264833837747574,-0.13498617708683014,0.08890821095220651
4713,95,13,0.1,-0.1,0.02520597353577614,-0.11436250060796738,0.07616053977254154
4714,95,14,0.1,-0.1,0.014025527983903885,-0.126499742269516,0.08996580560856034
4715,95,15,0.1,-0.1,0.024201463907957077,-0.13359719514846802,0.08291073269210071
4716,95,16,0.1,-0.1,0.0155160091817379,-0.12401037663221359,0.08782962421985502
4717,95,17,0.1,-0.1,0.017282281070947647,-0.12352696806192398,0.08599848400415264
4718,95,18,0.1,-0.1,0.020931240171194077,-0.1419917494058609,0.08952751420111034
4719,95,19,0.1,-0.1,0.008625607937574387,-0.11679008603096008,0.09290417920473175
4720,95,20,0.1,-0.1,0.021362338215112686,-0.12747542560100555,0.08329934491309472
4721,95,21,0.1,-0.1,0.02936069294810295,-0.11095679551362991,0.07148400568448646
4722,95,22,0.1,-0.1,0.027539212256669998,-0.10944421589374542,0.0730736544469455
4723,95,23,0.1,-0.1,0.00366051122546196,-0.16740670800209045,0.11757959593831928
4724,95,24,0.1,-0.1,-0.00738944485783577,-0.1446043848991394,0.11628432404715919
4725,95,25,0.1,-0.1,0.03889140859246254,-0.11485033482313156,0.06288714008581146
4726,95,26,0.1,-0.1,0.006913039833307266,-0.12727820873260498,0.09700145784850352
4727,95,27,0.1,-0.1,-0.008837368339300156,-0.13819758594036102,0.11534569050768981
4728,95,28,0.1,-0.1,0.02112741395831108,-0.11973446607589722,0.08130396042139866
4729,95,29,0.1,-0.1,0.02663368359208107,-0.09879468381404877,0.07337621665345653
4730,95,30,0.1,-0.1,0.0293068028986454,-0.09134826809167862,0.07122064715673705
4731,95,31,0.1,-0.1,0.02492569014430046,-0.09904447942972183,0.07508039038170893
4732,95,32,0.1,-0.1,0.02896924689412117,-0.10107634961605072,0.07103890775683624
4733,95,33,0.1,-0.1,0.022619884461164474,-0.10333557426929474,0.0774519743874197
4734,95,34,0.1,-0.1,0.024349715560674667,-0.11186859756708145,0.07657564328139961
4735,95,35,0.1,-0.1,0.03320390358567238,-0.11351631581783295,0.0681499030775507
4736,95,36,0.1,-0.1,0.02248445525765419,-0.11383474618196487,0.07874045896883004
4737,95,37,0.1,-0.1,0.0235973559319973,-0.10473546385765076,0.07654925628984925
4738,95,38,0.1,-0.1,0.024866830557584763,-0.12134653329849243,0.07810677073292895
4739,95,39,0.1,-0.1,0.023536141961812973,-0.11931979656219482,0.07886682525174077
4740,95,40,0.1,-0.1,0.027251508086919785,-0.10309794545173645,0.0728144239944905
4741,95,41,0.1,-0.1,0.024499770253896713,-0.10754096508026123,0.07587589107256731
4742,95,42,0.1,-0.1,0.02679688110947609,-0.10478388518095016,0.07335926780390256
4743,95,43,0.1,-0.1,0.023372333496809006,-0.10199785977602005,0.07665370648187143
4744,95,44,0.1,-0.1,0.030049238353967667,-0.1113044023513794,0.07085829921316134
4745,95,45,0.1,-0.1,0.03335047885775566,-0.10902274399995804,0.06725747971623122
4746,95,46,0.1,-0.1,0.03501975163817406,-0.10258978605270386,0.0650318358111115
4747,95,47,0.1,-0.1,0.028669830411672592,-0.10949373990297318,0.07195918420080132
4748,95,48,0.1,-0.1,0.020405251532793045,-0.12697622179985046,0.0840418974449808
4749,95,49,0.1,-0.1,0.02059337869286537,-0.12207066267728806,0.0824167801993582
4750,96,0,0.2,-0.1,0.03357396647334099,-0.03897961974143982,0.17726001083807907
4751,96,1,0.2,-0.1,0.023362617939710617,-0.04351349174976349,0.18544942802666362
4752,96,2,0.2,-0.1,-0.05135732889175415,-0.1285928189754486,0.25297837078406576
4753,96,3,0.2,-0.1,0.026757296174764633,-0.01736782304942608,0.1919403842245534
4754,96,4,0.2,-0.1,0.03622797504067421,-0.03763917461037636,0.1752431131387284
4755,96,5,0.2,-0.1,-0.007266722619533539,-0.0983838438987732,0.20727302348831164
4756,96,6,0.2,-0.1,0.013032827526330948,-0.08990553021430969,0.18723947741609656
4757,96,7,0.2,-0.1,0.01416022703051567,-0.06334303319454193,0.1894205755263296
4758,96,8,0.2,-0.1,0.002026129513978958,-0.03275871276855469,0.20908142936128396
4759,96,9,0.2,-0.1,0.005043681710958481,-0.07922419905662537,0.19606019469962993
4760,96,10,0.2,-0.1,0.011837515980005264,-0.0796816274523735,0.18925632527225852
4761,96,11,0.2,-0.1,0.017674434930086136,-0.05961637943983078,0.18674433990782993
4762,96,12,0.2,-0.1,0.019305717200040817,-0.06054886430501938,0.18495084737360734
4763,96,13,0.2,-0.1,0.011067766696214676,-0.08338231593370438,0.18966163609144363
4764,96,14,0.2,-0.1,0.017835717648267746,-0.03993753343820572,0.19181065052339583
4765,96,15,0.2,-0.1,0.012981165200471878,-0.06856995075941086,0.18964148429349273
4766,96,16,0.2,-0.1,0.013133827596902847,-0.08120333403348923,0.18780916122500685
4767,96,17,0.2,-0.1,0.01241307333111763,-0.039271846413612366,0.1971719140625473
4768,96,18,0.2,-0.1,0.019818153232336044,-0.0872751995921135,0.18063061326925314
4769,96,19,0.2,-0.1,0.01628648117184639,-0.06940305978059769,0.1862440059465325
4770,96,20,0.2,-0.1,0.01981712505221367,-0.021129870787262917,0.1966884991718719
4771,96,21,0.2,-0.1,0.01857752725481987,-0.044256992638111115,0.18979303592788443
4772,96,22,0.2,-0.1,0.002110939472913742,-0.10051079839468002,0.1978897197716264
4773,96,23,0.2,-0.1,0.019060257822275162,-0.0931723415851593,0.18106851526085724
4774,96,24,0.2,-0.1,0.018673013895750046,-0.07023956626653671,0.18375298448094582
4775,96,25,0.2,-0.1,0.033609237521886826,-0.09052156656980515,0.16666051283473993
4776,96,26,0.2,-0.1,0.020418237894773483,-0.08700886368751526,0.18005104527191096
4777,96,27,0.2,-0.1,0.026668045669794083,-0.05470795929431915,0.1791517104110749
4778,96,28,0.2,-0.1,0.029786232858896255,-0.07265603542327881,0.17239611052207318
4779,96,29,0.2,-0.1,0.0070286281406879425,-0.07844368368387222,0.19417163832647097
4780,96,30,0.2,-0.1,0.00776030495762825,-0.04752844199538231,0.19927208723104212
4781,96,31,0.2,-0.1,-0.004349935799837112,-0.06767771393060684,0.20689037299533597
4782,96,32,0.2,-0.1,-0.0066351816058158875,-0.09751365333795547,0.20665013960070866
4783,96,33,0.2,-0.1,0.030634205788373947,-0.03525017946958542,0.18132101783206428
4784,96,34,0.2,-0.1,0.045288991183042526,-0.03831860423088074,0.166553567458603
4785,96,35,0.2,-0.1,-0.007365766912698746,-0.1019262969493866,0.20737471376045086
4786,96,36,0.2,-0.1,0.011778634041547775,-0.051483266055583954,0.1943737535674476
4787,96,37,0.2,-0.1,0.01646767184138298,-0.04034699872136116,0.19298340871917352
4788,96,38,0.2,-0.1,0.01200350746512413,-0.0894104540348053,0.18829450254631602
4789,96,39,0.2,-0.1,0.02533746138215065,-0.07285249978303909,0.17675969326874724
4790,96,40,0.2,-0.1,-0.11533761769533157,-0.10406256467103958,0.31536378607169446
4791,96,41,0.2,-0.1,0.033771682530641556,-0.08906448632478714,0.1665876315577918
4792,96,42,0.2,-0.1,0.05495280399918556,-0.09078382700681686,0.14533969489557544
4793,96,43,0.2,-0.1,0.024768318980932236,-0.07641222327947617,0.17681211848565584
4794,96,44,0.2,-0.1,0.023859258741140366,-0.05886101722717285,0.18088111187960867
4795,96,45,0.2,-0.1,0.0131843201816082,-0.08432262390851974,0.18747234021882161
4796,96,46,0.2,-0.1,0.021151181310415268,-0.03915368765592575,0.1889157846039674
4797,96,47,0.2,-0.1,0.02115698531270027,-0.0497392937541008,0.1857712639101599
4798,96,48,0.2,-0.1,0.030298609286546707,-0.04992489144206047,0.176935238172529
4799,96,49,0.2,-0.1,0.02328052744269371,-0.041015349328517914,0.18630341112220491
4800,97,0,0.3,-0.1,-0.06097421422600746,-0.24727869033813477,0.38986330420263937
4801,97,1,0.3,-0.1,-0.0799403190612793,-0.23131506145000458,0.40199289970347135
4802,97,2,0.3,-0.1,-0.07334177941083908,-0.24439267814159393,0.40029155593711135
4803,97,3,0.3,-0.1,-0.25434815883636475,-0.20112280547618866,0.5634959653738815
4804,97,4,0.3,-0.1,-0.10336964577436447,-0.2767813503742218,0.4404074442743556
4805,97,5,0.3,-0.1,-0.07062132656574249,-0.2714100182056427,0.4083400078936786
4806,97,6,0.3,-0.1,-0.16937384009361267,-0.25971129536628723,0.4958018753814892
4807,97,7,0.3,-0.1,-0.09028115123510361,-0.24832375347614288,0.417515643844215
4808,97,8,0.3,-0.1,-0.07055661082267761,-0.26601073145866394,0.406044042911394
4809,97,9,0.3,-0.1,-0.099002406001091,-0.28008294105529785,0.43775882133177546
4810,97,10,0.3,-0.1,-0.05720048025250435,-0.2502371668815613,0.3875092120262663
4811,97,11,0.3,-0.1,-0.11467550694942474,-0.23219047486782074,0.4352356806484762
4812,97,12,0.3,-0.1,-0.14927177131175995,-0.21704916656017303,0.46426892195153174
4813,97,13,0.3,-0.1,-0.07811610400676727,-0.22510023415088654,0.39827359527573886
4814,97,14,0.3,-0.1,-0.11580759286880493,-0.23944857716560364,0.43856796504174944
4815,97,15,0.3,-0.1,-0.1372043341398239,-0.2598058581352234,0.46549494313577877
4816,97,16,0.3,-0.1,-0.11231069266796112,-0.21527591347694397,0.4281222296450837
4817,97,17,0.3,-0.1,-0.0352928563952446,-0.24616388976573944,0.365766567937986
4818,97,18,0.3,-0.1,-0.06656960397958755,-0.23091547191143036,0.38924559772403866
4819,97,19,0.3,-0.1,-0.02100464701652527,-0.24539348483085632,0.35239643703854956
4820,97,20,0.3,-0.1,-0.15936656296253204,-0.2273375391960144,0.4766890895085668
4821,97,21,0.3,-0.1,-0.14990490674972534,-0.24162687361240387,0.47167000799998177
4822,97,22,0.3,-0.1,-0.02628449723124504,-0.2162572741508484,0.34637743420498956
4823,97,23,0.3,-0.1,-0.0536283515393734,-0.24881337583065033,0.3836644782079376
4824,97,24,0.3,-0.1,-0.11108897626399994,-0.23193396627902985,0.43174149425773256
4825,97,25,0.3,-0.1,-0.06409333646297455,-0.26001930236816406,0.3977060909605669
4826,97,26,0.3,-0.1,-0.07819630950689316,-0.23595726490020752,0.40189156050330155
4827,97,27,0.3,-0.1,-0.14194951951503754,-0.22240959107875824,0.45858858008855974
4828,97,28,0.3,-0.1,-0.1325206309556961,-0.21291802823543549,0.4470174239365755
4829,97,29,0.3,-0.1,-0.05197204276919365,-0.26618388295173645,0.3892318099077149
4830,97,30,0.3,-0.1,-0.08093209564685822,-0.22955968976020813,0.4023617460751811
4831,97,31,0.3,-0.1,-0.12553651630878448,-0.24668769538402557,0.4501095496535183
4832,97,32,0.3,-0.1,-0.07170816510915756,-0.22606612741947174,0.39250430378705303
4833,97,33,0.3,-0.1,-0.1333647519350052,-0.24330087006092072,0.45644292915972035
4834,97,34,0.3,-0.1,-0.12436282634735107,-0.24417738616466522,0.4481862638086837
4835,97,35,0.3,-0.1,-0.14495722949504852,-0.24670742452144623,0.4685189478448285
4836,97,36,0.3,-0.1,-0.09319093823432922,-0.22582513093948364,0.41283298982219224
4837,97,37,0.3,-0.1,-0.13840284943580627,-0.24599125981330872,0.46207197094750424
4838,97,38,0.3,-0.1,-0.2532161772251129,-0.20738717913627625,0.5635424961672494
4839,97,39,0.3,-0.1,-0.11630142480134964,-0.23367750644683838,0.43723740922006926
4840,97,40,0.3,-0.1,-0.09980243444442749,-0.2382650375366211,0.4230357043946692
4841,97,41,0.3,-0.1,-0.06420865654945374,-0.23381929099559784,0.38801488134879886
4842,97,42,0.3,-0.1,-0.10527775436639786,-0.22875487804412842,0.4252386116105036
4843,97,43,0.3,-0.1,-0.09456805139780045,-0.23096904158592224,0.4157364995255917
4844,97,44,0.3,-0.1,-0.14891673624515533,-0.21628130972385406,0.46373222776953643
4845,97,45,0.3,-0.1,-0.07247096300125122,-0.22933664917945862,0.3942874422297137
4846,97,46,0.3,-0.1,-0.07372486591339111,-0.245942622423172,0.40121007519968227
4847,97,47,0.3,-0.1,-0.12047268450260162,-0.21533837914466858,0.436004839556333
4848,97,48,0.3,-0.1,-0.1439705491065979,-0.21640263497829437,0.45897649384680267
4849,97,49,0.3,-0.1,-0.13579510152339935,-0.24168755114078522,0.4582496401090377
4850,98,0,0.4,-0.1,0.015081290155649185,-0.12676367163658142,0.3858480365476936
4851,98,1,0.4,-0.1,0.0376623310148716,-0.12950658798217773,0.3635371027830949
4852,98,2,0.4,-0.1,0.005432482808828354,-0.17325983941555023,0.40131101367094046
4853,98,3,0.4,-0.1,0.032937269657850266,-0.1535532921552658,0.3709487877145591
4854,98,4,0.4,-0.1,0.008201230317354202,-0.15549170970916748,0.395708991269192
4855,98,5,0.4,-0.1,0.012000907212495804,-0.1315605342388153,0.3892805714717416
4856,98,6,0.4,-0.1,0.011819761246442795,-0.15321499109268188,0.3918108383337078
4857,98,7,0.4,-0.1,0.030256804078817368,-0.12000185996294022,0.3702838172699249
4858,98,8,0.4,-0.1,0.033834945410490036,-0.11904308944940567,0.36665990571416024
4859,98,9,0.4,-0.1,0.04089068993926048,-0.13607528805732727,0.36091678124010734
4860,98,10,0.4,-0.1,0.05135097727179527,-0.14981091022491455,0.3521892500159065
4861,98,11,0.4,-0.1,0.0387527234852314,-0.16122785210609436,0.36639929675541605
4862,98,12,0.4,-0.1,0.02089475467801094,-0.15033158659934998,0.3824317659926453
4863,98,13,0.4,-0.1,0.038038138300180435,-0.12000378221273422,0.36251419369179716
4864,98,14,0.4,-0.1,0.021527942270040512,-0.16241931915283203,0.38358476232229677
4865,98,15,0.4,-0.1,-0.02037997543811798,-0.15288899838924408,0.42369395782801783
4866,98,16,0.4,-0.1,0.00943906232714653,-0.14101770520210266,0.3927089229645096
4867,98,17,0.4,-0.1,-0.1198652982711792,-0.17501409351825714,0.5252495050668281
4868,98,18,0.4,-0.1,-0.023928482085466385,-0.18475660681724548,0.43231821650545876
4869,98,19,0.4,-0.1,0.029746588319540024,-0.17057070136070251,0.3769188410673598
4870,98,20,0.4,-0.1,0.05442279949784279,-0.1484382152557373,0.34895538712573176
4871,98,21,0.4,-0.1,0.07645688951015472,-0.14283479750156403,0.3263663037484787
4872,98,22,0.4,-0.1,0.044994231313467026,-0.13679249584674835,0.3569072478268677
4873,98,23,0.4,-0.1,0.04032859578728676,-0.11791680008172989,0.36011738465882714
4874,98,24,0.4,-0.1,0.039701271802186966,-0.14287689328193665,0.3628410141073803
4875,98,25,0.4,-0.1,0.03016773983836174,-0.12805241346359253,0.3708946461697689
4876,98,26,0.4,-0.1,-0.047050390392541885,-0.1574166864156723,0.4507224505492041
4877,98,27,0.4,-0.1,0.028862077742815018,-0.167485773563385,0.37722365643054356
4878,98,28,0.4,-0.1,0.07650730013847351,-0.14891618490219116,0.3271701698032463
4879,98,29,0.4,-0.1,0.04322930797934532,-0.1363445520401001,0.35861714006429246
4880,98,30,0.4,-0.1,0.09309343993663788,-0.10294124484062195,0.30692065347763514
4881,98,31,0.4,-0.1,0.04475603625178337,-0.13832643628120422,0.3573054568538822
4882,98,32,0.4,-0.1,-0.11536946892738342,-0.18617025017738342,0.5225236851264506
4883,98,33,0.4,-0.1,0.05143199488520622,-0.135011225938797,0.3503219092940726
4884,98,34,0.4,-0.1,0.08613854646682739,-0.12230677157640457,0.3146531488355357
4885,98,35,0.4,-0.1,-0.12346367537975311,-0.16786672174930573,0.5278447796114661
4886,98,36,0.4,-0.1,0.0612068735063076,-0.1267678290605545,0.33984893589944654
4887,98,37,0.4,-0.1,-0.14785698056221008,-0.17560385167598724,0.5530490154940939
4888,98,38,0.4,-0.1,0.025617655366659164,-0.15446636080741882,0.3783235710774066
4889,98,39,0.4,-0.1,0.039146099239587784,-0.13063041865825653,0.36215157081142907
4890,98,40,0.4,-0.1,-0.08804722130298615,-0.18649622797966003,0.4956527894365927
4891,98,41,0.4,-0.1,0.022896673530340195,-0.15817508101463318,0.38156422642268495
4892,98,42,0.4,-0.1,-0.1245623379945755,-0.1707405000925064,0.5293107450219324
4893,98,43,0.4,-0.1,0.05853169783949852,-0.1569245606660843,0.3461805988027091
4894,98,44,0.4,-0.1,0.08571179211139679,-0.16171129047870636,0.32028949559793113
4895,98,45,0.4,-0.1,0.016524966806173325,-0.1727307140827179,0.3903112320366768
4896,98,46,0.4,-0.1,-0.001922566443681717,-0.13882896304130554,0.40379380602918963
4897,98,47,0.4,-0.1,0.09260188043117523,-0.11888585984706879,0.30797772584492633
4898,98,48,0.4,-0.1,0.03554883226752281,-0.14830158650875092,0.3676379971124157
4899,99,0,0.5,-0.1,-0.1617988795042038,0.0032068672589957714,0.6697980399810346
4900,99,1,0.5,-0.1,-0.1343858540058136,0.0009509711526334286,0.6423678932974042
4901,99,2,0.5,-0.1,-0.1337859034538269,-0.008368726819753647,0.6403755629639661
4902,99,3,0.5,-0.1,-0.07982756197452545,-0.08009877055883408,0.580168993103382
4903,99,4,0.5,-0.1,0.1554996520280838,0.10364207625389099,0.40018818694929875
4904,99,5,0.5,-0.1,-0.0679568350315094,-0.01742248237133026,0.573928578201785
4905,99,6,0.5,-0.1,-0.1878850907087326,-0.029736265540122986,0.6914643088400221
4906,99,7,0.5,-0.1,-0.12026038765907288,-0.042212389409542084,0.6229465116980252
4907,99,8,0.5,-0.1,-0.07576388120651245,-0.09392868727445602,0.5757958906940882
4908,99,9,0.5,-0.1,-0.10957086831331253,-0.02177976630628109,0.6145689940562783
4909,99,10,0.5,-0.1,-0.20340114831924438,0.09743720293045044,0.7305851247854911
4910,99,11,0.5,-0.1,-0.07636979222297668,0.0021431627683341503,0.5853506326019267
4911,99,12,0.5,-0.1,-0.2770756781101227,-0.011475380510091782,0.7821017950152909
4912,99,13,0.5,-0.1,-0.08922372758388519,-0.062450110912323,0.5904189997945064
4913,99,14,0.5,-0.1,-0.28632766008377075,-0.044191136956214905,0.7883056629297154
4914,99,15,0.5,-0.1,-0.20609456300735474,-0.00392477260902524,0.7126008568804663
4915,99,16,0.5,-0.1,-0.25381845235824585,0.011605199426412582,0.7620354188978294
4916,99,17,0.5,-0.1,-0.1540016084909439,-0.05067308247089386,0.655859168344596
4917,99,18,0.5,-0.1,-0.14380498230457306,-0.059659991413354874,0.6450675712923122
4918,99,19,0.5,-0.1,-0.08055954426527023,-0.027098949998617172,0.585118746519715
4919,99,20,0.5,-0.1,-0.09963396191596985,-0.033230941742658615,0.6033398672585917
4920,99,21,0.5,-0.1,-0.06572415679693222,0.03481147065758705,0.5815650902559931
4921,99,22,0.5,-0.1,-0.11056385934352875,-0.06052691489458084,0.6118385005736432
4922,99,23,0.5,-0.1,-0.03637295961380005,-0.11644862592220306,0.5366251103886174
4923,99,24,0.5,-0.1,-0.22531504929065704,-0.10876047611236572,0.7253679526069673
4924,99,25,0.5,-0.1,-0.049555420875549316,0.0318029560148716,0.5651399648122227
4925,99,26,0.5,-0.1,-0.06185790151357651,-0.07757550477981567,0.5623052191462569
4926,99,27,0.5,-0.1,-0.09062870591878891,0.0006788778118789196,0.5991481492024844
4927,99,28,0.5,-0.1,-0.02295869216322899,-0.05311556160449982,0.525056134401586
4928,99,29,0.5,-0.1,-0.09388099610805511,0.01459774561226368,0.6048365736607773
4929,99,30,0.5,-0.1,-0.09726659953594208,-0.08432700484991074,0.5974722032849746
4930,99,31,0.5,-0.1,-0.13549932837486267,-0.005297096911817789,0.6425169540317447
4931,99,32,0.5,-0.1,-0.11388420313596725,-0.02707524597644806,0.6182004809196423
4932,99,33,0.5,-0.1,-0.11622121930122375,-0.07323219627141953,0.6168023236285177
4933,99,34,0.5,-0.1,-0.14480328559875488,0.03560975193977356,0.6589091606132945
4934,99,35,0.5,-0.1,-0.075086809694767,-0.08910289406776428,0.5751900430315214
4935,99,36,0.5,-0.1,-0.07313092797994614,-0.030802832916378975,0.5772930872092206
4936,99,37,0.5,-0.1,-0.07777461409568787,-0.08939757198095322,0.5778718856055554
4937,99,38,0.5,-0.1,-0.10341271758079529,-0.07536087185144424,0.6039155523532753
4938,99,39,0.5,-0.1,-0.22679899632930756,0.015919942408800125,0.7359851996564526
4939,99,40,0.5,-0.1,-0.044986236840486526,-0.08461790531873703,0.5452032714340022
4940,99,41,0.5,-0.1,-0.26868927478790283,-0.03880702704191208,0.7711211196131262
4941,99,42,0.5,-0.1,-0.02154211327433586,-0.06793241202831268,0.5225270386467882
4942,99,43,0.5,-0.1,-0.1413518637418747,-0.03831880912184715,0.6443110913474355
4943,99,44,0.5,-0.1,-0.06249425560235977,-0.08551189303398132,0.5626808090108563
4944,99,45,0.5,-0.1,-0.08302289247512817,-0.017908472567796707,0.5887739056940423
4945,99,46,0.5,-0.1,-0.37708431482315063,-0.03689206391572952,0.8793517537968591
4946,99,47,0.5,-0.1,-0.08292947709560394,-0.04718519374728203,0.5853171610558385
4947,99,48,0.5,-0.1,-0.14142394065856934,-0.05321260541677475,0.6431280836208711
4948,99,49,0.5,-0.1,-0.048519618809223175,-0.1138511449098587,0.5486944745793686
4949,100,0,-1.0,0.0,-0.5262939929962158,0.17736244201660156,0.5058209336411074
4950,100,1,-1.0,0.0,-0.44572797417640686,0.1757584810256958,0.5814709986431393
4951,100,2,-1.0,0.0,-0.5102930068969727,0.1722661703824997,0.519122887717601
4952,100,3,-1.0,0.0,-0.48037707805633545,0.18743553757667542,0.5523948422604333
4953,100,4,-1.0,0.0,-0.4904487133026123,0.1895710676908493,0.5436724229537598
4954,100,5,-1.0,0.0,-0.4709480404853821,0.13687624037265778,0.5464714823710479
4955,100,6,-1.0,0.0,-0.45659250020980835,0.19609342515468597,0.5777061036696112
4956,100,7,-1.0,0.0,-0.5849949717521667,0.13564835488796234,0.43661155465103696
4957,100,8,-1.0,0.0,-0.5467097759246826,0.18119436502456665,0.4881633181210028
4958,100,9,-1.0,0.0,-0.5283056497573853,0.15289823710918427,0.49585626038389274
4959,100,10,-1.0,0.0,-0.5039195418357849,0.17156195640563965,0.5249088738611191
4960,100,11,-1.0,0.0,-0.38871797919273376,0.1241491511464119,0.6237617499435099
4961,100,12,-1.0,0.0,-0.476757675409317,0.18506522476673126,0.5550060068693152
4962,100,13,-1.0,0.0,-0.4899551570415497,0.16500592231750488,0.5360715402148866
4963,100,14,-1.0,0.0,-0.536640465259552,0.1924915909767151,0.5017520015222973
4964,100,15,-1.0,0.0,-0.4596402943134308,0.19975663721561432,0.576100100365697
4965,100,16,-1.0,0.0,-0.4694845676422119,0.1920567899942398,0.5642095661655006
4966,100,17,-1.0,0.0,-0.5765267014503479,0.1328437626361847,0.44382102232303255
4967,100,18,-1.0,0.0,-0.4835759699344635,0.20527583360671997,0.5557265034997556
4968,100,19,-1.0,0.0,-0.496207058429718,0.19708570837974548,0.5409714451092439
4969,100,20,-1.0,0.0,-0.45613616704940796,0.19984403252601624,0.5794182480108552
4970,100,21,-1.0,0.0,-0.48941171169281006,0.21958959102630615,0.5558057112369093
4971,100,22,-1.0,0.0,-0.4594248831272125,0.19485600292682648,0.574621892080912
4972,100,23,-1.0,0.0,-0.341714471578598,0.26163995265960693,0.7083751137333706
4973,100,24,-1.0,0.0,-0.46364620327949524,0.1964200735092163,0.571188445728611
4974,100,25,-1.0,0.0,-0.4427151679992676,0.05926990509033203,0.5604277880579277
4975,100,26,-1.0,0.0,-0.541266679763794,0.22256043553352356,0.5098719511404851
4976,100,27,-1.0,0.0,-0.5023614764213562,0.1670781821012497,0.5249373477699893
4977,100,28,-1.0,0.0,-0.5039238929748535,0.2407228946685791,0.5513973304059827
4978,100,29,-1.0,0.0,-0.4837273061275482,0.1771896630525589,0.545833006633895
4979,100,30,-1.0,0.0,-0.5481281876564026,0.1479603797197342,0.4754791359854765
4980,100,31,-1.0,0.0,-0.47875723242759705,0.17926669120788574,0.5512082812541568
4981,100,32,-1.0,0.0,-0.47461771965026855,0.19066116213798523,0.5589080597498044
4982,100,33,-1.0,0.0,-0.4446246922016144,0.17140589654445648,0.5812243232026345
4983,100,34,-1.0,0.0,-0.48997271060943604,0.15609224140644073,0.5333784995201556
4984,100,35,-1.0,0.0,-0.4694693088531494,0.17259109020233154,0.5578982870254974
4985,100,36,-1.0,0.0,-0.5211024284362793,0.15360133349895477,0.5029276823781786
4986,100,37,-1.0,0.0,-0.5424708127975464,0.17640788853168488,0.49035976617004906
4987,100,38,-1.0,0.0,-0.5278988480567932,0.16718539595603943,0.5008297657758377
4988,100,39,-1.0,0.0,-0.5595524907112122,0.14159192144870758,0.46264703679828517
4989,100,40,-1.0,0.0,-0.5157206654548645,0.1662384271621704,0.512017273666457
4990,100,41,-1.0,0.0,-0.4874759614467621,0.23780114948749542,0.5650046697085742
4991,100,42,-1.0,0.0,-0.5247032642364502,0.1643374264240265,0.5029053357751914
4992,100,43,-1.0,0.0,-0.5866244435310364,0.11366534978151321,0.42871804537128955
4993,100,44,-1.0,0.0,-0.505491316318512,0.20971915125846863,0.5371414717194813
4994,100,45,-1.0,0.0,-0.44895294308662415,0.2031402438879013,0.5872978951262547
4995,100,46,-1.0,0.0,-0.4669063091278076,0.19517549872398376,0.5676991796276373
4996,100,47,-1.0,0.0,-0.5367265939712524,0.1746404767036438,0.4950975104327962
4997,100,48,-1.0,0.0,-0.5060698986053467,0.19323769211769104,0.5303845309949227
4998,101,0,-0.8,0.0,0.5562319159507751,0.0970270112156868,1.3596982204698804
4999,101,1,-0.8,0.0,0.5327489376068115,0.13143691420555115,1.3392144686748133
5000,101,2,-0.8,0.0,0.4492287337779999,0.08332399278879166,1.2520045195888279
5001,101,3,-0.8,0.0,0.5772484540939331,0.1340932697057724,1.3837609292376027
5002,101,4,-0.8,0.0,0.5780768394470215,0.16245293617248535,1.3876190874628935
5003,101,5,-0.8,0.0,0.5006176233291626,0.13266441226005554,1.3073660728329712
5004,101,6,-0.8,0.0,0.5494155287742615,0.1698334813117981,1.3600609106476094
5005,101,7,-0.8,0.0,0.5344686508178711,0.1834033578634262,1.3470127585480582
5006,101,8,-0.8,0.0,0.5081132054328918,0.14731474220752716,1.3163820841608205
5007,101,9,-0.8,0.0,0.5640909671783447,0.13407082855701447,1.370663763950706
5008,101,10,-0.8,0.0,0.48501965403556824,0.11489885300397873,1.2901462156202768
5009,101,11,-0.8,0.0,0.5122268199920654,0.15985523164272308,1.3219277295639265
5010,101,12,-0.8,0.0,0.5197232961654663,0.08673694729804993,1.3225705563290104
5011,101,13,-0.8,0.0,0.5342045426368713,0.12385205179452896,1.339940704780095
5012,101,14,-0.8,0.0,0.5033693909645081,0.07162270694971085,1.3053358117564984
5013,101,15,-0.8,0.0,0.5226765275001526,0.11490370333194733,1.3276581101470581
5014,101,16,-0.8,0.0,0.49290356040000916,0.10209193080663681,1.2969280546085997
5015,101,17,-0.8,0.0,0.4756867587566376,0.07762577384710312,1.2780463478420403
5016,101,18,-0.8,0.0,0.5743697881698608,0.19191372394561768,1.3877042884104462
5017,101,19,-0.8,0.0,0.510237991809845,0.21044300496578217,1.3270304644283506
5018,101,20,-0.8,0.0,0.556312084197998,0.2114608734846115,1.3726974068440547
5019,101,21,-0.8,0.0,0.546332061290741,0.18121926486492157,1.3584735703051267
5020,101,22,-0.8,0.0,0.49131157994270325,0.04218019172549248,1.2920002960789598
5021,101,23,-0.8,0.0,0.48775288462638855,0.06750272214412689,1.2895208836465009
5022,101,24,-0.8,0.0,0.5833990573883057,0.14746631681919098,1.3912365961902637
5023,101,25,-0.8,0.0,0.516179084777832,0.06284213066101074,1.3176784572089761
5024,101,26,-0.8,0.0,0.5203965902328491,0.11236688494682312,1.3251692240356276
5025,101,27,-0.8,0.0,0.48138853907585144,0.07447650283575058,1.2835510654234168
5026,101,28,-0.8,0.0,0.5530989766120911,0.0833386778831482,1.355663002276008
5027,101,29,-0.8,0.0,0.5386042594909668,0.1430559754371643,1.3462267177692018
5028,101,30,-0.8,0.0,0.476816326379776,0.03326084837317467,1.2772494726342423
5029,101,31,-0.8,0.0,0.5280327200889587,0.05076110363006592,1.329002481287609
5030,101,32,-0.8,0.0,0.4719797670841217,0.07842924445867538,1.2743954151901737
5031,101,33,-0.8,0.0,0.35224679112434387,0.07006599009037018,1.1543751169458267
5032,101,34,-0.8,0.0,0.47465643286705017,0.07680420577526093,1.2769682485771217
5033,101,35,-0.8,0.0,0.447538822889328,0.08282408863306046,1.250285145186484
5034,101,36,-0.8,0.0,0.5575286149978638,0.09270790964365005,1.360690522142531
5035,101,37,-0.8,0.0,0.5798558592796326,0.1990276724100113,1.3941356486272345
5036,101,38,-0.8,0.0,0.47838959097862244,0.09748151898384094,1.2821008512850642
5037,101,39,-0.8,0.0,0.5557411313056946,0.13720770180225372,1.3626664920470821
5038,101,40,-0.8,0.0,0.5066177845001221,0.11678428202867508,1.3118264379486186
5039,101,41,-0.8,0.0,0.5499059557914734,0.13927720487117767,1.3570719322416256
5040,101,42,-0.8,0.0,0.5610089302062988,0.12959641218185425,1.367165146627028
5041,101,43,-0.8,0.0,0.5015785098075867,0.08253809064626694,1.3041929127243674
5042,101,44,-0.8,0.0,0.5919450521469116,0.1548839956521988,1.4005356404981129
5043,101,45,-0.8,0.0,0.5635897517204285,0.10462252050638199,1.3675974856638513
5044,101,46,-0.8,0.0,0.4609641134738922,0.06871673464775085,1.2628350981381729
5045,101,47,-0.8,0.0,0.5000792741775513,0.0707470029592514,1.3020027870837085
5046,101,48,-0.8,0.0,0.5378634929656982,0.0789194330573082,1.3401891667688057
5047,101,49,-0.8,0.0,0.5733769536018372,0.16057369112968445,1.3827321385458842
5048,102,0,-0.6,0.0,0.37492671608924866,-0.07667818665504456,0.9779374448569153
5049,102,1,-0.6,0.0,0.39349526166915894,-0.020729226991534233,0.9937114952594325
5050,102,2,-0.6,0.0,0.4372476637363434,-0.017830446362495422,1.0374009064696197
5051,102,3,-0.6,0.0,0.3847929537296295,-0.025990890339016914,0.9851358729110128
5052,102,4,-0.6,0.0,0.3851146697998047,0.003469772171229124,0.9851207803988801
5053,102,5,-0.6,0.0,0.41421952843666077,0.025027647614479065,1.0145282820145514
5054,102,6,-0.6,0.0,0.4076862335205078,-0.03566528111696243,1.0083171909195536
5055,102,7,-0.6,0.0,0.39751172065734863,0.053070612251758575,0.9989224808430136
5056,102,8,-0.6,0.0,0.41862431168556213,-0.007181596476584673,1.0186496275387518
5057,102,9,-0.6,0.0,0.3740241229534149,0.11172149330377579,0.9804104671825953
5058,102,10,-0.6,0.0,0.30785486102104187,-0.002915991935878992,0.9078595440311819
5059,102,11,-0.6,0.0,0.3702552914619446,0.052718423306941986,0.9716864529084847
5060,102,12,-0.6,0.0,0.3826533257961273,0.047984376549720764,0.9838242013139621
5061,102,13,-0.6,0.0,0.36837145686149597,0.06740543991327286,0.9707145676222018
5062,102,14,-0.6,0.0,0.3474283814430237,0.06302710622549057,0.9495224874024347
5063,102,15,-0.6,0.0,0.4068480432033539,0.01444903016090393,1.00695171511598
5064,102,16,-0.6,0.0,0.38168808817863464,0.08156196027994156,0.9850704826744783
5065,102,17,-0.6,0.0,0.43521711230278015,0.045817289501428604,1.0362305214679621
5066,102,18,-0.6,0.0,0.3906489610671997,0.030420929193496704,0.991115935194525
5067,102,19,-0.6,0.0,0.4101443886756897,0.010122817009687424,1.0101951085791274
5068,102,20,-0.6,0.0,0.35233190655708313,0.1002032458782196,0.9575890301852772
5069,102,21,-0.6,0.0,0.40465328097343445,0.04630390554666519,1.005719775404442
5070,102,22,-0.6,0.0,0.38812509179115295,-0.035540200769901276,0.9887640279146684
5071,102,23,-0.6,0.0,0.37606140971183777,0.007003058213740587,0.9760865322055238
5072,102,24,-0.6,0.0,0.3848848044872284,0.006521392147988081,0.9849063948748601
5073,102,25,-0.6,0.0,0.417595773935318,0.05241581052541733,1.0189448347796142
5074,102,26,-0.6,0.0,0.4152066111564636,-0.0008516819216310978,1.0152069684049096
5075,102,27,-0.6,0.0,0.4219854772090912,-0.0475805401802063,1.0230924803897907
5076,102,28,-0.6,0.0,0.40501561760902405,-0.01870022341609001,1.0051895791311507
5077,102,29,-0.6,0.0,0.4206293821334839,-0.01517334021627903,1.020742164274356
5078,102,30,-0.6,0.0,0.357406884431839,0.06786243617534637,0.9598089667226148
5079,102,31,-0.6,0.0,0.4098472595214844,0.05534429848194122,1.0113626841729482
5080,102,32,-0.6,0.0,0.35457003116607666,0.08541565388441086,0.9583839409802869
5081,102,33,-0.6,0.0,0.3901035189628601,0.06744245439767838,0.9923978350025868
5082,102,34,-0.6,0.0,0.4255082309246063,0.037429749965667725,1.026191072791324
5083,102,35,-0.6,0.0,0.41491153836250305,0.025874488055706024,1.0152413111341991
5084,102,36,-0.6,0.0,0.3632759153842926,-0.1479935199022293,0.9745781503258208
5085,102,37,-0.6,0.0,0.4150615930557251,0.03499415144324303,1.0156646239443703
5086,102,38,-0.6,0.0,0.4051363170146942,-0.01598365604877472,1.0052633948585563
5087,102,39,-0.6,0.0,0.38809266686439514,0.05576544255018234,0.989665045807929
5088,102,40,-0.6,0.0,0.348400741815567,0.010436322540044785,0.9484581613885125
5089,102,41,-0.6,0.0,0.4092637002468109,-0.08380735665559769,1.012737325107297
5090,102,42,-0.6,0.0,0.3688575327396393,0.03202588111162186,0.9693867008615896
5091,102,43,-0.6,0.0,0.36559686064720154,0.059553325176239014,0.9674315974947676
5092,102,44,-0.6,0.0,0.4117557406425476,-0.01706085354089737,1.0118995757715752
5093,102,45,-0.6,0.0,0.40686994791030884,-0.02343112602829933,1.0071425468481918
5094,102,46,-0.6,0.0,0.4598352611064911,-0.07989981025457382,1.0628427731152812
5095,102,47,-0.6,0.0,0.43119046092033386,0.02372099459171295,1.0314632578417473
5096,102,48,-0.6,0.0,0.42535972595214844,-0.015120608732104301,1.0254712089635156
5097,103,0,-0.5,0.0,-0.10448460280895233,-0.04005594924092293,0.39753856226130263
5098,103,1,-0.5,0.0,-0.15916626155376434,-0.06266996264457703,0.34654748806059704
5099,103,2,-0.5,0.0,-0.13189448416233063,-0.07498258352279663,0.375664822177789
5100,103,3,-0.5,0.0,-0.13174861669540405,-0.07320976257324219,0.3754580544372153
5101,103,4,-0.5,0.0,-0.13464684784412384,-0.080450139939785,0.37410580162109996
5102,103,5,-0.5,0.0,-0.1252131313085556,-0.08780467510223389,0.38493487489878964
5103,103,6,-0.5,0.0,-0.13111111521720886,-0.09696515649557114,0.3814200452132818
5104,103,7,-0.5,0.0,-0.140150785446167,-0.06316555291414261,0.36535098780482295
5105,103,8,-0.5,0.0,-0.15432941913604736,-0.08341851830482483,0.35559358778104366
5106,103,9,-0.5,0.0,-0.11647260934114456,-0.07924991101026535,0.3916296819454895
5107,103,10,-0.5,0.0,-0.08880707621574402,-0.05641353875398636,0.4150447059353877
5108,103,11,-0.5,0.0,-0.1298294961452484,-0.09279599040746689,0.3816245507822883
5109,103,12,-0.5,0.0,-0.08974063396453857,-0.07865263521671295,0.41773075592581405
5110,103,13,-0.5,0.0,-0.10529810190200806,-0.08873205631971359,0.4045527977667222
5111,103,14,-0.5,0.0,-0.08655528724193573,-0.0571376271545887,0.4173742193097881
5112,103,15,-0.5,0.0,-0.0885993093252182,-0.0620419904589653,0.4160525650297061
5113,103,16,-0.5,0.0,-0.10802634060382843,-0.057531971484422684,0.3961732921378097
5114,103,17,-0.5,0.0,-0.09518621861934662,-0.06267436593770981,0.4096367582888496
5115,103,18,-0.5,0.0,-0.1910349428653717,-0.08228305727243423,0.31973412086341807
5116,103,19,-0.5,0.0,-0.14330224692821503,-0.08503466844558716,0.36669358036937466
5117,103,20,-0.5,0.0,-0.14300595223903656,-0.06901677697896957,0.36360427065880546
5118,103,21,-0.5,0.0,-0.18368253111839294,-0.09368893504142761,0.3299005269302601
5119,103,22,-0.5,0.0,-0.13124339282512665,-0.09831283241510391,0.3816370636515853
5120,103,23,-0.5,0.0,-0.1707640290260315,-0.07889493554830551,0.3385568422559838
5121,103,24,-0.5,0.0,-0.13536739349365234,-0.025686338543891907,0.36553621669460384
5122,103,25,-0.5,0.0,-0.12477964162826538,-0.057213131338357925,0.37955718901656066
5123,103,26,-0.5,0.0,-0.13305842876434326,-0.057978272438049316,0.3714937371959226
5124,103,27,-0.5,0.0,-0.08896331489086151,-0.016155021265149117,0.41135403391432357
5125,103,28,-0.5,0.0,-0.04063858091831207,-0.04794907197356224,0.46185714982434556
5126,103,29,-0.5,0.0,-0.0933699682354927,-0.07249636203050613,0.41304201389260925
5127,103,30,-0.5,0.0,-0.07043631374835968,-0.04756369814276695,0.43218892388296337
5128,103,31,-0.5,0.0,-0.0506022647023201,-0.04975716024637222,0.4521438924573313
5129,103,32,-0.5,0.0,-0.12274101376533508,-0.08113496750593185,0.3858849901810068
5130,103,33,-0.5,0.0,-0.0776938870549202,-0.025907006114721298,0.4231000189040538
5131,103,34,-0.5,0.0,-0.059642840176820755,-0.04851143807172775,0.4430212047197336
5132,103,35,-0.5,0.0,-0.0901198536157608,-0.06307496875524521,0.41470493858096324
5133,103,36,-0.5,0.0,-0.082219198346138,-0.052895158529281616,0.4211160125504389
5134,103,37,-0.5,0.0,-0.11679726839065552,-0.06152191013097763,0.3881098799812076
5135,103,38,-0.5,0.0,-0.05409356951713562,-0.028746990486979485,0.44683210964301573
5136,103,39,-0.5,0.0,-0.0984330028295517,-0.05913399159908295,0.4058976252442619
5137,103,40,-0.5,0.0,-0.08403827250003815,-0.05048022419214249,0.4190136176537005
5138,103,41,-0.5,0.0,-0.10216867923736572,-0.057702887803316116,0.40199425747214856
5139,103,42,-0.5,0.0,-0.18169784545898438,-0.09466744214296341,0.3320815956769419
5140,103,43,-0.5,0.0,-0.09449435025453568,-0.05463394522666931,0.4091695247040301
5141,103,44,-0.5,0.0,-0.10349704325199127,-0.06860210001468658,0.40239389015781335
5142,103,45,-0.5,0.0,-0.10576996207237244,-0.05358249321579933,0.397854755386485
5143,103,46,-0.5,0.0,-0.06459058076143265,-0.056482814252376556,0.4390577076735301
5144,103,47,-0.5,0.0,-0.09391550719738007,-0.04526623338460922,0.40859961720441074
5145,103,48,-0.5,0.0,-0.12231813371181488,-0.06454072892665863,0.38315675357914675
5146,103,49,-0.5,0.0,-0.10674730688333511,-0.07209029793739319,0.39980581749170674
5147,104,0,-0.4,0.0,0.12102225422859192,0.3723444938659668,0.6403941064014772
5148,104,1,-0.4,0.0,0.1482054740190506,0.30919912457466125,0.6293912458734939
5149,104,2,-0.4,0.0,0.19238661229610443,0.3505358099937439,0.6883293198140156
5150,104,3,-0.4,0.0,0.15250307321548462,0.39183685183525085,0.6773446422381412
5151,104,4,-0.4,0.0,0.27674874663352966,0.10449346154928207,0.6847683911926752
5152,104,5,-0.4,0.0,0.21751661598682404,0.3494410216808319,0.7095320983952469
5153,104,6,-0.4,0.0,0.3148939907550812,0.12690824270248413,0.7260710158679788
5154,104,7,-0.4,0.0,0.24429459869861603,0.2678399085998535,0.697749057004729
5155,104,8,-0.4,0.0,0.21355636417865753,0.3337613642215729,0.69846120885213
5156,104,9,-0.4,0.0,0.17306403815746307,0.40877628326416016,0.7039179224800284
5157,104,10,-0.4,0.0,0.13088861107826233,0.3946020007133484,0.661478235726304
5158,104,11,-0.4,0.0,0.20253105461597443,0.35661017894744873,0.7001531914556769
5159,104,12,-0.4,0.0,0.18241876363754272,0.36090654134750366,0.6851752679603236
5160,104,13,-0.4,0.0,0.23344044387340546,0.34443938732147217,0.7210307118791321
5161,104,14,-0.4,0.0,0.1710069328546524,0.35102733969688416,0.6702753990582895
5162,104,15,-0.4,0.0,0.3087901175022125,0.04686661809682846,0.7103378847848637
5163,104,16,-0.4,0.0,0.28941717743873596,0.21338224411010742,0.7216841598989541
5164,104,17,-0.4,0.0,0.20969007909297943,0.3766247034072876,0.716636699981958
5165,104,18,-0.4,0.0,0.1497453898191452,0.3702154755592346,0.6627816321918963
5166,104,19,-0.4,0.0,0.12517045438289642,0.41312938928604126,0.6681915133018342
5167,104,20,-0.4,0.0,0.23105747997760773,0.31374692916870117,0.7047486634244003
5168,104,21,-0.4,0.0,0.1532856822013855,0.3715517818927765,0.6664651324388621
5169,104,22,-0.4,0.0,0.14180491864681244,0.37101173400878906,0.656659939879149
5170,104,23,-0.4,0.0,0.33553454279899597,0.02921629697084427,0.7361145669386095
5171,104,24,-0.4,0.0,0.18423573672771454,0.3883931636810303,0.7015558749407883
5172,104,25,-0.4,0.0,0.24002839624881744,0.33076101541519165,0.7204437502840328
5173,104,26,-0.4,0.0,0.17891910672187805,0.3567885160446167,0.6800333648498262
5174,104,27,-0.4,0.0,0.17702725529670715,0.42253583669662476,0.715190175161941
5175,104,28,-0.4,0.0,0.25081953406333923,0.36347469687461853,0.745439414832968
5176,104,29,-0.4,0.0,0.20296849310398102,0.3648882210254669,0.704779694315334
5177,104,30,-0.4,0.0,0.1920045167207718,0.2764596939086914,0.6533753210627732
5178,104,31,-0.4,0.0,0.12951038777828217,0.46369028091430664,0.7038394187451392
5179,104,32,-0.4,0.0,0.27198973298072815,0.2480529397726059,0.7163103113604763
5180,104,33,-0.4,0.0,0.3067435622215271,0.18144161999225616,0.7296626098458026
5181,104,34,-0.4,0.0,0.2525777518749237,0.22981418669223785,0.6918614620335087
5182,104,35,-0.4,0.0,0.1538175493478775,0.3784465491771698,0.6707724417041868
5183,104,36,-0.4,0.0,0.2644997239112854,0.26209557056427,0.7143206361204923
5184,104,37,-0.4,0.0,0.19764907658100128,0.3919692635536194,0.7147197508876401
5185,104,38,-0.4,0.0,0.3104272186756134,0.16547685861587524,0.729444599522504
5186,104,39,-0.4,0.0,0.22071193158626556,0.37401631474494934,0.7246871778284378
5187,104,40,-0.4,0.0,0.22958506643772125,0.3301536440849304,0.7108999821240318
5188,104,41,-0.4,0.0,0.24290122091770172,0.33328375220298767,0.7241547067719536
5189,104,42,-0.4,0.0,0.2727968990802765,0.2834285497665405,0.730059867568955
5190,104,43,-0.4,0.0,0.20368517935276031,0.3580595552921295,0.7018849199877227
5191,104,44,-0.4,0.0,0.24383021891117096,0.31650227308273315,0.717419709549259
5192,104,45,-0.4,0.0,0.20280860364437103,0.36351510882377625,0.7039328426567681
5193,104,46,-0.4,0.0,0.24595822393894196,0.33011510968208313,0.7254226441976884
5194,104,47,-0.4,0.0,0.29780739545822144,0.22783227264881134,0.7340590613952729
5195,104,48,-0.4,0.0,0.2761596143245697,0.2542280852794647,0.7223736868051145
5196,105,0,-0.3,0.0,-0.1278396099805832,0.005563721526414156,0.17225026818226202
5197,105,1,-0.3,0.0,-0.1322818547487259,-0.008736669085919857,0.16794554365402
5198,105,2,-0.3,0.0,-0.18870630860328674,0.0037370934151113033,0.1113564170216522
5199,105,3,-0.3,0.0,-0.09066331386566162,0.04452734813094139,0.21401993573796002
5200,105,4,-0.3,0.0,0.048938166350126266,0.015326937660574913,0.34927461825022377
5201,105,5,-0.3,0.0,-0.008556723594665527,0.030952848494052887,0.2930823471172769
5202,105,6,-0.3,0.0,-0.20749393105506897,-0.04066459834575653,0.10104940549189804
5203,105,7,-0.3,0.0,-0.08562297374010086,0.003846199717372656,0.21441152636997712
5204,105,8,-0.3,0.0,0.10950593650341034,0.0641205757856369,0.4144955491565823
5205,105,9,-0.3,0.0,-0.12310908734798431,0.038341209292411804,0.18099846217265925
5206,105,10,-0.3,0.0,-0.3072231113910675,0.04068518802523613,0.041321397154701664
5207,105,11,-0.3,0.0,-0.15624041855335236,0.02649679034948349,0.1461810423979108
5208,105,12,-0.3,0.0,-0.29351377487182617,0.06857550889253616,0.06888157617450155
5209,105,13,-0.3,0.0,-0.17145878076553345,0.02409188821911812,0.1307794483863794
5210,105,14,-0.3,0.0,-0.02352217584848404,0.02569591999053955,0.2776693493198642
5211,105,15,-0.3,0.0,-0.07479636371135712,0.025165259838104248,0.22660531348656998
5212,105,16,-0.3,0.0,-0.21255840361118317,0.01961912214756012,0.08961552729781612
5213,105,17,-0.3,0.0,-0.13092729449272156,0.06005778908729553,0.1794227348403902
5214,105,18,-0.3,0.0,-0.14002496004104614,0.07718699425458908,0.17762276175064626
5215,105,19,-0.3,0.0,-0.40113726258277893,0.015462709590792656,0.10231246879353058
5216,105,20,-0.3,0.0,-0.4103805720806122,0.03486891835927963,0.11575712574346918
5217,105,21,-0.3,0.0,-0.24402254819869995,0.03960556536912918,0.06857168452338934
5218,105,22,-0.3,0.0,-0.22029952704906464,0.0833095908164978,0.11529376960883478
5219,105,23,-0.3,0.0,-0.5167165398597717,0.07510675489902496,0.2293623405885418
5220,105,24,-0.3,0.0,-0.1693337857723236,0.011439049616456032,0.13116596889712193
5221,105,25,-0.3,0.0,-0.3387669026851654,0.05614927411079407,0.06823205791246645
5222,105,26,-0.3,0.0,-0.4149099588394165,0.023717492818832397,0.11733208472573801
5223,105,27,-0.3,0.0,-0.1687144935131073,0.10318440198898315,0.16698175058174475
5224,105,28,-0.3,0.0,-0.23742668330669403,0.08632898330688477,0.10662135490041923
5225,105,29,-0.3,0.0,-0.2582833170890808,0.06687796115875244,0.07882222606499881
5226,105,30,-0.3,0.0,-0.3350442349910736,0.044806670397520065,0.05688353116870989
5227,105,31,-0.3,0.0,-0.21387600898742676,0.08917113393545151,0.12397109725765933
5228,105,32,-0.3,0.0,-0.3065063953399658,0.07348988205194473,0.07377734031753028
5229,105,33,-0.3,0.0,-0.37310507893562317,0.024715036153793335,0.07716984889363855
5230,105,34,-0.3,0.0,-0.4340117871761322,0.006379771512001753,0.13416355908623737
5231,105,35,-0.3,0.0,-0.3962656557559967,0.03742377460002899,0.10328414875209961
5232,105,36,-0.3,0.0,-0.41945481300354004,0.022922063246369362,0.1216341783101332
5233,105,37,-0.3,0.0,-0.3391048312187195,0.019065557047724724,0.0435049800618801
5234,105,38,-0.3,0.0,-0.3022502064704895,0.05926212668418884,0.05930483191353534
5235,105,39,-0.3,0.0,-0.25323233008384705,0.05418877303600311,0.07157959257032478
5236,105,40,-0.3,0.0,-0.3741515576839447,-0.002919782418757677,0.07420901991219306
5237,105,41,-0.3,0.0,-0.4240330755710602,0.05513881891965866,0.13573685272420027
5238,105,42,-0.3,0.0,-0.4074346423149109,0.05779775232076645,0.12199501031872372
5239,105,43,-0.3,0.0,-0.31646499037742615,0.0856127068400383,0.08718160058525581
5240,105,44,-0.3,0.0,-0.34405577182769775,0.08350290358066559,0.09441210694469275
5241,105,45,-0.3,0.0,-0.3059801757335663,0.11375632137060165,0.1139134019928118
5242,105,46,-0.3,0.0,-0.2298433631658554,0.10150277614593506,0.12338868366754649
5243,105,47,-0.3,0.0,-0.2491639107465744,0.07456986606121063,0.09024950357187095
5244,105,48,-0.3,0.0,-0.3881723880767822,0.06103735417127609,0.10723772015197118
5245,105,49,-0.3,0.0,-0.4274439513683319,0.05925746262073517,0.14054681645850814
5246,106,0,-0.2,0.0,-0.04293082654476166,-0.06605571508407593,0.17039390465970422
5247,106,1,-0.2,0.0,-0.06994882225990295,-0.0764828771352768,0.15087391864227614
5248,106,2,-0.2,0.0,-0.041807688772678375,-0.06463979184627533,0.17088917467578685
5249,106,3,-0.2,0.0,-0.007080461829900742,-0.045676592737436295,0.1982531193496486
5250,106,4,-0.2,0.0,0.009143691509962082,-0.047455690801143646,0.21446008087247365
5251,106,5,-0.2,0.0,0.007050778716802597,-0.03051019459962845,0.2092866382303026
5252,106,6,-0.2,0.0,0.02759120985865593,-0.012970170006155968,0.22796048805640717
5253,106,7,-0.2,0.0,-0.14963217079639435,-0.11557936668395996,0.12607738981176944
5254,106,8,-0.2,0.0,-0.13157771527767181,-0.09389938414096832,0.11618392052550336
5255,106,9,-0.2,0.0,0.025028493255376816,-0.027615338563919067,0.2267166286375683
5256,106,10,-0.2,0.0,0.03475205972790718,-0.01865040697157383,0.23549175617566792
5257,106,11,-0.2,0.0,-0.07778054475784302,-0.07869995385408401,0.145366013828283
5258,106,12,-0.2,0.0,0.002155628055334091,-0.03497858718037605,0.2051594490038949
5259,106,13,-0.2,0.0,-0.033061325550079346,-0.057140231132507324,0.17644695248423237
5260,106,14,-0.2,0.0,-0.027545548975467682,-0.05678263679146767,0.18156212578388853
5261,106,15,-0.2,0.0,-0.017452429980039597,-0.050849512219429016,0.18949746228682382
5262,106,16,-0.2,0.0,-0.022098582237958908,-0.057727888226509094,0.18703321502031825
5263,106,17,-0.2,0.0,-0.03280707821249962,-0.06556534022092819,0.1795892171989379
5264,106,18,-0.2,0.0,0.028238002210855484,-0.026712585240602493,0.2297958830428407
5265,106,19,-0.2,0.0,-0.024828027933835983,-0.047777555882930756,0.18157068773261703
5266,106,20,-0.2,0.0,-0.027463801205158234,-0.05278478562831879,0.180429968376655
5267,106,21,-0.2,0.0,-0.03238112851977348,-0.060134246945381165,0.17807923442106546
5268,106,22,-0.2,0.0,-0.05968133360147476,-0.06507983803749084,0.1546761567238036
5269,106,23,-0.2,0.0,-0.0990450456738472,-0.08653607964515686,0.1329676497624461
5270,106,24,-0.2,0.0,-0.01900942251086235,-0.05377908796072006,0.18881149181588078
5271,106,25,-0.2,0.0,-0.011574182659387589,-0.04369852691888809,0.1934266007956471
5272,106,26,-0.2,0.0,-0.018582474440336227,-0.049021318554878235,0.18792394273495358
5273,106,27,-0.2,0.0,-0.027717065066099167,-0.04548634588718414,0.17818646786893574
5274,106,28,-0.2,0.0,-0.029608968645334244,-0.053660038858652115,0.17864071018784813
5275,106,29,-0.2,0.0,-0.013921406120061874,-0.045392051339149475,0.1915350657845997
5276,106,30,-0.2,0.0,-0.0626419186592102,-0.06850288808345795,0.15349230660003058
5277,106,31,-0.2,0.0,-0.07221284508705139,-0.07238122075796127,0.1468625142068549
5278,106,32,-0.2,0.0,-0.055073898285627365,-0.06809807568788528,0.16012783290395718
5279,106,33,-0.2,0.0,0.029884804040193558,-0.01984475553035736,0.23073976131273483
5280,106,34,-0.2,0.0,-0.12776561081409454,-0.10474436730146408,0.1272367457240434
5281,106,35,-0.2,0.0,-0.03283695876598358,-0.06181946024298668,0.17822774200258412
5282,106,36,-0.2,0.0,0.0005072318017482758,-0.04091256111860275,0.20463867587062673
5283,106,37,-0.2,0.0,-0.048714470118284225,-0.062486931681632996,0.1636824003446204
5284,106,38,-0.2,0.0,0.007124748080968857,-0.039414599537849426,0.2108415801599245
5285,106,39,-0.2,0.0,-0.0051247067749500275,-0.04295200854539871,0.19955263703502696
5286,106,40,-0.2,0.0,-0.026929441839456558,-0.05688545107841492,0.1821795066586711
5287,106,41,-0.2,0.0,-0.007108870893716812,-0.05155792087316513,0.19966273285883965
5288,106,42,-0.2,0.0,0.014354120939970016,-0.04605383425951004,0.21924562667006547
5289,106,43,-0.2,0.0,-0.03963426128029823,-0.05980893224477768,0.17115571428198378
5290,106,44,-0.2,0.0,-0.028819490224123,-0.056038156151771545,0.1801195210742563
5291,106,45,-0.2,0.0,-0.11972853541374207,-0.09212357550859451,0.12218944795402989
5292,106,46,-0.2,0.0,0.028867442160844803,-0.0260660108178854,0.23034700562674082
5293,106,47,-0.2,0.0,-0.06834246218204498,-0.06993351876735687,0.14907851727016377
5294,106,48,-0.2,0.0,-0.08939291536808014,-0.07842440903186798,0.1355887720379915
5295,107,0,-0.1,0.0,-0.07662664353847504,-0.21077027916908264,0.21206231247746626
5296,107,1,-0.1,0.0,-0.08707938343286514,-0.21169979870319366,0.21209372245176808
5297,107,2,-0.1,0.0,-0.09505565464496613,-0.21893036365509033,0.21898618833419597
5298,107,3,-0.1,0.0,-0.07843394577503204,-0.2128046602010727,0.21389464251852655
5299,107,4,-0.1,0.0,-0.07364173233509064,-0.2174561470746994,0.21904778970550765
5300,107,5,-0.1,0.0,-0.16199298202991486,-0.20253148674964905,0.2118068293185671
5301,107,6,-0.1,0.0,-0.07282191514968872,-0.1994800865650177,0.20132300721009924
5302,107,7,-0.1,0.0,-0.07603107392787933,-0.19482235610485077,0.1962912628093672
5303,107,8,-0.1,0.0,-0.07422958314418793,-0.19836081564426422,0.20002781698548855
5304,107,9,-0.1,0.0,-0.07712152600288391,-0.20260073244571686,0.20388840418223314
5305,107,10,-0.1,0.0,-0.0718095451593399,-0.19236625730991364,0.1944208802972232
5306,107,11,-0.1,0.0,-0.07154803723096848,-0.20779548585414886,0.20973430364814463
5307,107,12,-0.1,0.0,-0.12611228227615356,-0.20931465923786163,0.2109371419582897
5308,107,13,-0.1,0.0,-0.08011460304260254,-0.18984447419643402,0.19088308828985814
5309,107,14,-0.1,0.0,-0.08143462240695953,-0.21941058337688446,0.22019463513663756
5310,107,15,-0.1,0.0,-0.07674103230237961,-0.20592378079891205,0.2072331611419305
5311,107,16,-0.1,0.0,-0.07829772680997849,-0.19347749650478363,0.19469085832512242
5312,107,17,-0.1,0.0,-0.06567179411649704,-0.18912193179130554,0.19221220253577917
5313,107,18,-0.1,0.0,-0.08065218478441238,-0.19567616283893585,0.1966303604659928
5314,107,19,-0.1,0.0,-0.07628071308135986,-0.1937808394432068,0.19522709419351267
5315,107,20,-0.1,0.0,-0.07612021267414093,-0.1827698051929474,0.1843232105107661
5316,107,21,-0.1,0.0,-0.07782630622386932,-0.19344180822372437,0.19470851513105886
5317,107,22,-0.1,0.0,-0.07542665302753448,-0.19387276470661163,0.19542389382164704
5318,107,23,-0.1,0.0,-0.0707591101527214,-0.17387762665748596,0.1763191954697524
5319,107,24,-0.1,0.0,-0.07916524261236191,-0.1945241391658783,0.19563672414357108
5320,107,25,-0.1,0.0,-0.07554836571216583,-0.1930224597454071,0.19456503382034834
5321,107,26,-0.1,0.0,-0.08045930415391922,-0.19445927441120148,0.19543860467850255
5322,107,27,-0.1,0.0,-0.08119814842939377,-0.19891484081745148,0.19980146025471177
5323,107,28,-0.1,0.0,-0.07712063193321228,-0.19693991541862488,0.19826445916560706
5324,107,29,-0.1,0.0,-0.07469899952411652,-0.18528690934181213,0.1870063619199132
5325,107,30,-0.1,0.0,-0.08441448211669922,-0.18786902725696564,0.18851440202321199
5326,107,31,-0.1,0.0,-0.07695740461349487,-0.19608645141124725,0.1974357050515474
5327,107,32,-0.1,0.0,-0.07399702072143555,-0.19185644388198853,0.19361056270359855
5328,107,33,-0.1,0.0,-0.07472874224185944,-0.19553402066230774,0.19716031473155587
5329,107,34,-0.1,0.0,-0.07964520156383514,-0.19916357100009918,0.20020101356608674
5330,107,35,-0.1,0.0,-0.07223566621541977,-0.20071610808372498,0.20262727919700038
5331,107,36,-0.1,0.0,-0.08215755224227905,-0.19354306161403656,0.1943637559858364
5332,107,37,-0.1,0.0,-0.07358705252408981,-0.19294117391109467,0.1947407003801631
5333,107,38,-0.1,0.0,-0.07795026898384094,-0.19647645950317383,0.1977098626189075
5334,107,39,-0.1,0.0,-0.060053132474422455,-0.20554782450199127,0.20939355382295666
5335,107,40,-0.1,0.0,-0.06678523123264313,-0.2153371125459671,0.21788366828173122
5336,107,41,-0.1,0.0,-0.07983721792697906,-0.2014653980731964,0.20247183607039185
5337,107,42,-0.1,0.0,-0.07441824674606323,-0.19536837935447693,0.19703611280965758
5338,107,43,-0.1,0.0,-0.07938940823078156,-0.20103690028190613,0.20209065235194437
5339,107,44,-0.1,0.0,-0.0800328180193901,-0.1999693512916565,0.20096375248350812
5340,107,45,-0.1,0.0,-0.07334038615226746,-0.19737529754638672,0.19916762561228396
5341,107,46,-0.1,0.0,-0.07969837635755539,-0.19903235137462616,0.2000650714548447
5342,107,47,-0.1,0.0,-0.0259576253592968,-0.27870821952819824,0.28837570090944314
5343,107,48,-0.1,0.0,-0.07732968032360077,-0.20467206835746765,0.20592376977890156
5344,107,49,-0.1,0.0,-0.08700495958328247,-0.21008844673633575,0.21048996775979206
5345,108,0,0.0,0.0,-0.003255225718021393,-0.20672304928302765,0.20674867738234348
5346,108,1,0.0,0.0,-0.009035617113113403,-0.20305289328098297,0.2032538310743319
5347,108,2,0.0,0.0,-0.005404822528362274,-0.20667369663715363,0.2067443566055173
5348,108,3,0.0,0.0,-0.0819527804851532,-0.18602870404720306,0.2032804391935672
5349,108,4,0.0,0.0,-0.0135657899081707,-0.2058393806219101,0.20628592116439795
5350,108,5,0.0,0.0,-0.0192151740193367,-0.19735653698444366,0.19828975163403043
5351,108,6,0.0,0.0,-0.02119654044508934,-0.1988220363855362,0.19994873212734254
5352,108,7,0.0,0.0,-0.01862874999642372,-0.19802206754684448,0.19889637895637088
5353,108,8,0.0,0.0,-0.021909907460212708,-0.1977316290140152,0.1989418034437489
5354,108,9,0.0,0.0,-0.015740852802991867,-0.20191514492034912,0.20252777635467942
5355,108,10,0.0,0.0,-0.009504418820142746,-0.20494797825813293,0.20516824259423
5356,108,11,0.0,0.0,0.0017929784953594208,-0.20790424942970276,0.20791198066204092
5357,108,12,0.0,0.0,-0.001963626593351364,-0.20618756115436554,0.20619691123822234
5358,108,13,0.0,0.0,-0.0027434155344963074,-0.2059745490550995,0.20599281829046007
5359,108,14,0.0,0.0,0.0056772418320178986,-0.20822428166866302,0.20830166238234857
5360,108,15,0.0,0.0,0.011005569249391556,-0.21081502735614777,0.21110210400106505
5361,108,16,0.0,0.0,0.016873273998498917,-0.2100970298051834,0.21077350238677667
5362,108,17,0.0,0.0,0.004928458482027054,-0.20278514921665192,0.20284503061654935
5363,108,18,0.0,0.0,-0.0020058639347553253,-0.20496991276741028,0.20497972736347497
5364,108,19,0.0,0.0,-0.014023158699274063,-0.20030060410499573,0.2007908886994907
5365,108,20,0.0,0.0,-0.024727370589971542,-0.1923360526561737,0.19391905529795728
5366,108,21,0.0,0.0,-0.026774704456329346,-0.1953512579202652,0.19717758181333334
5367,108,22,0.0,0.0,-0.03246677666902542,-0.19588030874729156,0.19855273088580433
5368,108,23,0.0,0.0,-0.028035376220941544,-0.19565503299236298,0.19765341953807017
5369,108,24,0.0,0.0,-0.01689561828970909,-0.20178033411502838,0.20248645671492213
5370,108,25,0.0,0.0,-0.018969405442476273,-0.19815947115421295,0.1990653519599993
5371,108,26,0.0,0.0,-0.014736238867044449,-0.19734132289886475,0.19789076395683702
5372,108,27,0.0,0.0,-0.025412138551473618,-0.1934165507555008,0.19507880174922776
5373,108,28,0.0,0.0,0.05232149735093117,-0.24863110482692719,0.2540766919111274
5374,108,29,0.0,0.0,-0.031094176694750786,-0.19062377512454987,0.19314313725074297
5375,108,30,0.0,0.0,-0.02615455910563469,-0.20095105469226837,0.20264596552595163
5376,108,31,0.0,0.0,-0.034313224256038666,-0.19167111814022064,0.19471829623321898
5377,108,32,0.0,0.0,-0.02881775051355362,-0.1950596570968628,0.19717690679034175
5378,108,33,0.0,0.0,-0.027580495923757553,-0.19309574365615845,0.1950555048531706
5379,108,34,0.0,0.0,-0.012194156646728516,-0.2043839395046234,0.20474738626843206
5380,108,35,0.0,0.0,-0.01079130545258522,-0.2080416977405548,0.20832138697729372
5381,108,36,0.0,0.0,-0.014798019081354141,-0.20052944123744965,0.20107470793646795
5382,108,37,0.0,0.0,0.0015894658863544464,-0.21096839010715485,0.2109743776533268
5383,108,38,0.0,0.0,-0.014063678681850433,-0.2043558955192566,0.20483925183309876
5384,108,39,0.0,0.0,0.0010862275958061218,-0.20954494178295135,0.2095477571276065
5385,108,40,0.0,0.0,0.0034945718944072723,-0.20491380989551544,0.20494360570318026
5386,108,41,0.0,0.0,-0.001516580581665039,-0.20925834774971008,0.20926384331651582
5387,108,42,0.0,0.0,-0.012193601578474045,-0.19414076209068298,0.19452331331901002
5388,108,43,0.0,0.0,0.006317589432001114,-0.21132133901119232,0.21141575215133476
5389,108,44,0.0,0.0,0.004723366349935532,-0.21231138706207275,0.2123639217614352
5390,108,45,0.0,0.0,0.010170873254537582,-0.21535274386405945,0.21559278965804737
5391,108,46,0.0,0.0,0.0035014934837818146,-0.21066604554653168,0.21069514280787377
5392,108,47,0.0,0.0,-0.0030073560774326324,-0.20788319408893585,0.20790494600945558
5393,108,48,0.0,0.0,0.005141314119100571,-0.21606841683387756,0.21612957655991816
5394,108,49,0.0,0.0,-0.008043322712182999,-0.20549727976322174,0.20565463046169455
5395,109,0,0.1,0.0,-0.036692604422569275,-0.19167588651180267,0.23542411425746188
5396,109,1,0.1,0.0,-0.03597135841846466,-0.19983378052711487,0.2417059166630426
5397,109,2,0.1,0.0,-0.029239878058433533,-0.20607219636440277,0.24324616378271569
5398,109,3,0.1,0.0,-0.03682779520750046,-0.19563986361026764,0.23874002968666527
5399,109,4,0.1,0.0,-0.042424850165843964,-0.19099943339824677,0.2382553703554537
5400,109,5,0.1,0.0,-0.04399539530277252,-0.18089927732944489,0.23121250486666403
5401,109,6,0.1,0.0,-0.038460925221443176,-0.19724807143211365,0.24099425199964064
5402,109,7,0.1,0.0,-0.05383339151740074,-0.19664327800273895,0.2496663596270198
5403,109,8,0.1,0.0,-0.0408550426363945,-0.1873932033777237,0.2344277195816771
5404,109,9,0.1,0.0,-0.024494335055351257,-0.20085006952285767,0.23630402004242504
5405,109,10,0.1,0.0,-0.03711680322885513,-0.20527513325214386,0.24685805244995757
5406,109,11,0.1,0.0,-0.03772643208503723,-0.19653144478797913,0.23998578892368785
5407,109,12,0.1,0.0,-0.03993464261293411,-0.20236462354660034,0.24603484522800192
5408,109,13,0.1,0.0,-0.03602650761604309,-0.20409934222698212,0.24527485046719363
5409,109,14,0.1,0.0,-0.037210118025541306,-0.19363832473754883,0.23732344447135303
5410,109,15,0.1,0.0,-0.03988059610128403,-0.19654686748981476,0.24124106674799248
5411,109,16,0.1,0.0,-0.024638831615447998,-0.2147846817970276,0.24832901135613292
5412,109,17,0.1,0.0,-0.04291466623544693,-0.20588067173957825,0.25062213154693497
5413,109,18,0.1,0.0,-0.03965982049703598,-0.1949448436498642,0.23980900218076534
5414,109,19,0.1,0.0,-0.04057425260543823,-0.20006956160068512,0.2445177907119805
5415,109,20,0.1,0.0,-0.042705684900283813,-0.2031194567680359,0.2482386477174759
5416,109,21,0.1,0.0,-0.008618805557489395,-0.19143067300319672,0.2200994036502428
5417,109,22,0.1,0.0,-0.028640810400247574,-0.19677074253559113,0.23508973439612443
5418,109,23,0.1,0.0,-0.03058239258825779,-0.20167182385921478,0.2402567081119194
5419,109,24,0.1,0.0,-0.024524256587028503,-0.19739535450935364,0.23339069488826136
5420,109,25,0.1,0.0,-0.020163260400295258,-0.19624805450439453,0.230114119616309
5421,109,26,0.1,0.0,-0.014822527766227722,-0.21257434785366058,0.2416031172150625
5422,109,27,0.1,0.0,-0.025848038494586945,-0.20018084347248077,0.2364531642551837
5423,109,28,0.1,0.0,-0.030585741624236107,-0.19706778228282928,0.23640716302477885
5424,109,29,0.1,0.0,-0.0294976606965065,-0.21778446435928345,0.25337663081296097
5425,109,30,0.1,0.0,-0.02800603210926056,-0.20832683145999908,0.24451096695755778
5426,109,31,0.1,0.0,-0.039028242230415344,-0.20007921755313873,0.24364019667196804
5427,109,32,0.1,0.0,-0.030900809913873672,-0.19110265374183655,0.23163602116959348
5428,109,33,0.1,0.0,-0.030278300866484642,-0.19509685039520264,0.23459585825582338
5429,109,34,0.1,0.0,-0.023364461958408356,-0.19506977498531342,0.23080512903119893
5430,109,35,0.1,0.0,-0.041467662900686264,-0.19140879809856415,0.2380135030541736
5431,109,36,0.1,0.0,-0.033150602132081985,-0.19644695520401,0.23731938196671234
5432,109,37,0.1,0.0,-0.041476376354694366,-0.1824970692396164,0.23091285227874273
5433,109,38,0.1,0.0,-0.031520165503025055,-0.19266459345817566,0.23327494401745594
5434,109,39,0.1,0.0,-0.025835085660219193,-0.18976889550685883,0.22769870988876464
5435,109,40,0.1,0.0,-0.03781770169734955,-0.20029565691947937,0.24312973714037
5436,109,41,0.1,0.0,-0.04428867995738983,-0.1903228759765625,0.23883471331411618
5437,109,42,0.1,0.0,-0.05210466682910919,-0.19666898250579834,0.2486252568647448
5438,109,43,0.1,0.0,-0.03887034207582474,-0.18876641988754272,0.23434532891742618
5439,109,44,0.1,0.0,-0.028874527662992477,-0.18581606447696686,0.22613326535047365
5440,109,45,0.1,0.0,-0.025616511702537537,-0.20272168517112732,0.23848603659530135
5441,109,46,0.1,0.0,-0.03896787017583847,-0.19827894866466522,0.24212932582562907
5442,109,47,0.1,0.0,-0.03383610397577286,-0.19327127933502197,0.23508698420629326
5443,109,48,0.1,0.0,-0.03506489098072052,-0.1967732310295105,0.23866761243500767
5444,110,0,0.2,0.0,-0.004951413720846176,-0.11406512558460236,0.23455475876819162
5445,110,1,0.2,0.0,0.007689330726861954,-0.08298475295305252,0.20945133740074673
5446,110,2,0.2,0.0,0.021467085927724838,-0.11501172930002213,0.21237160658553195
5447,110,3,0.2,0.0,0.02601415291428566,-0.12962272763252258,0.21696342204396737
5448,110,4,0.2,0.0,0.018582630902528763,-0.10531681030988693,0.20977104744005265
5449,110,5,0.2,0.0,0.00924583151936531,-0.08308222144842148,0.20806202996592846
5450,110,6,0.2,0.0,-0.026673443615436554,-0.11467669159173965,0.254030694277104
5451,110,7,0.2,0.0,-0.013944752514362335,-0.12917807698249817,0.2499186521677163
5452,110,8,0.2,0.0,-0.00017043203115463257,-0.1162993386387825,0.23150321385967262
5453,110,9,0.2,0.0,0.004747580736875534,-0.0927276760339737,0.2161525598524443
5454,110,10,0.2,0.0,0.02183474972844124,-0.11095607280731201,0.2098907013117749
5455,110,11,0.2,0.0,0.02278515323996544,-0.12376800179481506,0.2161564715211272
5456,110,12,0.2,0.0,0.01810787245631218,-0.10785264521837234,0.21146380102270293
5457,110,13,0.2,0.0,0.010645989328622818,-0.0904209166765213,0.20983537244696956
5458,110,14,0.2,0.0,-0.0071069709956645966,-0.11770758777856827,0.23821917146957006
5459,110,15,0.2,0.0,-0.01909341663122177,-0.11974333226680756,0.24968057760567042
5460,110,16,0.2,0.0,-0.04879430681467056,-0.11848148703575134,0.2755657269574635
5461,110,17,0.2,0.0,0.009045828133821487,-0.09163149446249008,0.21180138462844714
5462,110,18,0.2,0.0,-0.025630410760641098,-0.11150388419628143,0.2516787604285935
5463,110,19,0.2,0.0,0.02251562848687172,-0.12078366428613663,0.21468440951731055
5464,110,20,0.2,0.0,0.021641407161951065,-0.10673835128545761,0.20785779579873034
5465,110,21,0.2,0.0,0.013607587665319443,-0.08611758798360825,0.2053250358238276
5466,110,22,0.2,0.0,-0.00717848539352417,-0.11071126163005829,0.23490404053926772
5467,110,23,0.2,0.0,-0.015076879411935806,-0.10828027874231339,0.24079593605808522
5468,110,24,0.2,0.0,-0.004719976335763931,-0.1136787012219429,0.2341647194229385
5469,110,25,0.2,0.0,0.02298964187502861,-0.10827511548995972,0.20749980124784395
5470,110,26,0.2,0.0,0.019112136214971542,-0.10590711236000061,0.20961091506203774
5471,110,27,0.2,0.0,0.023486178368330002,-0.11604344099760056,0.2112420635801038
5472,110,28,0.2,0.0,0.02308880165219307,-0.10887744277715683,0.20773028100532226
5473,110,29,0.2,0.0,0.013105776160955429,-0.09523000568151474,0.2097574906564727
5474,110,30,0.2,0.0,-0.002878773957490921,-0.11211536824703217,0.231796576160353
5475,110,31,0.2,0.0,-0.006284728646278381,-0.12071365863084793,0.23900873760746405
5476,110,32,0.2,0.0,-0.0022425316274166107,-0.11647044867277145,0.23338253365044975
5477,110,33,0.2,0.0,0.0014942251145839691,-0.09189902245998383,0.2187463668085943
5478,110,34,0.2,0.0,0.02045571431517601,-0.10097836703062057,0.20599218706117087
5479,110,35,0.2,0.0,0.01965377852320671,-0.11468657851219177,0.2137235852492413
5480,110,36,0.2,0.0,0.0259779654443264,-0.10822177678346634,0.2049283325483972
5481,110,37,0.2,0.0,0.01511649414896965,-0.08150196820497513,0.20205069056316724
5482,110,38,0.2,0.0,-0.0012459531426429749,-0.10178443044424057,0.22552162631807465
5483,110,39,0.2,0.0,-0.009134311228990555,-0.11699660122394562,0.23963590054743308
5484,110,40,0.2,0.0,-0.054622944444417953,-0.11970426887273788,0.28135734542375446
5485,110,41,0.2,0.0,0.009082723408937454,-0.09177682548761368,0.21183104634951924
5486,110,42,0.2,0.0,0.018167760223150253,-0.10054005682468414,0.2077769632287865
5487,110,43,0.2,0.0,0.01801556721329689,-0.10704319179058075,0.21113166196810254
5488,110,44,0.2,0.0,0.012837465852499008,-0.11133797466754913,0.2177750187500538
5489,110,45,0.2,0.0,0.014534909278154373,-0.09151410311460495,0.2068142426075462
5490,110,46,0.2,0.0,-0.0044593773782253265,-0.10810572654008865,0.23128010097855803
5491,110,47,0.2,0.0,-0.008731864392757416,-0.11819899082183838,0.2398749520983329
5492,110,48,0.2,0.0,-0.005318108946084976,-0.12249211966991425,0.23908125238593053
5493,111,0,0.3,0.0,-0.06429331749677658,-0.13938650488853455,0.3900489955349824
5494,111,1,0.3,0.0,-0.013393666595220566,-0.13827931880950928,0.3425445376479067
5495,111,2,0.3,0.0,0.045023445039987564,-0.12688371539115906,0.2848025997260925
5496,111,3,0.3,0.0,0.058632317930459976,-0.12087570875883102,0.26994313274386567
5497,111,4,0.3,0.0,-0.009934842586517334,-0.13065770268440247,0.3363495829042976
5498,111,5,0.3,0.0,0.005752798169851303,-0.11620376259088516,0.3163617078995988
5499,111,6,0.3,0.0,-0.00031998753547668457,-0.12790875136852264,0.3264241773980037
5500,111,7,0.3,0.0,-0.018887270241975784,-0.13747067749500275,0.34725679013276894
5501,111,8,0.3,0.0,-0.12002626061439514,-0.0902184545993805,0.4296061325865964
5502,111,9,0.3,0.0,0.03864555433392525,-0.12331492453813553,0.2889856689928884
5503,111,10,0.3,0.0,-0.023778248578310013,-0.14001718163490295,0.35275652425634785
5504,111,11,0.3,0.0,-0.11678199470043182,-0.163893461227417,0.44784852097508776
5505,111,12,0.3,0.0,0.016875389963388443,-0.1352531462907791,0.3137721440630737
5506,111,13,0.3,0.0,0.018845360726118088,-0.11615407466888428,0.30420338631812005
5507,111,14,0.3,0.0,-0.01526707410812378,-0.13912808895111084,0.34460115082785986
5508,111,15,0.3,0.0,0.02916112169623375,-0.12594346702098846,0.29868956273380076
5509,111,16,0.3,0.0,-0.041130512952804565,-0.14503894746303558,0.3706835889928616
5510,111,17,0.3,0.0,-0.06702513992786407,-0.14188982546329498,0.39349736455162254
5511,111,18,0.3,0.0,-0.039408523589372635,-0.13595591485500336,0.36562570570075986
5512,111,19,0.3,0.0,-0.045966826379299164,-0.1344819813966751,0.3711851940411145
5513,111,20,0.3,0.0,-0.02645888552069664,-0.13406634330749512,0.35291527077084445
5514,111,21,0.3,0.0,0.01663101091980934,-0.11434455960988998,0.3055694066569965
5515,111,22,0.3,0.0,0.036516766995191574,-0.1136460080742836,0.2869474328616416
5516,111,23,0.3,0.0,-0.03083549067378044,-0.14402401447296143,0.36082549609786285
5517,111,24,0.3,0.0,0.00911969318985939,-0.11508648842573166,0.31281984065613166
5518,111,25,0.3,0.0,0.021851886063814163,-0.1258503794670105,0.30529443378196064
5519,111,26,0.3,0.0,-0.026227831840515137,-0.13183429837226868,0.35185917707894415
5520,111,27,0.3,0.0,-0.05186060070991516,-0.1326507031917572,0.37603469439562354
5521,111,28,0.3,0.0,-0.033482715487480164,-0.13737718760967255,0.36067050503811204
5522,111,29,0.3,0.0,-0.0570857897400856,-0.13444414734840393,0.3815566668144326
5523,111,30,0.3,0.0,-0.03323301672935486,-0.1440829485654831,0.3630483982967975
5524,111,31,0.3,0.0,0.14236636459827423,-0.09307180345058441,0.18305934449655506
5525,111,32,0.3,0.0,-0.0564417690038681,-0.13296747207641602,0.3804353865257533
5526,111,33,0.3,0.0,-0.06778021156787872,-0.14997924864292145,0.3971851697186199
5527,111,34,0.3,0.0,-0.035282790660858154,-0.1300605684518814,0.3596252232246222
5528,111,35,0.3,0.0,-0.05137653648853302,-0.15036742389202118,0.38219868205241125
5529,111,36,0.3,0.0,-0.059535108506679535,-0.1484774351119995,0.38898720157139854
5530,111,37,0.3,0.0,0.03866765275597572,-0.11813748627901077,0.286794458419954
5531,111,38,0.3,0.0,-0.047394048422575,-0.1502106636762619,0.37847835917194717
5532,111,39,0.3,0.0,-0.06076689064502716,-0.15036390721797943,0.390847865517439
5533,111,40,0.3,0.0,-0.022543389350175858,-0.1376957893371582,0.3507055294897447
5534,111,41,0.3,0.0,0.023028772324323654,-0.13112084567546844,0.3064404299873327
5535,111,42,0.3,0.0,-0.10221459716558456,-0.16468387842178345,0.4346232414230907
5536,111,43,0.3,0.0,-0.007851462811231613,-0.14127464592456818,0.33871972002841405
5537,111,44,0.3,0.0,0.07681949436664581,-0.0922403410077095,0.24149082509275208
5538,111,45,0.3,0.0,-0.050239793956279755,-0.1431499421596527,0.37836466432642624
5539,111,46,0.3,0.0,-0.06237446144223213,-0.15776634216308594,0.39522837578426434
5540,111,47,0.3,0.0,-0.02556975930929184,-0.1250535100698471,0.34876073253378104
5541,111,48,0.3,0.0,0.024186592549085617,-0.11211452633142471,0.297729244019132
5542,112,0,0.4,0.0,-0.19034716486930847,-0.11387474834918976,0.6012297675438416
5543,112,1,0.4,0.0,-0.17611701786518097,-0.10712502151727676,0.5859919696625084
5544,112,2,0.4,0.0,-0.10720290243625641,-0.03320559859275818,0.5082886935764616
5545,112,3,0.4,0.0,-0.09152859449386597,-0.015846289694309235,0.49178396080208975
5546,112,4,0.4,0.0,-0.1298695057630539,-0.03952225670218468,0.5313414174637776
5547,112,5,0.4,0.0,-0.0817270278930664,-0.00015269266441464424,0.481727052092507
5548,112,6,0.4,0.0,-0.08517099171876907,0.002955393400043249,0.48517999294645586
5549,112,7,0.4,0.0,-0.08697278052568436,-0.014430558308959007,0.48718654536637673
5550,112,8,0.4,0.0,-0.08619743585586548,-0.012941364198923111,0.48636963879352874
5551,112,9,0.4,0.0,-0.0749233216047287,0.0058277021162211895,0.47495907562233614
5552,112,10,0.4,0.0,-0.09686274826526642,-0.028722360730171204,0.49769223885813973
5553,112,11,0.4,0.0,-0.08654637634754181,-0.02100968174636364,0.48699977727305716
5554,112,12,0.4,0.0,-0.10363303869962692,-0.020790226757526398,0.5040619715852895
5555,112,13,0.4,0.0,-0.08774907141923904,-0.005540468264371157,0.48778053821254336
5556,112,14,0.4,0.0,-0.08734136074781418,-0.017906414344906807,0.48767021804721955
5557,112,15,0.4,0.0,-0.044549986720085144,0.026543643325567245,0.4453417291180143
5558,112,16,0.4,0.0,-0.08122703433036804,-0.007593221962451935,0.48128693685801643
5559,112,17,0.4,0.0,-0.07093545794487,0.009326748549938202,0.4710278057485123
5560,112,18,0.4,0.0,-0.08123146742582321,-0.0046866764314472675,0.4812542884762527
5561,112,19,0.4,0.0,-0.07350543141365051,0.005896118935197592,0.47354213940971007
5562,112,20,0.4,0.0,-0.05124695226550102,0.022906268015503883,0.4518279639899477
5563,112,21,0.4,0.0,-0.08480609953403473,-0.014042584225535393,0.48500943116308126
5564,112,22,0.4,0.0,-0.15802247822284698,-0.07939349859952927,0.563642097276136
5565,112,23,0.4,0.0,-0.08299081772565842,-0.02591025084257126,0.48368530172626206
5566,112,24,0.4,0.0,-0.08344163000583649,-0.009330879896879196,0.4835316690169839
5567,112,25,0.4,0.0,-0.07882195711135864,-0.016533169895410538,0.47910730772838594
5568,112,26,0.4,0.0,-0.08693423867225647,-0.0141021478921175,0.4871384026809026
5569,112,27,0.4,0.0,-0.10042507201433182,-0.029727082699537277,0.5013072432614297
5570,112,28,0.4,0.0,-0.11320342868566513,-0.04183501377701759,0.514905746319116
5571,112,29,0.4,0.0,-0.10660192370414734,-0.04790443554520607,0.5088618123279124
5572,112,30,0.4,0.0,-0.13448482751846313,-0.04705258831381798,0.5365519331010474
5573,112,31,0.4,0.0,-0.07079175114631653,0.00033463677391409874,0.4707918700754992
5574,112,32,0.4,0.0,-0.1772914081811905,-0.1051967591047287,0.5867978596467103
5575,112,33,0.4,0.0,-0.062360979616642,0.000761635135859251,0.46236160692702527
5576,112,34,0.4,0.0,-0.13859249651432037,-0.04412633925676346,0.5403970865185445
5577,112,35,0.4,0.0,-0.07966732978820801,-0.02450466901063919,0.4802928544851261
5578,112,36,0.4,0.0,-0.049502547830343246,0.014504469931125641,0.449736500802362
5579,112,37,0.4,0.0,-0.1742161512374878,-0.1070428267121315,0.5841081707119983
5580,112,38,0.4,0.0,-0.09239639341831207,-0.016988784074783325,0.4926893818986774
5581,112,39,0.4,0.0,-0.08694980293512344,-0.013378506526350975,0.4871335494660896
5582,112,40,0.4,0.0,-0.0679185539484024,-0.0006014113314449787,0.46791894044241633
5583,112,41,0.4,0.0,-0.08799783885478973,-0.014702538028359413,0.4882192697461057
5584,112,42,0.4,0.0,-0.0740213617682457,-0.0066997939720749855,0.4740687066785682
5585,112,43,0.4,0.0,-0.07411631941795349,-0.00033003976568579674,0.4741164342908542
5586,112,44,0.4,0.0,-0.0967266708612442,-0.034958548843860626,0.49795530490412837
5587,112,45,0.4,0.0,-0.0891335979104042,-0.016554972156882286,0.48941367339694564
5588,112,46,0.4,0.0,-0.08498033881187439,-0.01678057760000229,0.48527056042858213
5589,112,47,0.4,0.0,-0.07392849028110504,0.0018044435419142246,0.47393192540345225
5590,112,48,0.4,0.0,-0.0874798446893692,-0.011712148785591125,0.4876205219302684
5591,113,0,0.5,0.0,-0.14913822710514069,0.11804657429456711,0.6597843826523085
5592,113,1,0.5,0.0,-0.21464577317237854,0.06902537494897842,0.717971506050201
5593,113,2,0.5,0.0,-0.11747115850448608,0.0987434908747673,0.6253166466479262
5594,113,3,0.5,0.0,-0.12071159482002258,0.11012494564056396,0.6304049393813099
5595,113,4,0.5,0.0,-0.09583555161952972,0.09909825772047043,0.6040202556677897
5596,113,5,0.5,0.0,-0.13495704531669617,0.10491543263196945,0.6435663892728257
5597,113,6,0.5,0.0,-0.11587552726268768,0.12598437070846558,0.6286292442639793
5598,113,7,0.5,0.0,-0.22020266950130463,0.08830887824296951,0.7255965429447255
5599,113,8,0.5,0.0,-0.1476791501045227,0.1137397363781929,0.6575903049099019
5600,113,9,0.5,0.0,-0.15168258547782898,0.13447599112987518,0.665412642204392
5601,113,10,0.5,0.0,-0.15339864790439606,0.10105402022600174,0.6611669290634024
5602,113,11,0.5,0.0,-0.12642823159694672,0.12095426768064499,0.6379986396630004
5603,113,12,0.5,0.0,-0.23830290138721466,0.053819335997104645,0.7402619098156735
5604,113,13,0.5,0.0,-0.1735849827528,0.1286151111125946,0.6857540198909482
5605,113,14,0.5,0.0,-0.11975730955600739,0.08255112171173096,0.625231005664279
5606,113,15,0.5,0.0,-0.12592573463916779,0.10697425901889801,0.6350011947833044
5607,113,16,0.5,0.0,-0.13940203189849854,0.07823619991540909,0.6441706772068505
5608,113,17,0.5,0.0,-0.21259360015392303,0.04480829834938049,0.7140009962046946
5609,113,18,0.5,0.0,-0.11123092472553253,0.12241940945386887,0.6233696777610085
5610,113,19,0.5,0.0,-0.14845718443393707,0.09660417586565018,0.6556135194141977
5611,113,20,0.5,0.0,-0.14073896408081055,0.10199924558401108,0.6488068018995005
5612,113,21,0.5,0.0,-0.1331481635570526,0.07462097704410553,0.6375303029901286
5613,113,22,0.5,0.0,-0.1470220983028412,0.10927005857229233,0.6561840758450358
5614,113,23,0.5,0.0,-0.1959569752216339,0.08089738339185715,0.7006429176115998
5615,113,24,0.5,0.0,-0.1544906049966812,0.12339887768030167,0.6660219478678461
5616,113,25,0.5,0.0,-0.13390836119651794,0.08829773962497711,0.6400283596980179
5617,113,26,0.5,0.0,-0.13534899055957794,0.11422347277402878,0.6455349266597695
5618,113,27,0.5,0.0,-0.13112637400627136,0.04049833118915558,0.6324243945290302
5619,113,28,0.5,0.0,-0.2256474494934082,0.06106507033109665,0.7282123067971524
5620,113,29,0.5,0.0,-0.11577144265174866,0.07242592424154282,0.6200161159902681
5621,113,30,0.5,0.0,-0.13393211364746094,0.12833955883979797,0.6467928316522465
5622,113,31,0.5,0.0,-0.1114712655544281,0.1199798658490181,0.6231310269982409
5623,113,32,0.5,0.0,-0.08952151983976364,0.09261060506105423,0.596751494781504
5624,113,33,0.5,0.0,-0.1267027109861374,0.13746285438537598,0.6416013749152577
5625,113,34,0.5,0.0,-0.1526920199394226,0.10296961665153503,0.6607644170549498
5626,113,35,0.5,0.0,-0.1439063996076584,0.09221494197845459,0.6504760156837354
5627,113,36,0.5,0.0,-0.2133469432592392,0.06650839000940323,0.7164406656513456
5628,113,37,0.5,0.0,-0.09964220225811005,0.0953325480222702,0.6071730111272854
5629,113,38,0.5,0.0,-0.13534724712371826,0.1498579978942871,0.6527813906359243
5630,113,39,0.5,0.0,-0.1333242952823639,0.08973332494497299,0.6396496952243337
5631,113,40,0.5,0.0,-0.12985290586948395,0.11089805513620377,0.6395412900393731
5632,113,41,0.5,0.0,-0.1286483108997345,0.10105262696743011,0.6367184088858338
5633,113,42,0.5,0.0,-0.1504274159669876,0.12444249540567398,0.6622248546409927
5634,113,43,0.5,0.0,-0.1284485012292862,0.09851652383804321,0.6361234346936668
5635,113,44,0.5,0.0,-0.14414983987808228,0.09583904594182968,0.6512404616898425
5636,113,45,0.5,0.0,-0.11598461866378784,0.15632449090480804,0.6355111304194597
5637,113,46,0.5,0.0,-0.20375372469425201,0.005478785838931799,0.7037750507905931
5638,113,47,0.5,0.0,-0.14059928059577942,0.08873628824949265,0.6467159864671099
5639,113,48,0.5,0.0,-0.1501026302576065,0.10098624974489212,0.6578994243084546
5640,113,49,0.5,0.0,-0.12516704201698303,0.127921462059021,0.638120467372409
5641,114,0,0.6,0.0,-0.05714879557490349,-0.012315237894654274,0.6572641817488217
5642,114,1,0.6,0.0,-0.02534407749772072,-0.0068528964184224606,0.6253816254502501
5643,114,2,0.6,0.0,-0.02768351510167122,-0.017619099467992783,0.6279307507969751
5644,114,3,0.6,0.0,-0.02668207883834839,-0.03697384148836136,0.6277718478010625
5645,114,4,0.6,0.0,-0.058646608144044876,0.008441472426056862,0.6587007005282254
5646,114,5,0.6,0.0,-0.0009572692215442657,-0.021283822134137154,0.6013340506863495
5647,114,6,0.6,0.0,-0.03416217491030693,0.02053453028202057,0.6344945476683578
5648,114,7,0.6,0.0,-0.014773432165384293,0.004626122768968344,0.6147908375279189
5649,114,8,0.6,0.0,0.0021034665405750275,-0.013867722824215889,0.5980573370999862
5650,114,9,0.6,0.0,-0.05962354689836502,0.03588595241308212,0.6605989897081084
5651,114,10,0.6,0.0,-0.03603111207485199,0.020855538547039032,0.6363729480542522
5652,114,11,0.6,0.0,-0.11565548926591873,0.11782778054475784,0.7252904005876165
5653,114,12,0.6,0.0,-0.08734381198883057,0.05534180998802185,0.6895681487801529
5654,114,13,0.6,0.0,-0.05665336921811104,0.019873198121786118,0.6569540252628676
5655,114,14,0.6,0.0,-0.07340735197067261,0.029201451689004898,0.6740401964785918
5656,114,15,0.6,0.0,-0.05657292902469635,0.03263857215642929,0.6573836684315175
5657,114,16,0.6,0.0,-0.029069773852825165,0.025750339031219482,0.6295965853905716
5658,114,17,0.6,0.0,-0.0536368265748024,0.02438534051179886,0.6540915424362669
5659,114,18,0.6,0.0,0.006386157125234604,-0.02751513384282589,0.5942511901905921
5660,114,19,0.6,0.0,-0.06669251620769501,0.04013383388519287,0.6678994204142357
5661,114,20,0.6,0.0,-0.06657908111810684,0.03538135439157486,0.6675174242091676
5662,114,21,0.6,0.0,-0.07135243713855743,0.04343336075544357,0.6727559376760589
5663,114,22,0.6,0.0,-0.05641360208392143,0.031221121549606323,0.6571556706227254
5664,114,23,0.6,0.0,-0.06102287024259567,0.04530702531337738,0.6625737404444176
5665,114,24,0.6,0.0,-0.07186552882194519,0.03861144557595253,0.6729740950056375
5666,114,25,0.6,0.0,-0.04611299932003021,0.01729176566004753,0.6463443455697336
5667,114,26,0.6,0.0,0.016339879482984543,-0.009809406474232674,0.5837425466224933
5668,114,27,0.6,0.0,-0.05631772801280022,0.023543283343315125,0.6567398619655027
5669,114,28,0.6,0.0,0.017846260219812393,-0.02726425789296627,0.5827918294713067
5670,114,29,0.6,0.0,-0.02178167924284935,-0.02628672495484352,0.6223370859517446
5671,114,30,0.6,0.0,-0.0753822922706604,0.04239243268966675,0.6767114296818989
5672,114,31,0.6,0.0,-0.06468804180622101,0.05177067965269089,0.6667011295864813
5673,114,32,0.6,0.0,-0.06525822728872299,0.044945307075977325,0.6667747667717249
5674,114,33,0.6,0.0,-0.07601078599691391,0.04638106748461723,0.6776000193367603
5675,114,34,0.6,0.0,-0.016002260148525238,0.03543216362595558,0.6170204394728815
5676,114,35,0.6,0.0,-0.05308075621724129,0.028849411755800247,0.6537176475359522
5677,114,36,0.6,0.0,0.029032643884420395,-0.03680041432380676,0.5721520709077429
5678,114,37,0.6,0.0,-0.04994639754295349,0.04026324674487114,0.6511923285155479
5679,114,38,0.6,0.0,-0.046607695519924164,0.01805199310183525,0.6468596342024563
5680,114,39,0.6,0.0,-0.059474751353263855,0.028574250638484955,0.6600935050975734
5681,114,40,0.6,0.0,0.01498660072684288,-0.021482637152075768,0.5854077049613732
5682,114,41,0.6,0.0,-0.06835061311721802,0.04624561220407486,0.6699486537804901
5683,114,42,0.6,0.0,0.0063745491206645966,-0.024201825261116028,0.5941185944554032
5684,114,43,0.6,0.0,-0.07486741989850998,0.05459992215037346,0.6770725115815134
5685,114,44,0.6,0.0,-0.019685253500938416,-0.013414822518825531,0.6198304371920872
5686,114,45,0.6,0.0,-0.07347304373979568,0.04418051987886429,0.6749206316159786
5687,114,46,0.6,0.0,-0.049064625054597855,0.04731803014874458,0.6507871260822721
5688,114,47,0.6,0.0,-0.12431436777114868,-0.020665666088461876,0.7246091174658228
5689,114,48,0.6,0.0,-0.04556245356798172,-0.005304368678480387,0.6455842453032677
5690,115,0,0.8,0.0,-0.2828783392906189,-0.0920904353260994,1.0867870748142707
5691,115,1,0.8,0.0,-0.3304187059402466,-0.05836369842290878,1.1319243667459509
5692,115,2,0.8,0.0,-0.19025681912899017,0.0037257769145071507,0.990263828100917
5693,115,3,0.8,0.0,-0.22224077582359314,-0.05431078374385834,1.0236825020421585
5694,115,4,0.8,0.0,-0.31888657808303833,-0.08320019394159317,1.1219756890798882
5695,115,5,0.8,0.0,-0.21104946732521057,-0.0625959187746048,1.0129853278433154
5696,115,6,0.8,0.0,-0.2326115071773529,-0.10868217051029205,1.0383151443284995
5697,115,7,0.8,0.0,-0.3751610815525055,-0.07591640949249268,1.1776106609681685
5698,115,8,0.8,0.0,-0.1668362319469452,-0.030565712600946426,0.9673192659056115
5699,115,9,0.8,0.0,-0.2083994448184967,-0.07751346379518509,1.011374202449212
5700,115,10,0.8,0.0,-0.18836770951747894,-0.041476670652627945,0.9892376071628364
5701,115,11,0.8,0.0,-0.17621295154094696,-0.017338262870907784,0.9763669095763478
5702,115,12,0.8,0.0,-0.21710719168186188,-0.04367747902870178,1.0180445773861115
5703,115,13,0.8,0.0,-0.21913400292396545,-0.049771592020988464,1.0203486302671891
5704,115,14,0.8,0.0,-0.20270928740501404,-0.032179370522499084,1.0032255115055115
5705,115,15,0.8,0.0,-0.1932886242866516,-0.03932630643248558,0.994066823465551
5706,115,16,0.8,0.0,-0.23484058678150177,-0.08590605109930038,1.0384001587373524
5707,115,17,0.8,0.0,-0.17218303680419922,-0.025528257712721825,0.9725181484125025
5708,115,18,0.8,0.0,-0.24428147077560425,-0.12156860530376434,1.051333779539477
5709,115,19,0.8,0.0,-0.21208462119102478,-0.04967159777879715,1.0133027919024395
5710,115,20,0.8,0.0,-0.20329204201698303,-0.0480785146355629,1.0044433608442886
5711,115,21,0.8,0.0,-0.14008541405200958,0.0016918792389333248,0.9400869364950762
5712,115,22,0.8,0.0,-0.15075825154781342,0.04757770150899887,0.951947945303279
5713,115,23,0.8,0.0,-0.18718667328357697,-0.04582560434937477,0.9882497224500907
5714,115,24,0.8,0.0,-0.13611187040805817,0.018161259591579437,0.9362880247385554
5715,115,25,0.8,0.0,-0.18701091408729553,-0.03375702723860741,0.9875880119844646
5716,115,26,0.8,0.0,-0.1434718668460846,0.03497103974223137,0.944119768435493
5717,115,27,0.8,0.0,-0.25879064202308655,-0.08626873046159744,1.062299353991668
5718,115,28,0.8,0.0,-0.2480747103691101,-0.07477179914712906,1.0507385119348167
5719,115,29,0.8,0.0,-0.1584034562110901,-0.048644497990608215,0.9596371564618167
5720,115,30,0.8,0.0,-0.21863922476768494,-0.03186222165822983,1.0191374153686579
5721,115,31,0.8,0.0,-0.14374583959579468,0.038817234337329865,0.9445437985800186
5722,115,32,0.8,0.0,-0.2855841815471649,-0.06616763025522232,1.087598809542848
5723,115,33,0.8,0.0,-0.1431715339422226,-0.039538923650979996,0.9439999305733042
5724,115,34,0.8,0.0,-0.2121424525976181,-0.08383352309465408,1.0156083910370097
5725,115,35,0.8,0.0,-0.19564662873744965,-0.010829455219209194,0.9957055219373817
5726,115,36,0.8,0.0,-0.16061076521873474,-0.03788117319345474,0.961357386998527
5727,115,37,0.8,0.0,-0.24225874245166779,-0.05233394354581833,1.0435718125093207
5728,115,38,0.8,0.0,-0.09912092983722687,0.012813745066523552,0.8992122321977106
5729,115,39,0.8,0.0,-0.301638126373291,-0.062425896525382996,1.1034054350220743
5730,115,40,0.8,0.0,-0.2543790936470032,-0.10647668689489365,1.059741741167153
5731,115,41,0.8,0.0,-0.1693931370973587,-0.05242718383669853,0.9708097979813067
5732,115,42,0.8,0.0,-0.226236030459404,-0.03682184964418411,1.026896410951121
5733,115,43,0.8,0.0,-0.22904406487941742,-0.038850054144859314,1.0297771672408615
5734,115,44,0.8,0.0,-0.11847200989723206,0.005235058721154928,0.9184869290330022
5735,115,45,0.8,0.0,-0.22863264381885529,-0.04211275279521942,1.0294943418386326
5736,115,46,0.8,0.0,-0.22618122398853302,-0.03674941882491112,1.0268390449581535
5737,115,47,0.8,0.0,-0.17564091086387634,-0.04608573764562607,0.9767287659148961
5738,115,48,0.8,0.0,-0.23692193627357483,-0.06658674776554108,1.039057696619072
5739,115,49,0.8,0.0,-0.17651981115341187,-0.033912885934114456,0.9771085023719093
5740,116,0,1.0,0.0,-0.3287743330001831,-0.054756343364715576,1.329902058491059
5741,116,1,1.0,0.0,-0.2465384602546692,-0.009571928530931473,1.2465752102099106
5742,116,2,1.0,0.0,-0.26557332277297974,-0.021016202867031097,1.2657478090431715
5743,116,3,1.0,0.0,-0.3371611535549164,0.008884115144610405,1.3371906663143507
5744,116,4,1.0,0.0,-0.32354459166526794,0.017205849289894104,1.3236564234634935
5745,116,5,1.0,0.0,-0.35208141803741455,-0.02309153415262699,1.3522785881435777
5746,116,6,1.0,0.0,-0.38325798511505127,0.013331295922398567,1.3833222245144194
5747,116,7,1.0,0.0,-0.3674043118953705,-0.04874145984649658,1.3682727367370948
5748,116,8,1.0,0.0,-0.28902360796928406,0.05188403278589249,1.2900673683030193
5749,116,9,1.0,0.0,-0.3174133598804474,0.009972717612981796,1.317451105691622
5750,116,10,1.0,0.0,-0.3589935898780823,-0.05202370136976242,1.3599889862914065
5751,116,11,1.0,0.0,-0.327682763338089,-0.035903576761484146,1.3281681320109031
5752,116,12,1.0,0.0,-0.3676338195800781,-0.02884642779827118,1.3679380032939776
5753,116,13,1.0,0.0,-0.2831488251686096,-0.018058180809020996,1.2832758882741133
5754,116,14,1.0,0.0,-0.24263927340507507,0.003758640494197607,1.2426449578166152
5755,116,15,1.0,0.0,-0.29631850123405457,0.02955683320760727,1.2966554141447788
5756,116,16,1.0,0.0,-0.3260432183742523,-0.042965471744537354,1.3267391035009768
5757,116,17,1.0,0.0,-0.27150866389274597,-0.0013756048865616322,1.271509408004172
5758,116,18,1.0,0.0,-0.2992335259914398,-0.010921826586127281,1.2992794315912672
5759,116,19,1.0,0.0,-0.35421526432037354,-0.03516734763979912,1.3546718142998022
5760,116,20,1.0,0.0,-0.3070777356624603,-0.03953171148896217,1.3076754044019299
5761,116,21,1.0,0.0,-0.32371169328689575,0.05997971445322037,1.3250698898889637
5762,116,22,1.0,0.0,-0.32704001665115356,-0.005114119965583086,1.3270498709605891
5763,116,23,1.0,0.0,-0.15105918049812317,-0.00948670506477356,1.1510982732078079
5764,116,24,1.0,0.0,-0.3166167438030243,0.003140287008136511,1.316620488776083
5765,116,25,1.0,0.0,-0.2954612672328949,-0.041363827884197235,1.296121468519788
5766,116,26,1.0,0.0,-0.3197539448738098,0.026353031396865845,1.3200170291605284
5767,116,27,1.0,0.0,-0.35876941680908203,0.008036110550165176,1.358793180409906
5768,116,28,1.0,0.0,-0.2855653166770935,-0.003530182410031557,1.2855701636359347
5769,116,29,1.0,0.0,-0.32218992710113525,0.02691781520843506,1.3224639020038698
5770,116,30,1.0,0.0,-0.32775989174842834,0.031917035579681396,1.3281434513244392
5771,116,31,1.0,0.0,-0.26411232352256775,-0.005138006526976824,1.2641227652378926
5772,116,32,1.0,0.0,-0.3396548926830292,-0.03903420642018318,1.3402234518021359
5773,116,33,1.0,0.0,-0.35923245549201965,-0.03589417040348053,1.3597063137059484
5774,116,34,1.0,0.0,-0.01971403881907463,-0.00560757564380765,1.019729457194069
5775,116,35,1.0,0.0,-0.3243548274040222,0.04116439446806908,1.3249944212109952
5776,116,36,1.0,0.0,-0.3859670162200928,-0.04520229250192642,1.3867039400309846
5777,116,37,1.0,0.0,-0.2941039502620697,0.05507412552833557,1.2952753349719142
5778,116,38,1.0,0.0,-0.26920783519744873,0.011415764689445496,1.2692591731439402
5779,116,39,1.0,0.0,-0.33472540974617004,0.06176670640707016,1.3361538255165304
5780,116,40,1.0,0.0,-0.270820677280426,0.03782680630683899,1.2713835224191228
5781,116,41,1.0,0.0,-0.3473169505596161,-0.05070589482784271,1.348270763991994
5782,116,42,1.0,0.0,-0.3422248065471649,-0.0447903648018837,1.3429719312367105
5783,116,43,1.0,0.0,-0.3118892014026642,-0.009713584557175636,1.311925161921163
5784,116,44,1.0,0.0,-0.3082611858844757,0.06360102444887161,1.3098062531545651
5785,116,45,1.0,0.0,0.179438516497612,0.0426807776093483,0.8216707351396777
5786,116,46,1.0,0.0,-0.20268034934997559,0.013457462191581726,1.202755638523976
5787,116,47,1.0,0.0,-0.28463834524154663,-0.0117400623857975,1.2846919892058803
5788,116,48,1.0,0.0,-0.301454097032547,0.005683328490704298,1.3014665062557451
5789,116,49,1.0,0.0,-0.3574889302253723,-0.05298008397221565,1.3585223903131405
5790,117,0,-0.5,0.1,0.06896589696407318,0.04405752569437027,0.5717094999556753
5791,117,1,-0.5,0.1,0.07847288250923157,0.1284317970275879,0.5791711688963438
5792,117,2,-0.5,0.1,0.06632424890995026,0.06376374512910843,0.5674823530916953
5793,117,3,-0.5,0.1,0.07105401158332825,0.08981316536664963,0.5711448640627518
5794,117,4,-0.5,0.1,0.08113382756710052,0.10052376240491867,0.5811340635944905
5795,117,5,-0.5,0.1,0.09742991626262665,0.04741435497999191,0.5997397393100939
5796,117,6,-0.5,0.1,0.07112523913383484,0.09394419193267822,0.5711573439841496
5797,117,7,-0.5,0.1,0.015792135149240494,0.06842640042304993,0.5167576016587061
5798,117,8,-0.5,0.1,0.05146418884396553,0.03156743571162224,0.5556939512289258
5799,117,9,-0.5,0.1,0.0669187605381012,0.005006495397537947,0.5748222742437135
5800,117,10,-0.5,0.1,0.062141600996255875,0.07121539115905762,0.5628780802951557
5801,117,11,-0.5,0.1,0.0805046409368515,0.11116509139537811,0.5806120024724687
5802,117,12,-0.5,0.1,0.08004626631736755,0.11294881999492645,0.5801907815606686
5803,117,13,-0.5,0.1,0.07518592476844788,0.07725241780281067,0.5756355622679618
5804,117,14,-0.5,0.1,0.0694667398929596,0.12894581258296967,0.5702019185432509
5805,117,15,-0.5,0.1,0.03161294385790825,0.03328191861510277,0.5357831879230192
5806,117,16,-0.5,0.1,0.06385529041290283,0.05943810194730759,0.5653123526867744
5807,117,17,-0.5,0.1,0.0754801332950592,0.07142297178506851,0.5761892313805388
5808,117,18,-0.5,0.1,0.0789610892534256,0.09030731767416,0.5790422186336526
5809,117,19,-0.5,0.1,0.08106310665607452,0.10805099457502365,0.5811188797745739
5810,117,20,-0.5,0.1,0.07489322125911713,0.10441136360168457,0.5749101460041477
5811,117,21,-0.5,0.1,0.07871070504188538,0.11303070187568665,0.5788573911780422
5812,117,22,-0.5,0.1,0.05198245868086815,0.08252009004354477,0.5522591619370946
5813,117,23,-0.5,0.1,0.07368203997612,0.09394055604934692,0.5737140401385987
5814,117,24,-0.5,0.1,0.0611506886780262,0.08108862489461899,0.5614692649755635
5815,117,25,-0.5,0.1,0.06765285134315491,0.07188606262207031,0.5683486193463516
5816,117,26,-0.5,0.1,0.06715235114097595,0.07105591893196106,0.5678904377022121
5817,117,27,-0.5,0.1,0.06976528465747833,0.09288202971220016,0.5698097446532793
5818,117,28,-0.5,0.1,0.08775225281715393,0.12198307365179062,0.5881632139285996
5819,117,29,-0.5,0.1,0.06395860016345978,0.07298870384693146,0.5646050945733645
5820,117,30,-0.5,0.1,0.08446943759918213,0.05997350066900253,0.5858384112843734
5821,117,31,-0.5,0.1,0.07979422807693481,0.041904039680957794,0.5826975952556527
5822,117,32,-0.5,0.1,0.052043359726667404,0.024088919162750244,0.5572381566369861
5823,117,33,-0.5,0.1,0.06802499294281006,0.10010095685720444,0.5680250019144989
5824,117,34,-0.5,0.1,0.07255087792873383,0.05907237529754639,0.5740118276488289
5825,117,35,-0.5,0.1,0.07556353509426117,0.0884094312787056,0.5756802273949365
5826,117,36,-0.5,0.1,0.07565081119537354,0.1203494444489479,0.5760103786558645
5827,117,37,-0.5,0.1,0.07067488133907318,0.09399992972612381,0.5707064228083093
5828,117,38,-0.5,0.1,0.07638134062290192,0.08266086131334305,0.5766420861753405
5829,117,39,-0.5,0.1,0.06298914551734924,0.10046999156475067,0.5629893416952277
5830,117,40,-0.5,0.1,0.06645327806472778,0.05506408214569092,0.5682328333911065
5831,117,41,-0.5,0.1,0.07452140748500824,0.03480728343129158,0.5782083862693128
5832,117,42,-0.5,0.1,0.0633365660905838,0.08162420243024826,0.5636361917328013
5833,117,43,-0.5,0.1,0.062389273196458817,0.025141805410385132,0.5673494900884796
5834,117,44,-0.5,0.1,0.06792832911014557,0.11514236778020859,0.5681301596534309
5835,117,45,-0.5,0.1,0.09141628444194794,0.09855209290981293,0.5914180568244944
5836,117,46,-0.5,0.1,0.07765035331249237,0.09241940826177597,0.5777000917891124
5837,117,47,-0.5,0.1,0.08076919615268707,0.08349780738353729,0.5810035985783472
5838,117,48,-0.5,0.1,0.0819898396730423,0.10180827230215073,0.5819926488636882
5839,118,0,-0.4,0.1,0.12859435379505157,-0.17173616588115692,0.594350515026108
5840,118,1,-0.4,0.1,0.1477266103029251,-0.24237990379333496,0.6459322241191143
5841,118,2,-0.4,0.1,0.13283737003803253,-0.2791852653026581,0.6539855719598823
5842,118,3,-0.4,0.1,0.14746740460395813,-0.22367608547210693,0.6359927416333779
5843,118,4,-0.4,0.1,0.16162632405757904,-0.22630158066749573,0.6495358723123266
5844,118,5,-0.4,0.1,0.1385095864534378,-0.2047150880098343,0.6187437753732102
5845,118,6,-0.4,0.1,0.13344790041446686,-0.2653028070926666,0.6465390965180566
5846,118,7,-0.4,0.1,0.11784277856349945,-0.14489449560642242,0.5728302168083398
5847,118,8,-0.4,0.1,0.14130517840385437,-0.24919962882995605,0.6441674292773639
5848,118,9,-0.4,0.1,0.1460534930229187,-0.23253749310970306,0.639339973383658
5849,118,10,-0.4,0.1,0.13062338531017303,-0.2666199803352356,0.644958438210585
5850,118,11,-0.4,0.1,0.12192830443382263,-0.2737285792827606,0.6419362943017599
5851,118,12,-0.4,0.1,0.12913861870765686,-0.27452921867370605,0.6482744892776391
5852,118,13,-0.4,0.1,0.08515067398548126,-0.22190749645233154,0.5822332975197955
5853,118,14,-0.4,0.1,0.001537557691335678,-0.09023527801036835,0.44432181044419244
5854,118,15,-0.4,0.1,0.14834122359752655,-0.24169224500656128,0.646089535431473
5855,118,16,-0.4,0.1,0.13758410513401031,-0.2363394796848297,0.6341300463527939
5856,118,17,-0.4,0.1,-0.024140000343322754,-0.11846435070037842,0.43473832574188276
5857,118,18,-0.4,0.1,0.13012520968914032,-0.2746594250202179,0.6491551607315738
5858,118,19,-0.4,0.1,0.13030850887298584,-0.23976054787635803,0.6298129440368249
5859,118,20,-0.4,0.1,0.14050529897212982,-0.18762721121311188,0.6122706842950948
5860,118,21,-0.4,0.1,0.14744609594345093,-0.19485126435756683,0.6217994017824252
5861,118,22,-0.4,0.1,0.15155331790447235,-0.24316172301769257,0.6495929730499734
5862,118,23,-0.4,0.1,0.12471577525138855,-0.22855176031589508,0.6190903843578408
5863,118,24,-0.4,0.1,0.11686256527900696,-0.2181163877248764,0.6069142835079099
5864,118,25,-0.4,0.1,0.1353333443403244,-0.1931246817111969,0.6103309500515984
5865,118,26,-0.4,0.1,-0.0324268713593483,-0.10299540311098099,0.4199013438688507
5866,118,27,-0.4,0.1,0.13063599169254303,-0.2376554161310196,0.6289560681972475
5867,118,28,-0.4,0.1,0.1299564689397812,-0.1988804191350937,0.6084269585689729
5868,118,29,-0.4,0.1,0.1318875551223755,-0.2397823929786682,0.6311548509457628
5869,118,30,-0.4,0.1,0.1049264669418335,-0.24855239689350128,0.6135466652167277
5870,118,31,-0.4,0.1,0.1164940893650055,-0.25339463353157043,0.6258225877658135
5871,118,32,-0.4,0.1,0.12149982154369354,-0.2582462728023529,0.6326945991921237
5872,118,33,-0.4,0.1,0.13130614161491394,-0.18108883500099182,0.6010799857589186
5873,118,34,-0.4,0.1,0.12966899573802948,-0.2580537497997284,0.6393369477761935
5874,118,35,-0.4,0.1,0.12864290177822113,-0.22482044994831085,0.6204608305970015
5875,118,36,-0.4,0.1,0.1160249263048172,-0.2482675164937973,0.6225527990561519
5876,118,37,-0.4,0.1,0.12049894034862518,-0.21718646585941315,0.6095296555775005
5877,118,38,-0.4,0.1,0.1421661674976349,-0.2089826762676239,0.6240308064611688
5878,118,39,-0.4,0.1,0.11879463493824005,-0.22876772284507751,0.614195480954915
5879,118,40,-0.4,0.1,0.1303948163986206,-0.25339075922966003,0.6373411095884542
5880,118,41,-0.4,0.1,0.13758186995983124,-0.1766577512025833,0.6045938952801123
5881,118,42,-0.4,0.1,0.13075529038906097,-0.22369322180747986,0.6216739339236307
5882,118,43,-0.4,0.1,0.13708551228046417,-0.2153390794992447,0.6228158496385586
5883,118,44,-0.4,0.1,0.12442605197429657,-0.24623405933380127,0.6284112569266322
5884,118,45,-0.4,0.1,0.12043483555316925,-0.2672472596168518,0.6369638669134551
5885,118,46,-0.4,0.1,0.1359795778989792,-0.24505825340747833,0.6374474928724619
5886,118,47,-0.4,0.1,0.13114677369594574,-0.13238978385925293,0.5797602149593938
5887,118,48,-0.4,0.1,0.12448623776435852,-0.24739272892475128,0.6291005656602107
5888,118,49,-0.4,0.1,0.1161893904209137,-0.26131030917167664,0.630076682870305
5889,119,0,-0.3,0.1,-0.14436198770999908,-0.10040488094091415,0.25374260023599593
5890,119,1,-0.3,0.1,-0.13435307145118713,-0.11095993220806122,0.26822191919171207
5891,119,2,-0.3,0.1,-0.13566987216472626,-0.10510628670454025,0.26281738861818577
5892,119,3,-0.3,0.1,-0.15583182871341705,-0.10198907554149628,0.2481613351233947
5893,119,4,-0.3,0.1,-0.2079111635684967,-0.09419695287942886,0.21492512720238943
5894,119,5,-0.3,0.1,-0.13300518691539764,-0.07488327473402023,0.2418086586101831
5895,119,6,-0.3,0.1,-0.16000500321388245,-0.11134587973356247,0.253506765206569
5896,119,7,-0.3,0.1,-0.17014217376708984,-0.09952214360237122,0.23805911203233102
5897,119,8,-0.3,0.1,-0.15388110280036926,-0.08299494534730911,0.23417489648017548
5898,119,9,-0.3,0.1,-0.16887687146663666,-0.09140344709157944,0.23200981529865491
5899,119,10,-0.3,0.1,-0.18070784211158752,-0.09317848831415176,0.2270430516025866
5900,119,11,-0.3,0.1,-0.14260993897914886,-0.09815966337919235,0.2530590514063903
5901,119,12,-0.3,0.1,-0.15760810673236847,-0.06879094988107681,0.22082988029271933
5902,119,13,-0.3,0.1,-0.14845967292785645,-0.09824206680059433,0.24952833061298582
5903,119,14,-0.3,0.1,-0.19343914091587067,-0.14222513139247894,0.26462847724092614
5904,119,15,-0.3,0.1,-0.18081846833229065,-0.10680019855499268,0.23868506365720835
5905,119,16,-0.3,0.1,-0.13174062967300415,-0.04301932454109192,0.22082966941746596
5906,119,17,-0.3,0.1,-0.22419609129428864,-0.135903000831604,0.24778308734943874
5907,119,18,-0.3,0.1,-0.2418319582939148,-0.11377984285354614,0.22155212092509463
5908,119,19,-0.3,0.1,-0.22245073318481445,-0.1150113046169281,0.22856891717083117
5909,119,20,-0.3,0.1,-0.25081560015678406,-0.05653858929872513,0.16408362236241705
5910,119,21,-0.3,0.1,-0.20700505375862122,-0.10682429373264313,0.2267693729418582
5911,119,22,-0.3,0.1,-0.14249275624752045,-0.08346358686685562,0.2418003712581006
5912,119,23,-0.3,0.1,-0.18416345119476318,-0.08739933371543884,0.2203102728337887
5913,119,24,-0.3,0.1,-0.2262389361858368,-0.12613433599472046,0.23786011109635466
5914,119,25,-0.3,0.1,-0.20038753747940063,-0.0744248554110527,0.2008648124350914
5915,119,26,-0.3,0.1,-0.13114707171916962,-0.1010289192199707,0.2625336887939541
5916,119,27,-0.3,0.1,-0.14512255787849426,-0.07129547744989395,0.2309310777545705
5917,119,28,-0.3,0.1,-0.17211131751537323,-0.12344621866941452,0.2574562637523381
5918,119,29,-0.3,0.1,-0.11403045803308487,-0.07118498533964157,0.25276267474672265
5919,119,30,-0.3,0.1,-0.12893076241016388,-0.09380391985177994,0.2585046293579342
5920,119,31,-0.3,0.1,-0.16609452664852142,-0.09498407691717148,0.23653639475718105
5921,119,32,-0.3,0.1,-0.129203662276268,-0.07556026428937912,0.24493426746210045
5922,119,33,-0.3,0.1,-0.13800951838493347,-0.06666482239961624,0.23241789767437623
5923,119,34,-0.3,0.1,-0.16419678926467896,-0.09844811260700226,0.24046655784807888
5924,119,35,-0.3,0.1,-0.12828779220581055,-0.07597579807043076,0.2458710308517047
5925,119,36,-0.3,0.1,-0.14269781112670898,-0.08875449001789093,0.2457076232562649
5926,119,37,-0.3,0.1,-0.19568021595478058,-0.09481669217348099,0.22098905152214682
5927,119,38,-0.3,0.1,-0.12231466919183731,-0.08933122456073761,0.2596505139183719
5928,119,39,-0.3,0.1,-0.11886720359325409,-0.077513188123703,0.253613922906391
5929,119,40,-0.3,0.1,-0.11555448174476624,-0.08578276634216309,0.261792638311677
5930,119,41,-0.3,0.1,-0.14194795489311218,-0.09816312044858932,0.2534740051137233
5931,119,42,-0.3,0.1,-0.14242041110992432,-0.09490926563739777,0.25064107537687225
5932,119,43,-0.3,0.1,-0.12981827557086945,-0.07871326059103012,0.24677975776134875
5933,119,44,-0.3,0.1,-0.16949626803398132,-0.08041401952505112,0.22266666229645599
5934,119,45,-0.3,0.1,-0.18400034308433533,-0.08788671344518661,0.220810637184411
5935,119,46,-0.3,0.1,-0.1460384726524353,-0.09611841291189194,0.24933227586149823
5936,119,47,-0.3,0.1,-0.1474788784980774,-0.09912807494401932,0.2508279943210391
5937,119,48,-0.3,0.1,-0.24085360765457153,-0.10958166420459747,0.21776769663622753
5938,119,49,-0.3,0.1,-0.18422722816467285,-0.09402842074632645,0.225943273313786
5939,120,0,-0.2,0.1,0.06862281262874603,0.011347908526659012,0.2828734854792439
5940,120,1,-0.2,0.1,0.061459604650735855,0.013867136090993881,0.27528166504379925
5941,120,2,-0.2,0.1,0.06867124140262604,0.015934746712446213,0.28151590144631033
5942,120,3,-0.2,0.1,0.07029369473457336,0.008879512548446655,0.2852395916535351
5943,120,4,-0.2,0.1,0.083411306142807,0.019430208951234818,0.29464123893171096
5944,120,5,-0.2,0.1,0.06762963533401489,0.00994141772389412,0.2823759372726365
5945,120,6,-0.2,0.1,0.08243921399116516,0.021882476285099983,0.2930430977028723
5946,120,7,-0.2,0.1,0.0695020854473114,0.004032404627650976,0.28607892865781087
5947,120,8,-0.2,0.1,0.06577849388122559,0.007224359083920717,0.28150582117810985
5948,120,9,-0.2,0.1,0.07245941460132599,0.016835827380418777,0.28486911417771626
5949,120,10,-0.2,0.1,0.06248559430241585,0.0147740188986063,0.275974917467127
5950,120,11,-0.2,0.1,0.05550770089030266,0.01015496626496315,0.27084371010067465
5951,120,12,-0.2,0.1,0.08942994475364685,0.02467891201376915,0.2990701576813183
5952,120,13,-0.2,0.1,0.0819767564535141,0.01855914667248726,0.29350213588789753
5953,120,14,-0.2,0.1,-0.05380113422870636,-0.04487617313861847,0.205823258880292
5954,120,15,-0.2,0.1,0.08487612009048462,0.021874714642763138,0.29539459035323906
5955,120,16,-0.2,0.1,0.07747045159339905,0.021213937550783157,0.2884390666045373
5956,120,17,-0.2,0.1,-0.07182559370994568,-0.05378054827451706,0.2001927457612263
5957,120,18,-0.2,0.1,0.0758741945028305,0.016412660479545593,0.2882592834943799
5958,120,19,-0.2,0.1,0.07038839161396027,0.012297332286834717,0.28425629323480284
5959,120,20,-0.2,0.1,0.08083565533161163,0.017840294167399406,0.2926070446315933
5960,120,21,-0.2,0.1,-0.06882694363594055,-0.050460636615753174,0.19961155749782236
5961,120,22,-0.2,0.1,0.059968251734972,0.016335470601916313,0.27309933245898016
5962,120,23,-0.2,0.1,0.06611146032810211,0.021113770082592964,0.2775578256661791
5963,120,24,-0.2,0.1,0.07489359378814697,0.01705130562186241,0.28713581073213496
5964,120,25,-0.2,0.1,0.0632210224866867,0.004898192826658487,0.27987436539735516
5965,120,26,-0.2,0.1,-0.05000375956296921,-0.04460946470499039,0.20835251240987573
5966,120,27,-0.2,0.1,0.08527539670467377,0.021538376808166504,0.29586868418084783
5967,120,28,-0.2,0.1,0.06572811305522919,0.012869065627455711,0.2796484038798099
5968,120,29,-0.2,0.1,-0.049558453261852264,-0.05085938051342964,0.21305213369938836
5969,120,30,-0.2,0.1,0.08899864554405212,0.018540330231189728,0.3002597124576328
5970,120,31,-0.2,0.1,0.08203579485416412,0.020876191556453705,0.2929245067276399
5971,120,32,-0.2,0.1,0.06814524531364441,0.018387287855148315,0.2802900415069236
5972,120,33,-0.2,0.1,0.09783504903316498,0.02557697892189026,0.3069926749923857
5973,120,34,-0.2,0.1,0.08113858103752136,0.02249239757657051,0.2916270395234629
5974,120,35,-0.2,0.1,-0.0637250542640686,-0.05009835585951805,0.2027322797855871
5975,120,36,-0.2,0.1,0.08896653354167938,0.021637214347720146,0.29940337954385166
5976,120,37,-0.2,0.1,0.06398622691631317,0.011503901332616806,0.27842465314849263
5977,120,38,-0.2,0.1,0.07781881093978882,0.01624477468430996,0.2901693117469181
5978,120,39,-0.2,0.1,-0.05909436568617821,-0.045039623975753784,0.2022149606344905
5979,120,40,-0.2,0.1,0.07302822172641754,0.013689238578081131,0.2863458702274597
5980,120,41,-0.2,0.1,0.09291549026966095,0.02286325767636299,0.3029019007141075
5981,120,42,-0.2,0.1,0.060702111572027206,0.011365529149770737,0.27535733220855746
5982,120,43,-0.2,0.1,0.07378625869750977,0.012473683804273605,0.2874365520917165
5983,120,44,-0.2,0.1,-0.08100057393312454,-0.06418970972299576,0.20277851016112966
5984,120,45,-0.2,0.1,0.06573788821697235,0.010603193193674088,0.28037192138511957
5985,120,46,-0.2,0.1,0.07999727129936218,0.018814271315932274,0.2915297488714517
5986,120,47,-0.2,0.1,0.0811460018157959,0.014026546850800514,0.29399746424655626
5987,120,48,-0.2,0.1,0.07986840605735779,0.022818928584456444,0.29031576342654447
5988,121,0,-0.1,0.1,-0.13439881801605225,-0.15262041985988617,0.2549516723049422
5989,121,1,-0.1,0.1,-0.13947224617004395,-0.15593010187149048,0.25895612613271
5990,121,2,-0.1,0.1,-0.13457860052585602,-0.16123159229755402,0.26351019795947594
5991,121,3,-0.1,0.1,-0.12815521657466888,-0.15042157471179962,0.2519993676609208
5992,121,4,-0.1,0.1,-0.1333780586719513,-0.14467717707157135,0.24694334528474604
5993,121,5,-0.1,0.1,-0.1260501891374588,-0.15004107356071472,0.2513944128684886
5994,121,6,-0.1,0.1,-0.13331423699855804,-0.16325588524341583,0.26535542109045107
5995,121,7,-0.1,0.1,-0.13573798537254333,-0.17542004585266113,0.27772901406941636
5996,121,8,-0.1,0.1,-0.15488561987876892,-0.15326450765132904,0.25914347783678987
5997,121,9,-0.1,0.1,-0.13282880187034607,-0.16224943101406097,0.26429622452740625
5998,121,10,-0.1,0.1,-0.1316513568162918,-0.16293396055698395,0.2648321657248111
5999,121,11,-0.1,0.1,-0.1331886500120163,-0.147927924990654,0.25013944606917055
6000,121,12,-0.1,0.1,-0.11418409645557404,-0.14238505065441132,0.24279971452413732
6001,121,13,-0.1,0.1,-0.13317978382110596,-0.1489226222038269,0.2511242120928296
6002,121,14,-0.1,0.1,-0.13612468540668488,-0.1458827704191208,0.24852229212831997
6003,121,15,-0.1,0.1,-0.13573691248893738,-0.1427522748708725,0.24536868966766237
6004,121,16,-0.1,0.1,-0.11979007720947266,-0.15154185891151428,0.2523191509588938
6005,121,17,-0.1,0.1,-0.13244181871414185,-0.16963374614715576,0.2715784024233703
6006,121,18,-0.1,0.1,-0.13838320970535278,-0.1484670788049698,0.2514143194751646
6007,121,19,-0.1,0.1,-0.1330549716949463,-0.1525927037000656,0.25474635447099697
6008,121,20,-0.1,0.1,-0.13444989919662476,-0.1621166318655014,0.2643708082507832
6009,121,21,-0.1,0.1,-0.11299475282430649,-0.1405915468931198,0.2409422255176313
6010,121,22,-0.1,0.1,-0.13332514464855194,-0.13985897600650787,0.2421629485217287
6011,121,23,-0.1,0.1,-0.15654964745044708,-0.15229208767414093,0.2585520453018043
6012,121,24,-0.1,0.1,-0.12956273555755615,-0.16171754896640778,0.26338191048481296
6013,121,25,-0.1,0.1,-0.13044473528862,-0.1509438008069992,0.2527838465374262
6014,121,26,-0.1,0.1,-0.13703779876232147,-0.1646118313074112,0.267191354285688
6015,121,27,-0.1,0.1,-0.1324537992477417,-0.1594952493906021,0.26151679399591815
6016,121,28,-0.1,0.1,-0.12791481614112854,-0.15791203081607819,0.25941829657883936
6017,121,29,-0.1,0.1,-0.13163822889328003,-0.14318111538887024,0.24523056989143624
6018,121,30,-0.1,0.1,-0.12871938943862915,-0.1515372097492218,0.25317142654365965
6019,121,31,-0.1,0.1,-0.29875555634498596,-0.14828743040561676,0.31804153702846566
6020,121,32,-0.1,0.1,-0.13257662951946259,-0.16448798775672913,0.26648664592893206
6021,121,33,-0.1,0.1,-0.12738671898841858,-0.14757128059864044,0.24908145525952222
6022,121,34,-0.1,0.1,-0.10777312517166138,-0.1620023101568222,0.26211759193622614
6023,121,35,-0.1,0.1,-0.13462962210178375,-0.1365639716386795,0.23908518022742087
6024,121,36,-0.1,0.1,-0.1288439780473709,-0.16052371263504028,0.26211558502832727
6025,121,37,-0.1,0.1,-0.11985878646373749,-0.15494374930858612,0.2557160274823061
6026,121,38,-0.1,0.1,-0.13479769229888916,-0.16632768511772156,0.2685913536387432
6027,121,39,-0.1,0.1,-0.13011829555034637,-0.14691989123821259,0.24874996365014557
6028,121,40,-0.1,0.1,-0.13250066339969635,-0.15737977623939514,0.25942367343490735
6029,121,41,-0.1,0.1,-0.11798650771379471,-0.15081076323986053,0.25145487351948415
6030,121,42,-0.1,0.1,-0.1334220916032791,-0.164486825466156,0.26659016683348025
6031,121,43,-0.1,0.1,-0.13009963929653168,-0.17796459794044495,0.2795895312667742
6032,121,44,-0.1,0.1,-0.13287954032421112,-0.1500125676393509,0.25216531908561973
6033,121,45,-0.1,0.1,-0.13549797236919403,-0.1462726891040802,0.2488178921236956
6034,121,46,-0.1,0.1,-0.1330014169216156,-0.16371501982212067,0.2657719044568402
6035,121,47,-0.1,0.1,-0.1315087229013443,-0.16282108426094055,0.2647030826246081
6036,121,48,-0.1,0.1,-0.14754618704319,-0.1496172845363617,0.2541051527255065
6037,122,0,0.0,0.1,-0.11063644289970398,-0.18987050652503967,0.31026655161422495
6038,122,1,0.0,0.1,-0.07443176954984665,-0.13975994288921356,0.25104764195777746
6039,122,2,0.0,0.1,-0.09244486689567566,-0.1902463734149933,0.30461288662155267
6040,122,3,0.0,0.1,-0.10369288176298141,-0.19205093383789062,0.30991282916958374
6041,122,4,0.0,0.1,-0.10000376403331757,-0.19289013743400574,0.3094921411392254
6042,122,5,0.0,0.1,-0.10325828194618225,-0.18977698683738708,0.3076247306232587
6043,122,6,0.0,0.1,-0.09342575073242188,-0.1986212581396103,0.31289459361388844
6044,122,7,0.0,0.1,-0.09462900459766388,-0.1942814141511917,0.30912165764625726
6045,122,8,0.0,0.1,-0.08674794435501099,-0.2041332721710205,0.3162629492863053
6046,122,9,0.0,0.1,-0.06490357220172882,-0.20871604979038239,0.31546485237300664
6047,122,10,0.0,0.1,-0.10567834973335266,-0.1946643888950348,0.31304155584402704
6048,122,11,0.0,0.1,-0.09742067754268646,-0.1926906853914261,0.308477917731203
6049,122,12,0.0,0.1,-0.07762208580970764,-0.19682155549526215,0.3068032333794359
6050,122,13,0.0,0.1,-0.10649874806404114,-0.1929377317428589,0.31169616298225306
6051,122,14,0.0,0.1,-0.12628863751888275,-0.17381857335567474,0.30153844046972317
6052,122,15,0.0,0.1,-0.11065519601106644,-0.18013161420822144,0.3011947769851784
6053,122,16,0.0,0.1,-0.0979558601975441,-0.18549394607543945,0.30183131678599345
6054,122,17,0.0,0.1,-0.09444165229797363,-0.19736136496067047,0.3119984087460133
6055,122,18,0.0,0.1,-0.10141512751579285,-0.1890748292207718,0.3063483066348872
6056,122,19,0.0,0.1,-0.08693864941596985,-0.19197091460227966,0.30463969494464205
6057,122,20,0.0,0.1,-0.10312014073133469,-0.18848960101604462,0.30636581617218145
6058,122,21,0.0,0.1,-0.09658960998058319,-0.19374056160449982,0.30921363211852115
6059,122,22,0.0,0.1,-0.08265721797943115,-0.1852593570947647,0.2969934620395164
6060,122,23,0.0,0.1,-0.09730173647403717,-0.19563770294189453,0.31123829989514923
6061,122,24,0.0,0.1,-0.10989448428153992,-0.18891854584217072,0.30911280110513073
6062,122,25,0.0,0.1,-0.06300666928291321,-0.21018627285957336,0.31652071692803946
6063,122,26,0.0,0.1,-0.09716878086328506,-0.19996137917041779,0.3153071533731454
6064,122,27,0.0,0.1,-0.11510628461837769,-0.17591460049152374,0.298962077065042
6065,122,28,0.0,0.1,-0.08158345520496368,-0.1978202909231186,0.30879246404132227
6066,122,29,0.0,0.1,-0.08108129352331161,-0.19017669558525085,0.30129170386883997
6067,122,30,0.0,0.1,-0.08992844820022583,-0.19090397655963898,0.3044868623995322
6068,122,31,0.0,0.1,-0.09933793544769287,-0.18503209948539734,0.30184652251775806
6069,122,32,0.0,0.1,-0.0937008187174797,-0.1949375867843628,0.30946409085144194
6070,122,33,0.0,0.1,-0.08231309056282043,-0.19837568700313568,0.30952139743900786
6071,122,34,0.0,0.1,-0.10504540801048279,-0.1855085790157318,0.3042197995457744
6072,122,35,0.0,0.1,-0.0945228710770607,-0.19509916007518768,0.309867854792542
6073,122,36,0.0,0.1,-0.09937050938606262,-0.17629709839820862,0.2936232019424128
6074,122,37,0.0,0.1,-0.09934725612401962,-0.19527281820774078,0.3115379823901302
6075,122,38,0.0,0.1,-0.08003200590610504,-0.19969911873340607,0.3102010376174378
6076,122,39,0.0,0.1,-0.08755183219909668,-0.19637887179851532,0.30904006046138993
6077,122,40,0.0,0.1,-0.07750137895345688,-0.2020922303199768,0.31187526249990594
6078,122,41,0.0,0.1,-0.07839477062225342,-0.19939561188220978,0.3094890506548471
6079,122,42,0.0,0.1,-0.07251635938882828,-0.20586150884628296,0.31434039666058594
6080,122,43,0.0,0.1,-0.09632354974746704,-0.20557385683059692,0.32039601778779786
6081,122,44,0.0,0.1,-0.11034730076789856,-0.1898234784603119,0.31011961475146316
6082,122,45,0.0,0.1,-0.08986259996891022,-0.19852907955646515,0.31176096326192393
6083,122,46,0.0,0.1,-0.09319859743118286,-0.18948549032211304,0.3041181146695702
6084,122,47,0.0,0.1,-0.0967894047498703,-0.1921292394399643,0.3077461314258982
6085,122,48,0.0,0.1,-0.10448314249515533,-0.18927352130413055,0.30756446022477013
6086,123,0,0.1,0.1,0.03543299064040184,-0.05326848849654198,0.16631334361276326
6087,123,1,0.1,0.1,0.046137887984514236,-0.04309538006782532,0.152896745902338
6088,123,2,0.1,0.1,0.032978665083646774,-0.05047866702079773,0.16472913695617453
6089,123,3,0.1,0.1,0.04699159786105156,-0.04976291581988335,0.15886730831797316
6090,123,4,0.1,0.1,0.033036474138498306,-0.05986740440130234,0.17332541875274252
6091,123,5,0.1,0.1,0.021072085946798325,-0.06074453517794609,0.1790765791675828
6092,123,6,0.1,0.1,0.04339318349957466,-0.053780920803546906,0.1638685548770709
6093,123,7,0.1,0.1,-0.04782302677631378,-0.0694500207901001,0.22486653106026283
6094,123,8,0.1,0.1,-0.10127021372318268,-0.07720781117677689,0.26816470176784984
6095,123,9,0.1,0.1,0.042460355907678604,-0.047545112669467926,0.1583678342180539
6096,123,10,0.1,0.1,-0.027228109538555145,-0.06295552849769592,0.2067401657267353
6097,123,11,0.1,0.1,-0.05626322329044342,-0.08887426555156708,0.24513605026752566
6098,123,12,0.1,0.1,0.011905241757631302,-0.06533969938755035,0.18734434238414277
6099,123,13,0.1,0.1,0.03196278586983681,-0.05831412971019745,0.17231490409274208
6100,123,14,0.1,0.1,0.02336989715695381,-0.05634178966283798,0.17411182572334055
6101,123,15,0.1,0.1,0.03790188953280449,-0.050520773977041245,0.16282714368999893
6102,123,16,0.1,0.1,0.029282864183187485,-0.05322599411010742,0.1687575733683208
6103,123,17,0.1,0.1,0.013021368533372879,-0.06384436041116714,0.18550001824892573
6104,123,18,0.1,0.1,-0.08074821531772614,-0.09692929685115814,0.26730332077779106
6105,123,19,0.1,0.1,-0.09009964764118195,-0.08208194375038147,0.26323318611683183
6106,123,20,0.1,0.1,0.027939993888139725,-0.055431608110666275,0.1713231720483516
6107,123,21,0.1,0.1,0.031044911593198776,-0.05256585776805878,0.16742504344838413
6108,123,22,0.1,0.1,0.040209438651800156,-0.049400445073843,0.16092049035034423
6109,123,23,0.1,0.1,0.02315547689795494,-0.06114329397678375,0.17852798639000242
6110,123,24,0.1,0.1,0.025439929217100143,-0.05699845030903816,0.17380367531957017
6111,123,25,0.1,0.1,0.022749129682779312,-0.06486721336841583,0.1820683800351802
6112,123,26,0.1,0.1,-0.11721086502075195,-0.09223034977912903,0.29005700691289915
6113,123,27,0.1,0.1,-0.11447437107563019,-0.09343937784433365,0.28882182872679485
6114,123,28,0.1,0.1,0.029225770384073257,-0.053009748458862305,0.16858521495425463
6115,123,29,0.1,0.1,0.026594776660203934,-0.05824854597449303,0.17444463051812908
6116,123,30,0.1,0.1,-0.17492932081222534,-0.11388050019741058,0.34832599645585754
6117,123,31,0.1,0.1,0.02021482214331627,-0.06235164403915405,0.1808970174652939
6118,123,32,0.1,0.1,0.03157128021121025,-0.05841590464115143,0.17256328849209815
6119,123,33,0.1,0.1,0.029481884092092514,-0.05442769452929497,0.16976665605717253
6120,123,34,0.1,0.1,0.02616756036877632,-0.053560398519039154,0.17038786674885162
6121,123,35,0.1,0.1,0.032320957630872726,-0.05661068111658096,0.17060878704158686
6122,123,36,0.1,0.1,0.018846821039915085,-0.05921216681599617,0.1787018537049131
6123,123,37,0.1,0.1,0.012908335775136948,-0.0658053606748581,0.18728688049614173
6124,123,38,0.1,0.1,-0.07104961574077606,-0.07946085184812546,0.24791968133071238
6125,123,39,0.1,0.1,0.027877505868673325,-0.05770750716328621,0.17341658506435081
6126,123,40,0.1,0.1,-0.1368476301431656,-0.10054463148117065,0.31034649848250634
6127,123,41,0.1,0.1,0.02474277839064598,-0.058705441653728485,0.17564471701381867
6128,123,42,0.1,0.1,0.019748281687498093,-0.062745101749897,0.18145607301959746
6129,123,43,0.1,0.1,0.019770514219999313,-0.06790895015001297,0.18609187496772361
6130,123,44,0.1,0.1,0.021920565515756607,-0.06335290521383286,0.18105405196012248
6131,123,45,0.1,0.1,0.03141813352704048,-0.06232645362615585,0.17621960718308102
6132,123,46,0.1,0.1,0.006457578390836716,-0.06878814846277237,0.19297570754371482
6133,123,47,0.1,0.1,0.03223704174160957,-0.05500668287277222,0.16917118622019692
6134,123,48,0.1,0.1,0.029760118573904037,-0.05382530763745308,0.16910312301228828
6135,123,49,0.1,0.1,0.026116352528333664,-0.061459291726350784,0.17756096487824208
6136,124,0,0.2,0.1,-0.08994510769844055,-0.03522692620754242,0.31992887811168347
6137,124,1,0.2,0.1,-0.04941466078162193,-0.030318595468997955,0.2814082609622963
6138,124,2,0.2,0.1,-0.09871651977300644,-0.03431030362844467,0.3275222387045832
6139,124,3,0.2,0.1,-0.04913011193275452,-0.02378944680094719,0.2781899347764245
6140,124,4,0.2,0.1,-0.04584655165672302,-0.025538921356201172,0.2760444669555618
6141,124,5,0.2,0.1,-0.042823851108551025,-0.022419344633817673,0.2719373431652247
6142,124,6,0.2,0.1,-0.048462167382240295,-0.028979994356632233,0.27994515099304235
6143,124,7,0.2,0.1,-0.045338429510593414,-0.02836557663977146,0.27689107291638254
6144,124,8,0.2,0.1,-0.041300397366285324,-0.027384750545024872,0.27286032404976984
6145,124,9,0.2,0.1,-0.12763389945030212,-0.04197908565402031,0.35707426795018754
6146,124,10,0.2,0.1,-0.03648664802312851,-0.026180671527981758,0.2680438332819233
6147,124,11,0.2,0.1,-0.03437447175383568,-0.02479732409119606,0.26552921705569904
6148,124,12,0.2,0.1,-0.04235444217920303,-0.02309240587055683,0.27182239794945995
6149,124,13,0.2,0.1,-0.04910751432180405,-0.024031149223446846,0.2782773430757106
6150,124,14,0.2,0.1,-0.04300147294998169,-0.025612670928239822,0.2735475442287628
6151,124,15,0.2,0.1,-0.08728478848934174,-0.02195948362350464,0.3121004090722691
6152,124,16,0.2,0.1,-0.08879928290843964,-0.02464226260781288,0.31454843734538557
6153,124,17,0.2,0.1,-0.08882029354572296,-0.02444513887166977,0.3144896732050621
6154,124,18,0.2,0.1,-0.043867919594049454,-0.026391219347715378,0.2746749033591021
6155,124,19,0.2,0.1,-0.03842923417687416,-0.024424105882644653,0.2689421087053239
6156,124,20,0.2,0.1,-0.12694098055362701,-0.04316640645265579,0.35691318930789623
6157,124,21,0.2,0.1,-0.03884122520685196,-0.026740258559584618,0.27038532504198626
6158,124,22,0.2,0.1,-0.036461278796195984,-0.020947985351085663,0.26559810151885266
6159,124,23,0.2,0.1,-0.04668939858675003,-0.024921564385294914,0.2765159247196476
6160,124,24,0.2,0.1,-0.04376300424337387,-0.018574213609099388,0.27107240060687005
6161,124,25,0.2,0.1,-0.0412079282104969,-0.024914272129535675,0.2716336503698537
6162,124,26,0.2,0.1,-0.044913824647665024,-0.020289046689867973,0.27285937084348866
6163,124,27,0.2,0.1,-0.11739583313465118,-0.04210061579942703,0.3477537920739553
6164,124,28,0.2,0.1,-0.044987864792346954,-0.02414594031870365,0.2746475348389794
6165,124,29,0.2,0.1,-0.031662844121456146,-0.02088206820189953,0.26130470290297264
6166,124,30,0.2,0.1,-0.045433443039655685,-0.021192749962210655,0.2737247844198673
6167,124,31,0.2,0.1,-0.03677580505609512,-0.025501638650894165,0.2679803036867105
6168,124,32,0.2,0.1,-0.11500918865203857,-0.038088154047727585,0.3439464016725929
6169,124,33,0.2,0.1,-0.04727333411574364,-0.02127796784043312,0.2754132299803721
6170,124,34,0.2,0.1,-0.04562909156084061,-0.022432364523410797,0.274450969216356
6171,124,35,0.2,0.1,-0.11772212386131287,-0.040962666273117065,0.3475885804708918
6172,124,36,0.2,0.1,-0.10067486017942429,-0.02774660661816597,0.3266872618367187
6173,124,37,0.2,0.1,-0.050281696021556854,-0.02715277671813965,0.2807289724815735
6174,124,38,0.2,0.1,-0.041805852204561234,-0.02336667850613594,0.27145792956922515
6175,124,39,0.2,0.1,-0.0523744635283947,-0.02154337242245674,0.2801172276406238
6176,124,40,0.2,0.1,-0.04039069265127182,-0.023377127945423126,0.27020288824033606
6177,124,41,0.2,0.1,-0.04239565506577492,-0.025517243891954422,0.27296562440900596
6178,124,42,0.2,0.1,-0.04427351802587509,-0.026545774191617966,0.2751061332913054
6179,124,43,0.2,0.1,-0.04457812011241913,-0.020637469366192818,0.27271203833495145
6180,124,44,0.2,0.1,-0.042108193039894104,-0.021959848701953888,0.2710914639608671
6181,124,45,0.2,0.1,-0.049358952790498734,-0.02215731516480446,0.27767300370228204
6182,124,46,0.2,0.1,-0.11098429560661316,-0.03045651689171791,0.33723898783127143
6183,124,47,0.2,0.1,-0.12215904891490936,-0.044365935027599335,0.3530268771554823
6184,124,48,0.2,0.1,-0.050303541123867035,-0.021182026714086533,0.2780952108499551
6185,124,49,0.2,0.1,-0.05377734825015068,-0.028234034776687622,0.28433591078157366
6186,125,0,0.3,0.1,0.01115652546286583,-0.10948202759027481,0.3568098550573074
6187,125,1,0.3,0.1,0.007205735892057419,-0.10928644984960556,0.3599017910280013
6188,125,2,0.3,0.1,-0.10689294338226318,-0.12391556054353714,0.4644351899111523
6189,125,3,0.3,0.1,-0.028966758400201797,-0.09866424649953842,0.38430015738946305
6190,125,4,0.3,0.1,0.004673484712839127,-0.09212306141853333,0.35231948762520526
6191,125,5,0.3,0.1,0.02371833100914955,-0.10623594373464584,0.34476778432517424
6192,125,6,0.3,0.1,-0.05999521538615227,-0.10384976863861084,0.4137043428282296
6193,125,7,0.3,0.1,0.005791503936052322,-0.10259042680263519,0.3572135498385858
6194,125,8,0.3,0.1,0.0136043019592762,-0.10708039253950119,0.3534187103572013
6195,125,9,0.3,0.1,-0.014695856720209122,-0.10233118385076523,0.3741275052643397
6196,125,10,0.3,0.1,-0.008380435407161713,-0.09263575077056885,0.3636028402211008
6197,125,11,0.3,0.1,-0.010363679379224777,-0.09339248389005661,0.36568602147604173
6198,125,12,0.3,0.1,-0.10897701978683472,-0.1324174851179123,0.47040417738606016
6199,125,13,0.3,0.1,0.0019393227994441986,-0.09393604099750519,0.3555999933788525
6200,125,14,0.3,0.1,0.014987614005804062,-0.10060255974531174,0.34853041064801776
6201,125,15,0.3,0.1,0.008401069790124893,-0.09627009928226471,0.3514994850235398
6202,125,16,0.3,0.1,-0.019580166786909103,-0.09568677097558975,0.37473296537454714
6203,125,17,0.3,0.1,0.0029181726276874542,-0.09441225975751877,0.35504047501502906
6204,125,18,0.3,0.1,0.011252235621213913,-0.09411481022834778,0.3479307847600359
6205,125,19,0.3,0.1,-0.019536562263965607,-0.09609110653400421,0.374907104074067
6206,125,20,0.3,0.1,0.023069258779287338,-0.10239043831825256,0.34300513838091073
6207,125,21,0.3,0.1,0.02200755849480629,-0.10262218862771988,0.3439993442701684
6208,125,22,0.3,0.1,-0.007062651216983795,-0.0994899719953537,0.36617444025916124
6209,125,23,0.3,0.1,-0.0026455000042915344,-0.09569603949785233,0.36040427099022093
6210,125,24,0.3,0.1,0.006467845290899277,-0.09466154873371124,0.3522133506890028
6211,125,25,0.3,0.1,-0.11352623999118805,-0.12886358797550201,0.47263357166230796
6212,125,26,0.3,0.1,-0.11489895731210709,-0.12876476347446442,0.47378735925117427
6213,125,27,0.3,0.1,0.005381625145673752,-0.09575328230857849,0.3537221145707267
6214,125,28,0.3,0.1,-0.001967374235391617,-0.09747350215911865,0.3608047659851578
6215,125,29,0.3,0.1,-0.02537207305431366,-0.09785165637731552,0.38080475818312587
6216,125,30,0.3,0.1,-0.019444100558757782,-0.09613490849733353,0.3748512181026642
6217,125,31,0.3,0.1,-0.0024021901190280914,-0.09514995664358139,0.35990358454282795
6218,125,32,0.3,0.1,-0.01973862200975418,-0.09951166063547134,0.376878878599239
6219,125,33,0.3,0.1,0.0009086690843105316,-0.09957282245159149,0.3595621444065169
6220,125,34,0.3,0.1,-0.02245320752263069,-0.10135216265916824,0.38015623689367095
6221,125,35,0.3,0.1,-0.0161234550178051,-0.09700378775596619,0.37248426973845755
6222,125,36,0.3,0.1,-0.017475951462984085,-0.09680783003568649,0.3735295192092356
6223,125,37,0.3,0.1,-0.013967819511890411,-0.0956064760684967,0.3699157811840235
6224,125,38,0.3,0.1,-0.03275936841964722,-0.09904858469963074,0.38774880572603776
6225,125,39,0.3,0.1,-0.018206562846899033,-0.09992367774248123,0.3757990068652617
6226,125,40,0.3,0.1,-0.012886140495538712,-0.09886337071657181,0.37073491490140315
6227,125,41,0.3,0.1,-0.018818166106939316,-0.10136236250400543,0.3770833118463166
6228,125,42,0.3,0.1,-0.00788150355219841,-0.1006479486823082,0.367492339430335
6229,125,43,0.3,0.1,0.028062645345926285,-0.09823072701692581,0.3365194585605926
6230,125,44,0.3,0.1,-0.009060155600309372,-0.09857294708490372,0.3673545904077849
6231,125,45,0.3,0.1,-0.1145700216293335,-0.1305348426103592,0.47435705590950067
6232,125,46,0.3,0.1,-0.005084991455078125,-0.10125935822725296,0.36548896191976965
6233,125,47,0.3,0.1,0.012143287807703018,-0.10165519267320633,0.3514630897921243
6234,125,48,0.3,0.1,-0.021593905985355377,-0.09843956679105759,0.377890066070994
6235,125,49,0.3,0.1,-0.021253682672977448,-0.0985230877995491,0.3776444690716621
6236,126,0,0.4,0.1,-0.09632706642150879,-0.09296070784330368,0.5325170341256416
6237,126,1,0.4,0.1,-0.0692366287112236,-0.0890897586941719,0.5059031039312715
6238,126,2,0.4,0.1,-0.19691866636276245,-0.09255427867174149,0.6272073377178344
6239,126,3,0.4,0.1,-0.02269921824336052,-0.03561026602983475,0.4439197825691379
6240,126,4,0.4,0.1,-0.04468309506773949,-0.052641965448856354,0.4701517038734563
6241,126,5,0.4,0.1,-0.07580140233039856,-0.068444162607193,0.5047379620912343
6242,126,6,0.4,0.1,-0.17826126515865326,-0.10950996726751328,0.6150451342522114
6243,126,7,0.4,0.1,-0.07918699830770493,-0.07017363607883453,0.5085068787769149
6244,126,8,0.4,0.1,-0.10391511768102646,-0.06852900981903076,0.5313496710999883
6245,126,9,0.4,0.1,-0.07549881935119629,-0.07590771466493607,0.5069937388992315
6246,126,10,0.4,0.1,-0.0986192524433136,-0.07287024706602097,0.5277359957666296
6247,126,11,0.4,0.1,-0.06133853271603584,-0.051083385944366455,0.4854476606978339
6248,126,12,0.4,0.1,-0.020927224308252335,-0.06349930912256241,0.45156588915395834
6249,126,13,0.4,0.1,-0.08197619765996933,-0.07463378459215164,0.5126382875202943
6250,126,14,0.4,0.1,-0.07945311069488525,-0.08560995757579803,0.5141267759087164
6251,126,15,0.4,0.1,-0.11436355113983154,-0.07337164133787155,0.5427960839591289
6252,126,16,0.4,0.1,-0.05582971125841141,-0.06022832915186882,0.48317061492678376
6253,126,17,0.4,0.1,-0.09870313107967377,-0.07185213267803192,0.5274826712363717
6254,126,18,0.4,0.1,-0.09667837619781494,-0.07865900546312332,0.5278337329269233
6255,126,19,0.4,0.1,-0.15281179547309875,-0.0878969207406044,0.5838716760025204
6256,126,20,0.4,0.1,-0.13436022400856018,-0.10119152069091797,0.5709806275176091
6257,126,21,0.4,0.1,-0.09217001497745514,-0.0892464891076088,0.5273002534443395
6258,126,22,0.4,0.1,-0.10362055897712708,-0.07450239360332489,0.5329960157428231
6259,126,23,0.4,0.1,-0.06385667622089386,-0.07660997658967972,0.4963407094987297
6260,126,24,0.4,0.1,-0.08023709058761597,-0.07515046000480652,0.5111803466644169
6261,126,25,0.4,0.1,-0.08296510577201843,-0.0671432763338089,0.5110696314759634
6262,126,26,0.4,0.1,-0.16919049620628357,-0.11132442951202393,0.6071538812196935
6263,126,27,0.4,0.1,-0.11024923622608185,-0.08457282185554504,0.5426061275336086
6264,126,28,0.4,0.1,-0.08184900879859924,-0.06382585316896439,0.5089374985661125
6265,126,29,0.4,0.1,-0.06093979999423027,-0.062213361263275146,0.4886498478369259
6266,126,30,0.4,0.1,-0.0891171544790268,-0.07443351298570633,0.5192905172041896
6267,126,31,0.4,0.1,-0.08675037324428558,-0.07348150759935379,0.5167414821091839
6268,126,32,0.4,0.1,-0.10229726135730743,-0.07880810648202896,0.5331743408217802
6269,126,33,0.4,0.1,-0.0665830671787262,-0.07468945533037186,0.49821297090855604
6270,126,34,0.4,0.1,-0.10101090371608734,-0.08131065964698792,0.532809047355651
6271,126,35,0.4,0.1,-0.07846302539110184,-0.06784254312515259,0.5070483073131444
6272,126,36,0.4,0.1,-0.0816565454006195,-0.07355225831270218,0.5119701300785994
6273,126,37,0.4,0.1,-0.14141321182250977,-0.08504809439182281,0.5721634933950355
6274,126,38,0.4,0.1,-0.06238465756177902,-0.09087856113910675,0.5002341418286634
6275,126,39,0.4,0.1,-0.026995565742254257,-0.046239711344242096,0.45134384490939394
6276,126,40,0.4,0.1,-0.12188677489757538,-0.07707252353429794,0.5511084143830477
6277,126,41,0.4,0.1,-0.03348061069846153,-0.041737135499715805,0.4560645298981011
6278,126,42,0.4,0.1,-0.03502311557531357,-0.04249835014343262,0.45776728900004743
6279,126,43,0.4,0.1,-0.063585564494133,-0.0666002631187439,0.4926126503436333
6280,126,44,0.4,0.1,-0.050002239644527435,-0.06057826429605484,0.47779430160836406
6281,126,45,0.4,0.1,-0.0794408768415451,-0.0696348175406456,0.5085661468370046
6282,126,46,0.4,0.1,-0.05112243443727493,-0.05722770839929581,0.4777363322389322
6283,126,47,0.4,0.1,-0.04085373878479004,-0.06114004924893379,0.46938058595608395
6284,126,48,0.4,0.1,-0.09716111421585083,-0.07725770026445389,0.5278157498515834
6285,126,49,0.4,0.1,-0.027676712721586227,-0.038601674139499664,0.4495751268460192
6286,127,0,0.5,0.1,-0.2233196645975113,0.04484841972589493,0.7254192125937852
6287,127,1,0.5,0.1,-0.18239697813987732,0.06589464098215103,0.683248718468006
6288,127,2,0.5,0.1,-0.2610166668891907,0.016626201570034027,0.7655700866333363
6289,127,3,0.5,0.1,-0.22268138825893402,0.1201639249920845,0.7229626358304739
6290,127,4,0.5,0.1,-0.1892988383769989,0.0769609585404396,0.6896837579784342
6291,127,5,0.5,0.1,-0.17348170280456543,0.10001438111066818,0.673481702958108
6292,127,6,0.5,0.1,-0.1612185686826706,0.14277668297290802,0.6626008151043313
6293,127,7,0.5,0.1,-0.17092174291610718,0.09773150831460953,0.6709255779683121
6294,127,8,0.5,0.1,-0.2388686090707779,0.12823566794395447,0.7394079215253426
6295,127,9,0.5,0.1,-0.20494429767131805,0.10342399030923843,0.7049526129669608
6296,127,10,0.5,0.1,-0.18673425912857056,0.10725086182355881,0.6867725370587056
6297,127,11,0.5,0.1,-0.2804783880710602,0.004282412584871054,0.7863258680639811
6298,127,12,0.5,0.1,-0.1747487336397171,0.14754438400268555,0.6764217042633957
6299,127,13,0.5,0.1,-0.2031819224357605,0.10104522854089737,0.703182699263253
6300,127,14,0.5,0.1,-0.23201961815357208,0.035803329199552536,0.7348291868887371
6301,127,15,0.5,0.1,-0.18356680870056152,0.07716229557991028,0.6839482017669536
6302,127,16,0.5,0.1,-0.13584987819194794,0.13802772760391235,0.6369860090013221
6303,127,17,0.5,0.1,-0.2420332133769989,0.06888256222009659,0.7426853874209327
6304,127,18,0.5,0.1,-0.24705757200717926,0.016339903697371483,0.7517273625501648
6305,127,19,0.5,0.1,-0.2309136539697647,0.06234767287969589,0.7318828234745008
6306,127,20,0.5,0.1,-0.18044529855251312,0.06167162209749222,0.6815239312561637
6307,127,21,0.5,0.1,-0.2154470831155777,0.08306474983692169,0.7156474910433728
6308,127,22,0.5,0.1,-0.2096923440694809,0.023951783776283264,0.7137552482620662
6309,127,23,0.5,0.1,-0.17648933827877045,0.054121632128953934,0.6780432504223899
6310,127,24,0.5,0.1,-0.18265502154827118,0.06570032984018326,0.6835161635383196
6311,127,25,0.5,0.1,-0.21111240983009338,0.05110013484954834,0.7127917341174034
6312,127,26,0.5,0.1,-0.24094508588314056,0.036228667944669724,0.7436843437147818
6313,127,27,0.5,0.1,-0.18276657164096832,0.005046833772212267,0.68933757704556
6314,127,28,0.5,0.1,-0.266799658536911,-0.00626842025667429,0.7741283443177703
6315,127,29,0.5,0.1,-0.18616726994514465,0.07697649300098419,0.6865534241546734
6316,127,30,0.5,0.1,-0.19472892582416534,0.11084222793579102,0.6948135248276406
6317,127,31,0.5,0.1,-0.1527392864227295,0.1215246245265007,0.6530940862545465
6318,127,32,0.5,0.1,-0.30397775769233704,0.035000309348106384,0.806601013295198
6319,127,33,0.5,0.1,-0.18735387921333313,0.04407355934381485,0.6896253490367702
6320,127,34,0.5,0.1,-0.20522525906562805,0.051289789378643036,0.7069054750410122
6321,127,35,0.5,0.1,-0.15943224728107452,0.094696544110775,0.6594535733457945
6322,127,36,0.5,0.1,-0.25915074348449707,0.035084985196590424,0.7619211314040263
6323,127,37,0.5,0.1,-0.2484769970178604,0.10002539306879044,0.7484769974486071
6324,127,38,0.5,0.1,-0.185456320643425,0.05388917773962021,0.6870055133982188
6325,127,39,0.5,0.1,-0.19487029314041138,0.07078034430742264,0.6954843726266134
6326,127,40,0.5,0.1,-0.2290952205657959,0.009343573823571205,0.7347097578356836
6327,127,41,0.5,0.1,-0.18103177845478058,0.05645166337490082,0.6824226995697712
6328,127,42,0.5,0.1,-0.1079072654247284,0.12359782308340073,0.6083651046949082
6329,127,43,0.5,0.1,-0.20145811140537262,0.0277244932949543,0.7051717740564091
6330,127,44,0.5,0.1,-0.1932811290025711,0.05144285783171654,0.694979510407775
6331,127,45,0.5,0.1,-0.19441184401512146,0.12921042740345,0.6950259406508318
6332,127,46,0.5,0.1,-0.20327059924602509,0.048239268362522125,0.7051728221532011
6333,127,47,0.5,0.1,-0.255172997713089,0.010173236951231956,0.7604966165833958
6334,127,48,0.5,0.1,-0.23048795759677887,0.12164286524057388,0.7308085041991061
6335,127,49,0.5,0.1,-0.2563979923725128,0.09102834761142731,0.7564511969795206
6336,128,0,-1.0,0.2,-0.6467766165733337,-0.021031439304351807,0.4166793200536056
6337,128,1,-1.0,0.2,-0.6335849761962891,-0.02576335519552231,0.43038246039797395
6338,128,2,-1.0,0.2,-0.6853712797164917,-0.04993940144777298,0.4018220203315258
6339,128,3,-1.0,0.2,-0.7231680750846863,-0.03362344950437546,0.3622372576235655
6340,128,4,-1.0,0.2,-0.6720350980758667,0.009210390970110893,0.37942278767607557
6341,128,5,-1.0,0.2,-0.7017437219619751,-0.015275508165359497,0.3678319613695218
6342,128,6,-1.0,0.2,-0.7313428521156311,-0.11717698723077774,0.4156656160162356
6343,128,7,-1.0,0.2,-0.6158412098884583,-0.034429047256708145,0.45003883634376657
6344,128,8,-1.0,0.2,-0.7230457663536072,-0.060472115874290466,0.3801964895717615
6345,128,9,-1.0,0.2,-0.6631250381469727,-0.024170812219381332,0.4046446502483083
6346,128,10,-1.0,0.2,-0.7488325834274292,-0.08865416795015335,0.3826307617308555
6347,128,11,-1.0,0.2,-0.7133409976959229,-0.08797530084848404,0.4063288784971403
6348,128,12,-1.0,0.2,-0.7288358211517334,-0.07692184299230576,0.38757672661901404
6349,128,13,-1.0,0.2,-0.7195595502853394,-0.0651688426733017,0.385955128170179
6350,128,14,-1.0,0.2,-0.7027673125267029,-0.011771522462368011,0.3649581458587107
6351,128,15,-1.0,0.2,-0.7409001588821411,-0.03956477344036102,0.3528795946790225
6352,128,16,-1.0,0.2,-0.6821127533912659,-0.05308777093887329,0.40633203338561646
6353,128,17,-1.0,0.2,-0.7115576863288879,-0.0701223686337471,0.3951772543457558
6354,128,18,-1.0,0.2,-0.6910204291343689,-0.06329542398452759,0.4059468629063436
6355,128,19,-1.0,0.2,-0.7227094769477844,-0.050875600427389145,0.37393662706984765
6356,128,20,-1.0,0.2,-0.6688652038574219,0.0012110150419175625,0.38622184526131026
6357,128,21,-1.0,0.2,-0.7014051079750061,-0.06758034229278564,0.4009465664211905
6358,128,22,-1.0,0.2,-0.6883505582809448,0.02223782055079937,0.35878233926202185
6359,128,23,-1.0,0.2,-0.667723536491394,0.03076784685254097,0.3728902919904338
6360,128,24,-1.0,0.2,-0.6767287254333496,0.007018437143415213,0.37649196613276714
6361,128,25,-1.0,0.2,-0.6688467860221863,-0.010044518858194351,0.39214939886503214
6362,128,26,-1.0,0.2,-0.7215145826339722,-0.04691387340426445,0.37218354150207644
6363,128,27,-1.0,0.2,-0.7253677845001221,-0.07959137111902237,0.39191094472416343
6364,128,28,-1.0,0.2,-0.6471076607704163,0.018462883308529854,0.3968484947981787
6365,128,29,-1.0,0.2,-0.6971414685249329,-0.0038944226689636707,0.36509755639108876
6366,128,30,-1.0,0.2,-0.7479315400123596,-0.10590292513370514,0.3963774818602816
6367,128,31,-1.0,0.2,-0.7155351638793945,-0.09156642109155655,0.4073465611702912
6368,128,32,-1.0,0.2,-0.701245903968811,-0.055687401443719864,0.39323028514148656
6369,128,33,-1.0,0.2,-0.670539915561676,-0.06301642209291458,0.42157038027910093
6370,128,34,-1.0,0.2,-0.6994668245315552,-0.042232926934957504,0.3860012700090811
6371,128,35,-1.0,0.2,-0.6092256307601929,0.0369868129491806,0.42341221853795685
6372,128,36,-1.0,0.2,-0.724748969078064,-0.048558153212070465,0.3708696341732276
6373,128,37,-1.0,0.2,-0.6889861822128296,-0.012988246977329254,0.37695303182893625
6374,128,38,-1.0,0.2,-0.6355603337287903,0.005552783142775297,0.41306898999488123
6375,128,39,-1.0,0.2,-0.7164404988288879,-0.06016352027654648,0.3848259970260519
6376,128,40,-1.0,0.2,-0.7137783169746399,-0.09623292833566666,0.4119184381211819
6377,128,41,-1.0,0.2,-0.6930117607116699,-0.06529297679662704,0.4057365433368859
6378,128,42,-1.0,0.2,-0.7341588139533997,-0.09830816835165024,0.3995738974257198
6379,128,43,-1.0,0.2,-0.6630396246910095,-0.003286436665803194,0.3935322983703566
6380,128,44,-1.0,0.2,-0.7130424976348877,-0.03402979299426079,0.37028982185925663
6381,128,45,-1.0,0.2,-0.7027704119682312,-0.02320302277803421,0.3717055519881115
6382,128,46,-1.0,0.2,-0.7083823680877686,-0.04146867245435715,0.378613210306993
6383,128,47,-1.0,0.2,-0.7210472226142883,-0.10569358617067337,0.4138396073807935
6384,128,48,-1.0,0.2,-0.7200330495834351,-0.09184420108795166,0.40441875702570484
6385,128,49,-1.0,0.2,-0.686902642250061,-0.035041727125644684,0.3915029615727054
6386,129,0,-0.8,0.2,0.42664286494255066,0.24910522997379303,1.2276253670095154
6387,129,1,-0.8,0.2,0.2921155095100403,0.30556172132492065,1.0972053422771215
6388,129,2,-0.8,0.2,0.4336479604244232,0.15619207918643951,1.2344255442048122
6389,129,3,-0.8,0.2,0.4505385458469391,0.24902264773845673,1.2514990509945527
6390,129,4,-0.8,0.2,0.40371984243392944,0.1208186075091362,1.2063213303203904
6391,129,5,-0.8,0.2,0.42312175035476685,0.1453109085559845,1.2243437886941235
6392,129,6,-0.8,0.2,0.399400919675827,0.22118718922138214,1.1995880389143276
6393,129,7,-0.8,0.2,0.33245840668678284,0.35970303416252136,1.1436638938063413
6394,129,8,-0.8,0.2,0.3838968276977539,0.3063192069530487,1.1886612101014866
6395,129,9,-0.8,0.2,0.43781980872154236,0.27147093415260315,1.239881435175187
6396,129,10,-0.8,0.2,0.38584640622138977,0.3307904005050659,1.1930372282592279
6397,129,11,-0.8,0.2,0.46455100178718567,0.2766079604625702,1.2668693759528682
6398,129,12,-0.8,0.2,0.49087902903556824,0.2642732560634613,1.2924781309750704
6399,129,13,-0.8,0.2,0.353794664144516,0.32483622431755066,1.1605284183983684
6400,129,14,-0.8,0.2,0.45533356070518494,0.214570552110672,1.2554181174499466
6401,129,15,-0.8,0.2,0.4073004424571991,0.09255822747945786,1.2120718183505896
6402,129,16,-0.8,0.2,0.4816785752773285,0.26578405499458313,1.2833656969922693
6403,129,17,-0.8,0.2,0.36561787128448486,0.17746475338935852,1.1658356913380103
6404,129,18,-0.8,0.2,0.3634820580482483,0.2420998215675354,1.164243485863763
6405,129,19,-0.8,0.2,0.3689348101615906,0.2862992584705353,1.172116100230723
6406,129,20,-0.8,0.2,0.3682812750339508,0.3088211119174957,1.1733384729028167
6407,129,21,-0.8,0.2,0.2786526083946228,0.3526885509490967,1.0894059129578186
6408,129,22,-0.8,0.2,0.33574071526527405,0.18647488951683044,1.1358212451459333
6409,129,23,-0.8,0.2,0.3037470877170563,0.29437923431396484,1.107774829788786
6410,129,24,-0.8,0.2,0.3780028820037842,0.34226351976394653,1.1865621345150235
6411,129,25,-0.8,0.2,0.33039477467536926,0.3256534934043884,1.1373570886129412
6412,129,26,-0.8,0.2,0.4780523478984833,0.2611456513404846,1.2795142025967035
6413,129,27,-0.8,0.2,0.341264009475708,0.25450044870376587,1.1425645882108726
6414,129,28,-0.8,0.2,0.332497775554657,0.27677327394485474,1.1350970651131373
6415,129,29,-0.8,0.2,0.36877986788749695,0.2538161873817444,1.1700181885780332
6416,129,30,-0.8,0.2,0.4998834431171417,0.19854404032230377,1.2998842585048327
6417,129,31,-0.8,0.2,0.46118125319480896,0.19807201623916626,1.2611827268605493
6418,129,32,-0.8,0.2,0.2926635146141052,0.33598077297210693,1.1010923334520772
6419,129,33,-0.8,0.2,0.39033326506614685,0.3582781255245209,1.200810246018325
6420,129,34,-0.8,0.2,0.42126113176345825,0.22963832318782806,1.2216207194369082
6421,129,35,-0.8,0.2,0.41278693079948425,0.29883837699890137,1.2168077762267178
6422,129,36,-0.8,0.2,0.42709988355636597,0.3382848799228668,1.234867131411039
6423,129,37,-0.8,0.2,0.5072509050369263,0.22725535929203033,1.3075350027169448
6424,129,38,-0.8,0.2,0.4141026437282562,0.3403550982475281,1.2221885219195991
6425,129,39,-0.8,0.2,0.41713061928749084,0.30236807465553284,1.2214279213755643
6426,129,40,-0.8,0.2,0.3599033057689667,0.24466542899608612,1.1607629729109994
6427,129,41,-0.8,0.2,0.4038103222846985,0.26685047149658203,1.2056650768677448
6428,129,42,-0.8,0.2,0.3205997049808502,0.31252408027648926,1.126235040941827
6429,129,43,-0.8,0.2,0.429657906293869,0.24872498214244843,1.2306228871574767
6430,129,44,-0.8,0.2,0.3824687600135803,0.2228357344865799,1.1826892403237614
6431,129,45,-0.8,0.2,0.430478572845459,0.3230627775192261,1.2366171458630775
6432,129,46,-0.8,0.2,0.345731645822525,0.34479090571403503,1.1548443231088261
6433,129,47,-0.8,0.2,0.32161930203437805,0.3757726848125458,1.1353087225166096
6434,129,48,-0.8,0.2,0.4186912775039673,0.22997982800006866,1.2190599738942975
6435,129,49,-0.8,0.2,0.47907713055610657,0.2769072949886322,1.2813871538040764
6436,130,0,-0.6,0.2,0.14749637246131897,0.25186261534690857,0.74929337226046
6437,130,1,-0.6,0.2,0.0615934394299984,0.14452794194221497,0.6639149255152961
6438,130,2,-0.6,0.2,0.13841097056865692,0.09682270139455795,0.7455845467843754
6439,130,3,-0.6,0.2,0.23612381517887115,0.10221078246831894,0.8418228824252341
6440,130,4,-0.6,0.2,0.2508141100406647,0.21321849524974823,0.8509167870367559
6441,130,5,-0.6,0.2,0.18635651469230652,0.16367319226264954,0.7871951506198561
6442,130,6,-0.6,0.2,0.3060469627380371,0.16516795754432678,0.9067162565369917
6443,130,7,-0.6,0.2,0.24979276955127716,-0.15061913430690765,0.9192831601436825
6444,130,8,-0.6,0.2,0.1470426470041275,0.2627444863319397,0.7496729867135352
6445,130,9,-0.6,0.2,0.235381618142128,0.16353186964988708,0.8361772374688233
6446,130,10,-0.6,0.2,0.21557064354419708,0.17530658841133118,0.8159443848614825
6447,130,11,-0.6,0.2,0.07984410226345062,0.36618977785110474,0.6998621618894656
6448,130,12,-0.6,0.2,0.11723862588405609,0.248993381857872,0.7189100068339014
6449,130,13,-0.6,0.2,0.22786881029605865,0.1656358242034912,0.8285817181420218
6450,130,14,-0.6,0.2,0.1698448657989502,0.23021775484085083,0.7704376873600001
6451,130,15,-0.6,0.2,0.20700378715991974,0.18234479427337646,0.807196889723754
6452,130,16,-0.6,0.2,0.10630011558532715,0.22859498858451843,0.7068787213150465
6453,130,17,-0.6,0.2,0.1581743210554123,0.11511407792568207,0.7629114764336964
6454,130,18,-0.6,0.2,0.21910105645656586,0.17307181656360626,0.8195435728205342
6455,130,19,-0.6,0.2,0.11133870482444763,0.1705724596977234,0.711947142075565
6456,130,20,-0.6,0.2,0.1849393993616104,0.15497435629367828,0.7862297178696149
6457,130,21,-0.6,0.2,0.23108439147472382,0.09904219210147858,0.8371939707908715
6458,130,22,-0.6,0.2,0.22579659521579742,0.07874029129743576,0.8346519835384292
6459,130,23,-0.6,0.2,0.24436171352863312,0.130336195230484,0.8472306350504417
6460,130,24,-0.6,0.2,0.16370344161987305,0.18206572532653809,0.7639139905448139
6461,130,25,-0.6,0.2,0.22212229669094086,0.09346885979175568,0.8289957506226772
6462,130,26,-0.6,0.2,0.19215010106563568,0.198424831032753,0.7921516671544485
6463,130,27,-0.6,0.2,0.22108207643032074,0.18298327922821045,0.8212583911418818
6464,130,28,-0.6,0.2,0.20811952650547028,0.22699923813343048,0.8085704223994414
6465,130,29,-0.6,0.2,0.2561478912830353,0.12521786987781525,0.8594076906416415
6466,130,30,-0.6,0.2,0.18809983134269714,0.0991416722536087,0.7945273729949057
6467,130,31,-0.6,0.2,0.20060183107852936,0.18986967206001282,0.8006659200131261
6468,130,32,-0.6,0.2,0.10754840075969696,0.25408002734184265,0.7096121396755407
6469,130,33,-0.6,0.2,0.20057456195354462,0.09136753529310226,0.8079112832702642
6470,130,34,-0.6,0.2,0.2967228591442108,0.11160668730735779,0.901068956207319
6471,130,35,-0.6,0.2,0.1618562489748001,0.1479775458574295,0.7636303293066407
6472,130,36,-0.6,0.2,0.1995435506105423,0.18734970688819885,0.7996436201450788
6473,130,37,-0.6,0.2,0.07261306047439575,0.1858261078596115,0.6727623862398525
6474,130,38,-0.6,0.2,0.18333129584789276,0.20237524807453156,0.7833348970000982
6475,130,39,-0.6,0.2,0.23354996740818024,0.15811890363693237,0.8346014464394074
6476,130,40,-0.6,0.2,0.1927160769701004,0.18682228028774261,0.7928255993493657
6477,130,41,-0.6,0.2,-0.11757691204547882,0.19021502137184143,0.4825223120212465
6478,130,42,-0.6,0.2,0.2449166625738144,0.12006568163633347,0.8486893789527101
6479,130,43,-0.6,0.2,0.21082843840122223,0.210052952170372,0.8108907561240937
6480,130,44,-0.6,0.2,0.13442610204219818,0.0888548195362091,0.7427886311066062
6481,130,45,-0.6,0.2,0.21874992549419403,0.09708856046199799,0.8251922229908205
6482,130,46,-0.6,0.2,0.24876902997493744,0.08219032734632492,0.8569060539028548
6483,130,47,-0.6,0.2,0.18454253673553467,0.2294939011335373,0.7850967342636846
6484,130,48,-0.6,0.2,0.205504909157753,0.2068030685186386,0.8055336370496946
6485,131,0,-0.5,0.2,0.13663342595100403,-0.03740987926721573,0.6794597632029336
6486,131,1,-0.5,0.2,0.08666077256202698,-0.036279428750276566,0.6324546074728458
6487,131,2,-0.5,0.2,0.07953646779060364,-0.03758806735277176,0.6263470341972049
6488,131,3,-0.5,0.2,0.09529344737529755,-0.03519394248723984,0.6400706828707727
6489,131,4,-0.5,0.2,0.09043432772159576,-0.03537004068493843,0.6356191874102625
6490,131,5,-0.5,0.2,0.03377772495150566,-0.04715767502784729,0.5882223864998477
6491,131,6,-0.5,0.2,0.09972110390663147,-0.044233422726392746,0.6475456487751559
6492,131,7,-0.5,0.2,0.10834012925624847,-0.058652035892009735,0.6610435602398609
6493,131,8,-0.5,0.2,0.1242503821849823,-0.06062166392803192,0.6764703920843191
6494,131,9,-0.5,0.2,0.08169399201869965,-0.046025779098272324,0.6315826029361187
6495,131,10,-0.5,0.2,0.09946820139884949,-0.0396648645401001,0.6456015580707625
6496,131,11,-0.5,0.2,0.07670840620994568,-0.03985610976815224,0.6245987025173264
6497,131,12,-0.5,0.2,0.08469119668006897,-0.048452213406562805,0.6352891450527006
6498,131,13,-0.5,0.2,0.08414971828460693,-0.03885043039917946,0.6310946216486549
6499,131,14,-0.5,0.2,0.09832435846328735,-0.037333231419324875,0.6436762390102987
6500,131,15,-0.5,0.2,0.09203420579433441,-0.039830125868320465,0.6387667728557449
6501,131,16,-0.5,0.2,0.09448650479316711,-0.053643353283405304,0.6463351723726991
6502,131,17,-0.5,0.2,0.095728799700737,-0.034543201327323914,0.6402369218357767
6503,131,18,-0.5,0.2,0.07394596934318542,-0.039160434156656265,0.6217810619432608
6504,131,19,-0.5,0.2,0.07443241775035858,-0.02260829508304596,0.6160576723021173
6505,131,20,-0.5,0.2,0.0884719043970108,-0.038790807127952576,0.6350749812687189
6506,131,21,-0.5,0.2,0.07459895312786102,-0.036227647215127945,0.6212627932239535
6507,131,22,-0.5,0.2,0.06147659197449684,-0.05476034805178642,0.6165701892524184
6508,131,23,-0.5,0.2,0.07948063313961029,-0.0642901137471199,0.6369042851232429
6509,131,24,-0.5,0.2,0.09150980412960052,-0.036121666431427,0.6368966083594672
6510,131,25,-0.5,0.2,0.07689182460308075,-0.046217381954193115,0.6272377352091061
6511,131,26,-0.5,0.2,0.08395369350910187,-0.04907001554965973,0.6348525724991826
6512,131,27,-0.5,0.2,0.09360142052173615,-0.04687495157122612,0.6428918168391307
6513,131,28,-0.5,0.2,0.07651403546333313,-0.048427093774080276,0.6277614626649625
6514,131,29,-0.5,0.2,0.09494505822658539,-0.058945298194885254,0.6488545983234404
6515,131,30,-0.5,0.2,0.1134822815656662,-0.054233863949775696,0.66407482061425
6516,131,31,-0.5,0.2,0.1032705157995224,-0.03477577120065689,0.6473445589296978
6517,131,32,-0.5,0.2,0.11134515702724457,-0.028190670534968376,0.6525441618311092
6518,131,33,-0.5,0.2,-0.005034659057855606,-0.04466237127780914,0.5521325607616832
6519,131,34,-0.5,0.2,0.08804067969322205,-0.029973505064845085,0.6314108440673766
6520,131,35,-0.5,0.2,0.09574110805988312,-0.025975508615374565,0.637159633315227
6521,131,36,-0.5,0.2,0.11268502473831177,-0.013639906421303749,0.6488643534316623
6522,131,37,-0.5,0.2,0.11729854345321655,0.011859174817800522,0.6453328302896898
6523,131,38,-0.5,0.2,0.08686736226081848,-0.03314109519124031,0.6314808557303553
6524,131,39,-0.5,0.2,0.11617827415466309,-0.04733366519212723,0.6639650649526603
6525,131,40,-0.5,0.2,0.10120263695716858,-0.03614197298884392,0.645916126204724
6526,131,41,-0.5,0.2,0.12202392518520355,-0.006058095023036003,0.655266130688387
6527,131,42,-0.5,0.2,0.11224901676177979,-0.04240180552005768,0.6584887955350114
6528,131,43,-0.5,0.2,0.11460565030574799,-0.03711935132741928,0.6587607245136032
6529,131,44,-0.5,0.2,0.09167417883872986,-0.03096736967563629,0.6351568780697942
6530,131,45,-0.5,0.2,0.10109090805053711,-0.0313517227768898,0.6440760043448709
6531,131,46,-0.5,0.2,0.12581589818000793,-0.04620155692100525,0.6725033420327196
6532,131,47,-0.5,0.2,0.10638855397701263,-0.01928260549902916,0.6448193076116558
6533,131,48,-0.5,0.2,0.10271327197551727,-0.019685572013258934,0.6415021736254887
6534,131,49,-0.5,0.2,0.12469753623008728,-0.04447716102004051,0.670832388926146
6535,132,0,-0.4,0.2,-0.04382546618580818,0.014268700033426285,0.401691939581852
6536,132,1,-0.4,0.2,-0.031425293534994125,-0.027744758874177933,0.4332608791945365
6537,132,2,-0.4,0.2,-0.016306597739458084,-0.022450953722000122,0.44351443465810386
6538,132,3,-0.4,0.2,-0.06024497002363205,0.008256647735834122,0.3901268941405382
6539,132,4,-0.4,0.2,-0.07583963125944138,0.037114161998033524,0.36278332498010135
6540,132,5,-0.4,0.2,-0.05295592173933983,0.06080889701843262,0.373916776041162
6541,132,6,-0.4,0.2,-0.029387200251221657,-0.0338870994746685,0.438243109059688
6542,132,7,-0.4,0.2,-0.06888003647327423,0.05076926574110985,0.3631944965075706
6543,132,8,-0.4,0.2,-0.07289358228445053,0.020100658759474754,0.37331271273487926
6544,132,9,-0.4,0.2,-0.09626084566116333,0.04451752454042435,0.34122173736957206
6545,132,10,-0.4,0.2,-0.06112566590309143,0.0413733571767807,0.37416336822701984
6546,132,11,-0.4,0.2,-0.03702504187822342,0.03197813034057617,0.39997771051316583
6547,132,12,-0.4,0.2,-0.026327364146709442,-0.012830542400479317,0.4300326482536275
6548,132,13,-0.4,0.2,-0.07003507018089294,0.022752314805984497,0.3745578684491424
6549,132,14,-0.4,0.2,-0.03114713728427887,0.014363477006554604,0.41293262525826
6550,132,15,-0.4,0.2,-0.025719210505485535,-0.0021804864518344402,0.4253975299487968
6551,132,16,-0.4,0.2,-0.006202075630426407,-0.004844543989747763,0.44388973004582133
6552,132,17,-0.4,0.2,-0.019550468772649765,0.006382875610142946,0.42688339938220593
6553,132,18,-0.4,0.2,-0.04005865752696991,0.02184954844415188,0.40161592773549176
6554,132,19,-0.4,0.2,-0.0605299212038517,0.0019263704307377338,0.3930306567287143
6555,132,20,-0.4,0.2,-0.03450373560190201,-0.005416703876107931,0.41926547856971125
6556,132,21,-0.4,0.2,-0.01876760646700859,-0.026845339685678482,0.4436180181372309
6557,132,22,-0.4,0.2,-0.037069324404001236,-0.031278666108846664,0.43035856757552243
6558,132,23,-0.4,0.2,-0.061671022325754166,-0.013625327497720718,0.40012782667868624
6559,132,24,-0.4,0.2,-0.08570517599582672,-0.026980219408869743,0.38768705988040525
6560,132,25,-0.4,0.2,-0.07241246104240417,-0.03920230269432068,0.40562462609481664
6561,132,26,-0.4,0.2,-0.07186460494995117,-0.006390731316059828,0.3876467095924195
6562,132,27,-0.4,0.2,-0.07868386805057526,0.002684227656573057,0.37706441182697586
6563,132,28,-0.4,0.2,-0.07264777272939682,-0.02646193839609623,0.3980508638869434
6564,132,29,-0.4,0.2,-0.021946828812360764,-0.03443116322159767,0.4448394885062047
6565,132,30,-0.4,0.2,-0.03927630931138992,0.03469981625676155,0.39679431922541486
6566,132,31,-0.4,0.2,-0.02488744631409645,-0.028478622436523438,0.4392173822189319
6567,132,32,-0.4,0.2,-0.028831150382757187,0.0032852734439074993,0.4200749916029585
6568,132,33,-0.4,0.2,-0.08315947651863098,-0.015841862186789513,0.38337400380334735
6569,132,34,-0.4,0.2,-0.07545728236436844,-0.021249910816550255,0.3927842901729303
6570,132,35,-0.4,0.2,-0.08367887139320374,-0.00861956737935543,0.378921073967425
6571,132,36,-0.4,0.2,-0.01370091363787651,-0.07446858286857605,0.4738776077280881
6572,132,37,-0.4,0.2,-0.06820571422576904,-0.042435746639966965,0.41092887379850823
6573,132,38,-0.4,0.2,-0.08609895408153534,-0.006621577311307192,0.3758009351229964
6574,132,39,-0.4,0.2,-0.06580191850662231,-0.005631356965750456,0.39239344112947433
6575,132,40,-0.4,0.2,-0.07831741869449615,-0.04328010976314545,0.40331736253444406
6576,132,41,-0.4,0.2,-0.06101139634847641,0.005606596823781729,0.3907711204836426
6577,132,42,-0.4,0.2,-0.0862450823187828,-0.04283062368631363,0.39674785464956386
6578,132,43,-0.4,0.2,-0.07530152052640915,0.001969489734619856,0.38032247576028
6579,132,44,-0.4,0.2,-0.04943670704960823,-0.007562871556729078,0.40740270987451405
6580,132,45,-0.4,0.2,-0.04478376358747482,-0.0289690513163805,0.42261732225714826
6581,132,46,-0.4,0.2,-0.05016288906335831,-0.030010880902409554,0.41867769169374025
6582,132,47,-0.4,0.2,-0.03809192031621933,-0.06162318214774132,0.4465693088172451
6583,132,48,-0.4,0.2,-0.018126245588064194,-0.04723867028951645,0.45492254768828033
6584,132,49,-0.4,0.2,0.09825806319713593,-0.028934095054864883,0.548335588321195
6585,133,0,-0.3,0.2,0.2063758224248886,0.3318294286727905,0.5232546911406306
6586,133,1,-0.3,0.2,0.2440331131219864,0.30497926473617554,0.554069196218079
6587,133,2,-0.3,0.2,0.2442973107099533,0.2703344523906708,0.5488228290069419
6588,133,3,-0.3,0.2,0.27104249596595764,0.3040872812271118,0.5804512850466288
6589,133,4,-0.3,0.2,0.20479054749011993,0.2440672665834427,0.5067103914658859
6590,133,5,-0.3,0.2,0.2568640410900116,0.276358425617218,0.562074878838966
6591,133,6,-0.3,0.2,0.22629626095294952,0.1825251281261444,0.5265862943906372
6592,133,7,-0.3,0.2,0.2655845880508423,0.2947496175765991,0.5734661422190092
6593,133,8,-0.3,0.2,0.20380137860774994,0.2746216356754303,0.5092977690879336
6594,133,9,-0.3,0.2,0.25067824125289917,0.3016565144062042,0.5599826535800954
6595,133,10,-0.3,0.2,0.23737363517284393,0.24964208900928497,0.5396617095737686
6596,133,11,-0.3,0.2,0.25122010707855225,0.24240349233150482,0.5528486796670483
6597,133,12,-0.3,0.2,0.22162197530269623,0.2977195978164673,0.5306963396482953
6598,133,13,-0.3,0.2,0.2725045680999756,0.27559012174606323,0.5774732435368104
6599,133,14,-0.3,0.2,0.2436424344778061,0.30546101927757263,0.5537771421357335
6600,133,15,-0.3,0.2,0.26667508482933044,0.29353925585746765,0.5743433155811059
6601,133,16,-0.3,0.2,0.20616663992404938,0.2552007734775543,0.509167745212246
6602,133,17,-0.3,0.2,0.2246890813112259,0.2882097661495209,0.5320522482720765
6603,133,18,-0.3,0.2,0.29898208379745483,0.21194854378700256,0.5991012472103285
6604,133,19,-0.3,0.2,0.19866637885570526,0.2742033898830414,0.5041570196587531
6605,133,20,-0.3,0.2,0.1771060973405838,0.3685774505138397,0.5060124355599462
6606,133,21,-0.3,0.2,0.21219892799854279,0.3928922116756439,0.547316313632234
6607,133,22,-0.3,0.2,0.2130299061536789,0.3990271985530853,0.5502831183781144
6608,133,23,-0.3,0.2,0.21829991042613983,0.2707703709602356,0.5231092071007678
6609,133,24,-0.3,0.2,0.23338420689105988,0.34055420756340027,0.5515924196583746
6610,133,25,-0.3,0.2,0.20785672962665558,0.43741461634635925,0.5606105224502755
6611,133,26,-0.3,0.2,-0.11334998905658722,0.3560566008090973,0.24329383313447558
6612,133,27,-0.3,0.2,0.24212543666362762,0.2300638109445572,0.5429583978595773
6613,133,28,-0.3,0.2,0.017009664326906204,0.3886170983314514,0.3688787565849166
6614,133,29,-0.3,0.2,0.16892853379249573,0.41050395369529724,0.5140096150133104
6615,133,30,-0.3,0.2,0.2258700281381607,0.2967567443847656,0.5346972546011143
6616,133,31,-0.3,0.2,0.22650142014026642,0.2860525846481323,0.5334873876056878
6617,133,32,-0.3,0.2,0.28048908710479736,0.27807706594467163,0.5857163208194643
6618,133,33,-0.3,0.2,0.25538375973701477,0.29288530349731445,0.563097505042786
6619,133,34,-0.3,0.2,0.24027691781520844,0.2869071662425995,0.5472220787470297
6620,133,35,-0.3,0.2,0.13403458893299103,0.32996097207069397,0.4530738114830631
6621,133,36,-0.3,0.2,0.015705976635217667,0.3914639949798584,0.3692271997792739
6622,133,37,-0.3,0.2,0.16652271151542664,0.41412976384162903,0.5133176366759453
6623,133,38,-0.3,0.2,0.1977967768907547,0.4657870829105377,0.5643087847313002
6624,133,39,-0.3,0.2,0.1831151396036148,0.223722442984581,0.4836972115025855
6625,133,40,-0.3,0.2,0.22958432137966156,0.19788126647472382,0.5295885596223807
6626,133,41,-0.3,0.2,0.20492886006832123,0.24311985075473785,0.506766687203298
6627,133,42,-0.3,0.2,0.18433479964733124,0.3205445408821106,0.4991103930854369
6628,133,43,-0.3,0.2,0.23938263952732086,0.3011506497859955,0.548785099811929
6629,133,44,-0.3,0.2,0.178754061460495,0.35662880539894104,0.5037241646433281
6630,133,45,-0.3,0.2,0.15154537558555603,0.37467294931411743,0.4841527294509379
6631,133,46,-0.3,0.2,0.18106772005558014,0.36059704422950745,0.5071662073667058
6632,133,47,-0.3,0.2,0.08401910960674286,0.33170053362846375,0.4059750079760793
6633,133,48,-0.3,0.2,0.055169012397527695,0.33897140622138977,0.38138966833749666
6634,133,49,-0.3,0.2,0.05873849615454674,0.31873267889022827,0.3778766434429042
6635,134,0,-0.2,0.2,0.049394894391298294,-0.13109208643436432,0.4145114992951431
6636,134,1,-0.2,0.2,0.03909187391400337,-0.1332591027021408,0.41015430475071907
6637,134,2,-0.2,0.2,0.05146631971001625,-0.12400473654270172,0.41013946317149935
6638,134,3,-0.2,0.2,0.11887951195240021,-0.12236299365758896,0.45343361457095754
6639,134,4,-0.2,0.2,-0.026502791792154312,-0.13132746517658234,0.3740042385271268
6640,134,5,-0.2,0.2,0.047333139926195145,-0.17305266857147217,0.44759577258286015
6641,134,6,-0.2,0.2,-0.016128338873386383,-0.15533584356307983,0.4000904266364615
6642,134,7,-0.2,0.2,0.04102317616343498,-0.14574292302131653,0.421462145710898
6643,134,8,-0.2,0.2,-0.048186495900154114,-0.11554377526044846,0.3501645529357452
6644,134,9,-0.2,0.2,0.05570107325911522,-0.1409546583890915,0.42618437083389804
6645,134,10,-0.2,0.2,0.04712938889861107,-0.1556205004453659,0.4330575887736104
6646,134,11,-0.2,0.2,-0.09086951613426208,-0.10351555049419403,0.3225386052871249
6647,134,12,-0.2,0.2,-0.037795841693878174,-0.13631485402584076,0.37338702442669325
6648,134,13,-0.2,0.2,0.01470876857638359,-0.15485893189907074,0.414758624807413
6649,134,14,-0.2,0.2,0.020537059754133224,-0.16173309087753296,0.42365956115826264
6650,134,15,-0.2,0.2,-0.059277746826410294,-0.15869492292404175,0.385311303065114
6651,134,16,-0.2,0.2,0.09806136786937714,-0.12543676793575287,0.44130450818072686
6652,134,17,-0.2,0.2,0.031032133847475052,-0.1297031193971634,0.40259159679548434
6653,134,18,-0.2,0.2,-0.02153705060482025,-0.11173170804977417,0.35920145059625824
6654,134,19,-0.2,0.2,0.046611446887254715,-0.14104512333869934,0.4208669408363336
6655,134,20,-0.2,0.2,0.03117739036679268,-0.14747056365013123,0.4173473115046272
6656,134,21,-0.2,0.2,-0.0735417827963829,-0.10844654589891434,0.333363093901062
6657,134,22,-0.2,0.2,0.24970079958438873,-0.09671279042959213,0.5387664513974062
6658,134,23,-0.2,0.2,0.01666826382279396,-0.14332740008831024,0.4059788666905982
6659,134,24,-0.2,0.2,-0.002770517021417618,-0.1223745048046112,0.3779216721809127
6660,134,25,-0.2,0.2,-0.0826561450958252,-0.09866532683372498,0.3208902580890667
6661,134,26,-0.2,0.2,0.02774469181895256,-0.1281043291091919,0.39939966879293054
6662,134,27,-0.2,0.2,-0.030636508017778397,-0.10128521174192429,0.34562518894141414
6663,134,28,-0.2,0.2,-0.004556667059659958,-0.1446637362241745,0.3962211345433708
6664,134,29,-0.2,0.2,-0.0950649082660675,-0.1037137433886528,0.3213306885443052
6665,134,30,-0.2,0.2,0.052941497415304184,-0.15235768258571625,0.433745706136525
6666,134,31,-0.2,0.2,-0.005297418683767319,-0.13808093965053558,0.3901382023414181
6667,134,32,-0.2,0.2,0.027808796614408493,-0.16806228458881378,0.43285874503311345
6668,134,33,-0.2,0.2,0.05664142593741417,-0.1285306215286255,0.41688990247926877
6669,134,34,-0.2,0.2,0.037273142486810684,-0.12885607779026031,0.40551801938404675
6670,134,35,-0.2,0.2,-0.014071766287088394,-0.1283264309167862,0.37731625108144795
6671,134,36,-0.2,0.2,0.08019806444644928,-0.14393480122089386,0.44362383030039354
6672,134,37,-0.2,0.2,-0.01478554680943489,-0.1278921365737915,0.3765868384550979
6673,134,38,-0.2,0.2,-0.00037014856934547424,-0.15360303223133087,0.40606302710960623
6674,134,39,-0.2,0.2,0.10569705069065094,-0.13941076397895813,0.4567826107742527
6675,134,40,-0.2,0.2,0.043049294501543045,-0.16576336324214935,0.4391535010083676
6676,134,41,-0.2,0.2,0.062142010778188705,-0.1428222358226776,0.4315617211816771
6677,134,42,-0.2,0.2,0.08329696953296661,-0.11268606036901474,0.42193571227813575
6678,134,43,-0.2,0.2,0.057171646505594254,-0.12288686633110046,0.4127870930825191
6679,134,44,-0.2,0.2,0.0435066781938076,-0.14451627433300018,0.42188501467256884
6680,134,45,-0.2,0.2,0.02249233052134514,-0.12718594074249268,0.3956683926729167
6681,134,46,-0.2,0.2,-0.0295160673558712,-0.1491958349943161,0.38859040449705584
6682,134,47,-0.2,0.2,0.046514395624399185,-0.15392199158668518,0.43131209509906915
6683,134,48,-0.2,0.2,0.00657745823264122,-0.14283046126365662,0.40025863066286305
6684,135,0,-0.1,0.2,0.10032004117965698,-0.005145595874637365,0.2867278054269929
6685,135,1,-0.1,0.2,0.12239745259284973,0.0007689329795539379,0.2985860763429774
6686,135,2,-0.1,0.2,0.1016886830329895,-0.0035866168327629566,0.2865760552052316
6687,135,3,-0.1,0.2,0.11111843585968018,-0.000381487887352705,0.29107341796836617
6688,135,4,-0.1,0.2,0.11335882544517517,-0.004543150309473276,0.2955670630057898
6689,135,5,-0.1,0.2,0.11219780147075653,-0.0054312399588525295,0.2953470861546703
6690,135,6,-0.1,0.2,0.15582513809204102,0.03427957370877266,0.30481102501379104
6691,135,7,-0.1,0.2,0.12354859709739685,0.0062059261836111546,0.2958548940115175
6692,135,8,-0.1,0.2,0.11523117125034332,0.015840591862797737,0.28326514907986694
6693,135,9,-0.1,0.2,0.09178386628627777,-0.003661224152892828,0.2797480037304426
6694,135,10,-0.1,0.2,0.11025261878967285,0.004336961079388857,0.2872110522030169
6695,135,11,-0.1,0.2,0.11690565943717957,-0.0009871372021734715,0.295709138202733
6696,135,12,-0.1,0.2,0.10707952082157135,-0.01546877808868885,0.2988456495830653
6697,135,13,-0.1,0.2,0.0910424292087555,-0.008410241454839706,0.282722546856891
6698,135,14,-0.1,0.2,0.1190512478351593,0.003355120774358511,0.29436823487565283
6699,135,15,-0.1,0.2,0.10099552571773529,0.0008938168175518513,0.2829177858319116
6700,135,16,-0.1,0.2,0.11253224313259125,0.004590386059135199,0.28871243754207876
6701,135,17,-0.1,0.2,0.10321074724197388,-0.00032426929101347923,0.2853496463316888
6702,135,18,-0.1,0.2,0.13282249867916107,-0.0012968680821359158,0.30777710277225756
6703,135,19,-0.1,0.2,0.09619884192943573,-0.011271173134446144,0.2883218586442187
6704,135,20,-0.1,0.2,0.10904192924499512,-0.008344164118170738,0.295136949405812
6705,135,21,-0.1,0.2,0.1129661500453949,-0.002498482819646597,0.2938710884204439
6706,135,22,-0.1,0.2,0.09804444015026093,-5.529029294848442e-05,0.281502610020984
6707,135,23,-0.1,0.2,0.10452106595039368,0.0014888937585055828,0.2850184655749644
6708,135,24,-0.1,0.2,0.11279241740703583,0.011582726612687111,0.2842211846725004
6709,135,25,-0.1,0.2,-0.030998874455690384,-0.05226500332355499,0.2615316180277536
6710,135,26,-0.1,0.2,0.09074865281581879,-0.00254233879968524,0.2782237365098389
6711,135,27,-0.1,0.2,0.10680016875267029,-0.011603638529777527,0.29587566583815855
6712,135,28,-0.1,0.2,0.09715571999549866,-0.009313290938735008,0.28754552976971665
6713,135,29,-0.1,0.2,0.1044829934835434,-0.0029490687884390354,0.2881000158731086
6714,135,30,-0.1,0.2,0.09349372982978821,-0.005658785346895456,0.2823745021665439
6715,135,31,-0.1,0.2,-0.025627393275499344,-0.04772239178419113,0.2586458351148874
6716,135,32,-0.1,0.2,0.09801723062992096,-0.002531739417463541,0.28324888190036457
6717,135,33,-0.1,0.2,0.08986200392246246,-0.0030147279612720013,0.2779614367185535
6718,135,34,-0.1,0.2,0.10978089272975922,0.004134465474635363,0.2870040601967184
6719,135,35,-0.1,0.2,0.08706369996070862,-0.012889785692095757,0.28339881562034885
6720,135,36,-0.1,0.2,0.10720008611679077,-0.011524200439453125,0.296098569835039
6721,135,37,-0.1,0.2,0.08791756629943848,-0.005595579277724028,0.27853644993509696
6722,135,38,-0.1,0.2,0.09764523804187775,-0.0035071601159870625,0.2836878642788664
6723,135,39,-0.1,0.2,0.09298349916934967,-0.0038152714259922504,0.2806836222833411
6724,135,40,-0.1,0.2,0.09060950577259064,-0.010196130722761154,0.2837505895354076
6725,135,41,-0.1,0.2,0.10920381546020508,0.006060839165002108,0.2852694068919602
6726,135,42,-0.1,0.2,0.09250469505786896,-0.009615816175937653,0.28459945188005475
6727,135,43,-0.1,0.2,0.07644632458686829,-0.02047685906291008,0.2823886521134672
6728,135,44,-0.1,0.2,0.09036202728748322,-0.012083904817700386,0.28498646303942915
6729,135,45,-0.1,0.2,0.1080603301525116,-0.007635762449353933,0.29394167930236886
6730,135,46,-0.1,0.2,0.10076770186424255,-0.007564347703009844,0.2887743557680033
6731,135,47,-0.1,0.2,0.10594405233860016,0.006003870163112879,0.28292658250036257
6732,135,48,-0.1,0.2,0.09950023889541626,0.004072332289069891,0.27962116567594236
6733,135,49,-0.1,0.2,0.08789947628974915,-0.0014836830087006092,0.2755029722320842
6734,136,0,0.0,0.2,-0.2281944453716278,-0.19810304045677185,0.4588667951806831
6735,136,1,0.0,0.2,-0.22448991239070892,-0.18787071108818054,0.448151100952836
6736,136,2,0.0,0.2,-0.22071513533592224,-0.16938304901123047,0.4303010665373577
6737,136,3,0.0,0.2,-0.09183369576931,-0.08893554657697678,0.3031784585922729
6738,136,4,0.0,0.2,-0.0908411294221878,-0.09672688692808151,0.3103207312132548
6739,136,5,0.0,0.2,-0.10143798589706421,-0.1139802411198616,0.32995947750676813
6740,136,6,0.0,0.2,-0.10172629356384277,-0.13558565080165863,0.3506650365037979
6741,136,7,0.0,0.2,-0.10060800611972809,-0.13725195825099945,0.3519387080721885
6742,136,8,0.0,0.2,-0.08608625829219818,-0.1138671338558197,0.32545878630268704
6743,136,9,0.0,0.2,-0.09739410877227783,-0.10450317710638046,0.3196995422133507
6744,136,10,0.0,0.2,-0.09260831773281097,-0.0909588634967804,0.30534138396332616
6745,136,11,0.0,0.2,-0.08841253817081451,-0.08515626192092896,0.2985479368853906
6746,136,12,0.0,0.2,-0.08648011088371277,-0.0928911566734314,0.3053916161847928
6747,136,13,0.0,0.2,-0.23027540743350983,-0.20247431099414825,0.4636942249790085
6748,136,14,0.0,0.2,-0.09849312901496887,-0.12535053491592407,0.33993215063191246
6749,136,15,0.0,0.2,-0.09053061902523041,-0.12185769528150558,0.33434737772713863
6750,136,16,0.0,0.2,-0.09825138747692108,-0.13474135100841522,0.34886259073749815
6751,136,17,0.0,0.2,-0.09888210892677307,-0.11099696904420853,0.32633845348118357
6752,136,18,0.0,0.2,-0.09212734550237656,-0.09074821323156357,0.3049950348557514
6753,136,19,0.0,0.2,-0.08179222047328949,-0.08025872707366943,0.2919502036836158
6754,136,20,0.0,0.2,-0.08718739449977875,-0.08914152532815933,0.30200076726517544
6755,136,21,0.0,0.2,-0.09036236256361008,-0.10574647039175034,0.31882010715306336
6756,136,22,0.0,0.2,-0.22633370757102966,-0.19893279671669006,0.45866580805532947
6757,136,23,0.0,0.2,-0.08408349007368088,-0.12414029985666275,0.3348685821245971
6758,136,24,0.0,0.2,-0.09766650944948196,-0.1278453916311264,0.3420838316579905
6759,136,25,0.0,0.2,-0.09675762057304382,-0.10985461622476578,0.324610413164387
6760,136,26,0.0,0.2,-0.09908078610897064,-0.095479317009449,0.31164888730162676
6761,136,27,0.0,0.2,-0.21005277335643768,-0.16384336352348328,0.4201239826227641
6762,136,28,0.0,0.2,-0.07764392346143723,-0.08440540730953217,0.29481352505844505
6763,136,29,0.0,0.2,-0.08754423260688782,-0.10039004683494568,0.31288683721152244
6764,136,30,0.0,0.2,-0.08443598449230194,-0.11598583310842514,0.3270725946978893
6765,136,31,0.0,0.2,-0.08886463195085526,-0.12565436959266663,0.33756138885624654
6766,136,32,0.0,0.2,-0.10007768869400024,-0.1307733654975891,0.34558148546606904
6767,136,33,0.0,0.2,-0.08710163831710815,-0.10952203720808029,0.32154406683215997
6768,136,34,0.0,0.2,-0.09591484069824219,-0.1038585975766182,0.3186372608271016
6769,136,35,0.0,0.2,-0.08195558190345764,-0.08573205769062042,0.2972533030888814
6770,136,36,0.0,0.2,-0.09356806427240372,-0.09177878499031067,0.30641449381859637
6771,136,37,0.0,0.2,-0.09343443810939789,-0.10145623236894608,0.31560395158948645
6772,136,38,0.0,0.2,-0.09979972243309021,-0.11574678868055344,0.3311435023668801
6773,136,39,0.0,0.2,-0.09302757680416107,-0.12697933614253998,0.3399553151669646
6774,136,40,0.0,0.2,-0.12062490731477737,-0.14016664028167725,0.36092064422144465
6775,136,41,0.0,0.2,-0.08225113898515701,-0.10308078676462173,0.3140433300839515
6776,136,42,0.0,0.2,-0.09321390092372894,-0.10153638571500778,0.3156153089371438
6777,136,43,0.0,0.2,-0.09541282057762146,-0.09491635113954544,0.30996654738865137
6778,136,44,0.0,0.2,-0.09953048825263977,-0.09593028575181961,0.3122195575503919
6779,136,45,0.0,0.2,-0.07379104197025299,-0.08803405612707138,0.2973360646878689
6780,136,46,0.0,0.2,-0.08203285932540894,-0.0942486971616745,0.30546961516727844
6781,136,47,0.0,0.2,-0.08769863843917847,-0.12005734443664551,0.3318550209231786
6782,136,48,0.0,0.2,-0.08417896926403046,-0.11296351253986359,0.3240868078889419
6783,137,0,0.1,0.2,-0.09457959979772568,-0.13528716564178467,0.3876579730916735
6784,137,1,0.1,0.2,-0.10972166061401367,-0.1290530264377594,0.39020388150113056
6785,137,2,0.1,0.2,-0.08977313339710236,-0.13537931442260742,0.38534805916461107
6786,137,3,0.1,0.2,-0.09036817401647568,-0.1351436972618103,0.3854365570268123
6787,137,4,0.1,0.2,-0.06476760655641556,-0.13743767142295837,0.375516372833034
6788,137,5,0.1,0.2,-0.1064700037240982,-0.13349132239818573,0.39223248788533543
6789,137,6,0.1,0.2,-0.07872621715068817,-0.12027169018983841,0.3667656148469357
6790,137,7,0.1,0.2,-0.13283105194568634,-0.13413603603839874,0.40725568053691896
6791,137,8,0.1,0.2,-0.10456745326519012,-0.14153261482715607,0.3981110020158703
6792,137,9,0.1,0.2,-0.0808267891407013,-0.1258714497089386,0.37268019722859025
6793,137,10,0.1,0.2,-0.06168241426348686,-0.12917910516262054,0.36674253415404845
6794,137,11,0.1,0.2,-0.09649959206581116,-0.1331026405096054,0.38674210890010624
6795,137,12,0.1,0.2,-0.08126656711101532,-0.12553399801254272,0.3725989160132412
6796,137,13,0.1,0.2,-0.08910426497459412,-0.1337060183286667,0.383562419562128
6797,137,14,0.1,0.2,-0.10216742753982544,-0.13290287554264069,0.38948169828970075
6798,137,15,0.1,0.2,0.00898217037320137,-0.1148170605301857,0.3277102789215492
6799,137,16,0.1,0.2,-0.09894376248121262,-0.1356232762336731,0.39015587164619936
6800,137,17,0.1,0.2,-0.12236154079437256,-0.12028587609529495,0.38990729314874073
6801,137,18,0.1,0.2,-0.09701140969991684,-0.13354451954364777,0.38738281075642905
6802,137,19,0.1,0.2,-0.10683443397283554,-0.1420965939760208,0.3997631332262365
6803,137,20,0.1,0.2,-0.10987139493227005,-0.1335330456495285,0.39406889619845326
6804,137,21,0.1,0.2,-0.11164869368076324,-0.11852475255727768,0.3824306310018178
6805,137,22,0.1,0.2,-0.11912528425455093,-0.09800748527050018,0.36989775813984754
6806,137,23,0.1,0.2,-0.07772780954837799,-0.1407918930053711,0.384351777184715
6807,137,24,0.1,0.2,-0.11520038545131683,-0.13079650700092316,0.39463595241995775
6808,137,25,0.1,0.2,-0.10328356921672821,-0.14350536465644836,0.3991492766638215
6809,137,26,0.1,0.2,-0.07418444752693176,-0.13853996992111206,0.38072238310145345
6810,137,27,0.1,0.2,-0.09641355276107788,-0.13476727902889252,0.3881332436375904
6811,137,28,0.1,0.2,-0.10904048383235931,-0.13050779700279236,0.3910669095698406
6812,137,29,0.1,0.2,-0.11056888103485107,-0.13432495296001434,0.3951106526430097
6813,137,30,0.1,0.2,-0.10149142146110535,-0.12690520286560059,0.38401276617192853
6814,137,31,0.1,0.2,-0.11334747076034546,-0.12939319014549255,0.39245001846612404
6815,137,32,0.1,0.2,-0.10940344631671906,-0.1267491728067398,0.3880912589317206
6816,137,33,0.1,0.2,-0.09972091019153595,-0.1402857005596161,0.3945665976398462
6817,137,34,0.1,0.2,-0.1282508671283722,-0.12469080835580826,0.3968911429795354
6818,137,35,0.1,0.2,-0.10951180756092072,-0.11037235707044601,0.37446788586060187
6819,137,36,0.1,0.2,-0.10933226346969604,-0.14892937242984772,0.40690503004218764
6820,137,37,0.1,0.2,-0.10613403469324112,-0.12283920496702194,0.3830357588041267
6821,137,38,0.1,0.2,-0.12586399912834167,-0.12507377564907074,0.3958377264953278
6822,137,39,0.1,0.2,-0.11078208684921265,-0.13031165301799774,0.3918352667333444
6823,137,40,0.1,0.2,-0.10815943777561188,-0.1315196007490158,0.3914531864934116
6824,137,41,0.1,0.2,-0.09639957547187805,-0.1272585690021515,0.3816686576480572
6825,137,42,0.1,0.2,-0.06713968515396118,-0.13415400683879852,0.37362357345299974
6826,137,43,0.1,0.2,-0.028366241604089737,-0.13293486833572388,0.35682421237534506
6827,137,44,0.1,0.2,-0.08900950103998184,-0.1365811973810196,0.3860200693148269
6828,137,45,0.1,0.2,-0.0721278265118599,-0.13702648878097534,0.37843736971886094
6829,137,46,0.1,0.2,-0.0739823579788208,-0.12856487929821014,0.3717858803076281
6830,137,47,0.1,0.2,-0.10892169177532196,-0.13552089035511017,0.3952499730030965
6831,137,48,0.1,0.2,-0.10615360736846924,-0.134739488363266,0.3931282677456991
6832,137,49,0.1,0.2,-0.0167430080473423,-0.0946294441819191,0.3169155081514447
6833,138,0,0.2,0.2,0.022929426282644272,0.015062898397445679,0.25603851199721306
6834,138,1,0.2,0.2,0.05449356511235237,0.0256391279399395,0.22709873689489785
6835,138,2,0.2,0.2,0.029305841773748398,0.011477813124656677,0.2543169490946887
6836,138,3,0.2,0.2,0.04163240268826485,0.021920500323176384,0.23831198896287137
6837,138,4,0.2,0.2,0.03840203210711479,0.015940871089696884,0.24493196231265846
6838,138,5,0.2,0.2,0.05938316509127617,0.026983734220266342,0.22295228746104118
6839,138,6,0.2,0.2,-0.10769730806350708,-0.05129846930503845,0.39727642022222276
6840,138,7,0.2,0.2,0.03303607180714607,0.015303397551178932,0.24897748547554727
6841,138,8,0.2,0.2,0.03958527371287346,0.01824803650379181,0.2424183587200044
6842,138,9,0.2,0.2,0.031043630093336105,0.011384855955839157,0.2532230785193897
6843,138,10,0.2,0.2,0.05880366638302803,0.027699586004018784,0.2227640843809023
6844,138,11,0.2,0.2,0.05377752706408501,0.02874176576733589,0.225189685341013
6845,138,12,0.2,0.2,0.04176151379942894,0.02179531380534172,0.2383198034087494
6846,138,13,0.2,0.2,0.03456709161400795,0.01683437079191208,0.24681510265833168
6847,138,14,0.2,0.2,0.04575299099087715,0.023950189352035522,0.23406340084995045
6848,138,15,0.2,0.2,0.041143033653497696,0.019276147708296776,0.24061721996558588
6849,138,16,0.2,0.2,0.022988583892583847,0.007657758425921202,0.2613973590648806
6850,138,17,0.2,0.2,0.03302767500281334,0.01604844070971012,0.2484309430813625
6851,138,18,0.2,0.2,0.0508936308324337,0.024851661175489426,0.23002097712887
6852,138,19,0.2,0.2,0.0373397134244442,0.023434948176145554,0.24006996137460088
6853,138,20,0.2,0.2,0.04059014841914177,0.01834852807223797,0.24167903929499923
6854,138,21,0.2,0.2,0.03041611984372139,0.014631381258368492,0.2512373722658303
6855,138,22,0.2,0.2,0.029972922056913376,0.015475818887352943,0.2509150865315943
6856,138,23,0.2,0.2,0.035027917474508286,0.015666577965021133,0.24737542014501618
6857,138,24,0.2,0.2,0.0355340950191021,0.015461426228284836,0.24719126018305038
6858,138,25,0.2,0.2,0.039515335112810135,0.01873810589313507,0.24209750498334748
6859,138,26,0.2,0.2,0.029639992862939835,0.017263058573007584,0.2498305861855815
6860,138,27,0.2,0.2,0.014729809015989304,0.010506408289074898,0.2650148391444498
6861,138,28,0.2,0.2,0.049203891307115555,0.024107664823532104,0.23168422469116698
6862,138,29,0.2,0.2,0.04332323744893074,0.023942694067955017,0.23567728548914896
6863,138,30,0.2,0.2,0.03282545879483223,0.016096998006105423,0.24853096662091173
6864,138,31,0.2,0.2,0.032880235463380814,0.015139132738113403,0.2492038441589373
6865,138,32,0.2,0.2,0.02440522238612175,0.016513600945472717,0.2539700465867276
6866,138,33,0.2,0.2,0.03740068897604942,0.023516103625297546,0.23996895971158463
6867,138,34,0.2,0.2,0.022189263254404068,0.013207457959651947,0.2578916669144368
6868,138,35,0.2,0.2,0.07500295341014862,0.04313439130783081,0.2005768701683976
6869,138,36,0.2,0.2,0.038479823619127274,0.021217236295342445,0.24093991777201149
6870,138,37,0.2,0.2,0.043070849031209946,0.02112175151705742,0.23795837073763693
6871,138,38,0.2,0.2,0.03933239355683327,0.020166143774986267,0.24115201762567784
6872,138,39,0.2,0.2,-0.11790216714143753,-0.06306444853544235,0.41263142385969453
6873,138,40,0.2,0.2,0.03808993473649025,0.020197423174977303,0.24195833498053373
6874,138,41,0.2,0.2,0.03011055663228035,0.016110073775053024,0.250355602962686
6875,138,42,0.2,0.2,0.04967888072133064,0.025442376732826233,0.23036232925953087
6876,138,43,0.2,0.2,0.029699403792619705,0.018641464412212372,0.24878346307408783
6877,138,44,0.2,0.2,0.04321473464369774,0.021557316184043884,0.23753612533736296
6878,138,45,0.2,0.2,0.031129565089941025,0.01865352690219879,0.24779783512315842
6879,138,46,0.2,0.2,0.045851971954107285,0.021997645497322083,0.23547070467243766
6880,138,47,0.2,0.2,0.03750833496451378,0.01905839890241623,0.24319416977748828
6881,138,48,0.2,0.2,0.02171425148844719,0.012686505913734436,0.2585965065292455
6882,139,0,0.3,0.2,-0.1639530211687088,-0.15278035402297974,0.5828433614927353
6883,139,1,0.3,0.2,-0.20475560426712036,-0.1761934757232666,0.6295234318242792
6884,139,2,0.3,0.2,-0.1520889401435852,-0.14903590083122253,0.5711483781551105
6885,139,3,0.3,0.2,-0.15628765523433685,-0.14803354442119598,0.5738691247676857
6886,139,4,0.3,0.2,-0.16093724966049194,-0.1410682201385498,0.5734027196596272
6887,139,5,0.3,0.2,-0.1704201102256775,-0.15561912953853607,0.5897118325067632
6888,139,6,0.3,0.2,-0.15875467658042908,-0.14647996425628662,0.5748949633763125
6889,139,7,0.3,0.2,-0.17077001929283142,-0.1675092875957489,0.5972331935970302
6890,139,8,0.3,0.2,-0.16535288095474243,-0.1457824558019638,0.579757544628197
6891,139,9,0.3,0.2,-0.1686163991689682,-0.15172024071216583,0.5859253000995209
6892,139,10,0.3,0.2,-0.1853800117969513,-0.16136591136455536,0.6051273235843381
6893,139,11,0.3,0.2,-0.16858787834644318,-0.15881474316120148,0.5901886305606538
6894,139,12,0.3,0.2,-0.13976719975471497,-0.13398106396198273,0.5522124057509767
6895,139,13,0.3,0.2,-0.12238726019859314,-0.13142378628253937,0.5368917243652842
6896,139,14,0.3,0.2,-0.12778128683567047,-0.06417737901210785,0.5027787952454728
6897,139,15,0.3,0.2,-0.17678596079349518,-0.15426018834114075,0.5939908530047217
6898,139,16,0.3,0.2,-0.15268850326538086,-0.14238204061985016,0.5675846568818289
6899,139,17,0.3,0.2,-0.1885267198085785,-0.16524861752986908,0.6099712358582247
6900,139,18,0.3,0.2,-0.18016676604747772,-0.16689597070217133,0.6042952726391145
6901,139,19,0.3,0.2,-0.17570722103118896,-0.16469205915927887,0.5994144293850887
6902,139,20,0.3,0.2,-0.18316124379634857,-0.14038227498531342,0.5910202032342143
6903,139,21,0.3,0.2,-0.15916086733341217,-0.1444031298160553,0.573970572344494
6904,139,22,0.3,0.2,-0.17136186361312866,-0.15588830411434174,0.5906255086552086
6905,139,23,0.3,0.2,-0.16470536589622498,-0.14979222416877747,0.5816405051074801
6906,139,24,0.3,0.2,-0.16661037504673004,-0.1556013971567154,0.58666651153876
6907,139,25,0.3,0.2,-0.1513778418302536,-0.14294390380382538,0.566879596785371
6908,139,26,0.3,0.2,-0.18690532445907593,-0.18520866334438324,0.6208562710500429
6909,139,27,0.3,0.2,-0.16409648954868317,-0.14837557077407837,0.5803025847982894
6910,139,28,0.3,0.2,-0.13794104754924774,-0.1407156139612198,0.554868895078381
6911,139,29,0.3,0.2,-0.16107948124408722,-0.1477150022983551,0.5774945981112392
6912,139,30,0.3,0.2,-0.15829503536224365,-0.14409594237804413,0.5730936720979516
6913,139,31,0.3,0.2,-0.17013417184352875,-0.1736210286617279,0.6005154557488495
6914,139,32,0.3,0.2,-0.12087875604629517,-0.12778028845787048,0.5334593187794189
6915,139,33,0.3,0.2,-0.12544666230678558,-0.13158480823040009,0.5394009153840724
6916,139,34,0.3,0.2,-0.17473849654197693,-0.15978685021400452,0.5956703934944653
6917,139,35,0.3,0.2,-0.2020079344511032,-0.1688409447669983,0.6229410957614492
6918,139,36,0.3,0.2,-0.1802087426185608,-0.16385014355182648,0.6024843263106385
6919,139,37,0.3,0.2,-0.15533055365085602,-0.1685093343257904,0.5857687620326234
6920,139,38,0.3,0.2,-0.18215472996234894,-0.1563730388879776,0.5995622790597468
6921,139,39,0.3,0.2,-0.16704030334949493,-0.1648276299238205,0.5926431004480018
6922,139,40,0.3,0.2,-0.16740120947360992,-0.1502513438463211,0.5840718230522229
6923,139,41,0.3,0.2,-0.16032053530216217,-0.1662013977766037,0.5882163368645991
6924,139,42,0.3,0.2,-0.18481960892677307,-0.16880469024181366,0.6091526514300577
6925,139,43,0.3,0.2,-0.10679976642131805,-0.1047130599617958,0.5082677432925681
6926,139,44,0.3,0.2,-0.1750185340642929,-0.17684756219387054,0.6063470069490349
6927,139,45,0.3,0.2,-0.16285023093223572,-0.15181228518486023,0.5813795836465341
6928,139,46,0.3,0.2,-0.17161664366722107,-0.17642612755298615,0.6034226446600025
6929,139,47,0.3,0.2,-0.17838342487812042,-0.16210731863975525,0.5999770090683422
6930,139,48,0.3,0.2,-0.1398816853761673,-0.1536289006471634,0.5644017155380543
6931,139,49,0.3,0.2,-0.18463264405727386,-0.15487077832221985,0.600668018953034
6932,140,0,0.4,0.2,-0.12678076326847076,0.022467253729701042,0.5558919396321438
6933,140,1,0.4,0.2,-0.11717760562896729,0.028916362673044205,0.5447405682755169
6934,140,2,0.4,0.2,-0.14104807376861572,0.016783300787210464,0.5712279553725984
6935,140,3,0.4,0.2,-0.08658156543970108,0.026856932789087296,0.516468916343426
6936,140,4,0.4,0.2,-0.1196446418762207,0.046744879335165024,0.541772725264625
6937,140,5,0.4,0.2,-0.1318163424730301,0.025343209505081177,0.5597621071378245
6938,140,6,0.4,0.2,-0.12792563438415527,0.030211452394723892,0.5545571443393565
6939,140,7,0.4,0.2,-0.15182657539844513,0.03802355378866196,0.5751077624612889
6940,140,8,0.4,0.2,-0.04793563857674599,0.04796227067708969,0.47303467890295714
6941,140,9,0.4,0.2,-0.1376083344221115,0.011057674884796143,0.5698437710987603
6942,140,10,0.4,0.2,-0.14754177629947662,-0.02895250916481018,0.5934823065989825
6943,140,11,0.4,0.2,-0.13094300031661987,0.03537265583872795,0.5558800518374519
6944,140,12,0.4,0.2,-0.08029408007860184,0.05566176772117615,0.5015136375572714
6945,140,13,0.4,0.2,-0.12192699313163757,0.01852383464574814,0.552577039652496
6946,140,14,0.4,0.2,-0.13992364704608917,-0.02004554681479931,0.5830416685903109
6947,140,15,0.4,0.2,-0.1298208385705948,0.02252683974802494,0.5587547257907279
6948,140,16,0.4,0.2,-0.05832947790622711,0.12728391587734222,0.4640619993146694
6949,140,17,0.4,0.2,-0.1071423888206482,0.014872094616293907,0.5398756744755888
6950,140,18,0.4,0.2,-0.13309122622013092,0.040903929620981216,0.5563252781268604
6951,140,19,0.4,0.2,-0.10085287690162659,0.10855261981487274,0.5091328192558
6952,140,20,0.4,0.2,-0.10379572957754135,0.08375048637390137,0.5170339317287326
6953,140,21,0.4,0.2,-0.18375007808208466,-0.09919078648090363,0.6559567671545905
6954,140,22,0.4,0.2,-0.1029396504163742,0.05631934106349945,0.5230606310107574
6955,140,23,0.4,0.2,-0.1334073543548584,-0.02610008232295513,0.5793484727746304
6956,140,24,0.4,0.2,-0.1318035125732422,-0.03776141256093979,0.5825336602190573
6957,140,25,0.4,0.2,-0.11180204153060913,0.02119802124798298,0.5421360321178957
6958,140,26,0.4,0.2,-0.1461319625377655,0.022778835147619247,0.5741667543292506
6959,140,27,0.4,0.2,-0.1327841579914093,0.051490429788827896,0.5530949750729274
6960,140,28,0.4,0.2,-0.13776162266731262,0.04267192259430885,0.5603032096587992
6961,140,29,0.4,0.2,-0.10472692549228668,0.09482885897159576,0.5155678793545161
6962,140,30,0.4,0.2,-0.07319387793540955,0.04927540570497513,0.4966189177235913
6963,140,31,0.4,0.2,-0.14746975898742676,-0.025242328643798828,0.5919942935693149
6964,140,32,0.4,0.2,-0.13403403759002686,0.029720835387706757,0.5605241718300529
6965,140,33,0.4,0.2,-0.12765175104141235,0.011012589558959007,0.5604753444017668
6966,140,34,0.4,0.2,-0.12183302640914917,0.03356495127081871,0.547731990025064
6967,140,35,0.4,0.2,-0.12634234130382538,-0.01779215782880783,0.5696224049850225
6968,140,36,0.4,0.2,-0.1243792176246643,-0.0023278649896383286,0.5620588303976021
6969,140,37,0.4,0.2,-0.08239208161830902,0.030804701149463654,0.5112036478363272
6970,140,38,0.4,0.2,-0.15890328586101532,-0.033783815801143646,0.6058281567216754
6971,140,39,0.4,0.2,-0.13627102971076965,-0.02195032499730587,0.5803865643460907
6972,140,40,0.4,0.2,-0.14595304429531097,0.012614753097295761,0.5772156939412729
6973,140,41,0.4,0.2,-0.06408706307411194,0.0936993733048439,0.47610568716256446
6974,140,42,0.4,0.2,-0.10468631982803345,0.06328164041042328,0.5228768413980762
6975,140,43,0.4,0.2,-0.11642474681138992,0.037157490849494934,0.5414907219017151
6976,140,44,0.4,0.2,-0.13515278697013855,0.025616083294153214,0.5628483417472048
6977,140,45,0.4,0.2,-0.07824777811765671,0.14004747569561005,0.48199091531370575
6978,140,46,0.4,0.2,-0.08679485321044922,0.017045702785253525,0.5200399061432927
6979,140,47,0.4,0.2,-0.1805524230003357,0.01608048379421234,0.6089889196799328
6980,140,48,0.4,0.2,-0.11990535259246826,0.02550649642944336,0.5484063807457265
6981,141,0,0.5,0.2,0.040796320885419846,0.3690917193889618,0.489346532099985
6982,141,1,0.5,0.2,-0.07122190296649933,0.23064638674259186,0.5720434104585467
6983,141,2,0.5,0.2,-0.26762309670448303,0.042625315487384796,0.7835891844069985
6984,141,3,0.5,0.2,0.2213173359632492,0.375410795211792,0.32929162502477
6985,141,4,0.5,0.2,-0.012431740760803223,0.22256824374198914,0.5129284692476572
6986,141,5,0.5,0.2,-0.15007978677749634,0.11839977651834488,0.6551811395705246
6987,141,6,0.5,0.2,-0.15563452243804932,0.13469721376895905,0.6588786541557603
6988,141,7,0.5,0.2,-0.12668372690677643,0.25940561294555664,0.6294930662201168
6989,141,8,0.5,0.2,-0.10064294934272766,0.18106041848659515,0.6009414783013679
6990,141,9,0.5,0.2,0.03596089407801628,0.25009238719940186,0.4667349773481829
6991,141,10,0.5,0.2,-0.07714997977018356,0.18086320161819458,0.5774671559500412
6992,141,11,0.5,0.2,-0.006867673248052597,0.23003770411014557,0.5077569318602192
6993,141,12,0.5,0.2,-0.22962073981761932,0.0576111301779747,0.7433848358832751
6994,141,13,0.5,0.2,0.17994162440299988,0.32318076491355896,0.3429444045825502
6995,141,14,0.5,0.2,-0.12807819247245789,0.2772248685359955,0.6328079457306708
6996,141,15,0.5,0.2,-0.058449313044548035,0.5863376259803772,0.6790599358584494
6997,141,16,0.5,0.2,0.07899850606918335,0.2740991413593292,0.42747273672383984
6998,141,17,0.5,0.2,-0.11855027079582214,0.18341584503650665,0.6187725524758173
6999,141,18,0.5,0.2,0.12891508638858795,0.2816654443740845,0.3799648114165387
7000,141,19,0.5,0.2,-0.08746559172868729,0.2797330915927887,0.5928517414666846
7001,141,20,0.5,0.2,0.05769915506243706,0.256155401468277,0.44585139513804983
7002,141,21,0.5,0.2,-0.02181023359298706,0.2231282889842987,0.5223225417629503
7003,141,22,0.5,0.2,-0.018125168979167938,0.2185315042734146,0.5184564662344631
7004,141,23,0.5,0.2,0.11036916077136993,0.36109140515327454,0.4216190599252636
7005,141,24,0.5,0.2,0.11091040074825287,0.329791396856308,0.41016645760446674
7006,141,25,0.5,0.2,-0.11173715442419052,0.14984287321567535,0.6137899343181384
7007,141,26,0.5,0.2,0.02827059105038643,0.27117908000946045,0.47706927872054905
7008,141,27,0.5,0.2,-0.02993585728108883,0.24673594534397125,0.5319927268482505
7009,141,28,0.5,0.2,-0.00728946179151535,-0.009809009730815887,0.5489648609965404
7010,141,29,0.5,0.2,-0.04424404725432396,0.25287604331970215,0.5468066010290237
7011,141,30,0.5,0.2,-0.03653819113969803,0.20035992562770844,0.5365383118640425
7012,141,31,0.5,0.2,-0.1133965253829956,0.29837679862976074,0.6212352950859863
7013,141,32,0.5,0.2,0.01437583938241005,0.18526248633861542,0.48584773302389533
7014,141,33,0.5,0.2,0.09007906913757324,0.18736252188682556,0.41011568540130167
7015,141,34,0.5,0.2,-0.2078302502632141,0.1497449427843094,0.7096120305937863
7016,141,35,0.5,0.2,-0.10121851414442062,0.1685183197259903,0.6020421895041076
7017,141,36,0.5,0.2,0.31636062264442444,0.423299640417099,0.2891126948543581
7018,141,37,0.5,0.2,0.10595348477363586,0.355386883020401,0.42357731239625784
7019,141,38,0.5,0.2,-0.1003936231136322,0.3346506357192993,0.6153074811629757
7020,141,39,0.5,0.2,-0.12397651374340057,0.2978716492652893,0.6316055330926701
7021,141,40,0.5,0.2,0.15652096271514893,0.3184407949447632,0.3633263972811163
7022,141,41,0.5,0.2,0.1323951780796051,0.355857789516449,0.3992805475503145
7023,141,42,0.5,0.2,-0.05760195851325989,0.3541243076324463,0.5785103683954196
7024,141,43,0.5,0.2,-0.10260435938835144,0.2557765245437622,0.6051801670940864
7025,141,44,0.5,0.2,-0.012690950185060501,0.32130706310272217,0.5268466702564115
7026,141,45,0.5,0.2,0.14811335504055023,0.379343181848526,0.3949533994997021
7027,141,46,0.5,0.2,-0.0022183284163475037,0.345781147480011,0.5229487473528347
7028,141,47,0.5,0.2,-0.009812083095312119,0.26270797848701477,0.5136542131005151
7029,141,48,0.5,0.2,-0.12301512062549591,0.19357538223266602,0.6230482455167157
7030,142,0,0.6,0.2,-0.2292906939983368,0.0372614823281765,0.8451076146185558
7031,142,1,0.6,0.2,-0.1637342870235443,0.024355798959732056,0.7836714531833067
7032,142,2,0.6,0.2,-0.23276545107364655,0.09068840742111206,0.8399091145915889
7033,142,3,0.6,0.2,-0.1287194937467575,0.04972386360168457,0.7440531014231011
7034,142,4,0.6,0.2,-0.21300378441810608,0.09360704571008682,0.8199357378482156
7035,142,5,0.6,0.2,-0.20217542350292206,0.07015212625265121,0.8126166872448534
7036,142,6,0.6,0.2,-0.23350486159324646,0.04176822304725647,0.8483912125530295
7037,142,7,0.6,0.2,-0.1963878720998764,0.005628127139061689,0.8197646417034817
7038,142,8,0.6,0.2,-0.17410403490066528,0.03482595086097717,0.7915298625816153
7039,142,9,0.6,0.2,-0.22472243010997772,0.2158583402633667,0.8248748836535246
7040,142,10,0.6,0.2,-0.2249225229024887,0.03958573192358017,0.8403748605201732
7041,142,11,0.6,0.2,-0.26641884446144104,-0.01188192330300808,0.8919504265711635
7042,142,12,0.6,0.2,-0.28053000569343567,0.06560228019952774,0.890727701384687
7043,142,13,0.6,0.2,-0.1853736788034439,0.027488812804222107,0.8040969624771329
7044,142,14,0.6,0.2,-0.1827535182237625,0.0340610072016716,0.8001492483422088
7045,142,15,0.6,0.2,-0.21949593722820282,0.07105627655982971,0.8295782512506856
7046,142,16,0.6,0.2,-0.18313093483448029,0.015500910580158234,0.8045706774991727
7047,142,17,0.6,0.2,-0.2195291370153427,0.05047491937875748,0.8330580748974836
7048,142,18,0.6,0.2,-0.16908498108386993,0.04088176041841507,0.7853727282611226
7049,142,19,0.6,0.2,-0.19073118269443512,0.05481062829494476,0.8039500960516448
7050,142,20,0.6,0.2,-0.11992008984088898,0.15635380148887634,0.721241933335123
7051,142,21,0.6,0.2,-0.11315275728702545,0.17294010519981384,0.7136659534633022
7052,142,22,0.6,0.2,-0.22559835016727448,0.11272304505109787,0.8301987127574206
7053,142,23,0.6,0.2,-0.22825045883655548,0.012425387278199196,0.849224974845122
7054,142,24,0.6,0.2,-0.1913129687309265,0.01706531085073948,0.8121830550903465
7055,142,25,0.6,0.2,-0.20631742477416992,0.042276542633771896,0.8215987332621719
7056,142,26,0.6,0.2,-0.21084167063236237,0.018925998359918594,0.8308140639781157
7057,142,27,0.6,0.2,-0.16687093675136566,0.06879827380180359,0.778013448849892
7058,142,28,0.6,0.2,-0.19198031723499298,0.035003699362277985,0.8089849208185363
7059,142,29,0.6,0.2,-0.17982418835163116,0.05836232751607895,0.7925824846695407
7060,142,30,0.6,0.2,-0.16197320818901062,0.09438998252153397,0.7692572039244451
7061,142,31,0.6,0.2,-0.19456826150417328,0.06323061138391495,0.8062534265677151
7062,142,32,0.6,0.2,-0.16375382244586945,0.10300738364458084,0.7698879586849935
7063,142,33,0.6,0.2,-0.2246391624212265,0.13846372067928314,0.8269319572198303
7064,142,34,0.6,0.2,-0.20454278588294983,0.057194001972675323,0.8171185026597294
7065,142,35,0.6,0.2,-0.1814700812101364,0.11101429164409637,0.786520148577377
7066,142,36,0.6,0.2,-0.16167333722114563,0.06617177277803421,0.7733409772118448
7067,142,37,0.6,0.2,-0.27991512417793274,0.10169240087270737,0.8853897502248596
7068,142,38,0.6,0.2,-0.1987108588218689,0.059713996946811676,0.8109372347183267
7069,142,39,0.6,0.2,-0.19333384931087494,0.035754233598709106,0.8101575576658885
7070,142,40,0.6,0.2,-0.23619477450847626,0.05691172182559967,0.8483489590175708
7071,142,41,0.6,0.2,-0.2483527660369873,0.01243678666651249,0.8688396714230944
7072,142,42,0.6,0.2,-0.18465232849121094,0.14725059270858765,0.7864234079529134
7073,142,43,0.6,0.2,-0.24980758130550385,0.032757826149463654,0.866107885865591
7074,142,44,0.6,0.2,-0.17769776284694672,0.02253345400094986,0.7976892786580366
7075,142,45,0.6,0.2,-0.19845537841320038,0.16574634611606598,0.799189779790362
7076,142,46,0.6,0.2,-0.26528647541999817,-1.1463183909654617e-05,0.8881020605480721
7077,142,47,0.6,0.2,-0.22693446278572083,0.014459801837801933,0.8474938176038669
7078,142,48,0.6,0.2,-0.19280777871608734,0.026840895414352417,0.8114975351124855
7079,143,0,0.8,0.2,-0.3066575825214386,-0.12730729579925537,1.154045523727559
7080,143,1,0.8,0.2,-0.38929659128189087,-0.14095540344715118,1.2372053059919097
7081,143,2,0.8,0.2,-0.4045936167240143,-0.15937581658363342,1.257058773087955
7082,143,3,0.8,0.2,-0.4657002091407776,-0.183723583817482,1.3225886768745378
7083,143,4,0.8,0.2,-0.4323258697986603,-0.16790702939033508,1.2860725608027899
7084,143,5,0.8,0.2,-0.32116007804870605,-0.1270197480916977,1.167879204477988
7085,143,6,0.8,0.2,-0.3935985267162323,-0.15435604751110077,1.2450886118613607
7086,143,7,0.8,0.2,-0.40372174978256226,-0.11458110064268112,1.244149235333589
7087,143,8,0.8,0.2,-0.39559686183929443,-0.17461152374744415,1.2529108706385905
7088,143,9,0.8,0.2,-0.4557933509349823,-0.1816764622926712,1.3125143283487464
7089,143,10,0.8,0.2,-0.43005749583244324,-0.18520136177539825,1.2889614160894043
7090,143,11,0.8,0.2,-0.390462726354599,-0.16293857991695404,1.2445585223812339
7091,143,12,0.8,0.2,-0.382367879152298,-0.15443012118339539,1.2343478085423005
7092,143,13,0.8,0.2,-0.4095247983932495,-0.15362700819969177,1.2601596322912807
7093,143,14,0.8,0.2,-0.3816411793231964,-0.15637968480587006,1.2342132540264854
7094,143,15,0.8,0.2,-0.29561033844947815,-0.15975667536258698,1.153163856173667
7095,143,16,0.8,0.2,-0.3692760169506073,-0.11631500720977783,1.2113057366338191
7096,143,17,0.8,0.2,-0.4656430780887604,-0.22030991315841675,1.3336089472604884
7097,143,18,0.8,0.2,-0.3314058482646942,-0.15158367156982422,1.1847743547199485
7098,143,19,0.8,0.2,-0.39716091752052307,-0.172893688082695,1.2538915284228118
7099,143,20,0.8,0.2,-0.2843514680862427,-0.11271099001169205,1.1285416561274477
7100,143,21,0.8,0.2,-0.34940239787101746,-0.14340440928936005,1.199605126927615
7101,143,22,0.8,0.2,-0.40567219257354736,-0.15131454169750214,1.2558134189254513
7102,143,23,0.8,0.2,-0.43247759342193604,-0.16642974317073822,1.285796163848415
7103,143,24,0.8,0.2,-0.4281264543533325,-0.17181672155857086,1.2831766294291103
7104,143,25,0.8,0.2,-0.3993760645389557,-0.1493053287267685,1.24920661095988
7105,143,26,0.8,0.2,-0.3415915369987488,-0.14876197278499603,1.1936775741413792
7106,143,27,0.8,0.2,-0.4356125295162201,-0.16838255524635315,1.2893579914466364
7107,143,28,0.8,0.2,-0.2801049053668976,-0.11682586371898651,1.1256132704081436
7108,143,29,0.8,0.2,-0.39500725269317627,-0.16742534935474396,1.2502174696178856
7109,143,30,0.8,0.2,-0.335040420293808,-0.11295066773891449,1.1773932546685397
7110,143,31,0.8,0.2,-0.41317179799079895,-0.19013801217079163,1.2743600276141767
7111,143,32,0.8,0.2,-0.40692898631095886,-0.15385812520980835,1.2577333385000968
7112,143,33,0.8,0.2,-0.40227293968200684,-0.1439642310142517,1.2505085420375346
7113,143,34,0.8,0.2,-0.4013199508190155,-0.16334784030914307,1.2550662441851905
7114,143,35,0.8,0.2,-0.4109340310096741,-0.17060108482837677,1.2663752964794077
7115,143,36,0.8,0.2,-0.4306183159351349,-0.1845598965883255,1.2893051437030145
7116,143,37,0.8,0.2,-0.41211915016174316,-0.1629921793937683,1.2653047682237921
7117,143,38,0.8,0.2,-0.3318626880645752,-0.12893524765968323,1.1786906047753596
7118,143,39,0.8,0.2,-0.3709091544151306,-0.07815810292959213,1.2034949846669682
7119,143,40,0.8,0.2,-0.22467146813869476,-0.00808713212609291,1.045586855394601
7120,143,41,0.8,0.2,-0.3840726613998413,-0.1269882172346115,1.2283929996889322
7121,143,42,0.8,0.2,-0.439384400844574,-0.1493183970451355,1.287671167484559
7122,143,43,0.8,0.2,-0.34371888637542725,-0.08888184279203415,1.1796379148479286
7123,143,44,0.8,0.2,-0.38525867462158203,-0.16893218457698822,1.2413497019705841
7124,143,45,0.8,0.2,-0.33997899293899536,-0.14518484473228455,1.1910939011576953
7125,143,46,0.8,0.2,-0.41054368019104004,-0.16084899008274078,1.263181695281483
7126,143,47,0.8,0.2,-0.4173353910446167,-0.13454994559288025,1.2624694532486516
7127,143,48,0.8,0.2,-0.31754612922668457,-0.13334323465824127,1.1662019820948535
7128,143,49,0.8,0.2,-0.4355667233467102,-0.1201021671295166,1.276358305979453
7129,144,0,1.0,0.2,-0.26144713163375854,-0.05275425314903259,1.2865199486956906
7130,144,1,1.0,0.2,-0.3587620258331299,-0.061566539108753204,1.3837092531408042
7131,144,2,1.0,0.2,-0.3846343755722046,-0.036270517855882645,1.4046480383441668
7132,144,3,1.0,0.2,-0.31886351108551025,0.08495211601257324,1.3238719637800267
7133,144,4,1.0,0.2,-0.35449719429016113,-0.03381521999835968,1.374529812860674
7134,144,5,1.0,0.2,-0.27749666571617126,-0.00900576077401638,1.2944810307426913
7135,144,6,1.0,0.2,-0.41462060809135437,-0.07934314757585526,1.4419376057702147
7136,144,7,1.0,0.2,-0.38581129908561707,-0.05800851434469223,1.4096245422621305
7137,144,8,1.0,0.2,-0.3755834102630615,0.014209097251296043,1.3880734772104584
7138,144,9,1.0,0.2,-0.32003748416900635,0.07753263413906097,1.3257063080909575
7139,144,10,1.0,0.2,-0.32627227902412415,0.03272335231304169,1.336779576059281
7140,144,11,1.0,0.2,-0.4117472171783447,-0.10191242396831512,1.443669393232822
7141,144,12,1.0,0.2,-0.28200486302375793,0.051534585654735565,1.2905729146674647
7142,144,13,1.0,0.2,-0.3613904118537903,-0.04072067141532898,1.3825086962236728
7143,144,14,1.0,0.2,-0.33428147435188293,0.07453136891126633,1.340167687338385
7144,144,15,1.0,0.2,-0.3704124987125397,-0.10185983031988144,1.403263971527914
7145,144,16,1.0,0.2,-0.25220856070518494,-0.009092425927519798,1.2695455573092311
7146,144,17,1.0,0.2,-0.29766038060188293,0.10651325434446335,1.3010235336061706
7147,144,18,1.0,0.2,-0.37614941596984863,-0.018256776034832,1.3933496457670898
7148,144,19,1.0,0.2,-0.38304460048675537,-0.01998199336230755,1.4004300926284121
7149,144,20,1.0,0.2,-0.319749653339386,0.019473765045404434,1.3320393646571829
7150,144,21,1.0,0.2,-0.31013166904449463,0.05101872980594635,1.3185751435174056
7151,144,22,1.0,0.2,-0.4317381680011749,-0.05412553250789642,1.4541162154325158
7152,144,23,1.0,0.2,-0.3925687372684479,-0.015780387446284294,1.4091873060824482
7153,144,24,1.0,0.2,-0.2947806119918823,0.1784171164035797,1.294960483587978
7154,144,25,1.0,0.2,-0.3918556272983551,0.016737470403313637,1.403868669782282
7155,144,26,1.0,0.2,-0.4057876169681549,-0.026365486904978752,1.4238961189927908
7156,144,27,1.0,0.2,-0.388492614030838,0.07946330308914185,1.393714760817424
7157,144,28,1.0,0.2,-0.3270054757595062,0.07197272777557373,1.3331670994773839
7158,144,29,1.0,0.2,-0.32059717178344727,0.05824802815914154,1.3281831619333273
7159,144,30,1.0,0.2,-0.260956734418869,-0.02453787997364998,1.2807923897413505
7160,144,31,1.0,0.2,-0.2761803865432739,0.03975280374288559,1.286201983712514
7161,144,32,1.0,0.2,-0.36417096853256226,-0.033872440457344055,1.384073245819217
7162,144,33,1.0,0.2,-0.3026842772960663,-0.0871577337384224,1.33395872888188
7163,144,34,1.0,0.2,-0.3524162173271179,0.03783170133829117,1.3621043212545152
7164,144,35,1.0,0.2,-0.3554202914237976,-0.04399228096008301,1.3772060120299636
7165,144,36,1.0,0.2,-0.283085435628891,-0.09576842188835144,1.3167335320820637
7166,144,37,1.0,0.2,-0.3229862153530121,-0.0051001375541090965,1.3387899732365793
7167,144,38,1.0,0.2,-0.37331172823905945,-0.06237802281975746,1.3981513973020796
7168,144,39,1.0,0.2,-0.42259782552719116,-0.1380920261144638,1.4622211841294313
7169,144,40,1.0,0.2,-0.41645312309265137,-0.09772320836782455,1.4474040758267046
7170,144,41,1.0,0.2,-0.2803099453449249,0.11220290511846542,1.2833167520214024
7171,144,42,1.0,0.2,-0.20789824426174164,0.16693857312202454,1.2083506223103482
7172,144,43,1.0,0.2,-0.3198331296443939,0.010601965710520744,1.3333533310790633
7173,144,44,1.0,0.2,-0.31368395686149597,0.11755340546369553,1.316268581812204
7174,144,45,1.0,0.2,-0.3873138129711151,0.006408095825463533,1.4007560248031694
7175,144,46,1.0,0.2,-0.3396720588207245,0.010474691167473793,1.3530118506033209
7176,144,47,1.0,0.2,-0.28788885474205017,0.03415988013148308,1.2985224863385283
7177,144,48,1.0,0.2,-0.347721666097641,0.11392097920179367,1.3504678030558817
7178,145,0,-0.5,0.3,0.1032908707857132,0.5863914489746094,0.6678172929919982
7179,145,1,-0.5,0.3,0.059856537729501724,0.6540265083312988,0.6624002652775104
7180,145,2,-0.5,0.3,0.09249766170978546,0.6468162536621094,0.686538413299492
7181,145,3,-0.5,0.3,0.13808003067970276,0.5725494027137756,0.6938510664918274
7182,145,4,-0.5,0.3,0.07693779468536377,0.6065499782562256,0.6533223615530876
7183,145,5,-0.5,0.3,0.08293531835079193,0.5689878463745117,0.6420031517663578
7184,145,6,-0.5,0.3,0.11170464754104614,0.5533537864685059,0.6620957007421546
7185,145,7,-0.5,0.3,0.08702835440635681,0.5906625390052795,0.6550473268841198
7186,145,8,-0.5,0.3,0.07989199459552765,0.6269795894622803,0.6657254519100955
7187,145,9,-0.5,0.3,0.07620592415332794,0.6187413334846497,0.6584901705424033
7188,145,10,-0.5,0.3,0.11374138295650482,0.5707460641860962,0.670806914413995
7189,145,11,-0.5,0.3,0.09052060544490814,0.6280881762504578,0.6755415878022406
7190,145,12,-0.5,0.3,0.11980287730693817,0.5734296441078186,0.6774358840472564
7191,145,13,-0.5,0.3,0.1338496208190918,0.5783474445343018,0.6922735309769417
7192,145,14,-0.5,0.3,0.09499047696590424,0.5938531160354614,0.663598765432746
7193,145,15,-0.5,0.3,0.09282229840755463,0.5914756655693054,0.6606030132449332
7194,145,16,-0.5,0.3,0.10245832800865173,0.5821446776390076,0.6652530767362145
7195,145,17,-0.5,0.3,0.11288435757160187,0.5687934756278992,0.6692362574577689
7196,145,18,-0.5,0.3,0.07544796168804169,0.6336007118225098,0.6651539607785607
7197,145,19,-0.5,0.3,0.09658320248126984,0.6026673316955566,0.6689686324174818
7198,145,20,-0.5,0.3,0.05711137130856514,0.5680512189865112,0.6182431043218068
7199,145,21,-0.5,0.3,0.09405326843261719,0.6077942848205566,0.6690565054639803
7200,145,22,-0.5,0.3,0.07550162076950073,0.6504834890365601,0.6738254904614123
7201,145,23,-0.5,0.3,0.09939822554588318,0.6020017862319946,0.6711805358283781
7202,145,24,-0.5,0.3,0.05107970908284187,0.6626112461090088,0.6596785289575202
7203,145,25,-0.5,0.3,0.09484937787055969,0.6401894688606262,0.6852551766142791
7204,145,26,-0.5,0.3,0.0834200382232666,0.6197109222412109,0.665277396881003
7205,145,27,-0.5,0.3,0.0839405506849289,0.6173522472381592,0.6646044053129108
7206,145,28,-0.5,0.3,0.053543251007795334,0.6378679871559143,0.6485097589713421
7207,145,29,-0.5,0.3,0.09321236610412598,0.6151186227798462,0.671714714534022
7208,145,30,-0.5,0.3,0.08835427463054657,0.6016845107078552,0.6611915732048274
7209,145,31,-0.5,0.3,0.10000255703926086,0.6074351668357849,0.6741805768939049
7210,145,32,-0.5,0.3,0.09408049285411835,0.5088666081428528,0.6297276331771476
7211,145,33,-0.5,0.3,0.11441509425640106,0.5802546143531799,0.675313672981935
7212,145,34,-0.5,0.3,0.10121665894985199,0.5968140363693237,0.6704923886105442
7213,145,35,-0.5,0.3,0.1072443276643753,0.5770114064216614,0.6674436251611563
7214,145,36,-0.5,0.3,0.13195174932479858,0.567215621471405,0.686124771330275
7215,145,37,-0.5,0.3,0.09126277267932892,0.6232264041900635,0.6738449188960959
7216,145,38,-0.5,0.3,0.09755739569664001,0.5982446670532227,0.6678508235956878
7217,145,39,-0.5,0.3,0.1283874809741974,0.5656723380088806,0.6822408793294361
7218,145,40,-0.5,0.3,0.10483251512050629,0.6160634756088257,0.6824357053678597
7219,145,41,-0.5,0.3,0.09668822586536407,0.6093732714653015,0.6721225037026353
7220,145,42,-0.5,0.3,0.15864090621471405,0.5534981489181519,0.705740146827619
7221,145,43,-0.5,0.3,0.09630273282527924,0.6189107298851013,0.6762255561650597
7222,145,44,-0.5,0.3,-0.0815952867269516,0.4893801510334015,0.4592682720312125
7223,145,45,-0.5,0.3,0.06924279034137726,0.6036685109138489,0.6451758821253872
7224,145,46,-0.5,0.3,0.11120717227458954,0.5850920677185059,0.674426937863482
7225,145,47,-0.5,0.3,0.08897261321544647,0.6200906038284302,0.67033330051332
7226,145,48,-0.5,0.3,0.12792660295963287,0.5588902831077576,0.6792024715738594
7227,146,0,-0.4,0.3,-0.03812209516763687,0.4349535405635834,0.3862228322050726
7228,146,1,-0.4,0.3,-0.12376856803894043,0.30047404766082764,0.2762318387232765
7229,146,2,-0.4,0.3,-0.02255324274301529,0.453284353017807,0.40738452037835315
7230,146,3,-0.4,0.3,-0.08897463232278824,0.4027148187160492,0.32754711618729854
7231,146,4,-0.4,0.3,-0.09077382832765579,0.4016403257846832,0.32550204465218135
7232,146,5,-0.4,0.3,-0.10737060010433197,0.3811056613922119,0.303661149956933
7233,146,6,-0.4,0.3,-0.02616078034043312,0.44335585832595825,0.40038314683818316
7234,146,7,-0.4,0.3,-0.10054045915603638,0.3983292877674103,0.31518988790144226
7235,146,8,-0.4,0.3,-0.04162914305925369,0.4468671679496765,0.3872978648611471
7236,146,9,-0.4,0.3,-0.061118435114622116,0.43244776129722595,0.3638449181887931
7237,146,10,-0.4,0.3,-0.10160717368125916,0.4432581961154938,0.33100028633333767
7238,146,11,-0.4,0.3,-0.1104762852191925,0.3852432072162628,0.3018118383976896
7239,146,12,-0.4,0.3,-0.10299131274223328,0.40524759888648987,0.3151050894193132
7240,146,13,-0.4,0.3,-0.11556738615036011,0.3723229169845581,0.2934834171507713
7241,146,14,-0.4,0.3,-0.0990763008594513,0.4063653349876404,0.31916869707329454
7242,146,15,-0.4,0.3,-0.1524212807416916,0.3622174561023712,0.2552767793463299
7243,146,16,-0.4,0.3,-0.1096714586019516,0.3851914703845978,0.3025694111714007
7244,146,17,-0.4,0.3,-0.2019517421722412,0.2857142686843872,0.19856282267290698
7245,146,18,-0.4,0.3,-0.10420888662338257,0.4064997732639313,0.3143796820054498
7246,146,19,-0.4,0.3,-0.03179951012134552,0.42799636721611023,0.38981363594338575
7247,146,20,-0.4,0.3,-0.017711397260427475,0.4654262363910675,0.41654581437230653
7248,146,21,-0.4,0.3,-0.20022153854370117,0.19323547184467316,0.2265173241367544
7249,146,22,-0.4,0.3,-0.11921893060207367,0.394146591424942,0.296144541751453
7250,146,23,-0.4,0.3,-0.1384601593017578,0.38759854435920715,0.27581985651202473
7251,146,24,-0.4,0.3,-0.01653684303164482,0.4585685133934021,0.41495537855525017
7252,146,25,-0.4,0.3,-0.11784255504608154,0.39071470499038696,0.29638147959077416
7253,146,26,-0.4,0.3,-0.10460400581359863,0.3743821978569031,0.30461698038585433
7254,146,27,-0.4,0.3,-0.009499691426753998,0.46703392267227173,0.42472440749159546
7255,146,28,-0.4,0.3,-0.08364860713481903,0.4151102900505066,0.336643108711959
7256,146,29,-0.4,0.3,-0.03239908441901207,0.4437662363052368,0.3947140279206629
7257,146,30,-0.4,0.3,-0.040091373026371,0.4391095042228699,0.3858570641250144
7258,146,31,-0.4,0.3,-0.11370600759983063,0.40382662415504456,0.3045393537260187
7259,146,32,-0.4,0.3,-0.034703098237514496,0.4619046747684479,0.3995684548974655
7260,146,33,-0.4,0.3,-0.006403382867574692,0.45536094903945923,0.42314928985469236
7261,146,34,-0.4,0.3,-0.10194233059883118,0.4089704155921936,0.3173529986674017
7262,146,35,-0.4,0.3,-0.23687760531902313,0.3440631031990051,0.16896885130100925
7263,146,36,-0.4,0.3,-0.09657253324985504,0.3987194001674652,0.3190826656962651
7264,146,37,-0.4,0.3,-0.007412642240524292,0.4594705104827881,0.4237401057089211
7265,146,38,-0.4,0.3,-0.12189778685569763,0.3884851038455963,0.2918397754904649
7266,146,39,-0.4,0.3,-0.04893990978598595,0.4493671655654907,0.3815150548669612
7267,146,40,-0.4,0.3,-0.007308639585971832,0.4542534649372101,0.4219012159131036
7268,146,41,-0.4,0.3,-0.07397957146167755,0.42218369245529175,0.3481640052135211
7269,146,42,-0.4,0.3,-0.10724407434463501,0.4001736342906952,0.3094200850192753
7270,146,43,-0.4,0.3,-0.06882962584495544,0.42131274938583374,0.3526905157238316
7271,146,44,-0.4,0.3,0.009465757757425308,0.4756945073604584,0.4455679147924553
7272,146,45,-0.4,0.3,-0.13096387684345245,0.3830341100692749,0.28155834030996396
7273,146,46,-0.4,0.3,-0.00796465203166008,0.43921419978141785,0.4160195998717343
7274,146,47,-0.4,0.3,-0.12163950502872467,0.38746991753578186,0.29177997127008204
7275,146,48,-0.4,0.3,-0.1124752014875412,0.3903677761554718,0.30139151402605135
7276,146,49,-0.4,0.3,-0.08411335945129395,0.4070943295955658,0.3335469458841905
7277,147,0,-0.3,0.3,-0.21456046402454376,0.0870346948504448,0.2294648894823442
7278,147,1,-0.3,0.3,-0.2068684995174408,0.08035718649625778,0.23857167037595348
7279,147,2,-0.3,0.3,-0.22027377784252167,0.08288202434778214,0.23129307350377065
7280,147,3,-0.3,0.3,-0.21535757184028625,0.08719334751367569,0.22902185919079318
7281,147,4,-0.3,0.3,-0.21248596906661987,0.09289749711751938,0.2248336102774594
7282,147,5,-0.3,0.3,-0.2136717289686203,0.09018442779779434,0.22688134501938745
7283,147,6,-0.3,0.3,-0.21659375727176666,0.08748037368059158,0.22830066337394195
7284,147,7,-0.3,0.3,-0.20043660700321198,0.0908978283405304,0.2315957413635647
7285,147,8,-0.3,0.3,-0.21771836280822754,0.0875009074807167,0.22787306146290612
7286,147,9,-0.3,0.3,-0.21435339748859406,0.08448819071054459,0.23190662014043792
7287,147,10,-0.3,0.3,-0.2162163108587265,0.08722288906574249,0.22867838879887814
7288,147,11,-0.3,0.3,-0.21640168130397797,0.08561026304960251,0.23011222957170765
7289,147,12,-0.3,0.3,-0.2121388167142868,0.0812951847910881,0.2356934104380731
7290,147,13,-0.3,0.3,-0.17595762014389038,0.0877835601568222,0.24580953874917158
7291,147,14,-0.3,0.3,-0.2135159969329834,0.08771943300962448,0.22922155637777838
7292,147,15,-0.3,0.3,-0.21351487934589386,0.08876936137676239,0.2282499918679869
7293,147,16,-0.3,0.3,-0.21551388502120972,0.09643076360225677,0.22040494012560072
7294,147,17,-0.3,0.3,-0.20161356031894684,0.08975756168365479,0.23212448035981842
7295,147,18,-0.3,0.3,-0.21277658641338348,0.08784511685371399,0.229385305371805
7296,147,19,-0.3,0.3,-0.20681656897068024,0.08570677787065506,0.23367656465502218
7297,147,20,-0.3,0.3,-0.2118874341249466,0.08731210976839066,0.23021720812367333
7298,147,21,-0.3,0.3,-0.20109085738658905,0.08900446444749832,0.23302818395122737
7299,147,22,-0.3,0.3,-0.211924210190773,0.0860934779047966,0.23132951594075682
7300,147,23,-0.3,0.3,-0.21196556091308594,0.08549049496650696,0.23187149504641952
7301,147,24,-0.3,0.3,-0.21354468166828156,0.08644629269838333,0.23039033827420655
7302,147,25,-0.3,0.3,-0.21120129525661469,0.08209548890590668,0.23530317872748502
7303,147,26,-0.3,0.3,-0.2106507122516632,0.07942871004343033,0.2379810689408723
7304,147,27,-0.3,0.3,-0.21259990334510803,0.08443382382392883,0.23261030331104726
7305,147,28,-0.3,0.3,-0.21459443867206573,0.08080016076564789,0.23525024851443907
7306,147,29,-0.3,0.3,-0.21156714856624603,0.08586777001619339,0.2316742996763824
7307,147,30,-0.3,0.3,-0.2150201052427292,0.08421048521995544,0.23191959210459967
7308,147,31,-0.3,0.3,-0.21509036421775818,0.0835965946316719,0.23246522342854187
7309,147,32,-0.3,0.3,-0.21773800253868103,0.0879959836602211,0.22740435169653916
7310,147,33,-0.3,0.3,-0.21391548216342926,0.08853436261415482,0.22831614048541687
7311,147,34,-0.3,0.3,-0.21020865440368652,0.0840122327208519,0.23390853203384446
7312,147,35,-0.3,0.3,-0.19829776883125305,0.08553341031074524,0.2373589305622192
7313,147,36,-0.3,0.3,-0.21208299696445465,0.08578679710626602,0.23155279250474203
7314,147,37,-0.3,0.3,-0.20607876777648926,0.08131396025419235,0.2380016425197263
7315,147,38,-0.3,0.3,-0.21490682661533356,0.07802824676036835,0.23772317386605124
7316,147,39,-0.3,0.3,-0.20998969674110413,0.07708316296339035,0.2404033504907217
7317,147,40,-0.3,0.3,-0.21884670853614807,0.08616165816783905,0.22871968247823582
7318,147,41,-0.3,0.3,-0.21478581428527832,0.08746808022260666,0.22897876401816705
7319,147,42,-0.3,0.3,-0.21063466370105743,0.08132194727659225,0.2362334736541894
7320,147,43,-0.3,0.3,-0.2164861112833023,0.08323431015014648,0.23229708113678021
7321,147,44,-0.3,0.3,-0.21077735722064972,0.08132283389568329,0.23617870979397457
7322,147,45,-0.3,0.3,-0.20977051556110382,0.0844031497836113,0.23371641295667908
7323,147,46,-0.3,0.3,-0.21788795292377472,0.08924916386604309,0.22618201344538913
7324,147,47,-0.3,0.3,-0.21246157586574554,0.08527243882417679,0.23188553475459722
7325,147,48,-0.3,0.3,-0.21046550571918488,0.08067280054092407,0.23689838768696295
7326,147,49,-0.3,0.3,-0.21780264377593994,0.0962967500090599,0.21966205732237065
7327,148,0,-0.2,0.3,-0.2284064143896103,0.01662326417863369,0.2847969430721592
7328,148,1,-0.2,0.3,-0.19930943846702576,0.028626330196857452,0.27137454843381287
7329,148,2,-0.2,0.3,-0.20847924053668976,-0.012321396730840206,0.31243647734536684
7330,148,3,-0.2,0.3,-0.13324519991874695,-0.035411935299634933,0.34199030640550987
7331,148,4,-0.2,0.3,-0.2139492928981781,0.0009076460264623165,0.29941746605332015
7332,148,5,-0.2,0.3,-0.21541255712509155,0.021217748522758484,0.27920797025846905
7333,148,6,-0.2,0.3,-0.146398663520813,0.0027175783179700375,0.30207605253228414
7334,148,7,-0.2,0.3,-0.22269310057163239,0.012623773887753487,0.28827083124740743
7335,148,8,-0.2,0.3,-0.23013615608215332,0.008226683363318443,0.2933255123656603
7336,148,9,-0.2,0.3,-0.2680162787437439,-0.029312901198863983,0.33626358867733425
7337,148,10,-0.2,0.3,-0.1929110884666443,0.027016613632440567,0.273075414307894
7338,148,11,-0.2,0.3,-0.24415966868400574,-0.013150777667760849,0.31624908836580784
7339,148,12,-0.2,0.3,-0.22931775450706482,0.01545899547636509,0.28604739814348207
7340,148,13,-0.2,0.3,-0.19734720885753632,-0.019103553146123886,0.31911457962826867
7341,148,14,-0.2,0.3,-0.23223823308944702,-0.005666271783411503,0.30736163289958607
7342,148,15,-0.2,0.3,-0.2548791170120239,-0.009247278794646263,0.31407896606731417
7343,148,16,-0.2,0.3,-0.24227134883403778,-0.018479207530617714,0.3212722716973551
7344,148,17,-0.2,0.3,-0.20377911627292633,0.04630500078201294,0.2537231450775012
7345,148,18,-0.2,0.3,-0.22386717796325684,-0.016460977494716644,0.31735972091751236
7346,148,19,-0.2,0.3,-0.2528104782104492,-0.004359681624919176,0.3089073686522199
7347,148,20,-0.2,0.3,-0.18924430012702942,-0.06407241523265839,0.3642312570512018
7348,148,21,-0.2,0.3,-0.21724075078964233,-0.016117192804813385,0.3165869913224264
7349,148,22,-0.2,0.3,-0.17358645796775818,0.03255986049771309,0.2687413318038215
7350,148,23,-0.2,0.3,-0.12848208844661713,-0.037240974605083466,0.3447408978139148
7351,148,24,-0.2,0.3,-0.22167465090751648,-0.0015226076357066631,0.3023006341498459
7352,148,25,-0.2,0.3,0.2850518226623535,0.2315920740365982,0.48985193171272223
7353,148,26,-0.2,0.3,-0.19922898709774017,-0.013273799791932106,0.3132747485785776
7354,148,27,-0.2,0.3,-0.2709537446498871,-0.05096345394849777,0.3580639326814426
7355,148,28,-0.2,0.3,-0.23255443572998047,-0.003411495592445135,0.30515295663542535
7356,148,29,-0.2,0.3,-0.2129954844713211,-0.000491015613079071,0.3007718954304475
7357,148,30,-0.2,0.3,-0.22555385529994965,-0.010651951655745506,0.3117011943965156
7358,148,31,-0.2,0.3,-0.2329326868057251,-0.011319020763039589,0.3130560565603257
7359,148,32,-0.2,0.3,-0.2278902232646942,-0.00831371545791626,0.309572627493484
7360,148,33,-0.2,0.3,-0.2254745215177536,-0.029649412259459496,0.33063225228275234
7361,148,34,-0.2,0.3,-0.2417745292186737,-0.009043904021382332,0.3118545268297691
7362,148,35,-0.2,0.3,-0.2248055338859558,0.0007375483401119709,0.30028874352005624
7363,148,36,-0.2,0.3,-0.21958959102630615,0.0010912534780800343,0.2995499805105708
7364,148,37,-0.2,0.3,-0.24073426425457,0.0049641928635537624,0.2978345308674188
7365,148,38,-0.2,0.3,-0.20735396444797516,-0.012337159365415573,0.3124237217523008
7366,148,39,-0.2,0.3,-0.22421278059482574,-0.003166539128869772,0.30413189440029087
7367,148,40,-0.2,0.3,-0.21192660927772522,-0.019608937203884125,0.31983138799914534
7368,148,41,-0.2,0.3,-0.203830286860466,0.005726047325879335,0.29429887923654086
7369,148,42,-0.2,0.3,-0.248330220580101,0.025582507252693176,0.2786409348014742
7370,148,43,-0.2,0.3,-0.18475009500980377,-0.005683790426701307,0.30606394647498986
7371,148,44,-0.2,0.3,-0.22627003490924835,0.021043671295046806,0.2801905566907618
7372,148,45,-0.2,0.3,-0.22880712151527405,-0.005367411766201258,0.3067231755488725
7373,148,46,-0.2,0.3,-0.22552946209907532,-0.01159404031932354,0.31263812850896533
7374,148,47,-0.2,0.3,-0.24363502860069275,-0.029671436175704002,0.3325466456771659
7375,148,48,-0.2,0.3,-0.228079691529274,-0.004311502445489168,0.30560425323776197
7376,148,49,-0.2,0.3,-0.22270159423351288,0.022486547008156776,0.2784404406191727
7377,149,0,-0.1,0.3,-0.08109838515520096,0.2642354965209961,0.040452079709710966
7378,149,1,-0.1,0.3,-0.0047098733484745026,0.3074107766151428,0.09557786274709912
7379,149,2,-0.1,0.3,-0.09522370994091034,0.2627953290939331,0.03751000511806548
7380,149,3,-0.1,0.3,-0.13848069310188293,0.22954417765140533,0.08027942852573149
7381,149,4,-0.1,0.3,-0.10470026731491089,0.23867805302143097,0.06150181862411915
7382,149,5,-0.1,0.3,-0.10224177688360214,0.2445826679468155,0.05546265640490692
7383,149,6,-0.1,0.3,-0.10319575667381287,0.24950318038463593,0.050597842364915484
7384,149,7,-0.1,0.3,-0.11258625984191895,0.24108074605464935,0.06024858855014795
7385,149,8,-0.1,0.3,-0.13660556077957153,0.2286568135023117,0.08018614181784055
7386,149,9,-0.1,0.3,-0.12486401200294495,0.23474371433258057,0.06983267080665354
7387,149,10,-0.1,0.3,-0.16817033290863037,0.23430702090263367,0.09467186377990296
7388,149,11,-0.1,0.3,-0.16802865266799927,0.20342062413692474,0.11813328669737605
7389,149,12,-0.1,0.3,-0.15589377284049988,0.21953219175338745,0.09797541531608327
7390,149,13,-0.1,0.3,-0.10536139458417892,0.22488676011562347,0.07530433824033748
7391,149,14,-0.1,0.3,-0.07587794959545135,0.2638801634311676,0.0434340409066293
7392,149,15,-0.1,0.3,-0.1833941787481308,0.18554522097110748,0.14161386052088193
7393,149,16,-0.1,0.3,-0.16172939538955688,0.21748510003089905,0.10304963353681071
7394,149,17,-0.1,0.3,-0.09621794521808624,0.2514640688896179,0.04868306222008996
7395,149,18,-0.1,0.3,-0.10495500266551971,0.24076838791370392,0.059438505379566554
7396,149,19,-0.1,0.3,-0.08702779561281204,0.26288631558418274,0.03931543790395644
7397,149,20,-0.1,0.3,-0.007190126925706863,0.3345375657081604,0.09902785459208889
7398,149,21,-0.1,0.3,-0.10258649289608002,0.23913267254829407,0.060922257809561405
7399,149,22,-0.1,0.3,-0.11084063351154327,0.2530859708786011,0.048150238455640704
7400,149,23,-0.1,0.3,-0.18107061088085175,0.20827005803585052,0.1224206935176431
7401,149,24,-0.1,0.3,-0.09706693142652512,0.25386539101600647,0.0462277518095211
7402,149,25,-0.1,0.3,-0.11252203583717346,0.2541632652282715,0.047516393339996264
7403,149,26,-0.1,0.3,-0.12380068004131317,0.23121097683906555,0.07279012349120269
7404,149,27,-0.1,0.3,-0.12960833311080933,0.2366815209388733,0.06989909284257549
7405,149,28,-0.1,0.3,-0.12653696537017822,0.23401206731796265,0.07112396073551536
7406,149,29,-0.1,0.3,-0.1296267807483673,0.2244492620229721,0.08115208035771695
7407,149,30,-0.1,0.3,-0.09912706911563873,0.24168841540813446,0.0583181181618814
7408,149,31,-0.1,0.3,-0.11393758654594421,0.23362846672534943,0.06781914735495966
7409,149,32,-0.1,0.3,-0.11910618841648102,0.2297668308019638,0.07278560634772546
7410,149,33,-0.1,0.3,-0.12909522652626038,0.24463002383708954,0.06254891259562932
7411,149,34,-0.1,0.3,-0.15058572590351105,0.2187040001153946,0.09574944001101472
7412,149,35,-0.1,0.3,-0.09142275154590607,0.25112906098365784,0.04961791885380009
7413,149,36,-0.1,0.3,-0.11954361200332642,0.2388530671596527,0.0641942377937343
7414,149,37,-0.1,0.3,-0.10400556027889252,0.24597235023975372,0.05417593055743186
7415,149,38,-0.1,0.3,-0.12618738412857056,0.23823602497577667,0.06708627056477495
7416,149,39,-0.1,0.3,-0.12847192585468292,0.24679626524448395,0.06034308538523587
7417,149,40,-0.1,0.3,-0.13010971248149872,0.2435273379087448,0.06399809645131337
7418,149,41,-0.1,0.3,-0.11178990453481674,0.24513165652751923,0.0561207356006157
7419,149,42,-0.1,0.3,-0.11964069306850433,0.24769382178783417,0.055872113825897476
7420,149,43,-0.1,0.3,-0.11721865832805634,0.24221833050251007,0.060292649009108065
7421,149,44,-0.1,0.3,-0.15141227841377258,0.2206006795167923,0.09459109083254295
7422,149,45,-0.1,0.3,-0.11458936333656311,0.24421574175357819,0.05766049766234879
7423,149,46,-0.1,0.3,-0.1558758169412613,0.23056213557720184,0.08912757112393582
7424,149,47,-0.1,0.3,-0.15333710610866547,0.23507799208164215,0.08402210423572094
7425,149,48,-0.1,0.3,-0.19192719459533691,0.18559469282627106,0.14676233650253806
7426,149,49,-0.1,0.3,-0.12119223177433014,0.23149381577968597,0.07170919023392
7427,150,0,0.0,0.3,-0.11580406129360199,-0.07385765016078949,0.3913823235607857
7428,150,1,0.0,0.3,-0.12501657009124756,-0.07860773056745529,0.3987141287223449
7429,150,2,0.0,0.3,-0.11105772107839584,-0.07626327872276306,0.39231093832103436
7430,150,3,0.0,0.3,-0.088813416659832,-0.05923179164528847,0.3700477038267862
7431,150,4,0.0,0.3,-0.13065794110298157,-0.09423407167196274,0.4153215631776473
7432,150,5,0.0,0.3,-0.11151911318302155,-0.0831073746085167,0.3990084874843616
7433,150,6,0.0,0.3,-0.12032432854175568,-0.08520364761352539,0.4035589104130764
7434,150,7,0.0,0.3,-0.14264951646327972,-0.09004005044698715,0.41530726637020904
7435,150,8,0.0,0.3,-0.09861588478088379,-0.05664825811982155,0.37003117807965774
7436,150,9,0.0,0.3,-0.10051135718822479,-0.06261438876390457,0.37628676280522944
7437,150,10,0.0,0.3,-0.11316390335559845,-0.07990428060293198,0.3964004685202913
7438,150,11,0.0,0.3,-0.11276523768901825,-0.07956835627555847,0.39596481651377824
7439,150,12,0.0,0.3,-0.10713017731904984,-0.08509422838687897,0.3997179500964358
7440,150,13,0.0,0.3,-0.11136044561862946,-0.08854857832193375,0.4041919674664201
7441,150,14,0.0,0.3,-0.11753494292497635,-0.0824502557516098,0.4001033128241369
7442,150,15,0.0,0.3,-0.12851262092590332,-0.08395997434854507,0.4048959812581255
7443,150,16,0.0,0.3,-0.13005661964416504,-0.08739317208528519,0.4086418897905187
7444,150,17,0.0,0.3,-0.13449148833751678,-0.08803362399339676,0.41067998951091983
7445,150,18,0.0,0.3,-0.08986437320709229,-0.06427471339702606,0.3751955122231462
7446,150,19,0.0,0.3,-0.1373843252658844,-0.09093767404556274,0.41437509314257415
7447,150,20,0.0,0.3,-0.13260936737060547,-0.09145981818437576,0.41331106151103275
7448,150,21,0.0,0.3,-0.12100650370121002,-0.08658763021230698,0.4050834108812139
7449,150,22,0.0,0.3,-0.11937188357114792,-0.089043028652668,0.4069448669421502
7450,150,23,0.0,0.3,-0.12636695802211761,-0.08401265740394592,0.40427011901228116
7451,150,24,0.0,0.3,-0.1291632056236267,-0.08946637064218521,0.4103257090996947
7452,150,25,0.0,0.3,-0.10900488495826721,-0.08234245330095291,0.39757743464758716
7453,150,26,0.0,0.3,-0.12729187309741974,-0.09171482175588608,0.4118782860747762
7454,150,27,0.0,0.3,-0.12491008639335632,-0.08557248115539551,0.40530071293685577
7455,150,28,0.0,0.3,-0.11488127708435059,-0.08498043566942215,0.40175570148132234
7456,150,29,0.0,0.3,-0.11862950026988983,-0.07363477349281311,0.3920151812077047
7457,150,30,0.0,0.3,-0.1287078559398651,-0.08685319870710373,0.40770223145152756
7458,150,31,0.0,0.3,-0.12985485792160034,-0.08928404748439789,0.41037099526120746
7459,150,32,0.0,0.3,-0.12434311211109161,-0.08833589404821396,0.4077572514814386
7460,150,33,0.0,0.3,-0.12030456960201263,-0.08618446439504623,0.40448934473878817
7461,150,34,0.0,0.3,-0.1277531385421753,-0.08812348544597626,0.40860825292951336
7462,150,35,0.0,0.3,-0.12187589704990387,-0.09147113561630249,0.4100041271773203
7463,150,36,0.0,0.3,-0.14117032289505005,-0.09505700320005417,0.4195224616676684
7464,150,37,0.0,0.3,-0.1522582471370697,-0.0984237790107727,0.42652559302165916
7465,150,38,0.0,0.3,-0.1252559870481491,-0.0893196314573288,0.40897290586232776
7466,150,39,0.0,0.3,-0.13340230286121368,-0.08175250887870789,0.40438985205351397
7467,150,40,0.0,0.3,-0.1395357996225357,-0.09290491044521332,0.41694664889918653
7468,150,41,0.0,0.3,-0.13708381354808807,-0.0899963527917862,0.4133873814326972
7469,150,42,0.0,0.3,-0.12676092982292175,-0.08484327793121338,0.40518228231058284
7470,150,43,0.0,0.3,-0.1239563375711441,-0.09417370706796646,0.413204652645338
7471,150,44,0.0,0.3,-0.12626534700393677,-0.08997675031423569,0.4099082868638743
7472,150,45,0.0,0.3,-0.13545344769954681,-0.09257927536964417,0.4152904091638149
7473,150,46,0.0,0.3,-0.1371585875749588,-0.09065563976764679,0.4140341858202376
7474,150,47,0.0,0.3,-0.11837992072105408,-0.08853229880332947,0.4061664102844088
7475,150,48,0.0,0.3,-0.1304538995027542,-0.08971711248159409,0.4109715898410329
7476,150,49,0.0,0.3,-0.12821632623672485,-0.0915193259716034,0.4119791365140969
7477,151,0,0.1,0.3,-0.11206749081611633,-0.13589678704738617,0.4847459433757831
7478,151,1,0.1,0.3,-0.1042833924293518,-0.12967129051685333,0.475761623417508
7479,151,2,0.1,0.3,-0.07712662220001221,-0.09138976782560349,0.4296042255967295
7480,151,3,0.1,0.3,-0.060396403074264526,-0.07623313367366791,0.4089967933774909
7481,151,4,0.1,0.3,-0.03771447390317917,-0.08873458951711655,0.4124073925252438
7482,151,5,0.1,0.3,-0.07067336142063141,-0.08696739375591278,0.42293399027373185
7483,151,6,0.1,0.3,-0.08188961446285248,-0.09891926497220993,0.4384294832871226
7484,151,7,0.1,0.3,-0.11053915321826935,-0.06698231399059296,0.4230871704740715
7485,151,8,0.1,0.3,-0.04042735695838928,-0.07510203123092651,0.4005263741826321
7486,151,9,0.1,0.3,-0.06322792172431946,-0.07473167777061462,0.40873852859159276
7487,151,10,0.1,0.3,-0.05924662947654724,-0.06805476546287537,0.40102842714647163
7488,151,11,0.1,0.3,-0.0464983731508255,-0.07924111187458038,0.40655331049163346
7489,151,12,0.1,0.3,-0.05807923898100853,-0.07713203877210617,0.4089225115657246
7490,151,13,0.1,0.3,-0.06601721048355103,-0.07897961884737015,0.41374782860872833
7491,151,14,0.1,0.3,-0.12179060280323029,-0.05784235894680023,0.4210014552806568
7492,151,15,0.1,0.3,-0.06617327779531479,-0.06347135454416275,0.3996560819347146
7493,151,16,0.1,0.3,-0.08490017801523209,-0.10425391048192978,0.4445326759305739
7494,151,17,0.1,0.3,-0.09053045511245728,-0.10975997149944305,0.45189057145351513
7495,151,18,0.1,0.3,-0.09331537783145905,-0.09013674408197403,0.43540500041800556
7496,151,19,0.1,0.3,-0.0708281546831131,-0.07384049147367477,0.41102186255443435
7497,151,20,0.1,0.3,-0.08619537949562073,-0.09319829940795898,0.4350558837699235
7498,151,21,0.1,0.3,-0.07752437144517899,-0.07802346348762512,0.4176321843490821
7499,151,22,0.1,0.3,-0.07335512340068817,-0.06344042718410492,0.40266728563546417
7500,151,23,0.1,0.3,-0.08174179494380951,-0.08202799409627914,0.42305492350594903
7501,151,24,0.1,0.3,-0.08669961988925934,-0.11255846917629242,0.45283687852899057
7502,151,25,0.1,0.3,-0.04506007954478264,-0.07195091247558594,0.39923665659475666
7503,151,26,0.1,0.3,-0.06665457040071487,-0.08094780892133713,0.41580642005314733
7504,151,27,0.1,0.3,-0.09317745268344879,-0.06766974925994873,0.4153294749306142
7505,151,28,0.1,0.3,-0.08349844813346863,-0.09353712201118469,0.4342155534619152
7506,151,29,0.1,0.3,-0.07191064953804016,-0.07598759233951569,0.41342464974630705
7507,151,30,0.1,0.3,-0.059752121567726135,-0.07090160995721817,0.40384247500014897
7508,151,31,0.1,0.3,-0.055057112127542496,-0.07456333935260773,0.4053891996690465
7509,151,32,0.1,0.3,-0.06296198815107346,-0.07462915778160095,0.408538389190419
7510,151,33,0.1,0.3,-0.07950370013713837,-0.09062656760215759,0.42989614289915035
7511,151,34,0.1,0.3,-0.06207536160945892,-0.07773896306753159,0.41104153933656246
7512,151,35,0.1,0.3,-0.0986318439245224,-0.05410913750529289,0.406014643437399
7513,151,36,0.1,0.3,-0.10240477323532104,-0.09845627844333649,0.4469173279918283
7514,151,37,0.1,0.3,-0.09541816264390945,-0.09165408462285995,0.43769987467772
7515,151,38,0.1,0.3,-0.10423575341701508,-0.09621895104646683,0.44575968878104966
7516,151,39,0.1,0.3,-0.1427677869796753,-0.09796932339668274,0.46617140705948756
7517,151,40,0.1,0.3,-0.08281917124986649,-0.07913925498723984,0.4209149843481071
7518,151,41,0.1,0.3,-0.09777751564979553,-0.10308843851089478,0.44899469368552286
7519,151,42,0.1,0.3,-0.1655997782945633,-0.08199304342269897,0.46525469095266214
7520,151,43,0.1,0.3,-0.09623552858829498,-0.09052402526140213,0.43705537061875327
7521,151,44,0.1,0.3,-0.08514458686113358,-0.10440254956483841,0.44476953598298685
7522,151,45,0.1,0.3,-0.10768929868936539,-0.10914433002471924,0.4588397624241569
7523,151,46,0.1,0.3,-0.10504034161567688,-0.09984192997217178,0.4493496530028087
7524,151,47,0.1,0.3,-0.08169890940189362,-0.09490928053855896,0.4347043058601097
7525,151,48,0.1,0.3,-0.13249893486499786,-0.08394233882427216,0.4488512830049734
7526,151,49,0.1,0.3,-0.1409471035003662,-0.08793823421001434,0.45667447952255896
7527,152,0,0.2,0.3,-0.13447102904319763,0.020032664760947227,0.4361795250468226
7528,152,1,0.2,0.3,-0.14298084378242493,-0.009036167524755001,0.4616700250612905
7529,152,2,0.2,0.3,-0.04482625797390938,0.013882018625736237,0.3765679166620422
7530,152,3,0.2,0.3,-0.08621008694171906,0.01877901703119278,0.4012498662044992
7531,152,4,0.2,0.3,-0.10699763149023056,-0.0241570882499218,0.44645869193384397
7532,152,5,0.2,0.3,-0.09492628276348114,-0.0024481299333274364,0.42244098234528776
7533,152,6,0.2,0.3,-0.08561636507511139,0.023637589067220688,0.39743287505602465
7534,152,7,0.2,0.3,-0.14317847788333893,0.039939865469932556,0.4305841860241991
7535,152,8,0.2,0.3,-0.18324708938598633,0.008427746593952179,0.48155239640054825
7536,152,9,0.2,0.3,-0.13306818902492523,-0.0021156733855605125,0.44967577057870706
7537,152,10,0.2,0.3,-0.1192062497138977,0.02166934870183468,0.4235098361413488
7538,152,11,0.2,0.3,-0.1931079775094986,-0.004436519928276539,0.4972076795944008
7539,152,12,0.2,0.3,-0.10102221369743347,0.021173231303691864,0.41031541535863336
7540,152,13,0.2,0.3,-0.190363347530365,-0.0014285985380411148,0.4931964548855963
7541,152,14,0.2,0.3,-0.161846324801445,0.002600011881440878,0.4683796704653522
7542,152,15,0.2,0.3,-0.12596823275089264,0.02216249331831932,0.428309431231479
7543,152,16,0.2,0.3,-0.17124180495738983,-0.0030028936453163624,0.4791985301578622
7544,152,17,0.2,0.3,-0.20339804887771606,-0.012891772203147411,0.510520564669803
7545,152,18,0.2,0.3,-0.1764032542705536,-0.0029118461534380913,0.48315111131564953
7546,152,19,0.2,0.3,-0.22319217026233673,-0.014902077615261078,0.5274987501954431
7547,152,20,0.2,0.3,-0.1838473528623581,-0.007233099080622196,0.4916614358174973
7548,152,21,0.2,0.3,-0.15613752603530884,-0.00427693547680974,0.46842116830231845
7549,152,22,0.2,0.3,-0.1597469449043274,-0.008531731553375721,0.4739300515300981
7550,152,23,0.2,0.3,-0.1560056060552597,-0.0114805418998003,0.4730328947599374
7551,152,24,0.2,0.3,-0.18490958213806152,-0.006560059729963541,0.4920715970703206
7552,152,25,0.2,0.3,-0.1445455700159073,-0.008445482701063156,0.4624394723812818
7553,152,26,0.2,0.3,-0.20270109176635742,-0.011072337627410889,0.5088557443390004
7554,152,27,0.2,0.3,-0.16557078063488007,0.002159257885068655,0.4715412000213435
7555,152,28,0.2,0.3,-0.08735831826925278,-0.037526290863752365,0.4432818517633849
7556,152,29,0.2,0.3,-0.16752409934997559,-0.017471838742494583,0.48565659884073564
7557,152,30,0.2,0.3,-0.10654065757989883,0.00430252542719245,0.4259156855743317
7558,152,31,0.2,0.3,-0.0882074311375618,-0.020106816664338112,0.4307341377670089
7559,152,32,0.2,0.3,-0.189799964427948,-0.006488319020718336,0.4958619787442622
7560,152,33,0.2,0.3,-0.2101723998785019,-0.011881068348884583,0.515277787621911
7561,152,34,0.2,0.3,-0.0775659903883934,-0.029196370393037796,0.4305962485905327
7562,152,35,0.2,0.3,-0.12113092094659805,-0.01354910247027874,0.4488185691879599
7563,152,36,0.2,0.3,-0.16158993542194366,-0.011058149859309196,0.47697426973825524
7564,152,37,0.2,0.3,-0.14299674332141876,-0.009241409599781036,0.4618192453117981
7565,152,38,0.2,0.3,-0.21144306659698486,0.010793065652251244,0.5029175359097692
7566,152,39,0.2,0.3,-0.1838321089744568,-0.002950104884803295,0.48898451297509676
7567,152,40,0.2,0.3,-0.11321775615215302,-0.018587147817015648,0.44676966495406845
7568,152,41,0.2,0.3,-0.19019098579883575,-0.008359515108168125,0.49732745345135715
7569,152,42,0.2,0.3,-0.08545365929603577,-0.031753815710544586,0.437657841063088
7570,152,43,0.2,0.3,-0.11896808445453644,-0.01255434937775135,0.4465768245392339
7571,152,44,0.2,0.3,-0.11763709038496017,-0.009896498173475266,0.443767011807329
7572,152,45,0.2,0.3,-0.17017635703086853,-0.003786972723901272,0.4788706089346029
7573,152,46,0.2,0.3,-0.10639259219169617,-0.006243368610739708,0.4331990551328574
7574,152,47,0.2,0.3,-0.1748686283826828,-0.044528644531965256,0.5091428831364995
7575,152,48,0.2,0.3,-0.1755954474210739,0.024811506271362305,0.46561856406727725
7576,152,49,0.2,0.3,-0.2807585895061493,0.10268973559141159,0.5196731297892255
7577,153,0,0.3,0.3,-0.2771525979042053,0.09492320567369461,0.6125043778118873
7578,153,1,0.3,0.3,-0.17397813498973846,0.046497996896505356,0.537511430600164
7579,153,2,0.3,0.3,-0.21605922281742096,0.05117740109562874,0.5729134377726239
7580,153,3,0.3,0.3,-0.26530921459198,0.12985767424106598,0.5903582972375848
7581,153,4,0.3,0.3,-0.26364561915397644,0.10163524746894836,0.5975323916225587
7582,153,5,0.3,0.3,-0.23660406470298767,0.05595386028289795,0.5894933761855069
7583,153,6,0.3,0.3,-0.23982389271259308,0.13250279426574707,0.5652124813485278
7584,153,7,0.3,0.3,-0.28037309646606445,0.09893830120563507,0.614213918617678
7585,153,8,0.3,0.3,-0.30890953540802,0.10435128211975098,0.6395695764488771
7586,153,9,0.3,0.3,-0.22129420936107635,0.07420096546411514,0.5680958164876129
7587,153,10,0.3,0.3,-0.24255891144275665,0.14976607263088226,0.56297460450601
7588,153,11,0.3,0.3,-0.27594971656799316,0.0752825066447258,0.6182362233278065
7589,153,12,0.3,0.3,-0.23348288238048553,0.08252549171447754,0.5761068889945865
7590,153,13,0.3,0.3,-0.28040796518325806,0.08275758475065231,0.6197319364302118
7591,153,14,0.3,0.3,-0.2712908387184143,0.082852303981781,0.611168016415789
7592,153,15,0.3,0.3,-0.27209872007369995,0.058000557124614716,0.6211768474934997
7593,153,16,0.3,0.3,-0.188226580619812,0.03952449560165405,0.5533648727695738
7594,153,17,0.3,0.3,-0.2675168812274933,0.1306535303592682,0.5922445755411864
7595,153,18,0.3,0.3,-0.17925117909908295,0.053702790290117264,0.5388357896230865
7596,153,19,0.3,0.3,-0.24068762362003326,0.08147377520799637,0.5831782036888246
7597,153,20,0.3,0.3,-0.28224512934684753,0.11863284558057785,0.6098388601510449
7598,153,21,0.3,0.3,-0.24742329120635986,0.07371055334806442,0.5923505494394703
7599,153,22,0.3,0.3,-0.2064998745918274,0.04712894558906555,0.5661147349437521
7600,153,23,0.3,0.3,-0.22240689396858215,0.045424994081258774,0.5811345769307042
7601,153,24,0.3,0.3,-0.291354238986969,0.0736292153596878,0.6332010487250695
7602,153,25,0.3,0.3,-0.26921358704566956,0.08824826776981354,0.6073243810188116
7603,153,26,0.3,0.3,-0.26831138134002686,0.139190673828125,0.5906246401433503
7604,153,27,0.3,0.3,-0.26881277561187744,0.11009067296981812,0.5996778520108481
7605,153,28,0.3,0.3,-0.26358774304389954,0.0865609347820282,0.6026502955034854
7606,153,29,0.3,0.3,-0.2577156126499176,0.10366877168416977,0.5912636094040252
7607,153,30,0.3,0.3,-0.2415582686662674,0.1432664692401886,0.5637825449809899
7608,153,31,0.3,0.3,-0.22858206927776337,0.1205378845334053,0.5582164946055497
7609,153,32,0.3,0.3,-0.27305662631988525,0.13198618590831757,0.5971788163479705
7610,153,33,0.3,0.3,-0.17696908116340637,0.23700907826423645,0.4811105492576371
7611,153,34,0.3,0.3,-0.21343865990638733,0.10855837911367416,0.5479682031779313
7612,153,35,0.3,0.3,-0.26004812121391296,0.15583468973636627,0.5783057450506985
7613,153,36,0.3,0.3,-0.2729383111000061,0.1272946447134018,0.5984024131558942
7614,153,37,0.3,0.3,-0.20807470381259918,0.06745103001594543,0.5587655394661567
7615,153,38,0.3,0.3,-0.2813572287559509,0.09048968553543091,0.6179569558584495
7616,153,39,0.3,0.3,-0.2472979873418808,0.07848364859819412,0.5904274560747002
7617,153,40,0.3,0.3,-0.2622065842151642,0.14761072397232056,0.5824935491343426
7618,153,41,0.3,0.3,-0.27015554904937744,0.11697212606668472,0.5988126190623797
7619,153,42,0.3,0.3,-0.23451876640319824,0.15283308923244476,0.5544081630550387
7620,153,43,0.3,0.3,-0.25595828890800476,0.06648408621549606,0.6030085413956658
7621,153,44,0.3,0.3,-0.19420088827610016,0.061179615557193756,0.548880400450131
7622,153,45,0.3,0.3,-0.2774324417114258,0.13863086700439453,0.5995566877490173
7623,153,46,0.3,0.3,-0.27171236276626587,0.13150982558727264,0.5960234597844432
7624,153,47,0.3,0.3,-0.3004356920719147,0.1239762082695961,0.6257055182504209
7625,153,48,0.3,0.3,-0.27707141637802124,0.12366852909326553,0.6034104798830296
7626,154,0,0.4,0.3,-0.11384361982345581,0.11190229654312134,0.5471891918514328
7627,154,1,0.4,0.3,-0.15392929315567017,0.15718434751033783,0.5720436805104907
7628,154,2,0.4,0.3,-0.15652061998844147,0.19345004856586456,0.5666287079057466
7629,154,3,0.4,0.3,-0.16002759337425232,0.20764093101024628,0.5675923739491318
7630,154,4,0.4,0.3,-0.14605072140693665,0.22292278707027435,0.5514637677146615
7631,154,5,0.4,0.3,-0.15324637293815613,0.1875854879617691,0.5645516554630045
7632,154,6,0.4,0.3,-0.1485929638147354,0.17327512800693512,0.5630394596550887
7633,154,7,0.4,0.3,-0.14230452477931976,0.21754178404808044,0.5485376513732647
7634,154,8,0.4,0.3,-0.14547288417816162,0.2042611837387085,0.5538109680321938
7635,154,9,0.4,0.3,-0.13286548852920532,0.22709447145462036,0.5378297546231054
7636,154,10,0.4,0.3,-0.12702269852161407,0.22351223230361938,0.5325441797298883
7637,154,11,0.4,0.3,-0.1365603655576706,0.21573416888713837,0.5431369589528248
7638,154,12,0.4,0.3,-0.15174135565757751,0.16674648225307465,0.5676046366396169
7639,154,13,0.4,0.3,-0.15839652717113495,0.17954038083553314,0.5712418064235429
7640,154,14,0.4,0.3,-0.1448630541563034,0.1890714019536972,0.5560403777146522
7641,154,15,0.4,0.3,-0.1420825719833374,0.19223421812057495,0.5526906717071983
7642,154,16,0.4,0.3,-0.15517792105674744,0.1925911158323288,0.5654725390565277
7643,154,17,0.4,0.3,-0.14963865280151367,0.1892920583486557,0.5606771771689485
7644,154,18,0.4,0.3,-0.15841324627399445,0.19601838290691376,0.568011910357128
7645,154,19,0.4,0.3,-0.15391765534877777,0.17394191026687622,0.5680804616374794
7646,154,20,0.4,0.3,-0.1431354433298111,0.212201789021492,0.5501860009597637
7647,154,21,0.4,0.3,-0.14288878440856934,0.21830780804157257,0.5490007709134721
7648,154,22,0.4,0.3,-0.15066887438297272,0.21423345804214478,0.5573079121397961
7649,154,23,0.4,0.3,-0.1462731957435608,0.2209719568490982,0.5519599949200517
7650,154,24,0.4,0.3,-0.1511668711900711,0.2059607356786728,0.5591317404078836
7651,154,25,0.4,0.3,-0.14842672646045685,0.2090076357126236,0.5559239917963061
7652,154,26,0.4,0.3,-0.15267837047576904,0.21018663048744202,0.559928408401423
7653,154,27,0.4,0.3,-0.16836154460906982,0.17652153968811035,0.5816199580064311
7654,154,28,0.4,0.3,-0.15091271698474884,0.1954551488161087,0.5607445475834607
7655,154,29,0.4,0.3,-0.13059622049331665,0.12457265704870224,0.5588444343972162
7656,154,30,0.4,0.3,-0.15614451467990875,0.16621693968772888,0.5720092905146454
7657,154,31,0.4,0.3,-0.15937823057174683,0.17722518742084503,0.5726933380452622
7658,154,32,0.4,0.3,-0.14931552112102509,0.1994290053844452,0.5584461179938718
7659,154,33,0.4,0.3,-0.16160038113594055,0.18741975724697113,0.5727733401183793
7660,154,34,0.4,0.3,-0.15565620362758636,0.20082606375217438,0.5644371411067042
7661,154,35,0.4,0.3,-0.1525099128484726,0.14711466431617737,0.5732722997520305
7662,154,36,0.4,0.3,-0.15379080176353455,0.18426857888698578,0.5657543759890297
7663,154,37,0.4,0.3,-0.12463131546974182,0.11995226889848709,0.5546667491803655
7664,154,38,0.4,0.3,-0.15203051269054413,0.14746081829071045,0.5727179837388771
7665,154,39,0.4,0.3,-0.15405380725860596,0.1878604292869568,0.5652883376273229
7666,154,40,0.4,0.3,-0.14036834239959717,0.2336825281381607,0.544422586362684
7667,154,41,0.4,0.3,-0.1266651153564453,0.1222337856888771,0.5558569696279124
7668,154,42,0.4,0.3,-0.13955582678318024,0.13332043588161469,0.5647145892487426
7669,154,43,0.4,0.3,-0.1436639279127121,0.1971202790737152,0.553312482681666
7670,154,44,0.4,0.3,-0.126826673746109,0.12260725349187851,0.5558907542710922
7671,154,45,0.4,0.3,-0.15381935238838196,0.19169895350933075,0.5643093050365738
7672,154,46,0.4,0.3,-0.15545058250427246,0.18608370423316956,0.5670117036231013
7673,154,47,0.4,0.3,-0.15999948978424072,0.1745302528142929,0.5738833383340687
7674,154,48,0.4,0.3,-0.1522781103849411,0.14015884697437286,0.5749437410833543
7675,154,49,0.4,0.3,-0.13773973286151886,0.15591087937355042,0.5567097044069568
7676,155,0,0.5,0.3,-0.1570533663034439,0.14125390350818634,0.6759581712813862
7677,155,1,0.5,0.3,-0.19356797635555267,0.1035369411110878,0.7208566232850502
7678,155,2,0.5,0.3,-0.24659651517868042,0.14459478855133057,0.7625989353666548
7679,155,3,0.5,0.3,-0.2206932008266449,0.09457970410585403,0.749397216223141
7680,155,4,0.5,0.3,-0.2570091485977173,0.08958010375499725,0.7857094779855964
7681,155,5,0.5,0.3,-0.20722004771232605,0.07326648384332657,0.742676432395019
7682,155,6,0.5,0.3,-0.20448793470859528,0.11270567029714584,0.7289598178835535
7683,155,7,0.5,0.3,-0.11504533886909485,0.14109542965888977,0.635241238695893
7684,155,8,0.5,0.3,-0.17697344720363617,0.09555725753307343,0.7071703353267672
7685,155,9,0.5,0.3,-0.1793336570262909,0.10584641247987747,0.7065336744385565
7686,155,10,0.5,0.3,-0.2659817934036255,0.08722863346338272,0.7949841270388321
7687,155,11,0.5,0.3,-0.19977611303329468,0.0845305398106575,0.7321978534837924
7688,155,12,0.5,0.3,-0.24740104377269745,0.08881707489490509,0.7766637290928821
7689,155,13,0.5,0.3,-0.1631707400083542,0.1393745094537735,0.6823459376419295
7690,155,14,0.5,0.3,-0.138064906001091,0.17695561051368713,0.6498205491166316
7691,155,15,0.5,0.3,-0.21757753193378448,0.08447019010782242,0.7492466972155031
7692,155,16,0.5,0.3,-0.14520464837551117,0.17771947383880615,0.6566898547744021
7693,155,17,0.5,0.3,-0.09761644899845123,0.21015438437461853,0.6043324041954248
7694,155,18,0.5,0.3,-0.1901010274887085,0.11145590245723724,0.715393811029412
7695,155,19,0.5,0.3,-0.15448832511901855,0.16019105911254883,0.669254441650684
7696,155,20,0.5,0.3,-0.12816902995109558,0.12314417213201523,0.6525904642580757
7697,155,21,0.5,0.3,-0.1347666233778,0.18816708028316498,0.6445426813538773
7698,155,22,0.5,0.3,-0.18594126403331757,0.10092375427484512,0.7142455945370946
7699,155,23,0.5,0.3,-0.10813891887664795,0.14262166619300842,0.6281726550911964
7700,155,24,0.5,0.3,-0.16543546319007874,0.12190542370080948,0.6888555971886872
7701,155,25,0.5,0.3,-0.19658176600933075,0.09590116143226624,0.7258667182350875
7702,155,26,0.5,0.3,-0.15074005722999573,0.1466505527496338,0.6685646379039882
7703,155,27,0.5,0.3,-0.1882597953081131,0.15569987893104553,0.7032240544649199
7704,155,28,0.5,0.3,-0.117296002805233,0.17164334654808044,0.6304996316927508
7705,155,29,0.5,0.3,-0.21221160888671875,0.10006959736347198,0.7397415371137493
7706,155,30,0.5,0.3,-0.06510097533464432,0.23996776342391968,0.5682807244245512
7707,155,31,0.5,0.3,-0.06532839685678482,0.16820228099822998,0.5804884452137974
7708,155,32,0.5,0.3,-0.19560520350933075,0.09137045592069626,0.7262182081248002
7709,155,33,0.5,0.3,-0.16410572826862335,0.12832272052764893,0.6859369552708371
7710,155,34,0.5,0.3,-0.15424762666225433,0.11638937890529633,0.679523963648064
7711,155,35,0.5,0.3,-0.17511290311813354,0.14175768196582794,0.6934104579348529
7712,155,36,0.5,0.3,-0.14403393864631653,0.21729092299938202,0.6493231133623548
7713,155,37,0.5,0.3,-0.22866758704185486,0.127188578248024,0.748879322650411
7714,155,38,0.5,0.3,-0.06246495991945267,0.19623112678527832,0.5719570002941169
7715,155,39,0.5,0.3,-0.14240960776805878,0.1405574083328247,0.6619003279877241
7716,155,40,0.5,0.3,-0.24930565059185028,0.09900178015232086,0.7757958767554852
7717,155,41,0.5,0.3,-0.1319310963153839,0.1319655030965805,0.6538902833350166
7718,155,42,0.5,0.3,-0.13053877651691437,0.10655588656663895,0.6595451263662452
7719,155,43,0.5,0.3,-0.21702243387699127,0.09295251965522766,0.7463175127249817
7720,155,44,0.5,0.3,-0.2097337245941162,0.10527686029672623,0.7359613175718799
7721,155,45,0.5,0.3,-0.16815964877605438,0.08103835582733154,0.7031226904824922
7722,155,46,0.5,0.3,-0.19319748878479004,0.10561876744031906,0.719935290167776
7723,155,47,0.5,0.3,-0.1285073459148407,0.11238511651754379,0.6559122108735687
7724,155,48,0.5,0.3,-0.11216947436332703,0.164340078830719,0.6270207967475462
7725,156,0,-1.0,0.4,-0.45496416091918945,0.10500004887580872,0.6197491726866591
7726,156,1,-1.0,0.4,-0.4159097373485565,0.07519517093896866,0.6683259772787513
7727,156,2,-1.0,0.4,-0.4733932614326477,0.030709557235240936,0.6431874440798231
7728,156,3,-1.0,0.4,-0.3972751796245575,0.09353657811880112,0.676163469915185
7729,156,4,-1.0,0.4,-0.4683833420276642,0.03414216637611389,0.6453434941623248
7730,156,5,-1.0,0.4,-0.4476012885570526,0.10603885352611542,0.625745548957457
7731,156,6,-1.0,0.4,-0.45341065526008606,0.06422602385282516,0.6414858337024225
7732,156,7,-1.0,0.4,-0.45258140563964844,0.06610270589590073,0.6412133189988356
7733,156,8,-1.0,0.4,-0.4380941390991211,0.08878862857818604,0.6423322459732222
7734,156,9,-1.0,0.4,-0.47155579924583435,0.06120534986257553,0.6277221425698227
7735,156,10,-1.0,0.4,-0.45458319783210754,0.0752762034535408,0.6347637608832093
7736,156,11,-1.0,0.4,-0.3926178812980652,0.08604668825864792,0.6837248862460791
7737,156,12,-1.0,0.4,-0.42765697836875916,0.10090617835521698,0.6457814247530353
7738,156,13,-1.0,0.4,-0.4275713860988617,0.10123255103826523,0.6457062076299727
7739,156,14,-1.0,0.4,-0.4686550796031952,0.06335004419088364,0.6290155937476962
7740,156,15,-1.0,0.4,-0.4075998365879059,0.09070037305355072,0.6682845298522841
7741,156,16,-1.0,0.4,-0.4251152575016022,0.10563778877258301,0.6458649847732447
7742,156,17,-1.0,0.4,-0.3775331676006317,0.08761396259069443,0.6964553063948837
7743,156,18,-1.0,0.4,-0.46563297510147095,0.08565355092287064,0.6199691987077306
7744,156,19,-1.0,0.4,-0.41810479760169983,0.08981681615114212,0.6594055156857372
7745,156,20,-1.0,0.4,-0.44619375467300415,0.10410621017217636,0.6278968802453608
7746,156,21,-1.0,0.4,-0.42605260014533997,0.05957605689764023,0.6673110810089128
7747,156,22,-1.0,0.4,-0.42984074354171753,0.10189802944660187,0.6433866353701175
7748,156,23,-1.0,0.4,-0.42803290486335754,0.10707516223192215,0.6426128838581622
7749,156,24,-1.0,0.4,-0.6023823618888855,-0.055890243500471115,0.6049261940567462
7750,156,25,-1.0,0.4,-0.417995423078537,0.10042601078748703,0.6545791797561469
7751,156,26,-1.0,0.4,-0.4369879364967346,0.05824331194162369,0.6586199340156926
7752,156,27,-1.0,0.4,-0.4406994879245758,0.05559161305427551,0.6568365091911287
7753,156,28,-1.0,0.4,-0.4503217041492462,0.05012735724449158,0.6515804594047556
7754,156,29,-1.0,0.4,-0.4517107307910919,0.0842524915933609,0.6327065763801093
7755,156,30,-1.0,0.4,-0.4240427017211914,0.10866634547710419,0.6454472152688324
7756,156,31,-1.0,0.4,-0.4367024004459381,0.0804595872759819,0.6476189165143372
7757,156,32,-1.0,0.4,-0.43456193804740906,0.10936036705970764,0.6357606453220976
7758,156,33,-1.0,0.4,-0.4476996660232544,0.0850847065448761,0.6357729948360118
7759,156,34,-1.0,0.4,-0.4585205912590027,0.08695012331008911,0.6254599710501612
7760,156,35,-1.0,0.4,-0.4831417202949524,0.11021262407302856,0.5925531238178574
7761,156,36,-1.0,0.4,-0.4448971748352051,0.022636156529188156,0.671224714134544
7762,156,37,-1.0,0.4,-0.46899500489234924,0.06690765172243118,0.6268307724660153
7763,156,38,-1.0,0.4,-0.43993398547172546,0.07329437881708145,0.6483907028498344
7764,156,39,-1.0,0.4,-0.45444509387016296,0.03275793418288231,0.6576449577910254
7765,156,40,-1.0,0.4,-0.4343584179878235,0.10633976012468338,0.63732780873336
7766,156,41,-1.0,0.4,-0.4509947896003723,0.10349296778440475,0.623957643754157
7767,156,42,-1.0,0.4,-0.4290705621242523,0.06706859171390533,0.660911299386294
7768,156,43,-1.0,0.4,-0.4503055512905121,0.09614618867635727,0.6280852852900884
7769,156,44,-1.0,0.4,-0.43347540497779846,0.08925987035036087,0.6461497852199163
7770,156,45,-1.0,0.4,-0.4657154977321625,0.08636131882667542,0.6195394674205456
7771,156,46,-1.0,0.4,-0.4247385859489441,0.09188229590654373,0.6525811934708532
7772,156,47,-1.0,0.4,-0.4349638819694519,0.09068331122398376,0.6441604059816083
7773,156,48,-1.0,0.4,-0.46493980288505554,0.08393824845552444,0.6214374025805375
7774,157,0,-0.8,0.4,-0.237736314535141,0.0010476666502654552,0.6894225237673365
7775,157,1,-0.8,0.4,-0.27233126759529114,-0.04608714580535889,0.6909616724611893
7776,157,2,-0.8,0.4,-0.26140740513801575,-0.03919101506471634,0.694960956423986
7777,157,3,-0.8,0.4,-0.2830675542354584,-0.07137436419725418,0.6995805491195967
7778,157,4,-0.8,0.4,-0.21236206591129303,-0.004741554148495197,0.7135363110834535
7779,157,5,-0.8,0.4,-0.17076288163661957,0.040460485965013504,0.7247123658933695
7780,157,6,-0.8,0.4,-0.26620644330978394,-0.02310222014784813,0.6811395230479795
7781,157,7,-0.8,0.4,-0.2600175142288208,0.0014110826887190342,0.6711588559670513
7782,157,8,-0.8,0.4,-0.20365507900714874,0.005350238177925348,0.7151053763608481
7783,157,9,-0.8,0.4,-0.2617577016353607,-0.010994048789143562,0.6772155342938778
7784,157,10,-0.8,0.4,-0.33376798033714294,-0.03802882879972458,0.6397199004396886
7785,157,11,-0.8,0.4,-0.34017413854599,-0.0069693573750555515,0.6140552749583609
7786,157,12,-0.8,0.4,-0.26991507411003113,-0.022192196920514107,0.6776697424235083
7787,157,13,-0.8,0.4,-0.2638683021068573,-0.015077788382768631,0.6780315390116558
7788,157,14,-0.8,0.4,-0.30550524592399597,-0.18363191187381744,0.7649518091789673
7789,157,15,-0.8,0.4,-0.21300628781318665,-0.020868947729468346,0.7222826934862593
7790,157,16,-0.8,0.4,-0.24392986297607422,-0.008530345745384693,0.6900080004497421
7791,157,17,-0.8,0.4,-0.18027335405349731,-0.031027767807245255,0.7548814822983794
7792,157,18,-0.8,0.4,-0.2565206289291382,-0.02165871486067772,0.6878705536636511
7793,157,19,-0.8,0.4,-0.30199211835861206,-0.02542431652545929,0.6549791594150893
7794,157,20,-0.8,0.4,-0.21057334542274475,-0.014431405812501907,0.7205395001315762
7795,157,21,-0.8,0.4,-0.276559978723526,0.007951918989419937,0.6539810040803892
7796,157,22,-0.8,0.4,-0.2563304305076599,-0.05316783860325813,0.7077695180892825
7797,157,23,-0.8,0.4,-0.5095025897026062,-0.0868816003203392,0.5669589386542794
7798,157,24,-0.8,0.4,-0.3225882649421692,-0.03938344866037369,0.6488295459730635
7799,157,25,-0.8,0.4,-0.27655911445617676,-0.027665404602885246,0.6759349517172873
7800,157,26,-0.8,0.4,-0.30376338958740234,-0.048648834228515625,0.6689817261841988
7801,157,27,-0.8,0.4,-0.21355639398097992,-0.018113110214471817,0.7202323763715505
7802,157,28,-0.8,0.4,-0.21878273785114288,-0.00450396491214633,0.7081221387934854
7803,157,29,-0.8,0.4,-0.26648974418640137,-0.0128680020570755,0.6746059443711513
7804,157,30,-0.8,0.4,-0.3304727077484131,-0.035666678100824356,0.6405164576937227
7805,157,31,-0.8,0.4,-0.27355262637138367,0.005643744487315416,0.6577717639595468
7806,157,32,-0.8,0.4,-0.26407015323638916,-0.12857654690742493,0.7527376479176823
7807,157,33,-0.8,0.4,-0.24768543243408203,-0.023192601278424263,0.6958041098774327
7808,157,34,-0.8,0.4,-0.31199023127555847,-0.03794368728995323,0.6557043599119983
7809,157,35,-0.8,0.4,-0.3031354248523712,-0.04229079931974411,0.6652033953607963
7810,157,36,-0.8,0.4,-0.24780602753162384,-0.06004367023706436,0.7187199466799253
7811,157,37,-0.8,0.4,-0.24838107824325562,-0.014646803960204124,0.6900836231026536
7812,157,38,-0.8,0.4,-0.2782880961894989,-0.01883058249950409,0.6690309166357348
7813,157,39,-0.8,0.4,-0.2533305287361145,-0.027325104922056198,0.6938690482422332
7814,157,40,-0.8,0.4,-0.2320297807455063,0.010055044665932655,0.6889464697278632
7815,157,41,-0.8,0.4,-0.2852819859981537,-0.027344204485416412,0.6689975359037418
7816,157,42,-0.8,0.4,-0.2137986272573471,-0.018557067960500717,0.7202930435212199
7817,157,43,-0.8,0.4,-0.2426503449678421,-0.05187615007162094,0.7175170332250068
7818,157,44,-0.8,0.4,-0.2682539224624634,-0.029142096638679504,0.6833131274049971
7819,157,45,-0.8,0.4,-0.2436540424823761,-0.029960056766867638,0.7031262154557814
7820,157,46,-0.8,0.4,-0.24588002264499664,-0.022964157164096832,0.6970994387814727
7821,157,47,-0.8,0.4,-0.25805601477622986,-0.029210615903139114,0.6913212248471575
7822,157,48,-0.8,0.4,-0.27891767024993896,0.014263896271586418,0.6483202419308909
7823,158,0,-0.6,0.4,-0.23160216212272644,0.07190079987049103,0.49332144903528524
7824,158,1,-0.6,0.4,-0.3507227599620819,0.11685403436422348,0.3772410108362268
7825,158,2,-0.6,0.4,-0.3800649344921112,0.14863546192646027,0.3339993473659542
7826,158,3,-0.6,0.4,-0.39403700828552246,0.13010019063949585,0.3395094417668151
7827,158,4,-0.6,0.4,-0.34387460350990295,0.1069154441356659,0.38922843628569
7828,158,5,-0.6,0.4,-0.33427882194519043,0.10456647723913193,0.3973521244912781
7829,158,6,-0.6,0.4,-0.22643350064754486,0.06949412822723389,0.49878458347740057
7830,158,7,-0.6,0.4,-0.3611792027950287,0.12442190200090408,0.36466239355658453
7831,158,8,-0.6,0.4,-0.3042454719543457,0.1112063005566597,0.4133673205487803
7832,158,9,-0.6,0.4,-0.2567468285560608,0.08105602115392685,0.4685594960605181
7833,158,10,-0.6,0.4,-0.2457481175661087,0.07075871527194977,0.48362611568993313
7834,158,11,-0.6,0.4,-0.2341301590204239,0.079867422580719,0.48615389298403466
7835,158,12,-0.6,0.4,-0.3398592472076416,0.16370517015457153,0.35143770127158375
7836,158,13,-0.6,0.4,-0.39928048849105835,0.15572898089885712,0.31615922107871386
7837,158,14,-0.6,0.4,-0.39035797119140625,0.15578904747962952,0.3218520926977016
7838,158,15,-0.6,0.4,-0.3655650317668915,0.18057003617286682,0.3211063116097776
7839,158,16,-0.6,0.4,-0.3447019159793854,0.13476261496543884,0.36814125295132144
7840,158,17,-0.6,0.4,-0.38189929723739624,0.11561062186956406,0.35839257098739885
7841,158,18,-0.6,0.4,-0.20455391705036163,0.07225047796964645,0.5136120653872311
7842,158,19,-0.6,0.4,-0.3654177188873291,0.1243322566151619,0.36196899225612283
7843,158,20,-0.6,0.4,-0.38650453090667725,0.12139660865068436,0.3509988105317707
7844,158,21,-0.6,0.4,-0.36244529485702515,0.12875546514987946,0.36056322000673335
7845,158,22,-0.6,0.4,-0.36108288168907166,0.11672566831111908,0.37057487288776103
7846,158,23,-0.6,0.4,-0.3515443205833435,0.11713777482509613,0.376485408834513
7847,158,24,-0.6,0.4,-0.2473376840353012,0.10128875076770782,0.46216784777773284
7848,158,25,-0.6,0.4,-0.28488966822624207,0.10594675689935684,0.43100096399958754
7849,158,26,-0.6,0.4,-0.33837616443634033,0.1120145320892334,0.3890792477925596
7850,158,27,-0.6,0.4,-0.3414885103702545,0.11896856874227524,0.381846638881836
7851,158,28,-0.6,0.4,-0.34436938166618347,0.11728907376527786,0.38114627223970576
7852,158,29,-0.6,0.4,-0.37044820189476013,0.11879419535398483,0.3630023864659317
7853,158,30,-0.6,0.4,-0.3399277329444885,0.13351336121559143,0.37236099787975263
7854,158,31,-0.6,0.4,-0.31488609313964844,0.10994834452867508,0.4067184563390619
7855,158,32,-0.6,0.4,-0.3546174466609955,0.10110404342412949,0.3867187483696311
7856,158,33,-0.6,0.4,-0.36394068598747253,0.11346311122179031,0.3712511122714128
7857,158,34,-0.6,0.4,-0.3827037811279297,0.4662775695323944,0.2271791428789625
7858,158,35,-0.6,0.4,-0.37790268659591675,0.12921015918254852,0.35022043702681355
7859,158,36,-0.6,0.4,-0.3565710186958313,0.1236330047249794,0.3682884535471192
7860,158,37,-0.6,0.4,-0.37553316354751587,0.11710529774427414,0.36112985646626067
7861,158,38,-0.6,0.4,-0.3553149402141571,0.11619742959737778,0.37471946499953385
7862,158,39,-0.6,0.4,-0.3777182698249817,0.1167503073811531,0.3600549346117491
7863,158,40,-0.6,0.4,-0.37392428517341614,0.1255844235420227,0.35554765846102104
7864,158,41,-0.6,0.4,-0.2735447585582733,0.11004149913787842,0.4366336643995571
7865,158,42,-0.6,0.4,-0.3793886601924896,0.1201920434832573,0.35631707197626694
7866,158,43,-0.6,0.4,-0.3510438799858093,0.12069683521986008,0.3741515836512283
7867,158,44,-0.6,0.4,-0.2885150611400604,0.11220318078994751,0.42408710931128757
7868,158,45,-0.6,0.4,-0.33987122774124146,0.11441237479448318,0.3862994561572354
7869,158,46,-0.6,0.4,-0.3644615113735199,0.11633487790822983,0.36870622603339015
7870,158,47,-0.6,0.4,-0.3506706655025482,0.11237576603889465,0.38064789110496183
7871,158,48,-0.6,0.4,-0.3718094825744629,0.12226489931344986,0.3594547237084283
7872,159,0,-0.5,0.4,-0.2437276840209961,0.0649503543972969,0.4218219588354065
7873,159,1,-0.5,0.4,-0.2781825363636017,0.09484007954597473,0.3772606051863777
7874,159,2,-0.5,0.4,-0.25690141320228577,0.060449354350566864,0.41760215979325677
7875,159,3,-0.5,0.4,-0.24837720394134521,0.06567232310771942,0.4184364073937216
7876,159,4,-0.5,0.4,-0.23929187655448914,0.07148497551679611,0.41939342739446905
7877,159,5,-0.5,0.4,-0.2521880269050598,0.05794589966535568,0.4223881882403322
7878,159,6,-0.5,0.4,-0.22748610377311707,0.020781006664037704,0.4669805869021719
7879,159,7,-0.5,0.4,-0.27813059091567993,0.08669884502887726,0.3839057806202778
7880,159,8,-0.5,0.4,-0.23673567175865173,0.054519642144441605,0.43435559647410216
7881,159,9,-0.5,0.4,-0.23537524044513702,0.049710363149642944,0.4390092175048539
7882,159,10,-0.5,0.4,-0.24208718538284302,0.03698161244392395,0.44531041942397603
7883,159,11,-0.5,0.4,-0.24209855496883392,0.04350125417113304,0.44000512625050026
7884,159,12,-0.5,0.4,-0.25331392884254456,0.07675375789403915,0.4066228605707341
7885,159,13,-0.5,0.4,-0.2740786373615265,0.08335534483194351,0.3889785337816498
7886,159,14,-0.5,0.4,-0.2454773336648941,0.0422024242579937,0.43909098474597313
7887,159,15,-0.5,0.4,-0.24753038585186005,0.053812939673662186,0.42846982018049085
7888,159,16,-0.5,0.4,-0.2442558854818344,0.0759354680776596,0.41282305284555776
7889,159,17,-0.5,0.4,-0.24916976690292358,0.05542703717947006,0.426199873935284
7890,159,18,-0.5,0.4,-0.2366289645433426,0.07720821350812912,0.4166039363041658
7891,159,19,-0.5,0.4,-0.25378891825675964,0.04591088742017746,0.4312760095585457
7892,159,20,-0.5,0.4,-0.2439434677362442,0.03558575361967087,0.44537926610910283
7893,159,21,-0.5,0.4,-0.24206791818141937,0.044610198587179184,0.4391251185932219
7894,159,22,-0.5,0.4,-0.2531851828098297,0.08160093426704407,0.40285918016626654
7895,159,23,-0.5,0.4,-0.26657769083976746,0.07212124019861221,0.40248037907777734
7896,159,24,-0.5,0.4,-0.2525971233844757,0.05632086843252182,0.4234660893538139
7897,159,25,-0.5,0.4,-0.24555331468582153,0.0721101388335228,0.41503599449101314
7898,159,26,-0.5,0.4,-0.2523365318775177,0.05391648784279823,0.4255713698423801
7899,159,27,-0.5,0.4,-0.24645067751407623,0.086463563144207,0.40322742487248764
7900,159,28,-0.5,0.4,-0.21905726194381714,0.0558474063873291,0.4442632437607608
7901,159,29,-0.5,0.4,-0.2546880543231964,0.09575098007917404,0.390826581509654
7902,159,30,-0.5,0.4,-0.2628675699234009,0.07581732422113419,0.4016543248480942
7903,159,31,-0.5,0.4,-0.24136841297149658,0.05722504109144211,0.4294007105998381
7904,159,32,-0.5,0.4,-0.22336755692958832,0.056624673306941986,0.4409445810310735
7905,159,33,-0.5,0.4,-0.23360484838485718,0.033164191991090775,0.45335955580709253
7906,159,34,-0.5,0.4,-0.24617597460746765,0.07026360183954239,0.41611624354055293
7907,159,35,-0.5,0.4,-0.21450982987880707,0.037095651030540466,0.46174040730347066
7908,159,36,-0.5,0.4,-0.2619880437850952,0.08538356423377991,0.39450372996397115
7909,159,37,-0.5,0.4,-0.2614184617996216,0.04864739254117012,0.4246996646315808
7910,159,38,-0.5,0.4,-0.24923166632652283,0.055797286331653595,0.4258641394506305
7911,159,39,-0.5,0.4,-0.2737768590450287,0.061377860605716705,0.407236863252204
7912,159,40,-0.5,0.4,-0.24936151504516602,0.06826337426900864,0.41577498601026786
7913,159,41,-0.5,0.4,-0.22870378196239471,0.011762615293264389,0.47363477997866005
7914,159,42,-0.5,0.4,-0.2472427785396576,0.08579763770103455,0.4032484810567833
7915,159,43,-0.5,0.4,-0.20970244705677032,0.008091898635029793,0.4877136753878479
7916,159,44,-0.5,0.4,-0.23367053270339966,0.016259031370282173,0.46710653619422304
7917,159,45,-0.5,0.4,-0.23371218144893646,-0.0005361665971577168,0.48097653067590546
7918,159,46,-0.5,0.4,-0.2755415737628937,0.04943058639764786,0.41626974290997365
7919,159,47,-0.5,0.4,-0.2641662061214447,0.08354994654655457,0.39466215256322895
7920,159,48,-0.5,0.4,-0.21553219854831696,0.012756172567605972,0.48049944011127
7921,159,49,-0.5,0.4,-0.21170589327812195,0.017754795029759407,0.4787743609397927
7922,160,0,-0.4,0.4,-0.3393924832344055,-0.04469208046793938,0.44880320578110416
7923,160,1,-0.4,0.4,-0.3302170932292938,-0.0681539922952652,0.4733263299029163
7924,160,2,-0.4,0.4,-0.3389189541339874,-0.05342471972107887,0.4575203499498409
7925,160,3,-0.4,0.4,-0.30013787746429443,-0.022755291312932968,0.43438977871310364
7926,160,4,-0.4,0.4,-0.3294806182384491,-0.06627889722585678,0.47158137495260827
7927,160,5,-0.4,0.4,-0.29094627499580383,-0.04705164209008217,0.46016071717686835
7928,160,6,-0.4,0.4,-0.3078899681568146,-0.037230633199214935,0.44682757812599155
7929,160,7,-0.4,0.4,-0.3344821631908417,-0.032862160354852676,0.4377924586002159
7930,160,8,-0.4,0.4,-0.33636564016342163,-0.04994034767150879,0.45441792241786566
7931,160,9,-0.4,0.4,-0.3030085265636444,-0.02668868750333786,0.4375735160663593
7932,160,10,-0.4,0.4,-0.3096943497657776,-0.01969127543270588,0.42929695682424435
7933,160,11,-0.4,0.4,-0.3346674144268036,-0.05093199014663696,0.4556402160425326
7934,160,12,-0.4,0.4,-0.3410232961177826,-0.0836293175816536,0.4872120364125939
7935,160,13,-0.4,0.4,-0.3359450697898865,-0.04446538910269737,0.4490573640354144
7936,160,14,-0.4,0.4,-0.3068082630634308,-0.02816028706729412,0.4381848140394672
7937,160,15,-0.4,0.4,-0.31365782022476196,-0.01801360212266445,0.42683760795869985
7938,160,16,-0.4,0.4,-0.31556108593940735,-0.05454069748520851,0.46231718103275377
7939,160,17,-0.4,0.4,-0.31615862250328064,-0.030994344502687454,0.4390734580612322
7940,160,18,-0.4,0.4,-0.32465600967407227,-0.014997914433479309,0.4217819174198568
7941,160,19,-0.4,0.4,-0.3400270342826843,-0.04588627070188522,0.44990145923009095
7942,160,20,-0.4,0.4,-0.32274410128593445,-0.04844966158270836,0.45505557117759105
7943,160,21,-0.4,0.4,-0.33161669969558716,-0.055169422179460526,0.4602776104132239
7944,160,22,-0.4,0.4,-0.335700660943985,-0.04646772891283035,0.4510740936516095
7945,160,23,-0.4,0.4,-0.3032620847225189,-0.03752017021179199,0.4480871830284689
7946,160,24,-0.4,0.4,-0.3313847482204437,-0.07677396386861801,0.4816860651915999
7947,160,25,-0.4,0.4,-0.3273880183696747,-0.0453544445335865,0.4512350619600632
7948,160,26,-0.4,0.4,-0.3500271141529083,-0.06849315017461777,0.47115084747925845
7949,160,27,-0.4,0.4,-0.34951505064964294,-0.035878587514162064,0.4387925172154251
7950,160,28,-0.4,0.4,-0.3332362771034241,-0.026960689574480057,0.4321490774454185
7951,160,29,-0.4,0.4,-0.30837422609329224,-0.03933063894510269,0.4487835700645862
7952,160,30,-0.4,0.4,-0.342116117477417,-0.0404060035943985,0.4441936422979032
7953,160,31,-0.4,0.4,-0.28820934891700745,-0.00963789876550436,0.42461789620148727
7954,160,32,-0.4,0.4,-0.24166463315486908,-0.018007349222898483,0.44699019273171575
7955,160,33,-0.4,0.4,-0.3316078782081604,-0.038793954998254776,0.4440919018246114
7956,160,34,-0.4,0.4,-0.347328245639801,-0.034417033195495605,0.43759852883408723
7957,160,35,-0.4,0.4,-0.36510342359542847,-0.031178828328847885,0.4325886649506644
7958,160,36,-0.4,0.4,-0.24867793917655945,-0.01420675590634346,0.4409825424325891
7959,160,37,-0.4,0.4,-0.32569435238838196,-0.041677121073007584,0.44788392307195196
7960,160,38,-0.4,0.4,-0.3505968451499939,-0.021116212010383606,0.42400416946901365
7961,160,39,-0.4,0.4,-0.3396972119808197,-0.03851892054080963,0.4426457612077214
7962,160,40,-0.4,0.4,-0.2773379683494568,-0.017944009974598885,0.4355722322213464
7963,160,41,-0.4,0.4,-0.32670751214027405,-0.04353728145360947,0.44955212024405633
7964,160,42,-0.4,0.4,-0.28117552399635315,-0.009037474170327187,0.42594707578897917
7965,160,43,-0.4,0.4,-0.3425573706626892,-0.03643651306629181,0.44020050613629147
7966,160,44,-0.4,0.4,-0.3382588028907776,-0.04183134436607361,0.4461243237986602
7967,160,45,-0.4,0.4,-0.34399300813674927,-0.07035267353057861,0.47367543807435625
7968,160,46,-0.4,0.4,-0.30963027477264404,-0.04470641911029816,0.45379564391427557
7969,160,47,-0.4,0.4,-0.33562761545181274,-0.036407746374607086,0.4411298278151038
7970,160,48,-0.4,0.4,-0.34245774149894714,-0.03565044701099396,0.4394342083796855
7971,160,49,-0.4,0.4,-0.19450773298740387,-0.011649858206510544,0.4600898581401424
7972,161,0,-0.3,0.4,-0.16434480249881744,0.05395003408193588,0.371689267427751
7973,161,1,-0.3,0.4,-0.16148672997951508,0.042375948280096054,0.38351126233831556
7974,161,2,-0.3,0.4,-0.15979452431201935,0.03966948390007019,0.38664668141047676
7975,161,3,-0.3,0.4,-0.18910367786884308,0.02442631870508194,0.3916038615024551
7976,161,4,-0.3,0.4,-0.14778202772140503,0.062496863305568695,0.37024137851297373
7977,161,5,-0.3,0.4,-0.1715637743473053,0.03312535956501961,0.3887066578465129
7978,161,6,-0.3,0.4,-0.17253388464450836,0.029494456946849823,0.3918187948490083
7979,161,7,-0.3,0.4,-0.17890064418315887,0.05606948584318161,0.3646275531928811
7980,161,8,-0.3,0.4,-0.21044915914535522,0.02239767648279667,0.38807585318255067
7981,161,9,-0.3,0.4,-0.19727438688278198,-0.013729425147175789,0.42629167106914123
7982,161,10,-0.3,0.4,-0.17693214118480682,0.03234134986996651,0.387709402631397
7983,161,11,-0.3,0.4,-0.19360469281673431,0.010703042149543762,0.4035741354227763
7984,161,12,-0.3,0.4,-0.19913607835769653,0.019121412187814713,0.3940076513760479
7985,161,13,-0.3,0.4,-0.17684407532215118,0.06307221949100494,0.3587306943404391
7986,161,14,-0.3,0.4,-0.18473491072654724,0.05139895901083946,0.36716307900433487
7987,161,15,-0.3,0.4,-0.2148263305425644,0.022694099694490433,0.3868000728725315
7988,161,16,-0.3,0.4,-0.1932402402162552,-0.006805241573601961,0.42058073051536676
7989,161,17,-0.3,0.4,-0.20091713964939117,-0.014372462406754494,0.4260539294693753
7990,161,18,-0.3,0.4,-0.16475176811218262,0.014459416270256042,0.40857511663273444
7991,161,19,-0.3,0.4,-0.1814289391040802,0.022232063114643097,0.39593902386681074
7992,161,20,-0.3,0.4,-0.12273602187633514,0.09632812440395355,0.3516235571861588
7993,161,21,-0.3,0.4,-0.20319584012031555,0.028951331973075867,0.38346858986697474
7994,161,22,-0.3,0.4,-0.170007586479187,0.045662980526685715,0.3774291336690876
7995,161,23,-0.3,0.4,-0.15224894881248474,0.046782124787569046,0.38287496718458913
7996,161,24,-0.3,0.4,-0.13470594584941864,0.06962697207927704,0.3694163801390541
7997,161,25,-0.3,0.4,-0.13647997379302979,0.07967671006917953,0.3596467837237429
7998,161,26,-0.3,0.4,-0.14727607369422913,0.06466258317232132,0.36847765304141694
7999,161,27,-0.3,0.4,-0.16529519855976105,0.04742388427257538,0.3774325117322202
8000,161,28,-0.3,0.4,-0.2074429839849472,0.025349996984004974,0.3859137545793047
8001,161,29,-0.3,0.4,-0.18976010382175446,0.037430018186569214,0.3789588716755182
8002,161,30,-0.3,0.4,-0.16978971660137177,0.05879625678062439,0.3652050277442312
8003,161,31,-0.3,0.4,-0.1653956174850464,0.04745412617921829,0.3773684312979697
8004,161,32,-0.3,0.4,-0.18231548368930817,0.037298548966646194,0.38131612601748416
8005,161,33,-0.3,0.4,-0.19606779515743256,0.04238436743617058,0.37241219617174903
8006,161,34,-0.3,0.4,-0.14709927141666412,0.044194258749485016,0.38726781212507627
8007,161,35,-0.3,0.4,-0.15336304903030396,0.08867235481739044,0.3441326750609972
8008,161,36,-0.3,0.4,-0.2170392870903015,-0.0034090164117515087,0.4118510828063734
8009,161,37,-0.3,0.4,-0.20979800820350647,0.053798239678144455,0.3577597771885574
8010,161,38,-0.3,0.4,-0.21060819923877716,0.03518153727054596,0.37561070910134636
8011,161,39,-0.3,0.4,-0.1676683872938156,0.0703478455543518,0.35522133755178203
8012,161,40,-0.3,0.4,-0.16323788464069366,0.04968995228409767,0.3760598432806539
8013,161,41,-0.3,0.4,-0.1491343379020691,0.08731943368911743,0.34717370947227744
8014,161,42,-0.3,0.4,-0.2281186729669571,0.04137977212667465,0.3657531859272685
8015,161,43,-0.3,0.4,-0.2506648004055023,0.015112847089767456,0.388036186965048
8016,161,44,-0.3,0.4,-0.18102604150772095,0.018113188445568085,0.3999904244335516
8017,161,45,-0.3,0.4,-0.15633457899093628,0.02351730689406395,0.40296274195266485
8018,161,46,-0.3,0.4,-0.14486221969127655,0.06018633395433426,0.3735519488779479
8019,161,47,-0.3,0.4,-0.1344604641199112,0.0724710151553154,0.3669857951648604
8020,161,48,-0.3,0.4,-0.15556570887565613,0.09911838918924332,0.33375291485868314
8021,161,49,-0.3,0.4,-0.18071338534355164,0.04177334904670715,0.37756539816223667
8022,162,0,-0.2,0.4,0.04634096100926399,0.41670629382133484,0.24690680291197425
8023,162,1,-0.2,0.4,0.0636414885520935,0.4328618049621582,0.2656816378889113
8024,162,2,-0.2,0.4,0.06864698231220245,0.43194669485092163,0.27053981669497507
8025,162,3,-0.2,0.4,0.0514373742043972,0.39040160179138184,0.25162051266733654
8026,162,4,-0.2,0.4,0.10609196126461029,0.4610685408115387,0.3121244229913229
8027,162,5,-0.2,0.4,0.08112579584121704,0.44014105200767517,0.2839771419386436
8028,162,6,-0.2,0.4,0.06196977570652962,0.4313063621520996,0.2638337576864035
8029,162,7,-0.2,0.4,0.076284259557724,0.437369704246521,0.27880008406532497
8030,162,8,-0.2,0.4,0.113006591796875,0.46734070777893066,0.320168545351449
8031,162,9,-0.2,0.4,0.08489026129245758,0.44801706075668335,0.2889084614596737
8032,162,10,-0.2,0.4,0.10633599758148193,0.46765369176864624,0.31371765239490224
8033,162,11,-0.2,0.4,0.11449582874774933,0.46870389580726624,0.32191280123478994
8034,162,12,-0.2,0.4,0.07096244394779205,0.43300750851631165,0.2729654587097326
8035,162,13,-0.2,0.4,0.0787050873041153,0.45447251200675964,0.28397848554691796
8036,162,14,-0.2,0.4,-0.09203397482633591,0.20730194449424744,0.22088278155505553
8037,162,15,-0.2,0.4,0.10877415537834167,0.4505089223384857,0.31287797983463694
8038,162,16,-0.2,0.4,0.08932808041572571,0.43633443117141724,0.2916006327249636
8039,162,17,-0.2,0.4,0.10114885866641998,0.4707089960575104,0.30933864485309365
8040,162,18,-0.2,0.4,0.14452344179153442,0.4644220471382141,0.3504947961116728
8041,162,19,-0.2,0.4,0.05381866171956062,0.42840224504470825,0.2554028201893793
8042,162,20,-0.2,0.4,0.05958789959549904,0.4375409781932831,0.26228839596922976
8043,162,21,-0.2,0.4,-0.047453638166189194,0.3324430584907532,0.16683624562670946
8044,162,22,-0.2,0.4,0.07679682970046997,0.4468243718147278,0.28072941906411386
8045,162,23,-0.2,0.4,0.12204824388027191,0.4571550488471985,0.32708067964203075
8046,162,24,-0.2,0.4,0.1428842395544052,0.45437848567962646,0.3471694419726657
8047,162,25,-0.2,0.4,0.05730338767170906,0.4117025136947632,0.2575693734396889
8048,162,26,-0.2,0.4,0.07725955545902252,0.4108591377735138,0.27747212826970374
8049,162,27,-0.2,0.4,0.07926897704601288,0.41262364387512207,0.27955414131257716
8050,162,28,-0.2,0.4,0.05940594896674156,0.41595783829689026,0.2598963234877428
8051,162,29,-0.2,0.4,0.1388009488582611,0.44586241245269775,0.34189098236607446
8052,162,30,-0.2,0.4,0.06849469244480133,0.41606810688972473,0.2689750619110405
8053,162,31,-0.2,0.4,0.13282383978366852,0.442865788936615,0.33557291933274874
8054,162,32,-0.2,0.4,0.11512438952922821,0.4366668164730072,0.3172504315307293
8055,162,33,-0.2,0.4,0.07126612961292267,0.41510817408561707,0.271686528925113
8056,162,34,-0.2,0.4,0.10006268322467804,0.4370592534542084,0.30234252451578286
8057,162,35,-0.2,0.4,0.10093270242214203,0.44485971331596375,0.30425792555968684
8058,162,36,-0.2,0.4,0.09573769569396973,0.4380015432834625,0.29816925050431325
8059,162,37,-0.2,0.4,0.1127014309167862,0.4326021671295166,0.3143963838833814
8060,162,38,-0.2,0.4,0.10696986317634583,0.43382635712623596,0.3088279769304202
8061,162,39,-0.2,0.4,0.13731715083122253,0.4515053927898407,0.34122670723630283
8062,162,40,-0.2,0.4,0.1050717681646347,0.4345874786376953,0.30702618358962425
8063,162,41,-0.2,0.4,0.06637100875377655,0.4151163697242737,0.266799585715843
8064,162,42,-0.2,0.4,0.08635570108890533,0.41414281725883484,0.2867047380601432
8065,162,43,-0.2,0.4,0.11727741360664368,0.4507628083229065,0.32131265131293757
8066,162,44,-0.2,0.4,-0.08123287558555603,0.22636257112026215,0.21037011800548586
8067,162,45,-0.2,0.4,0.08974047005176544,0.4394780993461609,0.29241761286523654
8068,162,46,-0.2,0.4,0.11086905002593994,0.4408067464828491,0.3135358939938869
8069,162,47,-0.2,0.4,0.12468163669109344,0.4430684447288513,0.3275256572175214
8070,162,48,-0.2,0.4,0.1218210905790329,0.443293035030365,0.32472003514353487
8071,162,49,-0.2,0.4,0.08791399002075195,0.4392705261707306,0.2905798339104001
8072,163,0,-0.1,0.4,-0.13247548043727875,0.11924510449171066,0.28262690632970977
8073,163,1,-0.1,0.4,-0.11798229813575745,0.10361232608556747,0.2969326797350727
8074,163,2,-0.1,0.4,-0.17049184441566467,0.12142276018857956,0.28735757980271187
8075,163,3,-0.1,0.4,-0.11157413572072983,0.13497494161128998,0.2652776699830219
8076,163,4,-0.1,0.4,-0.113188236951828,0.10164079070091248,0.2986505438928151
8077,163,5,-0.1,0.4,-0.1426776945590973,0.1109556034207344,0.2921781114436045
8078,163,6,-0.1,0.4,-0.11417566239833832,0.13262352347373962,0.2677519927171963
8079,163,7,-0.1,0.4,-0.1254885494709015,0.11649199575185776,0.28465146166302263
8080,163,8,-0.1,0.4,-0.094820037484169,0.1452426165342331,0.2548100399159916
8081,163,9,-0.1,0.4,-0.12428943812847137,0.10722613334655762,0.293779702838376
8082,163,10,-0.1,0.4,-0.1263611763715744,0.11121141910552979,0.28998923441178853
8083,163,11,-0.1,0.4,-0.12117482721805573,0.10624820739030838,0.2945139877308407
8084,163,12,-0.1,0.4,-0.11048945784568787,0.10156910121440887,0.2986151872826836
8085,163,13,-0.1,0.4,-0.12297993898391724,0.1184542253613472,0.2824820362652883
8086,163,14,-0.1,0.4,-0.12107862532138824,0.10497646033763885,0.29577558621419087
8087,163,15,-0.1,0.4,-0.09695835411548615,0.12067524343729019,0.2793413167408357
8088,163,16,-0.1,0.4,-0.11656732857227325,0.10460102558135986,0.2958631955205076
8089,163,17,-0.1,0.4,-0.11203932762145996,0.10991870611906052,0.2903310222301724
8090,163,18,-0.1,0.4,-0.12739311158657074,0.11296018213033676,0.28834396058361234
8091,163,19,-0.1,0.4,-0.11251047998666763,0.10328246653079987,0.2969811555933183
8092,163,20,-0.1,0.4,-0.11726558208465576,0.10414817929267883,0.29635519253179776
8093,163,21,-0.1,0.4,-0.1448155790567398,0.11151915043592453,0.2919411527883687
8094,163,22,-0.1,0.4,-0.1075354814529419,0.12543052434921265,0.27467286076326497
8095,163,23,-0.1,0.4,-0.12198366224765778,0.11841253191232681,0.28244430174787644
8096,163,24,-0.1,0.4,-0.12750743329524994,0.11805178970098495,0.2832868725820352
8097,163,25,-0.1,0.4,-0.11562556028366089,0.10309135913848877,0.2973195236650432
8098,163,26,-0.1,0.4,-0.1349647045135498,0.11476752161979675,0.2873675299762187
8099,163,27,-0.1,0.4,-0.12868386507034302,0.11562315374612808,0.28581979427721926
8100,163,28,-0.1,0.4,-0.12681233882904053,0.11228103935718536,0.2889655720442572
8101,163,29,-0.1,0.4,-0.10312061011791229,0.10979001969099045,0.2902267576886455
8102,163,30,-0.1,0.4,-0.11031967401504517,0.13480380177497864,0.26539690884556594
8103,163,31,-0.1,0.4,-0.12690971791744232,0.10995112359523773,0.29129449638134497
8104,163,32,-0.1,0.4,-0.14806078374385834,0.11454366892576218,0.28947392954191714
8105,163,33,-0.1,0.4,-0.1263217329978943,0.13403725624084473,0.2672620711883947
8106,163,34,-0.1,0.4,-0.12673617899417877,0.11782103031873703,0.283442752945966
8107,163,35,-0.1,0.4,-0.11387178301811218,0.16876569390296936,0.23165001765654336
8108,163,36,-0.1,0.4,-0.10114133358001709,0.10077398270368576,0.2992281939746905
8109,163,37,-0.1,0.4,-0.1277686506509781,0.11146033555269241,0.2898727926493636
8110,163,38,-0.1,0.4,-0.12362924218177795,0.10743900388479233,0.2935136752078303
8111,163,39,-0.1,0.4,-0.12259931862354279,0.11268243938684464,0.2882049788586981
8112,163,40,-0.1,0.4,-0.11994887888431549,0.11538660526275635,0.2853116580734113
8113,163,41,-0.1,0.4,-0.13400308787822723,0.11298014968633652,0.289026996073606
8114,163,42,-0.1,0.4,-0.12824033200740814,0.11567727476358414,0.28572176752524664
8115,163,43,-0.1,0.4,-0.12590236961841583,0.11007559299468994,0.29107918944718414
8116,163,44,-0.1,0.4,-0.12708300352096558,0.11731686443090439,0.28397754174387163
8117,163,45,-0.1,0.4,-0.1233578473329544,0.10671322792768478,0.2942154307724661
8118,163,46,-0.1,0.4,-0.13843044638633728,0.11161823570728302,0.290931162280759
8119,163,47,-0.1,0.4,-0.1281200349330902,0.11603029817342758,0.2853585953149312
8120,163,48,-0.1,0.4,-0.11806708574295044,0.10404834151268005,0.2965026201378976
8121,163,49,-0.1,0.4,-0.0962495505809784,0.10227938741445541,0.29774423425006336
8122,164,0,0.0,0.4,-0.13688166439533234,0.15245315432548523,0.28287104986378236
8123,164,1,0.0,0.4,-0.1580517441034317,0.14965645968914032,0.2960612132473818
8124,164,2,0.0,0.4,-0.1444181650876999,0.1595788598060608,0.28046199574889275
8125,164,3,0.0,0.4,-0.16405701637268066,0.18565458059310913,0.26992343996367185
8126,164,4,0.0,0.4,-0.15011021494865417,0.17109061777591705,0.27373816303566895
8127,164,5,0.0,0.4,-0.17747069895267487,0.19373242557048798,0.2721068930545223
8128,164,6,0.0,0.4,-0.12836715579032898,0.14812780916690826,0.28269723592698953
8129,164,7,0.0,0.4,-0.15427158772945404,0.15844696760177612,0.2866140091505369
8130,164,8,0.0,0.4,-0.1103072315454483,0.14076872169971466,0.281724228600277
8131,164,9,0.0,0.4,-0.1840871423482895,0.18714767694473267,0.2814146183267374
8132,164,10,0.0,0.4,-0.12171289324760437,0.14612561464309692,0.2815425934437773
8133,164,11,0.0,0.4,-0.12598088383674622,0.14563192427158356,0.2838561273639608
8134,164,12,0.0,0.4,-0.13262376189231873,0.17288103699684143,0.2630058660450382
8135,164,13,0.0,0.4,-0.10542342066764832,0.14371000230312347,0.27712571252904866
8136,164,14,0.0,0.4,-0.12361682951450348,0.1493980586528778,0.279432377412075
8137,164,15,0.0,0.4,-0.14029499888420105,0.20686131715774536,0.23871580911610987
8138,164,16,0.0,0.4,-0.13582484424114227,0.15204212069511414,0.28272159136243363
8139,164,17,0.0,0.4,-0.1435643583536148,0.1530347466468811,0.28566162037147264
8140,164,18,0.0,0.4,-0.14151272177696228,0.17086879909038544,0.2693082948128522
8141,164,19,0.0,0.4,-0.15186476707458496,0.1907149702310562,0.258579061727754
8142,164,20,0.0,0.4,-0.137211412191391,0.15805882215499878,0.2781411605149125
8143,164,21,0.0,0.4,-0.13273246586322784,0.15722280740737915,0.2766923792540869
8144,164,22,0.0,0.4,-0.13989481329917908,0.20521576702594757,0.23981546281110006
8145,164,23,0.0,0.4,-0.15474197268486023,0.17839273810386658,0.27028661941632165
8146,164,24,0.0,0.4,-0.14776240289211273,0.17514152824878693,0.2690633011518705
8147,164,25,0.0,0.4,-0.1630401760339737,0.2331082671880722,0.23331298609841036
8148,164,26,0.0,0.4,-0.14106473326683044,0.22898538410663605,0.22168729738258988
8149,164,27,0.0,0.4,-0.15188124775886536,0.17182879149913788,0.2740985476239043
8150,164,28,0.0,0.4,-0.14574694633483887,0.18555571138858795,0.2592846414348235
8151,164,29,0.0,0.4,-0.15212607383728027,0.16735772788524628,0.2779654099269562
8152,164,30,0.0,0.4,-0.21005158126354218,0.23159469664096832,0.269224837247164
8153,164,31,0.0,0.4,-0.18370498716831207,0.2784874141216278,0.22025628444464074
8154,164,32,0.0,0.4,-0.1578882783651352,0.21390584111213684,0.2440486517424091
8155,164,33,0.0,0.4,-0.1424887329339981,0.16931970417499542,0.27113914858435306
8156,164,34,0.0,0.4,-0.14149652421474457,0.19233879446983337,0.2512855798630234
8157,164,35,0.0,0.4,-0.15073297917842865,0.20788897573947906,0.2441865611667257
8158,164,36,0.0,0.4,-0.20309051871299744,0.29594624042510986,0.22819496855273433
8159,164,37,0.0,0.4,-0.19881005585193634,0.2377307265996933,0.2566257107105863
8160,164,38,0.0,0.4,-0.18869058787822723,0.2593296766281128,0.23535564117178562
8161,164,39,0.0,0.4,-0.1878398358821869,0.19737069308757782,0.27630135715203336
8162,164,40,0.0,0.4,-0.1300446093082428,0.1770605891942978,0.2580960699052335
8163,164,41,0.0,0.4,-0.18670333921909332,0.2135007381439209,0.2638941294315245
8164,164,42,0.0,0.4,-0.18061640858650208,0.22829216718673706,0.24921048713911245
8165,164,43,0.0,0.4,-0.17386871576309204,0.2113180309534073,0.25657594541267165
8166,164,44,0.0,0.4,-0.1264076977968216,0.19174237549304962,0.24361885031247177
8167,164,45,0.0,0.4,-0.1751091033220291,0.2451649159193039,0.2337458049431504
8168,164,46,0.0,0.4,-0.15105141699314117,0.19912153482437134,0.2513338185500552
8169,164,47,0.0,0.4,-0.13935399055480957,0.17922726273536682,0.2610749628035379
8170,164,48,0.0,0.4,-0.15489636361598969,0.1877521127462387,0.26275853764462587
8171,165,0,0.1,0.4,-0.11650224030017853,-0.005395734682679176,0.45958559785300657
8172,165,1,0.1,0.4,-0.10785183310508728,-0.0015453817322850227,0.4521516096572825
8173,165,2,0.1,0.4,-0.11030478030443192,-0.002265965100377798,0.4539229089801855
8174,165,3,0.1,0.4,-0.12578678131103516,-0.01646290346980095,0.4737309580144557
8175,165,4,0.1,0.4,-0.10795283317565918,0.0008655344136059284,0.4500585544623277
8176,165,5,0.1,0.4,-0.11002177000045776,5.180155858397484e-05,0.4517385364463159
8177,165,6,0.1,0.4,-0.10470233857631683,0.006184390280395746,0.44383981556124136
8178,165,7,0.1,0.4,-0.10659017413854599,0.004099012818187475,0.4465614086574527
8179,165,8,0.1,0.4,-0.10841546952724457,-0.0011776462197303772,0.4520846289851768
8180,165,9,0.1,0.4,-0.10542934387922287,0.003877651412039995,0.44622206397430564
8181,165,10,0.1,0.4,-0.10385589301586151,0.005020820070058107,0.44448372039414874
8182,165,11,0.1,0.4,-0.11002261936664581,-0.0034910901449620724,0.4548786216915419
8183,165,12,0.1,0.4,-0.10434739291667938,0.004423487465828657,0.44523997379002395
8184,165,13,0.1,0.4,-0.11000306904315948,-0.0011209594085812569,0.4527684983348629
8185,165,14,0.1,0.4,-0.11072653532028198,2.629123628139496e-05,0.4520891951709243
8186,165,15,0.1,0.4,-0.09531201422214508,0.013467123731970787,0.433075567696386
8187,165,16,0.1,0.4,-0.1101832240819931,0.005108932498842478,0.4473432047966137
8188,165,17,0.1,0.4,-0.11240947246551514,-0.0037273848429322243,0.45619467912853995
8189,165,18,0.1,0.4,-0.11622314155101776,-0.007518751546740532,0.46132849446398333
8190,165,19,0.1,0.4,-0.09844598919153214,0.004585717339068651,0.44241752401827916
8191,165,20,0.1,0.4,-0.14146138727664948,-0.03366115316748619,0.49635229153507293
8192,165,21,0.1,0.4,-0.11638018488883972,-0.00477594742551446,0.458981428847346
8193,165,22,0.1,0.4,-0.11168481409549713,-0.0032416549511253834,0.45542759337392774
8194,165,23,0.1,0.4,-0.11616331338882446,-0.004721601027995348,0.4588312896848895
8195,165,24,0.1,0.4,-0.12030474096536636,-0.005918354261666536,0.46184834006231634
8196,165,25,0.1,0.4,-0.11000727117061615,0.0024871365167200565,0.44957705744311005
8197,165,26,0.1,0.4,-0.10582025349140167,0.0032783686183393,0.44693403266409587
8198,165,27,0.1,0.4,-0.11894530057907104,-0.008471135050058365,0.46344979535516334
8199,165,28,0.1,0.4,-0.12602224946022034,-0.01512290071696043,0.4726659284851421
8200,165,29,0.1,0.4,-0.1275871843099594,-0.004430009983479977,0.46406848571883563
8201,165,30,0.1,0.4,-0.14440998435020447,-0.008231502026319504,0.4758037407342781
8202,165,31,0.1,0.4,-0.12194076180458069,-0.0077997115440666676,0.464282571809261
8203,165,32,0.1,0.4,-0.12416547536849976,-0.009200796484947205,0.4665784523433339
8204,165,33,0.1,0.4,-0.1276545524597168,-0.013563020154833794,0.4720815256872709
8205,165,34,0.1,0.4,-0.126466765999794,-0.008953011594712734,0.46747166951034663
8206,165,35,0.1,0.4,-0.1160290539264679,-0.00524868443608284,0.4592331089735807
8207,165,36,0.1,0.4,-0.12078351527452469,-0.009264839813113213,0.46501942940508356
8208,165,37,0.1,0.4,-0.11845848709344864,-0.00833528395742178,0.46310022101889214
8209,165,38,0.1,0.4,-0.11470676958560944,-0.004390548449009657,0.4578544665947672
8210,165,39,0.1,0.4,-0.12574683129787445,-0.01801493763923645,0.4750769621130515
8211,165,40,0.1,0.4,-0.12956926226615906,-0.015082508325576782,0.4743369423682717
8212,165,41,0.1,0.4,-0.11311544477939606,-0.0020684576593339443,0.45505740016845725
8213,165,42,0.1,0.4,-0.11414656788110733,-0.007145678624510765,0.4600286471056679
8214,165,43,0.1,0.4,-0.11129969358444214,-0.0005933432839810848,0.4529046115820821
8215,165,44,0.1,0.4,-0.10710389167070389,-0.003260850440710783,0.4533335807584918
8216,165,45,0.1,0.4,-0.11263594031333923,-0.0042030178010463715,0.45672105569199567
8217,165,46,0.1,0.4,-0.1051960289478302,0.0004901024512946606,0.4491253372226241
8218,165,47,0.1,0.4,-0.11370592564344406,-0.003182114101946354,0.45631791525956567
8219,165,48,0.1,0.4,-0.10741416364908218,0.002774814609438181,0.4481165955315809
8220,166,0,0.2,0.4,-0.05226314440369606,0.057533957064151764,0.4253465464636786
8221,166,1,0.2,0.4,-0.04749684780836105,0.06166147440671921,0.419198816286151
8222,166,2,0.2,0.4,-0.07310109585523605,0.04714193567633629,0.44619841115312553
8223,166,3,0.2,0.4,-0.07004624605178833,0.05355415865778923,0.43926039656446986
8224,166,4,0.2,0.4,-0.05906153470277786,0.060294151306152344,0.4272153349300162
8225,166,5,0.2,0.4,-0.07120601087808609,0.04423419386148453,0.4473499850830358
8226,166,6,0.2,0.4,-0.04175980016589165,0.06243184953927994,0.4152108586991954
8227,166,7,0.2,0.4,-0.07512202858924866,0.03553583845496178,0.4566467515112651
8228,166,8,0.2,0.4,-0.0492083802819252,0.05423171445727348,0.4262165225444658
8229,166,9,0.2,0.4,-0.049810025840997696,0.05786140263080597,0.4236317608730953
8230,166,10,0.2,0.4,-0.07667595893144608,0.04933062195777893,0.4466750484940405
8231,166,11,0.2,0.4,-0.11912550032138824,0.028800368309020996,0.48952043013841096
8232,166,12,0.2,0.4,-0.029419297352433205,0.08286941051483154,0.39141413462583924
8233,166,13,0.2,0.4,-0.022586017847061157,0.08363034576177597,0.38682592139594996
8234,166,14,0.2,0.4,-0.06337320059537888,0.04438336193561554,0.44252529426019155
8235,166,15,0.2,0.4,-0.17963746190071106,-0.021862993016839027,0.5675323667911281
8236,166,16,0.2,0.4,-0.029811358079314232,0.07100065052509308,0.40131512836818245
8237,166,17,0.2,0.4,-0.05052410811185837,0.05795840173959732,0.4239749800233179
8238,166,18,0.2,0.4,-0.05325852707028389,0.05733875185251236,0.4260946051240309
8239,166,19,0.2,0.4,-0.04785606265068054,0.0716952532529831,0.4113594954894332
8240,166,20,0.2,0.4,-0.0473613478243351,0.07671001553535461,0.4070676239307449
8241,166,21,0.2,0.4,-0.03906998783349991,0.08537325263023376,0.39515117264559463
8242,166,22,0.2,0.4,-0.04748166352510452,0.07837226241827011,0.40582209816999265
8243,166,23,0.2,0.4,-0.0383714996278286,0.06292849034070969,0.4128415851859075
8244,166,24,0.2,0.4,-0.037115491926670074,0.06486200541257858,0.4105377350837621
8245,166,25,0.2,0.4,-0.0452544279396534,0.060593001544475555,0.418744367155661
8246,166,26,0.2,0.4,-0.0055306293070316315,0.08682315051555634,0.3745965544907566
8247,166,27,0.2,0.4,-0.03500105440616608,0.07703271508216858,0.3994162774590008
8248,166,28,0.2,0.4,-0.04568162560462952,0.07342643290758133,0.4086682711970674
8249,166,29,0.2,0.4,-0.041535425931215286,0.08278388530015945,0.39870468445333823
8250,166,30,0.2,0.4,-0.0725317969918251,0.04738353565335274,0.44565900787476936
8251,166,31,0.2,0.4,-0.06021219119429588,0.05330486223101616,0.43348345181655035
8252,166,32,0.2,0.4,-0.024063367396593094,0.07478931546211243,0.3949257929620476
8253,166,33,0.2,0.4,-0.03853258490562439,0.06510556489229202,0.41115942981752196
8254,166,34,0.2,0.4,-0.047054629772901535,0.05700994282960892,0.4227034059597505
8255,166,35,0.2,0.4,-0.029620224609971046,0.07512488216161728,0.39783073001018493
8256,166,36,0.2,0.4,-0.032136060297489166,0.07710690051317215,0.3976771356095923
8257,166,37,0.2,0.4,-0.05365602672100067,0.06138419359922409,0.42308633189496064
8258,166,38,0.2,0.4,-0.07150059938430786,0.04730024188756943,0.4450951525669601
8259,166,39,0.2,0.4,-0.0474153608083725,0.05875581502914429,0.421499649513924
8260,166,40,0.2,0.4,-0.053364790976047516,0.05622406303882599,0.42705457747209474
8261,166,41,0.2,0.4,-0.04622034728527069,0.060202546417713165,0.4196269401245417
8262,166,42,0.2,0.4,-0.04683927446603775,0.0638449490070343,0.41704897281614695
8263,166,43,0.2,0.4,-0.019233517348766327,0.07882892340421677,0.3888626950104706
8264,166,44,0.2,0.4,-0.03817383944988251,0.07249700278043747,0.40495060314326636
8265,166,45,0.2,0.4,-0.04646652936935425,0.07408718764781952,0.4086134008505869
8266,166,46,0.2,0.4,-0.1298731416463852,0.010160207748413086,0.5106773474537681
8267,166,47,0.2,0.4,-0.03993569314479828,0.07358773797750473,0.4051099870942667
8268,166,48,0.2,0.4,-0.04186992347240448,0.06486541777849197,0.41329922342212494
8269,166,49,0.2,0.4,-0.061056092381477356,0.04757671058177948,0.4385800477607768
8270,167,0,0.3,0.4,0.035147953778505325,0.25369498133659363,0.3025752218437796
8271,167,1,0.3,0.4,-0.11602264642715454,0.2196388989686966,0.45343684136324575
8272,167,2,0.3,0.4,-0.09628099948167801,0.23747017979621887,0.42831597332538407
8273,167,3,0.3,0.4,0.004571709781885147,0.23866234719753265,0.3366121104075256
8274,167,4,0.3,0.4,-0.043512389063835144,0.2343979775905609,0.38134602563346587
8275,167,5,0.3,0.4,-0.04948197305202484,0.2529538869857788,0.3791572349842837
8276,167,6,0.3,0.4,-0.09158618003129959,0.22691833972930908,0.42813198609022923
8277,167,7,0.3,0.4,-0.0004964359104633331,0.26545560359954834,0.3292420122002249
8278,167,8,0.3,0.4,-0.029650745913386345,0.22844566404819489,0.3716187622619676
8279,167,9,0.3,0.4,-0.023131582885980606,0.23940905928611755,0.36083717948372374
8280,167,10,0.3,0.4,0.03036573901772499,0.2578933537006378,0.30478998280440517
8281,167,11,0.3,0.4,-0.02634333446621895,0.2486940175294876,0.3597130415788361
8282,167,12,0.3,0.4,-0.05724955350160599,0.23222149908542633,0.3946857849558791
8283,167,13,0.3,0.4,0.01213543489575386,0.25993871688842773,0.3201299281065686
8284,167,14,0.3,0.4,-0.13932287693023682,0.21546582877635956,0.47650545699231595
8285,167,15,0.3,0.4,-0.07318494468927383,0.22478340566158295,0.4122715826664382
8286,167,16,0.3,0.4,-0.1847614198923111,0.1914823204278946,0.5277056536651326
8287,167,17,0.3,0.4,-0.09002985805273056,0.21439771354198456,0.43193923057656664
8288,167,18,0.3,0.4,-0.06336968392133713,0.23310382664203644,0.3998648019951542
8289,167,19,0.3,0.4,-0.11600232124328613,0.21680355072021484,0.4545534845411738
8290,167,20,0.3,0.4,-0.05844008922576904,0.22121669352054596,0.4005530779308826
8291,167,21,0.3,0.4,-0.0038122273981571198,0.24413801729679108,0.3414598470813295
8292,167,22,0.3,0.4,-0.11615177989006042,0.20557445287704468,0.45932950839209735
8293,167,23,0.3,0.4,-0.005912665277719498,0.24201549589633942,0.3442987980144537
8294,167,24,0.3,0.4,-0.058460257947444916,0.2251724898815155,0.3988212818067481
8295,167,25,0.3,0.4,-0.03932768851518631,0.22691555321216583,0.3809219157687175
8296,167,26,0.3,0.4,-0.03154773265123367,0.2246483713388443,0.37506278501111484
8297,167,27,0.3,0.4,-0.01378849521279335,0.22838275134563446,0.35765304383383006
8298,167,28,0.3,0.4,-0.01495598629117012,0.22615517675876617,0.3597489344924034
8299,167,29,0.3,0.4,-0.05839640647172928,0.22122341394424438,0.400510988480466
8300,167,30,0.3,0.4,-0.2424689084291458,0.1779327690601349,0.5861624106590326
8301,167,31,0.3,0.4,-0.048531971871852875,0.2359786033630371,0.3851980710902145
8302,167,32,0.3,0.4,-0.20739823579788208,0.1693710833787918,0.5573532693657366
8303,167,33,0.3,0.4,-0.04689909517765045,0.23873446881771088,0.38255137404351125
8304,167,34,0.3,0.4,-0.16624195873737335,0.2045413702726364,0.5055547843925139
8305,167,35,0.3,0.4,-0.07416797429323196,0.21968169510364532,0.4153508927008529
8306,167,36,0.3,0.4,-0.07512766122817993,0.2369070202112198,0.4090477750518973
8307,167,37,0.3,0.4,-0.13560785353183746,0.1953810602426529,0.4812723891581935
8308,167,38,0.3,0.4,-0.08024580776691437,0.22073547542095184,0.4203839246413513
8309,167,39,0.3,0.4,-0.04618857428431511,0.23858357965946198,0.3819709278473429
8310,167,40,0.3,0.4,-0.052294693887233734,0.22926056385040283,0.3914888330435264
8311,167,41,0.3,0.4,-0.042568959295749664,0.22359885275363922,0.38531916202390615
8312,167,42,0.3,0.4,-0.09275475889444351,0.20708394050598145,0.4375761723916559
8313,167,43,0.3,0.4,-0.037617433816194534,0.23505471646785736,0.3757558757706011
8314,167,44,0.3,0.4,-0.06080219894647598,0.24520297348499298,0.39260711427902095
8315,167,45,0.3,0.4,0.023693446069955826,0.24125777184963226,0.31866033129782534
8316,167,46,0.3,0.4,-0.10223346203565598,0.21480487287044525,0.44281936847175224
8317,167,47,0.3,0.4,-0.07115348428487778,0.22743654251098633,0.4093080206364977
8318,167,48,0.3,0.4,-0.04150794818997383,0.23805107176303864,0.377961815576688
8319,168,0,0.4,0.4,-0.08429976552724838,0.31670504808425903,0.49141053296036846
8320,168,1,0.4,0.4,-0.03921882063150406,0.4009592533111572,0.4392198681342231
8321,168,2,0.4,0.4,0.0014492645859718323,0.43308016657829285,0.39992122489299103
8322,168,3,0.4,0.4,0.06970134377479553,0.44245874881744385,0.33301643751520527
8323,168,4,0.4,0.4,-0.10631759464740753,0.31471434235572815,0.5134502410646551
8324,168,5,0.4,0.4,0.0864315778017044,0.4398851692676544,0.3160948941812221
8325,168,6,0.4,0.4,-0.05122445151209831,0.3316657841205597,0.45636944540827
8326,168,7,0.4,0.4,-0.06076427549123764,0.3232491612434387,0.4671128437741793
8327,168,8,0.4,0.4,-0.09132818877696991,0.3178000748157501,0.49815681947269785
8328,168,9,0.4,0.4,-0.004653487354516983,0.38874638080596924,0.4048099415443456
8329,168,10,0.4,0.4,-0.07566752284765244,0.33201056718826294,0.48050198258288557
8330,168,11,0.4,0.4,-0.10474488139152527,0.3278948664665222,0.5098691455391526
8331,168,12,0.4,0.4,-0.03808680921792984,0.34838026762008667,0.44111750042559045
8332,168,13,0.4,0.4,-0.0574994720518589,0.3284648656845093,0.4630583574121786
8333,168,14,0.4,0.4,-0.045577533543109894,0.33315789699554443,0.45056320880917416
8334,168,15,0.4,0.4,0.0012666843831539154,0.3733273148536682,0.39962443508339024
8335,168,16,0.4,0.4,-0.038141198456287384,0.3396976590156555,0.44227150271400484
8336,168,17,0.4,0.4,-0.014945555478334427,0.378388375043869,0.4155079738638815
8337,168,18,0.4,0.4,0.000704396516084671,0.3888240456581116,0.3994519757330487
8338,168,19,0.4,0.4,-0.028324339538812637,0.36597225069999695,0.4296738618577862
8339,168,20,0.4,0.4,-0.1077156811952591,0.32807213068008423,0.5127853657393792
8340,168,21,0.4,0.4,-0.0004047490656375885,0.38540515303611755,0.40067065357000553
8341,168,22,0.4,0.4,-0.030570942908525467,0.345287024974823,0.4340332320378733
8342,168,23,0.4,0.4,-0.06421597301959991,0.3197222054004669,0.4711061386909523
8343,168,24,0.4,0.4,0.0206129290163517,0.3974190652370453,0.3793958498109889
8344,168,25,0.4,0.4,-0.026242803782224655,0.41850772500038147,0.4266444229810368
8345,168,26,0.4,0.4,-0.026032377034425735,0.359887033700943,0.4279166231252443
8346,168,27,0.4,0.4,0.02928004041314125,0.4212697744369507,0.37132962680168813
8347,168,28,0.4,0.4,-0.04370445758104324,0.3556003272533417,0.44592037026502634
8348,168,29,0.4,0.4,-0.13422709703445435,0.28480565547943115,0.546505561010484
8349,168,30,0.4,0.4,-0.03935239464044571,0.33674362301826477,0.4438827501775096
8350,168,31,0.4,0.4,-0.05212967097759247,0.3234805166721344,0.4585591245489174
8351,168,32,0.4,0.4,-0.11572733521461487,0.28145942091941833,0.5291753520113417
8352,168,33,0.4,0.4,-0.028489351272583008,0.35755062103271484,0.4305868947479791
8353,168,34,0.4,0.4,-0.05936611071228981,0.3416544198989868,0.46305661682807153
8354,168,35,0.4,0.4,-0.10201120376586914,0.30682581663131714,0.5105846424961076
8355,168,36,0.4,0.4,-0.06264583766460419,0.33969154953956604,0.46656005005285434
8356,168,37,0.4,0.4,-0.13983747363090515,0.2644845247268677,0.5565868683096118
8357,168,38,0.4,0.4,-0.09507812559604645,0.30151933431625366,0.5047779630265258
8358,168,39,0.4,0.4,-0.03281049430370331,0.3415193259716034,0.43674353253852727
8359,168,40,0.4,0.4,-0.12673301994800568,0.2650977671146393,0.5437336542287983
8360,168,41,0.4,0.4,-0.10947954654693604,0.28743240237236023,0.5217670671720569
8361,168,42,0.4,0.4,-0.1127021461725235,0.3384060561656952,0.5163887146394421
8362,168,43,0.4,0.4,-0.05829466134309769,0.3396656811237335,0.46224909588862106
8363,168,44,0.4,0.4,-0.09772777557373047,0.31810861825942993,0.5044196040807233
8364,168,45,0.4,0.4,-0.13501931726932526,0.2633976936340332,0.5521828138903242
8365,168,46,0.4,0.4,-0.06428772211074829,0.41877493262290955,0.46466717873956004
8366,168,47,0.4,0.4,-0.0026290975511074066,0.3903339207172394,0.40274510957120235
8367,168,48,0.4,0.4,-0.0665188729763031,0.387560099363327,0.46668470081086905
8368,168,49,0.4,0.4,-0.020162642002105713,0.36018097400665283,0.4220452589062558
8369,169,0,0.5,0.4,-0.0963360071182251,0.5527454018592834,0.615587354625533
8370,169,1,0.5,0.4,-0.11260895431041718,0.5266575217247009,0.6255652313793869
8371,169,2,0.5,0.4,-0.09863938391208649,0.5434424877166748,0.6155849732189626
8372,169,3,0.5,0.4,-0.08179055154323578,0.578116774559021,0.6084454217465126
8373,169,4,0.5,0.4,-0.06651318073272705,0.5675660967826843,0.5907754063389025
8374,169,5,0.5,0.4,-0.08587627857923508,0.5395178198814392,0.6022592762808416
8375,169,6,0.5,0.4,-0.07824650406837463,0.5724170804023743,0.60340423356302
8376,169,7,0.5,0.4,-0.08093369752168655,0.5412185192108154,0.5978516798373271
8377,169,8,0.5,0.4,-0.08188226819038391,0.5725165605545044,0.6069175707622426
8378,169,9,0.5,0.4,-0.0625285804271698,0.5964146852493286,0.5958331413902719
8379,169,10,0.5,0.4,-0.06179271265864372,0.5830603241920471,0.5908655805592798
8380,169,11,0.5,0.4,-0.06603840738534927,0.5638435482978821,0.5892742883871508
8381,169,12,0.5,0.4,-0.053008511662483215,0.4731522798538208,0.5578258420143034
8382,169,13,0.5,0.4,-0.06446433067321777,0.512377142906189,0.5755420078935348
8383,169,14,0.5,0.4,-0.09079691022634506,0.29944825172424316,0.5992926190220493
8384,169,15,0.5,0.4,-0.06468909233808517,0.5716432332992554,0.5901992634212898
8385,169,16,0.5,0.4,-0.08350475877523422,0.5945146679878235,0.6150721580235586
8386,169,17,0.5,0.4,-0.03114604577422142,0.5875452160835266,0.5632844130786933
8387,169,18,0.5,0.4,-0.06800220906734467,0.5880357027053833,0.5983175870700199
8388,169,19,0.5,0.4,-0.08045463263988495,0.5581932663917542,0.601625041105169
8389,169,20,0.5,0.4,-0.09059693664312363,0.4588792026042938,0.5935246431880982
8390,169,21,0.5,0.4,-0.07696065306663513,0.4920962154865265,0.5842647585590105
8391,169,22,0.5,0.4,-0.06980770081281662,0.5719722509384155,0.5951934735851979
8392,169,23,0.5,0.4,-0.0722939521074295,0.5487958788871765,0.5913210474797495
8393,169,24,0.5,0.4,-0.06359907984733582,0.5666069388389587,0.5877089372079108
8394,169,25,0.5,0.4,-0.07435635477304459,0.6002601981163025,0.6082675145178806
8395,169,26,0.5,0.4,-0.06565799564123154,0.5557082295417786,0.5866975547757897
8396,169,27,0.5,0.4,-0.1531895101070404,0.46854493021965027,0.6567761746384321
8397,169,28,0.5,0.4,-0.06833544373512268,0.5147417783737183,0.5798024252363578
8398,169,29,0.5,0.4,-0.12773102521896362,0.5290700793266296,0.6408629536802963
8399,169,30,0.5,0.4,-0.0771578699350357,0.5710058808326721,0.6019586514930287
8400,169,31,0.5,0.4,-0.059847716242074966,0.550646185874939,0.5797617947917347
8401,169,32,0.5,0.4,-0.05447835475206375,0.5902201533317566,0.5861995842902931
8402,169,33,0.5,0.4,-0.09769599139690399,0.4846994876861572,0.6036675420678383
8403,169,34,0.5,0.4,-0.05610314756631851,0.579808235168457,0.5844499227201264
8404,169,35,0.5,0.4,-0.06574040651321411,0.5906367897987366,0.5969963091900187
8405,169,36,0.5,0.4,-0.059485696256160736,0.5988487005233765,0.5937718838199367
8406,169,37,0.5,0.4,-0.08871552348136902,0.5617182850837708,0.6105233585362464
8407,169,38,0.5,0.4,-0.07036688923835754,0.561734676361084,0.5928545301143151
8408,169,39,0.5,0.4,-0.1552973836660385,0.4677726626396179,0.6587926797110141
8409,169,40,0.5,0.4,-0.085965596139431,0.5704978704452515,0.6102665021819602
8410,169,41,0.5,0.4,-0.06760580092668533,0.5634336471557617,0.5906664898809293
8411,169,42,0.5,0.4,-0.06293124705553055,0.5982293486595154,0.5968135919878756
8412,169,43,0.5,0.4,-0.05611133947968483,0.5970600247383118,0.5899936230568541
8413,169,44,0.5,0.4,-0.06099338084459305,0.5524832606315613,0.5813473300224912
8414,169,45,0.5,0.4,-0.014945399016141891,0.614727258682251,0.5579216428756711
8415,169,46,0.5,0.4,-0.05964064598083496,0.5131323337554932,0.5709610998788013
8416,169,47,0.5,0.4,-0.046455979347229004,0.6086995005607605,0.5849526638102011
8417,169,48,0.5,0.4,-0.05022516846656799,0.5814170241355896,0.579361607858405
8418,170,0,0.6,0.4,-0.14509660005569458,0.14737188816070557,0.7867591158074005
8419,170,1,0.6,0.4,-0.09550550580024719,0.12617138028144836,0.7474690773372668
8420,170,2,0.6,0.4,-0.12016202509403229,0.18626119196414948,0.7512107696566416
8421,170,3,0.6,0.4,-0.10824352502822876,0.1581883430480957,0.7483861090254393
8422,170,4,0.6,0.4,-0.09716804325580597,0.2335032969713211,0.7167736272049561
8423,170,5,0.6,0.4,-0.1336871236562729,0.10646349936723709,0.7902281142953236
8424,170,6,0.6,0.4,-0.10469270497560501,0.18242180347442627,0.7375175116898285
8425,170,7,0.6,0.4,-0.10029903799295425,0.11766930669546127,0.755069111403505
8426,170,8,0.6,0.4,-0.0765291079878807,0.1203351840376854,0.7320546723039972
8427,170,9,0.6,0.4,-0.11794299632310867,0.05816378444433212,0.795169255086503
8428,170,10,0.6,0.4,-0.11650419235229492,0.19026854634284973,0.7465691798564656
8429,170,11,0.6,0.4,-0.07747834920883179,0.17108765244483948,0.7151068287395517
8430,170,12,0.6,0.4,-0.05537261813879013,0.24754451215267181,0.6728714174200441
8431,170,13,0.6,0.4,-0.13277672231197357,0.10527538508176804,0.7898255018679629
8432,170,14,0.6,0.4,-0.14296656847000122,0.09050146490335464,0.8048531947448916
8433,170,15,0.6,0.4,-0.09640879929065704,0.07546517997980118,0.7683150819390424
8434,170,16,0.6,0.4,-0.1148877665400505,0.12849591672420502,0.7647084320079461
8435,170,17,0.6,0.4,-0.016830597072839737,0.22899827361106873,0.6400949741352691
8436,170,18,0.6,0.4,-0.13168708980083466,0.1289633810520172,0.7802735713786342
8437,170,19,0.6,0.4,-0.27831700444221497,0.2014237344264984,0.9004850323805853
8438,170,20,0.6,0.4,-0.0967312604188919,0.204876109957695,0.7235383761143146
8439,170,21,0.6,0.4,-0.15668463706970215,0.05038617551326752,0.8335475188911228
8440,170,22,0.6,0.4,-0.08846249431371689,0.174454003572464,0.7244664261241888
8441,170,23,0.6,0.4,-0.10428094863891602,0.1750655323266983,0.7393288641485621
8442,170,24,0.6,0.4,-0.07749620825052261,0.17219533026218414,0.714769948828426
8443,170,25,0.6,0.4,-0.14006933569908142,0.07211621105670929,0.809450678357791
8444,170,26,0.6,0.4,-0.11587538570165634,0.15408024191856384,0.756937312641098
8445,170,27,0.6,0.4,-0.010948963463306427,0.2097136527299881,0.6398964993764633
8446,170,28,0.6,0.4,-0.09181413054466248,0.12025805562734604,0.7462320997267944
8447,170,29,0.6,0.4,-0.06961023807525635,0.15530100464820862,0.7129203807308201
8448,170,30,0.6,0.4,-0.12162626534700394,0.1129099577665329,0.7766370833203101
8449,170,31,0.6,0.4,-0.12357048690319061,0.06854995340108871,0.7958727177807647
8450,170,32,0.6,0.4,-0.1640799641609192,0.11349978297948837,0.8160273071319071
8451,170,33,0.6,0.4,-0.08696725219488144,0.17214089632034302,0.723770527665974
8452,170,34,0.6,0.4,-0.06707476824522018,0.24190092086791992,0.6855538383320642
8453,170,35,0.6,0.4,-0.09611658751964569,0.1051255464553833,0.7559955335669867
8454,170,36,0.6,0.4,-0.10144327580928802,0.08505874872207642,0.7689022440691463
8455,170,37,0.6,0.4,-0.08424711227416992,0.15829209983348846,0.7256836911895187
8456,170,38,0.6,0.4,-0.09800034761428833,0.17857345938682556,0.7322801363942525
8457,170,39,0.6,0.4,-0.11554402112960815,0.05512470752000809,0.7943187103030428
8458,170,40,0.6,0.4,-0.11599361896514893,0.14848995208740234,0.758883500018157
8459,170,41,0.6,0.4,-0.12293986976146698,0.14489033818244934,0.7666309378334479
8460,170,42,0.6,0.4,-0.08840428292751312,0.19036592543125153,0.7196158016422646
8461,170,43,0.6,0.4,-0.11375326663255692,0.12377516180276871,0.7653390666010278
8462,170,44,0.6,0.4,-0.09158945083618164,0.16089148819446564,0.7317573702572108
8463,170,45,0.6,0.4,-0.13662618398666382,0.0870424434542656,0.8003502777745697
8464,170,46,0.6,0.4,-0.11690017580986023,0.09418872743844986,0.7794013064538211
8465,170,47,0.6,0.4,-0.17362144589424133,0.20928335189819336,0.7967828947779219
8466,170,48,0.6,0.4,-0.13390155136585236,0.1464005708694458,0.7764819106409032
8467,170,49,0.6,0.4,-0.07830074429512024,0.17319631576538086,0.7152145208912575
8468,171,0,0.8,0.4,-0.14634130895137787,0.0612521767616272,1.0051427564164919
8469,171,1,0.8,0.4,-0.10698039829730988,0.08453232049942017,0.9602777200919678
8470,171,2,0.8,0.4,-0.12671764194965363,-0.0748809352517128,1.041305666250918
8471,171,3,0.8,0.4,-0.209327831864357,0.156948983669281,1.0381794010263348
8472,171,4,0.8,0.4,-0.22171927988529205,-0.23223647475242615,1.2015128991803188
8473,171,5,0.8,0.4,-0.10533380508422852,0.046652983874082565,0.9718453644656527
8474,171,6,0.8,0.4,-0.15520593523979187,0.12313342839479446,0.9945217328896067
8475,171,7,0.8,0.4,-0.21556279063224792,0.009485302492976189,1.08805767801425
8476,171,8,0.8,0.4,-0.19075356423854828,0.08222433179616928,1.04046816402703
8477,171,9,0.8,0.4,-0.14035505056381226,-0.10778301954269409,1.0686960353892805
8478,171,10,0.8,0.4,-0.21120227873325348,0.10208605229854584,1.054173974612535
8479,171,11,0.8,0.4,-0.20126888155937195,0.14121825993061066,1.034169890381893
8480,171,12,0.8,0.4,-0.16022640466690063,-0.030250240117311478,1.0522119640740295
8481,171,13,0.8,0.4,-0.1411067396402359,0.13335508108139038,0.9781520373548208
8482,171,14,0.8,0.4,-0.16576728224754333,0.09453312307596207,1.012924704189572
8483,171,15,0.8,0.4,-0.1546284407377243,0.023765552788972855,1.0260934748518413
8484,171,16,0.8,0.4,-0.06946153938770294,0.045798562467098236,0.9388407888586905
8485,171,17,0.8,0.4,-0.1411406248807907,0.006323469337075949,1.020160225942867
8486,171,18,0.8,0.4,-0.19035205245018005,0.08132404088973999,1.0403612616332505
8487,171,19,0.8,0.4,-0.2020297795534134,-0.08517327904701233,1.113308937273519
8488,171,20,0.8,0.4,-0.13298235833644867,0.20395608246326447,0.9533568579342113
8489,171,21,0.8,0.4,-0.15598717331886292,0.05876605212688446,1.0150626004002226
8490,171,22,0.8,0.4,-0.13917288184165955,0.1559891402721405,0.9703540599450785
8491,171,23,0.8,0.4,-0.17916853725910187,0.0028444300405681133,1.0566473257941509
8492,171,24,0.8,0.4,-0.16643857955932617,-0.0018445742316544056,1.046653041795641
8493,171,25,0.8,0.4,-0.1568409949541092,-0.001935864333063364,1.0378329001635747
8494,171,26,0.8,0.4,-0.18258433043956757,-0.005363329779356718,1.0629164574674628
8495,171,27,0.8,0.4,-0.19839566946029663,0.0744955912232399,1.050117628139906
8496,171,28,0.8,0.4,-0.18812799453735352,0.14007757604122162,1.0217419439687396
8497,171,29,0.8,0.4,-0.19899839162826538,0.09768646210432053,1.043739077389969
8498,171,30,0.8,0.4,-0.18221428990364075,0.07642380148172379,1.0341404486521415
8499,171,31,0.8,0.4,-0.13743335008621216,0.013546667993068695,1.0139662044038344
8500,171,32,0.8,0.4,-0.1904347985982895,0.11002948880195618,1.0320096838881354
8501,171,33,0.8,0.4,-0.1540907770395279,0.10651136189699173,0.998210795136703
8502,171,34,0.8,0.4,-0.14965085685253143,0.05260757729411125,1.0111964424750584
8503,171,35,0.8,0.4,-0.15251219272613525,0.012619683519005775,1.0282718448391288
8504,171,36,0.8,0.4,-0.18899671733379364,0.007487437222152948,1.0640397637473202
8505,171,37,0.8,0.4,-0.1577848494052887,0.03384428843855858,1.025388620406613
8506,171,38,0.8,0.4,-0.172633096575737,-0.01758924126625061,1.05848756014222
8507,171,39,0.8,0.4,-0.15664981305599213,0.10904420167207718,0.9999170672614323
8508,171,40,0.8,0.4,-0.10338552296161652,-0.07209357619285583,1.019302579109458
8509,171,41,0.8,0.4,-0.1547452211380005,0.1086629331111908,0.9982062531507323
8510,171,42,0.8,0.4,-0.2387126386165619,-0.012254199013113976,1.1175318654184874
8511,171,43,0.8,0.4,-0.1860872209072113,0.03334663063287735,1.0520469098404173
8512,171,44,0.8,0.4,-0.12095344066619873,-0.1865188330411911,1.0918606052912205
8513,171,45,0.8,0.4,-0.1338837444782257,0.1629137396812439,0.9635085588787496
8514,171,46,0.8,0.4,-0.10759253799915314,0.21736201643943787,0.9257866104404473
8515,171,47,0.8,0.4,-0.15405288338661194,0.02508658543229103,1.0250741303540574
8516,171,48,0.8,0.4,-0.14179418981075287,0.07819899171590805,0.9952548341474914
8517,171,49,0.8,0.4,-0.13632042706012726,0.027457281947135925,1.0077122698986427
8518,172,0,1.0,0.4,-0.1285848766565323,0.15752775967121124,1.1543381701858004
8519,172,1,1.0,0.4,-0.3080984652042389,-0.011143526062369347,1.3711894813236731
8520,172,2,1.0,0.4,-0.4180656671524048,-0.0496949627995491,1.4876611831743418
8521,172,3,1.0,0.4,-0.3364531993865967,0.09364085644483566,1.371117456307272
8522,172,4,1.0,0.4,-0.3244437873363495,-0.059292808175086975,1.4018206837735028
8523,172,5,1.0,0.4,-0.2841019332408905,0.1350003331899643,1.3111607828037042
8524,172,6,1.0,0.4,-0.3769505023956299,-0.06534283608198166,1.4534567902556992
8525,172,7,1.0,0.4,-0.26165059208869934,0.08649339526891708,1.300018695145488
8526,172,8,1.0,0.4,-0.4057689905166626,-0.03741522878408432,1.4722494819392768
8527,172,9,1.0,0.4,-0.3331264555454254,-0.050446733832359314,1.4071703544686227
8528,172,10,1.0,0.4,-0.3230352997779846,-0.07171483337879181,1.4046128607157928
8529,172,11,1.0,0.4,-0.33522704243659973,-0.007882863283157349,1.396137416235972
8530,172,12,1.0,0.4,-0.3746283948421478,-0.021932683885097504,1.437925733004588
8531,172,13,1.0,0.4,-0.4106108844280243,-0.05907749384641647,1.4834335888819288
8532,172,14,1.0,0.4,-0.3705708980560303,-0.09155251830816269,1.456052356494508
8533,172,15,1.0,0.4,-0.4167683720588684,-0.022263232618570328,1.4783568100048854
8534,172,16,1.0,0.4,-0.3666558861732483,0.04642932862043381,1.4116517031023565
8535,172,17,1.0,0.4,-0.36410996317863464,-0.04876411706209183,1.4360310666575897
8536,172,18,1.0,0.4,-0.3095715343952179,0.015071546658873558,1.3649716179795963
8537,172,19,1.0,0.4,-0.371467649936676,0.03750745952129364,1.4185641884403875
8538,172,20,1.0,0.4,-0.29607608914375305,-0.0749480202794075,1.38035823278506
8539,172,21,1.0,0.4,-0.2654394507408142,0.08406584709882736,1.304281945156259
8540,172,22,1.0,0.4,-0.31384679675102234,0.05138751119375229,1.3593101458771684
8541,172,23,1.0,0.4,-0.23797261714935303,0.008706115186214447,1.2983401345965866
8542,172,24,1.0,0.4,-0.18256601691246033,0.08235329389572144,1.2244843054343733
8543,172,25,1.0,0.4,-0.1253664493560791,0.08215973526239395,1.1693896182302885
8544,172,26,1.0,0.4,-0.2472907155752182,0.16196030378341675,1.2698019633529565
8545,172,27,1.0,0.4,-0.3806722164154053,-0.040673546493053436,1.4492925666545706
8546,172,28,1.0,0.4,-0.38338157534599304,0.04053926467895508,1.4293203291230092
8547,172,29,1.0,0.4,-0.2807406187057495,0.1352810114622116,1.3078121712597937
8548,172,30,1.0,0.4,0.1456662118434906,0.13495011627674103,0.8945041433372819
8549,172,31,1.0,0.4,-0.43754836916923523,-0.09265485405921936,1.5196230186889241
8550,172,32,1.0,0.4,-0.3596193492412567,0.054712601006031036,1.4027787290714238
8551,172,33,1.0,0.4,-0.25058895349502563,0.09248553961515427,1.2878423327215045
8552,172,34,1.0,0.4,-0.3293512761592865,0.13678431510925293,1.3551595154072558
8553,172,35,1.0,0.4,-0.3747832179069519,0.13909687101840973,1.3993210278384935
8554,172,36,1.0,0.4,-0.36554834246635437,0.07468856871128082,1.4037627302858995
8555,172,37,1.0,0.4,-0.21881422400474548,0.17990852892398834,1.2385266925975769
8556,172,38,1.0,0.4,-0.17596673965454102,0.13462413847446442,1.2055381041900548
8557,172,39,1.0,0.4,-0.31808221340179443,0.16087305545806885,1.3395978564077107
8558,172,40,1.0,0.4,-0.383992075920105,0.020641421899199486,1.4350425070318658
8559,172,41,1.0,0.4,-0.31127235293388367,0.11447861045598984,1.3419976331782058
8560,172,42,1.0,0.4,-0.1969408392906189,0.16992013156414032,1.2188536083636925
8561,172,43,1.0,0.4,-0.3093833029270172,0.036753635853528976,1.35883499919957
8562,172,44,1.0,0.4,-0.3841625452041626,0.1292625367641449,1.4103916922420705
8563,172,45,1.0,0.4,-0.41271165013313293,0.09121552109718323,1.4460643349564928
8564,172,46,1.0,0.4,-0.2890724837779999,0.0231736209243536,1.3430212166607214
8565,172,47,1.0,0.4,-0.38284212350845337,-0.04051191359758377,1.4513108159766375
8566,172,48,1.0,0.4,-0.261831134557724,0.16777785122394562,1.2830217997062252
8567,172,49,1.0,0.4,-0.44348007440567017,0.013487694784998894,1.4943314516160107
8568,173,0,-0.5,0.5,0.03790790215134621,0.0865856409072876,0.6784219509279608
8569,173,1,-0.5,0.5,0.040492091327905655,-0.01927594281733036,0.7495193163467107
8570,173,2,-0.5,0.5,0.03706824406981468,-0.046491194516420364,0.766221198135511
8571,173,3,-0.5,0.5,0.055003572255373,0.030555911362171173,0.7269158944288031
8572,173,4,-0.5,0.5,0.04844537004828453,-0.001612046267837286,0.7432408552336226
8573,173,5,-0.5,0.5,0.06326226890087128,-0.011920135468244553,0.7611350791188009
8574,173,6,-0.5,0.5,0.040766824036836624,0.04642656072974205,0.7058028214666879
8575,173,7,-0.5,0.5,0.05718035623431206,0.06436201184988022,0.7072696841324947
8576,173,8,-0.5,0.5,0.055902156978845596,-0.01273261196911335,0.7562552079228297
8577,173,9,-0.5,0.5,-0.018719244748353958,0.03825827315449715,0.6669607092519482
8578,173,10,-0.5,0.5,0.07402481138706207,0.05298808962106705,0.727546652874285
8579,173,11,-0.5,0.5,0.05866621062159538,-0.006936316844075918,0.7543821075726346
8580,173,12,-0.5,0.5,0.061484258621931076,0.026401866227388382,0.7345473197780522
8581,173,13,-0.5,0.5,0.025462094694375992,0.02092088758945465,0.7110746858865652
8582,173,14,-0.5,0.5,0.04019378498196602,0.029465429484844208,0.7163882378871282
8583,173,15,-0.5,0.5,0.01357477530837059,-0.04090588167309761,0.7458808367705893
8584,173,16,-0.5,0.5,-0.03994376212358475,0.005599198397248983,0.675339836404194
8585,173,17,-0.5,0.5,0.03759827837347984,0.017481911927461624,0.7223819033082899
8586,173,18,-0.5,0.5,0.0419321171939373,0.046573493629693985,0.7066017381279814
8587,173,19,-0.5,0.5,0.040087390691041946,-0.015117157250642776,0.7463511742319707
8588,173,20,-0.5,0.5,0.10214455425739288,0.03549495339393616,0.7604886603653837
8589,173,21,-0.5,0.5,0.02798083797097206,0.08879994601011276,0.6692153985570087
8590,173,22,-0.5,0.5,0.03145257756114006,0.012309238314628601,0.7213072308175188
8591,173,23,-0.5,0.5,0.030682135373353958,-0.026054851710796356,0.747233053212243
8592,173,24,-0.5,0.5,0.03889945521950722,0.08030326664447784,0.6830504892210955
8593,173,25,-0.5,0.5,0.04739383980631828,0.12223831564188004,0.6650893970189189
8594,173,26,-0.5,0.5,0.05327139422297478,0.07285898923873901,0.698969726625972
8595,173,27,-0.5,0.5,0.06680384278297424,0.2022375911474228,0.6402570173916378
8596,173,28,-0.5,0.5,0.04826110228896141,0.13922150433063507,0.6563165084169047
8597,173,29,-0.5,0.5,0.04830828681588173,0.17184726893901825,0.6390040628147432
8598,173,30,-0.5,0.5,-0.0015225820243358612,0.08873046189546585,0.6462370843617703
8599,173,31,-0.5,0.5,0.04275728389620781,0.06252556294202805,0.6971150208549363
8600,173,32,-0.5,0.5,0.04024176672101021,0.11928833276033401,0.6609103873311756
8601,173,33,-0.5,0.5,0.06410099565982819,0.020480191335082054,0.7403709747190587
8602,173,34,-0.5,0.5,0.06399121880531311,0.04032660275697708,0.7275889822024826
8603,173,35,-0.5,0.5,0.055616725236177444,0.10280387848615646,0.6829895345521876
8604,173,36,-0.5,0.5,0.04455104097723961,0.17045000195503235,0.636505331824356
8605,173,37,-0.5,0.5,0.052314188331365585,0.08008338510990143,0.6938162048359021
8606,173,38,-0.5,0.5,0.07411424815654755,0.11678330600261688,0.6902624171245613
8607,173,39,-0.5,0.5,0.03966152295470238,0.11511073261499405,0.6628531568197856
8608,173,40,-0.5,0.5,0.06118987128138542,0.02196832001209259,0.7371894998579938
8609,173,41,-0.5,0.5,0.03514367714524269,0.055341921746730804,0.6957726365303699
8610,173,42,-0.5,0.5,0.04829128459095955,0.10739589482545853,0.6743599307182382
8611,173,43,-0.5,0.5,0.03147048130631447,0.12741045653820038,0.6490638184316222
8612,173,44,-0.5,0.5,0.06110324338078499,0.07093212008476257,0.7063540863528667
8613,173,45,-0.5,0.5,0.06439432501792908,0.10638274997472763,0.6880955555952252
8614,173,46,-0.5,0.5,0.062305111438035965,0.12252920120954514,0.6772527167083541
8615,173,47,-0.5,0.5,0.04453341290354729,0.10331708937883377,0.6737016916612762
8616,173,48,-0.5,0.5,0.04668116942048073,0.027473624795675278,0.7225935761288517
8617,173,49,-0.5,0.5,0.051503557711839676,0.05353768542408943,0.7095666089277988
8618,174,0,-0.4,0.5,0.04138892516493797,0.068435437977314,0.6173104198473343
8619,174,1,-0.4,0.5,0.05412910506129265,0.028569038957357407,0.6545841390481136
8620,174,2,-0.4,0.5,0.032602060586214066,0.0764174684882164,0.6054475235933908
8621,174,3,-0.4,0.5,0.027733977884054184,0.10205214470624924,0.584225000637094
8622,174,4,-0.4,0.5,0.08926989138126373,0.11648745089769363,0.6216646217464707
8623,174,5,-0.4,0.5,0.06376194953918457,0.08482121676206589,0.6224536672647344
8624,174,6,-0.4,0.5,0.07594633102416992,0.0992867723107338,0.6221703953584728
8625,174,7,-0.4,0.5,0.002457704395055771,0.05956198275089264,0.5966220335063591
8626,174,8,-0.4,0.5,0.1138281524181366,0.12763844430446625,0.6345648102262162
8627,174,9,-0.4,0.5,0.058389898389577866,0.1053849533200264,0.6048490175340002
8628,174,10,-0.4,0.5,0.1063411682844162,0.11446552723646164,0.6364104087683411
8629,174,11,-0.4,0.5,0.12232975661754608,0.12363272160291672,0.6438017574503603
8630,174,12,-0.4,0.5,0.10082240402698517,0.09351009875535965,0.6450248988909236
8631,174,13,-0.4,0.5,0.07251739501953125,0.08442682027816772,0.6292644565682683
8632,174,14,-0.4,0.5,0.0638391375541687,0.09327542036771774,0.6169048785704744
8633,174,15,-0.4,0.5,0.06828154623508453,0.10920532792806625,0.6099246529401249
8634,174,16,-0.4,0.5,0.051365312188863754,0.10052428394556046,0.6027532602687087
8635,174,17,-0.4,0.5,0.09855617582798004,0.09447883814573288,0.642655174388143
8636,174,18,-0.4,0.5,0.06935270130634308,0.14324815571308136,0.5895454491603502
8637,174,19,-0.4,0.5,-0.019042514264583588,0.05821339040994644,0.5833558213911338
8638,174,20,-0.4,0.5,0.06004590168595314,0.10097287595272064,0.6089867628967682
8639,174,21,-0.4,0.5,0.09766179323196411,0.11137177795171738,0.6314262866045913
8640,174,22,-0.4,0.5,0.07033316791057587,0.102797731757164,0.615615895452718
8641,174,23,-0.4,0.5,0.05421168729662895,0.08364642411470413,0.6161643912376984
8642,174,24,-0.4,0.5,0.07797148823738098,0.11877503246068954,0.6113830382364276
8643,174,25,-0.4,0.5,0.046900492161512375,0.09057491272687912,0.6060931875403358
8644,174,26,-0.4,0.5,0.06219068542122841,0.10764750093221664,0.6062678559967367
8645,174,27,-0.4,0.5,0.0708862692117691,0.10504616051912308,0.6145912575467251
8646,174,28,-0.4,0.5,0.11823980510234833,0.09267104417085648,0.6591580795601161
8647,174,29,-0.4,0.5,0.1036786139011383,0.11601214855909348,0.6333552053591852
8648,174,30,-0.4,0.5,0.08903220295906067,0.10605054348707199,0.6279718702440606
8649,174,31,-0.4,0.5,0.09150028228759766,0.11442063003778458,0.6246951080561198
8650,174,32,-0.4,0.5,0.04540539160370827,0.10133849084377289,0.5977599532859099
8651,174,33,-0.4,0.5,0.11314933001995087,0.14393895864486694,0.6245812197551462
8652,174,34,-0.4,0.5,0.05314655229449272,0.08979734778404236,0.6112348270030032
8653,174,35,-0.4,0.5,0.10672882199287415,0.11776537448167801,0.6347262464901052
8654,174,36,-0.4,0.5,0.09961332380771637,0.11471042782068253,0.6309211739641614
8655,174,37,-0.4,0.5,0.14458560943603516,0.12869411706924438,0.6591217980796917
8656,174,38,-0.4,0.5,0.07091400027275085,0.10020868480205536,0.6177322165474185
8657,174,39,-0.4,0.5,0.010245312005281448,0.09157855808734894,0.5788862498248855
8658,174,40,-0.4,0.5,0.06253638863563538,0.11028130352497101,0.6048310286305517
8659,174,41,-0.4,0.5,0.06487990915775299,0.11231036484241486,0.6053235359269803
8660,174,42,-0.4,0.5,0.06399919092655182,0.08668028563261032,0.6213923361816069
8661,174,43,-0.4,0.5,0.06802962720394135,0.09798851609230042,0.6169805224918619
8662,174,44,-0.4,0.5,0.07052929699420929,0.10367637127637863,0.6151993481909126
8663,174,45,-0.4,0.5,0.08698266744613647,0.1283740997314453,0.6125829969427556
8664,174,46,-0.4,0.5,0.03228188678622246,0.10379812121391296,0.5863817514188873
8665,174,47,-0.4,0.5,0.08938524127006531,0.11854002624750137,0.6204914390611823
8666,174,48,-0.4,0.5,0.05651034787297249,0.11493430286645889,0.5972246552379116
8667,175,0,-0.3,0.5,0.07420510053634644,0.25597724318504333,0.4467399278226523
8668,175,1,-0.3,0.5,0.07975432276725769,0.25541529059410095,0.45170236410227765
8669,175,2,-0.3,0.5,0.0910504013299942,0.2609826922416687,0.45831178229278635
8670,175,3,-0.3,0.5,0.07184910774230957,0.2619039714336395,0.4415444233005609
8671,175,4,-0.3,0.5,0.08403608202934265,0.25850817561149597,0.4536540681476758
8672,175,5,-0.3,0.5,0.05041186884045601,0.2424912303686142,0.43485542915011544
8673,175,6,-0.3,0.5,0.0766780823469162,0.25338995456695557,0.4502253793701977
8674,175,7,-0.3,0.5,0.08256939053535461,0.2531636357307434,0.45528840233445195
8675,175,8,-0.3,0.5,0.057604242116212845,0.23169313371181488,0.44706752116083875
8676,175,9,-0.3,0.5,0.12339650094509125,0.25892922282218933,0.4872162934689893
8677,175,10,-0.3,0.5,0.07624515891075134,0.27466118335723877,0.43856356653253414
8678,175,11,-0.3,0.5,0.0847894698381424,0.26308101415634155,0.45187779537338
8679,175,12,-0.3,0.5,0.05960540100932121,0.2583284378051758,0.43326803298738936
8680,175,13,-0.3,0.5,0.07093627750873566,0.2659246623516083,0.4386171287891597
8681,175,14,-0.3,0.5,0.08443132042884827,0.24778275191783905,0.45978362341084544
8682,175,15,-0.3,0.5,0.020151186734437943,0.22463949024677277,0.42227975644000043
8683,175,16,-0.3,0.5,0.06014208868145943,0.2415960282087326,0.44325493418274126
8684,175,17,-0.3,0.5,0.04848368838429451,0.2545011639595032,0.4262752157552217
8685,175,18,-0.3,0.5,0.0770663470029831,0.2530934512615204,0.4507126289024097
8686,175,19,-0.3,0.5,0.06775116920471191,0.252311646938324,0.4433852080232697
8687,175,20,-0.3,0.5,0.08678014576435089,0.2690870463848114,0.45046606232299313
8688,175,21,-0.3,0.5,0.07305745780467987,0.2600063681602478,0.4435863051845999
8689,175,22,-0.3,0.5,0.08292672038078308,0.25605353713035583,0.45402945931755695
8690,175,23,-0.3,0.5,0.0888051837682724,0.25228288769721985,0.461013273835698
8691,175,24,-0.3,0.5,0.11526502668857574,0.24593375623226166,0.4868210129122523
8692,175,25,-0.3,0.5,0.06840074062347412,0.2500816285610199,0.4451722117053537
8693,175,26,-0.3,0.5,0.14286214113235474,0.22779007256031036,0.5198318195773078
8694,175,27,-0.3,0.5,0.08967778086662292,0.25499239563941956,0.4603015306249226
8695,175,28,-0.3,0.5,0.09459930658340454,0.2625396251678467,0.4605388608701012
8696,175,29,-0.3,0.5,-0.12536092102527618,0.10340538620948792,0.43334293070590785
8697,175,30,-0.3,0.5,0.10093650221824646,0.26445528864860535,0.46500687076280256
8698,175,31,-0.3,0.5,0.1034756451845169,0.26305100321769714,0.46790749441871726
8699,175,32,-0.3,0.5,0.10902175307273865,0.2576890289783478,0.47540866753158
8700,175,33,-0.3,0.5,0.07592885196208954,0.238907128572464,0.45770294869905576
8701,175,34,-0.3,0.5,0.08233307301998138,0.25621601939201355,0.45344151544160305
8702,175,35,-0.3,0.5,0.11613176763057709,0.27131181955337524,0.4748304243699393
8703,175,36,-0.3,0.5,0.022556427866220474,0.21914951503276825,0.4276910614732854
8704,175,37,-0.3,0.5,0.07487201690673828,0.25594156980514526,0.4473181713376986
8705,175,38,-0.3,0.5,0.06718318164348602,0.24401997029781342,0.44760391473731054
8706,175,39,-0.3,0.5,0.10260012745857239,0.2535869777202606,0.4720235589233805
8707,175,40,-0.3,0.5,0.08410683274269104,0.23163267970085144,0.4685713153450256
8708,175,41,-0.3,0.5,0.0551404245197773,0.23143652081489563,0.44525393145944886
8709,175,42,-0.3,0.5,0.06877963244915009,0.2366020381450653,0.4531852861895053
8710,175,43,-0.3,0.5,-0.1502780318260193,0.07223319262266159,0.45321199150915176
8711,175,44,-0.3,0.5,0.07706667482852936,0.25184202194213867,0.45139966696931655
8712,175,45,-0.3,0.5,0.07616983354091644,0.2571159601211548,0.44776824417779926
8713,175,46,-0.3,0.5,0.10944172739982605,0.2630491256713867,0.4730626226846164
8714,175,47,-0.3,0.5,0.09833979606628418,0.25128212571144104,0.46961172698384385
8715,175,48,-0.3,0.5,0.12064874172210693,0.27364832162857056,0.47768236958668975
8716,175,49,-0.3,0.5,0.12859773635864258,0.3217655420303345,0.46418050542810707
8717,176,0,-0.2,0.5,-0.05113234370946884,0.1937846541404724,0.3404840923292978
8718,176,1,-0.2,0.5,-0.03985782712697983,0.20683832466602325,0.33404982175884523
8719,176,2,-0.2,0.5,-0.051128823310136795,0.18945245444774628,0.34438699931552813
8720,176,3,-0.2,0.5,-0.06008915603160858,0.17948465049266815,0.34972150853179546
8721,176,4,-0.2,0.5,-0.04989508166909218,0.19599486887454987,0.339043664234757
8722,176,5,-0.2,0.5,-0.02218988910317421,0.22932356595993042,0.3238551643586831
8723,176,6,-0.2,0.5,-0.04923710227012634,0.1895635575056076,0.3451090206883653
8724,176,7,-0.2,0.5,-0.0562458261847496,0.1825793832540512,0.34845532055729
8725,176,8,-0.2,0.5,-0.053435228765010834,0.18724948167800903,0.345389807142363
8726,176,9,-0.2,0.5,-0.05249032378196716,0.18843689560890198,0.3447182510337495
8727,176,10,-0.2,0.5,-0.045939818024635315,0.1976792961359024,0.3393115790172299
8728,176,11,-0.2,0.5,-0.02242271974682808,0.22742301225662231,0.3253181592062869
8729,176,12,-0.2,0.5,-0.0472041592001915,0.20051266252994537,0.3362130786727709
8730,176,13,-0.2,0.5,-0.061252761632204056,0.1743997037410736,0.3539298646322328
8731,176,14,-0.2,0.5,-0.05060167983174324,0.19729815423488617,0.3375622394443782
8732,176,15,-0.2,0.5,-0.0349796898663044,0.21121835708618164,0.33260568251403216
8733,176,16,-0.2,0.5,-0.06179690361022949,0.18420644104480743,0.3447109915992046
8734,176,17,-0.2,0.5,-0.029709096997976303,0.2214461863040924,0.3264831064079412
8735,176,18,-0.2,0.5,-0.06315268576145172,0.1739947497844696,0.3535627392449529
8736,176,19,-0.2,0.5,-0.04669502004981041,0.1972866803407669,0.3393195702824125
8737,176,20,-0.2,0.5,-0.04552337899804115,0.20613612234592438,0.33199247736367815
8738,176,21,-0.2,0.5,-0.0496266633272171,0.1941550374031067,0.3408126780623062
8739,176,22,-0.2,0.5,-0.05801919102668762,0.18071523308753967,0.3494299822554732
8740,176,23,-0.2,0.5,-0.011358164250850677,0.24245749413967133,0.3192395409713942
8741,176,24,-0.2,0.5,-0.034753166139125824,0.2158259004354477,0.32872699153608825
8742,176,25,-0.2,0.5,-0.05471042916178703,0.19330574572086334,0.3393676840864313
8743,176,26,-0.2,0.5,-0.051925819367170334,0.18962229788303375,0.3438899256179106
8744,176,27,-0.2,0.5,-0.032241400331258774,0.21803836524486542,0.32809344893887304
8745,176,28,-0.2,0.5,-0.036361511796712875,0.2131679356098175,0.33022747914701334
8746,176,29,-0.2,0.5,-0.0317661389708519,0.21667130291461945,0.32951143013387874
8747,176,30,-0.2,0.5,-0.05848556011915207,0.18128567934036255,0.3487193067329716
8748,176,31,-0.2,0.5,-0.0060795024037361145,0.24778415262699127,0.3181477534952391
8749,176,32,-0.2,0.5,-0.02495412528514862,0.22955375909805298,0.3221524910235546
8750,176,33,-0.2,0.5,-0.08397887647151947,0.11323408782482147,0.403792981520864
8751,176,34,-0.2,0.5,-0.025302033871412277,0.22670120000839233,0.32436339720492197
8752,176,35,-0.2,0.5,-0.040273167192935944,0.20634867250919342,0.3342809645428359
8753,176,36,-0.2,0.5,0.09806536138057709,0.3455515503883362,0.3357041602994826
8754,176,37,-0.2,0.5,-0.06869804859161377,0.1696227639913559,0.3555127571780815
8755,176,38,-0.2,0.5,0.009165290743112564,0.2674586772918701,0.3127708196403517
8756,176,39,-0.2,0.5,-0.05816372111439705,0.18133781850337982,0.3488024024061466
8757,176,40,-0.2,0.5,-0.05588210001587868,0.1908688247203827,0.3410748490076492
8758,176,41,-0.2,0.5,-0.057337015867233276,0.18566934764385223,0.34519050689772374
8759,176,42,-0.2,0.5,-0.01945914328098297,0.2205152064561844,0.3327262399737446
8760,176,43,-0.2,0.5,-0.02870982512831688,0.21866479516029358,0.32937793109097546
8761,176,44,-0.2,0.5,-0.06310269236564636,0.12938588857650757,0.39508947394705385
8762,176,45,-0.2,0.5,-0.040985796600580215,0.2064618021249771,0.33384156495929046
8763,176,46,-0.2,0.5,-0.045522645115852356,0.19921128451824188,0.33813770054989273
8764,176,47,-0.2,0.5,-0.06794764846563339,0.17504467070102692,0.3507617276522055
8765,176,48,-0.2,0.5,-0.05068863928318024,0.19859786331653595,0.33635863365828117
8766,176,49,-0.2,0.5,-0.042397718876600266,0.20964762568473816,0.3303679468196166
8767,177,0,-0.1,0.5,-0.12518443167209625,0.18780994415283203,0.3132042250170076
8768,177,1,-0.1,0.5,-0.14057877659797668,0.20768362283706665,0.2951194698217161
8769,177,2,-0.1,0.5,-0.12098163366317749,0.16292883455753326,0.3377235548846402
8770,177,3,-0.1,0.5,-0.12434513866901398,0.18337690830230713,0.31755766086337633
8771,177,4,-0.1,0.5,-0.12547273933887482,0.18682877719402313,0.3142054666030129
8772,177,5,-0.1,0.5,-0.12249398976564407,0.19990642368793488,0.3009354318111148
8773,177,6,-0.1,0.5,-0.12906864285469055,0.1600056290626526,0.3412347553613145
8774,177,7,-0.1,0.5,-0.10746441781520844,0.27659735083580017,0.22352731642218263
8775,177,8,-0.1,0.5,-0.11980415880680084,0.17100638151168823,0.3295891468359931
8776,177,9,-0.1,0.5,-0.11393378674983978,0.1642182171344757,0.3360707605810718
8777,177,10,-0.1,0.5,-0.12948542833328247,0.18787643313407898,0.31351317592264316
8778,177,11,-0.1,0.5,-0.13479207456111908,0.19542144238948822,0.306559270302443
8779,177,12,-0.1,0.5,-0.15211601555347443,0.2513006925582886,0.25410120936185426
8780,177,13,-0.1,0.5,-0.1273191273212433,0.1567779928445816,0.3443075382755777
8781,177,14,-0.1,0.5,-0.14370207488536835,0.19372819364070892,0.3093740304548354
8782,177,15,-0.1,0.5,-0.13999132812023163,0.22027555108070374,0.28256870606637247
8783,177,16,-0.1,0.5,-0.11659064888954163,0.1681448370218277,0.3322696176689126
8784,177,17,-0.1,0.5,-0.12504707276821136,0.18115803599357605,0.31982425465516184
8785,177,18,-0.1,0.5,-0.125267893075943,0.16951557993888855,0.3314489679024909
8786,177,19,-0.1,0.5,-0.14499783515930176,0.21708281338214874,0.2864732791252681
8787,177,20,-0.1,0.5,-0.13494527339935303,0.15545956790447235,0.34630807308165434
8788,177,21,-0.1,0.5,-0.1393655240535736,0.20573221147060394,0.29688916425156686
8789,177,22,-0.1,0.5,-0.14119292795658112,0.19525231420993805,0.3075191202316279
8790,177,23,-0.1,0.5,-0.12169793248176575,0.1718883365392685,0.3288283199071388
8791,177,24,-0.1,0.5,-0.14498010277748108,0.21091409027576447,0.2925643054901975
8792,177,25,-0.1,0.5,-0.14658160507678986,0.23712560534477234,0.2669696486435909
8793,177,26,-0.1,0.5,-0.1406073123216629,0.19546745717525482,0.30722796658718154
8794,177,27,-0.1,0.5,-0.12036053091287613,0.17331355810165405,0.32732030572400417
8795,177,28,-0.1,0.5,-0.15911564230918884,0.2523444592952728,0.2546132871775916
8796,177,29,-0.1,0.5,-0.12116429209709167,0.20082636177539825,0.29992131146104956
8797,177,30,-0.1,0.5,-0.12624625861644745,0.18724629282951355,0.3138530666414522
8798,177,31,-0.1,0.5,-0.11747124791145325,0.1711236834526062,0.32934006147045797
8799,177,32,-0.1,0.5,-0.1655801385641098,0.16790275275707245,0.33851046689935305
8800,177,33,-0.1,0.5,-0.12426717579364777,0.17106328904628754,0.3298306468993535
8801,177,34,-0.1,0.5,-0.19389505684375763,0.26941776275634766,0.24896676451281693
8802,177,35,-0.1,0.5,-0.17682111263275146,0.2555827498435974,0.2562055337422503
8803,177,36,-0.1,0.5,-0.11454969644546509,0.1710941642522812,0.3292274934685142
8804,177,37,-0.1,0.5,-0.16294832527637482,0.16680032014846802,0.3390936718788242
8805,177,38,-0.1,0.5,-0.16715236008167267,0.2302398830652237,0.27799273399353946
8806,177,39,-0.1,0.5,-0.13423609733581543,0.1790020912885666,0.3228184749327417
8807,177,40,-0.1,0.5,-0.13211743533611298,0.1908605843782425,0.3108033267896776
8808,177,41,-0.1,0.5,-0.14747442305088043,0.21710319817066193,0.2868526125543948
8809,177,42,-0.1,0.5,-0.15185295045375824,0.22574710845947266,0.27911176433303586
8810,177,43,-0.1,0.5,-0.14654621481895447,0.2089531570672989,0.29474533905570865
8811,177,44,-0.1,0.5,-0.1365261971950531,0.19212840497493744,0.3100307760607131
8812,177,45,-0.1,0.5,-0.15851953625679016,0.22757233679294586,0.27864200653197624
8813,177,46,-0.1,0.5,-0.11586833000183105,0.16588003933429718,0.33449656502316705
8814,177,47,-0.1,0.5,-0.1191636323928833,0.18019507825374603,0.3203785772794698
8815,177,48,-0.1,0.5,-0.13141222298145294,0.1961347907781601,0.30548452191243514
8816,177,49,-0.1,0.5,-0.12915004789829254,0.19388966262340546,0.3074951445816426
8817,178,0,0.0,0.5,-0.06185212358832359,-0.09263114631175995,0.5958501160284991
8818,178,1,0.0,0.5,-0.08172332495450974,-0.08894986659288406,0.5945928415322508
8819,178,2,0.0,0.5,-0.07588620483875275,-0.0871056541800499,0.5919896665103315
8820,178,3,0.0,0.5,-0.07011730968952179,-0.07380639761686325,0.5780745791540552
8821,178,4,0.0,0.5,-0.08013363182544708,-0.09113479405641556,0.5965414853081529
8822,178,5,0.0,0.5,-0.0662025511264801,-0.11217910796403885,0.6157483560703192
8823,178,6,0.0,0.5,-0.07275015860795975,-0.0835280567407608,0.5880455582530421
8824,178,7,0.0,0.5,-0.07234230637550354,-0.08329422026872635,0.5877631807885116
8825,178,8,0.0,0.5,-0.08405662328004837,-0.09220517426729202,0.5981408566100443
8826,178,9,0.0,0.5,-0.07336673885583878,-0.09423495084047318,0.5987469041011573
8827,178,10,0.0,0.5,-0.07967635989189148,-0.08937638252973557,0.5947376250158211
8828,178,11,0.0,0.5,-0.08737904578447342,-0.09538494050502777,0.6017626816464947
8829,178,12,0.0,0.5,-0.06645293533802032,-0.06905864924192429,0.5729255962968337
8830,178,13,0.0,0.5,-0.08082088828086853,-0.0959893986582756,0.6014444108108093
8831,178,14,0.0,0.5,-0.06787394732236862,-0.08099254965782166,0.5849437712148203
8832,178,15,0.0,0.5,-0.11353771388530731,-0.11981196701526642,0.6301251359290753
8833,178,16,0.0,0.5,-0.07642848044633865,-0.08504219353199005,0.5900132886944657
8834,178,17,0.0,0.5,-0.08428657054901123,-0.09523757547140121,0.6011755128313074
8835,178,18,0.0,0.5,-0.09102074056863785,-0.10559342801570892,0.6123954402748937
8836,178,19,0.0,0.5,-0.08373438566923141,-0.08643434941768646,0.5923822191122458
8837,178,20,0.0,0.5,-0.08287686109542847,-0.08882864564657211,0.594632447852459
8838,178,21,0.0,0.5,-0.08263713121414185,-0.08964477479457855,0.5954073025231154
8839,178,22,0.0,0.5,-0.07519849389791489,-0.08505553752183914,0.5898684560726085
8840,178,23,0.0,0.5,-0.07856438308954239,-0.08441095054149628,0.5896681451486553
8841,178,24,0.0,0.5,-0.08331690728664398,-0.09532618522644043,0.6011280844013839
8842,178,25,0.0,0.5,-0.117308609187603,-0.11315193772315979,0.6242728638369567
8843,178,26,0.0,0.5,-0.08511129021644592,-0.10617034137248993,0.6121163406428136
8844,178,27,0.0,0.5,-0.07568342983722687,-0.08640574663877487,0.5912695504107289
8845,178,28,0.0,0.5,-0.08666159212589264,-0.09692806005477905,0.6031859915735415
8846,178,29,0.0,0.5,-0.06892820447683334,-0.09351135790348053,0.5975004847971536
8847,178,30,0.0,0.5,-0.0829659178853035,-0.10104583948850632,0.6067449585262281
8848,178,31,0.0,0.5,-0.07035845518112183,-0.07533839344978333,0.5796245156934372
8849,178,32,0.0,0.5,-0.080146923661232,-0.10034976154565811,0.6056759575551005
8850,178,33,0.0,0.5,-0.07658975571393967,-0.10299398750066757,0.6078385802515962
8851,178,34,0.0,0.5,-0.08353644609451294,-0.08761203289031982,0.5935202094483353
8852,178,35,0.0,0.5,-0.08906455338001251,-0.09597782790660858,0.6025961052189602
8853,178,36,0.0,0.5,-0.08248521387577057,-0.08637278527021408,0.5921459733998705
8854,178,37,0.0,0.5,-0.11696810275316238,-0.09736340492963791,0.6087072979772831
8855,178,38,0.0,0.5,-0.07816336303949356,-0.08177317678928375,0.5870004604369053
8856,178,39,0.0,0.5,-0.07361571490764618,-0.08128159493207932,0.5859245395852146
8857,178,40,0.0,0.5,-0.08572495728731155,-0.11325801908969879,0.6192206119629197
8858,178,41,0.0,0.5,-0.06757115572690964,-0.07007315754890442,0.5740638170482862
8859,178,42,0.0,0.5,-0.06669655442237854,-0.0878082886338234,0.591580099866824
8860,178,43,0.0,0.5,-0.0857313722372055,-0.10253497958183289,0.6086035407433595
8861,178,44,0.0,0.5,-0.0993301123380661,-0.0978710949420929,0.6060662648459737
8862,178,45,0.0,0.5,-0.08290509879589081,-0.08795619010925293,0.5937724622228151
8863,178,46,0.0,0.5,-0.07684207707643509,-0.105387844145298,0.610245152908495
8864,178,47,0.0,0.5,-0.0829184502363205,-0.08976949006319046,0.5955699126038763
8865,178,48,0.0,0.5,-0.08077610284090042,-0.0879526436328888,0.5934754333121688
8866,178,49,0.0,0.5,-0.07603754848241806,-0.08093932271003723,0.5858943637295146
8867,179,0,0.1,0.5,-0.10471968352794647,-0.15387238562107086,0.6851709607839295
8868,179,1,0.1,0.5,-0.13288861513137817,-0.16579720377922058,0.70535311980457
8869,179,2,0.1,0.5,-0.11667847633361816,-0.15977220237255096,0.6944414454291914
8870,179,3,0.1,0.5,-0.1201845109462738,-0.16418054699897766,0.6997263878635069
8871,179,4,0.1,0.5,-0.11247594654560089,-0.16438615322113037,0.6975349370837424
8872,179,5,0.1,0.5,-0.09285438805818558,-0.16600561141967773,0.6933659130904807
8873,179,6,0.1,0.5,-0.14566786587238312,-0.16357307136058807,0.7075888081062442
8874,179,7,0.1,0.5,-0.17024178802967072,-0.18200801312923431,0.7335976785472806
8875,179,8,0.1,0.5,-0.12291301786899567,-0.16700465977191925,0.7032676799717992
8876,179,9,0.1,0.5,-0.14091935753822327,-0.15777572989463806,0.7005077070775554
8877,179,10,0.1,0.5,-0.13332444429397583,-0.1456729769706726,0.6865376096728156
8878,179,11,0.1,0.5,-0.09571459889411926,-0.1397571712732315,0.6690242465081613
8879,179,12,0.1,0.5,-0.13802409172058105,-0.1624859869480133,0.7039482588528015
8880,179,13,0.1,0.5,-0.13309521973133087,-0.166005939245224,0.7056183760160377
8881,179,14,0.1,0.5,-0.09984239935874939,-0.16778865456581116,0.6970499779415233
8882,179,15,0.1,0.5,-0.11401485651731491,-0.16453468799591064,0.6981466252585836
8883,179,16,0.1,0.5,-0.13607417047023773,-0.158792644739151,0.6998133770696414
8884,179,17,0.1,0.5,-0.12961478531360626,-0.16214565932750702,0.700827955921332
8885,179,18,0.1,0.5,-0.10121982544660568,-0.1498117595911026,0.6802534388414714
8886,179,19,0.1,0.5,-0.10747404396533966,-0.1627461314201355,0.6944623198069765
8887,179,20,0.1,0.5,-0.09933300316333771,-0.13673043251037598,0.667202585302969
8888,179,21,0.1,0.5,-0.10777539014816284,-0.15887872874736786,0.690863077568174
8889,179,22,0.1,0.5,-0.1040438860654831,-0.13568200170993805,0.6676267780269584
8890,179,23,0.1,0.5,-0.16278241574764252,-0.1775466352701187,0.7267214328695873
8891,179,24,0.1,0.5,-0.14591559767723083,-0.17009811103343964,0.7137968615730484
8892,179,25,0.1,0.5,-0.09708237648010254,-0.16827945411205292,0.6967344486297117
8893,179,26,0.1,0.5,-0.10921446979045868,-0.12900768220424652,0.6628886472414964
8894,179,27,0.1,0.5,-0.06971258670091629,-0.11179102212190628,0.6348941776656034
8895,179,28,0.1,0.5,-0.10394421964883804,-0.16369901597499847,0.6943267447926479
8896,179,29,0.1,0.5,-0.1599770486354828,-0.16722100973129272,0.7160809602580298
8897,179,30,0.1,0.5,-0.13534483313560486,-0.17020393908023834,0.7103242290970325
8898,179,31,0.1,0.5,-0.11620007455348969,-0.15195848047733307,0.6868714090011664
8899,179,32,0.1,0.5,-0.10215027630329132,-0.14797601103782654,0.6787765796563627
8900,179,33,0.1,0.5,-0.10268507152795792,-0.16377650201320648,0.6940320474194126
8901,179,34,0.1,0.5,-0.10966545343399048,-0.15629461407661438,0.6889718592436509
8902,179,35,0.1,0.5,-0.08905713260173798,-0.12661638855934143,0.654515620744641
8903,179,36,0.1,0.5,-0.12275390326976776,-0.16858480870723724,0.7047162179601163
8904,179,37,0.1,0.5,-0.12201739847660065,-0.15941917896270752,0.69579118908633
8905,179,38,0.1,0.5,0.005000818520784378,-0.044302430003881454,0.5525305238535254
8906,179,39,0.1,0.5,-0.10516129434108734,-0.16341529786586761,0.6944141517409969
8907,179,40,0.1,0.5,-0.11031676828861237,-0.1610979288816452,0.6937460735708467
8908,179,41,0.1,0.5,-0.11813873052597046,-0.17100487649440765,0.7055721437491401
8909,179,42,0.1,0.5,-0.09809157252311707,-0.16960325837135315,0.6982899073638502
8910,179,43,0.1,0.5,-0.1049000471830368,-0.16505849361419678,0.695907198744197
8911,179,44,0.1,0.5,-0.10635297000408173,-0.1606711745262146,0.6921473463644525
8912,179,45,0.1,0.5,-0.12310867011547089,-0.1629369854927063,0.6994733200164612
8913,179,46,0.1,0.5,-0.11100344359874725,-0.1452305167913437,0.6788555612273897
8914,179,47,0.1,0.5,-0.09075905382633209,-0.13861392438411713,0.6664958822333416
8915,179,48,0.1,0.5,-0.09030508995056152,-0.13293936848640442,0.6609298536464061
8916,180,0,0.2,0.5,-0.17457139492034912,0.23271611332893372,0.46015693623650566
8917,180,1,0.2,0.5,-0.24304014444351196,0.1893727332353592,0.5410858235494618
8918,180,2,0.2,0.5,-0.248076930642128,0.13543274998664856,0.5776523310400191
8919,180,3,0.2,0.5,-0.18162092566490173,0.17967696487903595,0.4982382740561416
8920,180,4,0.2,0.5,-0.18245908617973328,0.21937458217144012,0.4743686095568408
8921,180,5,0.2,0.5,-0.2187684327363968,0.1331327259540558,0.556739254069982
8922,180,6,0.2,0.5,-0.19095249474048615,0.2018088400363922,0.4916928116459013
8923,180,7,0.2,0.5,-0.17785818874835968,0.13938675820827484,0.5223205155455108
8924,180,8,0.2,0.5,-0.20825409889221191,0.21353143453598022,0.4987340456208152
8925,180,9,0.2,0.5,-0.21638672053813934,0.13095512986183167,0.556391963651349
8926,180,10,0.2,0.5,-0.21914875507354736,0.15087059140205383,0.5455062078727027
8927,180,11,0.2,0.5,-0.22204986214637756,0.13613636791706085,0.55724575268939
8928,180,12,0.2,0.5,-0.20605528354644775,0.14026787877082825,0.5424832645713834
8929,180,13,0.2,0.5,-0.1543097198009491,0.19098101556301117,0.47013626778615475
8930,180,14,0.2,0.5,-0.17138898372650146,0.21110446751117706,0.4705214191993858
8931,180,15,0.2,0.5,-0.17805232107639313,0.15541060268878937,0.5115324136460481
8932,180,16,0.2,0.5,-0.20150522887706757,0.20148895680904388,0.5003151923763451
8933,180,17,0.2,0.5,-0.19676636159420013,0.18934912979602814,0.503912203514843
8934,180,18,0.2,0.5,-0.18322555720806122,0.20481349527835846,0.4837322609328519
8935,180,19,0.2,0.5,-0.16388744115829468,0.14925439655780792,0.5054073091742529
8936,180,20,0.2,0.5,-0.18605875968933105,0.2378780096769333,0.46663615777583134
8937,180,21,0.2,0.5,-0.19730694591999054,0.2390282303094864,0.47535152661127406
8938,180,22,0.2,0.5,-0.1812359243631363,0.14689859747886658,0.5196358633576078
8939,180,23,0.2,0.5,-0.12458647787570953,0.3208218812942505,0.37075757557019673
8940,180,24,0.2,0.5,-0.2725940942764282,0.15180884301662445,0.5870112943942214
8941,180,25,0.2,0.5,-0.19087889790534973,0.19103235006332397,0.49824423883783464
8942,180,26,0.2,0.5,-0.17957854270935059,0.21807394921779633,0.47282361213776536
8943,180,27,0.2,0.5,-0.2233712375164032,0.19792142510414124,0.5200910210408209
8944,180,28,0.2,0.5,-0.22496198117733002,0.20403023064136505,0.517871402782935
8945,180,29,0.2,0.5,-0.2201310098171234,0.17498792707920074,0.531171265181232
8946,180,30,0.2,0.5,-0.19110587239265442,0.19570744037628174,0.4955378545200895
8947,180,31,0.2,0.5,-0.1724717766046524,0.14323154091835022,0.5157702567641148
8948,180,32,0.2,0.5,-0.2493574321269989,0.17055152356624603,0.5571879399558933
8949,180,33,0.2,0.5,-0.1665496677160263,0.1751258820295334,0.48979776584812834
8950,180,34,0.2,0.5,-0.03694181889295578,0.25101202726364136,0.34370981380761295
8951,180,35,0.2,0.5,-0.19401057064533234,0.14614252746105194,0.5295842148817437
8952,180,36,0.2,0.5,-0.23310412466526031,0.13498178124427795,0.5664075236308761
8953,180,37,0.2,0.5,-0.21774977445602417,0.13152635097503662,0.5570347422592518
8954,180,38,0.2,0.5,-0.19431839883327484,0.18936975300312042,0.5019742523354958
8955,180,39,0.2,0.5,-0.22794924676418304,0.18387573957443237,0.5320480296323291
8956,180,40,0.2,0.5,-0.16696488857269287,0.2920960485935211,0.42176685793883384
8957,180,41,0.2,0.5,-0.2364169955253601,0.13983993232250214,0.5658401437975589
8958,180,42,0.2,0.5,-0.25240492820739746,0.17374718189239502,0.5577733593400588
8959,180,43,0.2,0.5,-0.19304347038269043,0.1977187842130661,0.4958397957285153
8960,180,44,0.2,0.5,-0.22668850421905518,0.13713131844997406,0.5601220935497445
8961,180,45,0.2,0.5,-0.2016882747411728,0.15505525469779968,0.5294717625862023
8962,180,46,0.2,0.5,-0.18436388671398163,0.20391567051410675,0.4851819530619307
8963,180,47,0.2,0.5,-0.19125528633594513,0.2470051795244217,0.46592604378086927
8964,180,48,0.2,0.5,-0.2021903693675995,0.15201441943645477,0.5318374352113564
8965,180,49,0.2,0.5,-0.20503246784210205,0.13591118156909943,0.5446209394732016
8966,181,0,0.3,0.5,-0.08691471070051193,0.20074723660945892,0.48913720953668616
8967,181,1,0.3,0.5,-0.04885319247841835,0.19775702059268951,0.4615727120437172
8968,181,2,0.3,0.5,-0.07007212191820145,0.19062916934490204,0.4823522429524563
8969,181,3,0.3,0.5,-0.22750096023082733,0.11393123120069504,0.6536867424742956
8970,181,4,0.3,0.5,-0.24279499053955078,0.12594899535179138,0.659196902172003
8971,181,5,0.3,0.5,-0.06659728288650513,0.18979434669017792,0.48023027306193616
8972,181,6,0.3,0.5,-0.06256378442049026,0.18867285549640656,0.4778881549882452
8973,181,7,0.3,0.5,-0.07554720342159271,0.19024144113063812,0.48681214733262673
8974,181,8,0.3,0.5,-0.08376163989305496,0.19328901171684265,0.49126838549517704
8975,181,9,0.3,0.5,-0.22061406075954437,0.10630016028881073,0.6527162967546917
8976,181,10,0.3,0.5,-0.06385916471481323,0.19645217061042786,0.47385100661925617
8977,181,11,0.3,0.5,-0.07989323884248734,0.1843559890985489,0.49391296251079553
8978,181,12,0.3,0.5,-0.0919150710105896,0.19213150441646576,0.49837780193153075
8979,181,13,0.3,0.5,-0.05389409512281418,0.1897682249546051,0.4706217003184319
8980,181,14,0.3,0.5,-0.07583456486463547,0.19196560978889465,0.48593909669805063
8981,181,15,0.3,0.5,-0.19485512375831604,0.1746835857629776,0.5922097287970641
8982,181,16,0.3,0.5,-0.06851839274168015,0.19753918051719666,0.47674768285867963
8983,181,17,0.3,0.5,-0.09031026810407639,0.1884852945804596,0.4993831365595949
8984,181,18,0.3,0.5,-0.09584695100784302,0.18810807168483734,0.5039557357252283
8985,181,19,0.3,0.5,-0.07656323164701462,0.17979909479618073,0.49429595094618006
8986,181,20,0.3,0.5,-0.06913473457098007,0.18295738101005554,0.4865968295445327
8987,181,21,0.3,0.5,-0.07347133755683899,0.1925060749053955,0.48376993906874843
8988,181,22,0.3,0.5,-0.0788063257932663,0.1932523250579834,0.4874303730209344
8989,181,23,0.3,0.5,-0.08586983382701874,0.188819020986557,0.49571073254213077
8990,181,24,0.3,0.5,-0.10066629946231842,0.18046581745147705,0.5124798311560963
8991,181,25,0.3,0.5,-0.05762296915054321,0.19379357993602753,0.4708041628452794
8992,181,26,0.3,0.5,-0.07630982995033264,0.18822990357875824,0.48868157438127197
8993,181,27,0.3,0.5,-0.09157925844192505,0.18450382351875305,0.5028639508020176
8994,181,28,0.3,0.5,-0.10938186198472977,0.17430636286735535,0.5231346425068552
8995,181,29,0.3,0.5,-0.07676096260547638,0.19314244389533997,0.48591190835575304
8996,181,30,0.3,0.5,-0.05214212089776993,0.19628342986106873,0.4650245458976719
8997,181,31,0.3,0.5,-0.08414408564567566,0.18296152353286743,0.49807637375923863
8998,181,32,0.3,0.5,-0.07894246280193329,0.199961856007576,0.4833428161924134
8999,181,33,0.3,0.5,-0.08112239837646484,0.1831022948026657,0.49565959902292356
9000,181,34,0.3,0.5,-0.06765343248844147,0.19083425402641296,0.48036705226726106
9001,181,35,0.3,0.5,-0.06907711923122406,0.19801491498947144,0.4768782984251174
9002,181,36,0.3,0.5,-0.07655175030231476,0.197087362408638,0.4832673035373825
9003,181,37,0.3,0.5,-0.06724459677934647,0.18688571453094482,0.48260661995917725
9004,181,38,0.3,0.5,-0.06415589153766632,0.1971541792154312,0.4736297124424013
9005,181,39,0.3,0.5,-0.061611607670784,0.20392242074012756,0.46735948448986786
9006,181,40,0.3,0.5,-0.06969257444143295,0.187931627035141,0.48379672281038527
9007,181,41,0.3,0.5,-0.07374488562345505,0.20030228793621063,0.479065713807573
9008,181,42,0.3,0.5,-0.0944109559059143,0.19158735871315002,0.5006778998958794
9009,181,43,0.3,0.5,-0.06867426633834839,0.20237305760383606,0.4738169599119568
9010,181,44,0.3,0.5,-0.07508827745914459,0.20373095571994781,0.4779817595744463
9011,181,45,0.3,0.5,-0.05910593643784523,0.2113509178161621,0.4607335089077782
9012,181,46,0.3,0.5,-0.0784638375043869,0.20279720425605774,0.48121136530277675
9013,181,47,0.3,0.5,-0.06484097242355347,0.200731560587883,0.4718797876441923
9014,181,48,0.3,0.5,-0.07009091973304749,0.20968477427959442,0.4703724260136249
9015,182,0,0.4,0.5,-0.21875599026679993,0.2064688354730606,0.6848499982036865
9016,182,1,0.4,0.5,-0.18892543017864227,0.22257587313652039,0.6509971647227528
9017,182,2,0.4,0.5,-0.22219258546829224,0.20575828850269318,0.6882599786393093
9018,182,3,0.4,0.5,-0.19882400333881378,0.23217451572418213,0.6559883207819328
9019,182,4,0.4,0.5,-0.1921064704656601,0.24081207811832428,0.6463500995719296
9020,182,5,0.4,0.5,-0.19899779558181763,0.24224509298801422,0.6521011817200107
9021,182,6,0.4,0.5,-0.2228235900402069,0.20787887275218964,0.6879273052402435
9022,182,7,0.4,0.5,-0.2199622541666031,0.22047112882137299,0.6800658691727833
9023,182,8,0.4,0.5,-0.23188962042331696,0.19279305636882782,0.7026098480763914
9024,182,9,0.4,0.5,-0.2142755389213562,0.22423908114433289,0.6733338860366709
9025,182,10,0.4,0.5,-0.20208440721035004,0.21347099542617798,0.6667867004281833
9026,182,11,0.4,0.5,-0.17213070392608643,0.24828298389911652,0.6250559963472806
9027,182,12,0.4,0.5,-0.2295350283384323,0.2064152956008911,0.6946267562959139
9028,182,13,0.4,0.5,-0.1879175305366516,0.22750647366046906,0.6479967165111775
9029,182,14,0.4,0.5,-0.2026975452899933,0.23035576939582825,0.6602668719515612
9030,182,15,0.4,0.5,-0.1914384961128235,0.22888194024562836,0.6506185495427973
9031,182,16,0.4,0.5,-0.10968101024627686,0.2551336884498596,0.5654504777059046
9032,182,17,0.4,0.5,-0.21380747854709625,0.1705479621887207,0.6966335234097973
9033,182,18,0.4,0.5,-0.21318736672401428,0.21720333397388458,0.6752575071966376
9034,182,19,0.4,0.5,-0.2079222947359085,0.23174168169498444,0.6644787745118785
9035,182,20,0.4,0.5,-0.23126056790351868,0.20573236048221588,0.6964792518497888
9036,182,21,0.4,0.5,-0.21553543210029602,0.22283139824867249,0.6750602209934193
9037,182,22,0.4,0.5,-0.21110562980175018,0.21746738255023956,0.6732568385827258
9038,182,23,0.4,0.5,-0.21845439076423645,0.20996572077274323,0.6830854387135165
9039,182,24,0.4,0.5,-0.17029865086078644,0.2367827296257019,0.6281113616206362
9040,182,25,0.4,0.5,-0.2082112431526184,0.23073695600032806,0.6651492337522632
9041,182,26,0.4,0.5,-0.22984275221824646,0.20090509951114655,0.6972514983994603
9042,182,27,0.4,0.5,-0.2079533189535141,0.22888366878032684,0.6656660597331133
9043,182,28,0.4,0.5,-0.1889333426952362,0.24765212833881378,0.6407198533447478
9044,182,29,0.4,0.5,-0.2096513956785202,0.21175311505794525,0.6743597637252432
9045,182,30,0.4,0.5,-0.17836517095565796,0.23096071183681488,0.6378780522560099
9046,182,31,0.4,0.5,-0.2045143097639084,0.22072140872478485,0.6659084638702254
9047,182,32,0.4,0.5,-0.1913302093744278,0.2307816445827484,0.6497306668246268
9048,182,33,0.4,0.5,-0.2110162228345871,0.16525021195411682,0.6967052785531408
9049,182,34,0.4,0.5,-0.20993974804878235,0.22279180586338043,0.6699782676671668
9050,182,35,0.4,0.5,-0.20968319475650787,0.20952482521533966,0.6753439309971483
9051,182,36,0.4,0.5,-0.19462260603904724,0.22931265830993652,0.6533358099506724
9052,182,37,0.4,0.5,-0.17308944463729858,0.2706667184829712,0.6172724403098329
9053,182,38,0.4,0.5,-0.19707591831684113,0.24282126128673553,0.6501081109169803
9054,182,39,0.4,0.5,-0.21930357813835144,0.22021201252937317,0.679572100536675
9055,182,40,0.4,0.5,-0.21392318606376648,0.1681717336177826,0.6978622190353293
9056,182,41,0.4,0.5,-0.22451162338256836,0.2060602754354477,0.690228461755248
9057,182,42,0.4,0.5,-0.20485778152942657,0.21880261600017548,0.6670269144832496
9058,182,43,0.4,0.5,-0.2028047740459442,0.21834224462509155,0.6653605689965506
9059,182,44,0.4,0.5,-0.21038170158863068,0.21408016979694366,0.6740296513786147
9060,182,45,0.4,0.5,-0.2095802128314972,0.2197675257921219,0.6709085447930757
9061,182,46,0.4,0.5,-0.214005708694458,0.1702837198972702,0.6969331644240827
9062,182,47,0.4,0.5,-0.20358622074127197,0.21809910237789154,0.6661714808882785
9063,182,48,0.4,0.5,-0.20276238024234772,0.22668826580047607,0.6618321472145122
9064,182,49,0.4,0.5,-0.2252058982849121,0.18313375115394592,0.7009184224344609
9065,183,0,0.5,0.5,-0.013874705880880356,0.2510696351528168,0.5709934674644825
9066,183,1,0.5,0.5,-0.07485133409500122,0.25791776180267334,0.6237450331356795
9067,183,2,0.5,0.5,-0.15314489603042603,0.14009571075439453,0.7457408079406547
9068,183,3,0.5,0.5,-0.205336332321167,0.16605249047279358,0.7803975146114315
9069,183,4,0.5,0.5,-0.16369736194610596,0.14162087440490723,0.7542743439336405
9070,183,5,0.5,0.5,-0.012077901512384415,0.22553038597106934,0.580996855621885
9071,183,6,0.5,0.5,-0.12172922492027283,0.2728666663169861,0.6619190134676013
9072,183,7,0.5,0.5,0.03434375301003456,0.3244500458240509,0.49764799484370226
9073,183,8,0.5,0.5,-0.1367236226797104,0.16168440878391266,0.7210231694878223
9074,183,9,0.5,0.5,-0.07568240910768509,0.22403454780578613,0.6384098737964389
9075,183,10,0.5,0.5,-0.0873287171125412,0.18824592232704163,0.6649403182923866
9076,183,11,0.5,0.5,-0.028337758034467697,0.2323937714099884,0.5922447805975645
9077,183,12,0.5,0.5,0.0098983533680439,0.25315043330192566,0.5487570797815567
9078,183,13,0.5,0.5,-0.14104826748371124,0.21927732229232788,0.6998200504581398
9079,183,14,0.5,0.5,0.00395284965634346,0.2723652720451355,0.5457841558117525
9080,183,15,0.5,0.5,0.054390449076890945,0.2680017948150635,0.5023853491921583
9081,183,16,0.5,0.5,-0.03487157076597214,0.23509059846401215,0.5968790398697323
9082,183,17,0.5,0.5,-0.08165353536605835,0.2654653489589691,0.6271581441253654
9083,183,18,0.5,0.5,-0.06894877552986145,0.24094735085964203,0.6251487696569242
9084,183,19,0.5,0.5,-0.05863669887185097,0.25239062309265137,0.6110526694638397
9085,183,20,0.5,0.5,-0.13351795077323914,0.24141031503677368,0.6842613675499333
9086,183,21,0.5,0.5,-0.0037483684718608856,0.2777029275894165,0.5506163883688697
9087,183,22,0.5,0.5,0.01610199734568596,0.3011476695537567,0.5231630016512411
9088,183,23,0.5,0.5,0.026540104299783707,0.30317187309265137,0.5127431953505722
9089,183,24,0.5,0.5,0.09755316376686096,0.37476056814193726,0.42148353619826406
9090,183,25,0.5,0.5,-0.13144023716449738,0.1872076541185379,0.7046671730344652
9091,183,26,0.5,0.5,0.005018133670091629,0.26329484581947327,0.548667821191535
9092,183,27,0.5,0.5,-0.07151638716459274,0.2129502296447754,0.6395534000055475
9093,183,28,0.5,0.5,-0.02261926233768463,0.25026121735572815,0.5792239229546967
9094,183,29,0.5,0.5,0.025635939091444016,0.28616201877593994,0.5203344544575514
9095,183,30,0.5,0.5,0.06115834787487984,0.32899466156959534,0.4709828249645651
9096,183,31,0.5,0.5,-0.08099836111068726,0.2126738727092743,0.6481630960161114
9097,183,32,0.5,0.5,-0.026287168264389038,0.25566765666007996,0.5802382937050311
9098,183,33,0.5,0.5,0.010146018117666245,0.2738964259624481,0.5395180717626913
9099,183,34,0.5,0.5,-0.013850737363100052,0.2627117335796356,0.5659931993137227
9100,183,35,0.5,0.5,0.060618821531534195,0.31714653968811035,0.4759109243759483
9101,183,36,0.5,0.5,0.05141213908791542,0.27784815430641174,0.5005821725778372
9102,183,37,0.5,0.5,0.038427602499723434,0.27642297744750977,0.5128701230795083
9103,183,38,0.5,0.5,-0.06952442973852158,0.23068593442440033,0.6299905888073619
9104,183,39,0.5,0.5,0.005889084190130234,0.27387866377830505,0.5433934631711657
9105,183,40,0.5,0.5,-0.1532125025987625,0.1208828017115593,0.7552591764350931
9106,183,41,0.5,0.5,-0.06826943904161453,0.21489450335502625,0.6357792852601037
9107,183,42,0.5,0.5,-0.07793977856636047,0.24170781672000885,0.6330317840305322
9108,183,43,0.5,0.5,-0.039174214005470276,0.28187525272369385,0.5816246542425528
9109,183,44,0.5,0.5,-0.1518392115831375,0.16817599534988403,0.7314379863114621
9110,183,45,0.5,0.5,0.038203585892915726,0.2854982912540436,0.5091825911567448
9111,183,46,0.5,0.5,-0.131766214966774,0.1274982988834381,0.7334071636602526
9112,183,47,0.5,0.5,0.0070146434009075165,0.26693469285964966,0.5453017506056259
9113,183,48,0.5,0.5,-0.047270119190216064,0.2415158897638321,0.6052426113576742
9114,184,0,-1.0,0.6,-0.34608888626098633,-0.011351902037858963,0.8951820445008407
9115,184,1,-1.0,0.6,-0.10359188914299011,0.23417074978351593,0.9681831136330504
9116,184,2,-1.0,0.6,-0.22401027381420135,0.11619756370782852,0.9144533079978175
9117,184,3,-1.0,0.6,-0.3198107182979584,-0.031826335936784744,0.9283652178564437
9118,184,4,-1.0,0.6,-0.011430907994508743,0.25406113266944885,1.0473502516343356
9119,184,5,-1.0,0.6,-0.388457328081131,-0.025596817955374718,0.8748461683139269
9120,184,6,-1.0,0.6,-0.24038724601268768,0.14222919940948486,0.8868853600626578
9121,184,7,-1.0,0.6,-0.35683393478393555,-0.013312192633748055,0.888715046051731
9122,184,8,-1.0,0.6,-0.34030577540397644,0.08234740048646927,0.8385467689690687
9123,184,9,-1.0,0.6,-0.3333461880683899,0.11083433032035828,0.8268677992013469
9124,184,10,-1.0,0.6,-0.374016135931015,-0.058523405343294144,0.9085751886661148
9125,184,11,-1.0,0.6,-0.09037955850362778,0.027327384799718857,1.0748782590546635
9126,184,12,-1.0,0.6,-0.12238496541976929,0.15667246282100677,0.9832331636709836
9127,184,13,-1.0,0.6,-0.27005189657211304,0.042772747576236725,0.9183280702133119
9128,184,14,-1.0,0.6,-0.3691149353981018,0.0682143047451973,0.825113319741825
9129,184,15,-1.0,0.6,-0.20052647590637207,0.13010171055793762,0.9273415326336144
9130,184,16,-1.0,0.6,-0.337436705827713,0.10173185169696808,0.8290122233102264
9131,184,17,-1.0,0.6,-0.1413210928440094,0.3082316517829895,0.9068948310669154
9132,184,18,-1.0,0.6,-0.1896430402994156,0.10133323073387146,0.9514972143445786
9133,184,19,-1.0,0.6,-0.3517502248287201,0.11968351155519485,0.8068033837816767
9134,184,20,-1.0,0.6,-0.25305166840553284,0.09759531915187836,0.9001901318109753
9135,184,21,-1.0,0.6,-0.10445845127105713,0.12239407747983932,1.0149394478126108
9136,184,22,-1.0,0.6,-0.207803413271904,0.15442076325416565,0.9089093949578506
9137,184,23,-1.0,0.6,-0.18598848581314087,0.10526540130376816,0.9525634196083244
9138,184,24,-1.0,0.6,-0.2328367680311203,0.08969426900148392,0.9213855672707636
9139,184,25,-1.0,0.6,-0.27638155221939087,0.06980671733617783,0.8970666502274275
9140,184,26,-1.0,0.6,-0.33645015954971313,0.07628551125526428,0.8453255328468204
9141,184,27,-1.0,0.6,-0.29180240631103516,0.04483695328235626,0.899861011572152
9142,184,28,-1.0,0.6,-0.18549561500549316,0.134499192237854,0.938140925022723
9143,184,29,-1.0,0.6,0.005034584552049637,0.1538650095462799,1.0996049044328842
9144,184,30,-1.0,0.6,-0.416674941778183,-0.009798141196370125,0.8438731519345987
9145,184,31,-1.0,0.6,-0.3436703383922577,0.02587740868330002,0.8720007881684144
9146,184,32,-1.0,0.6,-0.12630969285964966,0.0953768715262413,1.0089495798015098
9147,184,33,-1.0,0.6,-0.07070568948984146,0.10707518458366394,1.0519328824596081
9148,184,34,-1.0,0.6,-0.32306966185569763,0.02660670503973961,0.8871384071302199
9149,184,35,-1.0,0.6,-0.2383294552564621,0.03791411221027374,0.9466163763543722
9150,184,36,-1.0,0.6,-0.43291810154914856,-0.0026521668769419193,0.8275092227837072
9151,184,37,-1.0,0.6,-0.14316917955875397,0.08379940688610077,1.0003110052324526
9152,184,38,-1.0,0.6,-0.09276600182056427,0.1473517268896103,1.0138855885169995
9153,184,39,-1.0,0.6,-0.22342438995838165,0.11939968913793564,0.9132613738203453
9154,184,40,-1.0,0.6,-0.3038226366043091,-0.08713528513908386,0.9781706504428284
9155,184,41,-1.0,0.6,-0.2997056841850281,0.09550561755895615,0.8630913686727089
9156,184,42,-1.0,0.6,-0.10846051573753357,0.05241778865456581,1.0462738313562756
9157,184,43,-1.0,0.6,-0.28962242603302,-0.008872246369719505,0.9356076688412299
9158,184,44,-1.0,0.6,-0.289776086807251,0.021729595959186554,0.915868258572349
9159,184,45,-1.0,0.6,-0.14236275851726532,0.038702115416526794,1.0249863185506412
9160,184,46,-1.0,0.6,-0.15448765456676483,-0.019291969016194344,1.048052321770228
9161,184,47,-1.0,0.6,-0.2230885624885559,0.024586599320173264,0.9667946852450221
9162,184,48,-1.0,0.6,-0.26703232526779175,-0.01976286806166172,0.959868545599009
9163,185,0,-0.8,0.6,-0.021622996777296066,0.15357737243175507,0.8973092675052973
9164,185,1,-0.8,0.6,-0.1261468231678009,0.03975227475166321,0.876330769500183
9165,185,2,-0.8,0.6,-0.032721929252147675,0.1860758513212204,0.8718077991793827
9166,185,3,-0.8,0.6,0.022577915340662003,0.23407670855522156,0.9002967744182857
9167,185,4,-0.8,0.6,-0.3157947361469269,0.005383561830967665,0.7668268683893718
9168,185,5,-0.8,0.6,0.014621715992689133,0.17447224259376526,0.9190660544759843
9169,185,6,-0.8,0.6,0.01765545830130577,0.22156725823879242,0.90098378926972
9170,185,7,-0.8,0.6,-0.25307536125183105,0.07059184461832047,0.7611829973498145
9171,185,8,-0.8,0.6,-0.0384254977107048,0.21097342669963837,0.8551826689491605
9172,185,9,-0.8,0.6,-0.004803083837032318,0.1517857164144516,0.9128166187604169
9173,185,10,-0.8,0.6,-0.0845487117767334,0.12358244508504868,0.8595604879538568
9174,185,11,-0.8,0.6,0.08569259941577911,0.17255696654319763,0.9834423864724526
9175,185,12,-0.8,0.6,0.11656273901462555,0.2931956946849823,0.9665485690382162
9176,185,13,-0.8,0.6,-0.0347244068980217,0.16923528909683228,0.8781827654634736
9177,185,14,-0.8,0.6,0.045326750725507736,0.20502573251724243,0.9330498311803532
9178,185,15,-0.8,0.6,-0.11984331905841827,0.09055596590042114,0.8497919360108811
9179,185,16,-0.8,0.6,-0.030608218163251877,0.14248302578926086,0.8951455164658294
9180,185,17,-0.8,0.6,0.010046180337667465,0.22968286275863647,0.8906792893147812
9181,185,18,-0.8,0.6,-0.11270275712013245,0.08726299554109573,0.8574827903880975
9182,185,19,-0.8,0.6,-0.10332812368869781,0.05663952976465225,0.8835113490258564
9183,185,20,-0.8,0.6,-0.2868029773235321,-0.025279518216848373,0.808916349189139
9184,185,21,-0.8,0.6,0.030617747455835342,0.2623467445373535,0.8966245386521211
9185,185,22,-0.8,0.6,-0.10572220385074615,0.14775781333446503,0.828579901775254
9186,185,23,-0.8,0.6,0.007482465356588364,0.11696646362543106,0.9409300341262765
9187,185,24,-0.8,0.6,0.04138297215104103,0.16867448389530182,0.9454982848576214
9188,185,25,-0.8,0.6,-0.009803209453821182,0.10183507204055786,0.9341195122886139
9189,185,26,-0.8,0.6,-0.05498950928449631,0.10475589334964752,0.8945989919780043
9190,185,27,-0.8,0.6,-0.11735817790031433,0.061197176575660706,0.8696598989315413
9191,185,28,-0.8,0.6,-0.07361258566379547,0.14808858931064606,0.8554896836416432
9192,185,29,-0.8,0.6,0.0004688948392868042,0.2078898400068283,0.8913477599540484
9193,185,30,-0.8,0.6,0.0532856248319149,0.26139792799949646,0.9180129196845901
9194,185,31,-0.8,0.6,-0.2564907371997833,0.014357160776853561,0.7989867670262024
9195,185,32,-0.8,0.6,-0.09174755215644836,0.12390031665563583,0.8534005146219369
9196,185,33,-0.8,0.6,-0.041841551661491394,0.09198068082332611,0.9126269015560445
9197,185,34,-0.8,0.6,-0.00811053067445755,0.19491121172904968,0.8894862888271612
9198,185,35,-0.8,0.6,-0.021310750395059586,0.11520200222730637,0.9172709774623407
9199,185,36,-0.8,0.6,-0.09753980487585068,0.15837423503398895,0.8297491440282855
9200,185,37,-0.8,0.6,-0.09115898609161377,0.16767866909503937,0.8302754459539952
9201,185,38,-0.8,0.6,0.09042823314666748,0.22456079721450806,0.9663420892069753
9202,185,39,-0.8,0.6,0.008891362696886063,0.20105618238449097,0.9019209534428513
9203,185,40,-0.8,0.6,-0.16489851474761963,-0.08343833684921265,0.9329747353733634
9204,185,41,-0.8,0.6,-0.023992832750082016,0.1405002474784851,0.9018465203074055
9205,185,42,-0.8,0.6,-0.011381622403860092,0.1433611661195755,0.9112836935280044
9206,185,43,-0.8,0.6,0.02410602942109108,0.18454499542713165,0.9229049834911709
9207,185,44,-0.8,0.6,-0.022312883287668228,0.08192034810781479,0.9344537319766387
9208,185,45,-0.8,0.6,0.017058435827493668,0.14904183149337769,0.9332458182599683
9209,185,46,-0.8,0.6,-0.019090190529823303,0.14440123736858368,0.9040964345898204
9210,185,47,-0.8,0.6,-0.0582263208925724,0.1900334358215332,0.8475262678884153
9211,185,48,-0.8,0.6,0.018445264548063278,0.1495024710893631,0.9342380181815229
9212,185,49,-0.8,0.6,-0.30241596698760986,-0.07635223865509033,0.8396679228377297
9213,186,0,-0.6,0.6,-0.14838367700576782,0.14489899575710297,0.6411507055737551
9214,186,1,-0.6,0.6,-0.1735844612121582,0.14518088102340698,0.6234505936370337
9215,186,2,-0.6,0.6,-0.21357975900173187,0.14009687304496765,0.6006925077243566
9216,186,3,-0.6,0.6,-0.18570446968078613,0.145757794380188,0.6147981520863821
9217,186,4,-0.6,0.6,-0.18526943027973175,0.14061447978019714,0.6188994277329048
9218,186,5,-0.6,0.6,-0.12735037505626678,0.1797008067369461,0.6324943318457689
9219,186,6,-0.6,0.6,-0.1601146161556244,0.15487684309482574,0.6258065002324137
9220,186,7,-0.6,0.6,-0.16397589445114136,0.153264120221138,0.6242515253497392
9221,186,8,-0.6,0.6,-0.19170692563056946,0.13892556726932526,0.6158675726939637
9222,186,9,-0.6,0.6,-0.15022458136081696,0.14430710673332214,0.640276456060824
9223,186,10,-0.6,0.6,-0.21587930619716644,0.18171362578868866,0.5679015744461494
9224,186,11,-0.6,0.6,-0.1851104199886322,0.14048150181770325,0.6191046872490327
9225,186,12,-0.6,0.6,-0.1694926619529724,0.14121045172214508,0.6291457841560538
9226,186,13,-0.6,0.6,-0.13139499723911285,0.15361922979354858,0.6471834675133751
9227,186,14,-0.6,0.6,-0.1657397300004959,0.15057091414928436,0.6249547866115213
9228,186,15,-0.6,0.6,-0.16710899770259857,0.1549331396818161,0.6208696562270817
9229,186,16,-0.6,0.6,-0.17332108318805695,0.16692951321601868,0.6079514327437081
9230,186,17,-0.6,0.6,-0.16703513264656067,0.15148524940013885,0.6233971910973267
9231,186,18,-0.6,0.6,-0.19175387918949127,0.14424939453601837,0.611860694551966
9232,186,19,-0.6,0.6,-0.19810910522937775,0.20487146079540253,0.5635981314673518
9233,186,20,-0.6,0.6,-0.19532646238803864,0.1388024240732193,0.6135665213195046
9234,186,21,-0.6,0.6,-0.16897308826446533,0.14293904602527618,0.6282427192483467
9235,186,22,-0.6,0.6,-0.16042636334896088,0.15544216334819794,0.6251852942665479
9236,186,23,-0.6,0.6,-0.16220355033874512,0.14772582054138184,0.6294582311329052
9237,186,24,-0.6,0.6,-0.09168979525566101,0.22487802803516388,0.6317402615775086
9238,186,25,-0.6,0.6,-0.276729017496109,0.23267187178134918,0.4893200199354698
9239,186,26,-0.6,0.6,-0.1502591371536255,0.14930342137813568,0.6367057795365578
9240,186,27,-0.6,0.6,-0.15919780731201172,0.15478990972042084,0.6265130466042103
9241,186,28,-0.6,0.6,-0.17073512077331543,0.13960608839988708,0.6294687366152132
9242,186,29,-0.6,0.6,-0.12721595168113708,0.1492592841386795,0.653216617424839
9243,186,30,-0.6,0.6,-0.20224499702453613,0.2221294790506363,0.548630269848971
9244,186,31,-0.6,0.6,-0.16932080686092377,0.14321061968803406,0.6278065827694989
9245,186,32,-0.6,0.6,-0.17490154504776,0.1646147072315216,0.6084973702177152
9246,186,33,-0.6,0.6,-0.16165173053741455,0.15973980724811554,0.6212714725969396
9247,186,34,-0.6,0.6,-0.17279285192489624,0.13148151338100433,0.6340469380654855
9248,186,35,-0.6,0.6,-0.17049004137516022,0.14477384090423584,0.6258671268592029
9249,186,36,-0.6,0.6,-0.16662131249904633,0.1445782631635666,0.6286700606543649
9250,186,37,-0.6,0.6,-0.1832685023546219,0.1608600914478302,0.6053998681970189
9251,186,38,-0.6,0.6,-0.1835135966539383,0.13479870557785034,0.6243982451161935
9252,186,39,-0.6,0.6,-0.15442116558551788,0.14274241030216217,0.6384551675837894
9253,186,40,-0.6,0.6,-0.16393513977527618,0.14758369326591492,0.6283574435953773
9254,186,41,-0.6,0.6,-0.17482848465442657,0.1554037183523178,0.6151720662678014
9255,186,42,-0.6,0.6,-0.3003727197647095,0.2040390521287918,0.49654967455458365
9256,186,43,-0.6,0.6,-0.17546705901622772,0.14573782682418823,0.6217574607181986
9257,186,44,-0.6,0.6,-0.1574259102344513,0.14562533795833588,0.6342934324406019
9258,186,45,-0.6,0.6,-0.1582244336605072,0.15029338002204895,0.6303980449419024
9259,186,46,-0.6,0.6,-0.14759796857833862,0.1474393755197525,0.6399052405351885
9260,186,47,-0.6,0.6,-0.18764327466487885,0.14884810149669647,0.6112087241296869
9261,186,48,-0.6,0.6,-0.1828024834394455,0.15244537591934204,0.6118487634704128
9262,186,49,-0.6,0.6,-0.16549652814865112,0.13486336171627045,0.63651029789373
9263,187,0,-0.4,0.6,-0.08752042800188065,0.05641932040452957,0.6269955646937236
9264,187,1,-0.4,0.6,-0.2156786173582077,-0.04857782647013664,0.6742607574875678
9265,187,2,-0.4,0.6,-0.21211093664169312,-0.003994883969426155,0.6325441644588166
9266,187,3,-0.4,0.6,-0.16235333681106567,-0.0023567196913063526,0.6475411602995641
9267,187,4,-0.4,0.6,-0.22229687869548798,-0.025715703144669533,0.650460252808113
9268,187,5,-0.4,0.6,-0.18011444807052612,0.03785739839076996,0.6036173957825626
9269,187,6,-0.4,0.6,-0.19667109847068787,-0.001788334921002388,0.6352100772532732
9270,187,7,-0.4,0.6,-0.21075737476348877,0.012525748461484909,0.6172023715339606
9271,187,8,-0.4,0.6,-0.1857922375202179,0.06513749063014984,0.5761621902173101
9272,187,9,-0.4,0.6,-0.19023476541042328,0.027761291712522507,0.6094740297214811
9273,187,10,-0.4,0.6,-0.18057185411453247,0.03047112748026848,0.6103374868384954
9274,187,11,-0.4,0.6,-0.19997814297676086,0.0289025716483593,0.605112399440701
9275,187,12,-0.4,0.6,0.057013560086488724,0.1790524274110794,0.6213358616492624
9276,187,13,-0.4,0.6,-0.14309635758399963,0.06651967763900757,0.5921154750831941
9277,187,14,-0.4,0.6,-0.18267863988876343,3.428757190704346e-05,0.638112395781454
9278,187,15,-0.4,0.6,-0.2158307135105133,0.017785586416721344,0.6106487938825128
9279,187,16,-0.4,0.6,-0.195039764046669,0.011237058788537979,0.6234183982415153
9280,187,17,-0.4,0.6,-0.18626421689987183,0.043410226702690125,0.5962173770669351
9281,187,18,-0.4,0.6,-0.15887705981731415,0.06717141717672348,0.584847476660201
9282,187,19,-0.4,0.6,-0.17726759612560272,0.03591974452137947,0.6064620831976996
9283,187,20,-0.4,0.6,-0.21958290040493011,0.023160628974437714,0.6043955573889203
9284,187,21,-0.4,0.6,-0.1956564337015152,0.053511761128902435,0.5834429606328428
9285,187,22,-0.4,0.6,-0.1774744987487793,0.0527934655547142,0.5907220920591397
9286,187,23,-0.4,0.6,-0.14297211170196533,0.05563140660524368,0.6019970937118655
9287,187,24,-0.4,0.6,-0.13144680857658386,0.09535220265388489,0.5716556795746787
9288,187,25,-0.4,0.6,-0.18565332889556885,0.03561718389391899,0.6037155443827678
9289,187,26,-0.4,0.6,-0.23968827724456787,0.0254892036318779,0.5964582999643381
9290,187,27,-0.4,0.6,-0.2111036330461502,0.020627686753869057,0.6093883120019092
9291,187,28,-0.4,0.6,-0.1696445494890213,0.001779328566044569,0.6410394725061853
9292,187,29,-0.4,0.6,-0.23495130240917206,-0.12262316793203354,0.7412322951737577
9293,187,30,-0.4,0.6,-0.1766887754201889,0.0390007421374321,0.6038112870307135
9294,187,31,-0.4,0.6,-0.13551872968673706,0.08596533536911011,0.5780847505242711
9295,187,32,-0.4,0.6,-0.12588396668434143,0.09894869476556778,0.571132217790101
9296,187,33,-0.4,0.6,-0.15739285945892334,0.014367692172527313,0.6338954366556439
9297,187,34,-0.4,0.6,-0.16366197168827057,0.07062175124883652,0.5797387289780841
9298,187,35,-0.4,0.6,-0.20089098811149597,0.07549478858709335,0.5610259489671706
9299,187,36,-0.4,0.6,-0.19405733048915863,0.0075875637121498585,0.6271880721073686
9300,187,37,-0.4,0.6,-0.13752274215221405,0.0892946645617485,0.5742074978023103
9301,187,38,-0.4,0.6,-0.18701861798763275,0.023487422615289688,0.6145956564820968
9302,187,39,-0.4,0.6,-0.17599880695343018,0.021887868642807007,0.6199920732627499
9303,187,40,-0.4,0.6,-0.19190940260887146,0.039617933332920074,0.5977706561589188
9304,187,41,-0.4,0.6,-0.19249315559864044,0.011030355468392372,0.6244552287018649
9305,187,42,-0.4,0.6,-0.16783563792705536,0.017321309074759483,0.6272278277269666
9306,187,43,-0.4,0.6,-0.15751464664936066,0.07983585447072983,0.5739075577859035
9307,187,44,-0.4,0.6,-0.17108239233493805,0.07054422795772552,0.5768246576282745
9308,187,45,-0.4,0.6,-0.18512475490570068,0.0516558513045311,0.5889419974521206
9309,187,46,-0.4,0.6,-0.17426346242427826,0.08171402662992477,0.5653117145335319
9310,187,47,-0.4,0.6,-0.17068439722061157,0.06487096101045609,0.582193038474308
9311,187,48,-0.4,0.6,-0.13174164295196533,0.08595902472734451,0.579828138662978
9312,187,49,-0.4,0.6,-0.18803094327449799,0.04447247460484505,0.5945937373373215
9313,188,0,-0.2,0.6,0.055772874504327774,0.12819348275661469,0.5366760224246463
9314,188,1,-0.2,0.6,0.05937424674630165,0.12406996637582779,0.5420188158917706
9315,188,2,-0.2,0.6,0.004361335188150406,0.0990687757730484,0.5410135365454325
9316,188,3,-0.2,0.6,0.016613367944955826,0.10330122709274292,0.5418773128486113
9317,188,4,-0.2,0.6,0.005399104207754135,0.10001949965953827,0.5405268658725912
9318,188,5,-0.2,0.6,0.04773417487740517,0.12657979130744934,0.5343209853643098
9319,188,6,-0.2,0.6,0.03301099315285683,0.11668650060892105,0.5365501482841386
9320,188,7,-0.2,0.6,0.09846380352973938,0.14826138317584991,0.5414318239147337
9321,188,8,-0.2,0.6,0.08647318184375763,0.14262093603610992,0.5396874021766405
9322,188,9,-0.2,0.6,0.3814259171485901,0.24465502798557281,0.6814148121871237
9323,188,10,-0.2,0.6,0.09486472606658936,0.1462962031364441,0.5411028940661208
9324,188,11,-0.2,0.6,0.04663113132119179,0.11449474841356277,0.5445569430782979
9325,188,12,-0.2,0.6,0.1289374679327011,0.1461099088191986,0.5605497950067353
9326,188,13,-0.2,0.6,0.022380981594324112,0.10716792941093445,0.5406817462943989
9327,188,14,-0.2,0.6,-0.2133622020483017,-0.027560975402593613,0.6277032151358111
9328,188,15,-0.2,0.6,0.021616119891405106,0.11179522424936295,0.5361507322213143
9329,188,16,-0.2,0.6,0.10300441086292267,0.16033990681171417,0.5339594278076931
9330,188,17,-0.2,0.6,0.060501579195261,0.1364939957857132,0.531694356473641
9331,188,18,-0.2,0.6,0.018288154155015945,0.1054210364818573,0.540608980131744
9332,188,19,-0.2,0.6,0.03533117100596428,0.12022870033979416,0.534379322227836
9333,188,20,-0.2,0.6,0.041808564215898514,0.12042801827192307,0.5370853446024656
9334,188,21,-0.2,0.6,-0.11028429865837097,0.04446671903133392,0.5627309599897906
9335,188,22,-0.2,0.6,0.014104042202234268,0.11243874579668045,0.5325002511620536
9336,188,23,-0.2,0.6,0.04726229980587959,0.12853217124938965,0.5323725748497076
9337,188,24,-0.2,0.6,0.08670127391815186,0.1544104814529419,0.529856244188261
9338,188,25,-0.2,0.6,-0.00960082933306694,0.08658033609390259,0.5475870665712493
9339,188,26,-0.2,0.6,0.06742885708808899,0.13410578668117523,0.537192341352153
9340,188,27,-0.2,0.6,0.08878350257873535,0.14465589821338654,0.5391977025113333
9341,188,28,-0.2,0.6,0.014896448701620102,0.0981043353676796,0.5459667955483068
9342,188,29,-0.2,0.6,0.06550925970077515,0.12643343210220337,0.5429184664545423
9343,188,30,-0.2,0.6,0.09476427733898163,0.1392299085855484,0.5469872542731267
9344,188,31,-0.2,0.6,0.008654166013002396,0.09541969746351242,0.546020002108343
9345,188,32,-0.2,0.6,0.03484109416604042,0.11166970431804657,0.5418642054887249
9346,188,33,-0.2,0.6,0.037713464349508286,0.10974510759115219,0.544846355098257
9347,188,34,-0.2,0.6,0.08494850993156433,0.1433788388967514,0.5382365075684644
9348,188,35,-0.2,0.6,0.012158680707216263,0.09826739877462387,0.5447448108351367
9349,188,36,-0.2,0.6,-0.1011364758014679,0.03763294219970703,0.5709909842685011
9350,188,37,-0.2,0.6,-0.00407157838344574,0.0883524939417839,0.5478787428370866
9351,188,38,-0.2,0.6,0.06315138936042786,0.13246017694473267,0.5365092169430775
9352,188,39,-0.2,0.6,0.12692303955554962,0.15323905646800995,0.5536009523635536
9353,188,40,-0.2,0.6,0.08731725811958313,0.14391157031059265,0.5390434699631419
9354,188,41,-0.2,0.6,0.027594033628702164,0.11048176139593124,0.5398399300435387
9355,188,42,-0.2,0.6,0.050108861178159714,0.12658058106899261,0.535425427730892
9356,188,43,-0.2,0.6,0.057076241821050644,0.13142965734004974,0.5344589414812877
9357,188,44,-0.2,0.6,-0.0402296707034111,0.09380549937486649,0.5308101643588494
9358,188,45,-0.2,0.6,0.05040489509701729,0.12544164061546326,0.5365708228652498
9359,188,46,-0.2,0.6,0.04854215309023857,0.1281074583530426,0.5333439534903879
9360,188,47,-0.2,0.6,0.04281165078282356,0.1269746720790863,0.531705236583737
9361,188,48,-0.2,0.6,0.03229549154639244,0.1140735074877739,0.538596093114325
9362,189,0,0.0,0.6,-0.11974756419658661,0.4563836455345154,0.18698966923595364
9363,189,1,0.0,0.6,-0.11799205094575882,0.45423510670661926,0.1875354051991709
9364,189,2,0.0,0.6,-0.12546862661838531,0.3354886770248413,0.2927603392667328
9365,189,3,0.0,0.6,-0.10564056038856506,0.48041579127311707,0.1595628746796847
9366,189,4,0.0,0.6,-0.11642000079154968,0.4525905251502991,0.187838148041789
9367,189,5,0.0,0.6,-0.13282495737075806,0.2867431044578552,0.34025336428203895
9368,189,6,0.0,0.6,-0.09562578797340393,0.44638699293136597,0.1809454262096796
9369,189,7,0.0,0.6,-0.14310994744300842,0.43720370531082153,0.216755831805436
9370,189,8,0.0,0.6,-0.1205848678946495,0.45719441771507263,0.18690678076759876
9371,189,9,0.0,0.6,-0.10890096426010132,0.4698183238506317,0.1697253334709903
9372,189,10,0.0,0.6,-0.1297985017299652,0.4388503432273865,0.206922359664863
9373,189,11,0.0,0.6,-0.1251945197582245,0.47060832381248474,0.18004408805652924
9374,189,12,0.0,0.6,-0.1232038289308548,0.4510403573513031,0.19330845455191764
9375,189,13,0.0,0.6,-0.10571873933076859,0.4290033280849457,0.20103809005188972
9376,189,14,0.0,0.6,-0.13029637932777405,0.3911018967628479,0.24620228269048813
9377,189,15,0.0,0.6,-0.13016560673713684,0.43336498737335205,0.2114481321987264
9378,189,16,0.0,0.6,-0.09954817593097687,0.48591917753219604,0.15140763978781033
9379,189,17,0.0,0.6,-0.13409091532230377,0.43446940183639526,0.21302758624266016
9380,189,18,0.0,0.6,-0.11300604045391083,0.46145859360694885,0.1787850286361682
9381,189,19,0.0,0.6,-0.14162099361419678,0.4226663410663605,0.2269443377197694
9382,189,20,0.0,0.6,-0.12856358289718628,0.45239847898483276,0.19574167633223266
9383,189,21,0.0,0.6,-0.13685573637485504,0.41065704822540283,0.2336241553551799
9384,189,22,0.0,0.6,-0.12801791727542877,0.40311476588249207,0.2348454439776178
9385,189,23,0.0,0.6,-0.1251935511827469,0.3136868178844452,0.31248786138165735
9386,189,24,0.0,0.6,-0.1524611860513687,0.42645376920700073,0.23100369580300448
9387,189,25,0.0,0.6,-0.13081708550453186,0.4445130228996277,0.20319771137419756
9388,189,26,0.0,0.6,-0.10176845639944077,0.4732334315776825,0.16256254669355724
9389,189,27,0.0,0.6,-0.11214593052864075,0.46035075187683105,0.17910505921246647
9390,189,28,0.0,0.6,-0.1428113430738449,0.4367232918739319,0.2169201768555444
9391,189,29,0.0,0.6,-0.10615824908018112,0.47979283332824707,0.16037249379809607
9392,189,30,0.0,0.6,-0.11215813457965851,0.43401819467544556,0.20032325589203834
9393,189,31,0.0,0.6,-0.10575984418392181,0.28452596068382263,0.33272964118676357
9394,189,32,0.0,0.6,-0.14156991243362427,0.4284179210662842,0.222446510239383
9395,189,33,0.0,0.6,-0.11300602555274963,0.3295935094356537,0.29307001202878913
9396,189,34,0.0,0.6,-0.10236142575740814,0.4775759279727936,0.1595791806433784
9397,189,35,0.0,0.6,-0.10784648358821869,0.3703383207321167,0.25372298072206234
9398,189,36,0.0,0.6,-0.10960027575492859,0.47372353076934814,0.16720636090447083
9399,189,37,0.0,0.6,-0.11213614791631699,0.4655073285102844,0.1751079505732126
9400,189,38,0.0,0.6,-0.11620226502418518,0.4298134446144104,0.2060738460619477
9401,189,39,0.0,0.6,-0.09827354550361633,0.45918604731559753,0.17171563416432553
9402,189,40,0.0,0.6,-0.11927048861980438,0.4550790786743164,0.18768996481829245
9403,189,41,0.0,0.6,-0.11546032130718231,0.46001720428466797,0.18145596957013607
9404,189,42,0.0,0.6,-0.11956270039081573,0.45500317215919495,0.1879343486663362
9405,189,43,0.0,0.6,-0.11213219165802002,0.4007710814476013,0.22861712620359226
9406,189,44,0.0,0.6,-0.14457200467586517,0.3859200179576874,0.2583240276227422
9407,189,45,0.0,0.6,-0.11838836967945099,0.46597936749458313,0.1788220792086658
9408,189,46,0.0,0.6,-0.13968540728092194,0.40659865736961365,0.23857093774907523
9409,189,47,0.0,0.6,-0.12084232270717621,0.42620089650154114,0.2116813532981432
9410,189,48,0.0,0.6,-0.11369428038597107,0.4633010923862457,0.1778003957680565
9411,189,49,0.0,0.6,-0.1244373619556427,0.4588988125324249,0.18813346899273237
9412,190,0,0.2,0.6,-0.05065378546714783,0.05853766202926636,0.5966647162433387
9413,190,1,0.2,0.6,-0.07257121801376343,0.03987753018736839,0.62292234674838
9414,190,2,0.2,0.6,-0.03499786928296089,0.0727488324046135,0.577250199045639
9415,190,3,0.2,0.6,-0.053538352251052856,0.05470551922917366,0.6013549424601947
9416,190,4,0.2,0.6,-0.05440054088830948,0.05444856360554695,0.6019518294318204
9417,190,5,0.2,0.6,-0.059523239731788635,0.048283159732818604,0.6097079495916762
9418,190,6,0.2,0.6,-0.0469137579202652,0.05442703515291214,0.5988457763250477
9419,190,7,0.2,0.6,-0.06531629711389542,0.04381430149078369,0.6162266374804108
9420,190,8,0.2,0.6,-0.06676309555768967,0.046575166285037994,0.6143627558079627
9421,190,9,0.2,0.6,-0.06958570331335068,0.04610248655080795,0.6160185929305639
9422,190,10,0.2,0.6,-0.05635613575577736,0.052703388035297394,0.6043608605855253
9423,190,11,0.2,0.6,-0.06300222873687744,0.051500946283340454,0.6082938305199518
9424,190,12,0.2,0.6,-0.051142409443855286,0.061943553388118744,0.5937821566550053
9425,190,13,0.2,0.6,-0.04147391766309738,0.06225988268852234,0.5894693263247258
9426,190,14,0.2,0.6,-0.05791819095611572,0.047997232526540756,0.6092855229893726
9427,190,15,0.2,0.6,-0.058605656027793884,0.04445558413863182,0.6127858380578931
9428,190,16,0.2,0.6,-0.061491258442401886,0.04629557579755783,0.6123448927060215
9429,190,17,0.2,0.6,-0.05845920741558075,0.04891692474484444,0.6086819512114431
9430,190,18,0.2,0.6,-0.04517429322004318,0.05984288454055786,0.5931948612702346
9431,190,19,0.2,0.6,-0.04846769571304321,0.057999417185783386,0.5962389014345675
9432,190,20,0.2,0.6,-0.05748216435313225,0.05089858919382095,0.6064729378210618
9433,190,21,0.2,0.6,-0.05873788520693779,0.05022555589675903,0.6076160240072559
9434,190,22,0.2,0.6,-0.03673943877220154,0.06127854436635971,0.5884440233617853
9435,190,23,0.2,0.6,-0.06764848530292511,0.04776611924171448,0.613675786341865
9436,190,24,0.2,0.6,-0.036114439368247986,0.06327942758798599,0.5863608115558729
9437,190,25,0.2,0.6,-0.061975181102752686,0.04565264284610748,0.6131329284073115
9438,190,26,0.2,0.6,-0.045596785843372345,0.057338327169418335,0.59565046157615
9439,190,27,0.2,0.6,-0.08323599398136139,0.024988636374473572,0.6409841625072317
9440,190,28,0.2,0.6,-0.037158675491809845,0.06747902929782867,0.5829432404605206
9441,190,29,0.2,0.6,-0.058711979538202286,0.048805274069309235,0.6088903959255594
9442,190,30,0.2,0.6,-0.059029191732406616,0.04282316192984581,0.6144445874539043
9443,190,31,0.2,0.6,-0.08363068103790283,0.010779870674014091,0.6539317426375295
9444,190,32,0.2,0.6,-0.05964738875627518,0.04489944502711296,0.6128241123023469
9445,190,33,0.2,0.6,-0.08402743190526962,0.038012780249118805,0.6296834262056036
9446,190,34,0.2,0.6,-0.04726704955101013,0.0535806305706501,0.5997625539171565
9447,190,35,0.2,0.6,-0.04148183763027191,0.05825420469045639,0.5931289780822236
9448,190,36,0.2,0.6,-0.04079272225499153,0.06460383534431458,0.5870521171233328
9449,190,37,0.2,0.6,-0.064600370824337,0.04268325865268707,0.6169402778441073
9450,190,38,0.2,0.6,-0.06387728452682495,0.04817315563559532,0.6116731868002944
9451,190,39,0.2,0.6,-0.05692930519580841,0.04733928665518761,0.6094641350753938
9452,190,40,0.2,0.6,-0.06501312553882599,0.04504062235355377,0.6149893231151159
9453,190,41,0.2,0.6,-0.0506288968026638,0.050773538649082184,0.603708994268407
9454,190,42,0.2,0.6,-0.047696150839328766,0.05682595819234848,0.5969852785741704
9455,190,43,0.2,0.6,-0.04003356397151947,0.05791941285133362,0.5928469235783487
9456,190,44,0.2,0.6,-0.010903637856245041,0.09243281930685043,0.5496405983711451
9457,190,45,0.2,0.6,-0.046139538288116455,0.05685315281152725,0.596316333768802
9458,190,46,0.2,0.6,-0.04180736467242241,0.05559169501066208,0.5956938846011312
9459,190,47,0.2,0.6,-0.04043881595134735,0.05467316508293152,0.5959800173636307
9460,190,48,0.2,0.6,-0.052257973700761795,0.046618178486824036,0.6081657057717532
9461,190,49,0.2,0.6,-0.03895637392997742,0.06079833209514618,0.5897784222173099
9462,191,0,0.4,0.6,-0.08795394003391266,0.3101300895214081,0.5675593472012298
9463,191,1,0.4,0.6,-0.039016030728816986,0.33759456872940063,0.5114603460652593
9464,191,2,0.4,0.6,-0.08424988389015198,0.33331942558288574,0.5528259028112447
9465,191,3,0.4,0.6,-0.08104270696640015,0.30028945207595825,0.5667702342770756
9466,191,4,0.4,0.6,-0.07293829321861267,0.3266008794307709,0.5462762198014502
9467,191,5,0.4,0.6,-0.11749593913555145,0.15534517168998718,0.6822902339629326
9468,191,6,0.4,0.6,-0.08320564776659012,0.301023930311203,0.568220369469531
9469,191,7,0.4,0.6,-0.10013911128044128,0.2935020923614502,0.5865834109648845
9470,191,8,0.4,0.6,-0.018854226917028427,0.3498181998729706,0.48788297420699406
9471,191,9,0.4,0.6,-0.10171262919902802,0.31121131777763367,0.5788907196332761
9472,191,10,0.4,0.6,-0.06068193539977074,0.3425188660621643,0.5277540904034683
9473,191,11,0.4,0.6,-0.007809799164533615,0.3691612482070923,0.46861003150159397
9474,191,12,0.4,0.6,-0.03430712968111038,0.3420947790145874,0.5051116568674489
9475,191,13,0.4,0.6,-0.05091340094804764,0.31967535614967346,0.5309470793820672
9476,191,14,0.4,0.6,-0.05238781124353409,0.32303524017333984,0.5304377531318402
9477,191,15,0.4,0.6,-0.018559057265520096,0.3368598520755768,0.4944030965403517
9478,191,16,0.4,0.6,-0.10919344425201416,0.29350826144218445,0.5943190636967836
9479,191,17,0.4,0.6,-0.07115060091018677,0.31747475266456604,0.5493663660254222
9480,191,18,0.4,0.6,-0.09686659276485443,0.30954745411872864,0.5755337456784508
9481,191,19,0.4,0.6,-0.14254623651504517,0.26816385984420776,0.6359808508674879
9482,191,20,0.4,0.6,-0.1301293522119522,0.25610223412513733,0.6319041093792522
9483,191,21,0.4,0.6,-0.09146123379468918,0.3074852228164673,0.571925728739082
9484,191,22,0.4,0.6,-0.04270512983202934,0.3294850289821625,0.5188122796584285
9485,191,23,0.4,0.6,-0.09474077820777893,0.31549444794654846,0.5707117019747168
9486,191,24,0.4,0.6,-0.04868678003549576,0.3355315029621124,0.5208295426568087
9487,191,25,0.4,0.6,-0.0715382844209671,0.3271336555480957,0.5447975730573826
9488,191,26,0.4,0.6,-0.06660071760416031,0.33093634247779846,0.5386199787122103
9489,191,27,0.4,0.6,-0.08732230961322784,0.3100152611732483,0.5670751116026783
9490,191,28,0.4,0.6,-0.0826045572757721,0.3127850592136383,0.5616044701694042
9491,191,29,0.4,0.6,-0.1221911758184433,0.2904261648654938,0.6070581384863684
9492,191,30,0.4,0.6,-0.007292170077562332,0.37467777729034424,0.4654643013737033
9493,191,31,0.4,0.6,-0.07400702685117722,0.3384278118610382,0.5413895742550803
9494,191,32,0.4,0.6,-0.08195926994085312,0.32286950945854187,0.555955076125463
9495,191,33,0.4,0.6,-0.18963982164859772,0.2451743632555008,0.6881688395771269
9496,191,34,0.4,0.6,-0.06457045674324036,0.34723031520843506,0.528883940792543
9497,191,35,0.4,0.6,-0.1035931408405304,0.31036219000816345,0.5809441560756916
9498,191,36,0.4,0.6,-0.13636170327663422,0.25932788848876953,0.6354064559817854
9499,191,37,0.4,0.6,0.15928269922733307,0.4498218595981598,0.28372221052612967
9500,191,38,0.4,0.6,-0.06195644289255142,0.34845682978630066,0.5260016365099041
9501,191,39,0.4,0.6,-0.14743542671203613,0.2674284875392914,0.6405383339971092
9502,191,40,0.4,0.6,-0.141311377286911,0.2730398178100586,0.6323930486002611
9503,191,41,0.4,0.6,-0.12244462966918945,0.29534488916397095,0.6047835378287753
9504,191,42,0.4,0.6,0.05937860533595085,0.3972856402397156,0.3963786651119154
9505,191,43,0.4,0.6,-0.10191763937473297,0.29437848925590515,0.5876443010401848
9506,191,44,0.4,0.6,-0.06041736155748367,0.3418704867362976,0.5278399306999334
9507,191,45,0.4,0.6,-0.03983864188194275,0.351182222366333,0.5053398038539105
9508,191,46,0.4,0.6,-0.05797164887189865,0.349554181098938,0.52197810239077
9509,191,47,0.4,0.6,-0.1383412778377533,0.18209196627140045,0.6815118899028023
9510,191,48,0.4,0.6,-0.021951917558908463,0.36644047498703003,0.4822794547313041
9511,191,49,0.4,0.6,0.00780666247010231,0.3882646858692169,0.44569884143096183
9512,192,0,0.6,0.6,-0.10251395404338837,0.27750563621520996,0.7729996573729075
9513,192,1,0.6,0.6,-0.07075780630111694,0.35567501187324524,0.7138702504916601
9514,192,2,0.6,0.6,-0.07378943264484406,0.4274624288082123,0.6955295917620055
9515,192,3,0.6,0.6,-0.12769794464111328,0.20564919710159302,0.827681614137658
9516,192,4,0.6,0.6,-0.19835352897644043,0.2551013231277466,0.8696685889103775
9517,192,5,0.6,0.6,-0.11779195070266724,0.27878251671791077,0.7863879170356189
9518,192,6,0.6,0.6,-0.12998376786708832,0.3152373731136322,0.783559860521617
9519,192,7,0.6,0.6,-0.10393795371055603,0.3013606071472168,0.7646660249008608
9520,192,8,0.6,0.6,-0.15880829095840454,0.21224342286586761,0.8521415290537089
9521,192,9,0.6,0.6,-0.12107989192008972,0.15544088184833527,0.8471062625569911
9522,192,10,0.6,0.6,-0.20746806263923645,0.1583026796579361,0.9203810053340528
9523,192,11,0.6,0.6,-0.14883142709732056,0.2745693624019623,0.8164885829551293
9524,192,12,0.6,0.6,-0.16853956878185272,0.07717756927013397,0.9295140466166618
9525,192,13,0.6,0.6,-0.16336490213871002,0.2664916515350342,0.8330388900363964
9526,192,14,0.6,0.6,-0.12294289469718933,0.3183044493198395,0.7758858242461646
9527,192,15,0.6,0.6,-0.13024698197841644,0.3222934305667877,0.7812692195363574
9528,192,16,0.6,0.6,-0.0647897869348526,0.28478696942329407,0.7357341336775385
9529,192,17,0.6,0.6,-0.14106756448745728,0.13785985112190247,0.8733582611623032
9530,192,18,0.6,0.6,0.05528702959418297,0.3822738528251648,0.5866147758895325
9531,192,19,0.6,0.6,-0.1573469489812851,0.19739797711372375,0.8577078698271242
9532,192,20,0.6,0.6,-0.09224232286214828,0.29673731327056885,0.7557563699526031
9533,192,21,0.6,0.6,-0.18741069734096527,0.18798905611038208,0.888689273127452
9534,192,22,0.6,0.6,-0.19832274317741394,0.1561577469110489,0.9134085328599617
9535,192,23,0.6,0.6,-0.20883792638778687,0.07783574610948563,0.9627431117407864
9536,192,24,0.6,0.6,-0.078353151679039,0.22410421073436737,0.7755389369854476
9537,192,25,0.6,0.6,-0.1925985962152481,0.10769177973270416,0.9330487224497627
9538,192,26,0.6,0.6,-0.043195560574531555,0.21021462976932526,0.7520858754082874
9539,192,27,0.6,0.6,-0.00048114359378814697,0.42345866560935974,0.6258949165476034
9540,192,28,0.6,0.6,-0.13841910660266876,0.16315552592277527,0.8579602971744617
9541,192,29,0.6,0.6,-0.10891738533973694,0.24890898168087006,0.7910933967498988
9542,192,30,0.6,0.6,-0.24046003818511963,0.08597052097320557,0.9851900228355394
9543,192,31,0.6,0.6,-0.020951222628355026,0.35142919421195984,0.6688556394123956
9544,192,32,0.6,0.6,-0.09496563673019409,0.2976393401622772,0.7578912882817082
9545,192,33,0.6,0.6,0.006403248757123947,0.3235783874988556,0.6548022685848223
9546,192,34,0.6,0.6,-0.1544957309961319,0.26198142766952515,0.8267529034310794
9547,192,35,0.6,0.6,-0.07243289053440094,0.36076632142066956,0.7137217561760661
9548,192,36,0.6,0.6,-0.085751011967659,0.32901713252067566,0.737350774653411
9549,192,37,0.6,0.6,-0.1410665065050125,0.29107093811035156,0.8028802727328416
9550,192,38,0.6,0.6,-0.11971509456634521,0.25261199474334717,0.7991672187614051
9551,192,39,0.6,0.6,-0.10806331038475037,0.3290233910083771,0.758143768775824
9552,192,40,0.6,0.6,-0.1923787146806717,0.1404900699853897,0.9159767482098141
9553,192,41,0.6,0.6,-0.12978655099868774,0.1966177374124527,0.8338499024337709
9554,192,42,0.6,0.6,-0.14394067227840424,0.29960399866104126,0.8023001193384429
9555,192,43,0.6,0.6,-0.06689820438623428,0.1897670179605484,0.7829714647204996
9556,192,44,0.6,0.6,-0.12175595760345459,0.35107648372650146,0.7634753298503117
9557,192,45,0.6,0.6,-0.06201261281967163,0.39196979999542236,0.6939288606523532
9558,192,46,0.6,0.6,-0.037263985723257065,0.2465742975473404,0.7287078390233273
9559,192,47,0.6,0.6,0.034941185265779495,0.3028621971607208,0.6384217555699339
9560,192,48,0.6,0.6,-0.15776042640209198,0.2722887098789215,0.825588004693565
9561,192,49,0.6,0.6,-0.0867263525724411,0.35415977239608765,0.7294042094927833
9562,193,0,0.8,0.6,-0.36562928557395935,-0.11097390204668045,1.3653481317155496
9563,193,1,0.8,0.6,-0.45684248208999634,-0.07803866267204285,1.4280719354655196
9564,193,2,0.8,0.6,-0.2754206955432892,-0.023255176842212677,1.2429709119136416
9565,193,3,0.8,0.6,-0.37422052025794983,-0.024798838421702385,1.330100529542019
9566,193,4,0.8,0.6,-0.408290833234787,-0.005423727910965681,1.351482381681991
9567,193,5,0.8,0.6,-0.4745480418205261,-0.1595788151025772,1.4837225775936596
9568,193,6,0.8,0.6,-0.2834588885307312,-0.022689279168844223,1.2496499916088752
9569,193,7,0.8,0.6,-0.41193699836730957,-0.13203629851341248,1.415863139697048
9570,193,8,0.8,0.6,-0.4754815399646759,-0.1337529569864273,1.4714776792996171
9571,193,9,0.8,0.6,-0.36531734466552734,0.01662934012711048,1.3031829651199582
9572,193,10,0.8,0.6,-0.41441643238067627,-0.03316434845328331,1.3695635667571187
9573,193,11,0.8,0.6,-0.4508870244026184,-0.16277983784675598,1.4651114049260419
9574,193,12,0.8,0.6,-0.38744112849235535,-0.07113116979598999,1.3639770821780446
9575,193,13,0.8,0.6,-0.44128164649009705,-0.09972183406352997,1.4249178120082562
9576,193,14,0.8,0.6,-0.42959803342819214,-0.07995607703924179,1.4050806348793912
9577,193,15,0.8,0.6,-0.40964189171791077,-0.018826020881533623,1.3587417526222407
9578,193,16,0.8,0.6,-0.5044033527374268,-0.16504646837711334,1.5122050804731921
9579,193,17,0.8,0.6,-0.3696981966495514,-0.0273578017950058,1.3273174762347832
9580,193,18,0.8,0.6,-0.4222928583621979,-0.04992446303367615,1.3843415905233956
9581,193,19,0.8,0.6,-0.08368782699108124,0.015550799667835236,1.0594739465136112
9582,193,20,0.8,0.6,-0.445889949798584,-0.03226812183856964,1.39714163380181
9583,193,21,0.8,0.6,-0.43666359782218933,-0.085079625248909,1.413743593127731
9584,193,22,0.8,0.6,-0.33130335807800293,-0.009556222707033157,1.285070455904824
9585,193,23,0.8,0.6,-0.420147567987442,-0.12580318748950958,1.4197007975751796
9586,193,24,0.8,0.6,-0.44026538729667664,-0.1366407424211502,1.4425317377170455
9587,193,25,0.8,0.6,-0.48747968673706055,-0.18584196269512177,1.508360545126092
9588,193,26,0.8,0.6,-0.37161868810653687,-0.12105271220207214,1.3757206708101928
9589,193,27,0.8,0.6,-0.39263421297073364,-0.022665483877062798,1.3453953585322709
9590,193,28,0.8,0.6,-0.47146475315093994,-0.14078304171562195,1.4715237454416525
9591,193,29,0.8,0.6,-0.4429718255996704,-0.12605595588684082,1.4394916499630457
9592,193,30,0.8,0.6,-0.11765371263027191,0.12550869584083557,1.0330684072348677
9593,193,31,0.8,0.6,-0.44969940185546875,-0.10084658116102219,1.4328065205473521
9594,193,32,0.8,0.6,-0.426279753446579,-0.09829261898994446,1.4111607333854066
9595,193,33,0.8,0.6,-0.30091261863708496,-0.006508194375783205,1.2569251305146765
9596,193,34,0.8,0.6,-0.44263648986816406,-0.08865156024694443,1.420699270564472
9597,193,35,0.8,0.6,-0.4523307681083679,-0.1436726152896881,1.456496244925712
9598,193,36,0.8,0.6,-0.466213196516037,-0.13298459351062775,1.4630660522872165
9599,193,37,0.8,0.6,-0.5206856727600098,-0.18145254254341125,1.5345614104626513
9600,193,38,0.8,0.6,-0.439881294965744,-0.07798108458518982,1.413139758361232
9601,193,39,0.8,0.6,-0.2915632426738739,-0.07735743373632431,1.2846491372334166
9602,193,40,0.8,0.6,-0.4298614263534546,-0.10692911595106125,1.4185583890032525
9603,193,41,0.8,0.6,-0.29577216506004333,0.002721752505749464,1.2479815473997113
9604,193,42,0.8,0.6,-0.31079697608947754,0.04019062966108322,1.2438876368903993
9605,193,43,0.8,0.6,-0.45018288493156433,-0.07765860855579376,1.4220332047900934
9606,193,44,0.8,0.6,-0.4288986325263977,-0.05801641196012497,1.3939789982041075
9607,193,45,0.8,0.6,-0.4624202251434326,-0.168711319565773,1.4780466561241385
9608,193,46,0.8,0.6,-0.469814658164978,-0.15078294277191162,1.4751624633401879
9609,193,47,0.8,0.6,-0.38860026001930237,-0.1214594841003418,1.3904223693958195
9610,193,48,0.8,0.6,-0.3938884139060974,-0.11467892676591873,1.3914508662624427
9611,194,0,1.0,0.6,-0.25765517354011536,-0.11720836907625198,1.4477860270790137
9612,194,1,1.0,0.6,-0.2934678792953491,-0.09725156426429749,1.4694280855618003
9613,194,2,1.0,0.6,-0.12248431146144867,0.02321431413292885,1.2620034694477784
9614,194,3,1.0,0.6,-0.29481878876686096,-0.05861205235123634,1.4526959527877774
9615,194,4,1.0,0.6,-0.1275743544101715,-0.006315330509096384,1.2802508366464245
9616,194,5,1.0,0.6,-0.2989860475063324,-0.11751748621463776,1.483979816116074
9617,194,6,1.0,0.6,-0.3163352906703949,-0.08549415320158005,1.484129654557803
9618,194,7,1.0,0.6,-0.31923872232437134,-0.02452291175723076,1.4595957227224838
9619,194,8,1.0,0.6,-0.19988512992858887,-0.0025707962922751904,1.342689796478715
9620,194,9,1.0,0.6,-0.3883137106895447,-0.11551003903150558,1.561848128098068
9621,194,10,1.0,0.6,-0.3239758312702179,-0.09746665507555008,1.4964530519631882
9622,194,11,1.0,0.6,-0.35734036564826965,-0.16320735216140747,1.557195662276069
9623,194,12,1.0,0.6,-0.21049578487873077,0.09256386011838913,1.3125515156621945
9624,194,13,1.0,0.6,-0.23510095477104187,-0.08481521904468536,1.4122486511629457
9625,194,14,1.0,0.6,-0.12908673286437988,-0.024447442963719368,1.2902602293158876
9626,194,15,1.0,0.6,-0.40001389384269714,-0.12062466144561768,1.5745916313877075
9627,194,16,1.0,0.6,-0.2255338430404663,-0.034962039440870285,1.380257219495136
9628,194,17,1.0,0.6,-0.3122881054878235,-0.08491601794958115,1.480273631275222
9629,194,18,1.0,0.6,-0.21112880110740662,-0.057142868638038635,1.3779222484137827
9630,194,19,1.0,0.6,-0.22603274881839752,-0.04817437380552292,1.3868259876543192
9631,194,20,1.0,0.6,-0.2762499153614044,-0.01993906870484352,1.4188510476320693
9632,194,21,1.0,0.6,-0.21654845774173737,-0.051241762936115265,1.379893468288744
9633,194,22,1.0,0.6,-0.31847018003463745,-0.09423588216304779,1.4900761979587738
9634,194,23,1.0,0.6,-0.2368997484445572,-0.043541401624679565,1.3942978603251408
9635,194,24,1.0,0.6,-0.2541777789592743,-0.04513420909643173,1.4103758537998645
9636,194,25,1.0,0.6,-0.35704728960990906,-0.12216653674840927,1.5372383852339857
9637,194,26,1.0,0.6,-0.19254954159259796,-0.05969025939702988,1.3628520269992763
9638,194,27,1.0,0.6,-0.3105209469795227,-0.14151239395141602,1.5057575445122846
9639,194,28,1.0,0.6,-0.30639219284057617,-0.06494531035423279,1.4658829514244636
9640,194,29,1.0,0.6,-0.351254403591156,-0.09758193045854568,1.520693596003732
9641,194,30,1.0,0.6,-0.17883475124835968,-0.04573088884353638,1.3441055581900723
9642,194,31,1.0,0.6,-0.2607389986515045,-0.07742559909820557,1.431212166324183
9643,194,32,1.0,0.6,-0.31711629033088684,-0.07035256177186966,1.477893054090554
9644,194,33,1.0,0.6,-0.24811382591724396,-0.08339765667915344,1.4229618686389098
9645,194,34,1.0,0.6,-0.2942814230918884,-0.11920090764760971,1.4806803664943726
9646,194,35,1.0,0.6,-0.35257887840270996,-0.10650254786014557,1.5259801677721798
9647,194,36,1.0,0.6,-0.09766478836536407,-0.003473545890301466,1.2526165846764896
9648,194,37,1.0,0.6,-0.2470865696668625,-0.037704069167375565,1.4006753342856049
9649,194,38,1.0,0.6,-0.24490772187709808,-0.017690356820821762,1.3897253731938048
9650,194,39,1.0,0.6,-0.33747589588165283,-0.10868939757347107,1.5136321991479564
9651,194,40,1.0,0.6,-0.2178906798362732,-0.03844008594751358,1.3750867068576906
9652,194,41,1.0,0.6,-0.19899268448352814,-0.014956081286072731,1.347499328146675
9653,194,42,1.0,0.6,-0.18886452913284302,0.06854160875082016,1.3022468622574688
9654,194,43,1.0,0.6,-0.3520182967185974,-0.1148793026804924,1.5293808852155844
9655,194,44,1.0,0.6,-0.3625376224517822,-0.11976798623800278,1.540965517657571
9656,194,45,1.0,0.6,-0.028258640319108963,-0.050416164100170135,1.2166992306702928
9657,194,46,1.0,0.6,-0.1756502240896225,0.016609378159046173,1.3124397384466664
9658,194,47,1.0,0.6,-0.32983922958374023,-0.0846690982580185,1.4957420067141671
9659,194,48,1.0,0.6,-0.37522444128990173,-0.13520082831382751,1.5594109534931646
9660,194,49,1.0,0.6,-0.395596444606781,-0.1242411732673645,1.5723278008274155
9661,195,0,-1.0,0.8,-0.3127731680870056,-0.0520319901406765,1.09464114244087
9662,195,1,-1.0,0.8,-0.3192652761936188,-0.04649236798286438,1.0862546171358662
9663,195,2,-1.0,0.8,-0.21237677335739136,-0.08527050167322159,1.1849279337916174
9664,195,3,-1.0,0.8,-0.23508889973163605,-0.06058243662118912,1.1513866081966657
9665,195,4,-1.0,0.8,-0.2683912217617035,-0.06733907014131546,1.1346931157757743
9666,195,5,-1.0,0.8,-0.285081684589386,0.010818161070346832,1.064855000742326
9667,195,6,-1.0,0.8,-0.1519353687763214,0.009755052626132965,1.1591810452135938
9668,195,7,-1.0,0.8,-0.28063860535621643,0.0018899436108767986,1.0744582254388948
9669,195,8,-1.0,0.8,-0.258550763130188,-0.0522538423538208,1.1296386956286855
9670,195,9,-1.0,0.8,-0.12908653914928436,0.042155921459198,1.154477329214536
9671,195,10,-1.0,0.8,-0.28722283244132996,-0.027228552848100662,1.091951633196326
9672,195,11,-1.0,0.8,-0.2733440101146698,-0.026140011847019196,1.1002437215502856
9673,195,12,-1.0,0.8,-0.4117066264152527,-0.14862225949764252,1.1162317342819705
9674,195,13,-1.0,0.8,-0.3692069351673126,-0.12073918431997299,1.1160916343128928
9675,195,14,-1.0,0.8,-0.3274915814399719,-0.0559229701757431,1.088518122912327
9676,195,15,-1.0,0.8,-0.20431460440158844,-0.032595641911029816,1.151664339856818
9677,195,16,-1.0,0.8,-0.2591805160045624,-0.006145062390714884,1.0948439932173881
9678,195,17,-1.0,0.8,-0.24295271933078766,-0.011950448155403137,1.1101279725456923
9679,195,18,-1.0,0.8,-0.20509663224220276,-0.042496003210544586,1.1583051754604352
9680,195,19,-1.0,0.8,-0.2967936098575592,-0.05023603513836861,1.1033587551585278
9681,195,20,-1.0,0.8,-0.3080717921257019,-0.03661568462848663,1.0856751119089585
9682,195,21,-1.0,0.8,-0.36362773180007935,-0.011463029310107231,1.0312331994612314
9683,195,22,-1.0,0.8,-0.32716238498687744,-0.07748895138502121,1.1057564451448298
9684,195,23,-1.0,0.8,-0.18444378674030304,0.01242893747985363,1.133754874523417
9685,195,24,-1.0,0.8,-0.29339998960494995,-0.047052666544914246,1.1030783265893382
9686,195,25,-1.0,0.8,-0.36903244256973267,-0.06525535881519318,1.0708813634048948
9687,195,26,-1.0,0.8,-0.307709664106369,-0.06623081862926483,1.1088831048919643
9688,195,27,-1.0,0.8,-0.4339814782142639,-0.09525676816701889,1.0591797052216234
9689,195,28,-1.0,0.8,-0.36436334252357483,-0.05577369034290314,1.066012462127396
9690,195,29,-1.0,0.8,-0.09414899349212646,0.08561008423566818,1.1536546267133403
9691,195,30,-1.0,0.8,-0.2285926192998886,0.010618714615702629,1.1037174279287123
9692,195,31,-1.0,0.8,-0.3913208842277527,-0.011375097557902336,1.0143075544007254
9693,195,32,-1.0,0.8,-0.17742455005645752,-0.06392481178045273,1.1928941492268759
9694,195,33,-1.0,0.8,-0.28468987345695496,-0.015255384147167206,1.0845782214833435
9695,195,34,-1.0,0.8,-0.3222387433052063,0.06125655025243759,1.0025478570230129
9696,195,35,-1.0,0.8,-0.32802537083625793,0.05462609976530075,1.003559740818072
9697,195,36,-1.0,0.8,-0.3731262981891632,-0.00824706070125103,1.0228557812097627
9698,195,37,-1.0,0.8,-0.46505844593048096,-0.13561169803142548,1.07774380803768
9699,195,38,-1.0,0.8,-0.36827555298805237,-0.06163865700364113,1.0684086073200598
9700,195,39,-1.0,0.8,-0.46089816093444824,-0.13686543703079224,1.080901309087355
9701,195,40,-1.0,0.8,-0.32110804319381714,0.003979543689638376,1.0462040221107374
9702,195,41,-1.0,0.8,-0.3479018807411194,0.022197721526026726,1.0149917938290307
9703,195,42,-1.0,0.8,-0.33408764004707336,-0.06513037532567978,1.0917370734060594
9704,195,43,-1.0,0.8,-0.2132592350244522,-0.018243949860334396,1.1351141760886223
9705,195,44,-1.0,0.8,-0.3125106990337372,-0.0037363399751484394,1.057654784482975
9706,195,45,-1.0,0.8,-0.06340466439723969,0.017558060586452484,1.2204205059019948
9707,195,46,-1.0,0.8,-0.4308333098888397,-0.023211032152175903,1.0008132316217369
9708,195,47,-1.0,0.8,-0.2511434257030487,-0.08987339586019516,1.1630394789204368
9709,195,48,-1.0,0.8,-0.338916152715683,-0.048147425055503845,1.0753538523521062
9710,195,49,-1.0,0.8,-0.3730211853981018,0.0028822938911616802,1.0141494324564886
9711,196,0,-0.8,0.8,-0.05045603960752487,0.20475901663303375,0.9571457448270402
9712,196,1,-0.8,0.8,0.005485367029905319,0.21846596896648407,0.9934729516949073
9713,196,2,-0.8,0.8,0.053246308118104935,0.10652296990156174,1.0995179187222581
9714,196,3,-0.8,0.8,0.012594927102327347,0.2110564261674881,1.0035761300026262
9715,196,4,-0.8,0.8,-0.02354825660586357,0.2404666543006897,0.9570553143728203
9716,196,5,-0.8,0.8,0.010973487049341202,0.2744934856891632,0.9663514336306921
9717,196,6,-0.8,0.8,-0.008677959442138672,0.1535322219133377,1.021817576662764
9718,196,7,-0.8,0.8,-0.006770022213459015,0.16202187538146973,1.0179537735825794
9719,196,8,-0.8,0.8,0.10639193654060364,0.1543327420949936,1.1128488444332392
9720,196,9,-0.8,0.8,-0.04489632695913315,0.10227347165346146,1.0281069328617143
9721,196,10,-0.8,0.8,-0.02990373596549034,0.19442032277584076,0.9796810712404452
9722,196,11,-0.8,0.8,0.24538950622081757,0.32513946294784546,1.1481862868742447
9723,196,12,-0.8,0.8,-0.043891288340091705,0.1962597668170929,0.9675756575130223
9724,196,13,-0.8,0.8,0.06503738462924957,0.13518254458904266,1.0909958413418965
9725,196,14,-0.8,0.8,0.036611590534448624,0.13409312069416046,1.0692758883110673
9726,196,15,-0.8,0.8,0.13198617100715637,0.08796609938144684,1.172855702368647
9727,196,16,-0.8,0.8,0.08919456601142883,0.20504622161388397,1.0698770838933644
9728,196,17,-0.8,0.8,-0.07365879416465759,0.11862585693597794,0.9959127823913948
9729,196,18,-0.8,0.8,-0.0641530454158783,0.13228604197502136,0.9936360854518668
9730,196,19,-0.8,0.8,-0.059634968638420105,0.09963306039571762,1.019143870978824
9731,196,20,-0.8,0.8,0.10883146524429321,0.2921403646469116,1.041103280870376
9732,196,21,-0.8,0.8,-0.005381349474191666,0.10280374437570572,1.057119396577318
9733,196,22,-0.8,0.8,0.0020127445459365845,0.14353342354297638,1.0364230836966684
9734,196,23,-0.8,0.8,-0.17904812097549438,0.10484269261360168,0.9321077824354712
9735,196,24,-0.8,0.8,0.12787452340126038,0.20478957891464233,1.102373156669612
9736,196,25,-0.8,0.8,-0.08634981513023376,0.16331766545772552,0.9563790992503194
9737,196,26,-0.8,0.8,0.09187185764312744,0.25167185068130493,1.0469475487296718
9738,196,27,-0.8,0.8,0.06646300852298737,0.24858419597148895,1.0270431023433806
9739,196,28,-0.8,0.8,-0.19436202943325043,0.05911453068256378,0.9569266586515024
9740,196,29,-0.8,0.8,-0.01939207687973976,0.21208053827285767,0.9772400028220596
9741,196,30,-0.8,0.8,0.07146322727203369,0.23940984904766083,1.036199533792674
9742,196,31,-0.8,0.8,0.07354070246219635,0.21949006617069244,1.0488399030036255
9743,196,32,-0.8,0.8,0.020563554018735886,0.1704612523317337,1.0342357473030934
9744,196,33,-0.8,0.8,0.07312570512294769,0.20913110673427582,1.0542649315876471
9745,196,34,-0.8,0.8,-0.06873047351837158,0.09382954984903336,1.0165784893588314
9746,196,35,-0.8,0.8,0.10493868589401245,0.3464480936527252,1.0122368087452804
9747,196,36,-0.8,0.8,0.022051822394132614,0.18270494043827057,1.0280186716499042
9748,196,37,-0.8,0.8,-0.045842744410037994,0.1886596530675888,0.9708193374394766
9749,196,38,-0.8,0.8,-0.021891631186008453,0.22544868290424347,0.9672444621680909
9750,196,39,-0.8,0.8,0.08700600266456604,0.1315264105796814,1.1106919413210203
9751,196,40,-0.8,0.8,-0.04173537343740463,0.19178955256938934,0.9720520522378706
9752,196,41,-0.8,0.8,-0.014576572924852371,0.10795244574546814,1.046814108210311
9753,196,42,-0.8,0.8,-0.04296554625034332,0.211332768201828,0.9589735522718882
9754,196,43,-0.8,0.8,-0.2429589182138443,0.18761660158634186,0.8278334333971732
9755,196,44,-0.8,0.8,-0.06239381805062294,0.0649343803524971,1.0413377669314146
9756,196,45,-0.8,0.8,-0.034070372581481934,0.19714240729808807,0.9747232793135775
9757,196,46,-0.8,0.8,0.02708703652024269,0.12790586054325104,1.0657314381550098
9758,196,47,-0.8,0.8,0.010026093572378159,0.1557159274816513,1.035009293856319
9759,196,48,-0.8,0.8,-0.012160655111074448,0.24123245477676392,0.9658736992742957
9760,197,0,-0.6,0.8,-0.18871565163135529,0.24319635331630707,0.6922319814724537
9761,197,1,-0.6,0.8,-0.24975483119487762,0.15446889400482178,0.7344263660018523
9762,197,2,-0.6,0.8,-0.22284024953842163,0.17405840754508972,0.7307888576964137
9763,197,3,-0.6,0.8,-0.1313861906528473,0.3010534942150116,0.6845045784696396
9764,197,4,-0.6,0.8,-0.23384058475494385,0.17295725643634796,0.7261234878644496
9765,197,5,-0.6,0.8,-0.24759484827518463,0.21283839643001556,0.6847978823485552
9766,197,6,-0.6,0.8,-0.25312909483909607,0.17763499915599823,0.7125009607872113
9767,197,7,-0.6,0.8,-0.22843840718269348,0.15684165060520172,0.7427722932724237
9768,197,8,-0.6,0.8,-0.18250273168087006,0.15516242384910583,0.7681923383307697
9769,197,9,-0.6,0.8,-0.20295436680316925,0.20687679946422577,0.7137509130323215
9770,197,10,-0.6,0.8,-0.24720007181167603,0.16586707532405853,0.7256668350474271
9771,197,11,-0.6,0.8,-0.24213731288909912,0.22337277233600616,0.6786491453687229
9772,197,12,-0.6,0.8,-0.23660820722579956,0.15759974718093872,0.738059401320545
9773,197,13,-0.6,0.8,-0.2655700743198395,0.1274893432855606,0.7510752016841751
9774,197,14,-0.6,0.8,-0.1919565349817276,0.226515993475914,0.7038347640483781
9775,197,15,-0.6,0.8,-0.25346237421035767,0.19873037934303284,0.6939837770531062
9776,197,16,-0.6,0.8,-0.2233143001794815,0.1760718822479248,0.7288198766299676
9777,197,17,-0.6,0.8,-0.24587972462177277,0.17485909163951874,0.7184722157047684
9778,197,18,-0.6,0.8,-0.14661718904972076,0.2650982737541199,0.7011959997076418
9779,197,19,-0.6,0.8,-0.2301706224679947,0.22018805146217346,0.6877177212730102
9780,197,20,-0.6,0.8,-0.26122376322746277,0.1338440626859665,0.747350701759556
9781,197,21,-0.6,0.8,-0.24728618562221527,0.14194804430007935,0.7466186518252921
9782,197,22,-0.6,0.8,-0.18276965618133545,0.23931148648262024,0.6988939611939496
9783,197,23,-0.6,0.8,-0.22219930589199066,0.14830881357192993,0.7532826607167586
9784,197,24,-0.6,0.8,-0.2379610687494278,0.1766890436410904,0.7208250384511592
9785,197,25,-0.6,0.8,-0.2567036747932434,0.17830905318260193,0.7101774427952328
9786,197,26,-0.6,0.8,-0.2571154534816742,0.20624865591526031,0.6856460244495792
9787,197,27,-0.6,0.8,-0.1818842738866806,0.27014049887657166,0.6749606294844438
9788,197,28,-0.6,0.8,-0.22883713245391846,0.1628081500530243,0.7374112339013281
9789,197,29,-0.6,0.8,-0.2583564519882202,0.19909794628620148,0.69123338465061
9790,197,30,-0.6,0.8,-0.25436344742774963,0.19010387361049652,0.701026327222417
9791,197,31,-0.6,0.8,-0.13253585994243622,0.30294308066368103,0.6823403134066385
9792,197,32,-0.6,0.8,-0.18586616218090057,0.270065575838089,0.6725602794832538
9793,197,33,-0.6,0.8,-0.21524645388126373,0.23217156529426575,0.6859040913358856
9794,197,34,-0.6,0.8,-0.15706734359264374,0.2513790428638458,0.7051058734126862
9795,197,35,-0.6,0.8,0.03649440035223961,0.32968786358833313,0.7914029487788528
9796,197,36,-0.6,0.8,-0.15502135455608368,0.23655663430690765,0.7179654735742258
9797,197,37,-0.6,0.8,-0.1922917366027832,0.22827358543872833,0.7022087447116145
9798,197,38,-0.6,0.8,-0.19435887038707733,0.22626575827598572,0.7026490633027824
9799,197,39,-0.6,0.8,-0.23207561671733856,0.1951482594013214,0.7079646742028715
9800,197,40,-0.6,0.8,-0.24125753343105316,0.17035402357578278,0.7246724866773803
9801,197,41,-0.6,0.8,-0.13765974342823029,0.27816349267959595,0.6971885349166379
9802,197,42,-0.6,0.8,-0.21025532484054565,0.22568602859973907,0.6940730866131378
9803,197,43,-0.6,0.8,-0.2268616110086441,0.21813753247261047,0.6912280292755256
9804,197,44,-0.6,0.8,-0.2614303231239319,0.1709369421005249,0.714387679704657
9805,197,45,-0.6,0.8,-0.22753359377384186,0.23432011902332306,0.6772923678211773
9806,197,46,-0.6,0.8,-0.24072010815143585,0.16372446715831757,0.7307041770646195
9807,197,47,-0.6,0.8,-0.2623273730278015,0.17965306341648102,0.7062953523384266
9808,197,48,-0.6,0.8,-0.2298513501882553,0.1799749881029129,0.7221087441206072
9809,197,49,-0.6,0.8,-0.1877284198999405,0.23170284926891327,0.7020893869638476
9810,198,0,-0.4,0.8,-0.12619954347610474,0.054797448217868805,0.7939102803058375
9811,198,1,-0.4,0.8,-0.18858860433101654,0.026109661906957626,0.8022474890035313
9812,198,2,-0.4,0.8,-0.10952521860599518,0.07187841087579727,0.783923878431222
9813,198,3,-0.4,0.8,-0.09418866038322449,0.0822734534740448,0.7801615031685946
9814,198,4,-0.4,0.8,-0.10394839942455292,0.05714298039674759,0.799676873353926
9815,198,5,-0.4,0.8,-0.03872710093855858,0.09769557416439056,0.7897782056657069
9816,198,6,-0.4,0.8,-0.10080790519714355,0.13041843473911285,0.7333862434827512
9817,198,7,-0.4,0.8,-0.10774098336696625,0.031234953552484512,0.8224445449042499
9818,198,8,-0.4,0.8,-0.08749377727508545,0.0751926526427269,0.7893071835634595
9819,198,9,-0.4,0.8,-0.16496428847312927,0.03435034304857254,0.8009127186421633
9820,198,10,-0.4,0.8,-0.2254491150379181,-0.016112562268972397,0.8345703839307224
9821,198,11,-0.4,0.8,-0.21215108036994934,0.01844385638833046,0.8038141714496716
9822,198,12,-0.4,0.8,-0.07502646744251251,0.10583653301000595,0.7664663826721045
9823,198,13,-0.4,0.8,-0.12933960556983948,0.04965195059776306,0.7976711379728064
9824,198,14,-0.4,0.8,-0.10297337174415588,0.03491310775279999,0.8207208846992466
9825,198,15,-0.4,0.8,-0.15843284130096436,0.02308182418346405,0.8136071189929567
9826,198,16,-0.4,0.8,-0.1657865047454834,0.009966565296053886,0.824019896185433
9827,198,17,-0.4,0.8,-0.16357053816318512,0.05751543492078781,0.7792189806500563
9828,198,18,-0.4,0.8,-0.13652002811431885,0.04053877294063568,0.8038675581160087
9829,198,19,-0.4,0.8,-0.1688624620437622,0.04365922510623932,0.790870361828894
9830,198,20,-0.4,0.8,-0.22537873685359955,0.020157137885689735,0.7991542248736996
9831,198,21,-0.4,0.8,-0.03768429160118103,0.13994230329990387,0.7529600490899727
9832,198,22,-0.4,0.8,-0.08684553951025009,0.16512836515903473,0.7079037426446242
9833,198,23,-0.4,0.8,-0.11252407729625702,0.09968185424804688,0.7570257006230517
9834,198,24,-0.4,0.8,-0.11673454195261002,0.08523926883935928,0.7688447323953592
9835,198,25,-0.4,0.8,-0.12183254957199097,0.059975989162921906,0.790577426374555
9836,198,26,-0.4,0.8,-0.0462225042283535,0.1281597763299942,0.7592942793511754
9837,198,27,-0.4,0.8,-0.17140842974185944,0.00913647934794426,0.8232370340863239
9838,198,28,-0.4,0.8,-0.17291150987148285,0.0177701935172081,0.8145260293563097
9839,198,29,-0.4,0.8,-0.1604359745979309,0.022514820098876953,0.8135564683737232
9840,198,30,-0.4,0.8,-0.20737260580062866,-0.02739783376455307,0.8495248603274157
9841,198,31,-0.4,0.8,-0.09064636379480362,0.07945282012224197,0.7841478882603506
9842,198,32,-0.4,0.8,-0.158988818526268,-0.039658673107624054,0.873563436116817
9843,198,33,-0.4,0.8,-0.1397569179534912,0.08764450252056122,0.7584041248188493
9844,198,34,-0.4,0.8,-0.17635393142700195,0.017707839608192444,0.8136329566817213
9845,198,35,-0.4,0.8,-0.16880133748054504,0.013428611680865288,0.8198459431338767
9846,198,36,-0.4,0.8,-0.18791866302490234,0.028025124222040176,0.8005771057965257
9847,198,37,-0.4,0.8,-0.13750968873500824,0.03140895068645477,0.8121781606229564
9848,198,38,-0.4,0.8,-0.21967092156410217,-0.006508065853267908,0.8264223114219021
9849,198,39,-0.4,0.8,-0.058870039880275726,0.16487927734851837,0.7209354908954233
9850,198,40,-0.4,0.8,-0.23075249791145325,-0.013670215383172035,0.8310859981764284
9851,198,41,-0.4,0.8,-0.23019751906394958,-0.024939250200986862,0.8422337259064162
9852,198,42,-0.4,0.8,-0.13356569409370422,0.06154633313417435,0.785048442754556
9853,198,43,-0.4,0.8,-0.1586691290140152,0.028138134628534317,0.8087096688587152
9854,198,44,-0.4,0.8,-0.17920145392417908,0.052046239376068115,0.7798633380155002
9855,198,45,-0.4,0.8,-0.14744608104228973,0.05016859620809555,0.791220965403114
9856,198,46,-0.4,0.8,-0.07672907412052155,0.07504032552242279,0.7937698792078282
9857,198,47,-0.4,0.8,-0.1748611479997635,0.03839147463440895,0.7941882954246648
9858,198,48,-0.4,0.8,-0.174494206905365,0.020448435097932816,0.8115130960499051
9859,198,49,-0.4,0.8,-0.10500748455524445,0.1121639534831047,0.7484243522604118
9860,199,0,-0.2,0.8,-0.16667255759239197,0.06677854061126709,0.7339784921409999
9861,199,1,-0.2,0.8,-0.16302649676799774,0.0719756931066513,0.7289625719944665
9862,199,2,-0.2,0.8,-0.1714341789484024,0.07983627170324326,0.7207300477201133
9863,199,3,-0.2,0.8,-0.14894777536392212,0.07926742732524872,0.722538421784377
9864,199,4,-0.2,0.8,-0.1975027173757553,0.07827930152416229,0.72172501898504
9865,199,5,-0.2,0.8,-0.17658720910549164,0.06836986541748047,0.7320046534050898
9866,199,6,-0.2,0.8,-0.1256112903356552,0.09970885515213013,0.704231047084596
9867,199,7,-0.2,0.8,-0.1641344428062439,0.07757966965436935,0.7233100800414084
9868,199,8,-0.2,0.8,-0.18510274589061737,0.06834430992603302,0.7318073359823694
9869,199,9,-0.2,0.8,-0.19652482867240906,0.08868006616830826,0.711328422799257
9870,199,10,-0.2,0.8,-0.18645310401916504,0.08143752068281174,0.7186901662560718
9871,199,11,-0.2,0.8,-0.17468629777431488,0.07634706050157547,0.7240955464336741
9872,199,12,-0.2,0.8,-0.12084119021892548,0.11537519097328186,0.689185930138469
9873,199,13,-0.2,0.8,-0.18873441219329834,0.07260815799236298,0.7274790754983224
9874,199,14,-0.2,0.8,-0.19149385392665863,0.07640724629163742,0.7236427486959792
9875,199,15,-0.2,0.8,-0.2463396191596985,0.03213649243116379,0.7692605063044522
9876,199,16,-0.2,0.8,-0.1707465946674347,0.07510614395141602,0.7254838828399544
9877,199,17,-0.2,0.8,-0.16004309058189392,0.07225047051906586,0.7288456162109832
9878,199,18,-0.2,0.8,-0.2023048996925354,0.07127312570810318,0.7287305193813627
9879,199,19,-0.2,0.8,-0.18982915580272675,0.08436954766511917,0.7157027248660658
9880,199,20,-0.2,0.8,-0.2107953280210495,0.07004950940608978,0.7300303129496558
9881,199,21,-0.2,0.8,-0.18939100205898285,0.1218712255358696,0.6782117557175901
9882,199,22,-0.2,0.8,-0.16210626065731049,0.15194715559482574,0.649159783584141
9883,199,23,-0.2,0.8,-0.22135911881923676,0.1340738832950592,0.6662685681213371
9884,199,24,-0.2,0.8,-0.20971323549747467,0.07163133472204208,0.7284334283258995
9885,199,25,-0.2,0.8,-0.2089112401008606,0.07065555453300476,0.7293988828711585
9886,199,26,-0.2,0.8,-0.15925347805023193,0.07779506593942642,0.7233534722612731
9887,199,27,-0.2,0.8,-0.1610172688961029,0.07738452404737473,0.7236662071774237
9888,199,28,-0.2,0.8,-0.16708539426326752,0.069853276014328,0.7308882334651541
9889,199,29,-0.2,0.8,-0.1275065392255783,0.08324989676475525,0.7204068380733117
9890,199,30,-0.2,0.8,-0.19875465333461761,0.09738212078809738,0.7026189828609449
9891,199,31,-0.2,0.8,-0.11154117435216904,0.11414025723934174,0.6915407078218243
9892,199,32,-0.2,0.8,-0.16200533509254456,0.07894329726696014,0.7220570359172974
9893,199,33,-0.2,0.8,-0.15590083599090576,0.07819981127977371,0.723146077015464
9894,199,34,-0.2,0.8,-0.19808517396450043,0.0712541863322258,0.728748329327109
9895,199,35,-0.2,0.8,-0.1905643492937088,0.0803632065653801,0.71969864941454
9896,199,36,-0.2,0.8,-0.18911051750183105,0.09304874390363693,0.7070351188769222
9897,199,37,-0.2,0.8,-0.1662624329328537,0.08008649945259094,0.7207035949001743
9898,199,38,-0.2,0.8,-0.2651100754737854,0.1087518259882927,0.6943078279860609
9899,199,39,-0.2,0.8,-0.19196546077728271,0.0717293918132782,0.7283149267790542
9900,199,40,-0.2,0.8,-0.17983704805374146,0.06166806071996689,0.7386072008802796
9901,199,41,-0.2,0.8,-0.20099884271621704,0.07735681533813477,0.722643874965404
9902,199,42,-0.2,0.8,-0.19013561308383942,0.07177136838436127,0.7282954387019168
9903,199,43,-0.2,0.8,-0.16434486210346222,0.0817173570394516,0.7191670487701809
9904,199,44,-0.2,0.8,-0.0681237280368805,0.18350310623645782,0.6304441062671511
9905,199,45,-0.2,0.8,-0.1801181435585022,0.08511543273925781,0.7151609837813714
9906,199,46,-0.2,0.8,-0.12908832728862762,0.10413838177919388,0.6994654080364545
9907,199,47,-0.2,0.8,-0.15948320925235748,0.07618385553359985,0.7249492543086674
9908,199,48,-0.2,0.8,-0.15848861634731293,0.09086496382951736,0.7103489948590568
9909,200,0,0.0,0.8,-0.21619649231433868,0.1013815775513649,0.7313061079149029
9910,200,1,0.0,0.8,-0.22904938459396362,0.06074356287717819,0.7739274516454382
9911,200,2,0.0,0.8,-0.18979433178901672,-0.005007629748433828,0.827078697786632
9912,200,3,0.0,0.8,-0.19446417689323425,0.05193144828081131,0.7729313515222472
9913,200,4,0.0,0.8,-0.19940485060214996,0.06545691937208176,0.7611279995782695
9914,200,5,0.0,0.8,-0.22039946913719177,0.07538311183452606,0.7573939269696919
9915,200,6,0.0,0.8,-0.21972544491291046,0.0347042977809906,0.796214030884324
9916,200,7,0.0,0.8,-0.1470142900943756,0.1957564502954483,0.6218709422794333
9917,200,8,0.0,0.8,-0.09085868299007416,0.2107195109128952,0.5962439057075789
9918,200,9,0.0,0.8,-0.15152916312217712,0.14330746233463287,0.6739482000138342
9919,200,10,0.0,0.8,-0.12655009329319,0.15987811982631683,0.652511262423574
9920,200,11,0.0,0.8,-0.16329818964004517,0.08922731131315231,0.7292901437170577
9921,200,12,0.0,0.8,-0.21739830076694489,0.050032295286655426,0.7808415839908615
9922,200,13,0.0,0.8,-0.20951806008815765,0.08909320831298828,0.7411385052537921
9923,200,14,0.0,0.8,-0.12891705334186554,0.1600005030632019,0.6528544728511126
9924,200,15,0.0,0.8,-0.1440396010875702,0.167687326669693,0.6485111591449957
9925,200,16,0.0,0.8,-0.21655304729938507,0.15012753009796143,0.6850032477523197
9926,200,17,0.0,0.8,-0.22044003009796143,0.09405606240034103,0.7395611197888254
9927,200,18,0.0,0.8,-0.2215413898229599,0.09203457832336426,0.7418191327368588
9928,200,19,0.0,0.8,-0.21238787472248077,0.017277507111430168,0.8110259614850991
9929,200,20,0.0,0.8,-0.20100674033164978,0.0691392570734024,0.7579981102944607
9930,200,21,0.0,0.8,-0.13496901094913483,0.10560806840658188,0.7073872974394055
9931,200,22,0.0,0.8,-0.18706896901130676,0.1800280064344406,0.6475801664447478
9932,200,23,0.0,0.8,-0.21923679113388062,0.10034611821174622,0.7331986940032372
9933,200,24,0.0,0.8,-0.15248830616474152,0.19565103948116302,0.6232899402342306
9934,200,25,0.0,0.8,-0.13982003927230835,0.196269229054451,0.6197100024758491
9935,200,26,0.0,0.8,-0.21574410796165466,0.10100658982992172,0.7315307974250745
9936,200,27,0.0,0.8,-0.20236189663410187,0.07711393386125565,0.7506760964802995
9937,200,28,0.0,0.8,-0.13631132245063782,0.1360510140657425,0.6777971913126896
9938,200,29,0.0,0.8,-0.2189054787158966,0.05794181674718857,0.7736730290919407
9939,200,30,0.0,0.8,-0.1769823431968689,0.09437070041894913,0.7274857099838449
9940,200,31,0.0,0.8,0.04702162370085716,0.1613151878118515,0.640413399621897
9941,200,32,0.0,0.8,-0.19631288945674896,0.12222390621900558,0.7056338879814951
9942,200,33,0.0,0.8,-0.23413261771202087,0.07520473003387451,0.7616733328940642
9943,200,34,0.0,0.8,-0.21263432502746582,0.10392016172409058,0.7278327400124992
9944,200,35,0.0,0.8,-0.16110847890377045,0.17348302900791168,0.6468998816786009
9945,200,36,0.0,0.8,-0.2843281030654907,0.03153648599982262,0.819376984386504
9946,200,37,0.0,0.8,-0.19669391214847565,0.019426267594099045,0.8049744385993579
9947,200,38,0.0,0.8,-0.21168102324008942,0.054238006472587585,0.7752224239467997
9948,200,39,0.0,0.8,-0.22823746502399445,0.04092007875442505,0.7926504067233975
9949,200,40,0.0,0.8,-0.20881126821041107,0.11551188677549362,0.7156298784129159
9950,200,41,0.0,0.8,-0.13078506290912628,0.1752939671278,0.6382494498133675
9951,200,42,0.0,0.8,-0.22256222367286682,0.11274319887161255,0.722395912297014
9952,200,43,0.0,0.8,-0.12716232240200043,0.1911684274673462,0.6219695651326151
9953,200,44,0.0,0.8,-0.18250727653503418,0.1694502979516983,0.6564311332816547
9954,200,45,0.0,0.8,-0.11009864509105682,0.15387962758541107,0.6554336330247736
9955,200,46,0.0,0.8,-0.19089582562446594,0.06796056032180786,0.7565202954879717
9956,200,47,0.0,0.8,-0.21190644800662994,0.04983971267938614,0.7795157467169811
9957,200,48,0.0,0.8,-0.218975231051445,0.0393674261868,0.7915251506804613
9958,200,49,0.0,0.8,-0.22818690538406372,0.05061423406004906,0.7833570641681625
9959,201,0,0.2,0.8,-0.07742507755756378,0.16914241015911102,0.689163240689516
9960,201,1,0.2,0.8,-0.09792579710483551,-0.04212813824415207,0.8932746396283248
9961,201,2,0.2,0.8,-0.06228933855891228,0.24116091430187225,0.6173303984298774
9962,201,3,0.2,0.8,-0.05757886916399002,0.23571349680423737,0.620295197086598
9963,201,4,0.2,0.8,-0.01563960686326027,0.2103344053030014,0.6278582273232601
9964,201,5,0.2,0.8,-0.0698365792632103,0.22582924365997314,0.6344161386223945
9965,201,6,0.2,0.8,-0.06706217676401138,0.22950860857963562,0.6299068454483373
9966,201,7,0.2,0.8,-0.07144713401794434,0.2282034456729889,0.6329572229675544
9967,201,8,0.2,0.8,-0.07671838998794556,0.21466955542564392,0.6474448213578776
9968,201,9,0.2,0.8,-0.06893480569124222,0.20857946574687958,0.6496954502291306
9969,201,10,0.2,0.8,-0.1917990893125534,0.10153622925281525,0.8008484035274854
9970,201,11,0.2,0.8,-0.08754587918519974,0.23816756904125214,0.6311404860357207
9971,201,12,0.2,0.8,-0.13473786413669586,0.15825507044792175,0.7237996907243046
9972,201,13,0.2,0.8,-0.06022331863641739,0.24181069433689117,0.6158664437350146
9973,201,14,0.2,0.8,-0.057861894369125366,0.20588044822216034,0.6476656532288362
9974,201,15,0.2,0.8,-0.14585961401462555,0.19678983092308044,0.6953282539090093
9975,201,16,0.2,0.8,-0.09980195760726929,0.2082456648349762,0.6633659676014065
9976,201,17,0.2,0.8,-0.11353985965251923,0.19533105194568634,0.6811253778358517
9977,201,18,0.2,0.8,-0.06990694999694824,0.2487013190984726,0.6138240767682702
9978,201,19,0.2,0.8,0.010356742888689041,0.29113805294036865,0.5430516054051455
9979,201,20,0.2,0.8,-0.06982235610485077,0.2663857936859131,0.5979533635946752
9980,201,21,0.2,0.8,-0.059958867728710175,0.21187230944633484,0.643018501527585
9981,201,22,0.2,0.8,-0.1027023196220398,0.15628653764724731,0.7113337584557142
9982,201,23,0.2,0.8,-0.09254948049783707,0.21909181773662567,0.650414878950422
9983,201,24,0.2,0.8,-0.19510363042354584,0.015446331351995468,0.8784254878832404
9984,201,25,0.2,0.8,-0.0672445297241211,0.2491908222436905,0.6122175993615738
9985,201,26,0.2,0.8,-0.0676373690366745,0.23460610210895538,0.6255397837686282
9986,201,27,0.2,0.8,-0.0707990899682045,0.28629598021507263,0.580709882015797
9987,201,28,0.2,0.8,-0.07165782898664474,0.1755554974079132,0.6809764407578399
9988,201,29,0.2,0.8,-0.18422645330429077,0.12482547014951706,0.7768465827804194
9989,201,30,0.2,0.8,-0.05668292194604874,0.17150600254535675,0.6788894072345499
9990,201,31,0.2,0.8,-0.10443958640098572,0.22253112494945526,0.6528045369175561
9991,201,32,0.2,0.8,-0.042981553822755814,0.2845924496650696,0.5698113533796731
9992,201,33,0.2,0.8,-0.08939482271671295,0.2477865070104599,0.6234493606179627
9993,201,34,0.2,0.8,-0.10007534921169281,0.2116926610469818,0.6604170956831
9994,201,35,0.2,0.8,-0.09741026163101196,0.2111332267522812,0.6597097394753296
9995,201,36,0.2,0.8,-0.022780518978834152,0.2827945947647095,0.5631452661978789
9996,201,37,0.2,0.8,-0.2318180799484253,0.03052607923746109,0.8823587529480391
9997,201,38,0.2,0.8,-0.05902300775051117,0.19115795195102692,0.6616506313883403
9998,201,39,0.2,0.8,-0.09121072292327881,0.18181686103343964,0.6833403825679033
9999,201,40,0.2,0.8,-0.08006976544857025,0.23023657500743866,0.6348774952521717
10000,201,41,0.2,0.8,-0.08444794267416,0.176945298910141,0.6849144418405381
10001,201,42,0.2,0.8,-0.11384493112564087,0.1474388688802719,0.7241095708810354
10002,201,43,0.2,0.8,-0.056756917387247086,0.24159854650497437,0.6146025527863994
10003,201,44,0.2,0.8,-0.055052049458026886,0.23576168715953827,0.6192062835677546
10004,201,45,0.2,0.8,-0.1291476935148239,0.1689830869436264,0.7117025703967378
10005,201,46,0.2,0.8,-0.17651760578155518,0.4470994174480438,0.516046827941985
10006,201,47,0.2,0.8,-0.026708994060754776,0.2651021480560303,0.5809584150370078
10007,201,48,0.2,0.8,-0.15658266842365265,0.16751468181610107,0.7260777349143276
10008,202,0,0.4,0.8,-0.11851327866315842,0.3724827766418457,0.6720319906208961
10009,202,1,0.4,0.8,-0.12870244681835175,0.3631303608417511,0.6858435381994721
10010,202,2,0.4,0.8,-0.09004329890012741,0.3948350250720978,0.6358467517454558
10011,202,3,0.4,0.8,-0.13541439175605774,0.3837960362434387,0.678155078390026
10012,202,4,0.4,0.8,-0.12551869451999664,0.3524452745914459,0.6902717801891715
10013,202,5,0.4,0.8,-0.14052005112171173,0.351849228143692,0.7021403278405411
10014,202,6,0.4,0.8,-0.1203012764453888,0.37180766463279724,0.6738412975901076
10015,202,7,0.4,0.8,-0.09769498556852341,0.39600908756256104,0.6410218061751778
10016,202,8,0.4,0.8,-0.1171027272939682,0.39281386137008667,0.6581761026254289
10017,202,9,0.4,0.8,-0.12034230679273605,0.38049352169036865,0.6683874636632071
10018,202,10,0.4,0.8,-0.09451442956924438,0.38903486728668213,0.6429905608624983
10019,202,11,0.4,0.8,-0.11871485412120819,0.40588629245758057,0.6514527721629696
10020,202,12,0.4,0.8,-0.08893856406211853,0.4043455719947815,0.6289700675129645
10021,202,13,0.4,0.8,-0.11359754204750061,0.3535061180591583,0.6805433283838997
10022,202,14,0.4,0.8,-0.09620285034179688,0.3963494896888733,0.6396491250379045
10023,202,15,0.4,0.8,-0.09255294501781464,0.39967265725135803,0.6347207141711314
10024,202,16,0.4,0.8,-0.14356140792369843,0.3751354217529297,0.6899050036295246
10025,202,17,0.4,0.8,-0.15771940350532532,0.36926954984664917,0.704684080801918
10026,202,18,0.4,0.8,-0.12595757842063904,0.4077552258968353,0.6561153382670957
10027,202,19,0.4,0.8,-0.1034621074795723,0.4015246331691742,0.6420722012661298
10028,202,20,0.4,0.8,-0.09454140067100525,0.3895566761493683,0.6426779279477353
10029,202,21,0.4,0.8,-0.17020975053310394,0.26923561096191406,0.7790057742237841
10030,202,22,0.4,0.8,-0.10411524772644043,0.39116257429122925,0.6490610323000952
10031,202,23,0.4,0.8,-0.13288632035255432,0.35239794850349426,0.6959277454756103
10032,202,24,0.4,0.8,-0.14126771688461304,0.376892626285553,0.6870157138181182
10033,202,25,0.4,0.8,-0.10451868176460266,0.38529378175735474,0.6530852530095967
10034,202,26,0.4,0.8,-0.12939712405204773,0.3758944571018219,0.6783264895841365
10035,202,27,0.4,0.8,-0.14458446204662323,0.3493897616863251,0.7068393192060817
10036,202,28,0.4,0.8,-0.14728832244873047,0.35093754529953003,0.7079418027707908
10037,202,29,0.4,0.8,-0.09433600306510925,0.3844301998615265,0.6458067378972742
10038,202,30,0.4,0.8,-0.04683877155184746,0.40633097290992737,0.5955167425455044
10039,202,31,0.4,0.8,-0.11484941840171814,0.38431939482688904,0.6617101247114715
10040,202,32,0.4,0.8,-0.15663081407546997,0.2950950860977173,0.7515097040364762
10041,202,33,0.4,0.8,-0.14678412675857544,0.311066210269928,0.733504691201732
10042,202,34,0.4,0.8,-0.11385935544967651,0.39365214109420776,0.6551106926470355
10043,202,35,0.4,0.8,-0.06727239489555359,0.42327988147735596,0.6002179093722055
10044,202,36,0.4,0.8,-0.11850427091121674,0.3592382073402405,0.6805274695571203
10045,202,37,0.4,0.8,-0.10693523287773132,0.40047386288642883,0.6454490410324364
10046,202,38,0.4,0.8,-0.14636412262916565,0.29376304149627686,0.744842005160449
10047,202,39,0.4,0.8,-0.11136877536773682,0.4101312756538391,0.6430362716397899
10048,202,40,0.4,0.8,-0.16926796734333038,0.22339464724063873,0.8102714060572264
10049,202,41,0.4,0.8,-0.11270470917224884,0.27256256341934204,0.7355653392555797
10050,202,42,0.4,0.8,-0.13748009502887726,0.35069048404693604,0.7005454258491933
10051,202,43,0.4,0.8,-0.15261508524417877,0.2949462831020355,0.7486405608781027
10052,202,44,0.4,0.8,-0.11400182545185089,0.3644152581691742,0.673744717147127
10053,202,45,0.4,0.8,-0.11778338253498077,0.3435259461402893,0.6902667550132227
10054,202,46,0.4,0.8,-0.1014510989189148,0.3905807435512543,0.6473618247611077
10055,202,47,0.4,0.8,-0.1296553611755371,0.3638913631439209,0.6860944138837279
10056,202,48,0.4,0.8,-0.11796712875366211,0.3952569365501404,0.6573483809062665
10057,203,0,0.6,0.8,-0.012879934161901474,-0.0438220277428627,1.0429081590448763
10058,203,1,0.6,0.8,-0.2194051891565323,-0.12306572496891022,1.2342913742828443
10059,203,2,0.6,0.8,-0.2771402895450592,-0.027454832568764687,1.205842687702087
10060,203,3,0.6,0.8,-0.18577919900417328,0.029957614839076996,1.1001882677669141
10061,203,4,0.6,0.8,-0.2961743175983429,-0.07796115428209305,1.2545693268812212
10062,203,5,0.6,0.8,-0.16704300045967102,-0.0659903958439827,1.156846718562227
10063,203,6,0.6,0.8,-0.2776980996131897,-0.050836335867643356,1.2224059982253368
10064,203,7,0.6,0.8,-0.27720439434051514,-0.05928121507167816,1.227946153552903
10065,203,8,0.6,0.8,-0.2584058344364166,0.04534859582781792,1.1429607685364913
10066,203,9,0.6,0.8,-0.32623520493507385,-0.0972173884510994,1.2895389474537515
10067,203,10,0.6,0.8,-0.19452206790447235,-0.023272909224033356,1.1441344324201603
10068,203,11,0.6,0.8,-0.271376371383667,-0.07818914204835892,1.237139017983589
10069,203,12,0.6,0.8,-0.2280503362417221,-0.034971512854099274,1.175944210678335
10070,203,13,0.6,0.8,-0.03287456929683685,0.0016035004518926144,1.0188067485805774
10071,203,14,0.6,0.8,-0.36771494150161743,-0.07711052894592285,1.3060609051622651
10072,203,15,0.6,0.8,-0.2628087103366852,-0.04829976335167885,1.2099799003022191
10073,203,16,0.6,0.8,-0.23887081444263458,-0.119807668030262,1.2448897097698726
10074,203,17,0.6,0.8,-0.2044735699892044,-0.03967473283410072,1.1628548412296325
10075,203,18,0.6,0.8,-0.3713492155075073,-0.07918832451105118,1.3101493840106935
10076,203,19,0.6,0.8,-0.29404640197753906,-0.07997327297925949,1.2544608124795344
10077,203,20,0.6,0.8,-0.16058440506458282,-0.0007585086859762669,1.1044015693851734
10078,203,21,0.6,0.8,-0.29461395740509033,-0.11779950559139252,1.2816747111680877
10079,203,22,0.6,0.8,-0.29003140330314636,0.006174627225846052,1.192608326872571
10080,203,23,0.6,0.8,-0.33166804909706116,-0.10686571896076202,1.3001579849904947
10081,203,24,0.6,0.8,-0.29003483057022095,-0.06476940214633942,1.2409625774038069
10082,203,25,0.6,0.8,-0.2472783774137497,-0.07092887908220291,1.21507109308561
10083,203,26,0.6,0.8,-0.21150879561901093,-0.058072060346603394,1.1810309844006985
10084,203,27,0.6,0.8,-0.2788552939891815,-0.10098246484994888,1.2586326031610258
10085,203,28,0.6,0.8,-0.24728244543075562,0.05199761688709259,1.1302190528732516
10086,203,29,0.6,0.8,-0.23562973737716675,-0.14477607607841492,1.2613004764603712
10087,203,30,0.6,0.8,-0.30078285932540894,-0.08657022565603256,1.2638894432165528
10088,203,31,0.6,0.8,-0.31437385082244873,-0.11347870528697968,1.2924870924232283
10089,203,32,0.6,0.8,-0.24175789952278137,-0.10916012525558472,1.239003024517598
10090,203,33,0.6,0.8,-0.20092086493968964,0.009879328310489655,1.1250621794935707
10091,203,34,0.6,0.8,-0.19735507667064667,-0.027646183967590332,1.1492490261595036
10092,203,35,0.6,0.8,-0.23757706582546234,-0.10179348289966583,1.2307586388066105
10093,203,36,0.6,0.8,-0.28811392188072205,-0.018317287787795067,1.2076379928317635
10094,203,37,0.6,0.8,-0.19955769181251526,-0.07254409044981003,1.1834803303458168
10095,203,38,0.6,0.8,-0.22671233117580414,-0.02276083081960678,1.1663570050585292
10096,203,39,0.6,0.8,-0.27348726987838745,0.130209282040596,1.1007268582641985
10097,203,40,0.6,0.8,-0.15362493693828583,-0.06140918284654617,1.1445419720864716
10098,203,41,0.6,0.8,-0.200470432639122,0.07543325424194336,1.0796989777655084
10099,203,42,0.6,0.8,-0.31985899806022644,-0.07417379319667816,1.26898400187876
10100,203,43,0.6,0.8,-0.1630016714334488,0.1468309760093689,1.0043910217196839
10101,203,44,0.6,0.8,-0.23335175216197968,-0.044820547103881836,1.1866747236038795
10102,203,45,0.6,0.8,-0.33721622824668884,-0.057120613753795624,1.270051182043713
10103,203,46,0.6,0.8,-0.2547084093093872,0.011148599907755852,1.1631048948274945
10104,203,47,0.6,0.8,-0.3860178291797638,-0.08856233209371567,1.3273184160088327
10105,203,48,0.6,0.8,-0.2856871783733368,-0.006531885359436274,1.1978879163078529
10106,203,49,0.6,0.8,-0.28102678060531616,-0.02289917692542076,1.205558477855099
10107,204,0,0.8,0.8,-0.403675377368927,-0.03654918074607849,1.4658270518349579
10108,204,1,0.8,0.8,-0.3388127386569977,0.044069599360227585,1.3668669373201103
10109,204,2,0.8,0.8,-0.3056703805923462,-0.15738147497177124,1.4625615471283073
10110,204,3,0.8,0.8,-0.4284408390522003,-0.18336369097232819,1.5735536354932407
10111,204,4,0.8,0.8,-0.2897908091545105,-0.1655035763978958,1.455967432243857
10112,204,5,0.8,0.8,0.3046325147151947,0.0026613003574311733,0.938689484028182
10113,204,6,0.8,0.8,-0.2530492842197418,-0.12936808168888092,1.4045062571088038
10114,204,7,0.8,0.8,-0.29829832911491394,-0.059966620057821274,1.3949200003406235
10115,204,8,0.8,0.8,-0.25186848640441895,-0.07641243934631348,1.3691333304436348
10116,204,9,0.8,0.8,-0.20341160893440247,-0.003868099767714739,1.285705556793033
10117,204,10,0.8,0.8,-0.3746582567691803,0.0034577450715005398,1.41926092882267
10118,204,11,0.8,0.8,-0.24320091307163239,0.03483959287405014,1.2937304949898325
10119,204,12,0.8,0.8,-0.14956974983215332,-0.00988626666367054,1.2480378498774451
10120,204,13,0.8,0.8,-0.010996948927640915,-0.004272220656275749,1.1421776814880074
10121,204,14,0.8,0.8,0.0022023506462574005,0.0074710180051624775,1.1245369165199206
10122,204,15,0.8,0.8,-0.3748711049556732,-0.20631738007068634,1.5469314085285408
10123,204,16,0.8,0.8,-0.29879823327064514,-0.20409038662910461,1.4884740716450777
10124,204,17,0.8,0.8,-0.33046257495880127,-0.11817245930433273,1.4563606347355897
10125,204,18,0.8,0.8,-0.3873142898082733,-0.13042479753494263,1.5084447376854293
10126,204,19,0.8,0.8,-0.3093765079975128,-0.058105938136577606,1.4025198884728913
10127,204,20,0.8,0.8,-0.2634679973125458,-0.1623682677745819,1.4342652697905665
10128,204,21,0.8,0.8,-0.16773037612438202,-0.053004585206508636,1.2900073268230556
10129,204,22,0.8,0.8,-0.21731595695018768,-0.1396671086549759,1.384884844076748
10130,204,23,0.8,0.8,-0.2825569212436676,-0.15004773437976837,1.4403194733574558
10131,204,24,0.8,0.8,-0.26971322298049927,-0.0775158479809761,1.383589694554386
10132,204,25,0.8,0.8,-0.3205295205116272,-0.1444198191165924,1.465440275507069
10133,204,26,0.8,0.8,-0.19856922328472137,-0.0005075307562947273,1.2798253007692073
10134,204,27,0.8,0.8,-0.28344541788101196,-0.13488832116127014,1.4310381359597302
10135,204,28,0.8,0.8,-0.32507169246673584,-0.09580354392528534,1.438141266530888
10136,204,29,0.8,0.8,-0.17310793697834015,-0.11968843638896942,1.3389420738171718
10137,204,30,0.8,0.8,-0.2504498362541199,-0.13489124178886414,1.4062241970823257
10138,204,31,0.8,0.8,-0.13212192058563232,0.048926305025815964,1.1970643132757828
10139,204,32,0.8,0.8,-0.3071950078010559,-0.131880983710289,1.447163761673307
10140,204,33,0.8,0.8,-0.34078747034072876,-0.022449256852269173,1.4063494702893904
10141,204,34,0.8,0.8,-0.12252474576234818,-0.05507948249578476,1.2578604167113077
10142,204,35,0.8,0.8,-0.16243626177310944,-0.10481023043394089,1.3209712756429335
10143,204,36,0.8,0.8,-0.2650061547756195,-0.12398988008499146,1.4099629102247435
10144,204,37,0.8,0.8,-0.4030988812446594,-0.13824796676635742,1.5256985826805225
10145,204,38,0.8,0.8,-0.20383359491825104,-0.12555353343486786,1.3654051521582407
10146,204,39,0.8,0.8,-0.17507871985435486,-0.08004237711429596,1.313488901905832
10147,204,40,0.8,0.8,-0.2659619152545929,-0.03209764510393143,1.352280035998738
10148,204,41,0.8,0.8,-0.10609664022922516,0.06546571105718613,1.16642691286999
10149,204,42,0.8,0.8,-0.35577264428138733,-0.16364692151546478,1.5048009152759787
10150,204,43,0.8,0.8,-0.18145547807216644,-0.14060984551906586,1.3594122762890093
10151,204,44,0.8,0.8,-0.1116335317492485,-0.10709412395954132,1.286038664244406
10152,204,45,0.8,0.8,-0.23782745003700256,-0.11908353865146637,1.3862901453413021
10153,204,46,0.8,0.8,-0.09523619711399078,-0.11127817630767822,1.2774489278392964
10154,204,47,0.8,0.8,-0.2022021859884262,-0.029919983819127083,1.3012211192346672
10155,204,48,0.8,0.8,-0.17957782745361328,-0.06680173426866531,1.3080206292600691
10156,204,49,0.8,0.8,-0.08196069300174713,0.07221084833145142,1.143473529770824
10157,205,0,1.0,0.8,-0.29699206352233887,-0.04173816740512848,1.5461925996804144
10158,205,1,1.0,0.8,-0.2258685678243637,-0.08662506192922592,1.5128971366291764
10159,205,2,1.0,0.8,-0.3201729953289032,-0.018618639558553696,1.553381219993465
10160,205,3,1.0,0.8,0.0750502496957779,0.06763250380754471,1.179785654289392
10161,205,4,1.0,0.8,-0.26455020904541016,-0.06033306568861008,1.5294640287087344
10162,205,5,1.0,0.8,-0.26440414786338806,0.034033991396427155,1.4783172107062237
10163,205,6,1.0,0.8,-0.26333993673324585,-0.062266238033771515,1.5295525035114272
10164,205,7,1.0,0.8,-0.29534897208213806,-0.13702590763568878,1.5987327828798463
10165,205,8,1.0,0.8,-0.2708449065685272,-0.03170091286301613,1.518806500186361
10166,205,9,1.0,0.8,-0.25720417499542236,-0.10084904730319977,1.546638724348063
10167,205,10,1.0,0.8,-0.2708776593208313,0.00417841924354434,1.4994872501486964
10168,205,11,1.0,0.8,-0.230947345495224,-0.04985692352056503,1.4958235717615824
10169,205,12,1.0,0.8,-0.18957281112670898,-0.015202909708023071,1.442095439618449
10170,205,13,1.0,0.8,-0.21703104674816132,-0.08813240379095078,1.5066332451570348
10171,205,14,1.0,0.8,-0.2031720131635666,-0.038004688918590546,1.4662451199951574
10172,205,15,1.0,0.8,-0.3682306706905365,-0.07898120582103729,1.6262420263924064
10173,205,16,1.0,0.8,-0.22795961797237396,-0.036454252898693085,1.4857794387334782
10174,205,17,1.0,0.8,-0.23924101889133453,0.04213898256421089,1.4526085586460113
10175,205,18,1.0,0.8,-0.2505218982696533,-0.014344325289130211,1.492300806869227
10176,205,19,1.0,0.8,-0.26919126510620117,0.023798272013664246,1.4877283320387675
10177,205,20,1.0,0.8,-0.3549599051475525,-0.0045172893442213535,1.5758059567761629
10178,205,21,1.0,0.8,-0.303600937128067,-0.08922333270311356,1.5780030224004031
10179,205,22,1.0,0.8,-0.31151503324508667,-0.05165486037731171,1.56377353975317
10180,205,23,1.0,0.8,-0.29673877358436584,-0.1479632407426834,1.6062894361591427
10181,205,24,1.0,0.8,-0.2220766842365265,-0.0542546845972538,1.491047446700103
10182,205,25,1.0,0.8,-0.26079678535461426,-0.09580715000629425,1.5466347286812516
10183,205,26,1.0,0.8,-0.29886966943740845,-0.08109981566667557,1.5695219983652005
10184,205,27,1.0,0.8,-0.27271196246147156,-0.027487855404615402,1.5180684735000132
10185,205,28,1.0,0.8,-0.23700816929340363,-0.008004067465662956,1.4775181162813786
10186,205,29,1.0,0.8,-0.3233740031719208,-0.13424834609031677,1.6199193573890545
10187,205,30,1.0,0.8,-0.2657088041305542,-0.03189689293503761,1.5146191657735508
10188,205,31,1.0,0.8,-0.3013225793838501,-0.0011034784838557243,1.5281384881132896
10189,205,32,1.0,0.8,-0.31530120968818665,-0.00011835573241114616,1.5395475489205082
10190,205,33,1.0,0.8,-0.25927168130874634,-0.023156730458140373,1.5044441399549178
10191,205,34,1.0,0.8,-0.2193109393119812,-0.027041908353567123,1.4733354963819258
10192,205,35,1.0,0.8,-0.26589590311050415,-0.08764739334583282,1.5460951886690582
10193,205,36,1.0,0.8,-0.20991148054599762,-0.024417642503976822,1.4640868280361048
10194,205,37,1.0,0.8,-0.14406424760818481,-0.2279752790927887,1.5380559733251515
10195,205,38,1.0,0.8,-0.23255234956741333,-0.06308042258024216,1.5046903702308458
10196,205,39,1.0,0.8,-0.17371414601802826,-0.10253700613975525,1.4806005349230906
10197,205,40,1.0,0.8,-0.26483604311943054,0.008584661409258842,1.492028302054192
10198,205,41,1.0,0.8,-0.3039173483848572,-0.025153186172246933,1.5430742795047838
10199,205,42,1.0,0.8,-0.2602153420448303,-0.12072309106588364,1.5607285858684987
10200,205,43,1.0,0.8,-0.27153974771499634,-0.1900673508644104,1.6115355066726853
10201,205,44,1.0,0.8,-0.1901911050081253,-0.12395265698432922,1.5067326832550172
10202,205,45,1.0,0.8,-0.34289437532424927,-0.18006445467472076,1.662495605586482
10203,205,46,1.0,0.8,-0.36300307512283325,-0.13395723700523376,1.65228735495638
10204,205,47,1.0,0.8,-0.36591610312461853,-0.14999867975711823,1.6637981525159267
10205,205,48,1.0,0.8,-0.2522520124912262,-0.08584966510534286,1.5339050596290418
10206,205,49,1.0,0.8,-0.29240840673446655,-0.1225755587220192,1.5879121988791347
10207,206,0,-1.0,1.0,0.10064372420310974,0.28624579310417175,1.3118161744273409
10208,206,1,-1.0,1.0,-0.08699202537536621,0.1753547191619873,1.2302940302775516
10209,206,2,-1.0,1.0,-0.12786202132701874,0.21476352214813232,1.1735505868913365
10210,206,3,-1.0,1.0,-0.1666550189256668,0.12342836707830429,1.209479923407077
10211,206,4,-1.0,1.0,-0.1215115487575531,0.1663212776184082,1.2110995710998151
10212,206,5,-1.0,1.0,-0.06653294712305069,0.20334520936012268,1.2271998998762361
10213,206,6,-1.0,1.0,-0.06910199671983719,0.19805897772312164,1.2286905614195458
10214,206,7,-1.0,1.0,-0.15033571422100067,0.1796644628047943,1.1810502919493664
10215,206,8,-1.0,1.0,-0.09515538811683655,0.22555527091026306,1.1910115071101828
10216,206,9,-1.0,1.0,0.061923179775476456,0.2525320053100586,1.2986105046665306
10217,206,10,-1.0,1.0,-0.14528444409370422,0.2447556108236313,1.1405843979691264
10218,206,11,-1.0,1.0,-0.022261198610067368,0.22702232003211975,1.2463818265170383
10219,206,12,-1.0,1.0,-0.03788824379444122,0.19527031481266022,1.2542921899025998
10220,206,13,-1.0,1.0,-0.16697634756565094,0.16594630479812622,1.1788019222901545
10221,206,14,-1.0,1.0,-0.09260424226522446,0.23426002264022827,1.1873183120301023
10222,206,15,-1.0,1.0,-0.08995084464550018,0.15107083320617676,1.2445361366367365
10223,206,16,-1.0,1.0,-0.21974605321884155,0.10695052891969681,1.1858893621516233
10224,206,17,-1.0,1.0,-0.12197084724903107,0.1647476702928543,1.2118505053684627
10225,206,18,-1.0,1.0,-0.061844274401664734,0.26872190833091736,1.189497294165949
10226,206,19,-1.0,1.0,-0.21240364015102386,0.15540313720703125,1.1548384677897956
10227,206,20,-1.0,1.0,-0.11643572151660919,0.21053500473499298,1.184880083789348
10228,206,21,-1.0,1.0,-0.12109749019145966,0.2368890941143036,1.163962145617047
10229,206,22,-1.0,1.0,-0.10191838443279266,0.17011483013629913,1.2228082365520396
10230,206,23,-1.0,1.0,-0.10952335596084595,0.18111513555049896,1.2097607510593622
10231,206,24,-1.0,1.0,-0.1321457475423813,0.21228335797786713,1.1720360538939907
10232,206,25,-1.0,1.0,0.03054741397500038,0.24048550426959991,1.2801914863313084
10233,206,26,-1.0,1.0,-0.12611694633960724,0.1654646247625351,1.2083546184781806
10234,206,27,-1.0,1.0,-0.12974946200847626,0.14378273487091064,1.2208374191429725
10235,206,28,-1.0,1.0,-0.1072005033493042,0.22134411334991455,1.1846501302218164
10236,206,29,-1.0,1.0,-0.15418171882629395,0.1220332458615303,1.21911204823022
10237,206,30,-1.0,1.0,-0.12086831033229828,0.16403742134571075,1.2131388876333644
10238,206,31,-1.0,1.0,-0.0514327734708786,0.1917305588722229,1.2462260118879556
10239,206,32,-1.0,1.0,-0.04001706838607788,0.22313222289085388,1.2349456555252
10240,206,33,-1.0,1.0,-0.03883891552686691,0.22662706673145294,1.2336678338264178
10241,206,34,-1.0,1.0,-0.0863400250673294,0.18131284415721893,1.2267938738581596
10242,206,35,-1.0,1.0,-0.031012143939733505,0.19332410395145416,1.2608185700004566
10243,206,36,-1.0,1.0,-0.12405703961849213,0.21783505380153656,1.1743330332165425
10244,206,37,-1.0,1.0,-0.10150443017482758,0.19177256524562836,1.208522186509248
10245,206,38,-1.0,1.0,-0.11312150955200195,0.19374527037143707,1.1985825569679156
10246,206,39,-1.0,1.0,-0.15826524794101715,0.21819204092025757,1.1487998423155488
10247,206,40,-1.0,1.0,-0.1086328849196434,0.18118704855442047,1.2103677058240188
10248,206,41,-1.0,1.0,-0.09578487277030945,0.1513662189245224,1.2400743085369792
10249,206,42,-1.0,1.0,-0.08965101838111877,0.1574716567993164,1.2403988380480784
10250,206,43,-1.0,1.0,-0.11401508003473282,0.1694667935371399,1.2143947815448404
10251,206,44,-1.0,1.0,-0.047501739114522934,0.15452133119106293,1.2736118389842295
10252,206,45,-1.0,1.0,-0.07512827962636948,0.19077280163764954,1.2289167415721285
10253,206,46,-1.0,1.0,-0.24916963279247284,0.05862044543027878,1.2041352524043454
10254,206,47,-1.0,1.0,-0.10397012531757355,0.23275233805179596,1.17963490584519
10255,206,48,-1.0,1.0,-0.047532904893159866,0.20445527136325836,1.241001604560997
10256,206,49,-1.0,1.0,-0.10695064067840576,0.23554594814777374,1.175553978164336
10257,207,0,-0.8,1.0,-0.3078744411468506,-0.12075012177228928,1.224037744977305
10258,207,1,-0.8,1.0,-0.23935867846012115,0.048894308507442474,1.1040474300534002
10259,207,2,-0.8,1.0,-0.23485232889652252,-0.1676529049873352,1.297229816446973
10260,207,3,-0.8,1.0,-0.22477690875530243,-0.19156169891357422,1.3231405394057387
10261,207,4,-0.8,1.0,-0.3225075602531433,-0.1481923609972,1.243521100692598
10262,207,5,-0.8,1.0,-0.027371365576982498,0.08550805598497391,1.19718441453218
10263,207,6,-0.8,1.0,-0.23170219361782074,-0.04893479496240616,1.1929906122101808
10264,207,7,-0.8,1.0,-0.34943023324012756,0.0711529552936554,1.032361345255505
10265,207,8,-0.8,1.0,-0.253976970911026,0.23517876863479614,0.9397301018071547
10266,207,9,-0.8,1.0,-0.23166994750499725,0.000810286495834589,1.1495125628463174
10267,207,10,-0.8,1.0,-0.23709963262081146,0.1774986833333969,0.9966770989211707
10268,207,11,-0.8,1.0,-0.358760803937912,-0.05692613869905472,1.1453317819770878
10269,207,12,-0.8,1.0,-0.24679341912269592,0.0580647811293602,1.0923733233994857
10270,207,13,-0.8,1.0,-0.23392833769321442,0.08356203883886337,1.0771702110269985
10271,207,14,-0.8,1.0,-0.21758432686328888,-0.010965527966618538,1.1667301809124988
10272,207,15,-0.8,1.0,-0.19088754057884216,-0.13580533862113953,1.28882572734345
10273,207,16,-0.8,1.0,-0.22864258289337158,-0.10851564258337021,1.2470991251439398
10274,207,17,-0.8,1.0,-0.3277098536491394,-0.2154926210641861,1.304024652451633
10275,207,18,-0.8,1.0,-0.20689435303211212,0.06195879727602005,1.109817825804329
10276,207,19,-0.8,1.0,-0.1799694150686264,-0.03556662052869797,1.2069946776202327
10277,207,20,-0.8,1.0,-0.2815231382846832,0.00206178380176425,1.1245883422315388
10278,207,21,-0.8,1.0,-0.21018755435943604,-0.05264255031943321,1.2066213406763133
10279,207,22,-0.8,1.0,-0.19941377639770508,-0.19727250933647156,1.33946454734484
10280,207,23,-0.8,1.0,-0.29992932081222534,0.02553495392203331,1.0952866338137501
10281,207,24,-0.8,1.0,-0.20108093321323395,-0.008810963481664658,1.1732022880141069
10282,207,25,-0.8,1.0,-0.21813392639160156,-0.14449894428253174,1.2839182065382062
10283,207,26,-0.8,1.0,-0.20490504801273346,-0.12543466687202454,1.2730833402719839
10284,207,27,-0.8,1.0,-0.19069375097751617,-0.152573361992836,1.3037175537183343
10285,207,28,-0.8,1.0,-0.194444477558136,-0.02215428277850151,1.188064336878383
10286,207,29,-0.8,1.0,-0.22765059769153595,-0.12866857647895813,1.2654946044349198
10287,207,30,-0.8,1.0,-0.14825235307216644,-0.02418837510049343,1.2139756270069664
10288,207,31,-0.8,1.0,-0.2635568678379059,-0.09687503427267075,1.2210266478887963
10289,207,32,-0.8,1.0,-0.24248027801513672,-0.2234557420015335,1.3444970037298716
10290,207,33,-0.8,1.0,-0.2777402102947235,-0.11624511331319809,1.2323791790429577
10291,207,34,-0.8,1.0,-0.279960036277771,-0.12408765405416489,1.2385534376300495
10292,207,35,-0.8,1.0,-0.18974310159683228,-0.1262046992778778,1.2809178376165387
10293,207,36,-0.8,1.0,-0.1850135773420334,-0.1998000144958496,1.3482315731497627
10294,207,37,-0.8,1.0,-0.22961707413196564,-0.18591247498989105,1.3159502575927513
10295,207,38,-0.8,1.0,-0.2497381865978241,-0.03900733217597008,1.1757228838480935
10296,207,39,-0.8,1.0,-0.25605228543281555,0.017955321818590164,1.1226267706265034
10297,207,40,-0.8,1.0,-0.08805587887763977,-0.057345449924468994,1.2746936228273318
10298,207,41,-0.8,1.0,-0.21521711349487305,-0.16486944258213043,1.3034154528050033
10299,207,42,-0.8,1.0,-0.28266510367393494,-0.10068065673112869,1.216196243646053
10300,207,43,-0.8,1.0,-0.2171671986579895,-0.10231377184391022,1.2469120762575538
10301,207,44,-0.8,1.0,-0.23820270597934723,-0.017019761726260185,1.1618715055076732
10302,207,45,-0.8,1.0,-0.23056484758853912,-0.05330761894583702,1.1973776901759998
10303,207,46,-0.8,1.0,-0.31572380661964417,-0.13719777762889862,1.2360186960232737
10304,207,47,-0.8,1.0,-0.14953935146331787,0.30678221583366394,0.9506050449998916
10305,207,48,-0.8,1.0,-0.17267797887325287,-0.22196389734745026,1.3735824273086479
10306,208,0,-0.6,1.0,-0.09857684373855591,0.284810870885849,0.8734533027233032
10307,208,1,-0.6,1.0,-0.1168612390756607,0.2532351613044739,0.8894272239028109
10308,208,2,-0.6,1.0,-0.08147042989730835,0.29467496275901794,0.8754177992420962
10309,208,3,-0.6,1.0,-0.06699281185865402,0.2934529483318329,0.8850454219029235
10310,208,4,-0.6,1.0,-0.1100912094116211,0.274795800447464,0.8751752705283682
10311,208,5,-0.6,1.0,-0.09121431410312653,0.27519550919532776,0.8855531740466928
10312,208,6,-0.6,1.0,-0.0998685359954834,0.2750449478626251,0.880733392637525
10313,208,7,-0.6,1.0,-0.13609865307807922,0.2507666051387787,0.8812236604014005
10314,208,8,-0.6,1.0,-0.03225114941596985,0.32429149746894836,0.8825648631869748
10315,208,9,-0.6,1.0,-0.08128899335861206,0.2843130826950073,0.8838941520410944
10316,208,10,-0.6,1.0,-0.09785622358322144,0.2792459726333618,0.878427424525972
10317,208,11,-0.6,1.0,-0.09608089923858643,0.2760831415653229,0.8820374584098591
10318,208,12,-0.6,1.0,-0.1322653740644455,0.23574981093406677,0.8960212228437381
10319,208,13,-0.6,1.0,-0.09159792214632034,0.2796996831893921,0.8816491474296343
10320,208,14,-0.6,1.0,-0.083742156624794,0.2916841506958008,0.8764893058229221
10321,208,15,-0.6,1.0,-0.0042787231504917145,0.3584514856338501,0.8754817736404468
10322,208,16,-0.6,1.0,-0.09762156754732132,0.2701091170310974,0.886072677851391
10323,208,17,-0.6,1.0,-0.03977437689900398,0.29857009649276733,0.8976951923192331
10324,208,18,-0.6,1.0,-0.07002545893192291,0.2926502525806427,0.8838646272787182
10325,208,19,-0.6,1.0,-0.09904184937477112,0.2789081931114197,0.8780275978804352
10326,208,20,-0.6,1.0,-0.12033472955226898,0.2657371759414673,0.8770522598272618
10327,208,21,-0.6,1.0,-0.09995417296886444,0.27643075585365295,0.8795443594303635
10328,208,22,-0.6,1.0,-0.1448548138141632,0.25367990136146545,0.874157211341285
10329,208,23,-0.6,1.0,-0.061123717576265335,0.3155592978000641,0.8711180876246147
10330,208,24,-0.6,1.0,-0.06601347029209137,0.30038776993751526,0.8801129963604095
10331,208,25,-0.6,1.0,-0.05754333734512329,0.3066624701023102,0.8803273034634883
10332,208,26,-0.6,1.0,-0.07905402779579163,0.2912523150444031,0.8796067228515855
10333,208,27,-0.6,1.0,-0.12678973376750946,0.25792622566223145,0.8801144485961618
10334,208,28,-0.6,1.0,-0.036450598388910294,0.3295326232910156,0.8758506900649473
10335,208,29,-0.6,1.0,-0.10334617644548416,0.293194442987442,0.8638513274141288
10336,208,30,-0.6,1.0,-0.10094253718852997,0.272533118724823,0.8821940911953866
10337,208,31,-0.6,1.0,-0.11018523573875427,0.27040573954582214,0.8787640685508132
10338,208,32,-0.6,1.0,-0.0871870368719101,0.2883588969707489,0.8771603015828412
10339,208,33,-0.6,1.0,-0.095783531665802,0.28078019618988037,0.8783572013321677
10340,208,34,-0.6,1.0,-0.1262843757867813,0.2672964632511139,0.8725027022239219
10341,208,35,-0.6,1.0,-0.05743686109781265,0.30935433506965637,0.8782745551263971
10342,208,36,-0.6,1.0,-0.002778712660074234,0.3766009509563446,0.8633073846553683
10343,208,37,-0.6,1.0,-0.11163780093193054,0.27323415875434875,0.8756062045692115
10344,208,38,-0.6,1.0,-0.09955620020627975,0.28038153052330017,0.876524237179991
10345,208,39,-0.6,1.0,-0.11353446543216705,0.2798464596271515,0.8690626203179581
10346,208,40,-0.6,1.0,-0.04578014463186264,0.3147362470626831,0.8813319801153339
10347,208,41,-0.6,1.0,-0.09051309525966644,0.29626986384391785,0.868799752898298
10348,208,42,-0.6,1.0,-0.07977061718702316,0.29544302821159363,0.8758077056281361
10349,208,43,-0.6,1.0,-0.03403082117438316,0.3400076627731323,0.8694314214351392
10350,208,44,-0.6,1.0,-0.047815240919589996,0.31503644585609436,0.879819912633342
10351,208,45,-0.6,1.0,-0.07229115068912506,0.30351361632347107,0.8738248750681207
10352,208,46,-0.6,1.0,-0.09596382081508636,0.2874942123889923,0.8727639814443013
10353,208,47,-0.6,1.0,-0.10294882953166962,0.30452200770378113,0.8548388759481618
10354,208,48,-0.6,1.0,-0.08236329257488251,0.29622119665145874,0.8736431565099227
10355,209,0,-0.4,1.0,-0.1881149411201477,0.20221374928951263,0.8254442319134679
10356,209,1,-0.4,1.0,-0.11318348348140717,0.15035325288772583,0.8967515313766289
10357,209,2,-0.4,1.0,-0.0885467603802681,0.3714113235473633,0.7015175298124088
10358,209,3,-0.4,1.0,0.013184275478124619,0.2453307956457138,0.8603759954247411
10359,209,4,-0.4,1.0,-0.10810621082782745,0.19391587376594543,0.8573060146317696
10360,209,5,-0.4,1.0,-0.043151888996362686,0.20719198882579803,0.8694165382075831
10361,209,6,-0.4,1.0,-0.1981257200241089,0.19611473381519318,0.8288454295613883
10362,209,7,-0.4,1.0,-0.08453970402479172,0.18215017020702362,0.8765805966533633
10363,209,8,-0.4,1.0,-0.20099999010562897,0.19811108708381653,0.8262123411060005
10364,209,9,-0.4,1.0,-0.11011601239442825,0.23134486377239227,0.8215007271568233
10365,209,10,-0.4,1.0,-0.10475797206163406,0.2479400783777237,0.8079368668229364
10366,209,11,-0.4,1.0,-0.06916654855012894,0.32136666774749756,0.7549794515365101
10367,209,12,-0.4,1.0,-0.24467618763446808,0.05348291993141174,0.9591767665812851
10368,209,13,-0.4,1.0,-0.13577477633953094,0.19696947932243347,0.8453833366929516
10369,209,14,-0.4,1.0,0.035882312804460526,0.30693328380584717,0.818739802203308
10370,209,15,-0.4,1.0,-0.10003542900085449,0.34897589683532715,0.7168061988822837
10371,209,16,-0.4,1.0,-0.08508183062076569,0.22956159710884094,0.8323153164844728
10372,209,17,-0.4,1.0,-0.22705087065696716,0.0945930927991867,0.921777125419944
10373,209,18,-0.4,1.0,-0.11378598213195801,0.20907138288021088,0.8411221917196038
10374,209,19,-0.4,1.0,-0.0895736962556839,0.2992245852947235,0.766453307065545
10375,209,20,-0.4,1.0,-0.174376979470253,0.1849115788936615,0.845739251551322
10376,209,21,-0.4,1.0,-0.09339181333780289,0.38055968284606934,0.6911692170836625
10377,209,22,-0.4,1.0,-0.0690980851650238,0.2592366933822632,0.8113115022435569
10378,209,23,-0.4,1.0,-0.10852108895778656,0.2064901888370514,0.8453506822580868
10379,209,24,-0.4,1.0,-0.10917393863201141,0.21621210873126984,0.8360043399829332
10380,209,25,-0.4,1.0,-0.04869701713323593,0.4918871223926544,0.6177317234540438
10381,209,26,-0.4,1.0,-0.1099061667919159,0.18016086518764496,0.8696497220348148
10382,209,27,-0.4,1.0,-0.10881151258945465,0.2186507135629654,0.833844975169908
10383,209,28,-0.4,1.0,-0.09045374393463135,0.21834920346736908,0.8407121102756777
10384,209,29,-0.4,1.0,-0.03187061473727226,0.44960999488830566,0.6621543641937012
10385,209,30,-0.4,1.0,-0.1491529494524002,0.1766175478696823,0.860745551974894
10386,209,31,-0.4,1.0,-0.07437294721603394,0.3783577084541321,0.7017635756742934
10387,209,32,-0.4,1.0,-0.09678392112255096,0.22060567140579224,0.836298696599864
10388,209,33,-0.4,1.0,-0.18535761535167694,0.14655165374279022,0.8800258138354152
10389,209,34,-0.4,1.0,-0.13168619573116302,0.26099956035614014,0.7862022305711387
10390,209,35,-0.4,1.0,-0.11440649628639221,0.20979535579681396,0.8402303428725354
10391,209,36,-0.4,1.0,-0.05398684740066528,0.21729855239391327,0.8557725503055086
10392,209,37,-0.4,1.0,-0.04527674615383148,0.24546723067760468,0.8337555317960633
10393,209,38,-0.4,1.0,-0.11024990677833557,0.2070360630750656,0.8442434019792245
10394,209,39,-0.4,1.0,-0.15157856047153473,0.2454058676958084,0.7944340854503353
10395,209,40,-0.4,1.0,-0.18878985941410065,0.16282114386558533,0.8634107716752452
10396,209,41,-0.4,1.0,-0.2344433218240738,0.1706341952085495,0.8457284740660076
10397,209,42,-0.4,1.0,-0.1400570124387741,0.1834486722946167,0.8569284845071261
10398,209,43,-0.4,1.0,-0.16931329667568207,0.1980367749929428,0.8344826956590303
10399,209,44,-0.4,1.0,-0.1848040670156479,0.14439402520656586,0.8822532933773772
10400,209,45,-0.4,1.0,-0.08488018065690994,0.4479609727859497,0.6356473771756292
10401,209,46,-0.4,1.0,-0.020499233156442642,0.3653082549571991,0.7394960738640362
10402,209,47,-0.4,1.0,-0.23111122846603394,0.12148871272802353,0.8945979538398896
10403,209,48,-0.4,1.0,-0.12474709749221802,0.21897609531879425,0.8281077828534373
10404,209,49,-0.4,1.0,-0.015091829001903534,0.14656375348567963,0.9362199137839099
10405,210,0,-0.2,1.0,-0.08665872365236282,0.4384695887565613,0.5728548225120714
10406,210,1,-0.2,1.0,-0.11457645893096924,0.42334163188934326,0.5829511599446544
10407,210,2,-0.2,1.0,-0.1276165395975113,0.4177916347980499,0.5866906730560543
10408,210,3,-0.2,1.0,-0.07708284258842468,0.44899097084999084,0.5645525465277591
10409,210,4,-0.2,1.0,-0.09140890836715698,0.4364021122455597,0.5739639398631932
10410,210,5,-0.2,1.0,-0.10907965898513794,0.42372480034828186,0.583403474573032
10411,210,6,-0.2,1.0,-0.11947211623191833,0.4129721522331238,0.592525471282017
10412,210,7,-0.2,1.0,-0.09620434045791626,0.4332701563835144,0.5761564497472387
10413,210,8,-0.2,1.0,-0.08744001388549805,0.440115362405777,0.5710871718819389
10414,210,9,-0.2,1.0,-0.09005212038755417,0.4450352191925049,0.5657512210927909
10415,210,10,-0.2,1.0,-0.08570027351379395,0.4399442970752716,0.5716002255539557
10416,210,11,-0.2,1.0,-0.1254015862941742,0.28887271881103516,0.7150293234396996
10417,210,12,-0.2,1.0,-0.11917315423488617,0.41127780079841614,0.5942447364757107
10418,210,13,-0.2,1.0,-0.08556496351957321,0.4432962238788605,0.5683436213434725
10419,210,14,-0.2,1.0,-0.08830028772354126,0.44705289602279663,0.5641164113189935
10420,210,15,-0.2,1.0,-0.11201060563325882,0.42110806703567505,0.5855407787440584
10421,210,16,-0.2,1.0,-0.11241219937801361,0.419083833694458,0.5874820976786654
10422,210,17,-0.2,1.0,-0.07361999154090881,0.4618998169898987,0.5527419954134338
10423,210,18,-0.2,1.0,-0.06030145660042763,0.4666706323623657,0.551321954408421
10424,210,19,-0.2,1.0,-0.1003802940249443,0.4344985783100128,0.5742089721973641
10425,210,20,-0.2,1.0,-0.06539034098386765,0.4682011306285858,0.5485706862065762
10426,210,21,-0.2,1.0,-0.0996822863817215,0.4302486181259155,0.5785155838981589
10427,210,22,-0.2,1.0,-0.06555363535881042,0.46426117420196533,0.5523512600082384
10428,210,23,-0.2,1.0,0.012342888861894608,0.5619356036186218,0.4868161026786153
10429,210,24,-0.2,1.0,-0.1247718334197998,0.4210014343261719,0.5838652379610971
10430,210,25,-0.2,1.0,-0.1360885053873062,0.396842360496521,0.6065342671564709
10431,210,26,-0.2,1.0,-0.11662988364696503,0.43373891711235046,0.5723654342234619
10432,210,27,-0.2,1.0,-0.11583127081394196,0.4094846248626709,0.5964836822968224
10433,210,28,-0.2,1.0,-0.11218860000371933,0.4245557487010956,0.5821055989442667
10434,210,29,-0.2,1.0,-0.11906859278678894,0.41342681646347046,0.5921300467952034
10435,210,30,-0.2,1.0,-0.11571118235588074,0.41518160700798035,0.5908613691566
10436,210,31,-0.2,1.0,-0.10551591217517853,0.4463370442390442,0.5616670823842597
10437,210,32,-0.2,1.0,-0.07771104574203491,0.4527897238731384,0.5607081902668649
10438,210,33,-0.2,1.0,-0.06405565142631531,0.45898735523223877,0.557831110379953
10439,210,34,-0.2,1.0,-0.10605180263519287,0.43457043170928955,0.5731813504341501
10440,210,35,-0.2,1.0,-0.09934796392917633,0.4350268542766571,0.5738688767948058
10441,210,36,-0.2,1.0,-0.1222301572561264,0.41313421726226807,0.5919962798774817
10442,210,37,-0.2,1.0,-0.1237657368183136,0.4109604060649872,0.593952275949827
10443,210,38,-0.2,1.0,-0.12771466374397278,0.29013386368751526,0.7135370357037272
10444,210,39,-0.2,1.0,-0.09646859765052795,0.43719935417175293,0.5722441071930232
10445,210,40,-0.2,1.0,-0.08390900492668152,0.44854483008384705,0.5635422997117132
10446,210,41,-0.2,1.0,-0.1386309117078781,0.3075506091117859,0.6951635231650644
10447,210,42,-0.2,1.0,-0.09819892048835754,0.43494483828544617,0.5741522407602327
10448,210,43,-0.2,1.0,-0.09260645508766174,0.43791937828063965,0.5722481968527826
10449,210,44,-0.2,1.0,-0.1566404104232788,0.3572215139865875,0.6442392692858426
10450,210,45,-0.2,1.0,-0.09362471103668213,0.43448901176452637,0.5754288660791109
10451,210,46,-0.2,1.0,-0.1423989236354828,0.390272855758667,0.612441894732098
10452,210,47,-0.2,1.0,-0.11290834844112396,0.41582179069519043,0.5906345198156188
10453,210,48,-0.2,1.0,-0.11272896826267242,0.4277152717113495,0.5789007196514029
10454,210,49,-0.2,1.0,-0.11570855975151062,0.42235931754112244,0.5837583446347662
10455,211,0,0.0,1.0,-0.12212664633989334,0.1922343671321869,0.8169456746862473
10456,211,1,0.0,1.0,-0.15327464044094086,0.15765419602394104,0.8561772999083618
10457,211,2,0.0,1.0,-0.1378401517868042,0.08393752574920654,0.9263748507894063
10458,211,3,0.0,1.0,-0.12182265520095825,0.1920492947101593,0.8170832892053065
10459,211,4,0.0,1.0,-0.10333162546157837,0.20199309289455414,0.8046691547515237
10460,211,5,0.0,1.0,-0.09916658699512482,0.2087114304304123,0.7974782832828402
10461,211,6,0.0,1.0,-0.06794057041406631,0.2427394539117813,0.7603022134454271
10462,211,7,0.0,1.0,-0.14355355501174927,0.1673160344362259,0.8449675790605956
10463,211,8,0.0,1.0,-0.11591648310422897,0.19743075966835022,0.8108970443784922
10464,211,9,0.0,1.0,-0.11944498121738434,0.20027942955493927,0.8085914260805606
10465,211,10,0.0,1.0,-0.1043749526143074,0.2030021846294403,0.8038032398781954
10466,211,11,0.0,1.0,-0.1006944477558136,0.2056334912776947,0.8007231244247368
10467,211,12,0.0,1.0,-0.10769431293010712,0.19988791644573212,0.8073273259880651
10468,211,13,0.0,1.0,-0.14168468117713928,0.16912885010242462,0.8428650049755221
10469,211,14,0.0,1.0,-0.13700875639915466,0.1772851198911667,0.8340450666975585
10470,211,15,0.0,1.0,-0.11226141452789307,0.1989840567111969,0.8088443401512151
10471,211,16,0.0,1.0,-0.11328552663326263,0.19792276620864868,0.810037961771522
10472,211,17,0.0,1.0,-0.10925804823637009,0.19832462072372437,0.8090863580868122
10473,211,18,0.0,1.0,-0.11466073989868164,0.20781226456165314,0.8004426859263875
10474,211,19,0.0,1.0,-0.0990787148475647,0.207009956240654,0.7991556802258835
10475,211,20,0.0,1.0,-0.107608363032341,0.20847122371196747,0.7988099670675939
10476,211,21,0.0,1.0,-0.15849164128303528,0.07102052122354507,0.9424025001793894
10477,211,22,0.0,1.0,-0.1560845524072647,0.07460609078407288,0.9384648500152319
10478,211,23,0.0,1.0,-0.15809811651706696,0.07457461953163147,0.9388328654565032
10479,211,24,0.0,1.0,-0.13696853816509247,0.06578286737203598,0.9442044436152042
10480,211,25,0.0,1.0,-0.12095095217227936,0.18623191118240356,0.8227075028278426
10481,211,26,0.0,1.0,-0.11947666108608246,0.18704286217689514,0.821689710585336
10482,211,27,0.0,1.0,-0.10764090716838837,0.20214617252349854,0.8050821665612378
10483,211,28,0.0,1.0,-0.12765640020370483,0.18179163336753845,0.8281069301366395
10484,211,29,0.0,1.0,-0.13853348791599274,0.17834816873073578,0.8332486178220195
10485,211,30,0.0,1.0,-0.12066973745822906,0.19076350331306458,0.8181838993211626
10486,211,31,0.0,1.0,-0.11377020180225372,0.1937640756368637,0.8142235716016862
10487,211,32,0.0,1.0,-0.14403054118156433,0.0656726136803627,0.9453636663316075
10488,211,33,0.0,1.0,-0.1059134304523468,0.20064236223697662,0.806343777678147
10489,211,34,0.0,1.0,-0.1508234441280365,0.0682157501578331,0.9439118600550438
10490,211,35,0.0,1.0,-0.13496364653110504,0.06897766888141632,0.9407538290788163
10491,211,36,0.0,1.0,-0.12879915535449982,0.18731562793254852,0.8228275098844839
10492,211,37,0.0,1.0,-0.091820128262043,0.2231055498123169,0.7823016826560457
10493,211,38,0.0,1.0,-0.10024693608283997,0.21346653997898102,0.7928961671786747
10494,211,39,0.0,1.0,-0.158244326710701,0.06930858641862869,0.9440486079912486
10495,211,40,0.0,1.0,-0.10250329971313477,0.19934579730033875,0.807188998161342
10496,211,41,0.0,1.0,-0.11212193220853806,0.1910209357738495,0.816711977405985
10497,211,42,0.0,1.0,-0.10320696234703064,0.25284096598625183,0.754253471443956
10498,211,43,0.0,1.0,-0.11586526036262512,0.1994716078042984,0.8088698691818937
10499,211,44,0.0,1.0,-0.16708125174045563,0.07951205223798752,0.9355288379618657
10500,211,45,0.0,1.0,-0.10808922350406647,0.20439361035823822,0.8029151932031868
10501,211,46,0.0,1.0,-0.14738062024116516,0.07155455648899078,0.9400702041863815
10502,211,47,0.0,1.0,-0.11219199001789093,0.19477516412734985,0.8130031235673765
10503,211,48,0.0,1.0,-0.10495695471763611,0.20773576200008392,0.7991862018060545
10504,212,0,0.2,1.0,-0.14124295115470886,0.24647890031337738,0.8271884908445668
10505,212,1,0.2,1.0,-0.1610962301492691,0.16401886940002441,0.9106343602935414
10506,212,2,0.2,1.0,-0.10875368118286133,0.2632649838924408,0.7988161988861853
10507,212,3,0.2,1.0,-0.09666340053081512,0.29289063811302185,0.7668199416308344
10508,212,4,0.2,1.0,-0.1698877364397049,0.23136313259601593,0.8530061966369872
10509,212,5,0.2,1.0,-0.17007842659950256,0.23119737207889557,0.8532382566040739
10510,212,6,0.2,1.0,-0.12093523144721985,0.2580663859844208,0.8083717649635588
10511,212,7,0.2,1.0,-0.13583646714687347,0.26130741834640503,0.8114510846968819
10512,212,8,0.2,1.0,-0.16029532253742218,0.23244120180606842,0.8479146349292821
10513,212,9,0.2,1.0,-0.15080556273460388,0.2458273321390152,0.8317697733111593
10514,212,10,0.2,1.0,-0.18047817051410675,0.2164783775806427,0.8710165159377999
10515,212,11,0.2,1.0,-0.16784080862998962,0.2306102067232132,0.8527998091533917
10516,212,12,0.2,1.0,-0.12616978585720062,0.26581627130508423,0.8033756759365458
10517,212,13,0.2,1.0,-0.1604321449995041,0.24259699881076813,0.8387911762527066
10518,212,14,0.2,1.0,-0.1765369325876236,0.22820401191711426,0.8587485713661097
10519,212,15,0.2,1.0,-0.15906085073947906,0.2419334053993225,0.8388025133386442
10520,212,16,0.2,1.0,-0.03345433622598648,0.3375798165798187,0.7023542030237611
10521,212,17,0.2,1.0,-0.10447889566421509,0.27810996770858765,0.7834747070752166
10522,212,18,0.2,1.0,-0.10873101651668549,0.26311272382736206,0.7989478696038657
10523,212,19,0.2,1.0,-0.13106396794319153,0.26435163617134094,0.806710521856554
10524,212,20,0.2,1.0,-0.1154203861951828,0.2650301456451416,0.7997941652937461
10525,212,21,0.2,1.0,-0.18299727141857147,0.22449320554733276,0.8649264119890907
10526,212,22,0.2,1.0,-0.08256607502698898,0.30187034606933594,0.7531458029183372
10527,212,23,0.2,1.0,-0.09652987122535706,0.2830648720264435,0.7758388635866257
10528,212,24,0.2,1.0,-0.12449835240840912,0.270061731338501,0.7988172862252787
10529,212,25,0.2,1.0,-0.1600552797317505,0.24367482960224152,0.8376559961224581
10530,212,26,0.2,1.0,-0.036029040813446045,0.3136826455593109,0.725769398027901
10531,212,27,0.2,1.0,-0.027957092970609665,0.30465230345726013,0.7317601077695514
10532,212,28,0.2,1.0,-0.15031251311302185,0.24745450913906097,0.830086485047608
10533,212,29,0.2,1.0,-0.14568361639976501,0.24662931263446808,0.8288935729204527
10534,212,30,0.2,1.0,-0.12612630426883698,0.26679396629333496,0.8024646124284293
10535,212,31,0.2,1.0,-0.13098788261413574,0.25223666429519653,0.8177426151679779
10536,212,32,0.2,1.0,-0.17028768360614777,0.23520593345165253,0.8497193259294299
10537,212,33,0.2,1.0,-0.09608721733093262,0.2802693545818329,0.7782543557352096
10538,212,34,0.2,1.0,-0.12740901112556458,0.25616341829299927,0.8127050638772811
10539,212,35,0.2,1.0,-0.13886532187461853,0.2514774203300476,0.8216542817054804
10540,212,36,0.2,1.0,-0.10247406363487244,0.2828488051891327,0.7783292332878468
10541,212,37,0.2,1.0,-0.16698715090751648,0.23649923503398895,0.8471204088173654
10542,212,38,0.2,1.0,-0.10609743744134903,0.28278183937072754,0.7798060856037208
10543,212,39,0.2,1.0,-0.11936397850513458,0.26310935616493225,0.8031196497025139
10544,212,40,0.2,1.0,-0.12037961184978485,0.26198917627334595,0.8045514723289698
10545,212,41,0.2,1.0,-0.2338806390762329,0.2119632512331009,0.8995856414885162
10546,212,42,0.2,1.0,-0.15034636855125427,0.24128568172454834,0.8356973104618888
10547,212,43,0.2,1.0,-0.13433237373828888,0.2501014173030853,0.821051776966788
10548,212,44,0.2,1.0,-0.020937759429216385,0.31091874837875366,0.7236342065418865
10549,212,45,0.2,1.0,-0.1240047812461853,0.2597852945327759,0.8080203638896224
10550,212,46,0.2,1.0,-0.1314401924610138,0.2597953677177429,0.8110212690371968
10551,212,47,0.2,1.0,-0.15431909263134003,0.2462557703256607,0.8328699677443407
10552,212,48,0.2,1.0,-0.17943836748600006,0.22604261338710785,0.8619649128665845
10553,213,0,0.4,1.0,-0.10364558547735214,0.24880672991275787,0.9044059955546454
10554,213,1,0.4,1.0,-0.10771401971578598,0.23339837789535522,0.9194844059740405
10555,213,2,0.4,1.0,-0.11755150556564331,0.23448064923286438,0.9240559708763322
10556,213,3,0.4,1.0,-0.08033715188503265,0.25389134883880615,0.8873566919895297
10557,213,4,0.4,1.0,-0.06362785398960114,0.2588271498680115,0.8742356551684323
10558,213,5,0.4,1.0,-0.11233094334602356,0.24658341705799103,0.9111089632759847
10559,213,6,0.4,1.0,-0.05387304350733757,0.261822909116745,0.8665484159165481
10560,213,7,0.4,1.0,-0.13359661400318146,0.2432551234960556,0.9259525660586672
10561,213,8,0.4,1.0,-0.11632496118545532,0.23452849686145782,0.9233298910250557
10562,213,9,0.4,1.0,-0.13270089030265808,0.2397451251745224,0.9283090612641607
10563,213,10,0.4,1.0,-0.09138041734695435,0.24984855949878693,0.8967618960672403
10564,213,11,0.4,1.0,-0.08883215487003326,0.25902053713798523,0.8876978314821774
10565,213,12,0.4,1.0,-0.0997331365942955,0.24056772887706757,0.9091042746755226
10566,213,13,0.4,1.0,-0.1212259978055954,0.248423770070076,0.9146274488468605
10567,213,14,0.4,1.0,-0.05683758109807968,0.2556813061237335,0.8733332087795675
10568,213,15,0.4,1.0,-0.08125089854001999,0.25671014189720154,0.8854841842201671
10569,213,16,0.4,1.0,-0.1040017381310463,0.23217792809009552,0.9184598446046154
10570,213,17,0.4,1.0,-0.06261125952005386,0.2519737482070923,0.8795183061233445
10571,213,18,0.4,1.0,-0.053704433143138885,0.24836717545986176,0.877951943775924
10572,213,19,0.4,1.0,-0.08321359008550644,0.26334041357040405,0.8810009761186121
10573,213,20,0.4,1.0,-0.11214620620012283,0.23645968735218048,0.9193952064066403
10574,213,21,0.4,1.0,-0.04670748859643936,0.2731461524963379,0.8531495156178751
10575,213,22,0.4,1.0,-0.11858971416950226,0.22739636898040771,0.9305115057359927
10576,213,23,0.4,1.0,-0.1548779159784317,0.2139800786972046,0.9621417870175998
10577,213,24,0.4,1.0,-0.08280567079782486,0.24140696227550507,0.8992022645871254
10578,213,25,0.4,1.0,-0.08233772218227386,0.29353511333465576,0.8554193792117771
10579,213,26,0.4,1.0,-0.11919600516557693,0.24563772976398468,0.9157657596435503
10580,213,27,0.4,1.0,-0.10823545604944229,0.24409137666225433,0.9108793145209471
10581,213,28,0.4,1.0,-0.08493360131978989,0.2536858916282654,0.8900254749408458
10582,213,29,0.4,1.0,-0.06881861388683319,0.2683916687965393,0.8689313223800165
10583,213,30,0.4,1.0,-0.14810971915721893,0.2244039624929428,0.9497228425342069
10584,213,31,0.4,1.0,-0.1297127902507782,0.25505751371383667,0.9140760077966578
10585,213,32,0.4,1.0,-0.08875750750303268,0.25631287693977356,0.8899182199203326
10586,213,33,0.4,1.0,-0.10295020043849945,0.23388466238975525,0.9164560080237273
10587,213,34,0.4,1.0,-0.08147764205932617,0.2546623647212982,0.8873268340165622
10588,213,35,0.4,1.0,-0.1277133822441101,0.2339797168970108,0.9301980906907421
10589,213,36,0.4,1.0,0.11700980365276337,0.288565993309021,0.7656512241909025
10590,213,37,0.4,1.0,-0.09310615062713623,0.22346509993076324,0.9198696248990134
10591,213,38,0.4,1.0,-0.10943213850259781,0.23899607360363007,0.9157773090277034
10592,213,39,0.4,1.0,-0.11430099606513977,0.24249868094921112,0.91559475911414
10593,213,40,0.4,1.0,-0.11296170949935913,0.2583841383457184,0.9017337753848015
10594,213,41,0.4,1.0,-0.10490556061267853,0.25051721930503845,0.9036891410744378
10595,213,42,0.4,1.0,-0.21718159317970276,0.15433430671691895,1.0469305534541393
10596,213,43,0.4,1.0,-0.07089715451002121,0.25299572944641113,0.8830399256833942
10597,213,44,0.4,1.0,-0.1358518898487091,0.24405048787593842,0.9266050467891053
10598,213,45,0.4,1.0,-0.18652485311031342,0.23703975975513458,0.9623511477161429
10599,213,46,0.4,1.0,-0.19459764659404755,0.1784430295228958,1.0141509833721492
10600,213,47,0.4,1.0,-0.08712553232908249,0.2595852315425873,0.8862873764173425
10601,213,48,0.4,1.0,-0.029136832803487778,0.2730358839035034,0.8441772606275114
10602,213,49,0.4,1.0,-0.1256611943244934,0.22144953906536102,0.9393936935280073
10603,214,0,0.6,1.0,-0.1608118861913681,-0.10956291109323502,1.3453492408455736
10604,214,1,0.6,1.0,-0.10438071191310883,0.1147756576538086,1.131271109680374
10605,214,2,0.6,1.0,-0.07514968514442444,0.0777650997042656,1.1429542023520007
10606,214,3,0.6,1.0,-0.08598467707633972,-0.04835943505167961,1.2528497444807207
10607,214,4,0.6,1.0,-0.12364242970943451,-0.0012633148580789566,1.2353892470619785
10608,214,5,0.6,1.0,-0.10109579563140869,0.0994587317109108,1.1412755541690005
10609,214,6,0.6,1.0,-0.08969391882419586,-0.012543968856334686,1.2251216227503352
10610,214,7,0.6,1.0,-0.2352256178855896,-0.05299617350101471,1.3440248413553018
10611,214,8,0.6,1.0,-0.18036207556724548,0.0201781764626503,1.2526035984555037
10612,214,9,0.6,1.0,-0.12423931062221527,0.030543476343154907,1.2101109578511207
10613,214,10,0.6,1.0,-0.1598723977804184,-0.028191912919282913,1.2785087683317533
10614,214,11,0.6,1.0,-0.14973729848861694,-0.02646661549806595,1.2711175120645075
10615,214,12,0.6,1.0,-0.13376259803771973,0.0244278721511364,1.220716399052058
10616,214,13,0.6,1.0,-0.11151249706745148,-0.06364995241165161,1.279687952099444
10617,214,14,0.6,1.0,0.0008378177881240845,0.04229767248034477,1.1296853848437016
10618,214,15,0.6,1.0,-0.1294477880001068,-0.041383255273103714,1.2714453034957718
10619,214,16,0.6,1.0,-0.10257355868816376,-0.00684115057811141,1.2277372307889036
10620,214,17,0.6,1.0,-0.0977693498134613,-0.001984903123229742,1.2210060653518346
10621,214,18,0.6,1.0,-0.15981674194335938,-0.014947568997740746,1.2678485907835546
10622,214,19,0.6,1.0,-0.17151214182376862,-0.015510397031903267,1.2753400924700018
10623,214,20,0.6,1.0,-0.11016092449426651,0.14048965275287628,1.1149379245964426
10624,214,21,0.6,1.0,-0.17508868873119354,0.06476207077503204,1.214673807925423
10625,214,22,0.6,1.0,-0.11869703233242035,-0.003065097611397505,1.2339631332943422
10626,214,23,0.6,1.0,-0.15742266178131104,-0.0009795348159968853,1.2552486278424428
10627,214,24,0.6,1.0,-0.1292814165353775,0.037580762058496475,1.2075190160257316
10628,214,25,0.6,1.0,-0.13689209520816803,-0.05207109451293945,1.2844701428565548
10629,214,26,0.6,1.0,-0.16776341199874878,0.008176837116479874,1.2542622705145166
10630,214,27,0.6,1.0,-0.10946840047836304,0.036998458206653595,1.196125988670796
10631,214,28,0.6,1.0,-0.18323977291584015,0.020449310541152954,1.2541866269007016
10632,214,29,0.6,1.0,-0.05995023995637894,0.07003003358840942,1.1403413776786568
10633,214,30,0.6,1.0,-0.11512342095375061,-0.0655403882265091,1.2832684154682896
10634,214,31,0.6,1.0,-0.12216858565807343,-0.04281856119632721,1.2684628562504145
10635,214,32,0.6,1.0,-0.09581562876701355,-0.018996823579072952,1.2339019068389006
10636,214,33,0.6,1.0,-0.12411373853683472,-0.0518869012594223,1.2770304457525439
10637,214,34,0.6,1.0,-0.09438353031873703,-0.027838516980409622,1.240411425361118
10638,214,35,0.6,1.0,-0.12855295836925507,-0.05507009103894234,1.2821709364018183
10639,214,36,0.6,1.0,-0.12199170887470245,-0.019405096769332886,1.2491832447655973
10640,214,37,0.6,1.0,-0.1402006596326828,-0.051466748118400574,1.2858768754897736
10641,214,38,0.6,1.0,-0.08436382561922073,0.12715423107147217,1.109149936732004
10642,214,39,0.6,1.0,-0.0801316499710083,-0.18332980573177338,1.364862077436941
10643,214,40,0.6,1.0,-0.1478196680545807,-0.0017637265846133232,1.2501059234440717
10644,214,41,0.6,1.0,-0.1003817766904831,0.2079784870147705,1.0572760803837047
10645,214,42,0.6,1.0,-0.13067170977592468,-0.08067073673009872,1.3045038860393048
10646,214,43,0.6,1.0,-0.07441002875566483,0.04642607644200325,1.1679606648239524
10647,214,44,0.6,1.0,-0.1411513239145279,-0.03759760782122612,1.275113359939652
10648,214,45,0.6,1.0,-0.09128348529338837,0.03018021583557129,1.190975764151443
10649,214,46,0.6,1.0,-0.06435583531856537,-0.0796612873673439,1.2676896983732016
10650,214,47,0.6,1.0,-0.17083066701889038,-0.002219914924353361,1.2643673022851254
10651,214,48,0.6,1.0,-0.14150428771972656,0.17097702622413635,1.1122534332403364
10652,215,0,0.8,1.0,-0.36813580989837646,0.15479372441768646,1.4418442768380577
10653,215,1,0.8,1.0,-0.3309865891933441,0.16220173239707947,1.4074930202788392
10654,215,2,0.8,1.0,-0.2962988018989563,0.1602662205696106,1.3809503551400872
10655,215,3,0.8,1.0,-0.3805154263973236,0.10498825460672379,1.4814394001625493
10656,215,4,0.8,1.0,-0.3723312318325043,0.053761765360832214,1.506561420527874
10657,215,5,0.8,1.0,-0.3898582458496094,0.06755825877189636,1.5116911873794885
10658,215,6,0.8,1.0,-0.30310654640197754,0.11870598047971725,1.4119218114177268
10659,215,7,0.8,1.0,-0.26324349641799927,0.23522664606571198,1.3097194415458113
10660,215,8,0.8,1.0,-0.32041922211647034,0.16452662646770477,1.3976247676574391
10661,215,9,0.8,1.0,-0.2369331270456314,0.20997019112110138,1.3036017063819227
10662,215,10,0.8,1.0,-0.3274179995059967,0.1829185038805008,1.392369748633955
10663,215,11,0.8,1.0,-0.3645244240760803,0.18750853836536407,1.4199505306520062
10664,215,12,0.8,1.0,-0.2571474015712738,0.0959821417927742,1.3909740891211726
10665,215,13,0.8,1.0,-0.2897171974182129,0.10429590195417404,1.4105918621646345
10666,215,14,0.8,1.0,-0.27230456471443176,0.03369082510471344,1.4434647557159879
10667,215,15,0.8,1.0,-0.3365172743797302,0.1912316381931305,1.394911387158087
10668,215,16,0.8,1.0,-0.3899381160736084,0.09456174820661545,1.4952495269671444
10669,215,17,0.8,1.0,-0.3770546317100525,0.1750718355178833,1.437346194410352
10670,215,18,0.8,1.0,-0.31142333149909973,0.13748298585414886,1.406839515187014
10671,215,19,0.8,1.0,-0.37431666254997253,0.09870320558547974,1.4803227808705763
10672,215,20,0.8,1.0,-0.26366445422172546,0.10374365001916885,1.3909196655651122
10673,215,21,0.8,1.0,-0.3656797707080841,0.11065243929624557,1.4662020364082742
10674,215,22,0.8,1.0,-0.3041510581970215,0.14187069237232208,1.3984046152409397
10675,215,23,0.8,1.0,-0.3657349646091461,0.12152417749166489,1.4596772857189986
10676,215,24,0.8,1.0,-0.33454012870788574,0.17981421947479248,1.3999592916310994
10677,215,25,0.8,1.0,-0.3843357264995575,0.16273857653141022,1.4503991879106537
10678,215,26,0.8,1.0,-0.3579394221305847,0.1665455400943756,1.4266990019133987
10679,215,27,0.8,1.0,0.20021893084049225,0.27115556597709656,0.943902293634404
10680,215,28,0.8,1.0,-0.33298036456108093,0.1369149088859558,1.4242753880427401
10681,215,29,0.8,1.0,-0.35428330302238464,0.13714571297168732,1.441141028587905
10682,215,30,0.8,1.0,-0.28311148285865784,0.027612637728452682,1.4555643807835152
10683,215,31,0.8,1.0,-0.37968605756759644,0.08055047690868378,1.4956759742444978
10684,215,32,0.8,1.0,-0.3386998176574707,0.1532079130411148,1.4190469031252426
10685,215,33,0.8,1.0,-0.3389759063720703,0.1599746197462082,1.4152415888344316
10686,215,34,0.8,1.0,-0.3089439570903778,0.12180373817682266,1.414561901878977
10687,215,35,0.8,1.0,-0.36962631344795227,0.08059916645288467,1.4877243043779913
10688,215,36,0.8,1.0,-0.2665633261203766,0.16147972643375397,1.3567142579801295
10689,215,37,0.8,1.0,-0.2896643280982971,0.15697161853313446,1.377702870683137
10690,215,38,0.8,1.0,-0.33418452739715576,0.1866670548915863,1.39566651524848
10691,215,39,0.8,1.0,-0.3474605679512024,0.12046974152326584,1.4457659667384093
10692,215,40,0.8,1.0,-0.3692099153995514,0.06199567764997482,1.4989676230712776
10693,215,41,0.8,1.0,-0.3792983889579773,0.1334611177444458,1.4634323778909588
10694,215,42,0.8,1.0,-0.39245662093162537,0.011623110622167587,1.5488194434019318
10695,215,43,0.8,1.0,-0.32158374786376953,0.06203814595937729,1.4620952578773594
10696,215,44,0.8,1.0,-0.3918367624282837,0.08400549739599228,1.5031702488661411
10697,215,45,0.8,1.0,-0.35192015767097473,0.1540900021791458,1.4291549160472425
10698,215,46,0.8,1.0,-0.36802616715431213,0.14037975668907166,1.4502524228102958
10699,215,47,0.8,1.0,-0.3469761908054352,0.04725516960024834,1.4910657578148583
10700,215,48,0.8,1.0,-0.39196279644966125,0.1415226310491562,1.468931142402822
10701,215,49,0.8,1.0,-0.4433119595050812,0.016724271699786186,1.5851358889737752
10702,216,0,1.0,1.0,-0.015836697071790695,0.2910250127315521,1.2387775133937575
10703,216,1,1.0,1.0,-0.07956232875585556,-0.140336811542511,1.5702938786824925
10704,216,2,1.0,1.0,-0.07556936144828796,-0.08210615813732147,1.5257139931078143
10705,216,3,1.0,1.0,-0.09957638382911682,0.26316940784454346,1.3236266639090035
10706,216,4,1.0,1.0,0.040472570806741714,0.20105767250061035,1.248599907914607
10707,216,5,1.0,1.0,-0.0519142746925354,0.13333457708358765,1.3629499611434042
10708,216,6,1.0,1.0,-0.1271725744009018,0.03496450185775757,1.4838502367679167
10709,216,7,1.0,1.0,-0.07221218943595886,-0.15916985273361206,1.5790230291738991
10710,216,8,1.0,1.0,-0.10294932126998901,0.20937137305736542,1.3570522580325066
10711,216,9,1.0,1.0,0.04854023829102516,0.24537937343120575,1.2143837812629
10712,216,10,1.0,1.0,-0.05788771063089371,0.31423431634902954,1.2607144725024602
10713,216,11,1.0,1.0,-0.05287635698914528,0.36825570464134216,1.2278637863480384
10714,216,12,1.0,1.0,-0.054328802973032,-0.052462462335824966,1.4897269747858277
10715,216,13,1.0,1.0,-0.05933774262666702,-0.23424115777015686,1.6265139681192964
10716,216,14,1.0,1.0,-0.07443812489509583,0.02255943790078163,1.4525175856646022
10717,216,15,1.0,1.0,0.003131117671728134,0.11250132322311401,1.334691526097001
10718,216,16,1.0,1.0,-0.06288285553455353,0.12110883742570877,1.3791916618949216
10719,216,17,1.0,1.0,-0.15681809186935425,-0.17845980823040009,1.6513617463447205
10720,216,18,1.0,1.0,0.07372887432575226,-0.1429525911808014,1.4711624056999097
10721,216,19,1.0,1.0,-0.001294739544391632,0.2889705300331116,1.2280692417777856
10722,216,20,1.0,1.0,0.03531739488244057,-0.14429479837417603,1.4966706766027713
10723,216,21,1.0,1.0,-0.0932912528514862,-0.2834208905696869,1.6859581684941831
10724,216,22,1.0,1.0,-0.18224039673805237,0.2763931453227997,1.386109388113066
10725,216,23,1.0,1.0,-0.13250361382961273,0.13173682987689972,1.4270407730437658
10726,216,24,1.0,1.0,0.008033249527215958,0.22900159657001495,1.2563584568645687
10727,216,25,1.0,1.0,-0.023907601833343506,0.02819313108921051,1.4116640420278124
10728,216,26,1.0,1.0,-0.10301271080970764,-0.20234903693199158,1.6316495477948283
10729,216,27,1.0,1.0,-0.17043089866638184,0.3157007098197937,1.3557927596406938
10730,216,28,1.0,1.0,-0.05271418020129204,-0.05131114274263382,1.4877709044243677
10731,216,29,1.0,1.0,-0.04918035864830017,-0.039600569754838943,1.4770066924722993
10732,216,30,1.0,1.0,-0.10956934094429016,0.23559366166591644,1.3473905048087833
10733,216,31,1.0,1.0,-0.06976340711116791,-0.05209581181406975,1.5004330522988358
10734,216,32,1.0,1.0,-0.015684794634580612,-0.13257652521133423,1.5212972055162892
10735,216,33,1.0,1.0,-0.15298552811145782,-0.11445217579603195,1.6035520821510496
10736,216,34,1.0,1.0,-0.0037661269307136536,-0.08580060303211212,1.4786850195759689
10737,216,35,1.0,1.0,-0.08972619473934174,0.23926064372062683,1.3289949389269475
10738,216,36,1.0,1.0,-0.12993371486663818,-0.2998654246330261,1.722324104850396
10739,216,37,1.0,1.0,-0.041993364691734314,-0.1484326869249344,1.5506926866594897
10740,216,38,1.0,1.0,-0.03784550726413727,-0.25457605719566345,1.6282150902865908
10741,216,39,1.0,1.0,0.01963648572564125,0.09807375818490982,1.3321349653075936
10742,216,40,1.0,1.0,-0.2197708636522293,-0.16310252249240875,1.6854223321301725
10743,216,41,1.0,1.0,-0.04689416289329529,-0.20559373497962952,1.5966977303554317
10744,216,42,1.0,1.0,-0.013238735496997833,0.04147416353225708,1.3947847555403454
10745,216,43,1.0,1.0,-0.0328616127371788,-0.17630049586296082,1.565402813218851
10746,216,44,1.0,1.0,-0.13902080059051514,-0.06533225625753403,1.559583662520426
10747,216,45,1.0,1.0,-0.032993968576192856,-0.018068786710500717,1.4503587809879952
10748,216,46,1.0,1.0,0.014976780861616135,0.22484605014324188,1.2534489970558347
10749,216,47,1.0,1.0,-0.06847335398197174,-0.126761794090271,1.5528127539375152
10750,216,48,1.0,1.0,-0.047151897102594376,-0.2578508257865906,1.636678281012359
10751,216,49,1.0,1.0,0.026609215885400772,0.1830907016992569,1.270759780701863
