sample_idx,session_index,frame_index,true_x_m,true_y_m,est_x_m,est_y_m,rmse_xy_m
0,0,0,-1.0,-1.0,0.008244308643043041,0.21787747740745544,1.5810699339015448
1,0,1,-1.0,-1.0,-0.16231976449489594,0.015787620097398758,1.3166368770845758
2,0,2,-1.0,-1.0,0.058987490832805634,0.2589098811149597,1.6450861966806614
3,0,3,-1.0,-1.0,0.01695660687983036,0.24326340854167938,1.6062081569009705
4,0,4,-1.0,-1.0,-0.0247960202395916,0.19140170514583588,1.5396300936150036
5,0,5,-1.0,-1.0,0.06143248453736305,0.2598956227302551,1.6474149141627974
6,0,6,-1.0,-1.0,-0.12948034703731537,0.004573274403810501,1.3292749639712118
7,0,7,-1.0,-1.0,-0.06161405146121979,0.18621717393398285,1.5125076436669507
8,0,8,-1.0,-1.0,-0.15882007777690887,0.0351099856197834,1.333805212120958
9,0,9,-1.0,-1.0,0.08578521758317947,0.28255510330200195,1.6804395650329593
10,0,10,-1.0,-1.0,0.011996004730463028,0.2607693672180176,1.616686522151323
11,0,11,-1.0,-1.0,-0.04849927872419357,0.17511773109436035,1.512036806602517
12,0,12,-1.0,-1.0,-0.13191552460193634,0.046638473868370056,1.3597877596921668
13,0,13,-1.0,-1.0,0.10942306369543076,0.1430967152118683,1.5929499786834234
14,0,14,-1.0,-1.0,-0.0577198788523674,0.1296083629131317,1.4710223928524278
15,0,15,-1.0,-1.0,0.10562553256750107,0.2718874216079712,1.6852612353904493
16,0,16,-1.0,-1.0,0.01603066548705101,0.17580430209636688,1.5539736387849004
17,0,17,-1.0,-1.0,-0.1117766946554184,0.18515504896640778,1.4810581117052168
18,0,18,-1.0,-1.0,-0.0014318109024316072,0.27031800150871277,1.615811329714793
19,0,19,-1.0,-1.0,-0.046720363199710846,0.08450917899608612,1.4439190508005828
20,0,20,-1.0,-1.0,-0.213284432888031,0.08625218272209167,1.3412178003608568
21,0,21,-1.0,-1.0,-0.16408395767211914,-0.1444459706544876,1.1961305643408873
22,0,22,-1.0,-1.0,-0.09341438859701157,0.05497067794203758,1.390992667888804
23,0,23,-1.0,-1.0,-0.009513163939118385,0.22281011939048767,1.5736355233959591
24,0,24,-1.0,-1.0,0.06762439757585526,0.2801126539707184,1.6668863971954309
25,0,25,-1.0,-1.0,-0.21310853958129883,0.0015420056879520416,1.2736893497385153
26,0,26,-1.0,-1.0,0.0616101436316967,0.24583716690540314,1.6368036973029456
27,0,27,-1.0,-1.0,0.09135077893733978,-0.03957301378250122,1.453776639839135
28,0,28,-1.0,-1.0,-0.12616178393363953,0.08555673062801361,1.393566160348988
29,0,29,-1.0,-1.0,0.018212979659438133,0.23285508155822754,1.5989650790654857
30,0,30,-1.0,-1.0,0.04213804751634598,0.2264741063117981,1.609437927829
31,0,31,-1.0,-1.0,-0.16687320172786713,0.13440322875976562,1.407469696803365
32,0,32,-1.0,-1.0,-0.12535740435123444,-0.0069628991186618805,1.3232997974193237
33,0,33,-1.0,-1.0,-0.12006144225597382,-0.05449749529361725,1.2916140490915544
34,0,34,-1.0,-1.0,0.06489509344100952,0.25038158893585205,1.6423932775022194
35,0,35,-1.0,-1.0,-0.09029220044612885,0.11658728122711182,1.440255337489606
36,0,36,-1.0,-1.0,-0.16136975586414337,0.043284621089696884,1.3385602291199448
37,0,37,-1.0,-1.0,-0.05156306177377701,0.005963686853647232,1.382568466680806
38,0,38,-1.0,-1.0,-0.11706618964672089,0.10578987002372742,1.4150418192096132
39,0,39,-1.0,-1.0,-0.0006647901609539986,0.15353676676750183,1.5262103177178667
40,0,40,-1.0,-1.0,-0.06024689972400665,0.14177215099334717,1.478776363843538
41,0,41,-1.0,-1.0,-0.11508490890264511,-0.05589824914932251,1.2939871847940205
42,0,42,-1.0,-1.0,0.011284984648227692,0.14190156757831573,1.5253316066392846
43,0,43,-1.0,-1.0,0.02448200434446335,0.16409710049629211,1.5507048193029915
44,0,44,-1.0,-1.0,0.011587467044591904,0.16049125790596008,1.5394963992026258
45,0,45,-1.0,-1.0,-0.18207991123199463,0.05862141400575638,1.337786444019302
46,0,46,-1.0,-1.0,0.038109466433525085,0.24556735157966614,1.6214528336094398
47,0,47,-1.0,-1.0,-0.20078866183757782,-0.026572294533252716,1.259484124877176
48,0,48,-1.0,-1.0,-0.17518694698810577,-0.015129484236240387,1.2846347750390286
49,0,49,-1.0,-1.0,-0.08246976882219315,0.047808997333049774,1.3927546158664457
50,1,0,-0.8,-1.0,-0.0030753817409276962,0.16295313835144043,1.4098045429026085
51,1,1,-0.8,-1.0,-0.08286728709936142,-0.02124510332942009,1.21335917010128
52,1,2,-0.8,-1.0,-0.12153302878141403,0.024458684027194977,1.2287526302365557
53,1,3,-0.8,-1.0,-0.15739192068576813,-0.0039041712880134583,1.1853910930901015
54,1,4,-0.8,-1.0,-0.07138507813215256,0.04542168229818344,1.2742786972195892
55,1,5,-0.8,-1.0,-0.06837848573923111,-0.0384429469704628,1.208247493835625
56,1,6,-0.8,-1.0,-0.07953774929046631,-0.05273650586605072,1.190115112926605
57,1,7,-0.8,-1.0,-0.08112897723913193,0.05115652084350586,1.2734620444587583
58,1,8,-0.8,-1.0,-0.12657570838928223,0.09866802394390106,1.2886317175082234
59,1,9,-0.8,-1.0,0.0800395980477333,-0.07552190870046616,1.2763735485448002
60,1,10,-0.8,-1.0,-0.023910842835903168,0.03507630154490471,1.2937145472968745
61,1,11,-0.8,-1.0,0.027796752750873566,0.040478821843862534,1.3296028138397131
62,1,12,-0.8,-1.0,0.07101467996835709,0.0445004440844059,1.3600175551855573
63,1,13,-0.8,-1.0,-0.09038423746824265,-0.029664017260074615,1.2021258044952634
64,1,14,-0.8,-1.0,-0.10786741971969604,-0.005281809717416763,1.2118216810919538
65,1,15,-0.8,-1.0,-0.0201119314879179,0.19573646783828735,1.4275892616316115
66,1,16,-0.8,-1.0,-0.03205454349517822,0.07239831984043121,1.3190065885214444
67,1,17,-0.8,-1.0,-0.03922012448310852,0.13622340559959412,1.3674025180698757
68,1,18,-0.8,-1.0,0.05748816579580307,0.1155637800693512,1.407042466268332
69,1,19,-0.8,-1.0,-0.03588671237230301,0.1240009069442749,1.3591347082393122
70,1,20,-0.8,-1.0,-0.12002849578857422,-0.047654472291469574,1.1701808623823875
71,1,21,-0.8,-1.0,0.16764266788959503,-0.025219880044460297,1.373509597702553
72,1,22,-0.8,-1.0,0.05315520986914635,-0.07471858710050583,1.258578366723404
73,1,23,-0.8,-1.0,0.000542017980478704,0.15881767868995667,1.408448059033998
74,1,24,-0.8,-1.0,-0.05151014402508736,0.05666322261095047,1.2949031741855854
75,1,25,-0.8,-1.0,-0.035459116101264954,0.2626004219055176,1.4760361067902947
76,1,26,-0.8,-1.0,-0.0720931738615036,-0.008792668581008911,1.2297724673279105
77,1,27,-0.8,-1.0,-0.0321732833981514,0.11402318626642227,1.3529987162842274
78,1,28,-0.8,-1.0,-0.1416461318731308,-0.02304927632212639,1.1780757752251474
79,1,29,-0.8,-1.0,-0.061712395399808884,0.011046979576349258,1.2519123699431791
80,1,30,-0.8,-1.0,-0.321641206741333,0.3992759585380554,1.4787833997007411
81,1,31,-0.8,-1.0,-0.09387043118476868,-0.001984585076570511,1.2225603201396524
82,1,32,-0.8,-1.0,-0.07894788682460785,0.017450517043471336,1.247045189456551
83,1,33,-0.8,-1.0,-0.09569871425628662,0.037000544369220734,1.2535591051571153
84,1,34,-0.8,-1.0,-0.029289640486240387,0.024326486513018608,1.2818889223462124
85,1,35,-0.8,-1.0,0.06927895545959473,-0.004783641546964645,1.3214013404478764
86,1,36,-0.8,-1.0,0.014944106340408325,0.27059507369995117,1.5094852558967082
87,1,37,-0.8,-1.0,-0.09405288100242615,0.08921471983194351,1.2979792142864053
88,1,38,-0.8,-1.0,-0.05384187027812004,0.12565946578979492,1.3505040494097826
89,1,39,-0.8,-1.0,-0.0018051409861072898,0.07713593542575836,1.3406479240806408
90,1,40,-0.8,-1.0,0.020794956013560295,0.0612984336912632,1.341662671901112
91,1,41,-0.8,-1.0,-0.02599848434329033,0.24303384125232697,1.4643126294399702
92,1,42,-0.8,-1.0,-0.027150487527251244,0.18795689940452576,1.4172289736567552
93,1,43,-0.8,-1.0,-0.09830491244792938,0.023341331630945206,1.2408075906114147
94,1,44,-0.8,-1.0,0.15730907022953033,0.29788705706596375,1.612746560635947
95,1,45,-0.8,-1.0,0.005307392682880163,0.22708718478679657,1.467740765863538
96,1,46,-0.8,-1.0,-0.1144549697637558,-0.026895806193351746,1.190337666582764
97,1,47,-0.8,-1.0,-0.0849337950348854,0.04150547459721565,1.2633500429806392
98,1,48,-0.8,-1.0,-0.05932795628905296,0.010817945003509521,1.2531352657538886
99,1,49,-0.8,-1.0,-0.0884818434715271,0.08649895340204239,1.2987448028051585
100,2,0,-0.6,-1.0,0.07633303105831146,0.30545544624328613,1.470251778106995
101,2,1,-0.6,-1.0,0.11143282800912857,0.4022773504257202,1.5724243817386083
102,2,2,-0.6,-1.0,0.08541411906480789,0.3188304901123047,1.4863062861547913
103,2,3,-0.6,-1.0,-0.042818740010261536,0.25956103205680847,1.3772962462592298
104,2,4,-0.6,-1.0,-0.051806844770908356,0.40685755014419556,1.5098887051162926
105,2,5,-0.6,-1.0,0.030388791114091873,0.3102896511554718,1.4540457344552178
106,2,6,-0.6,-1.0,-0.1173928827047348,0.31690895557403564,1.4025543935745035
107,2,7,-0.6,-1.0,0.1546451300382614,0.3762032687664032,1.5695300918599162
108,2,8,-0.6,-1.0,0.15296046435832977,0.3998710513114929,1.589524589676629
109,2,9,-0.6,-1.0,0.00957785826176405,0.20727664232254028,1.3524429956122315
110,2,10,-0.6,-1.0,-0.014960924163460732,0.1632883995771408,1.3021177446169825
111,2,11,-0.6,-1.0,-0.1016213521361351,0.06754007190465927,1.1781439138614684
112,2,12,-0.6,-1.0,-0.1556970477104187,0.23525649309158325,1.3127313956549354
113,2,13,-0.6,-1.0,0.19864557683467865,0.364404559135437,1.580960011634438
114,2,14,-0.6,-1.0,0.047894254326820374,0.28353065252304077,1.4377822855898348
115,2,15,-0.6,-1.0,-0.0999152660369873,0.1911669671535492,1.2918836963057634
116,2,16,-0.6,-1.0,-0.09868606179952621,0.16614024341106415,1.2693300327089423
117,2,17,-0.6,-1.0,-0.29432201385498047,-0.034976519644260406,1.0122792840177948
118,2,18,-0.6,-1.0,0.033926550298929214,0.3091174066066742,1.454527846228626
119,2,19,-0.6,-1.0,0.15970377624034882,0.3683757483959198,1.5651204478991192
120,2,20,-0.6,-1.0,0.13000202178955078,0.3594386577606201,1.5430412878568183
121,2,21,-0.6,-1.0,0.030377492308616638,0.3399873673915863,1.4808585103170167
122,2,22,-0.6,-1.0,0.08192530274391174,0.40591850876808167,1.5625712693567106
123,2,23,-0.6,-1.0,-0.20998026430606842,0.09895128756761551,1.1661086255908084
124,2,24,-0.6,-1.0,-0.06826576590538025,0.3529032766819,1.4536466461161783
125,2,25,-0.6,-1.0,0.07816334813833237,0.3411179184913635,1.5028315933785796
126,2,26,-0.6,-1.0,0.19604499638080597,0.38708606362342834,1.5992796453907787
127,2,27,-0.6,-1.0,-0.0004896748578175902,0.28208842873573303,1.4153315403290303
128,2,28,-0.6,-1.0,0.1494411826133728,0.36841362714767456,1.5601980454930666
129,2,29,-0.6,-1.0,-0.003339052200317383,0.35158297419548035,1.4774237113178859
130,2,30,-0.6,-1.0,0.12101735174655914,0.39661601185798645,1.571751349958933
131,2,31,-0.6,-1.0,0.0072372592985630035,0.2623528242111206,1.4008111014245364
132,2,32,-0.6,-1.0,0.16444408893585205,0.35681790113449097,1.5573469690303348
133,2,33,-0.6,-1.0,0.08670035004615784,0.4019613564014435,1.5611063434617423
134,2,34,-0.6,-1.0,-0.31841975450515747,0.10743387788534164,1.1426710937715636
135,2,35,-0.6,-1.0,-0.12032854557037354,0.1469590961933136,1.2432215701697007
136,2,36,-0.6,-1.0,0.16749237477779388,0.3911978304386139,1.5888599525317402
137,2,37,-0.6,-1.0,-0.044340599328279495,0.41377323865890503,1.5190497489888029
138,2,38,-0.6,-1.0,-0.1833065003156662,0.2944360077381134,1.35985221653243
139,2,39,-0.6,-1.0,0.06995745748281479,0.3177575469017029,1.478285475560533
140,2,40,-0.6,-1.0,0.11067944765090942,0.45411810278892517,1.618494588860854
141,2,41,-0.6,-1.0,0.09163316339254379,0.3462143540382385,1.5134891871840277
142,2,42,-0.6,-1.0,0.21821802854537964,0.4464700222015381,1.661853262885868
143,2,43,-0.6,-1.0,-0.30435359477996826,-0.01616862788796425,1.0272930281430797
144,2,44,-0.6,-1.0,-0.18756891787052155,0.3778459131717682,1.4382485035454187
145,2,45,-0.6,-1.0,-0.07284927368164062,0.19067126512527466,1.3021466698697945
146,2,46,-0.6,-1.0,-0.24391786754131317,0.11823303997516632,1.1735585271934366
147,2,47,-0.6,-1.0,-0.11458995938301086,0.22519192099571228,1.3178460269716454
148,2,48,-0.6,-1.0,0.036153510212898254,0.3029284179210663,1.449935774709516
149,2,49,-0.6,-1.0,0.0825321227312088,0.3750589191913605,1.535134238367343
150,3,0,-0.4,-1.0,-0.32212021946907043,0.03902702406048775,1.0419416571687397
151,3,1,-0.4,-1.0,-0.3068859577178955,0.030687741935253143,1.034885233369239
152,3,2,-0.4,-1.0,-0.32269150018692017,-0.03069397807121277,0.9723840641900502
153,3,3,-0.4,-1.0,-0.30945298075675964,-0.009938951581716537,0.9941929602893728
154,3,4,-0.4,-1.0,-0.31325459480285645,0.04176655039191246,1.0453718529012925
155,3,5,-0.4,-1.0,-0.30127111077308655,0.08648345619440079,1.0909599874203042
156,3,6,-0.4,-1.0,-0.315264493227005,-0.004624597728252411,0.9989756241048725
157,3,7,-0.4,-1.0,-0.3056254982948303,0.027588943019509315,1.0319135537379338
158,3,8,-0.4,-1.0,-0.3122251033782959,0.04028337821364403,1.043979855871052
159,3,9,-0.4,-1.0,-0.317111998796463,0.0009490363299846649,1.0043751261722098
160,3,10,-0.4,-1.0,-0.3015807867050171,0.031888436526060104,1.0365713130227945
161,3,11,-0.4,-1.0,-0.30064523220062256,0.06086929142475128,1.0655116251700505
162,3,12,-0.4,-1.0,-0.3165372908115387,-0.03504162281751633,0.9685611459891059
163,3,13,-0.4,-1.0,-0.3057026267051697,0.03823404386639595,1.042507517696383
164,3,14,-0.4,-1.0,-0.31792232394218445,0.004994761198759079,1.0083408228094322
165,3,15,-0.4,-1.0,-0.33402106165885925,-0.056304529309272766,0.945999134094116
166,3,16,-0.4,-1.0,-0.3074835240840912,0.019212529063224792,1.0234028911994306
167,3,17,-0.4,-1.0,-0.3439980149269104,-0.06206515431404114,0.9396052347044848
168,3,18,-0.4,-1.0,-0.2970094680786133,0.05465234816074371,1.059669111159904
169,3,19,-0.4,-1.0,-0.33804288506507874,-0.0459967702627182,0.9560129949117971
170,3,20,-0.4,-1.0,-0.3213791251182556,0.016571860760450363,1.0196075666927622
171,3,21,-0.4,-1.0,-0.3129544258117676,-0.031849585473537445,0.9720556347933591
172,3,22,-0.4,-1.0,-0.315350741147995,-0.03401009738445282,0.9696916979016517
173,3,23,-0.4,-1.0,-0.30438554286956787,0.024169856682419777,1.028623361463872
174,3,24,-0.4,-1.0,-0.308154433965683,0.0140131376683712,1.0181641573755282
175,3,25,-0.4,-1.0,-0.31828659772872925,-0.0274495929479599,0.9759771382403563
176,3,26,-0.4,-1.0,-0.32299527525901794,0.025260183960199356,1.0281479331528787
177,3,27,-0.4,-1.0,-0.3139451742172241,0.013795007020235062,1.0174407841735373
178,3,28,-0.4,-1.0,-0.30381709337234497,0.06041628494858742,1.0647693876664128
179,3,29,-0.4,-1.0,-0.3146991729736328,0.010823331773281097,1.0144161074966322
180,3,30,-0.4,-1.0,-0.3248695135116577,0.026369988918304443,1.0291160984806988
181,3,31,-0.4,-1.0,-0.32432711124420166,-0.03214924782514572,0.9708045449924916
182,3,32,-0.4,-1.0,-0.3037034869194031,0.031465329229831696,1.035950647393343
183,3,33,-0.4,-1.0,-0.3224690556526184,0.025458233430981636,1.0283849648078225
184,3,34,-0.4,-1.0,-0.302083283662796,0.02533022314310074,1.0299950241767875
185,3,35,-0.4,-1.0,-0.29888996481895447,0.03001437336206436,1.034965143638547
186,3,36,-0.4,-1.0,-0.3179115355014801,0.026793943718075752,1.0300700553165516
187,3,37,-0.4,-1.0,-0.30585187673568726,0.0018047168850898743,1.0062189423219021
188,3,38,-0.4,-1.0,-0.2956656217575073,0.037739016115665436,1.0429707225286609
189,3,39,-0.4,-1.0,-0.3187319040298462,-0.008639108389616013,0.9946863429429147
190,3,40,-0.4,-1.0,-0.3107203245162964,0.01656174659729004,1.0204747155610512
191,3,41,-0.4,-1.0,-0.3212171494960785,-0.017341919243335724,0.9858111590004924
192,3,42,-0.4,-1.0,-0.3306235671043396,0.004682518541812897,1.007074998450883
193,3,43,-0.4,-1.0,-0.3112677037715912,-0.02380039542913437,0.980223999072804
194,3,44,-0.4,-1.0,-0.33114469051361084,-0.0031067989766597748,0.999268286243003
195,3,45,-0.4,-1.0,-0.2976320683956146,0.04617422819137573,1.0511706375050536
196,3,46,-0.4,-1.0,-0.2991401255130768,0.07876400649547577,1.0834687332783022
197,3,47,-0.4,-1.0,-0.30788859724998474,-0.0023319870233535767,1.0019111610483964
198,3,48,-0.4,-1.0,-0.29246169328689575,0.013387475162744522,1.019077358313609
199,4,0,-0.2,-1.0,-0.31027644872665405,0.07754984498023987,1.0831779925574103
200,4,1,-0.2,-1.0,-0.30684587359428406,0.09439495205879211,1.0995982683670849
201,4,2,-0.2,-1.0,-0.31963950395584106,0.0813751220703125,1.0879732375106397
202,4,3,-0.2,-1.0,-0.32868900895118713,0.08064541220664978,1.0882809232675719
203,4,4,-0.2,-1.0,-0.3299916982650757,0.07625903189182281,1.08408087583287
204,4,5,-0.2,-1.0,-0.31193968653678894,0.08963344991207123,1.095368225113928
205,4,6,-0.2,-1.0,-0.3075611889362335,0.07476815581321716,1.0801370274717557
206,4,7,-0.2,-1.0,-0.32371434569358826,0.08423998951911926,1.0912752146927982
207,4,8,-0.2,-1.0,-0.3224770128726959,0.0524875670671463,1.0595898723152932
208,4,9,-0.2,-1.0,-0.32189837098121643,0.0860351175069809,1.0928547430039712
209,4,10,-0.2,-1.0,-0.31352749466896057,0.0893377810716629,1.0952375510892352
210,4,11,-0.2,-1.0,-0.2778165936470032,0.10687920451164246,1.1096111911958841
211,4,12,-0.2,-1.0,-0.283780962228775,0.11209555715322495,1.115246958243743
212,4,13,-0.2,-1.0,-0.3257487714290619,0.07665733993053436,1.0839759135433835
213,4,14,-0.2,-1.0,-0.33075621724128723,0.0714639276266098,1.0794128665864102
214,4,15,-0.2,-1.0,-0.3257777988910675,0.07742386311292648,1.0847406305191412
215,4,16,-0.2,-1.0,-0.304857075214386,0.08215071260929108,1.0872190078467687
216,4,17,-0.2,-1.0,-0.30333226919174194,0.09646280109882355,1.1013211303020536
217,4,18,-0.2,-1.0,-0.3003702461719513,0.08638301491737366,1.091009734795057
218,4,19,-0.2,-1.0,-0.30638378858566284,0.0903746634721756,1.0955521061163176
219,4,20,-0.2,-1.0,-0.32366716861724854,0.083867147564888,1.090899428070367
220,4,21,-0.2,-1.0,-0.31802284717559814,0.07433260977268219,1.0807959793024846
221,4,22,-0.2,-1.0,-0.3289431035518646,0.075783871114254,1.0834838537344047
222,4,23,-0.2,-1.0,-0.2958137094974518,0.10168977826833725,1.10584837770311
223,4,24,-0.2,-1.0,-0.3031955361366272,0.09520833939313889,1.1000593735589015
224,4,25,-0.2,-1.0,-0.3221459984779358,0.043475229293107986,1.0505999234211263
225,4,26,-0.2,-1.0,-0.23310863971710205,0.025777515023946762,1.0263116935671248
226,4,27,-0.2,-1.0,-0.29350560903549194,0.0988624095916748,1.1028335749943052
227,4,28,-0.2,-1.0,-0.296402245759964,0.1027112677693367,1.1069171301651368
228,4,29,-0.2,-1.0,-0.32110604643821716,0.07770296931266785,1.0844862214658315
229,4,30,-0.2,-1.0,-0.3033819794654846,0.08570903539657593,1.0906199811208144
230,4,31,-0.2,-1.0,-0.3091217577457428,0.0949547067284584,1.1003787383443597
231,4,32,-0.2,-1.0,-0.1907743215560913,-0.2590814530849457,0.7409759822730194
232,4,33,-0.2,-1.0,-0.18196870386600494,-0.25159573554992676,0.7486214468523641
233,4,34,-0.2,-1.0,-0.32092607021331787,0.0798087790608406,1.0865588404656692
234,4,35,-0.2,-1.0,-0.30882328748703003,0.08190352469682693,1.0873627475000707
235,4,36,-0.2,-1.0,-0.31099140644073486,0.07776634395122528,1.0834663744010162
236,4,37,-0.2,-1.0,-0.2391173094511032,-0.1809297353029251,0.8200038185335661
237,4,38,-0.2,-1.0,-0.3295224905014038,0.05920622497797012,1.0670960137577914
238,4,39,-0.2,-1.0,-0.3239150047302246,0.07104285061359406,1.078187236173655
239,4,40,-0.2,-1.0,-0.30074235796928406,0.09812435507774353,1.1027357443667642
240,4,41,-0.2,-1.0,-0.21187864243984222,-0.21380749344825745,0.7862822390874192
241,4,42,-0.2,-1.0,-0.1903340071439743,-0.2641553282737732,0.7359081548167348
242,4,43,-0.2,-1.0,-0.3180055618286133,0.004078559577465057,1.0109891524767434
243,4,44,-0.2,-1.0,-0.322391152381897,0.0843227282166481,1.0912082171192459
244,4,45,-0.2,-1.0,-0.3307400345802307,0.041431404650211334,1.0496057961128797
245,4,46,-0.2,-1.0,-0.3035481572151184,0.09661418944597244,1.1014921249636305
246,4,47,-0.2,-1.0,-0.3305293619632721,0.06641918420791626,1.0743778621980336
247,4,48,-0.2,-1.0,-0.32931646704673767,0.07042082399129868,1.0782038253890869
248,4,49,-0.2,-1.0,-0.3137892186641693,0.09187433123588562,1.0977875666521344
249,5,0,0.0,-1.0,-0.30810341238975525,-0.21144603192806244,0.8466079808791138
250,5,1,0.0,-1.0,-0.3261036276817322,0.046414390206336975,1.0960504787728007
251,5,2,0.0,-1.0,-0.328491747379303,0.08262874186038971,1.131367235162181
252,5,3,0.0,-1.0,-0.3658720552921295,0.0833638533949852,1.1434769782057346
253,5,4,0.0,-1.0,-0.36661139130592346,0.08257263898849487,1.1429643174315545
254,5,5,0.0,-1.0,-0.3561256527900696,0.008937235921621323,1.0699438427339607
255,5,6,0.0,-1.0,-0.3323381245136261,0.08092643320560455,1.130862760465577
256,5,7,0.0,-1.0,-0.3656913638114929,0.05405845493078232,1.1156923410947024
257,5,8,0.0,-1.0,-0.38943609595298767,0.013398580253124237,1.0856505677657764
258,5,9,0.0,-1.0,-0.3374948799610138,0.04598497226834297,1.0990847811752764
259,5,10,0.0,-1.0,-0.15505638718605042,0.019911935552954674,1.0316311547692638
260,5,11,0.0,-1.0,-0.31056150794029236,0.05312218517065048,1.09795937407208
261,5,12,0.0,-1.0,-0.2883738577365875,-0.0074010565876960754,1.033640239294651
262,5,13,0.0,-1.0,-0.30920758843421936,0.08213374763727188,1.125443370641452
263,5,14,0.0,-1.0,-0.3739394247531891,0.04989473521709442,1.1144997301127169
264,5,15,0.0,-1.0,-0.3681654930114746,0.07384981215000153,1.1352089011714874
265,5,16,0.0,-1.0,-0.34209874272346497,0.07445210218429565,1.127598718366258
266,5,17,0.0,-1.0,-0.31579655408859253,0.08202943205833435,1.1271713070401992
267,5,18,0.0,-1.0,-0.39379578828811646,-0.15310941636562347,0.9339693696915514
268,5,19,0.0,-1.0,-0.3366590440273285,-0.1737160086631775,0.8922357010705775
269,5,20,0.0,-1.0,-0.2837291955947876,-0.2538139820098877,0.7983081046042345
270,5,21,0.0,-1.0,-0.31488990783691406,0.08088153600692749,1.1258155039517954
271,5,22,0.0,-1.0,-0.20513150095939636,0.02834838256239891,1.0486082817737787
272,5,23,0.0,-1.0,-0.3853173851966858,0.038849856704473495,1.10800654876662
273,5,24,0.0,-1.0,-0.3974520266056061,-0.02904350310564041,1.049154246197512
274,5,25,0.0,-1.0,-0.3683556914329529,0.07727618515491486,1.1385121406963454
275,5,26,0.0,-1.0,-0.38215816020965576,0.05758687108755112,1.1245153842040514
276,5,27,0.0,-1.0,-0.3645381033420563,0.05135168507695198,1.1127571138853125
277,5,28,0.0,-1.0,-0.30367588996887207,0.010603094473481178,1.0552429391887739
278,5,29,0.0,-1.0,-0.3105170428752899,0.0726558268070221,1.1166966269757739
279,5,30,0.0,-1.0,-0.3354603946208954,0.07638455182313919,1.1274472846934827
280,5,31,0.0,-1.0,-0.3903169333934784,0.06794475764036179,1.1370370767328655
281,5,32,0.0,-1.0,-0.3397481143474579,0.052138280123472214,1.1056327336434244
282,5,33,0.0,-1.0,-0.3648279011249542,0.07395422458648682,1.1342297271480772
283,5,34,0.0,-1.0,-0.2744174301624298,0.07364232838153839,1.1081573783851657
284,5,35,0.0,-1.0,-0.3265565037727356,0.07983346283435822,1.128130957652131
285,5,36,0.0,-1.0,-0.3440123498439789,-0.20543202757835388,0.8658422256066182
286,5,37,0.0,-1.0,-0.3743733763694763,-0.19073554873466492,0.8916638251135153
287,5,38,0.0,-1.0,-0.3106253743171692,0.06888490915298462,1.1131051487548989
288,5,39,0.0,-1.0,-0.31765836477279663,0.07291260361671448,1.118949637700341
289,5,40,0.0,-1.0,-0.36451128125190735,0.08008712530136108,1.139937135284953
290,5,41,0.0,-1.0,-0.31708893179893494,0.07029108703136444,1.116274339778609
291,5,42,0.0,-1.0,-0.3427256941795349,0.0779346227645874,1.1311074009153497
292,5,43,0.0,-1.0,-0.3373579978942871,0.06778459250926971,1.1198099636739391
293,5,44,0.0,-1.0,-0.3374655246734619,0.043024610728025436,1.09625878282798
294,5,45,0.0,-1.0,-0.33812373876571655,0.053356874734163284,1.1062948830518156
295,5,46,0.0,-1.0,-0.3424535095691681,0.05031268671154976,1.1047312551401243
296,5,47,0.0,-1.0,-0.3233182728290558,-0.2234567105770111,0.8411624016163821
297,5,48,0.0,-1.0,-0.38579583168029785,0.05694406479597092,1.1251529584235747
298,5,49,0.0,-1.0,-0.4011247456073761,0.09130687266588211,1.1626915979168206
299,6,0,0.2,-1.0,-0.21226884424686432,0.04962936416268349,1.127691182039305
300,6,1,0.2,-1.0,-0.26655787229537964,-0.1868685483932495,0.9374748027509289
301,6,2,0.2,-1.0,-0.23503275215625763,-0.2087441384792328,0.9029614243363996
302,6,3,0.2,-1.0,-0.28147223591804504,-0.17077569663524628,0.9588683221645622
303,6,4,0.2,-1.0,-0.23933742940425873,-0.2160569429397583,0.8986568274867216
304,6,5,0.2,-1.0,-0.20409399271011353,0.06114175543189049,1.1354795374930695
305,6,6,0.2,-1.0,-0.19294169545173645,0.09260028600692749,1.161110916754685
306,6,7,0.2,-1.0,-0.23745492100715637,0.06840428709983826,1.1544931912344443
307,6,8,0.2,-1.0,-0.2268770933151245,0.0553583949804306,1.1384223270178955
308,6,9,0.2,-1.0,-0.24940374493598938,0.08268126845359802,1.1722467551769056
309,6,10,0.2,-1.0,-0.21686331927776337,0.05675673484802246,1.1360060843173017
310,6,11,0.2,-1.0,-0.22419370710849762,-0.21134264767169952,0.8955002627201931
311,6,12,0.2,-1.0,-0.212370827794075,0.07319320738315582,1.149692724161076
312,6,13,0.2,-1.0,-0.22584496438503265,0.08204864710569382,1.1628298277888094
313,6,14,0.2,-1.0,-0.2562822103500366,0.05059604346752167,1.1454018954199114
314,6,15,0.2,-1.0,-0.2069246619939804,0.05987899377942085,1.1353110419588954
315,6,16,0.2,-1.0,-0.22466279566287994,0.08242975175380707,1.1627521909254874
316,6,17,0.2,-1.0,-0.2384040206670761,0.05730216205120087,1.144589859825432
317,6,18,0.2,-1.0,-0.20200428366661072,0.08085422217845917,1.1531926524598164
318,6,19,0.2,-1.0,-0.20839112997055054,0.07308122515678406,1.1481666389608296
319,6,20,0.2,-1.0,-0.25731930136680603,0.0473891980946064,1.142875791889865
320,6,21,0.2,-1.0,-0.19934459030628204,0.07124936580657959,1.1432634453825117
321,6,22,0.2,-1.0,-0.23644348978996277,0.06727700680494308,1.153066836325874
322,6,23,0.2,-1.0,-0.18900614976882935,0.045950986444950104,1.115947691696673
323,6,24,0.2,-1.0,-0.20343656837940216,0.07582747936248779,1.1489846953102518
324,6,25,0.2,-1.0,-0.20046794414520264,0.07496797293424606,1.147140234287965
325,6,26,0.2,-1.0,-0.215321347117424,0.0982293114066124,1.1741377439653635
326,6,27,0.2,-1.0,-0.24389085173606873,0.07178337872028351,1.1600684027918524
327,6,28,0.2,-1.0,-0.2221841961145401,0.05660582706332207,1.1378292355327522
328,6,29,0.2,-1.0,-0.228506401181221,0.06123172491788864,1.144478269704357
329,6,30,0.2,-1.0,-0.2321578413248062,0.0743989646434784,1.1580559291526014
330,6,31,0.2,-1.0,-0.22871133685112,0.06454618275165558,1.1476288535740968
331,6,32,0.2,-1.0,-0.24419265985488892,0.08223794400691986,1.1698487451449806
332,6,33,0.2,-1.0,-0.21363326907157898,0.061397261917591095,1.1391473253662148
333,6,34,0.2,-1.0,-0.2398303747177124,-0.04246985912322998,1.0537147285730661
334,6,35,0.2,-1.0,-0.2895754873752594,-0.02275070548057556,1.093023486242375
335,6,36,0.2,-1.0,-0.13994678854942322,0.09211700409650803,1.1438021549559165
336,6,37,0.2,-1.0,-0.20438864827156067,0.07337497174739838,1.1470239791846675
337,6,38,0.2,-1.0,-0.23648445308208466,0.06282836943864822,1.1489659788984103
338,6,39,0.2,-1.0,-0.23239710927009583,0.06567513197660446,1.150056845124835
339,6,40,0.2,-1.0,-0.26220908761024475,-0.1652209311723709,0.954197743878185
340,6,41,0.2,-1.0,-0.21785873174667358,0.06787686794996262,1.146720072554571
341,6,42,0.2,-1.0,-0.2504116892814636,-0.18490912020206451,0.931259272260499
342,6,43,0.2,-1.0,-0.2394876629114151,0.044111210852861404,1.1328360986832853
343,6,44,0.2,-1.0,-0.22219327092170715,0.11843638867139816,1.1954694113677224
344,6,45,0.2,-1.0,-0.1682712286710739,0.08247403055429459,1.143404444932484
345,6,46,0.2,-1.0,-0.22487421333789825,0.0708225816488266,1.152032594386355
346,6,47,0.2,-1.0,-0.2469400018453598,0.08763167262077332,1.1758818055133735
347,6,48,0.2,-1.0,-0.2558562457561493,0.10495232790708542,1.1952926686557472
348,6,49,0.2,-1.0,-0.25759357213974,0.11233441531658173,1.2027800001501892
349,7,0,0.4,-1.0,-0.1683543622493744,-0.30054014921188354,0.9012606526152284
350,7,1,0.4,-1.0,-0.16809111833572388,-0.20620714128017426,0.976132481421721
351,7,2,0.4,-1.0,-0.11607179045677185,-0.27713459730148315,0.8881804339906094
352,7,3,0.4,-1.0,-0.10571877658367157,-0.27103427052497864,0.8872105250380744
353,7,4,0.4,-1.0,-0.08112020045518875,-0.26427656412124634,0.8790708853029314
354,7,5,0.4,-1.0,-0.11758986115455627,-0.280894011259079,0.8860094172259404
355,7,6,0.4,-1.0,-0.2535650134086609,-0.11125676333904266,1.1031825630703458
356,7,7,0.4,-1.0,-0.11364275217056274,-0.2545614540576935,0.9052665367911986
357,7,8,0.4,-1.0,-0.09444066137075424,-0.30557364225387573,0.8524667348051166
358,7,9,0.4,-1.0,-0.08300809562206268,-0.2052295207977295,0.9300306097370442
359,7,10,0.4,-1.0,-0.08553683757781982,-0.28037816286087036,0.8681023033793691
360,7,11,0.4,-1.0,-0.1878330260515213,-0.13176292181015015,1.048514802213367
361,7,12,0.4,-1.0,-0.23533383011817932,-0.10133102536201477,1.1005703074631459
362,7,13,0.4,-1.0,-0.09967903792858124,-0.1435306817293167,0.9915739176099185
363,7,14,0.4,-1.0,-0.0998179093003273,-0.2339974343776703,0.9146463103283923
364,7,15,0.4,-1.0,-0.11594498157501221,-0.2592531442642212,0.9027209581564408
365,7,16,0.4,-1.0,-0.15985818207263947,-0.12871363759040833,1.0356549180854688
366,7,17,0.4,-1.0,-0.16438546776771545,-0.033702969551086426,1.1190446404329775
367,7,18,0.4,-1.0,0.06067842245101929,-0.13925111293792725,0.9252176930695424
368,7,19,0.4,-1.0,-0.07846605032682419,-0.14361333847045898,0.9809831167563812
369,7,20,0.4,-1.0,-0.12006863951683044,-0.2913946509361267,0.8789726563044045
370,7,21,0.4,-1.0,-0.14531821012496948,-0.19634725153446198,0.9712001289178837
371,7,22,0.4,-1.0,-0.12340406328439713,-0.24111071228981018,0.9218811010449756
372,7,23,0.4,-1.0,-0.08557290583848953,-0.16375501453876495,0.9669988224364576
373,7,24,0.4,-1.0,-0.15157108008861542,-0.2825496792793274,0.9049671922740171
374,7,25,0.4,-1.0,-0.2049957513809204,-0.06761246174573898,1.1114703687821845
375,7,26,0.4,-1.0,-0.1504817008972168,-0.10940466821193695,1.0469909971080855
376,7,27,0.4,-1.0,-0.24501153826713562,-0.07505783438682556,1.1276337589070866
377,7,28,0.4,-1.0,-0.12128645926713943,-0.09694944322109222,1.0427079556203485
378,7,29,0.4,-1.0,-0.14896413683891296,-0.20405429601669312,0.9668977129069934
379,7,30,0.4,-1.0,-0.2051994353532791,-0.205378457903862,0.9988442079299316
380,7,31,0.4,-1.0,-0.14799831807613373,-0.1342267394065857,1.0246294429562444
381,7,32,0.4,-1.0,-0.11486225575208664,-0.3326031565666199,0.8429126224128849
382,7,33,0.4,-1.0,-0.15263012051582336,-0.11787478625774384,1.0409346486793274
383,7,34,0.4,-1.0,-0.17622555792331696,-0.24130570888519287,0.9527082034779787
384,7,35,0.4,-1.0,-0.14275582134723663,-0.15352259576320648,1.0055386006960516
385,7,36,0.4,-1.0,-0.15744470059871674,-0.04630656540393829,1.104660925993685
386,7,37,0.4,-1.0,-0.17769069969654083,-0.09721677005290985,1.0717948053566875
387,7,38,0.4,-1.0,-0.10282040387392044,-0.2404838502407074,0.9108749312046701
388,7,39,0.4,-1.0,-0.07097213715314865,-0.12935768067836761,0.9898650424014153
389,7,40,0.4,-1.0,-0.11753622442483902,-0.24901717901229858,0.9120410851549197
390,7,41,0.4,-1.0,-0.1393071860074997,-0.22253531217575073,0.9462048307279906
391,7,42,0.4,-1.0,-0.109732486307621,-0.26937881112098694,0.8908616779480031
392,7,43,0.4,-1.0,-0.11758701503276825,-0.2795199751853943,0.8871233196615823
393,7,44,0.4,-1.0,-0.14600859582424164,-0.25043123960494995,0.9273503724451359
394,7,45,0.4,-1.0,-0.15011389553546906,-0.23571544885635376,0.9416773190313409
395,7,46,0.4,-1.0,-0.10936000943183899,-0.2706869840621948,0.8895757946486069
396,7,47,0.4,-1.0,-0.0908651128411293,-0.2933970093727112,0.8603698886920457
397,7,48,0.4,-1.0,-0.08001659065485,-0.11441172659397125,1.0073145076380947
398,8,0,0.6,-1.0,-0.28605198860168457,0.23523811995983124,1.5201649053661572
399,8,1,0.6,-1.0,-0.22408542037010193,0.19537828862667084,1.451911165666342
400,8,2,0.6,-1.0,-0.17576740682125092,0.2705532908439636,1.4886640770706445
401,8,3,0.6,-1.0,-0.212452232837677,0.2864408493041992,1.5215152609821028
402,8,4,0.6,-1.0,-0.18546923995018005,0.26965174078941345,1.4929760446160887
403,8,5,0.6,-1.0,-0.22276560962200165,0.24548745155334473,1.4927096972799194
404,8,6,0.6,-1.0,-0.25186899304389954,0.2239021509885788,1.491179820311453
405,8,7,0.6,-1.0,-0.24970519542694092,0.23867449164390564,1.5021029975953126
406,8,8,0.6,-1.0,-0.17241133749485016,0.2900681793689728,1.5036273413685186
407,8,9,0.6,-1.0,-0.2164955735206604,0.21369270980358124,1.4627764748618266
408,8,10,0.6,-1.0,0.02532896026968956,0.15628834068775177,1.2912201712779856
409,8,11,0.6,-1.0,-0.19062121212482452,0.3090479075908661,1.5292770597343541
410,8,12,0.6,-1.0,-0.18546637892723083,0.24690839648246765,1.4736817776044917
411,8,13,0.6,-1.0,-0.184955433011055,0.2636756896972656,1.4876260553463807
412,8,14,0.6,-1.0,-0.18961608409881592,0.26917320489883423,1.4947555600501128
413,8,15,0.6,-1.0,-0.13912110030651093,0.2014780044555664,1.4106202168226702
414,8,16,0.6,-1.0,-0.23206640779972076,0.2903544008731842,1.5353660758403924
415,8,17,0.6,-1.0,-0.22411085665225983,0.16422444581985474,1.4263860852857018
416,8,18,0.6,-1.0,-0.19275668263435364,0.25981301069259644,1.4884864728212244
417,8,19,0.6,-1.0,-0.19882875680923462,0.2898164987564087,1.5171532497310969
418,8,20,0.6,-1.0,-0.1717747300863266,0.30006104707717896,1.5118845723557182
419,8,21,0.6,-1.0,-0.18920153379440308,0.2874605655670166,1.5100972713151892
420,8,22,0.6,-1.0,-0.07554061710834503,0.22670415043830872,1.4004135810772818
421,8,23,0.6,-1.0,-0.09566949307918549,0.3192013204097748,1.4913913528554281
422,8,24,0.6,-1.0,-0.2041279524564743,0.29839369654655457,1.5272353961173335
423,8,25,0.6,-1.0,-0.1585819572210312,0.24528725445270538,1.4581450311692754
424,8,26,0.6,-1.0,-0.10332388430833817,0.34716591238975525,1.5197106572448225
425,8,27,0.6,-1.0,-0.1829511523246765,0.29276764392852783,1.5113770833630684
426,8,28,0.6,-1.0,-0.1395670622587204,0.3254297971725464,1.5178022225609142
427,8,29,0.6,-1.0,-0.10492264479398727,0.2832745313644409,1.464141201521211
428,8,30,0.6,-1.0,-0.15006603300571442,0.2981443703174591,1.4992591037095095
429,8,31,0.6,-1.0,-0.06996969878673553,0.24140793085098267,1.4106569561988156
430,8,32,0.6,-1.0,-0.09498682618141174,0.3133137822151184,1.4858666760924046
431,8,33,0.6,-1.0,-0.1949789673089981,0.28013986349105835,1.5069006697730898
432,8,34,0.6,-1.0,0.12696745991706848,0.056500520557165146,1.157563447036434
433,8,35,0.6,-1.0,-0.01091444306075573,0.23243822157382965,1.375543684052345
434,8,36,0.6,-1.0,-0.11902974545955658,0.28011083602905273,1.4682259796688775
435,8,37,0.6,-1.0,-0.17678816616535187,0.3100285828113556,1.5230150172855352
436,8,38,0.6,-1.0,-0.1678580492734909,0.2931731045246124,1.503962320704849
437,8,39,0.6,-1.0,-0.09552890807390213,0.2462184727191925,1.4271723594972792
438,8,40,0.6,-1.0,-0.17795830965042114,0.2668597102165222,1.4866582179250316
439,8,41,0.6,-1.0,-0.20541279017925262,0.27484220266342163,1.5079497353280888
440,8,42,0.6,-1.0,-0.1972680389881134,0.2217269092798233,1.4588533054595934
441,8,43,0.6,-1.0,-0.1471794843673706,0.29349762201309204,1.4937915785051854
442,8,44,0.6,-1.0,-0.1313406378030777,0.26363301277160645,1.4600094244450819
443,8,45,0.6,-1.0,-0.1847662329673767,0.3029834032058716,1.5210600873850322
444,8,46,0.6,-1.0,-0.1937868297100067,0.30588817596435547,1.528215122011484
445,8,47,0.6,-1.0,-0.12736256420612335,0.33800363540649414,1.5229281099807375
446,8,48,0.6,-1.0,-0.1891731470823288,0.32972609996795654,1.5462747999666226
447,9,0,0.8,-1.0,-0.014876923523843288,0.312488317489624,1.5448786308439986
448,9,1,0.8,-1.0,-0.01498899795114994,0.3314445912837982,1.5610739144705161
449,9,2,0.8,-1.0,-0.004250666126608849,0.18492761254310608,1.432086792388017
450,9,3,0.8,-1.0,-0.08632396161556244,0.1635301113128662,1.4626593878499656
451,9,4,0.8,-1.0,-0.0053269327618181705,0.34188687801361084,1.5649958025556086
452,9,5,0.8,-1.0,-0.09798803180456161,0.3028821051120758,1.5823666721356036
453,9,6,0.8,-1.0,-0.17703506350517273,0.3418172299861908,1.6598406531972794
454,9,7,0.8,-1.0,-0.02722100540995598,0.2641424238681793,1.5107450677115495
455,9,8,0.8,-1.0,-0.04624892771244049,0.2786214351654053,1.5333003691771865
456,9,9,0.8,-1.0,-0.21232688426971436,0.31167858839035034,1.656896629200787
457,9,10,0.8,-1.0,-0.0966973602771759,0.27945685386657715,1.5623943154127946
458,9,11,0.8,-1.0,-0.05520285665988922,0.3443414866924286,1.5933066116983396
459,9,12,0.8,-1.0,-0.06772248446941376,0.3139853775501251,1.5746427793214932
460,9,13,0.8,-1.0,0.07039593160152435,0.3224150538444519,1.5103323049110855
461,9,14,0.8,-1.0,-0.045960523188114166,0.31831201910972595,1.5663957949770775
462,9,15,0.8,-1.0,-0.015996670350432396,0.33090272545814514,1.5611382484120075
463,9,16,0.8,-1.0,-0.032155655324459076,0.35299497842788696,1.5884201101533428
464,9,17,0.8,-1.0,-0.005805754568427801,0.31065186858177185,1.5385484180592055
465,9,18,0.8,-1.0,-0.11644522100687027,0.2516043782234192,1.5512528364822942
466,9,19,0.8,-1.0,-0.14868083596229553,0.2963036894798279,1.6063619093719614
467,9,20,0.8,-1.0,-0.05146677419543266,0.34148523211479187,1.5888921598210664
468,9,21,0.8,-1.0,-0.06065989285707474,0.2869001626968384,1.5481755326583289
469,9,22,0.8,-1.0,-0.12480264902114868,0.3112674355506897,1.6045816361819103
470,9,23,0.8,-1.0,-0.17516590654850006,0.3340720534324646,1.6524820086899799
471,9,24,0.8,-1.0,0.0027870573103427887,0.3058706521987915,1.529982560771854
472,9,25,0.8,-1.0,-0.013732576742768288,0.30982452630996704,1.5420119961192116
473,9,26,0.8,-1.0,-0.0639951229095459,0.2914196848869324,1.553786463747495
474,9,27,0.8,-1.0,-0.03166631609201431,0.3243454694747925,1.5638285660009128
475,9,28,0.8,-1.0,-0.05620291084051132,0.2824292778968811,1.5419819315863854
476,9,29,0.8,-1.0,-0.05166099965572357,0.3309723138809204,1.5801309308573506
477,9,30,0.8,-1.0,-0.0729924663901329,0.3395068049430847,1.598872830109624
478,9,31,0.8,-1.0,-0.1082356795668602,0.2679007649421692,1.5596359829714157
479,9,32,0.8,-1.0,0.007325145415961742,0.20075924694538116,1.4388037372118079
480,9,33,0.8,-1.0,0.049248725175857544,0.37975093722343445,1.5707769177763662
481,9,34,0.8,-1.0,0.0061466689221560955,0.34295591711997986,1.5600428540879752
482,9,35,0.8,-1.0,-0.05551951006054878,0.23421798646450043,1.5017348867915161
483,9,36,0.8,-1.0,0.026385929435491562,0.19116680324077606,1.4203369611885195
484,9,37,0.8,-1.0,-0.04949858412146568,0.3247777223587036,1.5737483464907245
485,9,38,0.8,-1.0,-0.025355139747262,0.35005342960357666,1.5823575352908084
486,9,39,0.8,-1.0,-0.0049766115844249725,0.34537702798843384,1.567809520521206
487,9,40,0.8,-1.0,0.002679327502846718,0.2096368372440338,1.4487724227114007
488,9,41,0.8,-1.0,-0.18648968636989594,0.3328821361064911,1.6582330023449594
489,9,42,0.8,-1.0,-0.09139972180128098,0.2613012194633484,1.5444980512280133
490,9,43,0.8,-1.0,-0.009698371402919292,0.3374701738357544,1.5634698329525847
491,9,44,0.8,-1.0,-0.07800136506557465,0.3116203844547272,1.5783644794451561
492,9,45,0.8,-1.0,-0.07952076196670532,0.307018518447876,1.575390167005042
493,9,46,0.8,-1.0,-0.15514782071113586,0.3277588486671448,1.6356194299479125
494,9,47,0.8,-1.0,-0.11146342009305954,0.28556644916534424,1.575895510935712
495,9,48,0.8,-1.0,-0.07009628415107727,0.3349233865737915,1.5934515969163143
496,10,0,1.0,-1.0,-0.13892215490341187,0.3250060975551605,1.7472220332539843
497,10,1,1.0,-1.0,-0.16422416269779205,0.3147992491722107,1.7561648460874006
498,10,2,1.0,-1.0,-0.1190551221370697,0.26070088148117065,1.6857197510110074
499,10,3,1.0,-1.0,-0.21035557985305786,0.28746652603149414,1.7670683872824606
500,10,4,1.0,-1.0,-0.03540236875414848,0.32192283868789673,1.6791480151155136
501,10,5,1.0,-1.0,-0.06898730993270874,0.3683064877986908,1.736374531415719
502,10,6,1.0,-1.0,-0.11965834349393845,0.26626282930374146,1.6902829227771032
503,10,7,1.0,-1.0,-0.029135866090655327,0.2989424467086792,1.6572181844089489
504,10,8,1.0,-1.0,-0.06926216185092926,0.26086491346359253,1.6532095755740333
505,10,9,1.0,-1.0,-0.2299581915140152,0.2958967387676239,1.7866576365999698
506,10,10,1.0,-1.0,-0.1754944771528244,0.2907301187515259,1.745786786886967
507,10,11,1.0,-1.0,-0.24628540873527527,0.3379371166229248,1.8284701386852666
508,10,12,1.0,-1.0,0.03727993369102478,0.283491313457489,1.604425092609433
509,10,13,1.0,-1.0,-0.22442200779914856,0.3480844795703888,1.8211372867638136
510,10,14,1.0,-1.0,-0.1621130257844925,0.25263142585754395,1.708681413764395
511,10,15,1.0,-1.0,-0.13677357137203217,0.2725951075553894,1.7063857888366973
512,10,16,1.0,-1.0,-0.08502614498138428,0.24418161809444427,1.6508390697149353
513,10,17,1.0,-1.0,-0.1820414662361145,0.28079038858413696,1.7428844044833058
514,10,18,1.0,-1.0,-0.10017949342727661,0.3106555938720703,1.7112022099991715
515,10,19,1.0,-1.0,-0.10243245959281921,0.27064049243927,1.6822260814142027
516,10,20,1.0,-1.0,0.06402517110109329,0.13879522681236267,1.4740771516250288
517,10,21,1.0,-1.0,-0.1408115178346634,0.32789146900177,1.7506417887940144
518,10,22,1.0,-1.0,-0.10286004096269608,0.36746540665626526,1.7567759983429374
519,10,23,1.0,-1.0,-0.30972087383270264,0.34163445234298706,1.8749271375354204
520,10,24,1.0,-1.0,-0.12577763199806213,0.29721319675445557,1.7175963887191537
521,10,25,1.0,-1.0,-0.07431043684482574,0.2655118405818939,1.6600190159653874
522,10,26,1.0,-1.0,-0.03501063957810402,0.3419114053249359,1.6946897190285366
523,10,27,1.0,-1.0,-0.07099685072898865,0.28307461738586426,1.6713212521987786
524,10,28,1.0,-1.0,-0.21175336837768555,0.40186962485313416,1.8529934351908897
525,10,29,1.0,-1.0,-0.08575223386287689,0.35486528277397156,1.736236691181367
526,10,30,1.0,-1.0,-0.2516593933105469,0.3888688385486603,1.8696544834685447
527,10,31,1.0,-1.0,-0.25526413321495056,0.3627276122570038,1.8527586430357181
528,10,32,1.0,-1.0,-0.13167254626750946,0.3415435254573822,1.7551130398558976
529,10,33,1.0,-1.0,-0.24730302393436432,0.34765365719795227,1.8362829883421632
530,10,34,1.0,-1.0,-0.11128738522529602,0.32254475355148315,1.7274502243791074
531,10,35,1.0,-1.0,-0.049855105578899384,0.4052809476852417,1.7541408964610605
532,10,36,1.0,-1.0,-0.28515806794166565,0.3473891615867615,1.8620120333545191
533,10,37,1.0,-1.0,-0.4496617317199707,0.4312986731529236,2.037188019840747
534,10,38,1.0,-1.0,-0.1862533837556839,0.35571223497390747,1.8014307520772916
535,10,39,1.0,-1.0,-0.17456991970539093,0.3580279052257538,1.7955094785738608
536,10,40,1.0,-1.0,-0.23750635981559753,0.376219779253006,1.850784393545408
537,10,41,1.0,-1.0,-0.02149086445569992,0.3225134313106537,1.6710731169411865
538,10,42,1.0,-1.0,-0.11380832642316818,0.31122151017189026,1.7204275156910944
539,10,43,1.0,-1.0,-0.23211538791656494,0.3122654855251312,1.8000413977576448
540,10,44,1.0,-1.0,-0.0950365737080574,0.3683537542819977,1.7525687132366363
541,10,45,1.0,-1.0,-0.11867541074752808,0.32102304697036743,1.7310507113421099
542,10,46,1.0,-1.0,-0.0932951495051384,0.3462139368057251,1.7342393858926834
543,10,47,1.0,-1.0,-0.12238550186157227,0.36674442887306213,1.768541644588729
544,10,48,1.0,-1.0,-0.11246009916067123,0.3791769742965698,1.7719189029564564
545,10,49,1.0,-1.0,-0.07384882122278214,0.3801347017288208,1.7486918212645874
546,11,0,-1.0,-0.8,-0.0797925740480423,0.2890761196613312,1.4257869760920494
547,11,1,-1.0,-0.8,-0.09257404506206512,0.3184996247291565,1.440299716800044
548,11,2,-1.0,-0.8,-0.099946990609169,0.2886543273925781,1.4125380222365973
549,11,3,-1.0,-0.8,0.011495169252157211,0.3255665600299835,1.5132820485547895
550,11,4,-1.0,-0.8,-0.15322619676589966,0.2241542637348175,1.3288784104536235
551,11,5,-1.0,-0.8,0.048635274171829224,0.3089366853237152,1.5262295077393098
552,11,6,-1.0,-0.8,-0.037067100405693054,0.19937197864055634,1.3877982997586646
553,11,7,-1.0,-0.8,0.02462037466466427,0.25513017177581787,1.4707639482832124
554,11,8,-1.0,-0.8,-0.24112023413181305,-0.058511510491371155,1.060991837441713
555,11,9,-1.0,-0.8,0.009034683927893639,0.31229618191719055,1.501783536225186
556,11,10,-1.0,-0.8,-0.15080425143241882,0.2528705298900604,1.3526528645946938
557,11,11,-1.0,-0.8,0.040119610726833344,0.2938023507595062,1.5093880836768128
558,11,12,-1.0,-0.8,-0.2470475435256958,0.06338687986135483,1.1455890650784926
559,11,13,-1.0,-0.8,-0.23309683799743652,0.06640949845314026,1.1570677935623963
560,11,14,-1.0,-0.8,-0.13373306393623352,0.23117120563983917,1.346748848099758
561,11,15,-1.0,-0.8,0.030346959829330444,0.3096984028816223,1.5142804901957785
562,11,16,-1.0,-0.8,-0.15560509264469147,0.2050277292728424,1.312662750357039
563,11,17,-1.0,-0.8,-0.03248780965805054,0.3015825152397156,1.4661391053860253
564,11,18,-1.0,-0.8,0.04097774624824524,0.30729636549949646,1.5197828493677874
565,11,19,-1.0,-0.8,-0.29210418462753296,0.2822214961051941,1.29318206454235
566,11,20,-1.0,-0.8,-0.21356287598609924,0.15201005339622498,1.234830551855087
567,11,21,-1.0,-0.8,-0.210305854678154,0.11624094098806381,1.209592619479093
568,11,22,-1.0,-0.8,-0.02454056218266487,0.30979296565055847,1.4775525511582905
569,11,23,-1.0,-0.8,-0.15485519170761108,0.16700464487075806,1.2842771235933463
570,11,24,-1.0,-0.8,0.029875248670578003,0.3133423924446106,1.516632556237197
571,11,25,-1.0,-0.8,-0.0824408233165741,-0.0355658084154129,1.1942673385718743
572,11,26,-1.0,-0.8,-0.21726728975772858,0.08834807574748993,1.1839902023950535
573,11,27,-1.0,-0.8,-0.13150601089000702,0.26977819204330444,1.3779358436776474
574,11,28,-1.0,-0.8,-0.04022718966007233,0.31203320622444153,1.468938970554466
575,11,29,-1.0,-0.8,0.008045121096074581,0.2918810546398163,1.4860549127293234
576,11,30,-1.0,-0.8,-0.1982901245355606,0.040860094130039215,1.1618022302946338
577,11,31,-1.0,-0.8,-0.15447157621383667,0.06973207741975784,1.2129930757935932
578,11,32,-1.0,-0.8,-0.17172078788280487,0.20850659906864166,1.3050410007315782
579,11,33,-1.0,-0.8,-0.007783794775605202,0.3153945803642273,1.4928489768947792
580,11,34,-1.0,-0.8,0.010918855667114258,0.3012124300003052,1.4948664651835912
581,11,35,-1.0,-0.8,0.03718618303537369,0.2895454466342926,1.5042820408955921
582,11,36,-1.0,-0.8,-0.13281694054603577,0.27202266454696655,1.3788542533227781
583,11,37,-1.0,-0.8,-0.12524063885211945,0.27991431951522827,1.3897549702770942
584,11,38,-1.0,-0.8,-0.07743939012289047,0.22961796820163727,1.382472871104707
585,11,39,-1.0,-0.8,0.004967410117387772,0.27880823612213135,1.4743767177092137
586,11,40,-1.0,-0.8,-0.28028014302253723,-0.04842136800289154,1.0406090104368233
587,11,41,-1.0,-0.8,-0.1638844907283783,0.22834958136081696,1.3253648578144477
588,11,42,-1.0,-0.8,-0.18885432183742523,0.15107190608978271,1.2499980327004823
589,11,43,-1.0,-0.8,-0.20134517550468445,0.16588963568210602,1.2533125376408532
590,11,44,-1.0,-0.8,-0.03942021355032921,0.26029103994369507,1.4307098292528004
591,11,45,-1.0,-0.8,-0.14359964430332184,0.3161788284778595,1.4068677074905103
592,11,46,-1.0,-0.8,-0.10327513515949249,0.0412672683596611,1.2295715107453298
593,11,47,-1.0,-0.8,-0.17453916370868683,0.12786023318767548,1.2418978237286036
594,11,48,-1.0,-0.8,-4.271502257324755e-05,0.2924525737762451,1.4810020924123533
595,11,49,-1.0,-0.8,-0.18560558557510376,0.14427152276039124,1.2469510699873905
596,12,0,-0.8,-0.8,-0.32391276955604553,0.018884599208831787,0.9472228026252346
597,12,1,-0.8,-0.8,-0.2672543525695801,-0.33455729484558105,0.7074283261486783
598,12,2,-0.8,-0.8,-0.1623380184173584,-0.010045580565929413,1.0152048007861867
599,12,3,-0.8,-0.8,-0.24276898801326752,-0.1980004906654358,0.8203108008302793
600,12,4,-0.8,-0.8,-0.19419215619564056,-0.1398349404335022,0.8960028177898354
601,12,5,-0.8,-0.8,0.1896478682756424,0.33052775263786316,1.502496556623988
602,12,6,-0.8,-0.8,-0.15379241108894348,-0.0881662517786026,0.9614008181155064
603,12,7,-0.8,-0.8,-0.08859319984912872,0.13700151443481445,1.1764656702828338
604,12,8,-0.8,-0.8,-0.20955178141593933,0.010676397010684013,1.0029084302663505
605,12,9,-0.8,-0.8,-0.5568338632583618,-0.1190902590751648,0.7230268635010593
606,12,10,-0.8,-0.8,-0.18190941214561462,-0.01583341509103775,0.9984754417019802
607,12,11,-0.8,-0.8,-0.27112093567848206,0.0442139208316803,0.996197876329599
608,12,12,-0.8,-0.8,-0.42562422156333923,0.2632378935813904,1.1272231552924414
609,12,13,-0.8,-0.8,0.12298973649740219,0.29839715361595154,1.4347077614452248
610,12,14,-0.8,-0.8,-0.19744597375392914,-0.02483944594860077,0.9818071292787719
611,12,15,-0.8,-0.8,-0.5478860139846802,0.03670044243335724,0.8738587370466172
612,12,16,-0.8,-0.8,-0.12379858642816544,-0.16170164942741394,0.929878022140663
613,12,17,-0.8,-0.8,-0.4006953537464142,-0.1396970897912979,0.7716502664742511
614,12,18,-0.8,-0.8,-0.2935248911380768,-0.3046722114086151,0.7084254752954108
615,12,19,-0.8,-0.8,0.03268750384449959,0.42359837889671326,1.480054550311389
616,12,20,-0.8,-0.8,-0.22176790237426758,-0.016301576048135757,0.9739279123370942
617,12,21,-0.8,-0.8,-0.26546427607536316,-0.26347166299819946,0.7573579712114696
618,12,22,-0.8,-0.8,-0.17212460935115814,-0.09537920355796814,0.9437785614014759
619,12,23,-0.8,-0.8,-0.2766079306602478,-0.16059422492980957,0.8263044254031676
620,12,24,-0.8,-0.8,-0.27319201827049255,-0.058951228857040405,0.9092194074184776
621,12,25,-0.8,-0.8,-0.2518414556980133,-0.331328809261322,0.7212007173593794
622,12,26,-0.8,-0.8,-0.21669752895832062,0.04855494946241379,1.0297025177110566
623,12,27,-0.8,-0.8,-0.22096113860607147,-0.011199306696653366,0.9785154759942316
624,12,28,-0.8,-0.8,-0.09238490462303162,0.16390636563301086,1.19575691715047
625,12,29,-0.8,-0.8,-0.15516269207000732,-0.1305686980485916,0.9294909476324974
626,12,30,-0.8,-0.8,-0.35111716389656067,-0.15738607943058014,0.7838676236826393
627,12,31,-0.8,-0.8,-0.14012734591960907,-0.0812828540802002,0.9756978299874415
628,12,32,-0.8,-0.8,-0.285003125667572,-0.2296665608882904,0.7684412875042315
629,12,33,-0.8,-0.8,-0.2079497128725052,-0.08893653750419617,0.9252755212282828
630,12,34,-0.8,-0.8,-0.22053082287311554,0.05435977503657341,1.0323348063688702
631,12,35,-0.8,-0.8,-0.1472991406917572,-0.22331959009170532,0.8709642397445014
632,12,36,-0.8,-0.8,-0.18319083750247955,0.03803349658846855,1.0405545081086274
633,12,37,-0.8,-0.8,-0.6462980508804321,0.13598960638046265,0.9485256097836303
634,12,38,-0.8,-0.8,-0.04535256326198578,-0.02580474317073822,1.0811433991252881
635,12,39,-0.8,-0.8,-0.21634487807750702,-0.12187106907367706,0.8947134447998633
636,12,40,-0.8,-0.8,-0.10444943606853485,0.16643160581588745,1.1907059400646551
637,12,41,-0.8,-0.8,-0.29209786653518677,-0.01821839064359665,0.9322805703788947
638,12,42,-0.8,-0.8,-0.007893401198089123,0.4097987413406372,1.4460449019359398
639,12,43,-0.8,-0.8,-0.2715936005115509,-0.27292874455451965,0.746336004315229
640,12,44,-0.8,-0.8,-0.17508502304553986,-0.08331257104873657,0.9508730720967787
641,12,45,-0.8,-0.8,-0.2578743100166321,-0.3432203233242035,0.7089061551178605
642,12,46,-0.8,-0.8,-0.022228289395570755,0.22068770229816437,1.2832506456025052
643,12,47,-0.8,-0.8,-0.1578502207994461,0.13237476348876953,1.1321126439175826
644,12,48,-0.8,-0.8,-0.22488972544670105,-0.06390147656202316,0.9341267923062376
645,12,49,-0.8,-0.8,-0.190043643116951,0.02125733159482479,1.0229908904776688
646,13,0,-0.6,-0.8,-0.16224059462547302,0.3109796643257141,1.194114362839312
647,13,1,-0.6,-0.8,0.019187863916158676,0.33262988924980164,1.2908307700248989
648,13,2,-0.6,-0.8,-0.47677990794181824,-0.11009788513183594,0.7008196053096634
649,13,3,-0.6,-0.8,-0.3949705958366394,0.2681179642677307,1.0876180589540725
650,13,4,-0.6,-0.8,-0.5621398091316223,0.16372637450695038,0.964469760527981
651,13,5,-0.6,-0.8,-0.5073515176773071,0.22762885689735413,1.0317968835022042
652,13,6,-0.6,-0.8,-0.45050063729286194,0.19850200414657593,1.0096317703670825
653,13,7,-0.6,-0.8,-0.3668786287307739,0.3066911995410919,1.1309778887688942
654,13,8,-0.6,-0.8,-0.5849103331565857,0.16619597375392914,0.9663137987960995
655,13,9,-0.6,-0.8,-0.44495677947998047,0.21883836388587952,1.0305678104592997
656,13,10,-0.6,-0.8,-0.3192676305770874,0.3169936537742615,1.1517315163760073
657,13,11,-0.6,-0.8,-0.5892593860626221,0.17214779555797577,0.9722071266947099
658,13,12,-0.6,-0.8,-0.3944166302680969,0.2963654398918152,1.115473755719738
659,13,13,-0.6,-0.8,-0.1497371643781662,0.35266008973121643,1.2374820821334709
660,13,14,-0.6,-0.8,-0.35769718885421753,0.29664933681488037,1.12309857992327
661,13,15,-0.6,-0.8,-0.06138520687818527,0.36623966693878174,1.2846092231146153
662,13,16,-0.6,-0.8,-0.2961921989917755,0.2767164707183838,1.1187571399860228
663,13,17,-0.6,-0.8,-0.15670475363731384,0.3270542621612549,1.2110994943866524
664,13,18,-0.6,-0.8,-0.1620686948299408,0.16874220967292786,1.0631299529455176
665,13,19,-0.6,-0.8,-0.5418263077735901,0.1898302584886551,0.9915382590132218
666,13,20,-0.6,-0.8,-0.11527810245752335,0.3471795916557312,1.2453820030290264
667,13,21,-0.6,-0.8,-0.3879539370536804,0.31441760063171387,1.1344117953409956
668,13,22,-0.6,-0.8,-0.2950100898742676,0.31041574478149414,1.1515389578894597
669,13,23,-0.6,-0.8,-0.1657242774963379,0.36584287881851196,1.24410008489989
670,13,24,-0.6,-0.8,-0.5507420897483826,0.20164722204208374,1.0028576664447353
671,13,25,-0.6,-0.8,-0.1941376030445099,0.316571980714798,1.1880476730248761
672,13,26,-0.6,-0.8,-0.4921608567237854,0.2628793716430664,1.0683360143170817
673,13,27,-0.6,-0.8,-0.4594437777996063,0.18619036674499512,0.9961563587408728
674,13,28,-0.6,-0.8,-0.2250726968050003,0.3790212869644165,1.2371991261701991
675,13,29,-0.6,-0.8,-0.515994131565094,0.18879619240760803,0.9923582498529885
676,13,30,-0.6,-0.8,-0.3788204789161682,0.3138347864151001,1.1355828071854754
677,13,31,-0.6,-0.8,-0.5770580768585205,0.16002759337425232,0.9603016775354443
678,13,32,-0.6,-0.8,-0.37986883521080017,0.30522194504737854,1.1269309107153644
679,13,33,-0.6,-0.8,-0.39655718207359314,0.29327917098999023,1.1120469081322053
680,13,34,-0.6,-0.8,-0.13842564821243286,0.3110511302947998,1.2031149140283588
681,13,35,-0.6,-0.8,-0.26619282364845276,0.3538999557495117,1.2012128615955284
682,13,36,-0.6,-0.8,-0.41406625509262085,0.3041703701019287,1.1197158406070322
683,13,37,-0.6,-0.8,-0.24995675683021545,0.34884968400001526,1.2009937004479898
684,13,38,-0.6,-0.8,-0.3411917984485626,0.3159160315990448,1.1455349295285804
685,13,39,-0.6,-0.8,-0.1418968290090561,0.3431541919708252,1.231527515686283
686,13,40,-0.6,-0.8,-0.07065718621015549,0.34111660718917847,1.2579153094361686
687,13,41,-0.6,-0.8,-0.3063257336616516,0.32888320088386536,1.1664569670361478
688,13,42,-0.6,-0.8,-0.24822364747524261,0.2953518033027649,1.150453030416384
689,13,43,-0.6,-0.8,-0.27722465991973877,0.31346893310546875,1.15930883941897
690,13,44,-0.6,-0.8,-0.44647273421287537,0.28927624225616455,1.100042432492393
691,13,45,-0.6,-0.8,-0.5161259770393372,0.18373876810073853,0.9873078626203503
692,13,46,-0.6,-0.8,-0.601458728313446,0.16301125288009644,0.9630123576891345
693,13,47,-0.6,-0.8,-0.23049814999103546,0.3296409845352173,1.1885370718247463
694,13,48,-0.6,-0.8,-0.35128477215766907,0.3138328492641449,1.1412637209079004
695,13,49,-0.6,-0.8,-0.13735127449035645,0.33769628405570984,1.228168016995178
696,14,0,-0.4,-0.8,-0.3452432155609131,0.2298266738653183,1.0312813794724567
697,14,1,-0.4,-0.8,-0.3931654095649719,0.2741716802120209,1.0741934230835388
698,14,2,-0.4,-0.8,-0.3502855896949768,0.23763756453990936,1.0388278191963725
699,14,3,-0.4,-0.8,-0.34458377957344055,0.2098851501941681,1.0114044562236526
700,14,4,-0.4,-0.8,-0.34922322630882263,0.240105539560318,1.0413442342331116
701,14,5,-0.4,-0.8,-0.3711059093475342,0.2645864486694336,1.0649784857757594
702,14,6,-0.4,-0.8,-0.3393517732620239,0.20850804448127747,1.0103299872763905
703,14,7,-0.4,-0.8,-0.3474087119102478,0.22721683979034424,1.0285622390170666
704,14,8,-0.4,-0.8,-0.355711966753006,0.2348286360502243,1.0357759100686086
705,14,9,-0.4,-0.8,-0.3740942180156708,0.28164416551589966,1.081954347620456
706,14,10,-0.4,-0.8,-0.38691896200180054,0.274791419506073,1.074871019703755
707,14,11,-0.4,-0.8,-0.34617283940315247,0.22665300965309143,1.028063113552699
708,14,12,-0.4,-0.8,-0.34560680389404297,0.22228577733039856,1.023731815620985
709,14,13,-0.4,-0.8,-0.3612697422504425,0.23688434064388275,1.0376074251555096
710,14,14,-0.4,-0.8,-0.40986838936805725,0.27039599418640137,1.0704414834445712
711,14,15,-0.4,-0.8,-0.3504689335823059,0.23947684466838837,1.040656253112536
712,14,16,-0.4,-0.8,-0.3998875319957733,0.2796453833580017,1.0796453892159676
713,14,17,-0.4,-0.8,-0.35660624504089355,0.24460816383361816,1.0455090788306403
714,14,18,-0.4,-0.8,-0.35850927233695984,0.2453223466873169,1.0461454435048156
715,14,19,-0.4,-0.8,-0.35564473271369934,0.24300524592399597,1.0439479550059068
716,14,20,-0.4,-0.8,-0.3472830653190613,0.23137784004211426,1.0327242246273163
717,14,21,-0.4,-0.8,-0.42214128375053406,0.276944100856781,1.0771716821455817
718,14,22,-0.4,-0.8,-0.3436734676361084,0.23100653290748596,1.0325440180186294
719,14,23,-0.4,-0.8,-0.42935365438461304,0.27965688705444336,1.0800558461439957
720,14,24,-0.4,-0.8,-0.42692622542381287,0.2932972311973572,1.093628756644311
721,14,25,-0.4,-0.8,-0.3540666103363037,0.2525179386138916,1.0535197612717253
722,14,26,-0.4,-0.8,-0.3551100194454193,0.24742336571216583,1.0483848612956943
723,14,27,-0.4,-0.8,-0.4183788597583771,0.28171318769454956,1.0818693095371188
724,14,28,-0.4,-0.8,-0.42343389987945557,0.28093865513801575,1.0811926395583455
725,14,29,-0.4,-0.8,-0.4196816086769104,0.27593740820884705,1.076117406282085
726,14,30,-0.4,-0.8,-0.3625544607639313,0.24639108777046204,1.0470608754862971
727,14,31,-0.4,-0.8,-0.36257824301719666,0.2577923536300659,1.0584540855861035
728,14,32,-0.4,-0.8,-0.36284250020980835,0.24911323189735413,1.0497710479589202
729,14,33,-0.4,-0.8,-0.37025371193885803,0.25087714195251465,1.0512980591305694
730,14,34,-0.4,-0.8,-0.36260169744491577,0.25326186418533325,1.0539256081816994
731,14,35,-0.4,-0.8,-0.35008859634399414,0.24130113422870636,1.042496618872648
732,14,36,-0.4,-0.8,-0.4035837650299072,0.27719563245773315,1.077201593926506
733,14,37,-0.4,-0.8,-0.3739895820617676,0.25750866532325745,1.0578284922779773
734,14,38,-0.4,-0.8,-0.3653982877731323,0.2670981287956238,1.0676589787793445
735,14,39,-0.4,-0.8,-0.3519636392593384,0.24561594426631927,1.0467187754393028
736,14,40,-0.4,-0.8,-0.426637202501297,0.28305837512016296,1.083385888995709
737,14,41,-0.4,-0.8,-0.35096991062164307,0.23806533217430115,1.0392225861318602
738,14,42,-0.4,-0.8,-0.39309269189834595,0.2728390097618103,1.0728612453490494
739,14,43,-0.4,-0.8,-0.4222651422023773,0.2576431632041931,1.0578774963245337
740,14,44,-0.4,-0.8,-0.4259466528892517,0.31062787771224976,1.1109309211412612
741,14,45,-0.4,-0.8,-0.331688791513443,0.11147250235080719,0.9140287433918783
742,14,46,-0.4,-0.8,-0.37972593307495117,0.2604238986968994,1.0606176892345391
743,14,47,-0.4,-0.8,-0.35914674401283264,0.24157170951366425,1.0423725891369027
744,14,48,-0.4,-0.8,-0.35934945940971375,0.24674220383167267,1.0475312442751623
745,14,49,-0.4,-0.8,-0.36231181025505066,0.2545876204967499,1.0552608440339517
746,15,0,-0.2,-0.8,-0.01036900281906128,-0.09933750331401825,0.7258704080991804
747,15,1,-0.2,-0.8,-0.09641452878713608,-0.09545288980007172,0.7121211837443547
748,15,2,-0.2,-0.8,-0.00811642687767744,-0.10706809163093567,0.7190089952637471
749,15,3,-0.2,-0.8,-0.04029664024710655,-0.11337999999523163,0.7049483580539146
750,15,4,-0.2,-0.8,-0.04583856835961342,-0.10151500999927521,0.7152950637755906
751,15,5,-0.2,-0.8,-0.04645418003201485,-0.10732811689376831,0.709486191885067
752,15,6,-0.2,-0.8,-0.08124292641878128,-0.08753569424152374,0.7222940048937708
753,15,7,-0.2,-0.8,-0.040931545197963715,-0.10890460014343262,0.7091654426267655
754,15,8,-0.2,-0.8,-0.08020368218421936,-0.09796907007694244,0.7121787586911397
755,15,9,-0.2,-0.8,-0.05937108397483826,-0.10298529267311096,0.7110597684107861
756,15,10,-0.2,-0.8,-0.05732976645231247,-0.11055146157741547,0.7040554542602377
757,15,11,-0.2,-0.8,-0.045525144785642624,-0.11333510279655457,0.7038260878547449
758,15,12,-0.2,-0.8,-0.027448227629065514,-0.10055629909038544,0.7204134957720386
759,15,13,-0.2,-0.8,-0.07240690290927887,-0.09600481390953064,0.7154643390580392
760,15,14,-0.2,-0.8,-0.05517964065074921,-0.10102342069149017,0.7138215427569217
761,15,15,-0.2,-0.8,-0.04980450123548508,-0.11096908152103424,0.705210815621179
762,15,16,-0.2,-0.8,-0.054679714143276215,-0.09571824967861176,0.7191180496394443
763,15,17,-0.2,-0.8,-0.05725126713514328,-0.07846841961145401,0.7355168402100084
764,15,18,-0.2,-0.8,0.0027273413725197315,-0.16593793034553528,0.6656824191117514
765,15,19,-0.2,-0.8,-0.0007597994990646839,-0.18901188671588898,0.6426531973546313
766,15,20,-0.2,-0.8,-0.09966146945953369,-0.06016425043344498,0.7466088380455501
767,15,21,-0.2,-0.8,-0.05393179878592491,-0.08157363533973694,0.7331250649410895
768,15,22,-0.2,-0.8,-0.053967949002981186,-0.09466573596000671,0.7202928459642196
769,15,23,-0.2,-0.8,-0.03358541801571846,-0.13303852081298828,0.6874092142358362
770,15,24,-0.2,-0.8,0.015084899961948395,-0.1734936237335205,0.662398485576618
771,15,25,-0.2,-0.8,-0.020072929561138153,-0.1399899274110794,0.684095787587925
772,15,26,-0.2,-0.8,-0.06770668178796768,-0.07976581901311874,0.7322832768166933
773,15,27,-0.2,-0.8,-0.09867211431264877,-0.07930489629507065,0.7277834656833913
774,15,28,-0.2,-0.8,-0.010298870503902435,-0.12111896276473999,0.7048872117223561
775,15,29,-0.2,-0.8,-0.028150921687483788,-0.10461582243442535,0.7163038881127284
776,15,30,-0.2,-0.8,-0.19089186191558838,-0.07624232023954391,0.723814988233598
777,15,31,-0.2,-0.8,-0.01094801165163517,-0.16364693641662598,0.6638417551121774
778,15,32,-0.2,-0.8,-0.01547638513147831,-0.11123909056186676,0.7130501769259937
779,15,33,-0.2,-0.8,-0.05384256690740585,-0.08907698094844818,0.7257916603720308
780,15,34,-0.2,-0.8,-0.057387303560972214,-0.10449676215648651,0.7099740382833877
781,15,35,-0.2,-0.8,-0.1062435731291771,-0.06859668344259262,0.7373880111927229
782,15,36,-0.2,-0.8,0.005574052222073078,-0.17390961945056915,0.6589763695031369
783,15,37,-0.2,-0.8,-0.048924289643764496,-0.10080444812774658,0.7153308954725682
784,15,38,-0.2,-0.8,-0.034669823944568634,-0.11616970598697662,0.7035324712651563
785,15,39,-0.2,-0.8,-0.053577255457639694,-0.10614493489265442,0.7091364265742073
786,15,40,-0.2,-0.8,-0.040875159204006195,-0.1050080955028534,0.7129757795850581
787,15,41,-0.2,-0.8,-0.009127197787165642,-0.1543906033039093,0.6732339264526633
788,15,42,-0.2,-0.8,-0.025030657649040222,-0.11890210211277008,0.7032130667650672
789,15,43,-0.2,-0.8,-0.06029457598924637,-0.09487225115299225,0.7188342977989248
790,15,44,-0.2,-0.8,-0.023483138531446457,-0.10924135148525238,0.7129556177495407
791,15,45,-0.2,-0.8,-0.08644282072782516,-0.07641380280256271,0.7324426378487953
792,15,46,-0.2,-0.8,-0.06112704053521156,-0.09531603753566742,0.7182375552872056
793,15,47,-0.2,-0.8,-0.07692492008209229,-0.10269185900688171,0.7080862368328296
794,15,48,-0.2,-0.8,-0.05598456412553787,-0.09714111685752869,0.7174615358208365
795,15,49,-0.2,-0.8,-0.051853980869054794,-0.10030056536197662,0.715210837318001
796,16,0,0.0,-0.8,-0.07182583957910538,-0.10036975145339966,0.7033074974096474
797,16,1,0.0,-0.8,-0.07426909357309341,-0.08651658147573471,0.717338474340559
798,16,2,0.0,-0.8,-0.07025114446878433,-0.08833533525466919,0.7151236385033417
799,16,3,0.0,-0.8,-0.07729201018810272,-0.09172973036766052,0.7124751432042978
800,16,4,0.0,-0.8,-0.019662123173475266,-0.2588641345500946,0.5414929583696422
801,16,5,0.0,-0.8,-0.09129135310649872,-0.06676426529884338,0.7388969845619621
802,16,6,0.0,-0.8,-0.07364308089017868,-0.0891239196062088,0.7146804216144705
803,16,7,0.0,-0.8,-0.0734669417142868,-0.08897249400615692,0.7148129166464993
804,16,8,0.0,-0.8,-0.0960150957107544,-0.07424505054950714,0.7320786469063504
805,16,9,0.0,-0.8,-0.023550424724817276,-0.26143941283226013,0.5390752531467012
806,16,10,0.0,-0.8,-0.10281690955162048,-0.05143279582262039,0.7555952461865314
807,16,11,0.0,-0.8,-0.020426861941814423,-0.2577708959579468,0.5426137281335939
808,16,12,0.0,-0.8,-0.08784877508878708,-0.07037466764450073,0.7348949128273192
809,16,13,0.0,-0.8,-0.020546741783618927,-0.24924343824386597,0.5511396909272286
810,16,14,0.0,-0.8,-0.07578091323375702,-0.09064213931560516,0.713394225744282
811,16,15,0.0,-0.8,-0.07622164487838745,-0.08833646774291992,0.7157336950937765
812,16,16,0.0,-0.8,-0.0761050432920456,-0.09083783626556396,0.7132341495518784
813,16,17,0.0,-0.8,-0.08214051276445389,-0.08667460083961487,0.7180391277113874
814,16,18,0.0,-0.8,-0.08988559246063232,-0.08386378735303879,0.7217551487840822
815,16,19,0.0,-0.8,-0.07510194182395935,-0.0872403234243393,0.7167054194143992
816,16,20,0.0,-0.8,-0.06688985228538513,-0.09447568655014038,0.7086880902115235
817,16,21,0.0,-0.8,-0.09824313968420029,-0.07760541141033173,0.7290443444116727
818,16,22,0.0,-0.8,-0.04460844770073891,-0.2370213270187378,0.5647432158406266
819,16,23,0.0,-0.8,-0.07701357454061508,-0.0953974723815918,0.7087988519952417
820,16,24,0.0,-0.8,-0.07571277767419815,-0.09379643201828003,0.7102505924906042
821,16,25,0.0,-0.8,-0.08118897676467896,-0.058400943875312805,0.7460300329029138
822,16,26,0.0,-0.8,-0.07247988879680634,-0.12203565239906311,0.6818276841680465
823,16,27,0.0,-0.8,-0.07642904669046402,-0.08478904515504837,0.7192830521486244
824,16,28,0.0,-0.8,-0.09103091061115265,-0.07445940375328064,0.7312289542193613
825,16,29,0.0,-0.8,-0.0751538947224617,-0.08937838673591614,0.714584624190868
826,16,30,0.0,-0.8,-0.07584817707538605,-0.08358647674322128,0.7204174361235646
827,16,31,0.0,-0.8,-0.07259108126163483,-0.10201811790466309,0.7017465160669357
828,16,32,0.0,-0.8,-0.07484424859285355,-0.08642532676458359,0.7174890074631529
829,16,33,0.0,-0.8,-0.1037604883313179,-0.07176297158002853,0.7355918763150556
830,16,34,0.0,-0.8,-0.056662529706954956,-0.11127632856369019,0.6910506044201841
831,16,35,0.0,-0.8,-0.0714445412158966,-0.08727066218852997,0.7163012155837281
832,16,36,0.0,-0.8,-0.04726570099592209,-0.10417397320270538,0.6974294989883532
833,16,37,0.0,-0.8,-0.08061882108449936,-0.0930861383676529,0.7114960309664501
834,16,38,0.0,-0.8,-0.06969765573740005,-0.09819519519805908,0.7052572206354073
835,16,39,0.0,-0.8,-0.07724249362945557,-0.0893791913986206,0.7148065027959489
836,16,40,0.0,-0.8,-0.08252301812171936,-0.08424903452396393,0.7204925350756908
837,16,41,0.0,-0.8,-0.06927064806222916,-0.10304805636405945,0.700385918205725
838,16,42,0.0,-0.8,-0.07819932699203491,-0.08791451156139374,0.7163664408575096
839,16,43,0.0,-0.8,-0.07232970744371414,-0.09652654826641083,0.7071820726466868
840,16,44,0.0,-0.8,-0.0874047726392746,-0.0872601568698883,0.71807915877378
841,16,45,0.0,-0.8,-0.06986744701862335,-0.09321604669094086,0.710228848194779
842,16,46,0.0,-0.8,-0.059573572129011154,-0.106551393866539,0.6960028590779282
843,16,47,0.0,-0.8,-0.030255375429987907,-0.2423187494277954,0.5585013562939553
844,16,48,0.0,-0.8,-0.0768391340970993,-0.08520054072141647,0.718917602729094
845,17,0,0.2,-0.8,-0.17940472066402435,-0.00477469339966774,0.8810966066894929
846,17,1,0.2,-0.8,-0.18715105950832367,-0.010626550763845444,0.8792021299095001
847,17,2,0.2,-0.8,-0.2761763334274292,0.061355747282505035,0.984214216465599
848,17,3,0.2,-0.8,-0.21531058847904205,-0.007405005395412445,0.894812667755131
849,17,4,0.2,-0.8,-0.24775013327598572,0.043012507259845734,0.954541915918413
850,17,5,0.2,-0.8,-0.22928255796432495,0.016690121963620186,0.9226409214235769
851,17,6,0.2,-0.8,-0.1540648490190506,-0.17949163913726807,0.714417625210519
852,17,7,0.2,-0.8,-0.20668712258338928,0.04042484611272812,0.9336532212972649
853,17,8,0.2,-0.8,-0.20248259603977203,0.010581303387880325,0.9050051323152313
854,17,9,0.2,-0.8,-0.20034170150756836,-0.0010394081473350525,0.8936506617798342
855,17,10,0.2,-0.8,-0.19937825202941895,0.026441961526870728,0.9178830557137744
856,17,11,0.2,-0.8,-0.13091883063316345,-0.023849960416555405,0.8437512408364227
857,17,12,0.2,-0.8,-0.22489698231220245,0.012615427374839783,0.9169957897316703
858,17,13,0.2,-0.8,-0.2419121414422989,0.013032002374529839,0.9253687792654646
859,17,14,0.2,-0.8,-0.1965908408164978,0.014952640980482101,0.906328914942362
860,17,15,0.2,-0.8,-0.20299628376960754,-0.023447901010513306,0.8748938033710673
861,17,16,0.2,-0.8,-0.1757480949163437,0.012437969446182251,0.8951212683380378
862,17,17,0.2,-0.8,-0.20908501744270325,0.019883954897522926,0.9162752048344974
863,17,18,0.2,-0.8,-0.22552461922168732,0.0025422945618629456,0.9083751076093961
864,17,19,0.2,-0.8,-0.2191477119922638,-0.006490278989076614,0.8974087596002076
865,17,20,0.2,-0.8,-0.19280867278575897,0.019453618675470352,0.908736973263459
866,17,21,0.2,-0.8,-0.23281602561473846,0.019338950514793396,0.9266315491389342
867,17,22,0.2,-0.8,-0.22066107392311096,0.0025794580578804016,0.9061399039942045
868,17,23,0.2,-0.8,-0.2172217220067978,0.011994274333119392,0.9129121901169285
869,17,24,0.2,-0.8,-0.19994215667247772,0.0006223097443580627,0.8949579942903597
870,17,25,0.2,-0.8,-0.22633077204227448,0.021040840074419975,0.9251302547534975
871,17,26,0.2,-0.8,-0.18508313596248627,0.004270367324352264,0.8917061429410202
872,17,27,0.2,-0.8,-0.2600703239440918,0.04931415617465973,0.9659188572818609
873,17,28,0.2,-0.8,-0.19891564548015594,0.011224629357457161,0.9040017098905252
874,17,29,0.2,-0.8,-0.16294650733470917,-0.012578517198562622,0.8670425357291756
875,17,30,0.2,-0.8,-0.17966867983341217,0.02150583080947399,0.9049973129796631
876,17,31,0.2,-0.8,-0.15317432582378387,0.04469934478402138,0.9155594396322061
877,17,32,0.2,-0.8,-0.179889515042305,0.009669242426753044,0.8943602885699867
878,17,33,0.2,-0.8,-0.17408402264118195,-0.008454188704490662,0.8754905067302983
879,17,34,0.2,-0.8,-0.15363095700740814,-0.03792642056941986,0.8401255824102204
880,17,35,0.2,-0.8,-0.18591010570526123,-0.01149747148156166,0.8778740497163683
881,17,36,0.2,-0.8,-0.19824068248271942,0.01699664443731308,0.9088889691299656
882,17,37,0.2,-0.8,-0.22779856622219086,0.028015941381454468,0.9319989337137562
883,17,38,0.2,-0.8,-0.17400884628295898,-0.169461190700531,0.7331178671473655
884,17,39,0.2,-0.8,-0.11811275780200958,-0.015532813966274261,0.8465131379016347
885,17,40,0.2,-0.8,-0.17074237763881683,-0.027971118688583374,0.8564335958825066
886,17,41,0.2,-0.8,-0.1692001074552536,-0.17314022779464722,0.7275038785836936
887,17,42,0.2,-0.8,-0.13230502605438232,-0.19017964601516724,0.6944836171395193
888,17,43,0.2,-0.8,-0.2198449671268463,-0.00938374549150467,0.8951781154132313
889,17,44,0.2,-0.8,-0.22325585782527924,-0.03816751390695572,0.871512626443313
890,17,45,0.2,-0.8,-0.18400217592716217,-0.12838470935821533,0.7736438261504089
891,17,46,0.2,-0.8,-0.16109582781791687,-0.12422800064086914,0.7661970973485503
892,17,47,0.2,-0.8,-0.13117146492004395,0.0035286396741867065,0.8690988516583927
893,17,48,0.2,-0.8,-0.174382746219635,0.022162562236189842,0.9033901258092942
894,17,49,0.2,-0.8,-0.10359201580286026,-0.11214400827884674,0.7518736445746289
895,18,0,0.4,-0.8,-0.06137276813387871,-0.28374096751213074,0.6923786679273335
896,18,1,0.4,-0.8,-0.02454252354800701,-0.2447800636291504,0.6989317077112472
897,18,2,0.4,-0.8,-0.04909807816147804,-0.3073791563510895,0.6666066151829709
898,18,3,0.4,-0.8,-0.05805253982543945,-0.28014594316482544,0.6928638896987811
899,18,4,0.4,-0.8,-0.03096851147711277,-0.2496553361415863,0.6990086601196216
900,18,5,0.4,-0.8,-0.06041159853339195,-0.2734651267528534,0.6994410717204574
901,18,6,0.4,-0.8,-0.07509329169988632,-0.3222675621509552,0.6737521190997656
902,18,7,0.4,-0.8,-0.04221348464488983,-0.24896278977394104,0.7065371703282809
903,18,8,0.4,-0.8,-0.05300457775592804,-0.2796359062194824,0.6899216894429729
904,18,9,0.4,-0.8,-0.045518938452005386,-0.23006805777549744,0.7234013708082088
905,18,10,0.4,-0.8,-0.043975234031677246,-0.26665055751800537,0.6939565088889484
906,18,11,0.4,-0.8,-0.03017851710319519,-0.19599810242652893,0.7415334441880945
907,18,12,0.4,-0.8,-0.04123704880475998,-0.24506238102912903,0.7089752422948166
908,18,13,0.4,-0.8,-0.04811600595712662,-0.24863025546073914,0.710504433475441
909,18,14,0.4,-0.8,-0.0455072820186615,-0.26878049969673157,0.6933043313250751
910,18,15,0.4,-0.8,-0.06346530467271805,-0.285774827003479,0.6922626793195465
911,18,16,0.4,-0.8,-0.03765096515417099,-0.22405171394348145,0.7233635292934105
912,18,17,0.4,-0.8,-0.05494263023138046,-0.2468518316745758,0.7162022709567587
913,18,18,0.4,-0.8,-0.03651924058794975,-0.21967336535453796,0.7261735676010302
914,18,19,0.4,-0.8,-0.06470874696969986,-0.2789546251296997,0.6981708259329377
915,18,20,0.4,-0.8,-0.024035384878516197,-0.17086024582386017,0.7586981204101438
916,18,21,0.4,-0.8,-0.046118468046188354,-0.23799288272857666,0.717546993161851
917,18,22,0.4,-0.8,-0.01748555339872837,-0.1754147708415985,0.7512661950197782
918,18,23,0.4,-0.8,-0.03905978426337242,-0.21429592370986938,0.7319991524177295
919,18,24,0.4,-0.8,-0.047182127833366394,-0.2648496627807617,0.6973935322896548
920,18,25,0.4,-0.8,-0.094689279794693,-0.33859533071517944,0.67647006761691
921,18,26,0.4,-0.8,-0.03935091197490692,-0.26585203409194946,0.6916236500705354
922,18,27,0.4,-0.8,-0.047377344220876694,-0.24808427691459656,0.7104628445675457
923,18,28,0.4,-0.8,-0.05003591254353523,-0.2665776014328003,0.6979052785816117
924,18,29,0.4,-0.8,-0.03674785792827606,-0.2503693401813507,0.7020274593045641
925,18,30,0.4,-0.8,-0.030130930244922638,-0.2513374388217926,0.6971680021286065
926,18,31,0.4,-0.8,-0.049566108733415604,-0.23437842726707458,0.7225215911393744
927,18,32,0.4,-0.8,-0.025627972558140755,-0.21653753519058228,0.7222102317645704
928,18,33,0.4,-0.8,-0.04436264559626579,-0.26953059434890747,0.6919941843203135
929,18,34,0.4,-0.8,-0.045460425317287445,-0.27467238903045654,0.6887699829194263
930,18,35,0.4,-0.8,-0.06321887671947479,-0.2826513350009918,0.6944216074730883
931,18,36,0.4,-0.8,-0.05440640076994896,-0.29229047894477844,0.6813619704905918
932,18,37,0.4,-0.8,-0.049185626208782196,-0.2500309944152832,0.7100941021416938
933,18,38,0.4,-0.8,-0.04117641970515251,-0.2231842279434204,0.7261907932472601
934,18,39,0.4,-0.8,-0.038045696914196014,-0.2389310896396637,0.7118162366495856
935,18,40,0.4,-0.8,-0.050191618502140045,-0.2265448272228241,0.72905646458589
936,18,41,0.4,-0.8,-0.05455607548356056,-0.2694285213947296,0.698661090707361
937,18,42,0.4,-0.8,-0.039614781737327576,-0.25027579069137573,0.7038876775608096
938,18,43,0.4,-0.8,-0.05762752145528793,-0.26489660143852234,0.7041012679617569
939,18,44,0.4,-0.8,-0.0408380851149559,-0.2254900336265564,0.7241546235095351
940,18,45,0.4,-0.8,-0.017558731138706207,-0.19499656558036804,0.7351084611196611
941,18,46,0.4,-0.8,-0.03721019998192787,-0.2514914572238922,0.7014373674581407
942,18,47,0.4,-0.8,-0.06182360276579857,-0.2690262198448181,0.7037145694696576
943,18,48,0.4,-0.8,-0.03439360484480858,-0.23670297861099243,0.7113377103990732
944,18,49,0.4,-0.8,-0.05345076322555542,-0.25855332612991333,0.706245067462293
945,19,0,0.6,-0.8,-0.2113492339849472,0.3280029892921448,1.3894885114098552
946,19,1,0.6,-0.8,-0.254507452249527,0.33601853251457214,1.421520697058801
947,19,2,0.6,-0.8,-0.28989070653915405,0.3704874813556671,1.470355879913121
948,19,3,0.6,-0.8,-0.2572724223136902,0.3298875391483307,1.4182954054717418
949,19,4,0.6,-0.8,-0.16292761266231537,0.3177684247493744,1.3533162208180753
950,19,5,0.6,-0.8,-0.31457287073135376,0.34834426641464233,1.4680388585065358
951,19,6,0.6,-0.8,-0.3313547372817993,0.3284072279930115,1.4631214983193028
952,19,7,0.6,-0.8,-0.1949463039636612,0.3379893898963928,1.3881496596917242
953,19,8,0.6,-0.8,-0.27176910638809204,0.35518380999565125,1.4472149148377242
954,19,9,0.6,-0.8,-0.28325071930885315,0.32825300097465515,1.4328596118838446
955,19,10,0.6,-0.8,-0.32871562242507935,0.3738228678703308,1.4967875041139709
956,19,11,0.6,-0.8,-0.26712286472320557,0.3263351023197174,1.4214544752623444
957,19,12,0.6,-0.8,-0.29162853956222534,0.3731057941913605,1.4734919941849733
958,19,13,0.6,-0.8,-0.3663719594478607,0.382683664560318,1.5272902194491134
959,19,14,0.6,-0.8,-0.3303169012069702,0.33514779806137085,1.4676682391177232
960,19,15,0.6,-0.8,-0.271026074886322,0.34292128682136536,1.4369952995752207
961,19,16,0.6,-0.8,-0.2855331301689148,0.35236188769340515,1.4533089295931076
962,19,17,0.6,-0.8,-0.2248791605234146,0.3597801625728607,1.4232061182286087
963,19,18,0.6,-0.8,-0.3343757390975952,0.39716047048568726,1.5186346545195422
964,19,19,0.6,-0.8,-0.20078179240226746,0.3311924338340759,1.3859465362727554
965,19,20,0.6,-0.8,-0.22450114786624908,0.36510032415390015,1.4273264896919295
966,19,21,0.6,-0.8,-0.10926289111375809,0.32541269063949585,1.3302659782778317
967,19,22,0.6,-0.8,-0.33728963136672974,0.3537141978740692,1.4864616723763135
968,19,23,0.6,-0.8,-0.4088897705078125,0.3914872407913208,1.5612496321869294
969,19,24,0.6,-0.8,-0.2591380178928375,0.34956851601600647,1.4351396819836308
970,19,25,0.6,-0.8,-0.23836208879947662,0.33909696340560913,1.414352461013909
971,19,26,0.6,-0.8,-0.4397343099117279,0.36783257126808167,1.5636113167031749
972,19,27,0.6,-0.8,-0.2411583960056305,0.3406512439250946,1.417262398936284
973,19,28,0.6,-0.8,-0.255418598651886,0.3469562828540802,1.430821335351834
974,19,29,0.6,-0.8,-0.3097578287124634,0.36089038848876953,1.4748985731192576
975,19,30,0.6,-0.8,-0.36581259965896606,0.3664565086364746,1.5144024445966813
976,19,31,0.6,-0.8,-0.31552234292030334,0.32120490074157715,1.4475087529383757
977,19,32,0.6,-0.8,-0.37054258584976196,0.38864588737487793,1.5345461728215133
978,19,33,0.6,-0.8,-0.2203981578350067,0.3451482653617859,1.4086936100657872
979,19,34,0.6,-0.8,-0.24518156051635742,0.3395346999168396,1.4187569215871432
980,19,35,0.6,-0.8,-0.2824278473854065,0.3646987974643707,1.4612331075691496
981,19,36,0.6,-0.8,-0.2916313409805298,0.3339439034461975,1.442510043078223
982,19,37,0.6,-0.8,-0.3164981007575989,0.352579265832901,1.4725514363580632
983,19,38,0.6,-0.8,-0.19830112159252167,0.34084415435791016,1.3924116005220917
984,19,39,0.6,-0.8,-0.2213749885559082,0.360536128282547,1.4217949841219242
985,19,40,0.6,-0.8,-0.09227803349494934,0.30913877487182617,1.3074546636819993
986,19,41,0.6,-0.8,-0.15033452212810516,0.3276982307434082,1.3545128994288038
987,19,42,0.6,-0.8,-0.3132016062736511,0.342854768037796,1.462892407023668
988,19,43,0.6,-0.8,-0.39433804154396057,0.3903331160545349,1.551000021933455
989,19,44,0.6,-0.8,-0.26978909969329834,0.32855650782585144,1.4248413488179517
990,19,45,0.6,-0.8,-0.33534911274909973,0.3749566376209259,1.5017992752062441
991,19,46,0.6,-0.8,-0.25549399852752686,0.3366703987121582,1.4226347306406775
992,19,47,0.6,-0.8,-0.3769131600856781,0.3728024959564209,1.5263764335412797
993,19,48,0.6,-0.8,-0.30950644612312317,0.35457372665405273,1.4697763319020145
994,19,49,0.6,-0.8,-0.40013134479522705,0.3870867192745209,1.552236317678418
995,20,0,0.8,-0.8,0.11864835768938065,0.3225099742412567,1.3131141240389141
996,20,1,0.8,-0.8,0.08565586805343628,0.3098980486392975,1.3199095488781836
997,20,2,0.8,-0.8,-0.18250609934329987,0.0776083767414093,1.31738934949903
998,20,3,0.8,-0.8,-0.32313957810401917,0.15238401293754578,1.4725752340721672
999,20,4,0.8,-0.8,0.007299972698092461,0.2985278367996216,1.354672189685793
1000,20,5,0.8,-0.8,0.07389609515666962,0.2962242364883423,1.3148895228471407
1001,20,6,0.8,-0.8,-0.082598015666008,0.12442708760499954,1.2781019902791158
1002,20,7,0.8,-0.8,-0.2649962604045868,0.07296598702669144,1.3770572425216172
1003,20,8,0.8,-0.8,-0.18895427882671356,0.1219710111618042,1.3520581019439901
1004,20,9,0.8,-0.8,0.003964141011238098,0.25647157430648804,1.3228020547737311
1005,20,10,0.8,-0.8,-0.14335580170154572,0.06894933432340622,1.2825728494807056
1006,20,11,0.8,-0.8,0.09461691975593567,0.27932339906692505,1.2893813592835848
1007,20,12,0.8,-0.8,-0.5904284119606018,0.08257550001144409,1.6468851453600921
1008,20,13,0.8,-0.8,-0.2423681616783142,-0.2353275716304779,1.1854899138505404
1009,20,14,0.8,-0.8,0.08806765079498291,0.35187649726867676,1.3541296595247185
1010,20,15,0.8,-0.8,-0.0015347421867772937,0.3360125720500946,1.3903174122437996
1011,20,16,0.8,-0.8,0.09095115214586258,0.30873730778694153,1.3160732070526757
1012,20,17,0.8,-0.8,0.23044241964817047,0.41573360562324524,1.3425364193115683
1013,20,18,0.8,-0.8,-0.13909384608268738,0.22326402366161346,1.3888723893398305
1014,20,19,0.8,-0.8,0.09561313688755035,0.3382521867752075,1.3385734546986725
1015,20,20,0.8,-0.8,0.0648219883441925,0.32199594378471375,1.3414028502621937
1016,20,21,0.8,-0.8,-0.058094337582588196,0.23854151368141174,1.347180154185393
1017,20,22,0.8,-0.8,-0.10513157397508621,0.22495824098587036,1.3674072407192623
1018,20,23,0.8,-0.8,-0.02851097099483013,0.25069183111190796,1.33805222357877
1019,20,24,0.8,-0.8,-0.05601034313440323,0.27523285150527954,1.3743650870526556
1020,20,25,0.8,-0.8,-0.5235171914100647,0.13968536257743835,1.6231778511919999
1021,20,26,0.8,-0.8,-0.25458061695098877,0.15153510868549347,1.4204081598997669
1022,20,27,0.8,-0.8,0.08172629028558731,0.337946355342865,1.3456741915133152
1023,20,28,0.8,-0.8,-0.051056694239377975,0.2549465298652649,1.3554370799430058
1024,20,29,0.8,-0.8,-0.0054615638218820095,0.2844160199165344,1.3508243538839568
1025,20,30,0.8,-0.8,-0.035371895879507065,0.31938567757606506,1.3967356584507136
1026,20,31,0.8,-0.8,0.11165296286344528,0.28341031074523926,1.2835885419260213
1027,20,32,0.8,-0.8,0.08671123534440994,0.3045482337474823,1.3148413069487057
1028,20,33,0.8,-0.8,0.15352937579154968,0.34420740604400635,1.3142050281483544
1029,20,34,0.8,-0.8,-0.17355985939502716,0.15323515236377716,1.3625256164664423
1030,20,35,0.8,-0.8,0.1037520319223404,0.31821712851524353,1.31725881267014
1031,20,36,0.8,-0.8,0.1378362476825714,0.32350143790245056,1.30411514669985
1032,20,37,0.8,-0.8,0.03971793130040169,0.28396251797676086,1.3240104094623504
1033,20,38,0.8,-0.8,0.09147030860185623,0.3203651010990143,1.3256063832651657
1034,20,39,0.8,-0.8,-0.21783699095249176,0.14482808113098145,1.3887736471595633
1035,20,40,0.8,-0.8,-0.13955549895763397,0.2205127477645874,1.3871592568885367
1036,20,41,0.8,-0.8,-0.14799265563488007,0.26246845722198486,1.4239133743768744
1037,20,42,0.8,-0.8,0.1129443570971489,0.3254505693912506,1.3185918400277397
1038,20,43,0.8,-0.8,0.0880962684750557,0.36023348569869995,1.3612305698505656
1039,20,44,0.8,-0.8,0.1736832559108734,0.3740244209766388,1.330641200690831
1040,20,45,0.8,-0.8,-0.18029019236564636,0.19630873203277588,1.397712399162658
1041,20,46,0.8,-0.8,-0.023274991661310196,0.39574459195137024,1.4517530234429958
1042,20,47,0.8,-0.8,0.001268508960492909,0.38327085971832275,1.4276210709557116
1043,20,48,0.8,-0.8,-0.05074795335531235,0.35688316822052,1.4360190615204942
1044,20,49,0.8,-0.8,0.081598661839962,0.2664727568626404,1.2858711536543364
1045,21,0,1.0,-0.8,0.04550933465361595,0.31664934754371643,1.4689990454738868
1046,21,1,1.0,-0.8,-0.11512893438339233,0.20437027513980865,1.500757205507758
1047,21,2,1.0,-0.8,0.07377111911773682,0.3120694160461426,1.4472727199410684
1048,21,3,1.0,-0.8,-0.026990467682480812,0.25654056668281555,1.473427090071689
1049,21,4,1.0,-0.8,-0.014912081882357597,0.19732357561588287,1.4229198320460754
1050,21,5,1.0,-0.8,-0.09187887609004974,0.16861535608768463,1.4595941861012405
1051,21,6,1.0,-0.8,-0.13551145792007446,0.26097774505615234,1.5540463463398415
1052,21,7,1.0,-0.8,0.07871360331773758,0.3010545074939728,1.4356495579299922
1053,21,8,1.0,-0.8,0.06339416652917862,0.29583844542503357,1.4415590122374895
1054,21,9,1.0,-0.8,0.07768649607896805,0.3038633465766907,1.4384632381227485
1055,21,10,1.0,-0.8,-0.023739945143461227,0.13869211077690125,1.3889515305139815
1056,21,11,1.0,-0.8,0.030825482681393623,0.2809494137763977,1.4518095192425526
1057,21,12,1.0,-0.8,0.05003642290830612,0.2792266011238098,1.437762447128905
1058,21,13,1.0,-0.8,0.07746661454439163,0.31578823924064636,1.4477745826294672
1059,21,14,1.0,-0.8,-0.0635220929980278,0.31396493315696716,1.540128927914255
1060,21,15,1.0,-0.8,0.033318594098091125,0.29519498348236084,1.460796013261749
1061,21,16,1.0,-0.8,0.02245417796075344,0.20808622241020203,1.4042199492955716
1062,21,17,1.0,-0.8,0.10282072424888611,0.3165864944458008,1.4323742710674663
1063,21,18,1.0,-0.8,0.015739809721708298,0.2636827826499939,1.449202947924373
1064,21,19,1.0,-0.8,0.05732516199350357,0.27978047728538513,1.4333742460841232
1065,21,20,1.0,-0.8,0.023230569437146187,0.27554625272750854,1.4528861835113815
1066,21,21,1.0,-0.8,-0.035280924290418625,0.25077736377716064,1.4751066606947794
1067,21,22,1.0,-0.8,-0.00959017500281334,0.3323923647403717,1.5170974883587747
1068,21,23,1.0,-0.8,0.02023617923259735,0.3429787755012512,1.5054360251206553
1069,21,24,1.0,-0.8,0.05104381963610649,0.3047633767127991,1.4563721882735527
1070,21,25,1.0,-0.8,0.03461593762040138,0.2895774245262146,1.4557284609204133
1071,21,26,1.0,-0.8,-0.07558727264404297,0.19601762294769287,1.465926016651667
1072,21,27,1.0,-0.8,0.06026504933834076,0.27256837487220764,1.4260100617706313
1073,21,28,1.0,-0.8,0.18840423226356506,0.3906085789203644,1.4409151530907234
1074,21,29,1.0,-0.8,-0.028987979516386986,0.3462449014186859,1.540355035703636
1075,21,30,1.0,-0.8,0.1621970385313034,0.35814717411994934,1.4294120046955472
1076,21,31,1.0,-0.8,0.003274008631706238,0.22784526646137238,1.4317571699335603
1077,21,32,1.0,-0.8,0.05157555639743805,0.27885058522224426,1.436463543031012
1078,21,33,1.0,-0.8,-0.03752608597278595,0.250423401594162,1.476431407716139
1079,21,34,1.0,-0.8,0.07209501415491104,0.264363169670105,1.4120469608714745
1080,21,35,1.0,-0.8,0.006871865596622229,0.2411278933286667,1.4388366069886187
1081,21,36,1.0,-0.8,0.08435053378343582,0.3712051212787628,1.4866524076233425
1082,21,37,1.0,-0.8,-0.12981383502483368,0.19118627905845642,1.5029735665031738
1083,21,38,1.0,-0.8,-0.20347055792808533,0.050031356513500214,1.473395632834548
1084,21,39,1.0,-0.8,-0.06250913441181183,0.29547590017318726,1.5261038983531865
1085,21,40,1.0,-0.8,-0.005221379920840263,0.2184978574514389,1.4310163899421733
1086,21,41,1.0,-0.8,0.03562026098370552,0.28176403045654297,1.449221066164414
1087,21,42,1.0,-0.8,-0.24775545299053192,0.2687792479991913,1.6429189728715548
1088,21,43,1.0,-0.8,-0.030461285263299942,0.2944883704185486,1.5032482341276645
1089,21,44,1.0,-0.8,-0.06918159127235413,0.1901281476020813,1.4572244246476287
1090,21,45,1.0,-0.8,0.041560035198926926,0.2865148186683655,1.448834572100567
1091,21,46,1.0,-0.8,0.07224281132221222,0.26837995648384094,1.4149802587173173
1092,21,47,1.0,-0.8,0.05128757283091545,0.2992168068885803,1.4520099372977384
1093,21,48,1.0,-0.8,0.059496037662029266,0.2529714107513428,1.4118415261753339
1094,22,0,-1.0,-0.6,0.012595903128385544,0.23979414999485016,1.3155244875706282
1095,22,1,-1.0,-0.6,0.0057403831742703915,0.24919192492961884,1.3162980831533562
1096,22,2,-1.0,-0.6,-0.12964636087417603,0.0032449625432491302,1.0589711714552814
1097,22,3,-1.0,-0.6,0.0032895789481699467,0.32326698303222656,1.3634558669731214
1098,22,4,-1.0,-0.6,0.042728014290332794,0.27911776304244995,1.3638657386570796
1099,22,5,-1.0,-0.6,-0.16676239669322968,0.16585388779640198,1.1317318944950145
1100,22,6,-1.0,-0.6,0.043914441019296646,0.2614225149154663,1.353442318450224
1101,22,7,-1.0,-0.6,-0.051766347140073776,0.15032103657722473,1.2091851464297765
1102,22,8,-1.0,-0.6,-0.10706384479999542,0.1838187873363495,1.1881527126782956
1103,22,9,-1.0,-0.6,-0.12225588411092758,0.15012836456298828,1.1546113182798066
1104,22,10,-1.0,-0.6,-0.0744473934173584,0.13250336050987244,1.1803426624121396
1105,22,11,-1.0,-0.6,-0.10097064077854156,0.23636052012443542,1.2279058222701618
1106,22,12,-1.0,-0.6,-0.09576161950826645,0.12491192668676376,1.15894104690749
1107,22,13,-1.0,-0.6,-0.1385219246149063,0.056270942091941833,1.0829755416460014
1108,22,14,-1.0,-0.6,-0.1521293967962265,0.10290900617837906,1.1013471890116246
1109,22,15,-1.0,-0.6,-0.09157021343708038,0.19252756237983704,1.2055474334286802
1110,22,16,-1.0,-0.6,-0.3050028383731842,-0.1070767343044281,0.8520530503045673
1111,22,17,-1.0,-0.6,0.003911018371582031,0.25614720582962036,1.3194034147514297
1112,22,18,-1.0,-0.6,0.09255785495042801,0.2694811522960663,1.3963094716473048
1113,22,19,-1.0,-0.6,0.025422535836696625,0.26747989654541016,1.3431354168184966
1114,22,20,-1.0,-0.6,-0.06861788034439087,0.16641020774841309,1.2061746388293617
1115,22,21,-1.0,-0.6,0.2097288966178894,-0.023112166672945023,1.3402401186179738
1116,22,22,-1.0,-0.6,-0.0821753442287445,0.19776614010334015,1.2160727416717332
1117,22,23,-1.0,-0.6,-0.1774391084909439,0.17537511885166168,1.130403907979091
1118,22,24,-1.0,-0.6,-0.12090369313955307,0.1391490399837494,1.1485432599796037
1119,22,25,-1.0,-0.6,0.03643267601728439,0.20914174616336823,1.3148775826291412
1120,22,26,-1.0,-0.6,-0.039876338094472885,0.2594895362854004,1.2886270636359347
1121,22,27,-1.0,-0.6,-0.2568173408508301,0.14320391416549683,1.051034025562896
1122,22,28,-1.0,-0.6,-0.056743074208498,0.06356066465377808,1.1532763691888424
1123,22,29,-1.0,-0.6,-0.13266795873641968,0.2042342573404312,1.1828176573260833
1124,22,30,-1.0,-0.6,0.021859828382730484,-0.06761618703603745,1.1522282903871224
1125,22,31,-1.0,-0.6,-0.010906937532126904,0.2998444437980652,1.3371705610191713
1126,22,32,-1.0,-0.6,-0.09853783994913101,-0.15910989046096802,1.003502922114788
1127,22,33,-1.0,-0.6,-0.032229945063591,0.22923903167247772,1.274447429626161
1128,22,34,-1.0,-0.6,-0.17672038078308105,-0.07964161038398743,0.9739415716878117
1129,22,35,-1.0,-0.6,-0.11703653633594513,0.2284688502550125,1.210778722148885
1130,22,36,-1.0,-0.6,-0.11449205875396729,0.1459481567144394,1.157826829243241
1131,22,37,-1.0,-0.6,-0.07738743722438812,0.26169583201408386,1.2624316408827159
1132,22,38,-1.0,-0.6,-0.09146972000598907,0.28303062915802,1.2669531805466232
1133,22,39,-1.0,-0.6,-0.11649621278047562,0.014546595513820648,1.0762185930789665
1134,22,40,-1.0,-0.6,-0.228763148188591,-0.06413549184799194,0.9391256852461053
1135,22,41,-1.0,-0.6,0.10324573516845703,0.4194610118865967,1.5021490961033903
1136,22,42,-1.0,-0.6,-0.006767267361283302,0.2678576111793518,1.3189723630413577
1137,22,43,-1.0,-0.6,-0.0015646590618416667,0.23984573781490326,1.3046892324841788
1138,22,44,-1.0,-0.6,-0.1178603246808052,0.15168602764606476,1.1589660439074885
1139,22,45,-1.0,-0.6,-0.11936377733945847,0.22356165945529938,1.2057254926336232
1140,22,46,-1.0,-0.6,-0.10724623501300812,0.04886893182992935,1.103648574317279
1141,22,47,-1.0,-0.6,0.03384442999958992,-0.0813225731253624,1.156659231835579
1142,22,48,-1.0,-0.6,-0.177516371011734,0.11151240766048431,1.0875335517622096
1143,22,49,-1.0,-0.6,0.04389629140496254,0.29644057154655457,1.3759815280459793
1144,23,0,-0.8,-0.6,-0.014152893796563148,0.25932425260543823,1.1644714876046605
1145,23,1,-0.8,-0.6,-0.0604938268661499,0.2928484082221985,1.1593306949132267
1146,23,2,-0.8,-0.6,-0.11353150010108948,0.26613864302635193,1.1051855727872089
1147,23,3,-0.8,-0.6,-0.3804526925086975,0.3371410667896271,1.0267683878493736
1148,23,4,-0.8,-0.6,-0.09317192435264587,0.2209356427192688,1.0833010929608817
1149,23,5,-0.8,-0.6,0.07090981304645538,0.2178778201341629,1.1947418261398661
1150,23,6,-0.8,-0.6,0.023145457729697227,0.2980218231678009,1.2182001639577356
1151,23,7,-0.8,-0.6,0.026385251432657242,0.26525816321372986,1.196488308673935
1152,23,8,-0.8,-0.6,0.022182535380125046,0.34727010130882263,1.254314460698639
1153,23,9,-0.8,-0.6,-0.043888892978429794,0.3748782277107239,1.2337307506201611
1154,23,10,-0.8,-0.6,0.07633770257234573,0.33726152777671814,1.2831316925398284
1155,23,11,-0.8,-0.6,0.031045570969581604,0.30059051513671875,1.2254387038862362
1156,23,12,-0.8,-0.6,0.07284559309482574,0.2058001309633255,1.1879281461627091
1157,23,13,-0.8,-0.6,0.07708873599767685,0.2858317494392395,1.2465883599362646
1158,23,14,-0.8,-0.6,-0.02568289078772068,0.315336674451828,1.1989196024819149
1159,23,15,-0.8,-0.6,0.084554024040699,0.27072933316230774,1.24121126045322
1160,23,16,-0.8,-0.6,-0.04391889274120331,0.29848513007164,1.1742802773246002
1161,23,17,-0.8,-0.6,0.06906012445688248,0.2921265959739685,1.2454538783773217
1162,23,18,-0.8,-0.6,-0.08853522688150406,0.145252525806427,1.0303317187243204
1163,23,19,-0.8,-0.6,0.030616268515586853,0.2839111089706421,1.212939501411537
1164,23,20,-0.8,-0.6,0.07695049792528152,0.2729514241218567,1.2373707466591317
1165,23,21,-0.8,-0.6,-0.04847021400928497,0.3072817623615265,1.1781159601436046
1166,23,22,-0.8,-0.6,-0.3029800057411194,0.31374144554138184,1.0401693631294626
1167,23,23,-0.8,-0.6,0.06315726041793823,0.2805764079093933,1.2330674216679356
1168,23,24,-0.8,-0.6,0.0638519823551178,0.2413623332977295,1.2058734690302573
1169,23,25,-0.8,-0.6,0.053324006497859955,0.27335405349731445,1.221027912386015
1170,23,26,-0.8,-0.6,0.04455946013331413,0.29808756709098816,1.2328187051890822
1171,23,27,-0.8,-0.6,-0.012984435074031353,0.0864684134721756,1.044333463090572
1172,23,28,-0.8,-0.6,0.018163572996854782,0.18679548799991608,1.1350941688318226
1173,23,29,-0.8,-0.6,-0.010763827711343765,0.22802609205245972,1.1439060034672945
1174,23,30,-0.8,-0.6,0.012657969258725643,0.24701370298862457,1.1738165052725311
1175,23,31,-0.8,-0.6,0.07196616381406784,0.26210924983024597,1.2261962932089998
1176,23,32,-0.8,-0.6,-0.04653554782271385,0.18532420694828033,1.0883210880589254
1177,23,33,-0.8,-0.6,0.009286660701036453,0.2710650563240051,1.1889908458593685
1178,23,34,-0.8,-0.6,-0.02159564569592476,0.20606306195259094,1.1205583423650598
1179,23,35,-0.8,-0.6,0.1462007611989975,0.30862554907798767,1.3118293596847255
1180,23,36,-0.8,-0.6,-0.20978733897209167,0.29856693744659424,1.0750690797850138
1181,23,37,-0.8,-0.6,0.0077090878039598465,0.27629542350769043,1.1917582136413525
1182,23,38,-0.8,-0.6,0.04466007649898529,0.2599164843559265,1.2053659215766506
1183,23,39,-0.8,-0.6,-0.01795710064470768,0.24717415869235992,1.1529506284261004
1184,23,40,-0.8,-0.6,-0.09738797694444656,0.27210402488708496,1.1199236961357997
1185,23,41,-0.8,-0.6,0.047882843762636185,0.2935120463371277,1.2317747739325466
1186,23,42,-0.8,-0.6,0.12085824459791183,0.31987911462783813,1.3015980532301217
1187,23,43,-0.8,-0.6,0.16122494637966156,0.3314974904060364,1.3385219356347235
1188,23,44,-0.8,-0.6,0.10811767727136612,0.3226318359375,1.294576077508828
1189,23,45,-0.8,-0.6,0.07564043998718262,0.2828964591026306,1.24348395149954
1190,23,46,-0.8,-0.6,0.1017334833741188,0.2767017185688019,1.2576681511350731
1191,23,47,-0.8,-0.6,-0.03561655431985855,0.1940893977880478,1.1022068878886713
1192,23,48,-0.8,-0.6,0.1332617551088333,0.32219794392585754,1.312031459733302
1193,23,49,-0.8,-0.6,0.09111226350069046,0.24641555547714233,1.2290241489551796
1194,24,0,-0.6,-0.6,-0.5305314064025879,0.2674897611141205,0.870266839040898
1195,24,1,-0.6,-0.6,-0.4410494863986969,0.2746865749359131,0.8890117379130811
1196,24,2,-0.6,-0.6,-0.43317458033561707,0.2867709994316101,0.9023267291170832
1197,24,3,-0.6,-0.6,-0.5162276029586792,0.31839367747306824,0.9222064635040002
1198,24,4,-0.6,-0.6,-0.5587668418884277,0.2191612422466278,0.8201983382858639
1199,24,5,-0.6,-0.6,-0.48388925194740295,0.2839977741241455,0.8915905845564865
1200,24,6,-0.6,-0.6,-0.5125278830528259,0.28966134786605835,0.8939511648463084
1201,24,7,-0.6,-0.6,-0.544530987739563,0.15881609916687012,0.7608407741939004
1202,24,8,-0.6,-0.6,-0.5379926562309265,0.23178550601005554,0.8340935431291265
1203,24,9,-0.6,-0.6,-0.49736014008522034,0.24552932381629944,0.85173633142926
1204,24,10,-0.6,-0.6,-0.49823614954948425,0.2711765170097351,0.8770999971769058
1205,24,11,-0.6,-0.6,-0.5388647317886353,0.3013817369937897,0.9034525758473528
1206,24,12,-0.6,-0.6,-0.47684425115585327,0.2795598804950714,0.8881401476399244
1207,24,13,-0.6,-0.6,-0.5573895573616028,0.2654305100440979,0.8664788615638742
1208,24,14,-0.6,-0.6,-0.5255727767944336,0.24658933281898499,0.8498546405103553
1209,24,15,-0.6,-0.6,-0.5420979857444763,0.23064236342906952,0.8326580205449757
1210,24,16,-0.6,-0.6,-0.463174432516098,0.24810674786567688,0.8590729257127049
1211,24,17,-0.6,-0.6,-0.5463880300521851,0.1861996054649353,0.7880254202466475
1212,24,18,-0.6,-0.6,-0.5481353402137756,0.21508032083511353,0.8167287630219793
1213,24,19,-0.6,-0.6,-0.5128874778747559,0.2960403561592102,0.9002649117770531
1214,24,20,-0.6,-0.6,-0.5369317531585693,0.24357163906097412,0.8459259506526975
1215,24,21,-0.6,-0.6,-0.48099905252456665,0.26719194650650024,0.8753188548099393
1216,24,22,-0.6,-0.6,-0.5428246855735779,0.21919770538806915,0.8211905364121276
1217,24,23,-0.6,-0.6,-0.5834521651268005,0.20240315794944763,0.802573771516511
1218,24,24,-0.6,-0.6,-0.5468447804450989,0.2418873906135559,0.8435637829115424
1219,24,25,-0.6,-0.6,-0.5101712346076965,0.22746911644935608,0.8323306709291587
1220,24,26,-0.6,-0.6,-0.4701145887374878,0.27961233258247375,0.8891501986110177
1221,24,27,-0.6,-0.6,-0.5770175457000732,0.24025610089302063,0.8405703470225382
1222,24,28,-0.6,-0.6,-0.5690100789070129,0.18581236898899078,0.7864232031580957
1223,24,29,-0.6,-0.6,-0.6095324158668518,0.13191013038158417,0.7319722029609089
1224,24,30,-0.6,-0.6,-0.49453407526016235,0.29930272698402405,0.9054658779005044
1225,24,31,-0.6,-0.6,-0.4991968870162964,0.2950608730316162,0.9007192870252775
1226,24,32,-0.6,-0.6,-0.5352879166603088,0.25047746300697327,0.852935852695231
1227,24,33,-0.6,-0.6,-0.5233359336853027,0.3238934278488159,0.9270687380589098
1228,24,34,-0.6,-0.6,-0.4950300455093384,0.2527269124984741,0.8591634760887779
1229,24,35,-0.6,-0.6,-0.5101023316383362,0.24193733930587769,0.8467231389860114
1230,24,36,-0.6,-0.6,-0.54755038022995,0.20562396943569183,0.8073295131130431
1231,24,37,-0.6,-0.6,-0.36116406321525574,0.40935972332954407,1.0372317271370657
1232,24,38,-0.6,-0.6,-0.5641648769378662,0.23816023766994476,0.8389259443215573
1233,24,39,-0.6,-0.6,-0.6310529708862305,0.1736534684896469,0.774276421122923
1234,24,40,-0.6,-0.6,-0.35715553164482117,0.25381314754486084,0.8876769270016945
1235,24,41,-0.6,-0.6,-0.5780632495880127,0.15852715075016022,0.7588442919623195
1236,24,42,-0.6,-0.6,-0.5074577927589417,0.1680557131767273,0.7736107798269477
1237,24,43,-0.6,-0.6,-0.550346314907074,0.28262412548065186,0.8840197030178643
1238,24,44,-0.6,-0.6,-0.5089221596717834,0.3175145089626312,0.9220238864345057
1239,24,45,-0.6,-0.6,-0.5764312148094177,0.1948949098587036,0.7952442425787415
1240,24,46,-0.6,-0.6,-0.5792251229286194,0.19945405423641205,0.799723940089558
1241,24,47,-0.6,-0.6,-0.5591185688972473,0.24317936599254608,0.8441698494050833
1242,24,48,-0.6,-0.6,-0.5309816598892212,0.22169853746891022,0.82459203109792
1243,24,49,-0.6,-0.6,-0.5431984066963196,0.18011759221553802,0.7821827655260662
1244,25,0,-0.4,-0.6,-0.17103460431098938,-0.34526553750038147,0.3425124797843062
1245,25,1,-0.4,-0.6,-0.11855661123991013,-0.2837674021720886,0.42333608044407534
1246,25,2,-0.4,-0.6,-0.14943483471870422,-0.3447093069553375,0.35770971472363894
1247,25,3,-0.4,-0.6,-0.15070435404777527,-0.32329633831977844,0.3724422579111821
1248,25,4,-0.4,-0.6,-0.14303460717201233,-0.33383312821388245,0.3699675887799492
1249,25,5,-0.4,-0.6,-0.15945640206336975,-0.3552654981613159,0.3431562310355563
1250,25,6,-0.4,-0.6,-0.14858372509479523,-0.3366638422012329,0.3640825116528212
1251,25,7,-0.4,-0.6,-0.11324569582939148,-0.3218074440956116,0.39952362773806777
1252,25,8,-0.4,-0.6,-0.1468779742717743,-0.32556968927383423,0.37333999967056897
1253,25,9,-0.4,-0.6,-0.1564277559518814,-0.32079726457595825,0.37051532429699
1254,25,10,-0.4,-0.6,-0.15391148626804352,-0.32899531722068787,0.3660643313396143
1255,25,11,-0.4,-0.6,-0.15923990309238434,-0.32447606325149536,0.36589460775523663
1256,25,12,-0.4,-0.6,-0.13371965289115906,-0.31628701090812683,0.38909932335568276
1257,25,13,-0.4,-0.6,-0.15232600271701813,-0.33604228496551514,0.3619614402893723
1258,25,14,-0.4,-0.6,-0.14019493758678436,-0.28772181272506714,0.40622202882568165
1259,25,15,-0.4,-0.6,-0.13004544377326965,-0.3445900082588196,0.37163116972181
1260,25,16,-0.4,-0.6,-0.21223770081996918,-0.3475945293903351,0.31458417408868145
1261,25,17,-0.4,-0.6,-0.14985284209251404,-0.30232518911361694,0.38882373081569577
1262,25,18,-0.4,-0.6,-0.1636166274547577,-0.3305286467075348,0.35845768099056746
1263,25,19,-0.4,-0.6,-0.14206360280513763,-0.31116539239883423,0.38724232148098847
1264,25,20,-0.4,-0.6,-0.13521899282932281,-0.2969460189342499,0.40243098439125957
1265,25,21,-0.4,-0.6,-0.15923631191253662,-0.3247964680194855,0.3656557636849547
1266,25,22,-0.4,-0.6,-0.13624000549316406,-0.33939749002456665,0.37078700477193366
1267,25,23,-0.4,-0.6,-0.15484018623828888,-0.31517109274864197,0.37580691942762257
1268,25,24,-0.4,-0.6,-0.1286485493183136,-0.3391607999801636,0.37638902488521625
1269,25,25,-0.4,-0.6,-0.1691102236509323,-0.3219684958457947,0.36140227742056685
1270,25,26,-0.4,-0.6,-0.16053324937820435,-0.3212701976299286,0.36747058029537594
1271,25,27,-0.4,-0.6,-0.17146751284599304,-0.32140588760375977,0.360335645123606
1272,25,28,-0.4,-0.6,-0.14314506947994232,-0.3071790039539337,0.38951070724419634
1273,25,29,-0.4,-0.6,-0.1744350641965866,-0.3061855733394623,0.3704139003572335
1274,25,30,-0.4,-0.6,-0.12757508456707,-0.34869468212127686,0.3706341826420833
1275,25,31,-0.4,-0.6,-0.03354639187455177,-0.3036607801914215,0.4712803625284175
1276,25,32,-0.4,-0.6,-0.10192416608333588,-0.26571425795555115,0.4478796267964446
1277,25,33,-0.4,-0.6,-0.16967006027698517,-0.3432680070400238,0.3449104193004452
1278,25,34,-0.4,-0.6,-0.15172827243804932,-0.3255220651626587,0.3701040224304071
1279,25,35,-0.4,-0.6,-0.11461027711629868,-0.282295286655426,0.4270639048304056
1280,25,36,-0.4,-0.6,-0.1339743584394455,-0.3227943181991577,0.38420389377305175
1281,25,37,-0.4,-0.6,-0.12655791640281677,-0.29153627157211304,0.4122140764670733
1282,25,38,-0.4,-0.6,-0.1674758642911911,-0.3709183633327484,0.3264136485278691
1283,25,39,-0.4,-0.6,-0.12299136817455292,-0.3283313512802124,0.3879917999172682
1284,25,40,-0.4,-0.6,-0.14077022671699524,-0.3387047052383423,0.36806970320978555
1285,25,41,-0.4,-0.6,-0.1354089081287384,-0.3175950050354004,0.3869896989308396
1286,25,42,-0.4,-0.6,-0.16258549690246582,-0.3379359245300293,0.3536145160099901
1287,25,43,-0.4,-0.6,-0.126172736287117,-0.2775624394416809,0.4230216907101626
1288,25,44,-0.4,-0.6,-0.13520753383636475,-0.32746511697769165,0.3799872532085823
1289,25,45,-0.4,-0.6,-0.17437823116779327,-0.37233465909957886,0.3205256464282986
1290,25,46,-0.4,-0.6,-0.13263621926307678,-0.3137485086917877,0.39169287397924035
1291,25,47,-0.4,-0.6,-0.15919870138168335,-0.3385433554649353,0.3554501967755861
1292,25,48,-0.4,-0.6,-0.15807422995567322,-0.3202204704284668,0.36987114429056084
1293,26,0,-0.2,-0.6,-0.35626235604286194,-0.2599770426750183,0.3742105495895225
1294,26,1,-0.2,-0.6,-0.3816116750240326,-0.27761971950531006,0.3700160074332863
1295,26,2,-0.2,-0.6,-0.3575042486190796,-0.2580254077911377,0.3765026029783572
1296,26,3,-0.2,-0.6,-0.36697709560394287,-0.2582460343837738,0.3803644613666542
1297,26,4,-0.2,-0.6,-0.3966864049434662,-0.3784004747867584,0.2962969649934323
1298,26,5,-0.2,-0.6,-0.3447466492652893,-0.24143335223197937,0.3866802727902271
1299,26,6,-0.2,-0.6,-0.35746318101882935,-0.2686638832092285,0.36684911839413814
1300,26,7,-0.2,-0.6,-0.3548331558704376,-0.2506265938282013,0.3821453690637685
1301,26,8,-0.2,-0.6,-0.35936272144317627,-0.2546707093715668,0.38032722220702564
1302,26,9,-0.2,-0.6,-0.3524206280708313,-0.24830856919288635,0.383300026564911
1303,26,10,-0.2,-0.6,-0.41442611813545227,-0.38322821259498596,0.30490747441380234
1304,26,11,-0.2,-0.6,-0.37014877796173096,-0.2623847723007202,0.3780669895882302
1305,26,12,-0.2,-0.6,-0.40538573265075684,-0.390151709318161,0.29363174943894904
1306,26,13,-0.2,-0.6,-0.35649868845939636,-0.24771323800086975,0.3854838546156545
1307,26,14,-0.2,-0.6,-0.3767092227935791,-0.26621103286743164,0.37767873119853806
1308,26,15,-0.2,-0.6,-0.37435993552207947,-0.27296972274780273,0.3706078646695355
1309,26,16,-0.2,-0.6,-0.36801549792289734,-0.261822909116745,0.37761482007535196
1310,26,17,-0.2,-0.6,-0.3641588091850281,-0.2588977515697479,0.3785483569073043
1311,26,18,-0.2,-0.6,-0.3953208923339844,-0.38475286960601807,0.29065714875947535
1312,26,19,-0.2,-0.6,-0.36404716968536377,-0.2591370642185211,0.3782843042889133
1313,26,20,-0.2,-0.6,-0.3720513880252838,-0.2649484872817993,0.3766446552072409
1314,26,21,-0.2,-0.6,-0.3741593658924103,-0.2688567340373993,0.37414883044107483
1315,26,22,-0.2,-0.6,-0.3552231788635254,-0.2510606050491333,0.38190697375823723
1316,26,23,-0.2,-0.6,-0.36507025361061096,-0.26226601004600525,0.37591546469561005
1317,26,24,-0.2,-0.6,-0.3798786997795105,-0.2886238396167755,0.3595990265411835
1318,26,25,-0.2,-0.6,-0.3707585632801056,-0.27070459723472595,0.37093658381970074
1319,26,26,-0.2,-0.6,-0.3707749843597412,-0.2710174024105072,0.3706664872898547
1320,26,27,-0.2,-0.6,-0.37309154868125916,-0.2657996714115143,0.3763649078401552
1321,26,28,-0.2,-0.6,-0.37423834204673767,-0.2624534070491791,0.379864057594165
1322,26,29,-0.2,-0.6,-0.3679141402244568,-0.2608485817909241,0.3784426547847719
1323,26,30,-0.2,-0.6,-0.33887380361557007,-0.23547738790512085,0.3900803353914802
1324,26,31,-0.2,-0.6,-0.3713480234146118,-0.2686105966567993,0.373067127707946
1325,26,32,-0.2,-0.6,-0.3831855058670044,-0.28558093309402466,0.36389047692097476
1326,26,33,-0.2,-0.6,-0.35488247871398926,-0.24947497248649597,0.3832184457015764
1327,26,34,-0.2,-0.6,-0.36538633704185486,-0.2584666311740875,0.3794702656357923
1328,26,35,-0.2,-0.6,-0.36029526591300964,-0.2574496865272522,0.37820006548703855
1329,26,36,-0.2,-0.6,-0.34212392568588257,-0.238183856010437,0.3887288673405185
1330,26,37,-0.2,-0.6,-0.332302987575531,-0.23327067494392395,0.3898646923966008
1331,26,38,-0.2,-0.6,-0.35935306549072266,-0.2527991831302643,0.3820233065093048
1332,26,39,-0.2,-0.6,-0.38394662737846375,-0.284923255443573,0.3648420434711264
1333,26,40,-0.2,-0.6,-0.3690372407436371,-0.2674085795879364,0.3730826204608523
1334,26,41,-0.2,-0.6,-0.3619544208049774,-0.25621041655540466,0.38002698865117995
1335,26,42,-0.2,-0.6,-0.3690781891345978,-0.2594517171382904,0.3802112136708934
1336,26,43,-0.2,-0.6,-0.36012059450149536,-0.25154009461402893,0.3834878230727961
1337,26,44,-0.2,-0.6,-0.3531964421272278,-0.24408993124961853,0.3874804858548909
1338,26,45,-0.2,-0.6,-0.3748369514942169,-0.26559317111968994,0.3773537952764966
1339,26,46,-0.2,-0.6,-0.3615669310092926,-0.2578274607658386,0.37839915407108826
1340,26,47,-0.2,-0.6,-0.36579352617263794,-0.2599509656429291,0.3783131495043935
1341,26,48,-0.2,-0.6,-0.3698425590991974,-0.2728765904903412,0.36858678751494645
1342,26,49,-0.2,-0.6,-0.3641463816165924,-0.25885215401649475,0.3785840559466357
1343,27,0,0.0,-0.6,-0.2164204716682434,-0.21582168340682983,0.44094307965707663
1344,27,1,0.0,-0.6,-0.10179108381271362,-0.18782943487167358,0.4245538829194368
1345,27,2,0.0,-0.6,-0.14320123195648193,-0.17981137335300446,0.4439201220910608
1346,27,3,0.0,-0.6,-0.1182825043797493,-0.20956812798976898,0.4079556318078705
1347,27,4,0.0,-0.6,-0.16750100255012512,-0.21283581852912903,0.4218443898753503
1348,27,5,0.0,-0.6,-0.04632483050227165,-0.1662023514509201,0.43626412849072893
1349,27,6,0.0,-0.6,-0.18804329633712769,-0.22201696038246155,0.4221746789373404
1350,27,7,0.0,-0.6,-0.16406239569187164,-0.22093886137008667,0.41304214857513344
1351,27,8,0.0,-0.6,-0.13954907655715942,-0.2359454333782196,0.3898841779889616
1352,27,9,0.0,-0.6,-0.2986087203025818,-0.23579296469688416,0.4709712649462073
1353,27,10,0.0,-0.6,-0.1979682445526123,-0.204595148563385,0.4421950049365715
1354,27,11,0.0,-0.6,-0.16002881526947021,-0.2357681393623352,0.39783673789649626
1355,27,12,0.0,-0.6,-0.2722899317741394,-0.28239908814430237,0.41834453044964753
1356,27,13,0.0,-0.6,-0.1814766824245453,-0.22369566559791565,0.41777833638619294
1357,27,14,0.0,-0.6,-0.17658942937850952,-0.23012980818748474,0.40986313003203206
1358,27,15,0.0,-0.6,-0.15278521180152893,-0.22437381744384766,0.4055099875057899
1359,27,16,0.0,-0.6,-0.11564024537801743,-0.23389145731925964,0.38393766600179197
1360,27,17,0.0,-0.6,-0.10280413925647736,-0.2370477020740509,0.3772307803162304
1361,27,18,0.0,-0.6,-0.07768130302429199,-0.1962077021598816,0.4111965523135557
1362,27,19,0.0,-0.6,-0.12195061147212982,-0.23032408952713013,0.38927140971611524
1363,27,20,0.0,-0.6,-0.08614978194236755,-0.21700748801231384,0.39256215962233976
1364,27,21,0.0,-0.6,-0.19015373289585114,-0.22434359788894653,0.42104177296468837
1365,27,22,0.0,-0.6,-0.08161026984453201,-0.2202703058719635,0.38840040775811435
1366,27,23,0.0,-0.6,-0.15604595839977264,-0.22215601801872253,0.4087987473713337
1367,27,24,0.0,-0.6,-0.14321257174015045,-0.23684781789779663,0.3903707828078577
1368,27,25,0.0,-0.6,-0.1811932623386383,-0.21702268719673157,0.4236774957900538
1369,27,26,0.0,-0.6,-0.29054147005081177,-0.22591081261634827,0.47366345218588235
1370,27,27,0.0,-0.6,-0.27220219373703003,-0.2529122829437256,0.4410940008734964
1371,27,28,0.0,-0.6,-0.10187505185604095,-0.13440275192260742,0.47661234101511896
1372,27,29,0.0,-0.6,-0.11612939089536667,-0.2537347078323364,0.36522005419977455
1373,27,30,0.0,-0.6,-0.15336550772190094,-0.2238883078098297,0.4061785124313568
1374,27,31,0.0,-0.6,-0.28313666582107544,-0.23478510975837708,0.4621128515703453
1375,27,32,0.0,-0.6,-0.0878591388463974,-0.22545194625854492,0.3847147941532044
1376,27,33,0.0,-0.6,-0.15558603405952454,-0.23201629519462585,0.3995234924214848
1377,27,34,0.0,-0.6,-0.11489461362361908,-0.23753097653388977,0.3802427714134698
1378,27,35,0.0,-0.6,-0.10654697567224503,-0.20043064653873444,0.4135310462956267
1379,27,36,0.0,-0.6,-0.1576421707868576,-0.2234242856502533,0.40824052058610594
1380,27,37,0.0,-0.6,-0.27686744928359985,-0.24863821268081665,0.4473373336319446
1381,27,38,0.0,-0.6,-0.15935499966144562,-0.23863697052001953,0.39493955865682606
1382,27,39,0.0,-0.6,-0.1907375454902649,-0.21969756484031677,0.42545358553905255
1383,27,40,0.0,-0.6,-0.17143474519252777,-0.22813057899475098,0.409483501667657
1384,27,41,0.0,-0.6,-0.15574556589126587,-0.23153480887413025,0.400029096899481
1385,27,42,0.0,-0.6,-0.1710042506456375,-0.22208014130592346,0.41480823682061424
1386,27,43,0.0,-0.6,-0.24722254276275635,-0.22427156567573547,0.44976754219245973
1387,27,44,0.0,-0.6,-0.15046049654483795,-0.23517099022865295,0.3946372605206721
1388,27,45,0.0,-0.6,-0.1449492871761322,-0.24621251225471497,0.38232954677606207
1389,27,46,0.0,-0.6,-0.13989074528217316,-0.24720340967178345,0.3795192416239489
1390,27,47,0.0,-0.6,-0.13353769481182098,-0.23950442671775818,0.38443383603911246
1391,27,48,0.0,-0.6,-0.1482553482055664,-0.22097480297088623,0.4069886340605991
1392,28,0,0.2,-0.6,-0.08844571560621262,-0.30042675137519836,0.4158666398536883
1393,28,1,0.2,-0.6,-0.06796104460954666,-0.3135533034801483,0.39224333184309895
1394,28,2,0.2,-0.6,-0.06063578650355339,-0.3231934905052185,0.38020107430806976
1395,28,3,0.2,-0.6,-0.06478706747293472,-0.32749077677726746,0.3799650876625029
1396,28,4,0.2,-0.6,-0.10706165432929993,-0.34609323740005493,0.398441342801461
1397,28,5,0.2,-0.6,-0.08686072379350662,-0.31871649622917175,0.40175799226515463
1398,28,6,0.2,-0.6,-0.07664942741394043,-0.31549060344696045,0.3968381312518188
1399,28,7,0.2,-0.6,-0.07149849832057953,-0.35646599531173706,0.3647194072569111
1400,28,8,0.2,-0.6,-0.07083344459533691,-0.3653642535209656,0.35833599908068003
1401,28,9,0.2,-0.6,-0.07622167468070984,-0.23825889825820923,0.4551428767461713
1402,28,10,0.2,-0.6,-0.10806950181722641,-0.32597610354423523,0.4123056072608203
1403,28,11,0.2,-0.6,-0.06104368716478348,-0.2911882698535919,0.4043618321313268
1404,28,12,0.2,-0.6,-0.05677248537540436,-0.35449105501174927,0.3552558955388442
1405,28,13,0.2,-0.6,-0.05602775886654854,-0.3528100252151489,0.35588354407637735
1406,28,14,0.2,-0.6,-0.06393688917160034,-0.30752214789390564,0.3939618959216437
1407,28,15,0.2,-0.6,-0.07922837138175964,-0.17767058312892914,0.5062910425231406
1408,28,16,0.2,-0.6,-0.12202363461256027,-0.30917030572891235,0.43391373833850666
1409,28,17,0.2,-0.6,-0.08143219351768494,-0.36774542927742004,0.36489212812789695
1410,28,18,0.2,-0.6,-0.05292476341128349,-0.37124231457710266,0.3410293456386048
1411,28,19,0.2,-0.6,-0.06549972295761108,-0.3251873850822449,0.3821152656051608
1412,28,20,0.2,-0.6,-0.06525037437677383,-0.34623345732688904,0.36709020592666664
1413,28,21,0.2,-0.6,-0.056300435215234756,-0.3580045700073242,0.35249354778330166
1414,28,22,0.2,-0.6,-0.05565176159143448,-0.36746954917907715,0.3455839026398441
1415,28,23,0.2,-0.6,-0.06685515493154526,-0.3020079731941223,0.4000136519587974
1416,28,24,0.2,-0.6,-0.054419465363025665,-0.37515580654144287,0.3395352348249543
1417,28,25,0.2,-0.6,-0.05984824523329735,-0.33988237380981445,0.36767144301079585
1418,28,26,0.2,-0.6,-0.06556113809347153,-0.3494128882884979,0.36512548339086476
1419,28,27,0.2,-0.6,-0.04938850179314613,-0.35547587275505066,0.34926590676951885
1420,28,28,0.2,-0.6,-0.05801882594823837,-0.30320075154304504,0.3932728167930255
1421,28,29,0.2,-0.6,-0.10704578459262848,-0.3453129231929779,0.3989268365610526
1422,28,30,0.2,-0.6,-0.06883489340543747,-0.322474867105484,0.38638374616491267
1423,28,31,0.2,-0.6,-0.07899046689271927,-0.28576451539993286,0.42021377940145715
1424,28,32,0.2,-0.6,-0.0643232986330986,-0.36059218645095825,0.35662712654622186
1425,28,33,0.2,-0.6,-0.0902908518910408,-0.3341524302959442,0.3936288975788985
1426,28,34,0.2,-0.6,-0.17932294309139252,-0.19912411272525787,0.5518943487243075
1427,28,35,0.2,-0.6,-0.07521042972803116,-0.21765336394309998,0.47109418456940766
1428,28,36,0.2,-0.6,-0.06788446009159088,-0.2518485188484192,0.4392852578753385
1429,28,37,0.2,-0.6,-0.06896562874317169,-0.2545500099658966,0.43781069546068857
1430,28,38,0.2,-0.6,-0.12406947463750839,-0.3467448949813843,0.41128964563895937
1431,28,39,0.2,-0.6,-0.09236633777618408,-0.3345375657081604,0.3949030000959818
1432,28,40,0.2,-0.6,-0.08969210088253021,-0.2809204161167145,0.4309678574613943
1433,28,41,0.2,-0.6,-0.1474507749080658,-0.3326950669288635,0.4383765142299256
1434,28,42,0.2,-0.6,-0.06810630857944489,-0.3502812683582306,0.36638836994761526
1435,28,43,0.2,-0.6,-0.07495049387216568,-0.25327974557876587,0.4425072981392207
1436,28,44,0.2,-0.6,-0.12589935958385468,-0.32739877700805664,0.42487859366396635
1437,28,45,0.2,-0.6,-0.09212411195039749,-0.3351677358150482,0.3943001711084291
1438,28,46,0.2,-0.6,-0.057912688702344894,-0.3606744110584259,0.3518461205071102
1439,28,47,0.2,-0.6,-0.09777861088514328,-0.3147239089012146,0.41237670794225034
1440,28,48,0.2,-0.6,-0.10240334272384644,-0.28211119771003723,0.43874944138073063
1441,29,0,0.4,-0.6,-0.3343844711780548,-0.2293957769870758,0.8225983476901011
1442,29,1,0.4,-0.6,-0.2943599820137024,-0.2624972462654114,0.7720387900879718
1443,29,2,0.4,-0.6,-0.3223669230937958,-0.23281893134117126,0.8103307403532445
1444,29,3,0.4,-0.6,-0.32697850465774536,-0.22602170705795288,0.8175313509745415
1445,29,4,0.4,-0.6,-0.32747897505760193,-0.2319546341896057,0.8152809641132105
1446,29,5,0.4,-0.6,-0.2486821860074997,-0.252983033657074,0.7356693233874279
1447,29,6,0.4,-0.6,-0.2549448311328888,-0.28365564346313477,0.727342067902312
1448,29,7,0.4,-0.6,-0.33028364181518555,-0.26056644320487976,0.805313191858569
1449,29,8,0.4,-0.6,-0.27380719780921936,-0.2847035527229309,0.7439274087470189
1450,29,9,0.4,-0.6,-0.2873145639896393,-0.29831090569496155,0.7506114970441515
1451,29,10,0.4,-0.6,-0.2738116681575775,-0.27114301919937134,0.749779352854293
1452,29,11,0.4,-0.6,-0.2663683593273163,-0.26870158314704895,0.7441810474083917
1453,29,12,0.4,-0.6,-0.262169748544693,-0.2833988070487976,0.7339653202065247
1454,29,13,0.4,-0.6,-0.3052287697792053,-0.2717357277870178,0.7778849851589953
1455,29,14,0.4,-0.6,-0.2707051932811737,-0.28936097025871277,0.7391495539421944
1456,29,15,0.4,-0.6,-0.27413931488990784,-0.2705254554748535,0.7503447816639275
1457,29,16,0.4,-0.6,-0.260684072971344,-0.2687514126300812,0.7390731160802502
1458,29,17,0.4,-0.6,-0.264823317527771,-0.24927589297294617,0.7516631178783191
1459,29,18,0.4,-0.6,-0.24787037074565887,-0.24062499403953552,0.7408686875548199
1460,29,19,0.4,-0.6,-0.25969529151916504,-0.2971533536911011,0.7258883997096961
1461,29,20,0.4,-0.6,-0.2704974114894867,-0.26555436849594116,0.7492800939877228
1462,29,21,0.4,-0.6,-0.2747271955013275,-0.2646704316139221,0.7534604885347871
1463,29,22,0.4,-0.6,-0.2626575529575348,-0.27820709347724915,0.7366584739077043
1464,29,23,0.4,-0.6,-0.28451088070869446,-0.2939506471157074,0.7498142117948198
1465,29,24,0.4,-0.6,-0.26678165793418884,-0.2861943542957306,0.7369340286846164
1466,29,25,0.4,-0.6,-0.2448570430278778,-0.2949228584766388,0.7133811521358854
1467,29,26,0.4,-0.6,-0.3079149127006531,-0.2215893566608429,0.8027067575499337
1468,29,27,0.4,-0.6,-0.2813471853733063,-0.26959189772605896,0.7572341124542619
1469,29,28,0.4,-0.6,-0.2708187997341156,-0.2939454913139343,0.7373379309134913
1470,29,29,0.4,-0.6,-0.2559773325920105,-0.2958489656448364,0.7230588583053561
1471,29,30,0.4,-0.6,-0.2576196491718292,-0.2640174925327301,0.7384767080286784
1472,29,31,0.4,-0.6,-0.28828078508377075,-0.24214822053909302,0.775750175751749
1473,29,32,0.4,-0.6,-0.27055370807647705,-0.23543313145637512,0.7632504680999664
1474,29,33,0.4,-0.6,-0.27332809567451477,-0.2850101888179779,0.7433635083679817
1475,29,34,0.4,-0.6,-0.27663654088974,-0.2972855567932129,0.7412644889600661
1476,29,35,0.4,-0.6,-0.2271420657634735,-0.26998913288116455,0.7086708284292522
1477,29,36,0.4,-0.6,-0.2690475583076477,-0.25528791546821594,0.7526294284039611
1478,29,37,0.4,-0.6,-0.28211772441864014,-0.3068850040435791,0.7424291150140844
1479,29,38,0.4,-0.6,-0.06556505709886551,-0.1671038269996643,0.6357278655130719
1480,29,39,0.4,-0.6,-0.2835204005241394,-0.2953724265098572,0.748330205499666
1481,29,40,0.4,-0.6,-0.2934539318084717,-0.2545241415500641,0.774746361277256
1482,29,41,0.4,-0.6,-0.27462732791900635,-0.2911115288734436,0.741979864396629
1483,29,42,0.4,-0.6,-0.2612079679965973,-0.28034353256225586,0.7344223812745406
1484,29,43,0.4,-0.6,-0.2620994448661804,-0.2564789950847626,0.745910420700823
1485,29,44,0.4,-0.6,-0.25929826498031616,-0.2937164008617401,0.7269689438395162
1486,29,45,0.4,-0.6,-0.27786633372306824,-0.25841841101646423,0.7590657075165965
1487,29,46,0.4,-0.6,-0.29534560441970825,-0.2612325847148895,0.7734784232574067
1488,29,47,0.4,-0.6,-0.3170565664768219,-0.3100358545780182,0.7734657879685624
1489,29,48,0.4,-0.6,-0.27322685718536377,-0.2900845408439636,0.7411356104381835
1490,29,49,0.4,-0.6,-0.21476300060749054,0.021766215562820435,0.8743722169255135
1491,30,0,0.6,-0.6,-0.3174738883972168,0.09221982955932617,1.1493157217778982
1492,30,1,0.6,-0.6,-0.274916410446167,0.08363727480173111,1.1103326748170312
1493,30,2,0.6,-0.6,-0.3649425804615021,0.12759535014629364,1.2085152779928807
1494,30,3,0.6,-0.6,-0.3990764319896698,0.1339895874261856,1.239715463889707
1495,30,4,0.6,-0.6,-0.27657386660575867,0.08361566811800003,1.1116258926961848
1496,30,5,0.6,-0.6,-0.2430855929851532,0.023538418114185333,1.0486150275308226
1497,30,6,0.6,-0.6,-0.22433675825595856,0.1409303992986679,1.1083812284664631
1498,30,7,0.6,-0.6,-0.2794610261917114,0.10816530883312225,1.1291367504535885
1499,30,8,0.6,-0.6,-0.2326180338859558,0.07273808121681213,1.0704341718533619
1500,30,9,0.6,-0.6,-0.35725894570350647,0.11043299734592438,1.192082099877061
1501,30,10,0.6,-0.6,-0.2214277982711792,0.0337747298181057,1.037503752247986
1502,30,11,0.6,-0.6,-0.3562979996204376,0.12354112416505814,1.1991737248772951
1503,30,12,0.6,-0.6,-0.33556267619132996,0.13757187128067017,1.191339492498571
1504,30,13,0.6,-0.6,-0.26384323835372925,0.10495463758707047,1.1149825924672436
1505,30,14,0.6,-0.6,-0.3560176491737366,0.1304498314857483,1.2031320384102635
1506,30,15,0.6,-0.6,-0.4143524467945099,0.12171059846878052,1.2449004274479845
1507,30,16,0.6,-0.6,-0.23784884810447693,0.02586454339325428,1.0457997508829524
1508,30,17,0.6,-0.6,-0.28997939825057983,0.06096542626619339,1.1085750421282787
1509,30,18,0.6,-0.6,-0.3958185017108917,0.1307155340909958,1.2351516830380043
1510,30,19,0.6,-0.6,-0.3857850432395935,0.13523052632808685,1.2297707421790303
1511,30,20,0.6,-0.6,-0.3045579493045807,0.07950501143932343,1.1313497002347521
1512,30,21,0.6,-0.6,-0.35905978083610535,0.13099196553230286,1.205879312738293
1513,30,22,0.6,-0.6,-0.297396183013916,0.09013749659061432,1.1320820082875207
1514,30,23,0.6,-0.6,-0.2498501092195511,0.056805528700351715,1.0740757471760691
1515,30,24,0.6,-0.6,-0.2855570316314697,0.14001107215881348,1.154048371252079
1516,30,25,0.6,-0.6,-0.2779081165790558,0.06306643784046173,1.1001726056150571
1517,30,26,0.6,-0.6,-0.33572566509246826,0.11818413436412811,1.179563890242955
1518,30,27,0.6,-0.6,-0.2845613360404968,0.06515547633171082,1.1067432244707054
1519,30,28,0.6,-0.6,-0.3233380913734436,0.094957135617733,1.155646421414075
1520,30,29,0.6,-0.6,-0.2728954255580902,0.057078540325164795,1.0925651614965985
1521,30,30,0.6,-0.6,-0.3156167268753052,0.09024576842784882,1.1466443264440804
1522,30,31,0.6,-0.6,-0.24402232468128204,0.06477556377649307,1.0743836534286761
1523,30,32,0.6,-0.6,-0.2244340032339096,0.031046753749251366,1.0382251350770497
1524,30,33,0.6,-0.6,-0.3729977607727051,0.13306978344917297,1.2182429765342033
1525,30,34,0.6,-0.6,-0.4105226993560791,0.14238783717155457,1.2539122085274372
1526,30,35,0.6,-0.6,-0.36992543935775757,0.1269885003566742,1.2121335064934824
1527,30,36,0.6,-0.6,-0.24997414648532867,0.05107274651527405,1.0706781827180403
1528,30,37,0.6,-0.6,-0.3149773180484772,0.08790069073438644,1.1447230463548945
1529,30,38,0.6,-0.6,-0.254986971616745,0.0814180001616478,1.0933129527169574
1530,30,39,0.6,-0.6,-0.26363328099250793,0.08309778571128845,1.1011289792215757
1531,30,40,0.6,-0.6,-0.3094213008880615,0.09052073955535889,1.141869517180056
1532,30,41,0.6,-0.6,-0.32498040795326233,0.10594452172517776,1.16359203454268
1533,30,42,0.6,-0.6,-0.1828673630952835,0.051813624799251556,1.018696377569736
1534,30,43,0.6,-0.6,-0.1563664674758911,-0.07579875737428665,0.9202592981830177
1535,30,44,0.6,-0.6,-0.22263118624687195,0.013883225619792938,1.0264378613843594
1536,30,45,0.6,-0.6,-0.29770800471305847,0.0932793915271759,1.1342468763202267
1537,30,46,0.6,-0.6,-0.10175056755542755,-0.10565797984600067,0.8583867962371635
1538,30,47,0.6,-0.6,-0.39251402020454407,0.14515835046768188,1.2411063804421854
1539,30,48,0.6,-0.6,-0.38293418288230896,0.11494539678096771,1.2154449918679198
1540,31,0,0.8,-0.6,-0.047846656292676926,0.014217371121048927,1.0469512555862022
1541,31,1,0.8,-0.6,-0.12602156400680542,0.2310783714056015,1.2442697442370754
1542,31,2,0.8,-0.6,-0.20661765336990356,0.2982514500617981,1.3491237035995085
1543,31,3,0.8,-0.6,-0.2100299596786499,0.20916561782360077,1.294182953262909
1544,31,4,0.8,-0.6,-0.11520098149776459,0.17725616693496704,1.200716446782049
1545,31,5,0.8,-0.6,0.05727424845099449,0.15272817015647888,1.05746926204082
1546,31,6,0.8,-0.6,-0.08599190413951874,0.0592186413705349,1.1043327720081406
1547,31,7,0.8,-0.6,-0.15678197145462036,0.19178102910518646,1.2419134184601832
1548,31,8,0.8,-0.6,-0.1598089635372162,0.20363374054431915,1.2518228450654028
1549,31,9,0.8,-0.6,-0.12819017469882965,0.18156130611896515,1.2134146346693808
1550,31,10,0.8,-0.6,-0.11058831214904785,0.1886255443096161,1.2046166707131734
1551,31,11,0.8,-0.6,-0.11144429445266724,0.0690026581287384,1.1306172024490155
1552,31,12,0.8,-0.6,-0.19626463949680328,0.22872570157051086,1.2958894707324506
1553,31,13,0.8,-0.6,-0.12591132521629333,0.14319415390491486,1.1872865418938408
1554,31,14,0.8,-0.6,-0.09499765932559967,0.1458340585231781,1.1650275760905653
1555,31,15,0.8,-0.6,-0.21455222368240356,-0.24681207537651062,1.0742708804946532
1556,31,16,0.8,-0.6,-0.031956665217876434,-0.23833325505256653,0.9071685219413874
1557,31,17,0.8,-0.6,-0.02635776251554489,0.18890415132045746,1.14246965458184
1558,31,18,0.8,-0.6,-0.15413862466812134,0.1458994448184967,1.2110930999985574
1559,31,19,0.8,-0.6,-0.05082511156797409,0.05908039212226868,1.0762389761362015
1560,31,20,0.8,-0.6,-0.1021532416343689,0.27898475527763367,1.259561301168737
1561,31,21,0.8,-0.6,-0.17407545447349548,0.18821485340595245,1.2530385653033644
1562,31,22,0.8,-0.6,-0.12835197150707245,0.13004590570926666,1.181018377267658
1563,31,23,0.8,-0.6,-0.19339673221111298,0.22741355001926422,1.292845795260672
1564,31,24,0.8,-0.6,-0.1795760691165924,-0.11399924755096436,1.0935108625738217
1565,31,25,0.8,-0.6,-0.0836869478225708,-0.056641511619091034,1.0373721938858576
1566,31,26,0.8,-0.6,-0.096971794962883,0.26793813705444336,1.2481486332614693
1567,31,27,0.8,-0.6,-0.041217200458049774,0.08818832039833069,1.0868530455766108
1568,31,28,0.8,-0.6,-0.1259974241256714,0.09041859209537506,1.1550537051576166
1569,31,29,0.8,-0.6,-0.07271938771009445,0.007000744342803955,1.0630564581986228
1570,31,30,0.8,-0.6,-0.0913226455450058,0.1503404676914215,1.1651038047816724
1571,31,31,0.8,-0.6,-0.058048371225595474,-0.13707104325294495,0.9749616537884012
1572,31,32,0.8,-0.6,-0.16902457177639008,0.1891823261976242,1.2497269160457054
1573,31,33,0.8,-0.6,-0.17190568149089813,0.19568268954753876,1.256069900984771
1574,31,34,0.8,-0.6,-0.0728118047118187,-0.01241740956902504,1.0521662164420016
1575,31,35,0.8,-0.6,-0.07197943329811096,0.11110730469226837,1.125176311020454
1576,31,36,0.8,-0.6,-0.1256975382566452,-0.10433797538280487,1.050046082313548
1577,31,37,0.8,-0.6,-0.1754913628101349,0.2751162648200989,1.3105006203241019
1578,31,38,0.8,-0.6,-0.07621963322162628,0.20371218025684357,1.1889971044271934
1579,31,39,0.8,-0.6,-0.16444604098796844,0.24503479897975922,1.2822792119753514
1580,31,40,0.8,-0.6,-0.0916363075375557,0.15981701016426086,1.1714679653555036
1581,31,41,0.8,-0.6,-0.07418414205312729,0.1585068702697754,1.1573809167528262
1582,31,42,0.8,-0.6,-0.15173739194869995,0.19202695786952972,1.238188501491342
1583,31,43,0.8,-0.6,-0.1211710125207901,0.12707576155662537,1.17353960195288
1584,31,44,0.8,-0.6,-0.14576546847820282,0.11968038976192474,1.1884494876828675
1585,31,45,0.8,-0.6,-0.13377819955348969,0.2750778794288635,1.2797277136278145
1586,31,46,0.8,-0.6,0.023917216807603836,0.14799728989601135,1.0778703224690036
1587,31,47,0.8,-0.6,-0.09055295586585999,0.27670466899871826,1.2496782161202828
1588,31,48,0.8,-0.6,-0.12113329768180847,0.178640216588974,1.2061372803242123
1589,32,0,1.0,-0.6,-0.15913556516170502,0.028667014092206955,1.318642283953596
1590,32,1,1.0,-0.6,-0.13212963938713074,0.08267419040203094,1.3220293380329737
1591,32,2,1.0,-0.6,-0.13374114036560059,0.13495318591594696,1.3511199646387781
1592,32,3,1.0,-0.6,-0.07523976266384125,0.26998358964920044,1.3831167678371563
1593,32,4,1.0,-0.6,-0.05447112023830414,0.007810421288013458,1.2171042895507913
1594,32,5,1.0,-0.6,-0.10533949732780457,0.12992489337921143,1.3246002243422492
1595,32,6,1.0,-0.6,-0.14479611814022064,0.2473078817129135,1.4242502583892138
1596,32,7,1.0,-0.6,-0.02834509313106537,0.3102853000164032,1.3733582773598054
1597,32,8,1.0,-0.6,-0.17055194079875946,0.22624696791172028,1.432786061521766
1598,32,9,1.0,-0.6,-0.2174522429704666,0.17292839288711548,1.4420846939222673
1599,32,10,1.0,-0.6,0.08450540155172348,0.34975674748420715,1.3191543651823887
1600,32,11,1.0,-0.6,-0.09402266889810562,0.20875194668769836,1.3605018600994545
1601,32,12,1.0,-0.6,-0.12277288734912872,0.14710329473018646,1.3486223672930087
1602,32,13,1.0,-0.6,-0.04789648950099945,0.3024950921535492,1.3829621990747836
1603,32,14,1.0,-0.6,-0.07470899820327759,0.11872398108243942,1.2928896286234504
1604,32,15,1.0,-0.6,-0.14149954915046692,0.20126396417617798,1.3946487590063825
1605,32,16,1.0,-0.6,-0.0875234603881836,-0.17970997095108032,1.1659120830545633
1606,32,17,1.0,-0.6,0.009561648592352867,0.2470921277999878,1.3032778678853596
1607,32,18,1.0,-0.6,-0.12714026868343353,0.1596134454011917,1.3592121878948966
1608,32,19,1.0,-0.6,-0.047420915216207504,0.2553999722003937,1.3523312042812559
1609,32,20,1.0,-0.6,-0.1145048439502716,0.15587222576141357,1.3466491261149405
1610,32,21,1.0,-0.6,-0.1500418484210968,0.16233786940574646,1.379766386113934
1611,32,22,1.0,-0.6,0.014854807406663895,0.1726176142692566,1.2519780462807162
1612,32,23,1.0,-0.6,-0.14776241779327393,0.10934624075889587,1.349270416550159
1613,32,24,1.0,-0.6,-0.24109968543052673,-0.011648982763290405,1.3734938473321325
1614,32,25,1.0,-0.6,0.03758113086223602,0.28926247358322144,1.3103579001920667
1615,32,26,1.0,-0.6,-0.15861006081104279,0.14507149159908295,1.3775009258095803
1616,32,27,1.0,-0.6,-0.0818052738904953,0.10097700357437134,1.2890583424179813
1617,32,28,1.0,-0.6,-0.039341039955616,0.22715170681476593,1.3283108609894756
1618,32,29,1.0,-0.6,-0.13510388135910034,0.23526591062545776,1.4093012321464384
1619,32,30,1.0,-0.6,-0.1903347223997116,0.2194160521030426,1.4451087909892923
1620,32,31,1.0,-0.6,-0.06962855160236359,-0.09996746480464935,1.1807361155892793
1621,32,32,1.0,-0.6,0.004750572144985199,0.2480638176202774,1.3075678423708703
1622,32,33,1.0,-0.6,-0.11861707270145416,0.21796949207782745,1.3857771268530987
1623,32,34,1.0,-0.6,-0.1865478754043579,0.28249865770339966,1.4787493842686454
1624,32,35,1.0,-0.6,0.013813791796565056,0.2584912180900574,1.3075054144394276
1625,32,36,1.0,-0.6,-0.04004649817943573,0.18922525644302368,1.3055930544326833
1626,32,37,1.0,-0.6,-0.1398492455482483,0.22744889557361603,1.4085197823825222
1627,32,38,1.0,-0.6,-0.05748606473207474,0.223916694521904,1.340565364543792
1628,32,39,1.0,-0.6,-0.1705079823732376,0.20442679524421692,1.4202786366436513
1629,32,40,1.0,-0.6,-0.07189255952835083,0.2661365270614624,1.3780951138010504
1630,32,41,1.0,-0.6,-0.15230880677700043,0.1637730598449707,1.3824488681758842
1631,32,42,1.0,-0.6,-0.08579254895448685,0.15476369857788086,1.3223515795944905
1632,32,43,1.0,-0.6,0.00040885526686906815,0.30847740173339844,1.3507455889578754
1633,32,44,1.0,-0.6,-0.07472507655620575,0.1990351676940918,1.3392128992026129
1634,32,45,1.0,-0.6,-0.1471530795097351,-0.07594549655914307,1.2611872622276645
1635,32,46,1.0,-0.6,-0.17330598831176758,0.06951839476823807,1.3508892712362817
1636,32,47,1.0,-0.6,-0.2554679811000824,0.10311279445886612,1.4389466471343795
1637,32,48,1.0,-0.6,-0.030727442353963852,0.28465545177459717,1.3583130452057288
1638,32,49,1.0,-0.6,-0.16945555806159973,-0.05751364678144455,1.289153887520623
1639,33,0,-0.5,-0.5,-0.22957657277584076,-0.42614877223968506,0.2803262988614626
1640,33,1,-0.5,-0.5,-0.22449658811092377,-0.4221327602863312,0.28629606525963286
1641,33,2,-0.5,-0.5,-0.20738932490348816,-0.3724575936794281,0.31919911119938643
1642,33,3,-0.5,-0.5,-0.19344407320022583,-0.3991595208644867,0.32271556902069104
1643,33,4,-0.5,-0.5,-0.21004918217658997,-0.3688056766986847,0.3182505730127667
1644,33,5,-0.5,-0.5,-0.18831901252269745,-0.3083626329898834,0.36588238327281697
1645,33,6,-0.5,-0.5,-0.15776591002941132,-0.3871971666812897,0.3603451838761353
1646,33,7,-0.5,-0.5,-0.2464303970336914,-0.4425404369831085,0.2599983556305376
1647,33,8,-0.5,-0.5,-0.21127884089946747,-0.3622257113456726,0.3199088343990534
1648,33,9,-0.5,-0.5,-0.1595924347639084,-0.2838818430900574,0.40321751972863795
1649,33,10,-0.5,-0.5,-0.19014336168766022,-0.3858090043067932,0.33022828437859486
1650,33,11,-0.5,-0.5,-0.21753740310668945,-0.4233914315700531,0.2926670316257004
1651,33,12,-0.5,-0.5,-0.17577338218688965,-0.3566187620162964,0.3545152734428634
1652,33,13,-0.5,-0.5,-0.20456482470035553,-0.3894435465335846,0.31544361177142793
1653,33,14,-0.5,-0.5,-0.14285944402217865,-0.31453704833984375,0.4024250031529413
1654,33,15,-0.5,-0.5,-0.21734048426151276,-0.36934611201286316,0.31139499078127675
1655,33,16,-0.5,-0.5,-0.2260657250881195,-0.4138663113117218,0.28715675039696864
1656,33,17,-0.5,-0.5,-0.1943133920431137,-0.3988106846809387,0.32199934754425746
1657,33,18,-0.5,-0.5,-0.16510769724845886,-0.30315181612968445,0.38846114597894016
1658,33,19,-0.5,-0.5,-0.2250436693429947,-0.37585026025772095,0.3016855012201283
1659,33,20,-0.5,-0.5,-0.16412855684757233,-0.4152098298072815,0.3464087171053936
1660,33,21,-0.5,-0.5,-0.20411977171897888,-0.38707566261291504,0.31669704050076214
1661,33,22,-0.5,-0.5,-0.16607797145843506,-0.3629637658596039,0.3609471576459568
1662,33,23,-0.5,-0.5,-0.16861478984355927,-0.3312727212905884,0.37186698171673144
1663,33,24,-0.5,-0.5,-0.20862463116645813,-0.3826099634170532,0.31413377126922876
1664,33,25,-0.5,-0.5,-0.1903304010629654,-0.39702489972114563,0.32634204721926957
1665,33,26,-0.5,-0.5,-0.22695232927799225,-0.39797335863113403,0.2914866481259908
1666,33,27,-0.5,-0.5,-0.17077289521694183,-0.3796865940093994,0.3505221850110116
1667,33,28,-0.5,-0.5,-0.21024341881275177,-0.4322189390659332,0.29757881067486985
1668,33,29,-0.5,-0.5,-0.2385001927614212,-0.4356236755847931,0.26930737147546824
1669,33,30,-0.5,-0.5,-0.22866672277450562,-0.41573819518089294,0.2841158198363834
1670,33,31,-0.5,-0.5,-0.2803192734718323,-0.3590366542339325,0.26101778954222166
1671,33,32,-0.5,-0.5,-0.31864842772483826,-0.4713192880153656,0.18360549013201857
1672,33,33,-0.5,-0.5,-0.18211452662944794,-0.3763488829135895,0.34108763234209644
1673,33,34,-0.5,-0.5,-0.1967204511165619,-0.36999234557151794,0.32997041531164173
1674,33,35,-0.5,-0.5,-0.23405751585960388,-0.41926732659339905,0.27792655401408073
1675,33,36,-0.5,-0.5,-0.2011021077632904,-0.35897761583328247,0.33049548078546087
1676,33,37,-0.5,-0.5,-0.20487815141677856,-0.4401949644088745,0.30112048716956086
1677,33,38,-0.5,-0.5,-0.1956864297389984,-0.3392636775970459,0.34415536373071964
1678,33,39,-0.5,-0.5,-0.15367811918258667,-0.3457374572753906,0.3791250152928089
1679,33,40,-0.5,-0.5,-0.1970539093017578,-0.3931174874305725,0.32124788771679325
1680,33,41,-0.5,-0.5,-0.2299438714981079,-0.3642686903476715,0.3022470859435484
1681,33,42,-0.5,-0.5,-0.23797746002674103,-0.4080735445022583,0.2776801841587123
1682,33,43,-0.5,-0.5,-0.14522337913513184,-0.29291167855262756,0.41079438115946115
1683,33,44,-0.5,-0.5,-0.218294158577919,-0.3949121832847595,0.30066863872592137
1684,33,45,-0.5,-0.5,-0.20891354978084564,-0.3674434721469879,0.3198477052874299
1685,33,46,-0.5,-0.5,-0.2570759654045105,-0.40230703353881836,0.26183201156492714
1686,33,47,-0.5,-0.5,-0.25914788246154785,-0.42036914825439453,0.2536746244157798
1687,33,48,-0.5,-0.5,-0.20713083446025848,-0.4065362513065338,0.30742124266839455
1688,34,0,-0.4,-0.5,-0.46432870626449585,-0.5045998096466064,0.06449295076555885
1689,34,1,-0.4,-0.5,-0.4579744040966034,-0.49754950404167175,0.05802617048193035
1690,34,2,-0.4,-0.5,-0.47265374660491943,-0.5170720815658569,0.07463258581024183
1691,34,3,-0.4,-0.5,-0.47208476066589355,-0.5272270441055298,0.07705533499364996
1692,34,4,-0.4,-0.5,-0.45853617787361145,-0.49789491295814514,0.05857401737549561
1693,34,5,-0.4,-0.5,-0.4738720655441284,-0.5164792537689209,0.07568783173361815
1694,34,6,-0.4,-0.5,-0.46637335419654846,-0.5088815689086914,0.06696494914192282
1695,34,7,-0.4,-0.5,-0.46465304493904114,-0.5068247318267822,0.06501225410949203
1696,34,8,-0.4,-0.5,-0.46593448519706726,-0.5112423896789551,0.06688607974680348
1697,34,9,-0.4,-0.5,-0.4697992503643036,-0.5149796009063721,0.07138854106040349
1698,34,10,-0.4,-0.5,-0.46212393045425415,-0.5408141613006592,0.07433154443277247
1699,34,11,-0.4,-0.5,-0.47014108300209045,-0.5108249187469482,0.07097147589408136
1700,34,12,-0.4,-0.5,-0.46411553025245667,-0.5134716033935547,0.06551553493292196
1701,34,13,-0.4,-0.5,-0.4717675447463989,-0.5118346214294434,0.07273677710281512
1702,34,14,-0.4,-0.5,-0.46859732270240784,-0.5164011716842651,0.07053078132670171
1703,34,15,-0.4,-0.5,-0.4534420371055603,-0.49079635739326477,0.054228759595113314
1704,34,16,-0.4,-0.5,-0.4680408239364624,-0.5097910165786743,0.06874167387834361
1705,34,17,-0.4,-0.5,-0.46837931871414185,-0.5101547241210938,0.069129224281672
1706,34,18,-0.4,-0.5,-0.46277275681495667,-0.505332350730896,0.06299883302464397
1707,34,19,-0.4,-0.5,-0.4673970937728882,-0.5081131458282471,0.06788366065749463
1708,34,20,-0.4,-0.5,-0.46872657537460327,-0.5322662591934204,0.07592399913767721
1709,34,21,-0.4,-0.5,-0.46733471751213074,-0.5090359449386597,0.06793829909096144
1710,34,22,-0.4,-0.5,-0.4698847830295563,-0.5191805362701416,0.07246913736687068
1711,34,23,-0.4,-0.5,-0.4764786958694458,-0.5298843383789062,0.08211007613098499
1712,34,24,-0.4,-0.5,-0.46592387557029724,-0.509795069694519,0.06664758630684622
1713,34,25,-0.4,-0.5,-0.4717003405094147,-0.5181065797805786,0.07395124786314607
1714,34,26,-0.4,-0.5,-0.47182711958885193,-0.515445351600647,0.07346900022797943
1715,34,27,-0.4,-0.5,-0.46818527579307556,-0.5159306526184082,0.07002155045288679
1716,34,28,-0.4,-0.5,-0.46771863102912903,-0.5083509683609009,0.0682316030958095
1717,34,29,-0.4,-0.5,-0.46521469950675964,-0.5095317363739014,0.0659075946311084
1718,34,30,-0.4,-0.5,-0.4516370892524719,-0.48839685320854187,0.0529246823507886
1719,34,31,-0.4,-0.5,-0.4618733823299408,-0.5015362501144409,0.06189245111773444
1720,34,32,-0.4,-0.5,-0.4676864445209503,-0.5137999057769775,0.06907888368626942
1721,34,33,-0.4,-0.5,-0.4706527888774872,-0.5197455883026123,0.0733601038275099
1722,34,34,-0.4,-0.5,-0.4658816158771515,-0.5080047845840454,0.06636613509028161
1723,34,35,-0.4,-0.5,-0.46983933448791504,-0.513738751411438,0.07117784720023615
1724,34,36,-0.4,-0.5,-0.4675304591655731,-0.5096514225006104,0.06821666124487788
1725,34,37,-0.4,-0.5,-0.4662415683269501,-0.5087692737579346,0.06681949967378978
1726,34,38,-0.4,-0.5,-0.4583110213279724,-0.5036946535110474,0.05842795283832855
1727,34,39,-0.4,-0.5,-0.458747923374176,-0.49909862875938416,0.05875483785095032
1728,34,40,-0.4,-0.5,-0.45104822516441345,-0.4811064898967743,0.05443239859180692
1729,34,41,-0.4,-0.5,-0.46472740173339844,-0.5075616836547852,0.0651675962028046
1730,34,42,-0.4,-0.5,-0.4679204523563385,-0.5114219188690186,0.06887414666578517
1731,34,43,-0.4,-0.5,-0.47341299057006836,-0.5357682704925537,0.08166294360644509
1732,34,44,-0.4,-0.5,-0.4592462480068207,-0.552802324295044,0.07936122071795952
1733,34,45,-0.4,-0.5,-0.4533454179763794,-0.49185797572135925,0.05396319281166186
1734,34,46,-0.4,-0.5,-0.46759599447250366,-0.5068000555038452,0.06793717114792253
1735,34,47,-0.4,-0.5,-0.4312649369239807,-0.5847387313842773,0.09032247160854934
1736,34,48,-0.4,-0.5,-0.45556238293647766,-0.4893663823604584,0.05657077179678347
1737,35,0,-0.3,-0.5,-0.08518800139427185,-0.12329946458339691,0.43364442591614477
1738,35,1,-0.3,-0.5,-0.07324603199958801,-0.1470879316329956,0.41948097692625946
1739,35,2,-0.3,-0.5,-0.12444993853569031,-0.18905511498451233,0.35707778647994576
1740,35,3,-0.3,-0.5,-0.07381464540958405,-0.11334891617298126,0.4479496347311832
1741,35,4,-0.3,-0.5,-0.10659020394086838,-0.2090620994567871,0.34935971602937754
1742,35,5,-0.3,-0.5,-0.2962939739227295,-0.3433063328266144,0.1567374874161544
1743,35,6,-0.3,-0.5,-0.09153123199939728,-0.14087022840976715,0.4152510325985258
1744,35,7,-0.3,-0.5,-0.05824609845876694,-0.08254899829626083,0.4824005469875251
1745,35,8,-0.3,-0.5,-0.17933689057826996,-0.26787665486335754,0.2616119900401073
1746,35,9,-0.3,-0.5,-0.10582778602838516,-0.16471202671527863,0.38745435048275634
1747,35,10,-0.3,-0.5,-0.06962689757347107,-0.12728622555732727,0.4381635813037495
1748,35,11,-0.3,-0.5,-0.06624846905469894,-0.08931359648704529,0.47254957438313017
1749,35,12,-0.3,-0.5,-0.09934572130441666,-0.1709553301334381,0.3853991882794248
1750,35,13,-0.3,-0.5,-0.10736900568008423,-0.189077690243721,0.3657586399209989
1751,35,14,-0.3,-0.5,-0.06875457614660263,-0.12195786833763123,0.4431594513997926
1752,35,15,-0.3,-0.5,-0.18624654412269592,-0.2837635576725006,0.24433183933839595
1753,35,16,-0.3,-0.5,-0.09672575443983078,-0.14517368376255035,0.40892802985695975
1754,35,17,-0.3,-0.5,-0.09586125612258911,-0.2802564203739166,0.299933105106342
1755,35,18,-0.3,-0.5,-0.08309954404830933,-0.12606000900268555,0.43229263775725224
1756,35,19,-0.3,-0.5,-0.05692334845662117,-0.09196673333644867,0.47494989759938894
1757,35,20,-0.3,-0.5,-0.3199708163738251,-0.38431429862976074,0.117396827078764
1758,35,21,-0.3,-0.5,-0.10033699870109558,-0.15398013591766357,0.39949350486240054
1759,35,22,-0.3,-0.5,-0.1946588009595871,-0.27996015548706055,0.24395553158014363
1760,35,23,-0.3,-0.5,-0.08217271417379379,-0.1446237862110138,0.41682247993289295
1761,35,24,-0.3,-0.5,-0.08607466518878937,-0.12601923942565918,0.4308429622888727
1762,35,25,-0.3,-0.5,-0.10386012494564056,-0.15074317157268524,0.40056358145673515
1763,35,26,-0.3,-0.5,-0.09491459280252457,-0.14989665150642395,0.4057491575737017
1764,35,27,-0.3,-0.5,-0.10658780485391617,-0.18289168179035187,0.371437696941194
1765,35,28,-0.3,-0.5,-0.0305930282920599,-0.05489553511142731,0.5202865566863951
1766,35,29,-0.3,-0.5,-0.11628212034702301,-0.1904430091381073,0.3599691513111306
1767,35,30,-0.3,-0.5,-0.09862643480300903,-0.1531449556350708,0.40107322842785675
1768,35,31,-0.3,-0.5,-0.1449662744998932,-0.26949137449264526,0.27779431685283335
1769,35,32,-0.3,-0.5,-0.08602768182754517,-0.13303472101688385,0.4247913239736077
1770,35,33,-0.3,-0.5,-0.11551835387945175,-0.17619697749614716,0.3726685861968752
1771,35,34,-0.3,-0.5,-0.08549010008573532,-0.14342670142650604,0.41612379698451507
1772,35,35,-0.3,-0.5,-0.12424345314502716,-0.20795808732509613,0.34085017606156587
1773,35,36,-0.3,-0.5,-0.08042321354150772,-0.1281767636537552,0.4318176516058992
1774,35,37,-0.3,-0.5,-0.02898901328444481,-0.05265895277261734,0.5230305607276025
1775,35,38,-0.3,-0.5,-0.07514537870883942,-0.11948704719543457,0.44198383224733534
1776,35,39,-0.3,-0.5,-0.12629194557666779,-0.17874249815940857,0.36521345903511954
1777,35,40,-0.3,-0.5,-0.06029129773378372,-0.09894590079784393,0.4672308342019032
1778,35,41,-0.3,-0.5,-0.21926020085811615,-0.2946474552154541,0.2206548952889119
1779,35,42,-0.3,-0.5,-0.32175105810165405,-0.36824560165405273,0.1335377475174869
1780,35,43,-0.3,-0.5,-0.10002369433641434,-0.1605079472064972,0.39401189923250074
1781,35,44,-0.3,-0.5,-0.0902845486998558,-0.1482621729373932,0.4095119894468872
1782,35,45,-0.3,-0.5,-0.04197021573781967,-0.07645046710968018,0.49595723240819406
1783,35,46,-0.3,-0.5,-0.11073359102010727,-0.18461884558200836,0.36781387430352475
1784,35,47,-0.3,-0.5,-0.08852940052747726,-0.13462169468402863,0.4221624337110531
1785,35,48,-0.3,-0.5,-0.09398672729730606,-0.1827360838651657,0.3782827791624748
1786,36,0,-0.2,-0.5,-0.034157320857048035,-0.3098721504211426,0.25229425956765794
1787,36,1,-0.2,-0.5,-0.023801712319254875,-0.294039785861969,0.27104510028666856
1788,36,2,-0.2,-0.5,-0.013790076598525047,-0.29643550515174866,0.27588519194767763
1789,36,3,-0.2,-0.5,-0.013864251784980297,-0.3023935854434967,0.2714678836205894
1790,36,4,-0.2,-0.5,-0.022518625482916832,-0.30786973237991333,0.2615600849446247
1791,36,5,-0.2,-0.5,-0.03257506713271141,-0.2968924045562744,0.2632181670640311
1792,36,6,-0.2,-0.5,-0.027537791058421135,-0.29956454038619995,0.2644193392768465
1793,36,7,-0.2,-0.5,-0.0312028881162405,-0.2922588288784027,0.26767304526095115
1794,36,8,-0.2,-0.5,-0.01742159016430378,-0.2970743179321289,0.2729719915684431
1795,36,9,-0.2,-0.5,-0.02865614742040634,-0.2956978380680084,0.2666422494409002
1796,36,10,-0.2,-0.5,-0.023504363372921944,-0.30076083540916443,0.26617091211334803
1797,36,11,-0.2,-0.5,-0.0067322575487196445,-0.30589690804481506,0.27391318073210247
1798,36,12,-0.2,-0.5,-0.03347031772136688,-0.29885029792785645,0.26113854124493885
1799,36,13,-0.2,-0.5,-0.02276342362165451,-0.30320993065834045,0.2648379417640386
1800,36,14,-0.2,-0.5,-0.01910741813480854,-0.2955118715763092,0.27301560548818243
1801,36,15,-0.2,-0.5,-0.016892336308956146,-0.2950524389743805,0.2748307102067425
1802,36,16,-0.2,-0.5,-0.05380479246377945,-0.3242660164833069,0.2285945573919116
1803,36,17,-0.2,-0.5,-0.01646628975868225,-0.29479894042015076,0.2753036462665121
1804,36,18,-0.2,-0.5,-0.008873415179550648,-0.299587219953537,0.2769379963657576
1805,36,19,-0.2,-0.5,-0.057166945189237595,-0.3278045952320099,0.22372424761251566
1806,36,20,-0.2,-0.5,-0.03208686411380768,-0.29111939668655396,0.26800359632610177
1807,36,21,-0.2,-0.5,-0.034386247396469116,-0.2939879894256592,0.26432719033861396
1808,36,22,-0.2,-0.5,-0.01997600868344307,-0.29258134961128235,0.27464729013522204
1809,36,23,-0.2,-0.5,-0.029575247317552567,-0.29216834902763367,0.2687723785525084
1810,36,24,-0.2,-0.5,-0.015721075236797333,-0.2934725880622864,0.2767892591730614
1811,36,25,-0.2,-0.5,-0.023155683651566505,-0.2914385199546814,0.27344433287862935
1812,36,26,-0.2,-0.5,-0.02882540225982666,-0.2955232858657837,0.2666673387099293
1813,36,27,-0.2,-0.5,-0.01616836152970791,-0.30328667163848877,0.26924005061976924
1814,36,28,-0.2,-0.5,-0.019418610259890556,-0.30047938227653503,0.2691061411733711
1815,36,29,-0.2,-0.5,-0.0497683621942997,-0.3067985773086548,0.2447372769476341
1816,36,30,-0.2,-0.5,-0.012209869921207428,-0.2982410192489624,0.275629859174777
1817,36,31,-0.2,-0.5,-0.016113556921482086,-0.29731035232543945,0.27367374229638197
1818,36,32,-0.2,-0.5,-0.046624671667814255,-0.3318280577659607,0.22760886075848374
1819,36,33,-0.2,-0.5,-0.06019722297787666,-0.32502880692481995,0.22396369096183755
1820,36,34,-0.2,-0.5,-0.03978192061185837,-0.2940155267715454,0.2609586867188536
1821,36,35,-0.2,-0.5,-0.023700814694166183,-0.3000284731388092,0.2665895989994671
1822,36,36,-0.2,-0.5,-0.036580368876457214,-0.2901042103767395,0.26601168834870176
1823,36,37,-0.2,-0.5,-0.023188937455415726,-0.296553373336792,0.2695416141132639
1824,36,38,-0.2,-0.5,-0.05834458768367767,-0.29966408014297485,0.24535838404967475
1825,36,39,-0.2,-0.5,-0.01065007597208023,-0.29594266414642334,0.27837526837892473
1826,36,40,-0.2,-0.5,-0.03610255941748619,-0.2930927574634552,0.263956394208542
1827,36,41,-0.2,-0.5,-0.018646830692887306,-0.2954886853694916,0.27333834313837696
1828,36,42,-0.2,-0.5,-0.05942690372467041,-0.32956013083457947,0.22093108517716278
1829,36,43,-0.2,-0.5,-0.022615179419517517,-0.29959818720817566,0.2676308299554059
1830,36,44,-0.2,-0.5,-0.03311869874596596,-0.2957170307636261,0.263781917932729
1831,36,45,-0.2,-0.5,-0.012561935000121593,-0.2998752295970917,0.27419509831453115
1832,36,46,-0.2,-0.5,-0.008456780575215816,-0.2990938127040863,0.27758260212302893
1833,36,47,-0.2,-0.5,-0.02822304517030716,-0.2929249703884125,0.2690490477574715
1834,36,48,-0.2,-0.5,-0.03673241659998894,-0.2920563519001007,0.26438015162711126
1835,37,0,-0.1,-0.5,0.11844022572040558,0.02400354854762554,0.567711063044649
1836,37,1,-0.1,-0.5,0.11429189890623093,0.02344486303627491,0.5656107695013444
1837,37,2,-0.1,-0.5,0.09109678864479065,0.025226682424545288,0.5589105926362873
1838,37,3,-0.1,-0.5,0.11982973664999008,0.03561190515756607,0.578969106310623
1839,37,4,-0.1,-0.5,0.12271266430616379,0.03418595716357231,0.5787534601824096
1840,37,5,-0.1,-0.5,0.12120044976472855,0.03147090598940849,0.5756656693683591
1841,37,6,-0.1,-0.5,0.03606291860342026,0.001984022557735443,0.5200971800751529
1842,37,7,-0.1,-0.5,0.1346328854560852,0.04641808196902275,0.5946640322401836
1843,37,8,-0.1,-0.5,0.11478769779205322,0.034124087542295456,0.5756928834158888
1844,37,9,-0.1,-0.5,0.11356828361749649,0.02896970696747303,0.5704562758499355
1845,37,10,-0.1,-0.5,0.1254640817642212,0.03148706257343292,0.5773322698834005
1846,37,11,-0.1,-0.5,0.10927396267652512,0.026640821248292923,0.5666975790131912
1847,37,12,-0.1,-0.5,0.1065090224146843,0.029621295630931854,0.56845817183365
1848,37,13,-0.1,-0.5,0.0992949977517128,0.031035203486680984,0.5672009198432209
1849,37,14,-0.1,-0.5,0.12971913814544678,0.03106893040239811,0.5786234451428961
1850,37,15,-0.1,-0.5,0.10863175243139267,0.027580205351114273,0.567334188288453
1851,37,16,-0.1,-0.5,0.00886512640863657,-0.035067036747932434,0.47750840418396495
1852,37,17,-0.1,-0.5,0.11653196811676025,0.032343003898859024,0.5746957168942347
1853,37,18,-0.1,-0.5,0.1129499077796936,0.024669650942087173,0.5662383825237137
1854,37,19,-0.1,-0.5,0.12238278985023499,0.01984250918030739,0.565411654966938
1855,37,20,-0.1,-0.5,0.13785861432552338,0.022979022935032845,0.5745291801457431
1856,37,21,-0.1,-0.5,0.11844342947006226,0.028799748048186302,0.5721422073352633
1857,37,22,-0.1,-0.5,0.12107004970312119,0.030091965571045876,0.5743426319181917
1858,37,23,-0.1,-0.5,0.11149617284536362,0.030164971947669983,0.5707937706462025
1859,37,24,-0.1,-0.5,0.11363163590431213,0.03608465567231178,0.577083385574783
1860,37,25,-0.1,-0.5,0.14145244657993317,0.02937602810561657,0.5818404103294254
1861,37,26,-0.1,-0.5,0.007732070982456207,-0.03558863699436188,0.4767432361417659
1862,37,27,-0.1,-0.5,0.11112411320209503,0.027326755225658417,0.5680201562904194
1863,37,28,-0.1,-0.5,0.12246032804250717,0.03386520594358444,0.5783603164723231
1864,37,29,-0.1,-0.5,0.0978149026632309,0.011388126760721207,0.5483142820568355
1865,37,30,-0.1,-0.5,0.11491448432207108,0.029146678745746613,0.5711255931921421
1866,37,31,-0.1,-0.5,0.10799483954906464,0.030124759301543236,0.56946827278046
1867,37,32,-0.1,-0.5,0.12425903230905533,0.03021663799881935,0.5756924498227894
1868,37,33,-0.1,-0.5,0.10898604243993759,0.0298730731010437,0.5695969096933825
1869,37,34,-0.1,-0.5,0.11963280290365219,0.03082466684281826,0.5744679234214071
1870,37,35,-0.1,-0.5,0.0992518812417984,0.034759845584630966,0.5706745172408648
1871,37,36,-0.1,-0.5,0.11281190067529678,0.02617158554494381,0.5675785782637612
1872,37,37,-0.1,-0.5,0.10722479224205017,0.02162129431962967,0.5612761256346528
1873,37,38,-0.1,-0.5,0.13454195857048035,0.036283526569604874,0.585328925647801
1874,37,39,-0.1,-0.5,0.11710575222969055,0.026993244886398315,0.569962093307191
1875,37,40,-0.1,-0.5,0.11418399214744568,0.024350471794605255,0.5664081565121059
1876,37,41,-0.1,-0.5,0.1251523792743683,0.03658093139529228,0.5819043648486822
1877,37,42,-0.1,-0.5,0.1265726387500763,0.019994977861642838,0.5672124272541135
1878,37,43,-0.1,-0.5,0.11004534363746643,0.02871386706829071,0.5689089554701064
1879,37,44,-0.1,-0.5,0.00458240183070302,-0.0014623776078224182,0.5093890847997472
1880,37,45,-0.1,-0.5,0.10333380103111267,0.026288466528058052,0.5642022550843049
1881,37,46,-0.1,-0.5,0.09805333614349365,0.02505667880177498,0.5611681030777836
1882,37,47,-0.1,-0.5,0.1077675148844719,0.032519418746232986,0.5716154927773521
1883,37,48,-0.1,-0.5,0.06689834594726562,-0.003907613456249237,0.5234144761721894
1884,37,49,-0.1,-0.5,0.08835643529891968,0.026819756254553795,0.5594794029261699
1885,38,0,0.0,-0.5,-0.14290563762187958,-0.3027394413948059,0.24358519915082932
1886,38,1,0.0,-0.5,-0.17134034633636475,-0.29268500208854675,0.2689554287269385
1887,38,2,0.0,-0.5,-0.09812630712985992,-0.2952975928783417,0.22700627223128605
1888,38,3,0.0,-0.5,-0.10147513449192047,-0.30306950211524963,0.22153740974672656
1889,38,4,0.0,-0.5,-0.09940476715564728,-0.30845803022384644,0.2157999859105588
1890,38,5,0.0,-0.5,-0.05930088087916374,-0.38392138481140137,0.1303489139853015
1891,38,6,0.0,-0.5,-0.15268771350383759,-0.29100728034973145,0.2588271522113662
1892,38,7,0.0,-0.5,-0.09584596753120422,-0.3472176492214203,0.18035768960990167
1893,38,8,0.0,-0.5,-0.07108616083860397,-0.3069891333580017,0.20568528606749467
1894,38,9,0.0,-0.5,-0.034199535846710205,-0.40168726444244385,0.10409131676052706
1895,38,10,0.0,-0.5,-0.21074651181697845,-0.27536001801490784,0.30802145014476895
1896,38,11,0.0,-0.5,-0.07719025015830994,-0.3239544928073883,0.19222475210598233
1897,38,12,0.0,-0.5,-0.09221188724040985,-0.2738800048828125,0.24419927178481707
1898,38,13,0.0,-0.5,-0.1655363291501999,-0.31761080026626587,0.2463089451238734
1899,38,14,0.0,-0.5,-0.12009236961603165,-0.2548871338367462,0.2729514506258553
1900,38,15,0.0,-0.5,-0.08333171159029007,-0.316816508769989,0.2012470263526465
1901,38,16,0.0,-0.5,-0.1255113035440445,-0.3777436316013336,0.17521331836180634
1902,38,17,0.0,-0.5,-0.02265780419111252,-0.1521839201450348,0.3485532979279329
1903,38,18,0.0,-0.5,-0.10021793842315674,-0.30694034695625305,0.21752164217649606
1904,38,19,0.0,-0.5,-0.1608465015888214,-0.29561468958854675,0.26008643214391025
1905,38,20,0.0,-0.5,-0.09136605262756348,-0.3162876069545746,0.20517796892263937
1906,38,21,0.0,-0.5,-0.16033169627189636,-0.3489263951778412,0.22029409184856827
1907,38,22,0.0,-0.5,-0.17160996794700623,-0.3168906271457672,0.25095621834464066
1908,38,23,0.0,-0.5,-0.07525399327278137,-0.24049046635627747,0.27020059503169525
1909,38,24,0.0,-0.5,-0.07763876765966415,-0.31035566329956055,0.2049213329213456
1910,38,25,0.0,-0.5,-0.06471455097198486,-0.2859550416469574,0.22361399174439278
1911,38,26,0.0,-0.5,-0.06719213724136353,-0.2881194055080414,0.22227948539918846
1912,38,27,0.0,-0.5,-0.09342873841524124,-0.3218105435371399,0.2011974442093962
1913,38,28,0.0,-0.5,-0.07907497137784958,-0.32392847537994385,0.19301303810996492
1914,38,29,0.0,-0.5,-0.056485891342163086,-0.2517584264278412,0.2545869886115553
1915,38,30,0.0,-0.5,-0.08463722467422485,-0.3612997531890869,0.16248451700381616
1916,38,31,0.0,-0.5,-0.1151154488325119,-0.33152177929878235,0.20405018355923837
1917,38,32,0.0,-0.5,-0.11215416342020035,-0.2625361382961273,0.26261691108495083
1918,38,33,0.0,-0.5,-0.24579280614852905,-0.31277522444725037,0.3089777016794996
1919,38,34,0.0,-0.5,0.0015026078326627612,-0.06050470471382141,0.43949786394132123
1920,38,35,0.0,-0.5,-0.10242823511362076,-0.28889837861061096,0.2346389522260107
1921,38,36,0.0,-0.5,-0.08439342677593231,-0.27873384952545166,0.23681418840265908
1922,38,37,0.0,-0.5,-0.053996387869119644,-0.4009333848953247,0.11282643365457534
1923,38,38,0.0,-0.5,-0.054972030222415924,-0.315673828125,0.19234880229641735
1924,38,39,0.0,-0.5,-0.15456527471542358,-0.3483840823173523,0.2165128417498735
1925,38,40,0.0,-0.5,-0.07363620400428772,-0.27796000242233276,0.23393172308272248
1926,38,41,0.0,-0.5,-0.08984926342964172,-0.25761571526527405,0.258501511843188
1927,38,42,0.0,-0.5,-0.06495478004217148,-0.3084565997123718,0.2022572560974598
1928,38,43,0.0,-0.5,-0.06313448399305344,-0.3780176341533661,0.13735232304774156
1929,38,44,0.0,-0.5,-0.07088050991296768,-0.40001049637794495,0.12256405476365112
1930,38,45,0.0,-0.5,-0.08805608004331589,-0.28413841128349304,0.2331310762549885
1931,38,46,0.0,-0.5,-0.14480946958065033,-0.3630712032318115,0.19929695899489575
1932,38,47,0.0,-0.5,-0.16242475807666779,-0.3637765347957611,0.21198734516124906
1933,38,48,0.0,-0.5,-0.06619289517402649,-0.30669453740119934,0.20432449985759413
1934,38,49,0.0,-0.5,-0.12013465166091919,-0.3066588342189789,0.22762500063757207
1935,39,0,0.1,-0.5,-0.0651792660355568,-0.09226469695568085,0.43992302426298174
1936,39,1,0.1,-0.5,-0.07236212491989136,-0.08785942196846008,0.4467309684441768
1937,39,2,0.1,-0.5,-0.0681527704000473,-0.08708086609840393,0.44584477717615495
1938,39,3,0.1,-0.5,-0.0770653709769249,-0.0861758291721344,0.4501139744115556
1939,39,4,0.1,-0.5,-0.06737632304430008,-0.08804990351200104,0.4446546024863586
1940,39,5,0.1,-0.5,-0.07650347799062729,-0.08634825050830841,0.4497346413167714
1941,39,6,0.1,-0.5,-0.0930125042796135,-0.08295141905546188,0.4595468917054502
1942,39,7,0.1,-0.5,-0.07900132983922958,-0.0889466255903244,0.4483373202152522
1943,39,8,0.1,-0.5,-0.05673602595925331,-0.0941670686006546,0.4350477560471787
1944,39,9,0.1,-0.5,-0.0627555102109909,-0.09152920544147491,0.43970188322466025
1945,39,10,0.1,-0.5,-0.0749901533126831,-0.08506984263658524,0.4503205405553076
1946,39,11,0.1,-0.5,-0.0646708533167839,-0.08820559084415436,0.4434987320659325
1947,39,12,0.1,-0.5,-0.07205016911029816,-0.08620205521583557,0.4481406027113372
1948,39,13,0.1,-0.5,-0.07727772742509842,-0.08552217483520508,0.45079846960071396
1949,39,14,0.1,-0.5,-0.07108508050441742,-0.08938808739185333,0.44482833491912727
1950,39,15,0.1,-0.5,-0.07533358782529831,-0.08935461938381195,0.4465103533414489
1951,39,16,0.1,-0.5,-0.06968376040458679,-0.08835671842098236,0.4452446179508334
1952,39,17,0.1,-0.5,-0.07683859765529633,-0.08562815934419632,0.45052848073032026
1953,39,18,0.1,-0.5,-0.06677138805389404,-0.0879591554403305,0.44451136482531944
1954,39,19,0.1,-0.5,-0.07435767352581024,-0.08544795960187912,0.4497265752827803
1955,39,20,0.1,-0.5,-0.06944591552019119,-0.08747345209121704,0.44597093068496424
1956,39,21,0.1,-0.5,-0.06293661147356033,-0.09180723130702972,0.4395107231589676
1957,39,22,0.1,-0.5,-0.0718054473400116,-0.09038712084293365,0.4441844464938444
1958,39,23,0.1,-0.5,-0.08087851107120514,-0.08770899474620819,0.4502231766363414
1959,39,24,0.1,-0.5,-0.061248742043972015,-0.09284824132919312,0.4379197545207277
1960,39,25,0.1,-0.5,-0.06743863224983215,-0.08945415914058685,0.44337747238290887
1961,39,26,0.1,-0.5,-0.11088795959949493,-0.072036512196064,0.47710216767202795
1962,39,27,0.1,-0.5,-0.06990798562765121,-0.0882183313369751,0.44545804092748326
1963,39,28,0.1,-0.5,-0.06468626856803894,-0.10213710367679596,0.43060010604452115
1964,39,29,0.1,-0.5,-0.053494490683078766,-0.09455466270446777,0.4335279462788364
1965,39,30,0.1,-0.5,-0.04851572960615158,-0.09629552066326141,0.43015605142435775
1966,39,31,0.1,-0.5,-0.06891174614429474,-0.09161730110645294,0.44193620211642787
1967,39,32,0.1,-0.5,-0.07060877233743668,-0.08719676733016968,0.44666974612251203
1968,39,33,0.1,-0.5,-0.06721282005310059,-0.09022824466228485,0.4425754383861161
1969,39,34,0.1,-0.5,-0.06693652272224426,-0.0882703959941864,0.44428489669735394
1970,39,35,0.1,-0.5,-0.08460530638694763,-0.08370864391326904,0.4553873211879622
1971,39,36,0.1,-0.5,-0.06664935499429703,-0.09044064581394196,0.4421661137189463
1972,39,37,0.1,-0.5,-0.03921027109026909,-0.09910444915294647,0.4243780652507722
1973,39,38,0.1,-0.5,-0.0650414228439331,-0.10291452705860138,0.43001807412647686
1974,39,39,0.1,-0.5,-0.0798550546169281,-0.08806747198104858,0.4494844249930607
1975,39,40,0.1,-0.5,-0.07135867327451706,-0.08680719137191772,0.44731654564565987
1976,39,41,0.1,-0.5,-0.08024604618549347,-0.08373852074146271,0.45361024710648756
1977,39,42,0.1,-0.5,-0.08276084065437317,-0.0841902643442154,0.4542017846099095
1978,39,43,0.1,-0.5,-0.016043925657868385,-0.10197573900222778,0.41459559214361114
1979,39,44,0.1,-0.5,-0.05491006374359131,-0.09594129025936127,0.4327361422002018
1980,39,45,0.1,-0.5,-0.09298938512802124,-0.08623502403497696,0.45655926023620175
1981,39,46,0.1,-0.5,-0.06995990127325058,-0.08969874680042267,0.4441097684333871
1982,39,47,0.1,-0.5,-0.07063411176204681,-0.0882386714220047,0.4457167169953787
1983,39,48,0.1,-0.5,-0.06702975183725357,-0.08913689851760864,0.4435171092061098
1984,39,49,0.1,-0.5,-0.07076999545097351,-0.08802919089794159,0.44596226174254944
1985,40,0,0.2,-0.5,-0.06026064231991768,-0.054094672203063965,0.5163014267832978
1986,40,1,0.2,-0.5,-0.06564489752054214,-0.058076053857803345,0.5156200013116156
1987,40,2,0.2,-0.5,-0.07268072664737701,-0.05863507091999054,0.5188041820443849
1988,40,3,0.2,-0.5,-0.07260918617248535,-0.05997280031442642,0.5176289258230768
1989,40,4,0.2,-0.5,-0.0704251378774643,-0.06015689671039581,0.5163251985982042
1990,40,5,0.2,-0.5,-0.08098522573709488,-0.06626279652118683,0.5167984701642871
1991,40,6,0.2,-0.5,-0.03292513266205788,-0.04587968438863754,0.5103718041551676
1992,40,7,0.2,-0.5,-0.07293739169836044,-0.06330950558185577,0.5149693269528463
1993,40,8,0.2,-0.5,-0.08798497915267944,-0.1480635553598404,0.45474675291146976
1994,40,9,0.2,-0.5,-0.06918079406023026,-0.059980012476444244,0.5158254446138987
1995,40,10,0.2,-0.5,-0.07848689705133438,-0.06592327356338501,0.5157301196005605
1996,40,11,0.2,-0.5,-0.05114615708589554,-0.05678427219390869,0.509425729222324
1997,40,12,0.2,-0.5,-0.06911352276802063,-0.0604957714676857,0.5153504196509388
1998,40,13,0.2,-0.5,-0.08216382563114166,-0.06664501130580902,0.5171198804155026
1999,40,14,0.2,-0.5,-0.06790060549974442,-0.06019891798496246,0.5149715780203092
2000,40,15,0.2,-0.5,-0.07318436354398727,-0.06009042263031006,0.517832147270245
2001,40,16,0.2,-0.5,-0.06421081721782684,-0.05854256451129913,0.514482286656375
2002,40,17,0.2,-0.5,-0.06024457514286041,-0.053019456565380096,0.5172222395647698
2003,40,18,0.2,-0.5,-0.06303626298904419,-0.0583992525935173,0.5140032059795014
2004,40,19,0.2,-0.5,-0.0526774525642395,-0.05515742301940918,0.5115963382678637
2005,40,20,0.2,-0.5,-0.09153534471988678,-0.08787822723388672,0.5048140378484212
2006,40,21,0.2,-0.5,-0.05078202858567238,-0.05290254205465317,0.5126282890777061
2007,40,22,0.2,-0.5,-0.057705529034137726,-0.05928603559732437,0.5105300560342042
2008,40,23,0.2,-0.5,-0.0725390836596489,-0.060638584196567535,0.5170261171535127
2009,40,24,0.2,-0.5,-0.042723383754491806,-0.0496862456202507,0.5115634060454437
2010,40,25,0.2,-0.5,-0.07206132262945175,-0.05906990170478821,0.5181087866978438
2011,40,26,0.2,-0.5,-0.09890402108430862,-0.08030673861503601,0.5152533818155068
2012,40,27,0.2,-0.5,-0.08591180294752121,-0.06611840426921844,0.5196140858161868
2013,40,28,0.2,-0.5,-0.08687970787286758,-0.06394092738628387,0.5219650195156338
2014,40,29,0.2,-0.5,-0.066566601395607,-0.05838087201118469,0.5158344765379744
2015,40,30,0.2,-0.5,-0.061820995062589645,-0.054480455815792084,0.5167570973926425
2016,40,31,0.2,-0.5,-0.07984837144613266,-0.06320188194513321,0.5187559223154238
2017,40,32,0.2,-0.5,-0.07191883772611618,-0.061043523252010345,0.5163551517989632
2018,40,33,0.2,-0.5,-0.034149687737226486,-0.05213204026222229,0.5053828109731477
2019,40,34,0.2,-0.5,-0.0708216205239296,-0.05780047923326492,0.5185409977133317
2020,40,35,0.2,-0.5,-0.06907910108566284,-0.15042954683303833,0.4411383732667374
2021,40,36,0.2,-0.5,-0.05656234920024872,-0.053850434720516205,0.5146587934022139
2022,40,37,0.2,-0.5,-0.07204587757587433,-0.0607755109667778,0.5166498923570223
2023,40,38,0.2,-0.5,-0.05913225933909416,-0.055867865681648254,0.5142012063038729
2024,40,39,0.2,-0.5,-0.05978604033589363,-0.05479087680578232,0.5154609103790186
2025,40,40,0.2,-0.5,-0.06410066783428192,-0.057795822620391846,0.5150666920336527
2026,40,41,0.2,-0.5,-0.07533209770917892,-0.06096222996711731,0.5182296089036048
2027,40,42,0.2,-0.5,-0.07568704336881638,-0.06344815343618393,0.5163146914622101
2028,40,43,0.2,-0.5,-0.06052098795771599,-0.05458632856607437,0.5160082594946649
2029,40,44,0.2,-0.5,-0.07421881705522537,-0.06504721194505692,0.514178847740682
2030,40,45,0.2,-0.5,-0.0816938728094101,-0.06541174650192261,0.517898047936921
2031,40,46,0.2,-0.5,-0.057481322437524796,-0.057186052203178406,0.5122312210004217
2032,40,47,0.2,-0.5,-0.06169880926609039,-0.05790768563747406,0.5137430108426819
2033,40,48,0.2,-0.5,-0.09950396418571472,-0.06850981712341309,0.5252488957454631
2034,41,0,0.3,-0.5,-0.0713619664311409,-0.11345981061458588,0.5360252122071457
2035,41,1,0.3,-0.5,-0.039827752858400345,-0.1306808888912201,0.5018759881115745
2036,41,2,0.3,-0.5,-0.07605565339326859,-0.12343013286590576,0.5321867334709007
2037,41,3,0.3,-0.5,-0.048661552369594574,-0.12883412837982178,0.5092435393368699
2038,41,4,0.3,-0.5,-0.026947321370244026,-0.11403816938400269,0.5058271301972932
2039,41,5,0.3,-0.5,-0.08505090326070786,-0.11845144629478455,0.5420733316963938
2040,41,6,0.3,-0.5,-0.07673802226781845,-0.12747347354888916,0.5298184126019003
2041,41,7,0.3,-0.5,-0.0370904803276062,-0.13124732673168182,0.4996083725980053
2042,41,8,0.3,-0.5,-0.05598468333482742,-0.12491931021213531,0.5171176061794239
2043,41,9,0.3,-0.5,-0.08798865973949432,-0.11387158930301666,0.5473850104212092
2044,41,10,0.3,-0.5,-0.08490538597106934,-0.11334636807441711,0.5455760141637295
2045,41,11,0.3,-0.5,-0.016017364338040352,-0.09447173774242401,0.5141207504592779
2046,41,12,0.3,-0.5,-0.051684167236089706,-0.11039896309375763,0.524853047474206
2047,41,13,0.3,-0.5,-0.08433295041322708,-0.12857608497142792,0.5344787567607229
2048,41,14,0.3,-0.5,-0.06280942261219025,-0.11438587307929993,0.5294609825256292
2049,41,15,0.3,-0.5,-0.032546333968639374,-0.11906599998474121,0.5056656767110134
2050,41,16,0.3,-0.5,-0.13679693639278412,-0.15119539201259613,0.5589778333667341
2051,41,17,0.3,-0.5,-0.11623824387788773,-0.12590177357196808,0.5596461012846842
2052,41,18,0.3,-0.5,-0.10487158596515656,-0.11240585148334503,0.5604910570975169
2053,41,19,0.3,-0.5,-0.09807875752449036,-0.12478472292423248,0.5470404019295897
2054,41,20,0.3,-0.5,-0.04729590564966202,-0.12446169555187225,0.5115109619439192
2055,41,21,0.3,-0.5,-0.1293993443250656,-0.12482495605945587,0.5702105843480858
2056,41,22,0.3,-0.5,0.008451472967863083,-0.10246266424655914,0.49298729895662896
2057,41,23,0.3,-0.5,-0.06357158720493317,-0.11250406503677368,0.5313543061232677
2058,41,24,0.3,-0.5,-0.07430335879325867,-0.14769670367240906,0.5140239459472693
2059,41,25,0.3,-0.5,-0.110405832529068,-0.1179044097661972,0.5607405705404198
2060,41,26,0.3,-0.5,-0.08032688498497009,-0.10965403914451599,0.5449940445532976
2061,41,27,0.3,-0.5,-0.061095383018255234,-0.11526888608932495,0.5276437298481328
2062,41,28,0.3,-0.5,-0.03956570476293564,-0.12003928422927856,0.5095831761156838
2063,41,29,0.3,-0.5,-0.07399478554725647,-0.11035966873168945,0.5400848890382114
2064,41,30,0.3,-0.5,-0.024248680099844933,-0.10891591012477875,0.5080196570015985
2065,41,31,0.3,-0.5,-0.024661259725689888,-0.11397184431552887,0.5044032816584624
2066,41,32,0.3,-0.5,-0.05650761350989342,-0.1120663732290268,0.5268682731672124
2067,41,33,0.3,-0.5,0.04544190317392349,-0.08038680255413055,0.4907902404596696
2068,41,34,0.3,-0.5,-0.04377567768096924,-0.10756851732730865,0.5217127419928484
2069,41,35,0.3,-0.5,-0.12384434044361115,-0.11362175643444061,0.573526086614102
2070,41,36,0.3,-0.5,-0.07038800418376923,-0.10704487562179565,0.5400009290902432
2071,41,37,0.3,-0.5,-0.09009698033332825,-0.11601856350898743,0.5473731794990349
2072,41,38,0.3,-0.5,-0.09653491526842117,-0.12164543569087982,0.5480803913300294
2073,41,39,0.3,-0.5,-0.03422505408525467,-0.11434400081634521,0.5103302229778622
2074,41,40,0.3,-0.5,-0.05232653021812439,-0.09307199716567993,0.5382605162802407
2075,41,41,0.3,-0.5,-0.006768839433789253,-0.13146726787090302,0.47950338424049804
2076,41,42,0.3,-0.5,-0.03725340962409973,-0.12122620642185211,0.5071582090478889
2077,41,43,0.3,-0.5,-0.011929946020245552,-0.1067238301038742,0.501962585291334
2078,41,44,0.3,-0.5,-0.07702213525772095,-0.12160706520080566,0.5341599981094041
2079,41,45,0.3,-0.5,-0.042037107050418854,-0.11229899525642395,0.517012042102114
2080,41,46,0.3,-0.5,-0.05022412911057472,-0.1270088106393814,0.5116437901039251
2081,41,47,0.3,-0.5,-0.030918672680854797,-0.1241535097360611,0.5007671636325407
2082,41,48,0.3,-0.5,-0.07314976304769516,-0.1141127198934555,0.5367958071842381
2083,42,0,0.4,-0.5,-0.45378628373146057,0.03683736175298691,1.0085362518332623
2084,42,1,0.4,-0.5,-0.45794570446014404,0.10432938486337662,1.0494211915198588
2085,42,2,0.4,-0.5,-0.3747594356536865,0.2321372628211975,1.0659630175319097
2086,42,3,0.4,-0.5,-0.41721001267433167,0.07577408105134964,0.9996739454570713
2087,42,4,0.4,-0.5,-0.45332545042037964,0.04347842186689377,1.0116981364864093
2088,42,5,0.4,-0.5,0.03277803212404251,0.166722372174263,0.7611640396447846
2089,42,6,0.4,-0.5,-0.481763631105423,0.10963159054517746,1.0719877692076825
2090,42,7,0.4,-0.5,-0.43186888098716736,0.09052964299917221,1.0201622882735726
2091,42,8,0.4,-0.5,-0.4402506649494171,0.025565017014741898,0.9910801012318043
2092,42,9,0.4,-0.5,-0.5029720664024353,0.05850689113140106,1.0617384330165065
2093,42,10,0.4,-0.5,-0.356071412563324,0.15157540142536163,0.9980954286229956
2094,42,11,0.4,-0.5,-0.4340897798538208,0.1840161234140396,1.0786954240873399
2095,42,12,0.4,-0.5,-0.47246474027633667,0.11563335359096527,1.0678010812314782
2096,42,13,0.4,-0.5,-0.4950326979160309,0.0451430082321167,1.0479811209001861
2097,42,14,0.4,-0.5,-0.4347935616970062,0.09648726880550385,1.0260006591117876
2098,42,15,0.4,-0.5,-0.4309791326522827,0.06260692328214645,1.0035202384748119
2099,42,16,0.4,-0.5,-0.4148653745651245,0.08907163143157959,1.005490410507541
2100,42,17,0.4,-0.5,-0.5085031390190125,0.0849391371011734,1.08052383024164
2101,42,18,0.4,-0.5,-0.42744842171669006,0.1948966383934021,1.080533307516197
2102,42,19,0.4,-0.5,-0.4606797993183136,0.02283441834151745,1.0070380062128368
2103,42,20,0.4,-0.5,-0.3897160291671753,0.13263575732707977,1.011869264367872
2104,42,21,0.4,-0.5,-0.4130479395389557,0.223361998796463,1.088255270279614
2105,42,22,0.4,-0.5,-0.41446515917778015,0.16082201898097992,1.0488275531681008
2106,42,23,0.4,-0.5,-0.42951464653015137,0.16497687995433807,1.063150412539001
2107,42,24,0.4,-0.5,-0.4253949522972107,0.13789917528629303,1.0431645052956162
2108,42,25,0.4,-0.5,-0.4306812882423401,0.05627021566033363,0.9997339423400347
2109,42,26,0.4,-0.5,-0.4373506009578705,0.17002087831497192,1.0724196969015785
2110,42,27,0.4,-0.5,-0.43973395228385925,0.18900056183338165,1.0862204586661892
2111,42,28,0.4,-0.5,-0.3546598553657532,0.08353222906589508,0.9539503968547168
2112,42,29,0.4,-0.5,-0.4274130165576935,0.07962673902511597,1.0102373268504743
2113,42,30,0.4,-0.5,-0.4160855710506439,0.10093487799167633,1.013468493276395
2114,42,31,0.4,-0.5,-0.49680402874946594,0.014429116621613503,1.0338736779749094
2115,42,32,0.4,-0.5,-0.4598000943660736,0.1704462766647339,1.090300147741673
2116,42,33,0.4,-0.5,-0.2952951490879059,0.16755351424217224,0.9638791618881732
2117,42,34,0.4,-0.5,-0.4731423854827881,0.06889840960502625,1.0421242851875692
2118,42,35,0.4,-0.5,-0.3847857713699341,0.16797156631946564,1.0305700948290624
2119,42,36,0.4,-0.5,-0.4929089844226837,0.09333103895187378,1.0720672442745645
2120,42,37,0.4,-0.5,-0.4794359803199768,-0.012488134205341339,1.0055224824796052
2121,42,38,0.4,-0.5,-0.4144619107246399,0.22473515570163727,1.0902244034743984
2122,42,39,0.4,-0.5,-0.35807040333747864,0.14453402161598206,0.9950350955804116
2123,42,40,0.4,-0.5,-0.4744590222835541,0.07659178972244263,1.0474429214178875
2124,42,41,0.4,-0.5,-0.48159584403038025,0.08489546924829483,1.0579763429107578
2125,42,42,0.4,-0.5,-0.45984914898872375,-0.02102769911289215,0.9842535364598507
2126,42,43,0.4,-0.5,-0.4189055860042572,0.06697210669517517,0.9960239598319616
2127,42,44,0.4,-0.5,-0.45257097482681274,0.0555957555770874,1.0176266067337354
2128,42,45,0.4,-0.5,-0.4640824496746063,0.143916055560112,1.0776206969262245
2129,42,46,0.4,-0.5,-0.4523022174835205,0.09498947858810425,1.0394380931820184
2130,42,47,0.4,-0.5,-0.3880646824836731,0.22117364406585693,1.0682403141022716
2131,42,48,0.4,-0.5,-0.38359442353248596,0.10985928773880005,0.9929494304507585
2132,43,0,0.5,-0.5,-0.3852657377719879,-0.3150155246257782,0.9043863569307413
2133,43,1,0.5,-0.5,-0.4237220585346222,-0.3709046542644501,0.9326993351096704
2134,43,2,0.5,-0.5,-0.41711390018463135,-0.3136829435825348,0.9358482523486031
2135,43,3,0.5,-0.5,-0.42338526248931885,-0.35743993520736694,0.9343252726198452
2136,43,4,0.5,-0.5,-0.43365126848220825,-0.36476776003837585,0.9433941116328185
2137,43,5,0.5,-0.5,-0.42111486196517944,-0.3463411331176758,0.9338434752701822
2138,43,6,0.5,-0.5,-0.4117251932621002,-0.35475072264671326,0.9232227145171776
2139,43,7,0.5,-0.5,-0.41488805413246155,-0.3822386562824249,0.9224358436598454
2140,43,8,0.5,-0.5,-0.4265744090080261,-0.33166393637657166,0.9417415599541117
2141,43,9,0.5,-0.5,-0.4186735451221466,-0.33545544743537903,0.9332930902379938
2142,43,10,0.5,-0.5,-0.4317016005516052,-0.366684228181839,0.9411912491549711
2143,43,11,0.5,-0.5,-0.4279932677745819,-0.334007203578949,0.9427221825642098
2144,43,12,0.5,-0.5,-0.42880362272262573,-0.3536006510257721,0.940270673244014
2145,43,13,0.5,-0.5,-0.42740100622177124,-0.371440052986145,0.936269344962954
2146,43,14,0.5,-0.5,-0.43238234519958496,-0.34554851055145264,0.9450884086860619
2147,43,15,0.5,-0.5,-0.42214810848236084,-0.3354704976081848,0.9367107830781571
2148,43,16,0.5,-0.5,-0.4077802300453186,-0.3565700948238373,0.9190413939317286
2149,43,17,0.5,-0.5,-0.4299983084201813,-0.3391767740249634,0.9438013369758576
2150,43,18,0.5,-0.5,-0.43609070777893066,-0.36425724625587463,0.9458815509270162
2151,43,19,0.5,-0.5,-0.4352888762950897,-0.36738088726997375,0.9446444363794406
2152,43,20,0.5,-0.5,-0.4230678677558899,-0.3952741324901581,0.9289896639947584
2153,43,21,0.5,-0.5,-0.4260358512401581,-0.365458607673645,0.9357584004598614
2154,43,22,0.5,-0.5,-0.429734468460083,-0.33543363213539124,0.9441865659258782
2155,43,23,0.5,-0.5,-0.42790478467941284,-0.34477707743644714,0.9407983020393469
2156,43,24,0.5,-0.5,-0.4150633215904236,-0.3622942864894867,0.9253668170263826
2157,43,25,0.5,-0.5,-0.4229414463043213,-0.3275885581970215,0.9389071405473995
2158,43,26,0.5,-0.5,-0.42691466212272644,-0.3373143970966339,0.941083097420265
2159,43,27,0.5,-0.5,-0.440260112285614,-0.3783290684223175,0.9480996225852727
2160,43,28,0.5,-0.5,-0.40467512607574463,-0.3397275507450104,0.9187623967764231
2161,43,29,0.5,-0.5,-0.43811559677124023,-0.40211671590805054,0.9432083599131665
2162,43,30,0.5,-0.5,-0.43534278869628906,-0.35329362750053406,0.9467781641430599
2163,43,31,0.5,-0.5,-0.41650906205177307,-0.3935375511646271,0.9226717259323844
2164,43,32,0.5,-0.5,-0.4264257848262787,-0.36277472972869873,0.9365337738661741
2165,43,33,0.5,-0.5,-0.4358820617198944,-0.36829718947410583,0.945103625931834
2166,43,34,0.5,-0.5,-0.43024182319641113,-0.3539232611656189,0.9416412603811873
2167,43,35,0.5,-0.5,-0.4235907196998596,-0.34312811493873596,0.9368183419630398
2168,43,36,0.5,-0.5,-0.41186749935150146,-0.3680500388145447,0.9213648184244956
2169,43,37,0.5,-0.5,-0.41256797313690186,-0.3420540690422058,0.9261356394725977
2170,43,38,0.5,-0.5,-0.4166795015335083,-0.3663185238838196,0.9263757583121021
2171,43,39,0.5,-0.5,-0.42388206720352173,-0.3311412036418915,0.9391865454784591
2172,43,40,0.5,-0.5,-0.42360636591911316,-0.38108792901039124,0.9312297245005383
2173,43,41,0.5,-0.5,-0.4230167865753174,-0.3619505763053894,0.9332832537243123
2174,43,42,0.5,-0.5,-0.4264758229255676,-0.3385787010192871,0.9404330312309476
2175,43,43,0.5,-0.5,-0.4385199546813965,-0.3534955084323883,0.9498859254587653
2176,43,44,0.5,-0.5,-0.414440393447876,-0.35377368330955505,0.9260579727327877
2177,43,45,0.5,-0.5,-0.42997753620147705,-0.3658886253833771,0.9395978281376185
2178,43,46,0.5,-0.5,-0.41285765171051025,-0.357944518327713,0.9238446039023948
2179,43,47,0.5,-0.5,-0.4278738796710968,-0.32884135842323303,0.9435280690908444
2180,44,0,-1.0,-0.4,0.07820211350917816,0.3158949017524719,1.2942276878242251
2181,44,1,-1.0,-0.4,-0.4113869071006775,0.1979309618473053,0.8390392173600411
2182,44,2,-1.0,-0.4,-0.4687178432941437,0.16233041882514954,0.7736124546373941
2183,44,3,-1.0,-0.4,-0.34602224826812744,0.18494097888469696,0.8774068888143415
2184,44,4,-1.0,-0.4,-0.5294011831283569,0.03579246997833252,0.6413878104008573
2185,44,5,-1.0,-0.4,-0.15248063206672668,0.3486117124557495,1.1307999712804846
2186,44,6,-1.0,-0.4,-0.13315793871879578,0.31694334745407104,1.124910184265791
2187,44,7,-1.0,-0.4,-0.4481145143508911,0.12242235243320465,0.7599359865093877
2188,44,8,-1.0,-0.4,-0.5088112950325012,0.12095996737480164,0.7160067258726017
2189,44,9,-1.0,-0.4,-0.5619373321533203,0.09468507766723633,0.6607663936881097
2190,44,10,-1.0,-0.4,-0.4387188255786896,0.062128469347953796,0.7270483332912937
2191,44,11,-1.0,-0.4,-0.4538581073284149,0.12612506747245789,0.758339339315718
2192,44,12,-1.0,-0.4,-0.16501721739768982,0.30927523970603943,1.095567256220428
2193,44,13,-1.0,-0.4,-0.5347597599029541,-0.09433223307132721,0.5566697986640898
2194,44,14,-1.0,-0.4,-0.4395662844181061,0.13723622262477875,0.7763431641104777
2195,44,15,-1.0,-0.4,-0.015672095119953156,0.37573325634002686,1.2532611496880626
2196,44,16,-1.0,-0.4,-0.13143132627010345,0.35689204931259155,1.1520838143544618
2197,44,17,-1.0,-0.4,-0.5349085330963135,0.08212583512067795,0.66989207599242
2198,44,18,-1.0,-0.4,-0.4125480651855469,0.076907679438591,0.7566641992487463
2199,44,19,-1.0,-0.4,-0.6077783107757568,0.018629074096679688,0.5736620565951369
2200,44,20,-1.0,-0.4,-0.13176967203617096,0.31533995270729065,1.1249600661069916
2201,44,21,-1.0,-0.4,-0.23010185360908508,0.29498788714408875,1.0371843226221515
2202,44,22,-1.0,-0.4,-0.3924545645713806,0.15715056657791138,0.8243350107500218
2203,44,23,-1.0,-0.4,-0.07227007299661636,0.3883483111858368,1.217446457634694
2204,44,24,-1.0,-0.4,-0.3672494888305664,0.18839998543262482,0.8640530957309814
2205,44,25,-1.0,-0.4,-0.46804678440093994,0.170790895819664,0.7802412898179605
2206,44,26,-1.0,-0.4,-0.02105000615119934,0.35103288292884827,1.2338531037757225
2207,44,27,-1.0,-0.4,-0.43945491313934326,0.2692381739616394,0.872977965295305
2208,44,28,-1.0,-0.4,-0.14906084537506104,0.2813090682029724,1.0900823323444007
2209,44,29,-1.0,-0.4,-0.6477705240249634,-0.01595892757177353,0.5211076175392864
2210,44,30,-1.0,-0.4,-0.4838779866695404,0.19693909585475922,0.7891249690664872
2211,44,31,-1.0,-0.4,-0.30950629711151123,0.19933941960334778,0.9143245012680862
2212,44,32,-1.0,-0.4,-0.13210153579711914,0.35195839405059814,1.1483419223162037
2213,44,33,-1.0,-0.4,-0.5556086301803589,0.07188339531421661,0.6481956713396428
2214,44,34,-1.0,-0.4,-0.525891125202179,0.005373701453208923,0.6237844683798494
2215,44,35,-1.0,-0.4,-0.3833198845386505,0.2346482127904892,0.8849139612434563
2216,44,36,-1.0,-0.4,-0.38178467750549316,0.25817087292671204,0.9029834344749061
2217,44,37,-1.0,-0.4,-0.2407827228307724,0.28166672587394714,1.0203334744660506
2218,44,38,-1.0,-0.4,-0.3074668347835541,0.2381727248430252,0.9417359564433552
2219,44,39,-1.0,-0.4,-0.17281325161457062,0.30194365978240967,1.0848791721722668
2220,44,40,-1.0,-0.4,-0.19698137044906616,0.29126620292663574,1.0595696686459408
2221,44,41,-1.0,-0.4,-0.4662896692752838,0.10028362274169922,0.7315260899693494
2222,44,42,-1.0,-0.4,-0.019596371799707413,0.36461976170539856,1.2433159912824727
2223,44,43,-1.0,-0.4,-0.4824367165565491,0.10392484813928604,0.7223655618459178
2224,44,44,-1.0,-0.4,-0.4685889780521393,0.22085879743099213,0.8172290502638336
2225,44,45,-1.0,-0.4,-0.34752318263053894,0.20716038346290588,0.8912742161935371
2226,44,46,-1.0,-0.4,-0.08383429795503616,0.38500767946243286,1.2064811023876567
2227,44,47,-1.0,-0.4,-0.27333757281303406,0.26261401176452637,0.9834101950213514
2228,44,48,-1.0,-0.4,-0.3033042848110199,0.21735642850399017,0.9308672726967507
2229,45,0,-0.8,-0.4,0.22509914636611938,-0.248862624168396,1.036180855957979
2230,45,1,-0.8,-0.4,-0.1593724936246872,-0.11575965583324432,0.7008538900346399
2231,45,2,-0.8,-0.4,0.1275148093700409,-0.13846351206302643,0.9636830682974306
2232,45,3,-0.8,-0.4,-0.10404686629772186,-0.02568087726831436,0.7902313395156129
2233,45,4,-0.8,-0.4,0.10721364617347717,-0.058004230260849,0.9695347886088717
2234,45,5,-0.8,-0.4,-0.12070763856172562,0.13540717959403992,0.8649271415958871
2235,45,6,-0.8,-0.4,0.016267359256744385,0.09672422707080841,0.9555246514596424
2236,45,7,-0.8,-0.4,0.11619886010885239,-0.03150852024555206,0.9875253525436111
2237,45,8,-0.8,-0.4,-0.06563278287649155,-0.13561208546161652,0.7805102042508362
2238,45,9,-0.8,-0.4,0.06473299860954285,-0.05938807129859924,0.9293974633373709
2239,45,10,-0.8,-0.4,0.1508592665195465,-0.11906234920024872,0.9914934736865256
2240,45,11,-0.8,-0.4,0.16332073509693146,-0.12857162952423096,1.0008297552365357
2241,45,12,-0.8,-0.4,-0.2999865412712097,0.12018195539712906,0.7215280490949111
2242,45,13,-0.8,-0.4,0.08441758155822754,-0.12124775350093842,0.9273064614773142
2243,45,14,-0.8,-0.4,-0.2532173693180084,0.06780838966369629,0.7195942847572234
2244,45,15,-0.8,-0.4,-0.43327465653419495,0.14827997982501984,0.6596199010165149
2245,45,16,-0.8,-0.4,0.016789838671684265,0.025629157200455666,0.9210351893475549
2246,45,17,-0.8,-0.4,0.03157190978527069,-0.005735296756029129,0.9203023945247447
2247,45,18,-0.8,-0.4,0.22898535430431366,-0.1377265453338623,1.0618842801338029
2248,45,19,-0.8,-0.4,-0.2455441802740097,-0.00297454372048378,0.6819460894836028
2249,45,20,-0.8,-0.4,0.21148686110973358,-0.23742970824241638,1.0244680424297126
2250,45,21,-0.8,-0.4,-0.04075340926647186,-0.4450841546058655,0.7605839641597837
2251,45,22,-0.8,-0.4,-0.1892859786748886,0.03257331997156143,0.7483924725665723
2252,45,23,-0.8,-0.4,0.15427178144454956,-0.11622215807437897,0.995572446600104
2253,45,24,-0.8,-0.4,0.08675826340913773,-0.020205706357955933,0.9646677786717296
2254,45,25,-0.8,-0.4,0.11447074264287949,0.005726423114538193,1.0004352400646115
2255,45,26,-0.8,-0.4,-0.08769095689058304,0.039936017245054245,0.8372143525793703
2256,45,27,-0.8,-0.4,0.014865786768496037,-0.0034309029579162598,0.9062413029511587
2257,45,28,-0.8,-0.4,-0.12610158324241638,0.05731871351599693,0.8144197209303716
2258,45,29,-0.8,-0.4,-0.00033015653025358915,0.004362210631370544,0.8960918791851747
2259,45,30,-0.8,-0.4,0.10985998809337616,-0.1774882972240448,0.9366731851641392
2260,45,31,-0.8,-0.4,0.20181870460510254,-0.1818343997001648,1.0252984668138507
2261,45,32,-0.8,-0.4,-0.0193081833422184,-0.18052689731121063,0.8109550883990255
2262,45,33,-0.8,-0.4,-0.17381565272808075,-0.07301728427410126,0.7064166852161998
2263,45,34,-0.8,-0.4,-0.19669972360134125,0.1309317648410797,0.8036540066595584
2264,45,35,-0.8,-0.4,0.21358926594257355,-0.2476971447467804,1.024967979866829
2265,45,36,-0.8,-0.4,-0.05987180396914482,-0.0012340545654296875,0.8407163765493182
2266,45,37,-0.8,-0.4,-0.05122145265340805,-0.22512057423591614,0.7689292077441513
2267,45,38,-0.8,-0.4,-0.0677284449338913,-0.19475552439689636,0.7604912393476536
2268,45,39,-0.8,-0.4,0.08268314599990845,-0.0887451171875,0.9359535983727606
2269,45,40,-0.8,-0.4,-0.4094438850879669,0.48966899514198303,0.971619781505156
2270,45,41,-0.8,-0.4,0.30936649441719055,-0.4155655801296234,1.1094756897833582
2271,45,42,-0.8,-0.4,0.20614604651927948,-0.2837419807910919,1.0128404582937804
2272,45,43,-0.8,-0.4,0.25130510330200195,-0.2888912856578827,1.0571601423774883
2273,45,44,-0.8,-0.4,-0.10332494974136353,-0.04863555729389191,0.7802647609952968
2274,45,45,-0.8,-0.4,-0.02465164102613926,-0.016018874943256378,0.8652205396101629
2275,45,46,-0.8,-0.4,-0.0321289524435997,-0.028240911662578583,0.8531299815601573
2276,45,47,-0.8,-0.4,0.22408807277679443,-0.3308659493923187,1.0264189679449198
2277,45,48,-0.8,-0.4,0.03920244798064232,0.10554519295692444,0.979712555201043
2278,45,49,-0.8,-0.4,0.17735488712787628,-0.13844962418079376,1.0117465959833578
2279,46,0,-0.6,-0.4,-0.20274126529693604,0.30725300312042236,0.8111851285130512
2280,46,1,-0.6,-0.4,-0.2065853774547577,0.3501582443714142,0.8470610703076951
2281,46,2,-0.6,-0.4,0.008319104090332985,0.35704484581947327,0.9711688993079913
2282,46,3,-0.6,-0.4,-0.33380112051963806,0.20553091168403625,0.6614601487931835
2283,46,4,-0.6,-0.4,-0.10767626017332077,0.3655911386013031,0.9102265961296492
2284,46,5,-0.6,-0.4,-0.038289524614810944,0.3674623966217041,0.9510610855175313
2285,46,6,-0.6,-0.4,-0.23780818283557892,0.3508227467536926,0.833617243981688
2286,46,7,-0.6,-0.4,-0.2661052346229553,0.2584158182144165,0.7382391916046934
2287,46,8,-0.6,-0.4,-0.28999993205070496,0.1944417506456375,0.6704185536209584
2288,46,9,-0.6,-0.4,-0.04240525886416435,0.4005562663078308,0.975603521348234
2289,46,10,-0.6,-0.4,-0.30848944187164307,0.39689141511917114,0.8485365831777327
2290,46,11,-0.6,-0.4,-0.2764182388782501,0.33466386795043945,0.8027678088977871
2291,46,12,-0.6,-0.4,0.00036247994285076857,0.36689165234565735,0.973939378894078
2292,46,13,-0.6,-0.4,-0.1893090009689331,0.29898831248283386,0.8107106497837163
2293,46,14,-0.6,-0.4,-0.21464766561985016,0.36036983132362366,0.8524427851764286
2294,46,15,-0.6,-0.4,-0.1603635996580124,0.37074989080429077,0.8873193104404337
2295,46,16,-0.6,-0.4,-0.17354576289653778,0.35810738801956177,0.8698218369949897
2296,46,17,-0.6,-0.4,-0.09299447387456894,0.371956467628479,0.923564503126427
2297,46,18,-0.6,-0.4,-0.24726790189743042,0.37372905015945435,0.8503390947689587
2298,46,19,-0.6,-0.4,-0.23992960155010223,0.3276787996292114,0.8118910809152162
2299,46,20,-0.6,-0.4,-0.5622209310531616,0.160814106464386,0.5620851537444639
2300,46,21,-0.6,-0.4,-0.1821490228176117,0.3623378574848175,0.8693436881273244
2301,46,22,-0.6,-0.4,-0.2017025500535965,0.32297176122665405,0.8254265722430905
2302,46,23,-0.6,-0.4,-0.18890038132667542,0.3711489737033844,0.8738842235199901
2303,46,24,-0.6,-0.4,-0.3357924520969391,0.4197346568107605,0.8612610149923213
2304,46,25,-0.6,-0.4,-0.08408365398645401,0.38873767852783203,0.9424843773842847
2305,46,26,-0.6,-0.4,-0.17450694739818573,0.3901570737361908,0.8974366490108092
2306,46,27,-0.6,-0.4,-0.2594858705997467,0.38542234897613525,0.8560596583138365
2307,46,28,-0.6,-0.4,0.0035181958228349686,0.3726886510848999,0.9804498784765349
2308,46,29,-0.6,-0.4,-0.22623272240161896,0.356929749250412,0.8441828137930769
2309,46,30,-0.6,-0.4,-0.05436240881681442,0.40442103147506714,0.9720152142799001
2310,46,31,-0.6,-0.4,-0.3010084331035614,-0.08439633250236511,0.434743179375071
2311,46,32,-0.6,-0.4,-0.20092713832855225,0.21137738227844238,0.7300968788347744
2312,46,33,-0.6,-0.4,-0.1258707046508789,0.368259072303772,0.9027849084279745
2313,46,34,-0.6,-0.4,-0.11577126383781433,0.3849290609359741,0.9222749587986534
2314,46,35,-0.6,-0.4,-0.009165551513433456,0.4141930937767029,1.0059799895982544
2315,46,36,-0.6,-0.4,-0.283688485622406,0.1909349262714386,0.6702664106273545
2316,46,37,-0.6,-0.4,-0.07543550431728363,0.3615504503250122,0.9247307708306735
2317,46,38,-0.6,-0.4,-0.12837424874305725,0.33675307035446167,0.8747776494203553
2318,46,39,-0.6,-0.4,-0.28978925943374634,0.31412190198898315,0.7785889765871505
2319,46,40,-0.6,-0.4,-0.24901816248893738,0.3483433723449707,0.8265627944659046
2320,46,41,-0.6,-0.4,-0.12998051941394806,0.40204018354415894,0.9296164629297021
2321,46,42,-0.6,-0.4,-0.33124858140945435,0.17574165761470795,0.6353784551803455
2322,46,43,-0.6,-0.4,-0.23840773105621338,0.3253764808177948,0.8105060196466923
2323,46,44,-0.6,-0.4,-0.06791294366121292,0.35276105999946594,0.9218274507600623
2324,46,45,-0.6,-0.4,-0.12048011273145676,0.3643375039100647,0.902303242911996
2325,46,46,-0.6,-0.4,-0.3057848811149597,0.40528470277786255,0.8573482307140832
2326,46,47,-0.6,-0.4,-0.11794231832027435,0.39438584446907043,0.9292085225390854
2327,46,48,-0.6,-0.4,-0.3595450222492218,0.23972351849079132,0.6834213754598001
2328,46,49,-0.6,-0.4,0.0971832126379013,0.3564615547657013,1.0287363684747648
2329,47,0,-0.5,-0.4,-0.347680002450943,0.13107958436012268,0.5524915443492917
2330,47,1,-0.5,-0.4,-0.31784483790397644,0.0404241681098938,0.4766067046669829
2331,47,2,-0.5,-0.4,-0.37135931849479675,0.17746177315711975,0.5916168729810602
2332,47,3,-0.5,-0.4,-0.3618445098400116,0.14620192348957062,0.5634034794754585
2333,47,4,-0.5,-0.4,-0.29459622502326965,-0.00030919909477233887,0.4493811824086025
2334,47,5,-0.5,-0.4,-0.34432393312454224,0.10927256941795349,0.5325350577749565
2335,47,6,-0.5,-0.4,-0.3490184545516968,0.10603664070367813,0.5280800212094958
2336,47,7,-0.5,-0.4,-0.34613749384880066,0.10666745156049728,0.5295144731449148
2337,47,8,-0.5,-0.4,-0.30630195140838623,0.03608044236898422,0.4771635843659155
2338,47,9,-0.5,-0.4,-0.32157376408576965,0.05645425245165825,0.4900881617053433
2339,47,10,-0.5,-0.4,-0.34360551834106445,0.1323230266571045,0.5548216277352096
2340,47,11,-0.5,-0.4,-0.3499152958393097,0.13311102986335754,0.5538346220533451
2341,47,12,-0.5,-0.4,-0.39915579557418823,0.2340315878391266,0.642001252291675
2342,47,13,-0.5,-0.4,-0.32927021384239197,0.08160654455423355,0.5109731143992721
2343,47,14,-0.5,-0.4,-0.3140447437763214,0.02098998613655567,0.4602302964217711
2344,47,15,-0.5,-0.4,-0.3505561649799347,0.14936630427837372,0.5693301292764886
2345,47,16,-0.5,-0.4,-0.3353845775127411,0.09393160790205002,0.5206406348003998
2346,47,17,-0.5,-0.4,-0.3358848989009857,0.13717308640480042,0.5616837999857205
2347,47,18,-0.5,-0.4,-0.3787826597690582,0.20582252740859985,0.6178305417251624
2348,47,19,-0.5,-0.4,-0.3492940366268158,0.14225837588310242,0.5628111882431084
2349,47,20,-0.5,-0.4,-0.3470751941204071,0.1440882682800293,0.5651708059810524
2350,47,21,-0.5,-0.4,-0.3359566628932953,0.10125826299190521,0.5274182995182912
2351,47,22,-0.5,-0.4,-0.35337960720062256,0.17010541260242462,0.5886575584015078
2352,47,23,-0.5,-0.4,-0.36788856983184814,0.19572921097278595,0.6102021982813014
2353,47,24,-0.5,-0.4,-0.3354935348033905,0.11536426097154617,0.5409830852977118
2354,47,25,-0.5,-0.4,-0.3844987154006958,0.19971580803394318,0.6107369295776168
2355,47,26,-0.5,-0.4,-0.35025081038475037,0.1303676962852478,0.5511031782283103
2356,47,27,-0.5,-0.4,-0.33932146430015564,0.12765631079673767,0.5515784388083617
2357,47,28,-0.5,-0.4,-0.34942513704299927,0.12885890901088715,0.5498768362048955
2358,47,29,-0.5,-0.4,-0.36443421244621277,0.15815475583076477,0.5743821151564342
2359,47,30,-0.5,-0.4,-0.3586687445640564,0.16818684339523315,0.5855004805895031
2360,47,31,-0.5,-0.4,-0.35687360167503357,0.1300869584083557,0.5490695305442643
2361,47,32,-0.5,-0.4,-0.35564082860946655,0.1437872350215912,0.562622544284344
2362,47,33,-0.5,-0.4,-0.39082878828048706,0.3010196089744568,0.7094694113455541
2363,47,34,-0.5,-0.4,-0.3334130346775055,0.09701693058013916,0.5241918029678267
2364,47,35,-0.5,-0.4,-0.37163013219833374,0.17758595943450928,0.5916792741809535
2365,47,36,-0.5,-0.4,-0.34737321734428406,0.12707245349884033,0.5487260755797216
2366,47,37,-0.5,-0.4,-0.29489821195602417,-0.01583552360534668,0.43548718509551365
2367,47,38,-0.5,-0.4,-0.345009446144104,0.11797972768545151,0.5406709443623283
2368,47,39,-0.5,-0.4,-0.3433138430118561,0.12251148372888565,0.5454986731608747
2369,47,40,-0.5,-0.4,-0.3492353856563568,0.1300356686115265,0.5510605946161052
2370,47,41,-0.5,-0.4,-0.34457990527153015,0.13395185768604279,0.5561114925730115
2371,47,42,-0.5,-0.4,-0.34664902091026306,0.12294211983680725,0.5449632863663337
2372,47,43,-0.5,-0.4,-0.3490556478500366,0.1392064094543457,0.5599354868577447
2373,47,44,-0.5,-0.4,-0.35035625100135803,0.13458585739135742,0.5551353803688082
2374,47,45,-0.5,-0.4,-0.34061679244041443,0.11011059582233429,0.5344303760287198
2375,47,46,-0.5,-0.4,-0.36067837476730347,0.15583553910255432,0.5730302450891289
2376,47,47,-0.5,-0.4,-0.34163370728492737,0.139807790517807,0.5625587377083683
2377,47,48,-0.5,-0.4,-0.36811015009880066,0.16596558690071106,0.5811299149612135
2378,47,49,-0.5,-0.4,-0.3682040870189667,0.15153871476650238,0.5670671182186369
2379,48,0,-0.4,-0.4,-0.14144420623779297,-0.07001625001430511,0.419213995165508
2380,48,1,-0.4,-0.4,-0.10597579926252365,-0.1386374980211258,0.3933962227322078
2381,48,2,-0.4,-0.4,-0.16766071319580078,0.03947918862104416,0.4971151792328366
2382,48,3,-0.4,-0.4,-0.17697761952877045,-0.012979965656995773,0.4466805224922104
2383,48,4,-0.4,-0.4,-0.13121658563613892,-0.14069408178329468,0.37347567934111014
2384,48,5,-0.4,-0.4,-0.10970243066549301,-0.06410545855760574,0.44395700437353075
2385,48,6,-0.4,-0.4,-0.1680162400007248,0.021658027544617653,0.4812607994593149
2386,48,7,-0.4,-0.4,-0.19339172542095184,0.028456993401050568,0.47567044717829515
2387,48,8,-0.4,-0.4,-0.13071779906749725,-0.22771096229553223,0.3196817421314272
2388,48,9,-0.4,-0.4,-0.27840903401374817,0.009698247537016869,0.42736052349786896
2389,48,10,-0.4,-0.4,-0.15429145097732544,-0.06529080122709274,0.41521432875808806
2390,48,11,-0.4,-0.4,-0.14646509289741516,-0.09593857824802399,0.3958955636494925
2391,48,12,-0.4,-0.4,-0.12139619141817093,-0.062057606875896454,0.4379784734741499
2392,48,13,-0.4,-0.4,-0.1592041701078415,-0.21061325073242188,0.30634942874370413
2393,48,14,-0.4,-0.4,-0.13266663253307343,-0.00920896977186203,0.4734815293841738
2394,48,15,-0.4,-0.4,-0.1391114741563797,0.02359952963888645,0.49749309987892615
2395,48,16,-0.4,-0.4,-0.15600252151489258,0.030294958502054214,0.4946600052757197
2396,48,17,-0.4,-0.4,-0.14636440575122833,-0.012500587850809097,0.46312720616035513
2397,48,18,-0.4,-0.4,-0.12979793548583984,-0.05543056130409241,0.4378781265956627
2398,48,19,-0.4,-0.4,-0.143525630235672,0.073701873421669,0.5386766815346736
2399,48,20,-0.4,-0.4,-0.09380442649126053,-0.005490947514772415,0.4993927529801949
2400,48,21,-0.4,-0.4,-0.17633944749832153,0.06120686233043671,0.5125776161773381
2401,48,22,-0.4,-0.4,-0.11063632369041443,-0.0407707616686821,0.46127755510050283
2402,48,23,-0.4,-0.4,-0.27172014117240906,0.05027082562446594,0.4681875036663889
2403,48,24,-0.4,-0.4,-0.13887952268123627,-0.06174970418214798,0.42731389668023134
2404,48,25,-0.4,-0.4,-0.14814269542694092,0.039989035576581955,0.5069738191410059
2405,48,26,-0.4,-0.4,-0.12783090770244598,-0.08289533853530884,0.4178891971859417
2406,48,27,-0.4,-0.4,-0.1124841570854187,-0.04929979890584946,0.453493099147451
2407,48,28,-0.4,-0.4,-0.17701028287410736,-0.0784226730465889,0.3913264508749526
2408,48,29,-0.4,-0.4,-0.16640345752239227,0.019479641690850258,0.48013593330490995
2409,48,30,-0.4,-0.4,-0.1410447359085083,-0.015968091785907745,0.4631828314254008
2410,48,31,-0.4,-0.4,-0.12422282248735428,-0.016245469450950623,0.4725680811838254
2411,48,32,-0.4,-0.4,-0.1364697813987732,0.005897775292396545,0.4839433645617297
2412,48,33,-0.4,-0.4,-0.1364820897579193,-0.005160029977560043,0.47470021165539267
2413,48,34,-0.4,-0.4,-0.11789114028215408,-0.03832247853279114,0.45868947913154345
2414,48,35,-0.4,-0.4,-0.12140902876853943,0.013677388429641724,0.4987403241664516
2415,48,36,-0.4,-0.4,-0.26744914054870605,0.02707042172551155,0.4471676144960444
2416,48,37,-0.4,-0.4,-0.17097169160842896,0.05946629121899605,0.5133841045564654
2417,48,38,-0.4,-0.4,-0.07222722470760345,-0.11735427379608154,0.4328089633593791
2418,48,39,-0.4,-0.4,-0.2551148533821106,0.05532843992114067,0.47782391517326456
2419,48,40,-0.4,-0.4,-0.1930232048034668,-0.04500646889209747,0.410925541769169
2420,48,41,-0.4,-0.4,-0.2503178119659424,-0.12107272446155548,0.3165520217183304
2421,48,42,-0.4,-0.4,-0.1397484987974167,-0.11672306060791016,0.38467735606550585
2422,48,43,-0.4,-0.4,-0.1460108757019043,-0.028751954436302185,0.449817281344969
2423,48,44,-0.4,-0.4,-0.13169513642787933,-0.06795255839824677,0.4268992894005845
2424,48,45,-0.4,-0.4,-0.13652026653289795,-0.01822037622332573,0.46387202015098317
2425,48,46,-0.4,-0.4,-0.1398361176252365,-0.025817669928073883,0.45573858935837946
2426,48,47,-0.4,-0.4,-0.11411119252443314,-0.013508550822734833,0.48073698685138044
2427,48,48,-0.4,-0.4,-0.16416886448860168,-0.05541122704744339,0.4175616684054514
2428,49,0,-0.3,-0.4,-0.3022412657737732,-0.45396721363067627,0.05401373361773592
2429,49,1,-0.3,-0.4,-0.30331358313560486,-0.4468368887901306,0.04695395600730173
2430,49,2,-0.3,-0.4,-0.3179236650466919,-0.4532712399959564,0.0562057183871249
2431,49,3,-0.3,-0.4,-0.3126830756664276,-0.46327707171440125,0.06453563521892229
2432,49,4,-0.3,-0.4,-0.3168644905090332,-0.47369107604026794,0.07559620181002363
2433,49,5,-0.3,-0.4,-0.3003745675086975,-0.46326395869255066,0.0632650675354996
2434,49,6,-0.3,-0.4,-0.3128073215484619,-0.45387154817581177,0.055373018593034125
2435,49,7,-0.3,-0.4,-0.30724650621414185,-0.441351056098938,0.04198120642393584
2436,49,8,-0.3,-0.4,-0.32175353169441223,-0.5134245157241821,0.11549171792143813
2437,49,9,-0.3,-0.4,-0.3239381015300751,-0.5436769723892212,0.14565749242588658
2438,49,10,-0.3,-0.4,-0.30012422800064087,-0.449164479970932,0.04916463691931748
2439,49,11,-0.3,-0.4,-0.322932630777359,-0.45842498540878296,0.06276451604519208
2440,49,12,-0.3,-0.4,-0.31011226773262024,-0.44950881600379944,0.05053098871775871
2441,49,13,-0.3,-0.4,-0.29498445987701416,-0.4616599380970001,0.061863588716232466
2442,49,14,-0.3,-0.4,-0.3147268295288086,-0.472408264875412,0.07389070530343046
2443,49,15,-0.3,-0.4,-0.35408276319503784,-0.4237860441207886,0.05908232535815293
2444,49,16,-0.3,-0.4,-0.30922064185142517,-0.4664778411388397,0.06711425778948213
2445,49,17,-0.3,-0.4,-0.31090787053108215,-0.4577983617782593,0.058818638744647864
2446,49,18,-0.3,-0.4,-0.32599323987960815,-0.42991071939468384,0.03962700662611758
2447,49,19,-0.3,-0.4,-0.3014230728149414,-0.43499553203582764,0.035024454295638385
2448,49,20,-0.3,-0.4,-0.2932069003582001,-0.4392097592353821,0.039793861612565956
2449,49,21,-0.3,-0.4,-0.3043197989463806,-0.46545228362083435,0.06559468037973269
2450,49,22,-0.3,-0.4,-0.33858728408813477,-0.43949368596076965,0.055215303350305986
2451,49,23,-0.3,-0.4,-0.31504026055336,-0.44599902629852295,0.048395452864139626
2452,49,24,-0.3,-0.4,-0.2935432493686676,-0.4529432952404022,0.05333556167912367
2453,49,25,-0.3,-0.4,-0.30461642146110535,-0.45804181694984436,0.05822511367052701
2454,49,26,-0.3,-0.4,-0.2634069621562958,-0.4361211061477661,0.051417747208225235
2455,49,27,-0.3,-0.4,-0.3048393726348877,-0.4431643486022949,0.043434784651932346
2456,49,28,-0.3,-0.4,-0.300893634557724,-0.44170820713043213,0.041717779480190294
2457,49,29,-0.3,-0.4,-0.3001639246940613,-0.45411416888237,0.05411441716525257
2458,49,30,-0.3,-0.4,-0.2878214120864868,-0.43921270966529846,0.041060377529464565
2459,49,31,-0.3,-0.4,-0.29157131910324097,-0.4484077990055084,0.049136113666193526
2460,49,32,-0.3,-0.4,-0.34294143319129944,-0.43593743443489075,0.055995230853036974
2461,49,33,-0.3,-0.4,-0.31906813383102417,-0.4472825825214386,0.050982706260991065
2462,49,34,-0.3,-0.4,-0.3254888951778412,-0.4285842478275299,0.038298080908220754
2463,49,35,-0.3,-0.4,-0.29688403010368347,-0.43761512637138367,0.03774396640961191
2464,49,36,-0.3,-0.4,-0.30385640263557434,-0.45894455909729004,0.0590705754878144
2465,49,37,-0.3,-0.4,-0.2985042929649353,-0.45091512799263,0.05093709255582453
2466,49,38,-0.3,-0.4,-0.2811755836009979,-0.4273415803909302,0.03319519048050055
2467,49,39,-0.3,-0.4,-0.30964717268943787,-0.43928879499435425,0.04045586920346947
2468,49,40,-0.3,-0.4,-0.2952095568180084,-0.4503500163555145,0.050577391123707315
2469,49,41,-0.3,-0.4,-0.291985422372818,-0.4182719886302948,0.019952418977350787
2470,49,42,-0.3,-0.4,-0.2855720818042755,-0.469525009393692,0.0710062796846552
2471,49,43,-0.3,-0.4,-0.3011888563632965,-0.4319169223308563,0.03193905619342037
2472,49,44,-0.3,-0.4,-0.29906725883483887,-0.46183255314826965,0.06183958792646321
2473,49,45,-0.3,-0.4,-0.34477612376213074,-0.462025910615921,0.07649911664127809
2474,49,46,-0.3,-0.4,-0.2998047471046448,-0.4493718445301056,0.04937223061598554
2475,49,47,-0.3,-0.4,-0.32572609186172485,-0.406358927488327,0.026500335116366115
2476,49,48,-0.3,-0.4,-0.33898863196372986,-0.39736053347587585,0.039077873610716726
2477,50,0,-0.2,-0.4,-0.116649329662323,-0.38424769043922424,0.08482611332743366
2478,50,1,-0.2,-0.4,-0.06334323436021805,-0.39651763439178467,0.13670112825194813
2479,50,2,-0.2,-0.4,-0.09436757117509842,-0.38797253370285034,0.10631495645005444
2480,50,3,-0.2,-0.4,-0.08521576970815659,-0.4160485565662384,0.11590071480172458
2481,50,4,-0.2,-0.4,-0.07357112318277359,-0.3963054120540619,0.12648284813900929
2482,50,5,-0.2,-0.4,-0.11102443188428879,-0.40645283460617065,0.08920925286072158
2483,50,6,-0.2,-0.4,-0.09708870947360992,-0.40252062678337097,0.10294215500555694
2484,50,7,-0.2,-0.4,-0.08971788734197617,-0.4174509346485138,0.11165428559810753
2485,50,8,-0.2,-0.4,-0.13002337515354156,-0.38046425580978394,0.07265241445380564
2486,50,9,-0.2,-0.4,-0.10895666480064392,-0.4096020758152008,0.0915482864076831
2487,50,10,-0.2,-0.4,-0.11588279157876968,-0.40832921862602234,0.08452857880918606
2488,50,11,-0.2,-0.4,0.0410630963742733,-0.3270399868488312,0.2518622241475901
2489,50,12,-0.2,-0.4,-0.13894298672676086,-0.40822353959083557,0.061608323084227354
2490,50,13,-0.2,-0.4,-0.1374915987253189,-0.3712925314903259,0.06878531077308937
2491,50,14,-0.2,-0.4,-0.18540413677692413,-0.3286563754081726,0.07282137044251735
2492,50,15,-0.2,-0.4,-0.08537064492702484,-0.39273276925086975,0.11485948670966331
2493,50,16,-0.2,-0.4,-0.11476443707942963,-0.3963814377784729,0.08531233896065432
2494,50,17,-0.2,-0.4,-0.10254451632499695,-0.38917481899261475,0.09805486138979262
2495,50,18,-0.2,-0.4,-0.13001877069473267,-0.36022916436195374,0.08049280602901666
2496,50,19,-0.2,-0.4,-0.12446112930774689,-0.3749457895755768,0.07958539090468938
2497,50,20,-0.2,-0.4,-0.13396012783050537,-0.3776147961616516,0.06973063937070706
2498,50,21,-0.2,-0.4,-0.12786880135536194,-0.4009232223033905,0.07213710666039853
2499,50,22,-0.2,-0.4,-0.06698884069919586,-0.3319377899169922,0.14941363036860925
2500,50,23,-0.2,-0.4,-0.09800936281681061,-0.40341219305992126,0.10204770029016406
2501,50,24,-0.2,-0.4,-0.07395532727241516,-0.37319692969322205,0.12886296636688935
2502,50,25,-0.2,-0.4,0.03882612660527229,-0.3211739957332611,0.2514984248418616
2503,50,26,-0.2,-0.4,-0.1128830835223198,-0.39784306287765503,0.08714361430609165
2504,50,27,-0.2,-0.4,-0.06308181583881378,-0.33977967500686646,0.14957632398302592
2505,50,28,-0.2,-0.4,-0.1250699758529663,-0.3815591335296631,0.0771658867301598
2506,50,29,-0.2,-0.4,-0.15805616974830627,-0.3820880651473999,0.0456083578562821
2507,50,30,-0.2,-0.4,-0.014166530221700668,-0.29602423310279846,0.21294374513402192
2508,50,31,-0.2,-0.4,-0.08566418290138245,-0.3157723546028137,0.14201047609512013
2509,50,32,-0.2,-0.4,-0.1092914566397667,-0.38492706418037415,0.09195234218201236
2510,50,33,-0.2,-0.4,0.056125350296497345,-0.3440992832183838,0.2621546970801819
2511,50,34,-0.2,-0.4,-0.12639056146144867,-0.4108843505382538,0.07440980129391794
2512,50,35,-0.2,-0.4,-0.05225709080696106,-0.3560861647129059,0.1541310875405886
2513,50,36,-0.2,-0.4,-0.11582804471254349,-0.3944739103317261,0.0843531607228525
2514,50,37,-0.2,-0.4,-0.14684028923511505,-0.37720951437950134,0.05783909649557454
2515,50,38,-0.2,-0.4,-0.061625536531209946,-0.37423208355903625,0.14075325096772723
2516,50,39,-0.2,-0.4,-0.08411365002393723,-0.3810543417930603,0.11742480179105558
2517,50,40,-0.2,-0.4,-0.08012699335813522,-0.38028162717819214,0.12148395757506573
2518,50,41,-0.2,-0.4,-0.061162758618593216,-0.34897512197494507,0.14791659059034165
2519,50,42,-0.2,-0.4,-0.1344926655292511,-0.3946106731891632,0.06572865214605099
2520,50,43,-0.2,-0.4,-0.12956653535366058,-0.3833146393299103,0.07238283085634413
2521,50,44,-0.2,-0.4,-0.043953146785497665,-0.3239485025405884,0.173592772499224
2522,50,45,-0.2,-0.4,-0.1718669980764389,-0.39334872364997864,0.028908567489854053
2523,50,46,-0.2,-0.4,-0.14387744665145874,-0.32952457666397095,0.09009176593203384
2524,50,47,-0.2,-0.4,-0.11003237962722778,-0.38312509655952454,0.09153652321158276
2525,50,48,-0.2,-0.4,-0.12266653031110764,-0.393830806016922,0.07757914983114782
2526,50,49,-0.2,-0.4,-0.1255427449941635,-0.3565996289253235,0.08618280009621283
2527,51,0,-0.1,-0.4,-0.15163201093673706,-0.1739150583744049,0.23190572520578287
2528,51,1,-0.1,-0.4,-0.19490332901477814,-0.25419095158576965,0.1739739074043881
2529,51,2,-0.1,-0.4,-0.195648655295372,-0.15962110459804535,0.25870964151820236
2530,51,3,-0.1,-0.4,-0.20257915556430817,-0.18237268924713135,0.2405912083635065
2531,51,4,-0.1,-0.4,-0.21122783422470093,-0.1526147872209549,0.27123988388150255
2532,51,5,-0.1,-0.4,-0.21170441806316376,-0.22625556588172913,0.2065550904768707
2533,51,6,-0.1,-0.4,-0.2292724996805191,-0.15923643112182617,0.27327362710771225
2534,51,7,-0.1,-0.4,-0.22814825177192688,-0.16748188436031342,0.26549321748932087
2535,51,8,-0.1,-0.4,-0.28618091344833374,-0.16767896711826324,0.2977186504935372
2536,51,9,-0.1,-0.4,-0.22526998817920685,-0.19017526507377625,0.24437469043515675
2537,51,10,-0.1,-0.4,-0.23148737847805023,-0.1986686885356903,0.24046460794671826
2538,51,11,-0.1,-0.4,-0.24088028073310852,-0.1698937565088272,0.2698075921708994
2539,51,12,-0.1,-0.4,-0.23899231851100922,-0.15991272032260895,0.27741803558520783
2540,51,13,-0.1,-0.4,-0.2731015682220459,-0.23823514580726624,0.23692197233040255
2541,51,14,-0.1,-0.4,-0.1737753301858902,-0.11599643528461456,0.293429419307409
2542,51,15,-0.1,-0.4,-0.194781094789505,-0.30015799403190613,0.13766583485102624
2543,51,16,-0.1,-0.4,-0.18943770229816437,-0.168588787317276,0.24809323236973638
2544,51,17,-0.1,-0.4,-0.20702573657035828,-0.15620768070220947,0.2662502642947488
2545,51,18,-0.1,-0.4,-0.1952780932188034,-0.12267237901687622,0.2932379995968636
2546,51,19,-0.1,-0.4,-0.24438899755477905,-0.1543087512254715,0.2849778453481275
2547,51,20,-0.1,-0.4,-0.23628996312618256,-0.1803160309791565,0.2585265949446732
2548,51,21,-0.1,-0.4,-0.20607304573059082,-0.16975948214530945,0.2534998759221789
2549,51,22,-0.1,-0.4,-0.2668156623840332,-0.22956129908561707,0.2384886076650334
2550,51,23,-0.1,-0.4,-0.20482464134693146,-0.13970103859901428,0.2806131763476987
2551,51,24,-0.1,-0.4,-0.22305594384670258,-0.20417578518390656,0.23127881101463302
2552,51,25,-0.1,-0.4,-0.19427356123924255,-0.16924013197422028,0.24927418847527014
2553,51,26,-0.1,-0.4,-0.15404732525348663,-0.099814772605896,0.3050119409346233
2554,51,27,-0.1,-0.4,-0.19616733491420746,-0.1336844563484192,0.2831468260371965
2555,51,28,-0.1,-0.4,-0.3309646248817444,-0.2896973490715027,0.25595181724031346
2556,51,29,-0.1,-0.4,-0.09869608283042908,-0.0506768524646759,0.34932558109014994
2557,51,30,-0.1,-0.4,-0.23711928725242615,-0.14189369976520538,0.2922679612230997
2558,51,31,-0.1,-0.4,-0.221713587641716,-0.14342644810676575,0.2839791980898035
2559,51,32,-0.1,-0.4,-0.21303485333919525,-0.23337790369987488,0.20134498018292274
2560,51,33,-0.1,-0.4,-0.22436125576496124,-0.2522372603416443,0.1931309119917915
2561,51,34,-0.1,-0.4,-0.27408432960510254,-0.22661206126213074,0.2457004906666348
2562,51,35,-0.1,-0.4,-0.2109682857990265,-0.32152190804481506,0.13591457379582547
2563,51,36,-0.1,-0.4,-0.23665456473827362,-0.16522742807865143,0.27164799021964403
2564,51,37,-0.1,-0.4,-0.1933039128780365,-0.2845458686351776,0.14844283952942255
2565,51,38,-0.1,-0.4,-0.24478963017463684,-0.20593740046024323,0.24212461573792146
2566,51,39,-0.1,-0.4,-0.2347809374332428,-0.16395042836666107,0.27181850813303077
2567,51,40,-0.1,-0.4,-0.18592391908168793,-0.12783481180667877,0.2854063936471333
2568,51,41,-0.1,-0.4,-0.18886540830135345,-0.16339603066444397,0.2527419614901867
2569,51,42,-0.1,-0.4,-0.09231656044721603,-0.07973344624042511,0.3203587062971693
2570,51,43,-0.1,-0.4,-0.21266847848892212,-0.17897234857082367,0.24808750218684172
2571,51,44,-0.1,-0.4,-0.20665790140628815,-0.12555941939353943,0.29443766779405905
2572,51,45,-0.1,-0.4,-0.25986167788505554,-0.1522560715675354,0.29484370458155523
2573,51,46,-0.1,-0.4,-0.20113182067871094,-0.14779488742351532,0.27172608259699377
2574,51,47,-0.1,-0.4,-0.21720904111862183,-0.2592349946498871,0.18317408673489846
2575,51,48,-0.1,-0.4,-0.18435563147068024,-0.11887834966182709,0.293505118949696
2576,51,49,-0.1,-0.4,0.05408809334039688,0.004165906459093094,0.4325427382966674
2577,52,0,0.0,-0.4,0.07061082869768143,0.0015269704163074493,0.40768835781890017
2578,52,1,0.0,-0.4,0.07067769765853882,0.0019819848239421844,0.4081480773803889
2579,52,2,0.0,-0.4,0.07410265505313873,0.004406880587339401,0.41114003520978964
2580,52,3,0.0,-0.4,0.0696178451180458,0.0017517060041427612,0.4077389822375577
2581,52,4,0.0,-0.4,0.07077962160110474,0.00019329041242599487,0.4064042624347337
2582,52,5,0.0,-0.4,0.06950732320547104,0.0003714747726917267,0.40636016757409915
2583,52,6,0.0,-0.4,0.06799136847257614,-0.001881387084722519,0.4038827257216607
2584,52,7,0.0,-0.4,0.0395498052239418,-0.019046925008296967,0.3830005645412104
2585,52,8,0.0,-0.4,0.07244391739368439,0.008188281208276749,0.41456699589223234
2586,52,9,0.0,-0.4,0.08085562288761139,0.003274857997894287,0.41130067207064647
2587,52,10,0.0,-0.4,0.07256060838699341,0.0016018971800804138,0.4081043073873768
2588,52,11,0.0,-0.4,0.07314258068799973,-0.0008198544383049011,0.40582585639699775
2589,52,12,0.0,-0.4,0.04280444607138634,-0.0006491206586360931,0.4016383266499835
2590,52,13,0.0,-0.4,0.05634288489818573,-0.004380222409963608,0.39961172292494135
2591,52,14,0.0,-0.4,0.07168494164943695,0.0008905045688152313,0.40724922039547534
2592,52,15,0.0,-0.4,0.06810231506824493,0.0015718154609203339,0.40730559570208946
2593,52,16,0.0,-0.4,0.07256446033716202,0.0032920241355895996,0.4097682974992143
2594,52,17,0.0,-0.4,0.08748786151409149,0.003649473190307617,0.413021819180442
2595,52,18,0.0,-0.4,0.06100131571292877,-0.0025608986616134644,0.4020932725020063
2596,52,19,0.0,-0.4,0.06153447926044464,-0.0029971450567245483,0.4017433994118205
2597,52,20,0.0,-0.4,0.06338600069284439,-0.0026276707649230957,0.4023960152953104
2598,52,21,0.0,-0.4,0.056031953543424606,-0.002030022442340851,0.4018951142464116
2599,52,22,0.0,-0.4,0.08156498521566391,0.002891477197408676,0.4110649452477571
2600,52,23,0.0,-0.4,0.09063205122947693,0.004975713789463043,0.4149933703920433
2601,52,24,0.0,-0.4,0.05911262705922127,-0.0019331611692905426,0.40243199531662066
2602,52,25,0.0,-0.4,0.06453773379325867,-0.0006180405616760254,0.404562811696731
2603,52,26,0.0,-0.4,0.05756215751171112,-0.004495386034250259,0.3996714921602488
2604,52,27,0.0,-0.4,0.06182532757520676,-0.002643946558237076,0.4021370467099429
2605,52,28,0.0,-0.4,0.07227122783660889,0.0006741359829902649,0.4071398944082081
2606,52,29,0.0,-0.4,0.07326844334602356,-0.0008128806948661804,0.40585541884947235
2607,52,30,0.0,-0.4,0.07182856649160385,0.0008465461432933807,0.407231256805327
2608,52,31,0.0,-0.4,0.07485860586166382,0.001353345811367035,0.408274808267092
2609,52,32,0.0,-0.4,0.054321832954883575,-0.002326998859643936,0.40136601422088036
2610,52,33,0.0,-0.4,0.06847257167100906,-0.00016563758254051208,0.40565503872257996
2611,52,34,0.0,-0.4,0.059885263442993164,0.00041107088327407837,0.4048645087724127
2612,52,35,0.0,-0.4,0.060821305960416794,-0.0002556219696998596,0.40434490107526044
2613,52,36,0.0,-0.4,0.09188291430473328,0.004843920469284058,0.41513981967774544
2614,52,37,0.0,-0.4,0.07609796524047852,0.00652322918176651,0.41358437612911847
2615,52,38,0.0,-0.4,0.052322905510663986,-0.0024573728442192078,0.4009711047531955
2616,52,39,0.0,-0.4,0.06848033517599106,-0.0009764470160007477,0.4048571996911881
2617,52,40,0.0,-0.4,0.07407056540250778,-0.00019535422325134277,0.4066081694256999
2618,52,41,0.0,-0.4,0.03947216272354126,-0.005129531025886536,0.3968384292100628
2619,52,42,0.0,-0.4,0.0821329802274704,0.00331270694732666,0.41159077495277546
2620,52,43,0.0,-0.4,0.07322852313518524,0.006395414471626282,0.4129402493147469
2621,52,44,0.0,-0.4,0.08820495754480362,0.0037488602101802826,0.41327140798330136
2622,52,45,0.0,-0.4,0.06059250980615616,-0.0008590221405029297,0.4037139735645085
2623,52,46,0.0,-0.4,0.08410554379224777,-0.0018032081425189972,0.40698209732392376
2624,52,47,0.0,-0.4,0.05631917342543602,-0.0027510561048984528,0.401221351277693
2625,52,48,0.0,-0.4,0.02368570864200592,-0.005442526191473007,0.39526777370795163
2626,53,0,0.1,-0.4,-0.10878065228462219,-0.3973163664340973,0.2087978990735021
2627,53,1,0.1,-0.4,-0.09277231991291046,-0.3688778877258301,0.19526841320861787
2628,53,2,0.1,-0.4,-0.11354007571935654,-0.3885546624660492,0.21384657979377317
2629,53,3,0.1,-0.4,-0.08747772127389908,-0.34600403904914856,0.1950985898797315
2630,53,4,0.1,-0.4,-0.16657133400440216,-0.34913745522499084,0.2713803135341183
2631,53,5,0.1,-0.4,-0.1206711009144783,-0.3807727098464966,0.22150716346306926
2632,53,6,0.1,-0.4,-0.12750335037708282,-0.3717634677886963,0.22924893933040935
2633,53,7,0.1,-0.4,-0.08793502300977707,-0.34694695472717285,0.1952797953870448
2634,53,8,0.1,-0.4,-0.0955280065536499,-0.4025959372520447,0.19554523833901125
2635,53,9,0.1,-0.4,-0.032726939767599106,-0.4601108133792877,0.14570432534825944
2636,53,10,0.1,-0.4,-0.10193559527397156,-0.40360990166664124,0.2019678589001133
2637,53,11,0.1,-0.4,-0.06949633359909058,-0.42707571387290955,0.1716452777831708
2638,53,12,0.1,-0.4,-0.11693079024553299,-0.3837220370769501,0.21754066248284623
2639,53,13,0.1,-0.4,-0.11911265552043915,-0.38409045338630676,0.21968948423325116
2640,53,14,0.1,-0.4,-0.1407935917377472,-0.3666912317276001,0.24308646170815296
2641,53,15,0.1,-0.4,-0.08029867708683014,-0.3922368586063385,0.18046572894474738
2642,53,16,0.1,-0.4,-0.09166520088911057,-0.4146266579627991,0.19222249700548535
2643,53,17,0.1,-0.4,-0.11993744224309921,-0.3799598217010498,0.22084856179448015
2644,53,18,0.1,-0.4,-0.07648588716983795,-0.4192016124725342,0.17752737899172102
2645,53,19,0.1,-0.4,-0.09750233590602875,-0.4015101492404938,0.19750810929950796
2646,53,20,0.1,-0.4,-0.1048024445772171,-0.39488810300827026,0.20486623146740934
2647,53,21,0.1,-0.4,-0.08761145174503326,-0.3459520936012268,0.19524147359608177
2648,53,22,0.1,-0.4,-0.1126427873969078,-0.39583903551101685,0.21268349408782317
2649,53,23,0.1,-0.4,-0.09665429592132568,-0.4115586280822754,0.1969936902224452
2650,53,24,0.1,-0.4,-0.03234534710645676,-0.4578903615474701,0.144452708042547
2651,53,25,0.1,-0.4,-0.09583425521850586,-0.41050201654434204,0.19611564921873145
2652,53,26,0.1,-0.4,-0.08646455407142639,-0.41654402017593384,0.18719704732884437
2653,53,27,0.1,-0.4,-0.125803604722023,-0.3693934381008148,0.22786844787453192
2654,53,28,0.1,-0.4,-0.2035970389842987,-0.3256201148033142,0.31257563788930504
2655,53,29,0.1,-0.4,-0.05384654924273491,-0.44599688053131104,0.16057544560893783
2656,53,30,0.1,-0.4,-0.12422757595777512,-0.3938508629798889,0.22431187598072447
2657,53,31,0.1,-0.4,-0.10169737040996552,-0.40183117985725403,0.20170568274087977
2658,53,32,0.1,-0.4,-0.10529876500368118,-0.4031880497932434,0.20532351685455058
2659,53,33,0.1,-0.4,-0.13425883650779724,-0.38137975335121155,0.23499769374878682
2660,53,34,0.1,-0.4,-0.10508310794830322,-0.38896170258522034,0.20537995319785357
2661,53,35,0.1,-0.4,-0.1067618578672409,-0.4065963327884674,0.20686705265694036
2662,53,36,0.1,-0.4,-0.10419905930757523,-0.40973371267318726,0.2044309198348009
2663,53,37,0.1,-0.4,-0.06973225623369217,-0.4339323043823242,0.17309084345185458
2664,53,38,0.1,-0.4,-0.10071909427642822,-0.40246251225471497,0.20073419931280845
2665,53,39,0.1,-0.4,-0.09162625670433044,-0.4046635925769806,0.19168299704000358
2666,53,40,0.1,-0.4,-0.14181260764598846,-0.3553618788719177,0.24589814776528535
2667,53,41,0.1,-0.4,-0.157042995095253,-0.3486374616622925,0.26212442021305593
2668,53,42,0.1,-0.4,-0.11656072735786438,-0.39339587092399597,0.2166614020877272
2669,53,43,0.1,-0.4,-0.09630082547664642,-0.3489835858345032,0.20282181489454804
2670,53,44,0.1,-0.4,-0.10652478039264679,-0.39699068665504456,0.20654670387841853
2671,53,45,0.1,-0.4,-0.07371444255113602,-0.43351200222969055,0.17691738706044333
2672,53,46,0.1,-0.4,-0.09596382081508636,-0.4040112793445587,0.19600487093546262
2673,53,47,0.1,-0.4,-0.05102425068616867,-0.4414558410644531,0.15661069903962474
2674,53,48,0.1,-0.4,-0.09754488617181778,-0.401436984539032,0.19755011257197974
2675,54,0,0.2,-0.4,-0.09500449895858765,-0.16327592730522156,0.3782405861340241
2676,54,1,0.2,-0.4,-0.18263038992881775,-0.27403995394706726,0.402829925028834
2677,54,2,0.2,-0.4,-0.11003004759550095,-0.2146267294883728,0.36122275652600505
2678,54,3,0.2,-0.4,-0.1228400245308876,-0.20022694766521454,0.3796510949256713
2679,54,4,0.2,-0.4,-0.15422117710113525,-0.23336803913116455,0.39145734466210613
2680,54,5,0.2,-0.4,-0.08768334239721298,-0.14114895462989807,0.3869955673932541
2681,54,6,0.2,-0.4,-0.09849897772073746,-0.1580730825662613,0.3842268510649879
2682,54,7,0.2,-0.4,-0.15162093937397003,-0.22101521492004395,0.3945539738696737
2683,54,8,0.2,-0.4,-0.23037871718406677,-0.2882050573825836,0.44466161223995304
2684,54,9,0.2,-0.4,-0.15442532300949097,-0.2668079435825348,0.37862571688026586
2685,54,10,0.2,-0.4,-0.16522639989852905,-0.2438608705997467,0.3972024054719575
2686,54,11,0.2,-0.4,-0.15818901360034943,-0.2545563876628876,0.38659179224817947
2687,54,12,0.2,-0.4,-0.1318916380405426,-0.22402840852737427,0.3756568386262165
2688,54,13,0.2,-0.4,-0.08163399249315262,-0.15301282703876495,0.37459360557144616
2689,54,14,0.2,-0.4,-0.1170203909277916,-0.19744813442230225,0.37620365031856823
2690,54,15,0.2,-0.4,-0.100684754550457,-0.17774027585983276,0.37391269916109005
2691,54,16,0.2,-0.4,-0.14476507902145386,-0.28123003244400024,0.36464950967459503
2692,54,17,0.2,-0.4,-0.11019691079854965,-0.1935611218214035,0.3726112369381803
2693,54,18,0.2,-0.4,-0.1480727195739746,-0.24817398190498352,0.37974433225818005
2694,54,19,0.2,-0.4,-0.1355297565460205,-0.20473095774650574,0.38821413728820947
2695,54,20,0.2,-0.4,-0.1056554839015007,-0.20454928278923035,0.3628033319820324
2696,54,21,0.2,-0.4,-0.10653084516525269,-0.20816221833229065,0.3616115229260703
2697,54,22,0.2,-0.4,-0.11111343652009964,-0.19979196786880493,0.36996598021060223
2698,54,23,0.2,-0.4,-0.14669007062911987,-0.2361232340335846,0.38347046756749786
2699,54,24,0.2,-0.4,-0.12994928658008575,-0.20963700115680695,0.3809259810557441
2700,54,25,0.2,-0.4,-0.11935459077358246,-0.21093371510505676,0.3711245272575476
2701,54,26,0.2,-0.4,-0.11637169122695923,-0.2000146359205246,0.3742795651058267
2702,54,27,0.2,-0.4,-0.12386368215084076,-0.20194071531295776,0.3796250319289334
2703,54,28,0.2,-0.4,-0.09718858450651169,-0.190149188041687,0.3638109647063256
2704,54,29,0.2,-0.4,-0.08742451667785645,-0.15783557295799255,0.3758410069591704
2705,54,30,0.2,-0.4,-0.12748689949512482,-0.20145432651042938,0.38297265411822445
2706,54,31,0.2,-0.4,-0.073601633310318,-0.14311134815216064,0.3752993914174044
2707,54,32,0.2,-0.4,-0.11782431602478027,-0.20003777742385864,0.3754959205027529
2708,54,33,0.2,-0.4,-0.12684212625026703,-0.1792159229516983,0.3944253847939632
2709,54,34,0.2,-0.4,-0.22826576232910156,-0.2864433825016022,0.443065083888365
2710,54,35,0.2,-0.4,-0.13681066036224365,-0.20545293390750885,0.38896012888064346
2711,54,36,0.2,-0.4,-0.1222568079829216,-0.212331622838974,0.37291938817604364
2712,54,37,0.2,-0.4,-0.1310049146413803,-0.21895325183868408,0.37728262421762077
2713,54,38,0.2,-0.4,-0.12463349103927612,-0.19789278507232666,0.38240584439855063
2714,54,39,0.2,-0.4,-0.19193284213542938,-0.28120875358581543,0.4095396354066245
2715,54,40,0.2,-0.4,-0.09259570389986038,-0.11677882075309753,0.40721797886962313
2716,54,41,0.2,-0.4,-0.12943990528583527,-0.20752999186515808,0.3815433857717445
2717,54,42,0.2,-0.4,-0.0941808894276619,-0.18520517647266388,0.36425157778462636
2718,54,43,0.2,-0.4,-0.1401420682668686,-0.21834608912467957,0.385609608206489
2719,54,44,0.2,-0.4,-0.16120198369026184,-0.2626965641975403,0.38641830508522806
2720,54,45,0.2,-0.4,-0.10621508955955505,-0.22276544570922852,0.353807530033795
2721,54,46,0.2,-0.4,-0.11709915101528168,-0.21067872643470764,0.36931614668058677
2722,54,47,0.2,-0.4,-0.15289051830768585,-0.24260872602462769,0.3863984097211813
2723,54,48,0.2,-0.4,-0.12423668801784515,-0.1936863660812378,0.3843107406741926
2724,55,0,0.3,-0.4,-0.22432468831539154,-0.23644226789474487,0.5492426699633295
2725,55,1,0.3,-0.4,-0.1087150052189827,-0.24070996046066284,0.4386584915256932
2726,55,2,0.3,-0.4,-0.10941208899021149,-0.2333720326423645,0.4420216489235183
2727,55,3,0.3,-0.4,0.18832546472549438,-0.04002242535352707,0.3769019183781555
2728,55,4,0.3,-0.4,-0.12661974132061005,-0.20693068206310272,0.4682736008073517
2729,55,5,0.3,-0.4,-0.17097042500972748,-0.2673599421977997,0.48929186194705343
2730,55,6,0.3,-0.4,-0.072481669485569,-0.23015528917312622,0.4093773563579464
2731,55,7,0.3,-0.4,-0.16053098440170288,-0.2464568316936493,0.48545266723703745
2732,55,8,0.3,-0.4,-0.13874702155590057,-0.21020565927028656,0.4780385347408726
2733,55,9,0.3,-0.4,-0.1991337090730667,-0.2881546914577484,0.5115113220408207
2734,55,10,0.3,-0.4,-0.05433665215969086,-0.1827930361032486,0.41561199240274865
2735,55,11,0.3,-0.4,-0.14764836430549622,-0.27239346504211426,0.46548091886708354
2736,55,12,0.3,-0.4,-0.08429422974586487,-0.19607165455818176,0.4350503707510259
2737,55,13,0.3,-0.4,-0.09488139301538467,-0.20765943825244904,0.4392336579124307
2738,55,14,0.3,-0.4,-0.12615559995174408,-0.21610292792320251,0.4641408498383328
2739,55,15,0.3,-0.4,-0.1593312919139862,-0.26344606280326843,0.479199554982369
2740,55,16,0.3,-0.4,-0.15237018465995789,-0.27508291602134705,0.4693006092463702
2741,55,17,0.3,-0.4,-0.14863543212413788,-0.2624470591545105,0.46924893446064925
2742,55,18,0.3,-0.4,-0.17085710167884827,-0.28151509165763855,0.4855358727285792
2743,55,19,0.3,-0.4,-0.08993508666753769,-0.2158796191215515,0.43121883825877216
2744,55,20,0.3,-0.4,-0.24023494124412537,-0.3051268756389618,0.548502234696513
2745,55,21,0.3,-0.4,-0.09277457743883133,-0.2133808135986328,0.43485467620270657
2746,55,22,0.3,-0.4,-0.14199481904506683,-0.23421701788902283,0.47206293777449837
2747,55,23,0.3,-0.4,-0.1444368064403534,-0.2460651695728302,0.4703403097094078
2748,55,24,0.3,-0.4,-0.2085428088903427,-0.3340111970901489,0.5128063090325184
2749,55,25,0.3,-0.4,-0.08881062269210815,-0.2018088400363922,0.4364097114019637
2750,55,26,0.3,-0.4,-0.15322987735271454,-0.2618553340435028,0.4738156502875236
2751,55,27,0.3,-0.4,-0.15316419303417206,-0.20401500165462494,0.49372857464881353
2752,55,28,0.3,-0.4,-0.2081681191921234,-0.2655470669269562,0.5256542861760043
2753,55,29,0.3,-0.4,-0.21067002415657043,-0.3224683403968811,0.5165220535590771
2754,55,30,0.3,-0.4,-0.16199366748332977,-0.24708378314971924,0.4866431117055902
2755,55,31,0.3,-0.4,-0.05668948218226433,-0.18123899400234222,0.41843011895005733
2756,55,32,0.3,-0.4,-0.19190417230129242,-0.2881644368171692,0.5044570426902973
2757,55,33,0.3,-0.4,-0.16121698915958405,-0.2727213203907013,0.47845686678374505
2758,55,34,0.3,-0.4,-0.17516745626926422,-0.2745285630226135,0.4914541616413207
2759,55,35,0.3,-0.4,-0.14827677607536316,-0.27723199129104614,0.4647838765823133
2760,55,36,0.3,-0.4,-0.09117693454027176,-0.21398094296455383,0.43315411079277616
2761,55,37,0.3,-0.4,-0.359201580286026,-0.357020765542984,0.6606011944025724
2762,55,38,0.3,-0.4,-0.12331131845712662,-0.23335972428321838,0.45493016367886163
2763,55,39,0.3,-0.4,-0.07757603377103806,-0.20911572873592377,0.42308446709172093
2764,55,40,0.3,-0.4,-0.13670335710048676,-0.22817522287368774,0.46929050292685676
2765,55,41,0.3,-0.4,-0.10537924617528915,-0.23977741599082947,0.43589403489405704
2766,55,42,0.3,-0.4,-0.1355348378419876,-0.2458377480506897,0.4620136306432193
2767,55,43,0.3,-0.4,-0.14498181641101837,-0.27216169238090515,0.46298104694616127
2768,55,44,0.3,-0.4,-0.008739271201193333,-0.160104438662529,0.3909857004178852
2769,55,45,0.3,-0.4,-0.2321426123380661,-0.23641371726989746,0.55671916777082
2770,55,46,0.3,-0.4,-0.14624620974063873,-0.25995492935180664,0.46770535759251636
2771,55,47,0.3,-0.4,-0.247422993183136,-0.35111498832702637,0.5496013808496578
2772,56,0,0.4,-0.4,-0.0002541675930842757,0.1096467673778534,0.6480302664029888
2773,56,1,0.4,-0.4,0.06719708442687988,0.12060807645320892,0.6178920212159076
2774,56,2,0.4,-0.4,-0.14725807309150696,0.11232296377420425,0.7496440607209622
2775,56,3,0.4,-0.4,0.027874693274497986,0.12778407335281372,0.6457811331948599
2776,56,4,0.4,-0.4,-0.013832524418830872,0.024141065776348114,0.5925816415860001
2777,56,5,0.4,-0.4,0.05731046572327614,0.09249192476272583,0.5999870105754727
2778,56,6,0.4,-0.4,0.008965159766376019,0.06949353218078613,0.611009347748565
2779,56,7,0.4,-0.4,-0.0859338566660881,0.11822011321783066,0.7104110069515248
2780,56,8,0.4,-0.4,0.026915714144706726,0.039384789764881134,0.5764120729381742
2781,56,9,0.4,-0.4,-0.08472266048192978,0.041740287095308304,0.6558128840055871
2782,56,10,0.4,-0.4,0.10904699563980103,0.1814592182636261,0.6501911051759884
2783,56,11,0.4,-0.4,-0.14428415894508362,-0.02894381433725357,0.6587320688999008
2784,56,12,0.4,-0.4,-0.18199919164180756,0.0002580583095550537,0.7063494689694703
2785,56,13,0.4,-0.4,-0.08112858980894089,0.05806383118033409,0.6643095613997632
2786,56,14,0.4,-0.4,-0.30317386984825134,-0.017815053462982178,0.8003241996821467
2787,56,15,0.4,-0.4,0.14228682219982147,0.050150904804468155,0.5187021487406311
2788,56,16,0.4,-0.4,-0.10730847716331482,-0.04990353435277939,0.6163841547772274
2789,56,17,0.4,-0.4,0.058648061007261276,0.07679855823516846,0.5863940751655304
2790,56,18,0.4,-0.4,0.03211954981088638,0.1434028446674347,0.6562184676035909
2791,56,19,0.4,-0.4,-0.022378191351890564,0.08827921748161316,0.6456159313044798
2792,56,20,0.4,-0.4,0.03712617605924606,0.11266984045505524,0.6280985411649967
2793,56,21,0.4,-0.4,0.004400161094963551,0.10556548833847046,0.6419468011763958
2794,56,22,0.4,-0.4,0.025341546162962914,0.025652289390563965,0.5670527563595716
2795,56,23,0.4,-0.4,-0.1067032441496849,0.07000641524791718,0.6911253200440661
2796,56,24,0.4,-0.4,0.10668063163757324,0.08427146822214127,0.5661758620698708
2797,56,25,0.4,-0.4,0.06508322060108185,0.05518469214439392,0.5651215383309419
2798,56,26,0.4,-0.4,-0.08183319866657257,0.005100078880786896,0.6294992495996168
2799,56,27,0.4,-0.4,-0.049656160175800323,0.051342472434043884,0.6371033588099506
2800,56,28,0.4,-0.4,-0.02207534946501255,0.056263573467731476,0.6215497157103015
2801,56,29,0.4,-0.4,-0.04675609618425369,0.03441059589385986,0.6231400928384022
2802,56,30,0.4,-0.4,-0.19118057191371918,0.039349671453237534,0.7365613364916054
2803,56,31,0.4,-0.4,-0.1210923120379448,0.06323093920946121,0.6972231355211403
2804,56,32,0.4,-0.4,-0.07547728717327118,0.002970658242702484,0.6232688039860573
2805,56,33,0.4,-0.4,-0.0843532532453537,0.07285645604133606,0.6768982951295783
2806,56,34,0.4,-0.4,-0.06755957752466202,0.0948813185095787,0.6808226479376399
2807,56,35,0.4,-0.4,0.09098447114229202,0.2563467025756836,0.7254526800951127
2808,56,36,0.4,-0.4,0.03873330354690552,0.07917781919240952,0.6001041646015514
2809,56,37,0.4,-0.4,-0.10993091762065887,0.07018992304801941,0.6936195675450265
2810,56,38,0.4,-0.4,0.009432240389287472,0.0756625384092331,0.6154656979013912
2811,56,39,0.4,-0.4,-0.065850168466568,0.08445262908935547,0.672094286013442
2812,56,40,0.4,-0.4,0.3721347153186798,0.2526758313179016,0.6532703995107118
2813,56,41,0.4,-0.4,0.04065399616956711,0.0922512412071228,0.6094594612760184
2814,56,42,0.4,-0.4,-0.025690438225865364,0.11178593337535858,0.665685504422183
2815,56,43,0.4,-0.4,0.09056324511766434,0.10087071359157562,0.5887466152818587
2816,56,44,0.4,-0.4,-0.09749212861061096,0.028116505593061447,0.6563399731775679
2817,56,45,0.4,-0.4,0.013288425281643867,0.06487123668193817,0.6046909199875135
2818,56,46,0.4,-0.4,0.2011682242155075,0.12106673419475555,0.5577137406824426
2819,56,47,0.4,-0.4,0.14513719081878662,0.09095759689807892,0.5531676178661186
2820,56,48,0.4,-0.4,-0.08148285746574402,0.06109368056058884,0.6666581764939873
2821,57,0,0.5,-0.4,-0.2875174582004547,-0.1512383222579956,0.8258729437894923
2822,57,1,0.5,-0.4,-0.24664618074893951,-0.1477128267288208,0.7881175908607421
2823,57,2,0.5,-0.4,-0.24904142320156097,-0.11576558649539948,0.8011568232825108
2824,57,3,0.5,-0.4,-0.27712544798851013,-0.10695025324821472,0.830543265569367
2825,57,4,0.5,-0.4,-0.2625211477279663,-0.05984659492969513,0.8349508007740922
2826,57,5,0.5,-0.4,-0.23898538947105408,0.014339106157422066,0.8472167967781428
2827,57,6,0.5,-0.4,-0.25589507818222046,-0.11495965719223022,0.8078523171026225
2828,57,7,0.5,-0.4,-0.2646179795265198,-0.08110996335744858,0.828451272004036
2829,57,8,0.5,-0.4,-0.25842225551605225,-0.04929815232753754,0.8355812968364809
2830,57,9,0.5,-0.4,-0.27371788024902344,-0.07059760391712189,0.8409193164401586
2831,57,10,0.5,-0.4,-0.23348858952522278,-0.06283297389745712,0.8072714007411222
2832,57,11,0.5,-0.4,-0.22967486083507538,-0.12714971601963043,0.7790203334976918
2833,57,12,0.5,-0.4,-0.24643313884735107,-0.05859585851430893,0.8208040074177823
2834,57,13,0.5,-0.4,-0.21712248027324677,-0.12998881936073303,0.7662706371664414
2835,57,14,0.5,-0.4,-0.2670060992240906,-0.12747955322265625,0.8139814188043106
2836,57,15,0.5,-0.4,-0.2459067851305008,-0.08262277394533157,0.8106202783806208
2837,57,16,0.5,-0.4,-0.21895860135555267,-0.11367827653884888,0.7738744082788217
2838,57,17,0.5,-0.4,-0.2456078827381134,-0.04618840664625168,0.8252961640482346
2839,57,18,0.5,-0.4,-0.2552274465560913,-0.05330463498830795,0.8310031119991214
2840,57,19,0.5,-0.4,-0.319696843624115,-0.15597131848335266,0.8552502048231794
2841,57,20,0.5,-0.4,-0.24022862315177917,-0.09890708327293396,0.7991216171750021
2842,57,21,0.5,-0.4,-0.24193501472473145,-0.08750064671039581,0.8050611230714152
2843,57,22,0.5,-0.4,-0.25078362226486206,-0.05919421464204788,0.8245147850673131
2844,57,23,0.5,-0.4,-0.21817800402641296,-0.13302434980869293,0.7661955646324466
2845,57,24,0.5,-0.4,-0.18275390565395355,-0.15378613770008087,0.7257920925956491
2846,57,25,0.5,-0.4,-0.26376017928123474,-0.06698406487703323,0.8332041913609939
2847,57,26,0.5,-0.4,-0.2379763126373291,-0.13672591745853424,0.7835319269511865
2848,57,27,0.5,-0.4,-0.242514967918396,-0.08806528151035309,0.8053767728101375
2849,57,28,0.5,-0.4,-0.21283823251724243,-0.12875385582447052,0.7627010006997489
2850,57,29,0.5,-0.4,-0.2751893997192383,-0.10789597034454346,0.8283980743447131
2851,57,30,0.5,-0.4,-0.2290763109922409,-0.09450921416282654,0.7904915480139357
2852,57,31,0.5,-0.4,-0.2411537766456604,-0.10375547409057617,0.7981664862467133
2853,57,32,0.5,-0.4,-0.31797972321510315,-0.17117196321487427,0.8493839520558365
2854,57,33,0.5,-0.4,-0.24341915547847748,-0.16693559288978577,0.7790963089336057
2855,57,34,0.5,-0.4,-0.23996864259243011,-0.07899732142686844,0.8065955068503722
2856,57,35,0.5,-0.4,-0.24984268844127655,-0.09344354271888733,0.8100869823109047
2857,57,36,0.5,-0.4,-0.27177003026008606,-0.15560083091259003,0.8095430399047789
2858,57,37,0.5,-0.4,-0.25048547983169556,-0.09695316851139069,0.8093613763415548
2859,57,38,0.5,-0.4,-0.23241330683231354,-0.08550523221492767,0.7970798021460782
2860,57,39,0.5,-0.4,-0.1975775808095932,-0.15520937740802765,0.7392813606179517
2861,57,40,0.5,-0.4,-0.26981064677238464,-0.13562346994876862,0.8139431070572727
2862,57,41,0.5,-0.4,-0.2580263614654541,-0.04489795118570328,0.8370791060280184
2863,57,42,0.5,-0.4,-0.2525256872177124,-0.0815044641494751,0.8171501185701457
2864,57,43,0.5,-0.4,-0.22239311039447784,-0.11569741368293762,0.7763245239794883
2865,57,44,0.5,-0.4,-0.2673836350440979,-0.13935592770576477,0.8104399889909282
2866,57,45,0.5,-0.4,-0.2640778720378876,-0.13596391677856445,0.8084120532134978
2867,57,46,0.5,-0.4,-0.2750118672847748,-0.06718844920396805,0.8434494192158135
2868,57,47,0.5,-0.4,-0.23387998342514038,-0.135713130235672,0.7800175508294099
2869,57,48,0.5,-0.4,-0.2367027997970581,-0.08002600818872452,0.803190121119817
2870,58,0,0.6,-0.4,-0.32980677485466003,-0.1642056405544281,0.9592390830819875
2871,58,1,0.6,-0.4,-0.2383221983909607,-0.2397427260875702,0.8535024910080209
2872,58,2,0.6,-0.4,-0.25025674700737,-0.16247926652431488,0.8828095121046114
2873,58,3,0.6,-0.4,-0.24424710869789124,-0.23743805289268494,0.8597555275728505
2874,58,4,0.6,-0.4,-0.20203222334384918,-0.18220138549804688,0.8310787710926374
2875,58,5,0.6,-0.4,-0.31741708517074585,0.049363356083631516,1.0215583849951662
2876,58,6,0.6,-0.4,-0.26249057054519653,-0.1846110224723816,0.8889782876537377
2877,58,7,0.6,-0.4,-0.23475973308086395,-0.24713119864463806,0.848641669022362
2878,58,8,0.6,-0.4,-0.22450512647628784,-0.19999071955680847,0.8484175952024349
2879,58,9,0.6,-0.4,-0.2516632676124573,-0.19792062044143677,0.8753093150670235
2880,58,10,0.6,-0.4,-0.24603110551834106,-0.22118806838989258,0.8647209598423784
2881,58,11,0.6,-0.4,-0.20535637438297272,-0.1954905092716217,0.8309169763323334
2882,58,12,0.6,-0.4,-0.19689379632472992,-0.1657714992761612,0.8306038244386895
2883,58,13,0.6,-0.4,-0.25482848286628723,-0.2452993094921112,0.868714014370147
2884,58,14,0.6,-0.4,-0.28997644782066345,-0.2206992506980896,0.9078583790304039
2885,58,15,0.6,-0.4,-0.26699405908584595,-0.16279280185699463,0.898858138607537
2886,58,16,0.6,-0.4,-0.2843596339225769,-0.18250930309295654,0.9107108022598533
2887,58,17,0.6,-0.4,-0.211613267660141,-0.20200906693935394,0.8354139727202298
2888,58,18,0.6,-0.4,-0.2921440601348877,-0.15346603095531464,0.9255809105242436
2889,58,19,0.6,-0.4,-0.4618591368198395,-0.14736120402812958,1.0914995133658518
2890,58,20,0.6,-0.4,-0.15841913223266602,-0.16989992558956146,0.792556385615711
2891,58,21,0.6,-0.4,-0.297262042760849,-0.19370156526565552,0.9206726983859206
2892,58,22,0.6,-0.4,-0.33289340138435364,-0.21722540259361267,0.9506296081037744
2893,58,23,0.6,-0.4,-0.28956761956214905,-0.21773779392242432,0.9080473894779572
2894,58,24,0.6,-0.4,-0.30471399426460266,-0.1981782168149948,0.9269516943110826
2895,58,25,0.6,-0.4,-0.27686819434165955,-0.23588857054710388,0.8920932639164334
2896,58,26,0.6,-0.4,-0.2690596878528595,-0.22379672527313232,0.8867425415955759
2897,58,27,0.6,-0.4,-0.31230178475379944,-0.2221231460571289,0.9294808882562251
2898,58,28,0.6,-0.4,-0.2847219407558441,-0.1874309927225113,0.9099002666829614
2899,58,29,0.6,-0.4,-0.2855153977870941,-0.18956272304058075,0.9101765582853312
2900,58,30,0.6,-0.4,-0.2719723582267761,-0.2276974320411682,0.8888329249283989
2901,58,31,0.6,-0.4,-0.25251027941703796,-0.2251698076725006,0.8702524763888848
2902,58,32,0.6,-0.4,-0.2365400791168213,-0.1740594506263733,0.8665151099779125
2903,58,33,0.6,-0.4,-0.2225751429796219,-0.2202942967414856,0.8419762500400962
2904,58,34,0.6,-0.4,-0.2566591501235962,-0.23491764068603516,0.8724202455509311
2905,58,35,0.6,-0.4,-0.25426313281059265,-0.25623565912246704,0.866275756204293
2906,58,36,0.6,-0.4,-0.2591727375984192,-0.2391006052494049,0.8741089224252718
2907,58,37,0.6,-0.4,-0.42631834745407104,-0.1761225014925003,1.0504525142331904
2908,58,38,0.6,-0.4,-0.4726167917251587,-0.16289471089839935,1.0985106735989079
2909,58,39,0.6,-0.4,-0.14290545880794525,-0.23755493760108948,0.7604583611378269
2910,58,40,0.6,-0.4,-0.16290833055973053,-0.2563351094722748,0.7763174103469395
2911,58,41,0.6,-0.4,-0.24538415670394897,-0.1938997060060501,0.8701446452116105
2912,58,42,0.6,-0.4,-0.25755298137664795,-0.18190042674541473,0.8848528350645715
2913,58,43,0.6,-0.4,-0.3111157715320587,-0.1753685623407364,0.9383982267243083
2914,58,44,0.6,-0.4,-0.3219321668148041,-0.17727209627628326,0.9484548694086614
2915,58,45,0.6,-0.4,-0.23399488627910614,-0.2618185877799988,0.8453647573815773
2916,58,46,0.6,-0.4,-0.3727916181087494,-0.2003794014453888,0.9930618891237042
2917,58,47,0.6,-0.4,-0.27356407046318054,-0.1709282100200653,0.9030991474743025
2918,58,48,0.6,-0.4,-0.3542100191116333,-0.21020542085170746,0.9729022267664419
2919,58,49,0.6,-0.4,-0.2423143982887268,-0.2075788974761963,0.8640135567576332
2920,59,0,0.8,-0.4,0.05364590138196945,-0.16887089610099792,0.7813226626644646
2921,59,1,0.8,-0.4,-0.07525065541267395,0.060980334877967834,0.9892252417647452
2922,59,2,0.8,-0.4,-0.1698375642299652,0.36022868752479553,1.2322875307034415
2923,59,3,0.8,-0.4,0.028058193624019623,-0.056916527450084686,0.8447487328004228
2924,59,4,0.8,-0.4,-0.023836474865674973,0.052830252796411514,0.9400860466823046
2925,59,5,0.8,-0.4,-0.10045123845338821,0.023456230759620667,0.9950515625842642
2926,59,6,0.8,-0.4,0.08544731140136719,0.11608568578958511,0.8814363163952579
2927,59,7,0.8,-0.4,0.11762551963329315,0.31790921092033386,0.9904688619941515
2928,59,8,0.8,-0.4,-0.0855175107717514,0.22973403334617615,1.086603062133474
2929,59,9,0.8,-0.4,-0.09793644398450851,-0.1987391710281372,0.9202150719880575
2930,59,10,0.8,-0.4,0.05204261094331741,0.24854512512683868,0.9899752699791428
2931,59,11,0.8,-0.4,0.04491399973630905,-0.02186856046319008,0.8444751348384385
2932,59,12,0.8,-0.4,-0.04382731020450592,0.004782006144523621,0.935891554585977
2933,59,13,0.8,-0.4,-0.03263670578598976,0.1575426459312439,1.0020667072875724
2934,59,14,0.8,-0.4,-0.030801819637417793,-0.0774024948477745,0.8912355546337257
2935,59,15,0.8,-0.4,0.1423046588897705,0.35161858797073364,0.9987460455497287
2936,59,16,0.8,-0.4,-0.16160786151885986,0.26483792066574097,1.1690590832331875
2937,59,17,0.8,-0.4,-0.038298241794109344,0.09468864649534225,0.9733759803726866
2938,59,18,0.8,-0.4,-0.0071963160298764706,0.004748526960611343,0.902987963756433
2939,59,19,0.8,-0.4,-0.08796501904726028,0.029622524976730347,0.9864367131341892
2940,59,20,0.8,-0.4,0.03811781853437424,0.14248396456241608,0.9352824761761429
2941,59,21,0.8,-0.4,0.01266226451843977,-0.010771166533231735,0.8782936835222787
2942,59,22,0.8,-0.4,-0.005410335026681423,-0.013005506247282028,0.8935606000505583
2943,59,23,0.8,-0.4,-0.09652772545814514,0.1820131093263626,1.0688784879222222
2944,59,24,0.8,-0.4,0.004128783941268921,0.02095681056380272,0.9003419511001655
2945,59,25,0.8,-0.4,-0.222284734249115,0.15577851235866547,1.163596077974825
2946,59,26,0.8,-0.4,-0.10955438017845154,0.2464519590139389,1.1158805069606543
2947,59,27,0.8,-0.4,0.0025344197638332844,-0.004119083285331726,0.8903218810521576
2948,59,28,0.8,-0.4,-0.13610151410102844,-0.08024214208126068,0.9892073252877875
2949,59,29,0.8,-0.4,-0.00239385012537241,0.2081272304058075,1.0068041612349727
2950,59,30,0.8,-0.4,-0.04162153601646423,0.03158612921833992,0.9458294755506313
2951,59,31,0.8,-0.4,0.007646695710718632,-0.031992994248867035,0.8736434713886764
2952,59,32,0.8,-0.4,-0.09511841088533401,0.2122703641653061,1.0844869608902645
2953,59,33,0.8,-0.4,0.012424251064658165,0.07162478566169739,0.917989923017408
2954,59,34,0.8,-0.4,-0.1099676787853241,0.15943825244903564,1.0681817891806533
2955,59,35,0.8,-0.4,-0.023953961208462715,0.002669263631105423,0.9170837835576059
2956,59,36,0.8,-0.4,-0.10422428697347641,0.10659577697515488,1.0364655529257847
2957,59,37,0.8,-0.4,0.015007855370640755,-0.20850352942943573,0.8080121071931929
2958,59,38,0.8,-0.4,0.04725724458694458,0.23299375176429749,0.983515503487098
2959,59,39,0.8,-0.4,0.05912608653306961,0.148482084274292,0.9218062445143644
2960,59,40,0.8,-0.4,-0.007380250375717878,0.015711212530732155,0.9081182086713868
2961,59,41,0.8,-0.4,0.00017044506967067719,-0.07536064088344574,0.8632021955646637
2962,59,42,0.8,-0.4,-0.10645464062690735,0.14577221870422363,1.0580771853808146
2963,59,43,0.8,-0.4,-0.12797100841999054,0.22824591398239136,1.1206351417404259
2964,59,44,0.8,-0.4,-0.0525253526866436,0.020988574251532555,0.9508053726309209
2965,59,45,0.8,-0.4,-0.07652697712182999,-0.03696215897798538,0.9487339013845024
2966,59,46,0.8,-0.4,-0.006357980892062187,0.23429237306118011,1.025933724892552
2967,59,47,0.8,-0.4,-0.025067375972867012,0.0285017192363739,0.9297041993469108
2968,59,48,0.8,-0.4,-0.03733324259519577,0.11927668005228043,0.9852792647778108
2969,60,0,1.0,-0.4,0.3699837028980255,0.39662498235702515,1.015643587647465
2970,60,1,1.0,-0.4,0.29905369877815247,0.4058057963848114,1.0680115629916884
2971,60,2,1.0,-0.4,-0.03417029231786728,0.30511876940727234,1.251679141187249
2972,60,3,1.0,-0.4,0.32277703285217285,0.358903169631958,1.0171356684877093
2973,60,4,1.0,-0.4,0.19146212935447693,0.3683464527130127,1.1153877171928452
2974,60,5,1.0,-0.4,0.21287643909454346,0.37114790081977844,1.101922222786725
2975,60,6,1.0,-0.4,0.09391812235116959,0.20901194214820862,1.0917325289111628
2976,60,7,1.0,-0.4,0.26670920848846436,0.35889333486557007,1.0552888128938924
2977,60,8,1.0,-0.4,0.31823042035102844,0.3771277666091919,1.0337975262930967
2978,60,9,1.0,-0.4,0.13911624252796173,0.295096755027771,1.1064720252809432
2979,60,10,1.0,-0.4,0.1422429084777832,0.24663002789020538,1.074186958134356
2980,60,11,1.0,-0.4,0.3365215063095093,0.3893279433250427,1.031136418571056
2981,60,12,1.0,-0.4,0.3551414906978607,0.44483354687690735,1.062819937217962
2982,60,13,1.0,-0.4,0.08627871423959732,0.30511242151260376,1.1541534191878526
2983,60,14,1.0,-0.4,0.1349235624074936,0.20497818291187286,1.055630543645405
2984,60,15,1.0,-0.4,-0.12607112526893616,0.28934407234191895,1.3203148977563606
2985,60,16,1.0,-0.4,0.2437206506729126,0.35174742341041565,1.0663407723719476
2986,60,17,1.0,-0.4,0.18631748855113983,0.27574440836906433,1.0576907557881847
2987,60,18,1.0,-0.4,0.20774388313293457,0.31701627373695374,1.0685420401261279
2988,60,19,1.0,-0.4,0.3606000244617462,0.43490561842918396,1.051617668358105
2989,60,20,1.0,-0.4,-0.029007431119680405,0.14392365515232086,1.1639197721208214
2990,60,21,1.0,-0.4,0.36008772253990173,0.4483325183391571,1.062617421519065
2991,60,22,1.0,-0.4,0.2800956666469574,0.36639758944511414,1.0514882378266388
2992,60,23,1.0,-0.4,0.41135066747665405,0.43910321593284607,1.024988899290634
2993,60,24,1.0,-0.4,0.22335727512836456,0.33132246136665344,1.0667738582264843
2994,60,25,1.0,-0.4,0.2556399405002594,0.39244887232780457,1.08721990113871
2995,60,26,1.0,-0.4,0.12068727612495422,0.24596679210662842,1.0910838477738916
2996,60,27,1.0,-0.4,0.3144761621952057,0.4132579267024994,1.0636406289452571
2997,60,28,1.0,-0.4,0.1595812737941742,0.3464665710926056,1.124062265675783
2998,60,29,1.0,-0.4,-0.00845292303711176,0.2687833309173584,1.2100613379887037
2999,60,30,1.0,-0.4,0.25244536995887756,0.339677631855011,1.0516467676756092
3000,60,31,1.0,-0.4,0.3308551013469696,0.42008599638938904,1.0584403322187563
3001,60,32,1.0,-0.4,0.2352965921163559,0.33168819546699524,1.0583661547000673
3002,60,33,1.0,-0.4,0.22595317661762238,0.3677407205104828,1.0902175465100097
3003,60,34,1.0,-0.4,0.2363351285457611,0.3454996943473816,1.0672177988420446
3004,60,35,1.0,-0.4,0.04334916174411774,0.1715991497039795,1.1144085490869111
3005,60,36,1.0,-0.4,0.16497644782066345,0.2666832208633423,1.0685180623999377
3006,60,37,1.0,-0.4,0.22961491346359253,0.3516630530357361,1.0763319779959675
3007,60,38,1.0,-0.4,0.17319536209106445,0.367090106010437,1.1278444662305303
3008,60,39,1.0,-0.4,0.0706993043422699,0.20604215562343597,1.109453413777542
3009,60,40,1.0,-0.4,-0.08498165011405945,0.369800329208374,1.3303299319843738
3010,60,41,1.0,-0.4,0.30617815256118774,0.41875508427619934,1.0731955292543538
3011,60,42,1.0,-0.4,-0.07440171390771866,0.40078821778297424,1.3400003032043968
3012,60,43,1.0,-0.4,0.07952669262886047,0.25008922815322876,1.1268926808457072
3013,60,44,1.0,-0.4,0.012337122112512589,0.1339867115020752,1.1227732488876792
3014,60,45,1.0,-0.4,0.033973176032304764,0.24033161997795105,1.1589790369841466
3015,60,46,1.0,-0.4,0.2871759831905365,0.29915446043014526,0.9984663431882649
3016,60,47,1.0,-0.4,0.08477681130170822,0.23393647372722626,1.1133323573186846
3017,60,48,1.0,-0.4,0.14306600391864777,0.2872775197029114,1.09849272311151
3018,61,0,-0.5,-0.3,-0.0635664165019989,0.08649994432926178,0.582972108913822
3019,61,1,-0.5,-0.3,-0.08596913516521454,0.03753356635570526,0.5341820527242015
3020,61,2,-0.5,-0.3,-0.0884864404797554,0.033790506422519684,0.5298674474307928
3021,61,3,-0.5,-0.3,-0.06530120223760605,0.003463059663772583,0.5301442005309207
3022,61,4,-0.5,-0.3,-0.060059234499931335,0.01790301501750946,0.5427800697391248
3023,61,5,-0.5,-0.3,-0.07850682735443115,0.00965551845729351,0.523013417321088
3024,61,6,-0.5,-0.3,-0.06427936255931854,-0.012711774557828903,0.521907078290212
3025,61,7,-0.5,-0.3,-0.05874986946582794,0.10148502886295319,0.5965667658338923
3026,61,8,-0.5,-0.3,-0.07179190963506699,0.036264631897211075,0.5444594303701145
3027,61,9,-0.5,-0.3,-0.06698636710643768,0.04419448971748352,0.5531461407472348
3028,61,10,-0.5,-0.3,-0.054822295904159546,0.07156908512115479,0.5798678929220135
3029,61,11,-0.5,-0.3,-0.05415960028767586,-0.0147799551486969,0.529267546710191
3030,61,12,-0.5,-0.3,-0.05387039855122566,0.06714386492967606,0.5777769801959424
3031,61,13,-0.5,-0.3,-0.06008598953485489,0.054215215146541595,0.5647944362729138
3032,61,14,-0.5,-0.3,-0.05893665552139282,0.036654941737651825,0.5548634279163083
3033,61,15,-0.5,-0.3,-0.0637432187795639,-0.008261457085609436,0.5248155452943702
3034,61,16,-0.5,-0.3,-0.0548635870218277,0.0723060667514801,0.5803087398092773
3035,61,17,-0.5,-0.3,-0.061648979783058167,0.024714479222893715,0.5455191196853038
3036,61,18,-0.5,-0.3,-0.056977778673172,0.04537976533174515,0.56174359888651
3037,61,19,-0.5,-0.3,-0.07372189313173294,0.036392394453287125,0.5430219769412741
3038,61,20,-0.5,-0.3,-0.05717146769165993,0.09377530217170715,0.5925842536102169
3039,61,21,-0.5,-0.3,-0.05974090099334717,0.07546442747116089,0.578620437380496
3040,61,22,-0.5,-0.3,-0.0743456706404686,0.03877653181552887,0.5440139213397672
3041,61,23,-0.5,-0.3,-0.060105469077825546,0.093716561794281,0.5903557650826744
3042,61,24,-0.5,-0.3,-0.06983523815870285,0.02885119989514351,0.5414654504236217
3043,61,25,-0.5,-0.3,-0.07358801364898682,0.020203229039907455,0.5332516197738175
3044,61,26,-0.5,-0.3,-0.06486143171787262,0.026886682957410812,0.5442430312842953
3045,61,27,-0.5,-0.3,-0.06428531557321548,0.1058209091424942,0.595430849488312
3046,61,28,-0.5,-0.3,-0.06135918200016022,0.03479049727320671,0.5518065279425476
3047,61,29,-0.5,-0.3,-0.08684204518795013,0.019373184069991112,0.5222056360548786
3048,61,30,-0.5,-0.3,-0.05815531685948372,0.07617013156414032,0.5802850091985194
3049,61,31,-0.5,-0.3,-0.06447906792163849,0.037144239991903305,0.5507673926787268
3050,61,32,-0.5,-0.3,-0.04958139732480049,0.06668058782815933,0.5808025233466911
3051,61,33,-0.5,-0.3,-0.06151822954416275,0.06224502623081207,0.5687598105097152
3052,61,34,-0.5,-0.3,-0.06167871877551079,0.0611238107085228,0.5679224878756983
3053,61,35,-0.5,-0.3,-0.06511685997247696,0.0662616491317749,0.5685692052027841
3054,61,36,-0.5,-0.3,-0.12078724801540375,-0.038889288902282715,0.46041406876602553
3055,61,37,-0.5,-0.3,-0.06622733175754547,-0.002814672887325287,0.5258116072941391
3056,61,38,-0.5,-0.3,-0.0693351998925209,-0.03198942542076111,0.5072492859905361
3057,61,39,-0.5,-0.3,-0.06962504237890244,-0.021467141807079315,0.5126433041018669
3058,61,40,-0.5,-0.3,-0.08631116151809692,0.04431935399770737,0.5382325451158677
3059,61,41,-0.5,-0.3,-0.059058669954538345,0.08974181115627289,0.5884963346577722
3060,61,42,-0.5,-0.3,-0.0738239660859108,0.024542218074202538,0.5356805607778446
3061,61,43,-0.5,-0.3,-0.08960603922605515,-0.05614873766899109,0.47737473873274094
3062,61,44,-0.5,-0.3,-0.06323449313640594,0.028809253126382828,0.5466988503073168
3063,61,45,-0.5,-0.3,-0.07797470688819885,0.0067781731486320496,0.5217453359125634
3064,61,46,-0.5,-0.3,-0.07698849588632584,0.011026516556739807,0.5250487849847221
3065,61,47,-0.5,-0.3,-0.05595580115914345,0.03225616738200188,0.5545894078393446
3066,61,48,-0.5,-0.3,-0.0574486218392849,0.053083501756191254,0.5661445765211944
3067,61,49,-0.5,-0.3,-0.061204977333545685,0.07996061444282532,0.5804404710602316
3068,62,0,-0.4,-0.3,0.23046644032001495,-0.09968690574169159,0.6615234448612755
3069,62,1,-0.4,-0.3,0.23503807187080383,-0.09599745273590088,0.6670010434891607
3070,62,2,-0.4,-0.3,0.23027531802654266,-0.1039358377456665,0.6600667634671156
3071,62,3,-0.4,-0.3,0.2529023289680481,-0.12532415986061096,0.6758647056181456
3072,62,4,-0.4,-0.3,0.22910496592521667,-0.11279356479644775,0.6563682712726064
3073,62,5,-0.4,-0.3,0.22337065637111664,-0.08788824081420898,0.6584697211029888
3074,62,6,-0.4,-0.3,0.21252694725990295,-0.11735671758651733,0.6391774634092688
3075,62,7,-0.4,-0.3,0.22750604152679443,-0.10829955339431763,0.6561348134198072
3076,62,8,-0.4,-0.3,0.2098611295223236,-0.11096718907356262,0.6384857092441417
3077,62,9,-0.4,-0.3,0.14121952652931213,-0.05229761451482773,0.5952100870042927
3078,62,10,-0.4,-0.3,0.22320625185966492,-0.09809672832489014,0.6550961482638142
3079,62,11,-0.4,-0.3,0.20363004505634308,-0.1105305403470993,0.6326672960062698
3080,62,12,-0.4,-0.3,0.20327600836753845,-0.1061888337135315,0.6336439934609903
3081,62,13,-0.4,-0.3,0.10687597841024399,0.02548198401927948,0.6023800954633782
3082,62,14,-0.4,-0.3,0.2151709645986557,-0.11784335970878601,0.6415733452127069
3083,62,15,-0.4,-0.3,0.23435890674591064,-0.12333191931247711,0.6585004429016582
3084,62,16,-0.4,-0.3,0.21261566877365112,-0.12948869168758392,0.6359025584862823
3085,62,17,-0.4,-0.3,0.2067786008119583,-0.12429559230804443,0.6317058724483245
3086,62,18,-0.4,-0.3,0.20026728510856628,-0.1126050353050232,0.6288383626693274
3087,62,19,-0.4,-0.3,0.2149856686592102,-0.10832169651985168,0.6441645323061832
3088,62,20,-0.4,-0.3,0.23292730748653412,-0.1063539981842041,0.6618880196690351
3089,62,21,-0.4,-0.3,0.23263348639011383,-0.09648595750331879,0.664562332362775
3090,62,22,-0.4,-0.3,0.23308023810386658,-0.10826869308948517,0.6614767433003691
3091,62,23,-0.4,-0.3,0.21360234916210175,-0.09825743734836578,0.6459163293202135
3092,62,24,-0.4,-0.3,0.24844659864902496,-0.09895381331443787,0.6788980486643746
3093,62,25,-0.4,-0.3,0.23543518781661987,-0.12049922347068787,0.6603017542685836
3094,62,26,-0.4,-0.3,0.09929774701595306,-0.01645703613758087,0.5741906064462321
3095,62,27,-0.4,-0.3,0.22760990262031555,-0.10376103222370148,0.6575742713496241
3096,62,28,-0.4,-0.3,0.23127834498882294,-0.09907926619052887,0.662481313039367
3097,62,29,-0.4,-0.3,0.1099373996257782,0.04345543682575226,0.6148152475518714
3098,62,30,-0.4,-0.3,0.2247408628463745,-0.13330572843551636,0.646597344475251
3099,62,31,-0.4,-0.3,0.21313069760799408,-0.10585048794746399,0.6431355108991442
3100,62,32,-0.4,-0.3,0.22225995361804962,-0.10807529091835022,0.6511854911104924
3101,62,33,-0.4,-0.3,0.14984098076820374,0.04778626561164856,0.6506000235784167
3102,62,34,-0.4,-0.3,0.0733020082116127,0.015609536319971085,0.5688797503807397
3103,62,35,-0.4,-0.3,0.2541894316673279,-0.023435592651367188,0.7102476215499225
3104,62,36,-0.4,-0.3,0.22239376604557037,-0.10308617353439331,0.6528009306562876
3105,62,37,-0.4,-0.3,0.16775403916835785,0.033546168357133865,0.6584813554062945
3106,62,38,-0.4,-0.3,0.12589916586875916,0.02622951753437519,0.6188664078556598
3107,62,39,-0.4,-0.3,0.11462749540805817,0.08140255510807037,0.6405539540686137
3108,62,40,-0.4,-0.3,0.20586101710796356,-0.1247684508562088,0.6306930060389357
3109,62,41,-0.4,-0.3,0.2050689458847046,-0.11736419796943665,0.6320318547805757
3110,62,42,-0.4,-0.3,0.23443084955215454,-0.10602696239948273,0.663421466474699
3111,62,43,-0.4,-0.3,0.21496905386447906,-0.1193094253540039,0.6409649139983193
3112,62,44,-0.4,-0.3,0.2238146811723709,-0.07867339253425598,0.6619140605988683
3113,62,45,-0.4,-0.3,0.24517975747585297,-0.09940659999847412,0.675643864458764
3114,62,46,-0.4,-0.3,0.31597501039505005,0.022927088662981987,0.7854311682779984
3115,62,47,-0.4,-0.3,0.1968112289905548,-0.1199910044670105,0.6233673728404562
3116,62,48,-0.4,-0.3,0.20524272322654724,-0.02048223465681076,0.6666700346956784
3117,63,0,-0.3,-0.3,-0.17653009295463562,-0.21148990094661713,0.1519172655764662
3118,63,1,-0.3,-0.3,-0.16454274952411652,-0.212205708026886,0.16142027261018557
3119,63,2,-0.3,-0.3,-0.14680524170398712,-0.21929165720939636,0.17315447024370864
3120,63,3,-0.3,-0.3,-0.14644287526607513,-0.20973600447177887,0.1781218106950097
3121,63,4,-0.3,-0.3,-0.20404796302318573,-0.23259764909744263,0.11725984098228773
3122,63,5,-0.3,-0.3,-0.16393987834453583,-0.22108420729637146,0.15728972961684998
3123,63,6,-0.3,-0.3,-0.1600756198167801,-0.21405884623527527,0.16420936051294494
3124,63,7,-0.3,-0.3,-0.16776080429553986,-0.21405985951423645,0.1577114854006368
3125,63,8,-0.3,-0.3,-0.10362819582223892,-0.19573433697223663,0.22233581349537018
3126,63,9,-0.3,-0.3,-0.1524251103401184,-0.21616768836975098,0.1697239067762624
3127,63,10,-0.3,-0.3,-0.14964105188846588,-0.21817776560783386,0.17118028892992784
3128,63,11,-0.3,-0.3,-0.21614746749401093,-0.22026315331459045,0.11571176226728404
3129,63,12,-0.3,-0.3,-0.143660306930542,-0.20673507452011108,0.18204517558513209
3130,63,13,-0.3,-0.3,-0.1778711974620819,-0.2161462903022766,0.1481448245448212
3131,63,14,-0.3,-0.3,-0.18265675008296967,-0.21345368027687073,0.14580707719006217
3132,63,15,-0.3,-0.3,-0.17452271282672882,-0.21226820349693298,0.153105903589702
3133,63,16,-0.3,-0.3,-0.18168281018733978,-0.2403179109096527,0.1325175805821749
3134,63,17,-0.3,-0.3,-0.21546001732349396,-0.22442832589149475,0.11339350333465345
3135,63,18,-0.3,-0.3,-0.17866063117980957,-0.21514344215393066,0.14806713961971948
3136,63,19,-0.3,-0.3,-0.1985677033662796,-0.21904906630516052,0.12977505332866307
3137,63,20,-0.3,-0.3,-0.15996260941028595,-0.22334063053131104,0.15964689063841203
3138,63,21,-0.3,-0.3,-0.15418095886707306,-0.20652350783348083,0.17320810415417506
3139,63,22,-0.3,-0.3,-0.1757499724626541,-0.21305307745933533,0.15165037646614515
3140,63,23,-0.3,-0.3,-0.2168416678905487,-0.21760264039039612,0.11706678892777479
3141,63,24,-0.3,-0.3,-0.17542238533496857,-0.2165081799030304,0.1499682169619076
3142,63,25,-0.3,-0.3,-0.17902013659477234,-0.23280760645866394,0.1383869397716465
3143,63,26,-0.3,-0.3,-0.1828913390636444,-0.21174106001853943,0.14664269144064887
3144,63,27,-0.3,-0.3,-0.13978365063667297,-0.2169058620929718,0.18048244889136417
3145,63,28,-0.3,-0.3,-0.17774002254009247,-0.24041345715522766,0.136007566615571
3146,63,29,-0.3,-0.3,-0.17460520565509796,-0.21789979934692383,0.14988094407253927
3147,63,30,-0.3,-0.3,-0.1605648398399353,-0.20954476296901703,0.16620563707406016
3148,63,31,-0.3,-0.3,-0.13726162910461426,-0.21341490745544434,0.18433869808760556
3149,63,32,-0.3,-0.3,-0.16731908917427063,-0.24313625693321228,0.14435272554791195
3150,63,33,-0.3,-0.3,-0.17817357182502747,-0.21490231156349182,0.14860449245937604
3151,63,34,-0.3,-0.3,-0.19324591755867004,-0.212307870388031,0.13815333406679925
3152,63,35,-0.3,-0.3,-0.16223236918449402,-0.2070673406124115,0.1661818259659193
3153,63,36,-0.3,-0.3,-0.17562900483608246,-0.24817770719528198,0.13473564661811338
3154,63,37,-0.3,-0.3,-0.15554983913898468,-0.21380487084388733,0.16821251220706543
3155,63,38,-0.3,-0.3,-0.1862642914056778,-0.21181219816207886,0.14391976862980646
3156,63,39,-0.3,-0.3,-0.1943465769290924,-0.2362697422504425,0.12338635078251249
3157,63,40,-0.3,-0.3,-0.19357579946517944,-0.21828332543373108,0.13417796153484074
3158,63,41,-0.3,-0.3,-0.15996527671813965,-0.21034936606884003,0.16627374984911492
3159,63,42,-0.3,-0.3,-0.1743953973054886,-0.21650022268295288,0.15082681800675407
3160,63,43,-0.3,-0.3,-0.1736232042312622,-0.21882161498069763,0.15020327793731852
3161,63,44,-0.3,-0.3,-0.15072640776634216,-0.21462464332580566,0.17196382429332702
3162,63,45,-0.3,-0.3,-0.18468360602855682,-0.22923392057418823,0.13529859096042868
3163,63,46,-0.3,-0.3,-0.16442276537418365,-0.21025250852108002,0.1625908938887491
3164,63,47,-0.3,-0.3,-0.17047452926635742,-0.20736274123191833,0.15924355334152845
3165,63,48,-0.3,-0.3,-0.17983615398406982,-0.2386120855808258,0.13493637732678326
3166,64,0,-0.2,-0.3,-0.3293610215187073,-0.17849411070346832,0.17747663232691918
3167,64,1,-0.2,-0.3,-0.36896246671676636,-0.18307209014892578,0.2054761574031287
3168,64,2,-0.2,-0.3,-0.3011469542980194,-0.15831927955150604,0.17408082292593263
3169,64,3,-0.2,-0.3,-0.32059478759765625,-0.16414208710193634,0.18166032944135513
3170,64,4,-0.2,-0.3,-0.1941998153924942,-0.11808855831623077,0.1820038866534133
3171,64,5,-0.2,-0.3,-0.3274669051170349,-0.16423557698726654,0.18622510694343986
3172,64,6,-0.2,-0.3,-0.38335120677948,-0.1916968822479248,0.2129488913854953
3173,64,7,-0.2,-0.3,-0.36287322640419006,-0.197837233543396,0.19226262957053605
3174,64,8,-0.2,-0.3,-0.3411881625652313,-0.19846108555793762,0.17390873582031077
3175,64,9,-0.2,-0.3,-0.4020889103412628,-0.1896144449710846,0.23027135827531975
3176,64,10,-0.2,-0.3,-0.3678287863731384,-0.19368870556354523,0.19866704019599002
3177,64,11,-0.2,-0.3,-0.3731292188167572,-0.17927660048007965,0.2110636529574595
3178,64,12,-0.2,-0.3,-0.345394492149353,-0.1767912060022354,0.19057797686446318
3179,64,13,-0.2,-0.3,-0.4917864501476288,-0.18616415560245514,0.31320589387726516
3180,64,14,-0.2,-0.3,-0.35335975885391235,-0.19547896087169647,0.1855905796536842
3181,64,15,-0.2,-0.3,-0.38629117608070374,-0.18862144649028778,0.21704742446628475
3182,64,16,-0.2,-0.3,-0.3608954846858978,-0.1917411834001541,0.19392608995158192
3183,64,17,-0.2,-0.3,-0.4024094343185425,-0.1962246298789978,0.22746187932245557
3184,64,18,-0.2,-0.3,-0.32004407048225403,-0.16229698061943054,0.18268196518669777
3185,64,19,-0.2,-0.3,-0.43910709023475647,-0.19850686192512512,0.2597557654351826
3186,64,20,-0.2,-0.3,-0.3731570839881897,-0.19055278599262238,0.20484645076073368
3187,64,21,-0.2,-0.3,-0.3489885628223419,-0.20269137620925903,0.177951004818503
3188,64,22,-0.2,-0.3,-0.35629668831825256,-0.18605251610279083,0.19342358663244183
3189,64,23,-0.2,-0.3,-0.4539758265018463,-0.19171293079853058,0.2760974643192866
3190,64,24,-0.2,-0.3,-0.35958993434906006,-0.17804041504859924,0.20085588740949376
3191,64,25,-0.2,-0.3,-0.2658490538597107,-0.1792890578508377,0.1375035615857185
3192,64,26,-0.2,-0.3,-0.3560938835144043,-0.1938513219356537,0.18876663456611353
3193,64,27,-0.2,-0.3,-0.35583654046058655,-0.19864121079444885,0.18589951988087375
3194,64,28,-0.2,-0.3,-0.3036569654941559,-0.18681445717811584,0.15347877247144373
3195,64,29,-0.2,-0.3,-0.3960709571838379,-0.19551342725753784,0.22217395017069896
3196,64,30,-0.2,-0.3,-0.34197601675987244,-0.192988783121109,0.17778804760978906
3197,64,31,-0.2,-0.3,-0.3382313847541809,-0.19861240684986115,0.17142741838993106
3198,64,32,-0.2,-0.3,-0.3876609802246094,-0.19219020009040833,0.2164245745182543
3199,64,33,-0.2,-0.3,-0.40629851818084717,-0.19709569215774536,0.23053931373218503
3200,64,34,-0.2,-0.3,-0.36880186200141907,-0.18198727071285248,0.20596376596126728
3201,64,35,-0.2,-0.3,-0.3510167598724365,-0.20445115864276886,0.17870546395417927
3202,64,36,-0.2,-0.3,-0.35874423384666443,-0.1958942860364914,0.18983606469640155
3203,64,37,-0.2,-0.3,-0.347680926322937,-0.19547969102859497,0.18092581625373066
3204,64,38,-0.2,-0.3,-0.3734876215457916,-0.18709003925323486,0.20699423679284373
3205,64,39,-0.2,-0.3,-0.36221379041671753,-0.18281754851341248,0.20011257016430825
3206,64,40,-0.2,-0.3,-0.33555835485458374,-0.197306826710701,0.1700645624788046
3207,64,41,-0.2,-0.3,-0.34180718660354614,-0.17557045817375183,0.18865839247566749
3208,64,42,-0.2,-0.3,-0.3088866174221039,-0.1679779291152954,0.17113188672574603
3209,64,43,-0.2,-0.3,-0.3471545875072479,-0.19543145596981049,0.1805243834639021
3210,64,44,-0.2,-0.3,-0.37825706601142883,-0.1929982304573059,0.20790613331085425
3211,64,45,-0.2,-0.3,-0.3575025200843811,-0.18144850432872772,0.19713320612932403
3212,64,46,-0.2,-0.3,-0.3638094365596771,-0.18268324434757233,0.20148635850302696
3213,64,47,-0.2,-0.3,-0.31519269943237305,-0.16007865965366364,0.18123834993409185
3214,64,48,-0.2,-0.3,-0.35791605710983276,-0.19881869852542877,0.18755035820068175
3215,64,49,-0.2,-0.3,-0.3534756898880005,-0.17807133495807648,0.19601374121602616
3216,65,0,-0.1,-0.3,0.3939765989780426,0.21673418581485748,0.7148615943856947
3217,65,1,-0.1,-0.3,0.38023900985717773,0.20804373919963837,0.6990979527423554
3218,65,2,-0.1,-0.3,0.268345445394516,0.20017343759536743,0.6211697310871251
3219,65,3,-0.1,-0.3,0.38568830490112305,0.20225486159324646,0.698679522751152
3220,65,4,-0.1,-0.3,0.38192325830459595,0.20675760507583618,0.6993234567759867
3221,65,5,-0.1,-0.3,0.3738235831260681,0.19610324501991272,0.6860227530087566
3222,65,6,-0.1,-0.3,0.253716379404068,0.17233872413635254,0.5901009637150916
3223,65,7,-0.1,-0.3,0.38707679510116577,0.2125474214553833,0.7070704799145453
3224,65,8,-0.1,-0.3,0.38102424144744873,0.21001380681991577,0.7010694715982403
3225,65,9,-0.1,-0.3,0.3901565968990326,0.2292187511920929,0.7213362434378014
3226,65,10,-0.1,-0.3,0.38764962553977966,0.2142324000597,0.7086868974097423
3227,65,11,-0.1,-0.3,0.3735805153846741,0.1955118477344513,0.6854272359610636
3228,65,12,-0.1,-0.3,0.3025745451450348,0.19432181119918823,0.6375110331798012
3229,65,13,-0.1,-0.3,0.37536898255348206,0.20063883066177368,0.6903730211561868
3230,65,14,-0.1,-0.3,0.3947238326072693,0.213851198554039,0.7132984822674501
3231,65,15,-0.1,-0.3,0.3853180706501007,0.20450766384601593,0.7000440076015941
3232,65,16,-0.1,-0.3,0.3864400088787079,0.22976656258106232,0.7192193636623475
3233,65,17,-0.1,-0.3,0.4042011797428131,0.21714076399803162,0.7222557714843907
3234,65,18,-0.1,-0.3,0.3765854239463806,0.20642215013504028,0.6954114325099556
3235,65,19,-0.1,-0.3,0.39232873916625977,0.20965230464935303,0.7086134764760236
3236,65,20,-0.1,-0.3,0.25490930676460266,0.16753540933132172,0.5869837945009533
3237,65,21,-0.1,-0.3,0.3855264484882355,0.21565791964530945,0.7082647967212035
3238,65,22,-0.1,-0.3,0.34292539954185486,0.18329472839832306,0.6555583147645376
3239,65,23,-0.1,-0.3,0.39489391446113586,0.2132997363805771,0.713019358740726
3240,65,24,-0.1,-0.3,0.37188610434532166,0.19622673094272614,0.6847754843569596
3241,65,25,-0.1,-0.3,0.36778801679611206,0.18881762027740479,0.6765857628946271
3242,65,26,-0.1,-0.3,0.38055220246315,0.2025156170129776,0.6953073885945107
3243,65,27,-0.1,-0.3,0.3840874135494232,0.20856565237045288,0.7021250933615425
3244,65,28,-0.1,-0.3,0.2634921073913574,0.15647989511489868,0.583524126990409
3245,65,29,-0.1,-0.3,0.398389995098114,0.21605521440505981,0.7174298373559259
3246,65,30,-0.1,-0.3,0.37941575050354004,0.20509833097457886,0.6963934130821298
3247,65,31,-0.1,-0.3,0.26582759618759155,0.17947068810462952,0.603093666758256
3248,65,32,-0.1,-0.3,0.36084413528442383,0.21552659571170807,0.6914802874356949
3249,65,33,-0.1,-0.3,0.29800945520401,0.1831001341342926,0.6259371102853419
3250,65,34,-0.1,-0.3,0.3829531669616699,0.21108299493789673,0.7031710952485155
3251,65,35,-0.1,-0.3,0.38932549953460693,0.23113471269607544,0.7221797058388828
3252,65,36,-0.1,-0.3,0.3833337426185608,0.20380228757858276,0.6981606202895421
3253,65,37,-0.1,-0.3,0.3955799341201782,0.2123769074678421,0.7128320744809887
3254,65,38,-0.1,-0.3,0.30488520860671997,0.19530470669269562,0.6397333699444202
3255,65,39,-0.1,-0.3,0.3674774467945099,0.20376740396022797,0.6872530542342765
3256,65,40,-0.1,-0.3,0.3649744689464569,0.19672055542469025,0.6803914806590778
3257,65,41,-0.1,-0.3,0.35681813955307007,0.1898641586303711,0.669813187788483
3258,65,42,-0.1,-0.3,0.37315109372138977,0.2021779716014862,0.6899671533134969
3259,65,43,-0.1,-0.3,0.38430842757225037,0.2032930552959442,0.6984687197911099
3260,65,44,-0.1,-0.3,0.35976824164390564,0.1903819590806961,0.6722062940914421
3261,65,45,-0.1,-0.3,0.32017067074775696,0.19899336993694305,0.6523325653358468
3262,65,46,-0.1,-0.3,0.32283034920692444,0.21322733163833618,0.6649720280967135
3263,65,47,-0.1,-0.3,0.37061724066734314,0.1986280083656311,0.6856460296246306
3264,65,48,-0.1,-0.3,0.369777113199234,0.20435257256031036,0.6892474544994773
3265,65,49,-0.1,-0.3,0.3382858633995056,0.212529718875885,0.6743746813062037
3266,66,0,0.0,-0.3,-0.08654806017875671,-0.1286681443452835,0.19195096114058482
3267,66,1,0.0,-0.3,-0.218666672706604,-0.1455930918455124,0.2676875175244551
3268,66,2,0.0,-0.3,-0.03719516471028328,-0.10629460215568542,0.19724416704138373
3269,66,3,0.0,-0.3,-0.031632572412490845,-0.12713377177715302,0.1757365997663119
3270,66,4,0.0,-0.3,-0.07390745729207993,-0.12634366750717163,0.18872952619619532
3271,66,5,0.0,-0.3,-0.06770496815443039,-0.08578985929489136,0.22465517375234179
3272,66,6,0.0,-0.3,-0.08046606183052063,-0.11498668789863586,0.2017540898252869
3273,66,7,0.0,-0.3,-0.030888011679053307,-0.12517978250980377,0.17752796317426964
3274,66,8,0.0,-0.3,-0.06210021674633026,-0.11718113720417023,0.1930781539012159
3275,66,9,0.0,-0.3,-0.14231227338314056,-0.15150213241577148,0.2056803340928364
3276,66,10,0.0,-0.3,-0.20830470323562622,-0.13226275146007538,0.2674446371453852
3277,66,11,0.0,-0.3,-0.054971206933259964,-0.08669862151145935,0.2202709959500137
3278,66,12,0.0,-0.3,-0.05168771371245384,-0.10437475144863129,0.20233847291013485
3279,66,13,0.0,-0.3,-0.04723934829235077,-0.12317582964897156,0.18302552621810855
3280,66,14,0.0,-0.3,-0.019150540232658386,-0.08084414899349213,0.21999097759133066
3281,66,15,0.0,-0.3,-0.21803168952465057,-0.1203693300485611,0.2824977791491048
3282,66,16,0.0,-0.3,-0.14427067339420319,-0.10595947504043579,0.24179692414958487
3283,66,17,0.0,-0.3,-0.12140294909477234,-0.12678039073944092,0.2115270882919931
3284,66,18,0.0,-0.3,-0.061222344636917114,-0.10820150375366211,0.2013326566784384
3285,66,19,0.0,-0.3,-0.04119500517845154,-0.1340009719133377,0.17103422399440746
3286,66,20,0.0,-0.3,-0.10171439498662949,-0.09143929183483124,0.2320417788628866
3287,66,21,0.0,-0.3,-0.04923173040151596,-0.0914011001586914,0.21432980262514087
3288,66,22,0.0,-0.3,-0.12053661048412323,-0.13964217901229858,0.2006083378599328
3289,66,23,0.0,-0.3,-0.025565767660737038,-0.07266958802938461,0.22876346885552443
3290,66,24,0.0,-0.3,-0.08095474541187286,-0.10513773560523987,0.2110094142206801
3291,66,25,0.0,-0.3,-0.0028770864009857178,-0.08670856058597565,0.2133108430283495
3292,66,26,0.0,-0.3,0.010075701400637627,-0.12854190170764923,0.1717538914515308
3293,66,27,0.0,-0.3,-0.13195942342281342,-0.09205320477485657,0.24628268123132224
3294,66,28,0.0,-0.3,-0.22890280187129974,-0.13641801476478577,0.2813459766871127
3295,66,29,0.0,-0.3,-0.02413160353899002,-0.09826627373695374,0.20317192375261073
3296,66,30,0.0,-0.3,-0.05754205584526062,-0.09174536168575287,0.2160580537038529
3297,66,31,0.0,-0.3,-0.12071415781974792,-0.08737821877002716,0.24449934509429147
3298,66,32,0.0,-0.3,-0.061593931168317795,-0.10634839534759521,0.2032111127404669
3299,66,33,0.0,-0.3,-0.05660168081521988,-0.09767453372478485,0.21009365667385402
3300,66,34,0.0,-0.3,-0.05117915943264961,-0.1037820428609848,0.20278262515324377
3301,66,35,0.0,-0.3,-0.02822546474635601,-0.12056572735309601,0.18164067567720416
3302,66,36,0.0,-0.3,-0.03680506721138954,-0.11294591426849365,0.19064061466876522
3303,66,37,0.0,-0.3,-0.05598638951778412,-0.06798291951417923,0.2386763529309112
3304,66,38,0.0,-0.3,-0.07583945244550705,-0.1290963590145111,0.1869750706627255
3305,66,39,0.0,-0.3,-0.03757549449801445,-0.11154420673847198,0.19216530332139073
3306,66,40,0.0,-0.3,-0.027314018458127975,-0.08875718712806702,0.21300136524064217
3307,66,41,0.0,-0.3,-0.10299843549728394,-0.10979098081588745,0.21630568345253956
3308,66,42,0.0,-0.3,-0.08879468590021133,-0.13868048787117004,0.1841425568346462
3309,66,43,0.0,-0.3,-0.08883000165224075,-0.10508523881435394,0.21420208524100443
3310,66,44,0.0,-0.3,-0.09132222831249237,-0.08959156274795532,0.2293718811249683
3311,66,45,0.0,-0.3,-0.07421404868364334,-0.0966041088104248,0.21651238665448147
3312,66,46,0.0,-0.3,-0.08515459299087524,-0.088372141122818,0.22811763491756196
3313,66,47,0.0,-0.3,-0.14410288631916046,-0.07679463922977448,0.26568077635026477
3314,66,48,0.0,-0.3,-0.09212194383144379,-0.10089468955993652,0.21938408597871845
3315,66,49,0.0,-0.3,-0.2169586569070816,-0.09960050880908966,0.2953489713483026
3316,67,0,0.1,-0.3,-0.19102300703525543,-0.07620178163051605,0.36712400244222326
3317,67,1,0.1,-0.3,-0.17823024094104767,-0.09092459082603455,0.34802958738500167
3318,67,2,0.1,-0.3,-0.18333357572555542,-0.08556364476680756,0.3553320497494209
3319,67,3,0.1,-0.3,-0.1739363670349121,-0.09209540486335754,0.34389744672389944
3320,67,4,0.1,-0.3,-0.17164194583892822,-0.09566010534763336,0.33991784196434804
3321,67,5,0.1,-0.3,-0.1894954890012741,-0.07676327973604202,0.365571157815131
3322,67,6,0.1,-0.3,-0.12002413719892502,-0.15040498971939087,0.26606256416675184
3323,67,7,0.1,-0.3,-0.2025999128818512,-0.06411390006542206,0.38367819773665746
3324,67,8,0.1,-0.3,-0.1957954466342926,-0.07274669408798218,0.373013419728462
3325,67,9,0.1,-0.3,-0.07223253697156906,-0.19447919726371765,0.20198684759600638
3326,67,10,0.1,-0.3,-0.1807941198348999,-0.0874413251876831,0.35217400240765134
3327,67,11,0.1,-0.3,-0.18727535009384155,-0.07751663774251938,0.3633537852464627
3328,67,12,0.1,-0.3,-0.145464226603508,-0.12307341396808624,0.3025817300944763
3329,67,13,0.1,-0.3,-0.1815984845161438,-0.07967886328697205,0.357545954758699
3330,67,14,0.1,-0.3,-0.20148351788520813,-0.04246754199266434,0.39650381900271864
3331,67,15,0.1,-0.3,-0.1862179934978485,-0.07862590253353119,0.36183868067279384
3332,67,16,0.1,-0.3,-0.18521074950695038,-0.08692234754562378,0.35601581089859524
3333,67,17,0.1,-0.3,-0.052227478474378586,-0.20845502614974976,0.17763357633035032
3334,67,18,0.1,-0.3,-0.17198790609836578,-0.0876564085483551,0.34506118572559924
3335,67,19,0.1,-0.3,-0.19430619478225708,-0.06687138229608536,0.3754531777462402
3336,67,20,0.1,-0.3,-0.19206039607524872,-0.08443298190832138,0.36299919317344115
3337,67,21,0.1,-0.3,-0.18567602336406708,-0.08271081000566483,0.35892252982154976
3338,67,22,0.1,-0.3,-0.19572386145591736,-0.08032646775245667,0.36838711025836807
3339,67,23,0.1,-0.3,-0.19028723239898682,-0.07862697541713715,0.3650653274508936
3340,67,24,0.1,-0.3,-0.1928865760564804,-0.08017073571681976,0.36620684301276074
3341,67,25,0.1,-0.3,-0.1211826279759407,-0.14316602051258087,0.27114323159578146
3342,67,26,0.1,-0.3,-0.18651695549488068,-0.08361367881298065,0.35904735869089377
3343,67,27,0.1,-0.3,-0.1524057686328888,-0.10159970819950104,0.3210472672764596
3344,67,28,0.1,-0.3,-0.09075755625963211,-0.19124256074428558,0.21958284510317994
3345,67,29,0.1,-0.3,-0.1797783523797989,-0.07494162023067474,0.3590643407033741
3346,67,30,0.1,-0.3,-0.1740228682756424,-0.09722486138343811,0.3408904357399543
3347,67,31,0.1,-0.3,-0.05518423765897751,-0.21976542472839355,0.17469898307320822
3348,67,32,0.1,-0.3,-0.184096097946167,-0.09511417150497437,0.35026960414276764
3349,67,33,0.1,-0.3,-0.20718057453632355,-0.10686281323432922,0.3628524194272699
3350,67,34,0.1,-0.3,-0.10410912334918976,-0.17279864847660065,0.24050097310354934
3351,67,35,0.1,-0.3,-0.19431935250759125,-0.07950854301452637,0.3677504097401724
3352,67,36,0.1,-0.3,-0.17788049578666687,-0.09023196995258331,0.3481669087788466
3353,67,37,0.1,-0.3,-0.1963605433702469,-0.07966026663780212,0.3692955046637211
3354,67,38,0.1,-0.3,-0.054295096546411514,-0.22509753704071045,0.1715148849972917
3355,67,39,0.1,-0.3,-0.1840718537569046,-0.06915176659822464,0.36604333754571294
3356,67,40,0.1,-0.3,-0.17812573909759521,-0.08205242455005646,0.35334837256324303
3357,67,41,0.1,-0.3,-0.19408203661441803,-0.07835894823074341,0.3682512730306118
3358,67,42,0.1,-0.3,-0.18407581746578217,-0.08098459243774414,0.35870157348207077
3359,67,43,0.1,-0.3,-0.18527740240097046,-0.08149122446775436,0.35934562931145625
3360,67,44,0.1,-0.3,-0.20230688154697418,-0.06745240837335587,0.38140245542210227
3361,67,45,0.1,-0.3,-0.18509019911289215,-0.0910809189081192,0.35344533392662625
3362,67,46,0.1,-0.3,-0.1916816085577011,-0.08925382792949677,0.359850121318832
3363,67,47,0.1,-0.3,-0.16985750198364258,-0.09180095791816711,0.3408370761825134
3364,68,0,0.2,-0.3,-0.2919509708881378,-0.3165647089481354,0.4922297708797365
3365,68,1,0.2,-0.3,-0.27177727222442627,-0.311234712600708,0.47191102270951557
3366,68,2,0.2,-0.3,-0.28811243176460266,-0.27722403407096863,0.4886435210530825
3367,68,3,0.2,-0.3,-0.28915223479270935,-0.2787102460861206,0.4896153208636505
3368,68,4,0.2,-0.3,-0.29018157720565796,-0.2772020697593689,0.4907114470389733
3369,68,5,0.2,-0.3,-0.2838006019592285,-0.31630221009254456,0.4840751847699005
3370,68,6,0.2,-0.3,-0.28296080231666565,-0.2724253535270691,0.4837473490392113
3371,68,7,0.2,-0.3,-0.28925588726997375,-0.27414894104003906,0.48993836395783563
3372,68,8,0.2,-0.3,-0.290277361869812,-0.2714296281337738,0.4911091097817236
3373,68,9,0.2,-0.3,-0.2796078324317932,-0.26752665638923645,0.4807059298315195
3374,68,10,0.2,-0.3,-0.2950275242328644,-0.28081002831459045,0.49539933867679514
3375,68,11,0.2,-0.3,-0.28615298867225647,-0.2786608040332794,0.48662109456894
3376,68,12,0.2,-0.3,-0.28882378339767456,-0.27570047974586487,0.48942737755442106
3377,68,13,0.2,-0.3,-0.29216334223747253,-0.28061383962631226,0.4925450016560861
3378,68,14,0.2,-0.3,-0.29150262475013733,-0.2782297730445862,0.49198452507976764
3379,68,15,0.2,-0.3,-0.29128023982048035,-0.27396029233932495,0.4919698572200558
3380,68,16,0.2,-0.3,-0.2931332588195801,-0.28117209672927856,0.4934925540427035
3381,68,17,0.2,-0.3,-0.29014748334884644,-0.2800738513469696,0.49055234871861575
3382,68,18,0.2,-0.3,-0.2958958148956299,-0.2761285901069641,0.4964700428437573
3383,68,19,0.2,-0.3,-0.274578720331192,-0.27940380573272705,0.47502543617104026
3384,68,20,0.2,-0.3,-0.29927146434783936,-0.28330227732658386,0.49955060710053606
3385,68,21,0.2,-0.3,-0.29273128509521484,-0.2820592224597931,0.49305779662259586
3386,68,22,0.2,-0.3,-0.291287899017334,-0.2761988937854767,0.4918640995009711
3387,68,23,0.2,-0.3,-0.2919274568557739,-0.27027302980422974,0.49282483253749454
3388,68,24,0.2,-0.3,-0.2874903380870819,-0.2779373824596405,0.4879893326918014
3389,68,25,0.2,-0.3,-0.28813549876213074,-0.2754915654659271,0.48875037443982083
3390,68,26,0.2,-0.3,-0.2889065146446228,-0.2752716541290283,0.48953148126700413
3391,68,27,0.2,-0.3,-0.2877196669578552,-0.27378812432289124,0.4884235211002777
3392,68,28,0.2,-0.3,-0.29243817925453186,-0.2741876542568207,0.49311422366454194
3393,68,29,0.2,-0.3,-0.2960458993911743,-0.2790835201740265,0.4964866900845474
3394,68,30,0.2,-0.3,-0.2869839668273926,-0.27327612042427063,0.48771666947780357
3395,68,31,0.2,-0.3,-0.28870558738708496,-0.2736358046531677,0.48941620522786294
3396,68,32,0.2,-0.3,-0.2934364378452301,-0.27535873651504517,0.4940513233051042
3397,68,33,0.2,-0.3,-0.2775028645992279,-0.2629894018173218,0.478935037430243
3398,68,34,0.2,-0.3,-0.2826348841190338,-0.27076107263565063,0.48351974752021337
3399,68,35,0.2,-0.3,-0.2841956615447998,-0.273603230714798,0.4849146606233952
3400,68,36,0.2,-0.3,-0.2868383228778839,-0.27169522643089294,0.4876604482930199
3401,68,37,0.2,-0.3,-0.2873285114765167,-0.2713659703731537,0.4881690135092442
3402,68,38,0.2,-0.3,-0.2913226783275604,-0.2740238606929779,0.49200887598931103
3403,68,39,0.2,-0.3,-0.295505553483963,-0.2758990526199341,0.4960913315086903
3404,68,40,0.2,-0.3,-0.2863394618034363,-0.2715398669242859,0.48717148036594204
3405,68,41,0.2,-0.3,-0.3006063401699066,-0.27803945541381836,0.5010877900496378
3406,68,42,0.2,-0.3,-0.29266679286956787,-0.27266407012939453,0.49342458578619325
3407,68,43,0.2,-0.3,-0.2838670313358307,-0.28130656480789185,0.4842279923063425
3408,68,44,0.2,-0.3,-0.29136502742767334,-0.27329587936401367,0.4920901342619455
3409,68,45,0.2,-0.3,-0.2915719449520111,-0.2798227071762085,0.4919858739939594
3410,68,46,0.2,-0.3,-0.27635425329208374,-0.2754385769367218,0.476987041891446
3411,68,47,0.2,-0.3,-0.2903677225112915,-0.27841803431510925,0.49084242331295574
3412,68,48,0.2,-0.3,-0.29240721464157104,-0.27734267711639404,0.4929282090845707
3413,69,0,0.3,-0.3,0.21129021048545837,0.02171144261956215,0.33371796335839354
3414,69,1,0.3,-0.3,0.1122005358338356,-0.03966584801673889,0.3210023511283712
3415,69,2,0.3,-0.3,0.015897167846560478,-0.10700520873069763,0.34345510433634113
3416,69,3,0.3,-0.3,0.20067928731441498,0.011990534141659737,0.3274182300397623
3417,69,4,0.3,-0.3,0.22179622948169708,0.03875505179166794,0.3476648024141285
3418,69,5,0.3,-0.3,0.2432871162891388,0.04487406462430954,0.34950603947470504
3419,69,6,0.3,-0.3,0.21436253190040588,0.023069806396961212,0.33422728157330156
3420,69,7,0.3,-0.3,0.17350232601165771,-0.0035109743475914,0.32234671373658447
3421,69,8,0.3,-0.3,0.0437956266105175,-0.07118450105190277,0.3435072248188734
3422,69,9,0.3,-0.3,0.21068376302719116,0.018744856119155884,0.33102216464974715
3423,69,10,0.3,-0.3,0.17554016411304474,-0.0036453157663345337,0.32142860733955125
3424,69,11,0.3,-0.3,0.23169049620628357,0.06541977822780609,0.3717496504754278
3425,69,12,0.3,-0.3,-0.0550190694630146,-0.13489651679992676,0.39153250164856257
3426,69,13,0.3,-0.3,0.1556004136800766,-0.02105587348341942,0.3141035915863795
3427,69,14,0.3,-0.3,0.15869607031345367,-0.010404180735349655,0.32223056819678736
3428,69,15,0.3,-0.3,0.18614356219768524,0.006261810660362244,0.3267408531206282
3429,69,16,0.3,-0.3,0.05835361033678055,-0.05865335464477539,0.341527716095618
3430,69,17,0.3,-0.3,0.1534324288368225,-0.02598731964826584,0.3107490980038634
3431,69,18,0.3,-0.3,-0.023731563240289688,-0.126287579536438,0.3673936989951121
3432,69,19,0.3,-0.3,0.11911996454000473,-0.03388441354036331,0.321768694227337
3433,69,20,0.3,-0.3,0.2065693438053131,0.017413094639778137,0.33087816513902896
3434,69,21,0.3,-0.3,-0.059896934777498245,-0.14881417155265808,0.3903625985997479
3435,69,22,0.3,-0.3,0.15364773571491241,-0.017688121646642685,0.3179921098404376
3436,69,23,0.3,-0.3,-0.07137025892734528,-0.1464250385761261,0.401872041814441
3437,69,24,0.3,-0.3,0.26295357942581177,0.08540752530097961,0.38718393282261193
3438,69,25,0.3,-0.3,0.11013370752334595,-0.03920406103134155,0.3225891052118384
3439,69,26,0.3,-0.3,0.142841637134552,-0.01918162778019905,0.32180383651337424
3440,69,27,0.3,-0.3,0.1719743311405182,-0.00984063372015953,0.31714827719354916
3441,69,28,0.3,-0.3,0.16141760349273682,-0.010846655815839767,0.3206473718504172
3442,69,29,0.3,-0.3,0.20247341692447662,0.01586790382862091,0.33058125638861297
3443,69,30,0.3,-0.3,0.1906663179397583,0.007242381572723389,0.32611613739177175
3444,69,31,0.3,-0.3,-0.046447884291410446,-0.13327880203723907,0.38447638988646965
3445,69,32,0.3,-0.3,0.14030344784259796,-0.02417439967393875,0.31872048971817596
3446,69,33,0.3,-0.3,0.19767571985721588,0.013090185821056366,0.3293868891807969
3447,69,34,0.3,-0.3,0.16862860321998596,-0.01001354306936264,0.31835607281017314
3448,69,35,0.3,-0.3,0.10352730005979538,-0.04800839722156525,0.31953292427015734
3449,69,36,0.3,-0.3,0.13643218576908112,-0.029163703322410583,0.316396475091477
3450,69,37,0.3,-0.3,0.15989381074905396,-0.01755332201719284,0.31528696479547874
3451,69,38,0.3,-0.3,0.11827275156974792,-0.036118850111961365,0.32040295580450573
3452,69,39,0.3,-0.3,-0.026651348918676376,-0.1276196539402008,0.36934548522770244
3453,69,40,0.3,-0.3,-0.04131351038813591,-0.12466450035572052,0.3837153239173297
3454,69,41,0.3,-0.3,-0.0752851739525795,-0.15393750369548798,0.4027073560481897
3455,69,42,0.3,-0.3,0.2745596170425415,0.0763440728187561,0.37720296158809696
3456,69,43,0.3,-0.3,0.18996740877628326,0.003950443118810654,0.32325383679629677
3457,69,44,0.3,-0.3,-0.06933191418647766,-0.15312297642230988,0.39746562479249575
3458,69,45,0.3,-0.3,0.14676730334758759,-0.02350323647260666,0.316118205050727
3459,69,46,0.3,-0.3,0.2142207771539688,0.022698039188981056,0.3339043269687924
3460,69,47,0.3,-0.3,0.16974109411239624,-0.011880725622177124,0.3161962979401226
3461,69,48,0.3,-0.3,-0.11034300923347473,-0.1652720719575882,0.4318946628767075
3462,69,49,0.3,-0.3,0.08469964563846588,-0.04366227984428406,0.33475852395843825
3463,70,0,0.4,-0.3,-0.20298856496810913,-0.2824501395225525,0.6032439034794115
3464,70,1,0.4,-0.3,-0.21646112203598022,-0.27981457114219666,0.6167915097664958
3465,70,2,0.4,-0.3,-0.24214684963226318,-0.26940733194351196,0.6428751728224189
3466,70,3,0.4,-0.3,-0.18612977862358093,-0.28165295720100403,0.586416858018932
3467,70,4,0.4,-0.3,-0.21093524992465973,-0.275909960269928,0.6114100175943332
3468,70,5,0.4,-0.3,-0.2131289392709732,-0.3026491701602936,0.613134662430764
3469,70,6,0.4,-0.3,-0.22278501093387604,-0.26992955803871155,0.6235105462810194
3470,70,7,0.4,-0.3,-0.2090839296579361,-0.24550724029541016,0.6115167162292261
3471,70,8,0.4,-0.3,-0.20195335149765015,-0.26118770241737366,0.6032033088626885
3472,70,9,0.4,-0.3,-0.15104557573795319,-0.33338698744773865,0.552056081817063
3473,70,10,0.4,-0.3,-0.22409522533416748,-0.28054481744766235,0.6243983939866038
3474,70,11,0.4,-0.3,-0.2261916995048523,-0.27724599838256836,0.6266049705503312
3475,70,12,0.4,-0.3,-0.22675983607769012,-0.28464069962501526,0.6269480044055823
3476,70,13,0.4,-0.3,-0.22382518649101257,-0.27947998046875,0.6241625865927158
3477,70,14,0.4,-0.3,-0.1990087330341339,-0.2922648787498474,0.5990586735470181
3478,70,15,0.4,-0.3,-0.20534397661685944,-0.2675822973251343,0.6062113801909602
3479,70,16,0.4,-0.3,-0.22325389087200165,-0.2807829976081848,0.6235500827263324
3480,70,17,0.4,-0.3,-0.20726238191127777,-0.2756708562374115,0.6077495435792439
3481,70,18,0.4,-0.3,-0.19869251549243927,-0.2797490954399109,0.599034913208042
3482,70,19,0.4,-0.3,-0.22133800387382507,-0.2858984172344208,0.6214980045779745
3483,70,20,0.4,-0.3,-0.221634641289711,-0.2692430913448334,0.6223950631884945
3484,70,21,0.4,-0.3,-0.20783717930316925,-0.27516406774520874,0.6083443597784053
3485,70,22,0.4,-0.3,-0.1962358057498932,-0.2812150716781616,0.5965316501161367
3486,70,23,0.4,-0.3,-0.2791498601436615,-0.30710238218307495,0.6791869966112642
3487,70,24,0.4,-0.3,-0.20500673353672028,-0.290324330329895,0.6050840984593274
3488,70,25,0.4,-0.3,-0.21836146712303162,-0.2811363637447357,0.6186491257532973
3489,70,26,0.4,-0.3,-0.22014614939689636,-0.2771226465702057,0.6205679817004334
3490,70,27,0.4,-0.3,-0.19941547513008118,-0.2668904960155487,0.6003292022544943
3491,70,28,0.4,-0.3,-0.22245627641677856,-0.2785506248474121,0.6228257314410488
3492,70,29,0.4,-0.3,-0.23769378662109375,-0.24173447489738464,0.6403500893344457
3493,70,30,0.4,-0.3,-0.20307093858718872,-0.2726331651210785,0.6036915608319557
3494,70,31,0.4,-0.3,-0.20140042901039124,-0.2931416928768158,0.6014395334449495
3495,70,32,0.4,-0.3,-0.21396291255950928,-0.29022493958473206,0.6140407232461685
3496,70,33,0.4,-0.3,-0.21379120647907257,-0.29451465606689453,0.6138157167661153
3497,70,34,0.4,-0.3,-0.21833211183547974,-0.26147887110710144,0.6195308530639193
3498,70,35,0.4,-0.3,-0.22445696592330933,-0.28080666065216064,0.6247518599936029
3499,70,36,0.4,-0.3,-0.19214612245559692,-0.28319013118743896,0.592384674032587
3500,70,37,0.4,-0.3,-0.23085276782512665,-0.23320868611335754,0.6343786678974375
3501,70,38,0.4,-0.3,-0.20755405724048615,-0.2695012092590332,0.6083190846143471
3502,70,39,0.4,-0.3,-0.21238474547863007,-0.2682722210884094,0.6132061060113388
3503,70,40,0.4,-0.3,-0.20728935301303864,-0.27846285700798035,0.6076711337650109
3504,70,41,0.4,-0.3,-0.19319583475589752,-0.2716226577758789,0.5938742054706965
3505,70,42,0.4,-0.3,-0.21799501776695251,-0.2783290147781372,0.6183748649365223
3506,70,43,0.4,-0.3,-0.21974647045135498,-0.27406129240989685,0.6202890489024911
3507,70,44,0.4,-0.3,-0.19809533655643463,-0.29219329357147217,0.5981462833419732
3508,70,45,0.4,-0.3,-0.21469438076019287,-0.29026129841804504,0.6147715218247015
3509,70,46,0.4,-0.3,-0.22194601595401764,-0.2960706353187561,0.6219584284080998
3510,70,47,0.4,-0.3,-0.20748811960220337,-0.2784317433834076,0.6078708786833765
3511,70,48,0.4,-0.3,-0.1893313229084015,-0.2765637934207916,0.5897971379548989
3512,70,49,0.4,-0.3,-0.18907034397125244,-0.290680855512619,0.5891440542009962
3513,71,0,0.5,-0.3,-0.6089435815811157,0.02603812888264656,1.1558792015670365
3514,71,1,0.5,-0.3,-0.5109965801239014,0.0888456180691719,1.0831966579129666
3515,71,2,0.5,-0.3,-0.3846542537212372,0.14529766142368317,0.9904055512245882
3516,71,3,0.5,-0.3,-0.4567193388938904,0.18531054258346558,1.0727712785846852
3517,71,4,0.5,-0.3,-0.5017163157463074,0.17643135786056519,1.109244074126708
3518,71,5,0.5,-0.3,-0.6219038367271423,0.010487603023648262,1.1640750708156469
3519,71,6,0.5,-0.3,-0.4742811322212219,0.1337217539548874,1.066460634273938
3520,71,7,0.5,-0.3,-0.6404827237129211,-0.014768961817026138,1.1756094539559387
3521,71,8,0.5,-0.3,-0.4795681834220886,0.1848275363445282,1.092982875424293
3522,71,9,0.5,-0.3,-0.541104257106781,0.13716767728328705,1.129165024355221
3523,71,10,0.5,-0.3,-0.5990406274795532,-0.06820586323738098,1.1232180655100672
3524,71,11,0.5,-0.3,-0.6067584753036499,-0.0672483891248703,1.1309675658574068
3525,71,12,0.5,-0.3,-0.5714855790138245,-0.02268895134329796,1.106789394483734
3526,71,13,0.5,-0.3,-0.4905860424041748,0.17197562754154205,1.0972792262679532
3527,71,14,0.5,-0.3,-0.5357828140258789,0.10933004319667816,1.1137311713760925
3528,71,15,0.5,-0.3,-0.4637592136859894,0.16617229580879211,1.0705832201862107
3529,71,16,0.5,-0.3,-0.59770667552948,-0.018250204622745514,1.133288530206279
3530,71,17,0.5,-0.3,-0.5761915445327759,0.15414077043533325,1.1680890719013852
3531,71,18,0.5,-0.3,-0.5421193242073059,0.1479104608297348,1.134299989776513
3532,71,19,0.5,-0.3,-0.5185102820396423,0.1429516226053238,1.110661665219954
3533,71,20,0.5,-0.3,-0.5533599853515625,0.2778938114643097,1.2014693154919067
3534,71,21,0.5,-0.3,-0.16009896993637085,0.2089601457118988,0.8335292916473512
3535,71,22,0.5,-0.3,-0.5569846034049988,0.08035079389810562,1.1233357371036239
3536,71,23,0.5,-0.3,-0.45608556270599365,0.14539256691932678,1.0547388974916132
3537,71,24,0.5,-0.3,-0.5106490850448608,-0.14341475069522858,1.0227074427234075
3538,71,25,0.5,-0.3,-0.5985740423202515,0.11148348450660706,1.1731085135150785
3539,71,26,0.5,-0.3,-0.5237938761711121,0.1116333156824112,1.1034472744382333
3540,71,27,0.5,-0.3,-0.5477167367935181,0.10314270853996277,1.12260162301958
3541,71,28,0.5,-0.3,-0.6204476356506348,0.11702831089496613,1.1955398430512494
3542,71,29,0.5,-0.3,-0.5777091383934021,0.05821521580219269,1.1356826703832636
3543,71,30,0.5,-0.3,-0.5083650350570679,0.11948634684085846,1.092139569428528
3544,71,31,0.5,-0.3,-0.3523201644420624,0.24118582904338837,1.0096196136525497
3545,71,32,0.5,-0.3,-0.5064312815666199,0.1518183946609497,1.1031970749915114
3546,71,33,0.5,-0.3,-0.4255727231502533,0.15675780177116394,1.0321397944651691
3547,71,34,0.5,-0.3,-0.5725160241127014,0.1338488608598709,1.15694228725893
3548,71,35,0.5,-0.3,-0.44093477725982666,0.12248320132493973,1.0314311952131219
3549,71,36,0.5,-0.3,-0.584409773349762,-0.14832118153572083,1.094966218888602
3550,71,37,0.5,-0.3,-0.567295491695404,0.11294848471879959,1.1443977095506994
3551,71,38,0.5,-0.3,-0.5330662727355957,0.06641661375761032,1.0961236511915113
3552,71,39,0.5,-0.3,-0.6103312969207764,0.08846388757228851,1.1763246919407706
3553,71,40,0.5,-0.3,-0.5917205810546875,0.1556982398033142,1.1830108675993738
3554,71,41,0.5,-0.3,-0.47912105917930603,0.1175580620765686,1.0644401268899748
3555,71,42,0.5,-0.3,-0.44855862855911255,-0.017475970089435577,0.989739005642826
3556,71,43,0.5,-0.3,-0.5746179819107056,0.07945550978183746,1.1396448091180127
3557,71,44,0.5,-0.3,-0.5528721213340759,0.04654168710112572,1.1084362159282832
3558,71,45,0.5,-0.3,-0.6034656763076782,-0.09203922748565674,1.122890992792232
3559,71,46,0.5,-0.3,-0.4801459014415741,0.15949153900146484,1.0825056408752107
3560,71,47,0.5,-0.3,-0.6409440636634827,0.028743430972099304,1.18736077070798
3561,71,48,0.5,-0.3,-0.4669014811515808,-0.1621997356414795,0.9766715861078374
3562,72,0,-1.0,-0.2,-0.4847949147224426,-0.021391145884990692,0.5452865326267758
3563,72,1,-1.0,-0.2,-0.4831407368183136,-0.25108328461647034,0.5193775119351272
3564,72,2,-1.0,-0.2,-0.47345098853111267,-0.025753602385520935,0.5546311103431592
3565,72,3,-1.0,-0.2,-0.5111871361732483,-0.06991717219352722,0.5058256200832842
3566,72,4,-1.0,-0.2,-0.3625655472278595,-0.34020933508872986,0.6526724593752535
3567,72,5,-1.0,-0.2,-0.44947847723960876,-0.1391027420759201,0.5538794300613554
3568,72,6,-1.0,-0.2,-0.4653376340866089,-0.027723602950572968,0.5617321448025178
3569,72,7,-1.0,-0.2,-0.26826754212379456,-0.35011470317840576,0.74697176253182
3570,72,8,-1.0,-0.2,-0.4089162051677704,-0.34894806146621704,0.6095617913942878
3571,72,9,-1.0,-0.2,-0.31638336181640625,-0.528647780418396,0.7585124070016105
3572,72,10,-1.0,-0.2,-0.5114618539810181,0.1431780308485031,0.5970265328883804
3573,72,11,-1.0,-0.2,-0.4097442328929901,-0.4117356240749359,0.6270836029633428
3574,72,12,-1.0,-0.2,-0.5533545613288879,0.12324832379817963,0.5513452881126699
3575,72,13,-1.0,-0.2,-0.4525221884250641,-0.27097663283348083,0.5520594502182349
3576,72,14,-1.0,-0.2,-0.5523145794868469,0.12369794398546219,0.5524514410158182
3577,72,15,-1.0,-0.2,-0.5522609353065491,0.14164933562278748,0.5632002650781144
3578,72,16,-1.0,-0.2,-0.5300048589706421,-0.09729534387588501,0.4810859372095372
3579,72,17,-1.0,-0.2,-0.46954357624053955,-0.0715644583106041,0.5457835705448862
3580,72,18,-1.0,-0.2,-0.5378832221031189,0.06697558611631393,0.5336926831013751
3581,72,19,-1.0,-0.2,-0.5820563435554504,0.1264868676662445,0.5303494835679163
3582,72,20,-1.0,-0.2,-0.5373916029930115,-0.06026823818683624,0.4832509640350304
3583,72,21,-1.0,-0.2,-0.5330701470375061,0.09928542375564575,0.5546127049213465
3584,72,22,-1.0,-0.2,-0.5073416829109192,-0.2036079615354538,0.4926715282858211
3585,72,23,-1.0,-0.2,-0.4957747459411621,0.047916702926158905,0.5618770314049837
3586,72,24,-1.0,-0.2,-0.5603278279304504,-0.12865933775901794,0.44542239389296256
3587,72,25,-1.0,-0.2,-0.5200348496437073,-0.1620893031358719,0.4814600362369264
3588,72,26,-1.0,-0.2,-0.48349112272262573,-0.2033785879611969,0.5165199271692673
3589,72,27,-1.0,-0.2,-0.5545904040336609,-0.026392139494419098,0.4780474844701337
3590,72,28,-1.0,-0.2,-0.5600337386131287,0.14965304732322693,0.5619853776221936
3591,72,29,-1.0,-0.2,-0.42179325222969055,-0.1309191733598709,0.5823188162651125
3592,72,30,-1.0,-0.2,-0.4443131983280182,-0.039533279836177826,0.5783920727608314
3593,72,31,-1.0,-0.2,-0.551639199256897,-0.011656496673822403,0.4863133587391718
3594,72,32,-1.0,-0.2,-0.29133856296539307,-0.4639207422733307,0.7562110753897089
3595,72,33,-1.0,-0.2,-0.4153469502925873,-0.0899517685174942,0.5949199961209958
3596,72,34,-1.0,-0.2,-0.5749907493591309,0.006315901875495911,0.47243953528151345
3597,72,35,-1.0,-0.2,-0.5528359413146973,0.10483276098966599,0.5411826933231473
3598,72,36,-1.0,-0.2,-0.5189769864082336,-0.12893247604370117,0.4862445193173736
3599,72,37,-1.0,-0.2,-0.5650543570518494,-0.09376971423625946,0.4477304835869746
3600,72,38,-1.0,-0.2,-0.49195846915245056,-0.17292220890522003,0.5087626203215937
3601,72,39,-1.0,-0.2,-0.47246649861335754,0.03797386586666107,0.5787254581585074
3602,72,40,-1.0,-0.2,-0.5084367990493774,-0.12100216746330261,0.49787050331820043
3603,72,41,-1.0,-0.2,-0.5054433941841125,-0.20359855890274048,0.4945696978003278
3604,72,42,-1.0,-0.2,-0.45589372515678406,-0.31444934010505676,0.5560128503679067
3605,72,43,-1.0,-0.2,-0.5617274045944214,0.0736541599035263,0.5166908815878666
3606,72,44,-1.0,-0.2,-0.5492746233940125,0.024892596527934074,0.5037162346894186
3607,72,45,-1.0,-0.2,-0.462483674287796,-0.06797770410776138,0.5534922646431528
3608,72,46,-1.0,-0.2,-0.4800281524658203,-0.2752789258956909,0.5253928424637293
3609,72,47,-1.0,-0.2,-0.4286783039569855,-0.1036272794008255,0.5793929423501405
3610,72,48,-1.0,-0.2,-0.5515940189361572,0.10256436467170715,0.5409372594146397
3611,72,49,-1.0,-0.2,-0.5320727229118347,-0.03947220742702484,0.4946969868833817
3612,73,0,-0.8,-0.2,0.3949492871761322,0.1535646915435791,1.24615881412806
3613,73,1,-0.8,-0.2,-0.22284618020057678,0.2631421983242035,0.7400048834822922
3614,73,2,-0.8,-0.2,-0.343347430229187,0.27693450450897217,0.6603015152712479
3615,73,3,-0.8,-0.2,0.002311103977262974,0.25297272205352783,0.9213508530900686
3616,73,4,-0.8,-0.2,0.540351390838623,0.043730728328228,1.3623312808764394
3617,73,5,-0.8,-0.2,0.08882694691419601,0.17506243288516998,0.9647202548524384
3618,73,6,-0.8,-0.2,0.41567277908325195,0.09425380825996399,1.2507780016771517
3619,73,7,-0.8,-0.2,0.2530789375305176,0.20712175965309143,1.1290364811880231
3620,73,8,-0.8,-0.2,0.26339027285575867,0.2130470871925354,1.1407921671551233
3621,73,9,-0.8,-0.2,0.23956578969955444,0.20280951261520386,1.1148778114963793
3622,73,10,-0.8,-0.2,0.039496928453445435,0.22711671888828278,0.9419043393236183
3623,73,11,-0.8,-0.2,0.42817044258117676,0.1744328737258911,1.2839792104846062
3624,73,12,-0.8,-0.2,0.19008496403694153,0.1464061439037323,1.0489353900723748
3625,73,13,-0.8,-0.2,-0.3189751207828522,0.41003918647766113,0.7768736985277583
3626,73,14,-0.8,-0.2,0.4188631474971771,0.17337900400161743,1.274770274581254
3627,73,15,-0.8,-0.2,0.46031883358955383,0.11474321782588959,1.2990253482776728
3628,73,16,-0.8,-0.2,0.20778235793113708,0.19390138983726501,1.0820275347110957
3629,73,17,-0.8,-0.2,0.17196893692016602,0.19400480389595032,1.0487913995789648
3630,73,18,-0.8,-0.2,0.3559606373310089,0.1805947721004486,1.217003441083428
3631,73,19,-0.8,-0.2,0.375492125749588,0.16662326455116272,1.231338440807172
3632,73,20,-0.8,-0.2,0.3711763024330139,0.1341210901737213,1.2179042796047408
3633,73,21,-0.8,-0.2,0.14732572436332703,0.2477240115404129,1.0477990353833804
3634,73,22,-0.8,-0.2,0.381377249956131,0.20401284098625183,1.2485505926456058
3635,73,23,-0.8,-0.2,0.12364447116851807,0.17308050394058228,0.9961466616621923
3636,73,24,-0.8,-0.2,0.1196737289428711,0.18128448724746704,0.9955790415247046
3637,73,25,-0.8,-0.2,0.28089120984077454,0.22925427556037903,1.1630068961953404
3638,73,26,-0.8,-0.2,0.29499638080596924,0.15972647070884705,1.1525711291312195
3639,73,27,-0.8,-0.2,0.26596906781196594,0.2635193467140198,1.1623855807390693
3640,73,28,-0.8,-0.2,0.010207020677626133,0.24632279574871063,0.925007813134711
3641,73,29,-0.8,-0.2,0.41831856966018677,0.12931415438652039,1.2620411837409082
3642,73,30,-0.8,-0.2,0.24566085636615753,0.2922753095626831,1.1557428809823755
3643,73,31,-0.8,-0.2,0.08430268615484238,0.3311574459075928,1.0315616671259877
3644,73,32,-0.8,-0.2,0.17107298970222473,0.3273642659187317,1.1050320449187072
3645,73,33,-0.8,-0.2,0.24093018472194672,0.234426811337471,1.127946055391883
3646,73,34,-0.8,-0.2,-0.0709034651517868,0.22423531115055084,0.8435385920956293
3647,73,35,-0.8,-0.2,-0.18251042068004608,0.2284747213125229,0.7515876311998341
3648,73,36,-0.8,-0.2,0.14371368288993835,0.30184823274612427,1.068853200390072
3649,73,37,-0.8,-0.2,-0.0011405829573050141,0.24417206645011902,0.9140378508641551
3650,73,38,-0.8,-0.2,0.15354938805103302,0.2984570562839508,1.0759720593081223
3651,73,39,-0.8,-0.2,0.30220428109169006,0.23848356306552887,1.1862217804169215
3652,73,40,-0.8,-0.2,0.15226247906684875,0.21543622016906738,1.038937477458053
3653,73,41,-0.8,-0.2,0.29267507791519165,0.21870990097522736,1.170152471719671
3654,73,42,-0.8,-0.2,0.5248737931251526,0.03858178108930588,1.3461841753555028
3655,73,43,-0.8,-0.2,0.3697760999202728,0.19215065240859985,1.2337577793591312
3656,73,44,-0.8,-0.2,-0.04066663980484009,0.26464134454727173,0.8902127447795662
3657,73,45,-0.8,-0.2,0.13299201428890228,0.20589841902256012,1.0174613630462226
3658,73,46,-0.8,-0.2,-0.37556347250938416,0.39596784114837646,0.7316584131624188
3659,73,47,-0.8,-0.2,-0.047124940901994705,0.1692478060722351,0.8385492215135519
3660,73,48,-0.8,-0.2,0.039154134690761566,0.19039063155651093,0.9255185070951808
3661,74,0,-0.6,-0.2,-0.09017612040042877,-0.07828985899686813,0.5241504999835069
3662,74,1,-0.6,-0.2,-0.09567806869745255,-0.08462048321962357,0.5173519530118781
3663,74,2,-0.6,-0.2,-0.17513015866279602,-0.11661532521247864,0.4329750409288295
3664,74,3,-0.6,-0.2,-0.11928576976060867,-0.10040402412414551,0.49092314018114314
3665,74,4,-0.6,-0.2,-0.16075466573238373,-0.10122081637382507,0.45021527161317343
3666,74,5,-0.6,-0.2,-0.12221651524305344,-0.13717205822467804,0.48189667831830363
3667,74,6,-0.6,-0.2,-0.08364489674568176,-0.15170207619667053,0.5186089876780867
3668,74,7,-0.6,-0.2,-0.14995133876800537,-0.10688179731369019,0.45958111052156975
3669,74,8,-0.6,-0.2,-0.10638520121574402,-0.12864996492862701,0.49874482161071876
3670,74,9,-0.6,-0.2,-0.10679640620946884,-0.14407803118228912,0.49636382979055216
3671,74,10,-0.6,-0.2,-0.1217823252081871,-0.10223020613193512,0.48810969778963825
3672,74,11,-0.6,-0.2,-0.19983606040477753,-0.0026881545782089233,0.4461649279090879
3673,74,12,-0.6,-0.2,-0.14122115075588226,-0.12354569137096405,0.46510568027245247
3674,74,13,-0.6,-0.2,-0.15019585192203522,-0.1075209230184555,0.4592125339181217
3675,74,14,-0.6,-0.2,-0.12056899815797806,-0.10612091422080994,0.48853594368682984
3676,74,15,-0.6,-0.2,-0.11516651511192322,-0.10183392465114594,0.4946716955902307
3677,74,16,-0.6,-0.2,-0.10491784662008286,-0.10077905654907227,0.5049268602625414
3678,74,17,-0.6,-0.2,-0.15704351663589478,-0.15156158804893494,0.4455970443199056
3679,74,18,-0.6,-0.2,-0.05591309815645218,-0.07439329475164413,0.5583973506035445
3680,74,19,-0.6,-0.2,-0.1055133193731308,-0.11946529150009155,0.5010019127613632
3681,74,20,-0.6,-0.2,-0.09295634180307388,-0.10236591100692749,0.5163580992404674
3682,74,21,-0.6,-0.2,-0.09344109892845154,-0.10923206806182861,0.5146267946027949
3683,74,22,-0.6,-0.2,-0.11332530528306961,-0.10425136983394623,0.49600409137071955
3684,74,23,-0.6,-0.2,-0.10954216122627258,-0.12150909006595612,0.49669881674599325
3685,74,24,-0.6,-0.2,-0.12712495028972626,-0.09588474035263062,0.48420119777829235
3686,74,25,-0.6,-0.2,-0.18766839802265167,-0.09168294072151184,0.42632139908752636
3687,74,26,-0.6,-0.2,-0.11382796615362167,-0.12035869061946869,0.4926519914241386
3688,74,27,-0.6,-0.2,-0.12503474950790405,-0.10867853462696075,0.4836647591182333
3689,74,28,-0.6,-0.2,-0.14779387414455414,-0.10392916202545166,0.46229858984245586
3690,74,29,-0.6,-0.2,-0.11430089920759201,-0.13777925074100494,0.4896682940000347
3691,74,30,-0.6,-0.2,-0.15505628287792206,-0.13092967867851257,0.45027282917567346
3692,74,31,-0.6,-0.2,-0.17185550928115845,-0.13362281024456024,0.433259317560195
3693,74,32,-0.6,-0.2,-0.11179006844758987,-0.15112605690956116,0.49065018045407505
3694,74,33,-0.6,-0.2,-0.1399100124835968,-0.13133779168128967,0.4651852270483727
3695,74,34,-0.6,-0.2,-0.14831462502479553,-0.11882883310317993,0.45892094776974657
3696,74,35,-0.6,-0.2,-0.14550457894802094,-0.14144067466259003,0.4582524220789109
3697,74,36,-0.6,-0.2,-0.11726485192775726,-0.16754359006881714,0.4838250114762062
3698,74,37,-0.6,-0.2,-0.10185892879962921,-0.14949552714824677,0.5006947459227891
3699,74,38,-0.6,-0.2,-0.10584534704685211,-0.08583524823188782,0.5071709885053765
3700,74,39,-0.6,-0.2,-0.12559235095977783,-0.13313069939613342,0.4790971935120481
3701,74,40,-0.6,-0.2,-0.11381514370441437,-0.1297835409641266,0.4912291375831606
3702,74,41,-0.6,-0.2,-0.1008029654622078,-0.10957922041416168,0.5073200140663056
3703,74,42,-0.6,-0.2,-0.12221433967351913,-0.1399693638086319,0.48154212120556156
3704,74,43,-0.6,-0.2,-0.12589430809020996,-0.10240434110164642,0.4840466090544014
3705,74,44,-0.6,-0.2,-0.13013368844985962,-0.12599381804466248,0.4756587702306561
3706,74,45,-0.6,-0.2,-0.1706668883562088,0.0050119198858737946,0.4757697006420564
3707,74,46,-0.6,-0.2,-0.16118241846561432,-0.12732689082622528,0.4447946162676326
3708,74,47,-0.6,-0.2,-0.10840208828449249,-0.15100809931755066,0.4940331093515159
3709,74,48,-0.6,-0.2,-0.11234454810619354,-0.08922275900840759,0.5000794305742458
3710,74,49,-0.6,-0.2,-0.0927056148648262,-0.14230971038341522,0.51056416120378
3711,75,0,-0.5,-0.2,-0.4007037580013275,-0.29137590527534485,0.13494183835989387
3712,75,1,-0.5,-0.2,-0.40334659814834595,-0.2920953631401062,0.13350444187893282
3713,75,2,-0.5,-0.2,-0.40193840861320496,-0.2906450927257538,0.1335387903965408
3714,75,3,-0.5,-0.2,-0.39568495750427246,-0.2845659852027893,0.13428713245953172
3715,75,4,-0.5,-0.2,-0.3896843194961548,-0.2871665060520172,0.14059711640834888
3716,75,5,-0.5,-0.2,-0.40079638361930847,-0.3038936257362366,0.1436497231867455
3717,75,6,-0.5,-0.2,-0.3807089328765869,-0.288448303937912,0.14850407794042528
3718,75,7,-0.5,-0.2,-0.38945457339286804,-0.29281720519065857,0.1443444662020599
3719,75,8,-0.5,-0.2,-0.3982381820678711,-0.2941778600215912,0.13865401871961078
3720,75,9,-0.5,-0.2,-0.46810245513916016,-0.30581578612327576,0.11051893032886323
3721,75,10,-0.5,-0.2,-0.39523985981941223,-0.28504398465156555,0.1349339330786445
3722,75,11,-0.5,-0.2,-0.4061727821826935,-0.2911042273044586,0.13078045357039692
3723,75,12,-0.5,-0.2,-0.399972140789032,-0.29172635078430176,0.13571770719598092
3724,75,13,-0.5,-0.2,-0.40056949853897095,-0.2867145836353302,0.13193120796779045
3725,75,14,-0.5,-0.2,-0.4816557466983795,-0.3193342983722687,0.12073601946890437
3726,75,15,-0.5,-0.2,-0.40983036160469055,-0.2853499948978424,0.12415790477211906
3727,75,16,-0.5,-0.2,-0.42016488313674927,-0.29810580611228943,0.12648476223447244
3728,75,17,-0.5,-0.2,-0.4708023965358734,-0.30969855189323425,0.1135177181567749
3729,75,18,-0.5,-0.2,-0.4196447730064392,-0.2937668561935425,0.12348759381252497
3730,75,19,-0.5,-0.2,-0.40316712856292725,-0.2941800653934479,0.13507956806365193
3731,75,20,-0.5,-0.2,-0.40532922744750977,-0.2852630317211151,0.127406199825445
3732,75,21,-0.5,-0.2,-0.40747207403182983,-0.2929201126098633,0.13113185887266623
3733,75,22,-0.5,-0.2,-0.4219968318939209,-0.2932441532611847,0.12156877210854988
3734,75,23,-0.5,-0.2,-0.4067162275314331,-0.2917061746120453,0.13081240257690513
3735,75,24,-0.5,-0.2,-0.4155638515949249,-0.2955387532711029,0.12750339812758144
3736,75,25,-0.5,-0.2,-0.4147842228412628,-0.2964898943901062,0.1287323906255974
3737,75,26,-0.5,-0.2,-0.41658565402030945,-0.29378044605255127,0.12550986087568974
3738,75,27,-0.5,-0.2,-0.4084966778755188,-0.2950460910797119,0.13193414034793824
3739,75,28,-0.5,-0.2,-0.42115870118141174,-0.29407063126564026,0.12274051517782537
3740,75,29,-0.5,-0.2,-0.42301639914512634,-0.29745736718177795,0.12419506116825416
3741,75,30,-0.5,-0.2,-0.41695958375930786,-0.2962754964828491,0.12714040251802924
3742,75,31,-0.5,-0.2,-0.41897088289260864,-0.2924425005912781,0.12292816493697362
3743,75,32,-0.5,-0.2,-0.4215462803840637,-0.29698991775512695,0.12474786678625904
3744,75,33,-0.5,-0.2,-0.4178459644317627,-0.2943679988384247,0.12511836302044604
3745,75,34,-0.5,-0.2,-0.40773695707321167,-0.2950788736343384,0.13248570225380876
3746,75,35,-0.5,-0.2,-0.4206932783126831,-0.28832679986953735,0.11870627481301417
3747,75,36,-0.5,-0.2,-0.41303136944770813,-0.2971242070198059,0.13037121725813236
3748,75,37,-0.5,-0.2,-0.40557485818862915,-0.2922247648239136,0.1319905854707966
3749,75,38,-0.5,-0.2,-0.4130019247531891,-0.289491206407547,0.12480921889399017
3750,75,39,-0.5,-0.2,-0.42019784450531006,-0.29844874143600464,0.12673018074607154
3751,75,40,-0.5,-0.2,-0.41095632314682007,-0.2921162545681,0.12811783928551296
3752,75,41,-0.5,-0.2,-0.4114209711551666,-0.2916278541088104,0.12744374445095086
3753,75,42,-0.5,-0.2,-0.41510334610939026,-0.2932960093021393,0.12614113997236126
3754,75,43,-0.5,-0.2,-0.41955381631851196,-0.2978450357913971,0.12666980499683217
3755,75,44,-0.5,-0.2,-0.4169081449508667,-0.2943359911441803,0.12571211397737705
3756,75,45,-0.5,-0.2,-0.41882437467575073,-0.29159918427467346,0.12239237192966106
3757,75,46,-0.5,-0.2,-0.41621777415275574,-0.2946696877479553,0.12641918820422002
3758,75,47,-0.5,-0.2,-0.4228978455066681,-0.30253759026527405,0.12829146364790933
3759,75,48,-0.5,-0.2,-0.4732162654399872,-0.3049843907356262,0.10834708457135274
3760,76,0,-0.4,-0.2,-0.03784389793872833,-0.20806431770324707,0.36224587710591427
3761,76,1,-0.4,-0.2,-0.03122507408261299,-0.20601417124271393,0.3688239637565745
3762,76,2,-0.4,-0.2,-0.13740487396717072,-0.21549710631370544,0.2630520110554105
3763,76,3,-0.4,-0.2,-0.14229053258895874,-0.22194460034370422,0.25864209842469077
3764,76,4,-0.4,-0.2,-0.16157087683677673,-0.2206076979637146,0.23931803941146432
3765,76,5,-0.4,-0.2,-0.1740601509809494,-0.2064194530248642,0.22603102608246026
3766,76,6,-0.4,-0.2,-0.04170269891619682,-0.20417559146881104,0.35832163139845735
3767,76,7,-0.4,-0.2,-0.17164255678653717,-0.2176530957221985,0.22903876016859462
3768,76,8,-0.4,-0.2,-0.16802364587783813,-0.22367647290229797,0.23318148348636927
3769,76,9,-0.4,-0.2,-0.03724580630660057,-0.20963376760482788,0.36288209451612824
3770,76,10,-0.4,-0.2,-0.05062442272901535,-0.20341256260871887,0.3493922431551568
3771,76,11,-0.4,-0.2,-0.15238778293132782,-0.22332507371902466,0.24870840175929154
3772,76,12,-0.4,-0.2,-0.16388487815856934,-0.22118690609931946,0.23706377992484434
3773,76,13,-0.4,-0.2,-0.15492165088653564,-0.21610215306282043,0.24560675181566086
3774,76,14,-0.4,-0.2,-0.18833285570144653,-0.2157943844795227,0.2122556066552581
3775,76,15,-0.4,-0.2,-0.0678255707025528,-0.1997411847114563,0.3321745301260142
3776,76,16,-0.4,-0.2,-0.17524583637714386,-0.2259862720966339,0.2262514539252508
3777,76,17,-0.4,-0.2,0.011621049605309963,-0.16592638194561005,0.4130289335209986
3778,76,18,-0.4,-0.2,-0.16029387712478638,-0.22732409834861755,0.24125843341618536
3779,76,19,-0.4,-0.2,-0.04620508849620819,-0.20316582918167114,0.3538090754635661
3780,76,20,-0.4,-0.2,-0.052609868347644806,-0.19875891506671906,0.3473923485934201
3781,76,21,-0.4,-0.2,-0.20101068913936615,-0.22577384114265442,0.20065153057985072
3782,76,22,-0.4,-0.2,-0.1445058435201645,-0.19908089935779572,0.2554958096355656
3783,76,23,-0.4,-0.2,-0.1864926666021347,-0.20977091789245605,0.21373079387661556
3784,76,24,-0.4,-0.2,-0.05169173702597618,-0.19778357446193695,0.3483153149061171
3785,76,25,-0.4,-0.2,-0.04962346702814102,-0.20302529633045197,0.35038959356017874
3786,76,26,-0.4,-0.2,-0.13608527183532715,-0.20369556546211243,0.2639406011706383
3787,76,27,-0.4,-0.2,-0.1923155039548874,-0.21489772200584412,0.20821813566180017
3788,76,28,-0.4,-0.2,-0.06060880795121193,-0.2086614966392517,0.33950169773408956
3789,76,29,-0.4,-0.2,-0.05619597062468529,-0.21051079034805298,0.343964659999313
3790,76,30,-0.4,-0.2,-0.13012230396270752,-0.2068174183368683,0.26996379018523414
3791,76,31,-0.4,-0.2,-0.0631127879023552,-0.2036760449409485,0.3369072676291377
3792,76,32,-0.4,-0.2,-0.06101319193840027,-0.2308795154094696,0.34039036489259733
3793,76,33,-0.4,-0.2,-0.04540984332561493,-0.20627038180828094,0.3546455933722941
3794,76,34,-0.4,-0.2,-0.053379084914922714,-0.20219957828521729,0.34662789402910027
3795,76,35,-0.4,-0.2,-0.1317843496799469,-0.20925217866897583,0.2683751812048418
3796,76,36,-0.4,-0.2,-0.07690674811601639,-0.2040320336818695,0.3231184097333035
3797,76,37,-0.4,-0.2,-0.05945112928748131,-0.2005246877670288,0.34054927490867554
3798,76,38,-0.4,-0.2,-0.05745547637343407,-0.21299439668655396,0.3427909056725375
3799,76,39,-0.4,-0.2,-0.1351466327905655,-0.21504899859428406,0.2652805655921035
3800,76,40,-0.4,-0.2,-0.16970492899417877,-0.20685814321041107,0.23039716547273484
3801,76,41,-0.4,-0.2,-0.16113188862800598,-0.22218698263168335,0.23989630432485193
3802,76,42,-0.4,-0.2,-0.18550583720207214,-0.21177902817726135,0.21481734422337667
3803,76,43,-0.4,-0.2,-0.05598079785704613,-0.20883134007453918,0.344132538436264
3804,76,44,-0.4,-0.2,-0.17019449174404144,-0.21843016147613525,0.23054336354971458
3805,76,45,-0.4,-0.2,-0.11944104731082916,-0.22230872511863708,0.2814444974599136
3806,76,46,-0.4,-0.2,-0.10071977227926254,-0.2157069742679596,0.2996921149200139
3807,76,47,-0.4,-0.2,-0.04652828350663185,-0.19684146344661713,0.3534858281656099
3808,76,48,-0.4,-0.2,-0.04525032639503479,-0.20465940237045288,0.3547802713698708
3809,77,0,-0.3,-0.2,-0.01779196411371231,-0.224592387676239,0.28327753361397134
3810,77,1,-0.3,-0.2,-0.006514625623822212,-0.23938089609146118,0.29611572053792024
3811,77,2,-0.3,-0.2,0.022076891735196114,-0.26936075091362,0.3294608291695789
3812,77,3,-0.3,-0.2,-0.007361551281064749,-0.25218233466148376,0.29725453355558423
3813,77,4,-0.3,-0.2,0.0025125821121037006,-0.25163763761520386,0.3068881033122845
3814,77,5,-0.3,-0.2,0.014124131761491299,-0.1739785224199295,0.31520007527023347
3815,77,6,-0.3,-0.2,0.0046289581805467606,-0.19559161365032196,0.3046608541187616
3816,77,7,-0.3,-0.2,-0.022329730913043022,-0.28424346446990967,0.29016846768854127
3817,77,8,-0.3,-0.2,-0.004355202428996563,-0.269192099571228,0.3036336492779981
3818,77,9,-0.3,-0.2,0.012653816491365433,-0.20245234668254852,0.3126634340163042
3819,77,10,-0.3,-0.2,-0.0011828328715637326,-0.21794459223747253,0.29935548727429895
3820,77,11,-0.3,-0.2,-0.03834968060255051,-0.3036293089389801,0.2814248093398269
3821,77,12,-0.3,-0.2,0.03163041174411774,-0.13415580987930298,0.3381038115227682
3822,77,13,-0.3,-0.2,-0.0012288785073906183,-0.2226540744304657,0.2996287538375659
3823,77,14,-0.3,-0.2,-0.018804224207997322,-0.25753504037857056,0.287021506501917
3824,77,15,-0.3,-0.2,-0.03215685486793518,-0.24996840953826904,0.2724642955435088
3825,77,16,-0.3,-0.2,0.010149834677577019,-0.26091092824935913,0.316074455042996
3826,77,17,-0.3,-0.2,-0.006246000062674284,-0.2483644187450409,0.29770879980229675
3827,77,18,-0.3,-0.2,-0.0417838953435421,-0.28276562690734863,0.2711562385439827
3828,77,19,-0.3,-0.2,0.01234606746584177,-0.17838990688323975,0.3130927370379122
3829,77,20,-0.3,-0.2,-0.021526625379920006,-0.2802366614341736,0.2898022467311073
3830,77,21,-0.3,-0.2,0.019489342346787453,-0.19616851210594177,0.31951231615176445
3831,77,22,-0.3,-0.2,0.014376457780599594,-0.2594210207462311,0.31994283069511203
3832,77,23,-0.3,-0.2,0.004339007660746574,-0.19718681275844574,0.30435200936807366
3833,77,24,-0.3,-0.2,0.009848415851593018,-0.21160663664340973,0.31006572661278425
3834,77,25,-0.3,-0.2,0.12367482483386993,-0.05684433877468109,0.4472067760431059
3835,77,26,-0.3,-0.2,0.013897658325731754,-0.19254346191883087,0.3139862096693639
3836,77,27,-0.3,-0.2,-0.014056182466447353,-0.28314316272735596,0.2977862526947294
3837,77,28,-0.3,-0.2,-0.24005894362926483,-0.3501054644584656,0.16163100166469094
3838,77,29,-0.3,-0.2,-0.004055652767419815,-0.21738871932029724,0.29645475914297287
3839,77,30,-0.3,-0.2,-0.00535301398485899,-0.26639819145202637,0.30203570351186404
3840,77,31,-0.3,-0.2,-0.011860396713018417,-0.22963792085647583,0.28965986490205
3841,77,32,-0.3,-0.2,0.030658360570669174,-0.1285981833934784,0.3382797227591302
3842,77,33,-0.3,-0.2,-0.0011620576260611415,-0.1990870088338852,0.29883933702770626
3843,77,34,-0.3,-0.2,-0.005581282079219818,-0.24184787273406982,0.2973779176645146
3844,77,35,-0.3,-0.2,-0.020113270729780197,-0.2383975386619568,0.2825083223497633
3845,77,36,-0.3,-0.2,-0.03727734088897705,-0.2551429569721222,0.2684472784626361
3846,77,37,-0.3,-0.2,0.0010467232204973698,-0.19855301082134247,0.30105020069663113
3847,77,38,-0.3,-0.2,-0.04191397875547409,-0.2802847623825073,0.2702851039784574
3848,77,39,-0.3,-0.2,-0.033870942890644073,-0.28138744831085205,0.2782958709367899
3849,77,40,-0.3,-0.2,-0.013607261702418327,-0.22182902693748474,0.28722344431926955
3850,77,41,-0.3,-0.2,0.02027866616845131,-0.29353833198547363,0.3336582736172849
3851,77,42,-0.3,-0.2,-0.015242181718349457,-0.21706154942512512,0.2852684902706773
3852,77,43,-0.3,-0.2,-0.016265209764242172,-0.2379947304725647,0.28626741123259614
3853,77,44,-0.3,-0.2,0.006924751214683056,-0.19738802313804626,0.306935865175972
3854,77,45,-0.3,-0.2,-0.01173707190901041,-0.3041335344314575,0.3064952017646909
3855,77,46,-0.3,-0.2,-0.02397320792078972,-0.30053237080574036,0.2937644422413347
3856,77,47,-0.3,-0.2,0.007848599925637245,-0.2031153291463852,0.30786436258824335
3857,77,48,-0.3,-0.2,-0.010614805854856968,-0.242402583360672,0.29247524624501275
3858,77,49,-0.3,-0.2,0.009647606872022152,-0.190683051943779,0.30978774340288656
3859,78,0,-0.2,-0.2,-0.5601106882095337,-0.3495688736438751,0.3899366047524155
3860,78,1,-0.2,-0.2,-0.5057991743087769,-0.3612891435623169,0.3457272376296021
3861,78,2,-0.2,-0.2,-0.45277637243270874,-0.382416307926178,0.31172360170134317
3862,78,3,-0.2,-0.2,-0.5475149154663086,-0.3603145182132721,0.38271054495729423
3863,78,4,-0.2,-0.2,-0.4815749526023865,-0.38341423869132996,0.33604350445702164
3864,78,5,-0.2,-0.2,-0.5555998682975769,-0.36922433972358704,0.3938123201324941
3865,78,6,-0.2,-0.2,-0.5674850344657898,-0.3659478724002838,0.40321699729860544
3866,78,7,-0.2,-0.2,-0.5375080704689026,-0.3552516996860504,0.37150341571383877
3867,78,8,-0.2,-0.2,-0.5160387754440308,-0.369547575712204,0.35864590896042303
3868,78,9,-0.2,-0.2,-0.5358313322067261,-0.3637782335281372,0.3736388543357629
3869,78,10,-0.2,-0.2,-0.48728254437446594,-0.38183796405792236,0.3399945668315852
3870,78,11,-0.2,-0.2,-0.4972028136253357,-0.3742101490497589,0.3444977336046715
3871,78,12,-0.2,-0.2,-0.4772692620754242,-0.3736926317214966,0.32718094994389524
3872,78,13,-0.2,-0.2,-0.5322151184082031,-0.3641202449798584,0.37054330342245445
3873,78,14,-0.2,-0.2,-0.543239176273346,-0.3585525453090668,0.37808999160621626
3874,78,15,-0.2,-0.2,-0.49125057458877563,-0.3668920397758484,0.33567819431538193
3875,78,16,-0.2,-0.2,-0.5354904532432556,-0.35670873522758484,0.3702856625822749
3876,78,17,-0.2,-0.2,0.7665765881538391,-0.082484170794487,0.9736941362055004
3877,78,18,-0.2,-0.2,-0.5345112085342407,-0.3616117537021637,0.3715051918476068
3878,78,19,-0.2,-0.2,-0.5593323707580566,-0.3710668087005615,0.3979743782124673
3879,78,20,-0.2,-0.2,-0.5069625973701477,-0.36675262451171875,0.3493314671852132
3880,78,21,-0.2,-0.2,-0.49332231283187866,-0.3672831952571869,0.3376709146795095
3881,78,22,-0.2,-0.2,-0.5336812138557434,-0.359343022108078,0.3697747303085729
3882,78,23,-0.2,-0.2,-0.5459636449813843,-0.36333781480789185,0.38258343586075766
3883,78,24,-0.2,-0.2,-0.47659337520599365,-0.39011889696121216,0.33563237357202536
3884,78,25,-0.2,-0.2,-0.525140106678009,-0.35256078839302063,0.35915300795856786
3885,78,26,-0.2,-0.2,-0.4849489629268646,-0.36907321214675903,0.331333159431287
3886,78,27,-0.2,-0.2,-0.47994592785835266,-0.37419283390045166,0.32971634158279794
3887,78,28,-0.2,-0.2,-0.5025178790092468,-0.3802383840084076,0.3521405148377782
3888,78,29,-0.2,-0.2,-0.5007094144821167,-0.3714790940284729,0.34616647966983066
3889,78,30,-0.2,-0.2,-0.4922022521495819,-0.3646393120288849,0.3353926940567316
3890,78,31,-0.2,-0.2,-0.5146318674087524,-0.3642866015434265,0.35494126195161835
3891,78,32,-0.2,-0.2,-0.5093746781349182,-0.3787052631378174,0.35727897019589716
3892,78,33,-0.2,-0.2,-0.5639714598655701,-0.3672489821910858,0.40055891656612563
3893,78,34,-0.2,-0.2,-0.5332347750663757,-0.3647078275680542,0.37171774745864083
3894,78,35,-0.2,-0.2,-0.5304394960403442,-0.36760565638542175,0.37051574405925686
3895,78,36,-0.2,-0.2,-0.49944573640823364,-0.371839702129364,0.3452486528300695
3896,78,37,-0.2,-0.2,-0.5116040110588074,-0.3590075671672821,0.3498291956432383
3897,78,38,-0.2,-0.2,-0.4334166646003723,-0.3877738416194916,0.2995702837560905
3898,78,39,-0.2,-0.2,-0.5010790824890137,-0.3812521994113922,0.35142705317589507
3899,78,40,-0.2,-0.2,-0.5342025756835938,-0.3575974404811859,0.36949738137065213
3900,78,41,-0.2,-0.2,-0.44539499282836914,-0.38732385635375977,0.3087214434801693
3901,78,42,-0.2,-0.2,-0.48207178711891174,-0.374703049659729,0.3317915741077015
3902,78,43,-0.2,-0.2,-0.5005274415016174,-0.36575180292129517,0.34320606531232506
3903,78,44,-0.2,-0.2,-0.5100510716438293,-0.35921013355255127,0.34853914221118437
3904,78,45,-0.2,-0.2,-0.4511408507823944,-0.3859439790248871,0.3124850240688544
3905,78,46,-0.2,-0.2,-0.5319689512252808,-0.3469606935977936,0.363043840383441
3906,78,47,-0.2,-0.2,-0.5498851537704468,-0.371398389339447,0.38961138163191
3907,78,48,-0.2,-0.2,-0.5363266468048096,-0.34830185770988464,0.36757183563375745
3908,79,0,-0.1,-0.2,-0.1158590018749237,-0.1021764725446701,0.09910070869712545
3909,79,1,-0.1,-0.2,-0.14230845868587494,-0.11044271290302277,0.09904803556126085
3910,79,2,-0.1,-0.2,-0.08843198418617249,-0.09068736433982849,0.10992302445276134
3911,79,3,-0.1,-0.2,-0.11233372241258621,-0.09942637383937836,0.1013270693726371
3912,79,4,-0.1,-0.2,-0.11646448820829391,-0.10586361587047577,0.09556536082149428
3913,79,5,-0.1,-0.2,-0.07820654660463333,-0.0873274952173233,0.11476082931426701
3914,79,6,-0.1,-0.2,-0.1107393130660057,-0.10042722523212433,0.10015023874212073
3915,79,7,-0.1,-0.2,-0.1193961575627327,-0.10801008343696594,0.09401252936429443
3916,79,8,-0.1,-0.2,-0.1920926570892334,-0.13490769267082214,0.11277440296091694
3917,79,9,-0.1,-0.2,-0.11951127648353577,-0.10378682613372803,0.09817160860166475
3918,79,10,-0.1,-0.2,-0.11704035103321075,-0.10288810729980469,0.09859560470502374
3919,79,11,-0.1,-0.2,-0.10631905496120453,-0.09928196668624878,0.10091606755216251
3920,79,12,-0.1,-0.2,-0.1232697144150734,-0.11046414077281952,0.09251026805986759
3921,79,13,-0.1,-0.2,-0.11244738847017288,-0.10446958243846893,0.09633793727918342
3922,79,14,-0.1,-0.2,-0.12643812596797943,-0.1079147607088089,0.09580535371269538
3923,79,15,-0.1,-0.2,-0.11342528462409973,-0.101570725440979,0.09934062792963022
3924,79,16,-0.1,-0.2,-0.1287396401166916,-0.10749934613704681,0.09686246888816549
3925,79,17,-0.1,-0.2,-0.12661129236221313,-0.10057970881462097,0.10292013982002134
3926,79,18,-0.1,-0.2,-0.12550830841064453,-0.1076732873916626,0.09578567564638822
3927,79,19,-0.1,-0.2,-0.10496769100427628,-0.10472241044044495,0.09540700721746283
3928,79,20,-0.1,-0.2,-0.10764797031879425,-0.09803460538387299,0.10225181244955839
3929,79,21,-0.1,-0.2,-0.10612091422080994,-0.10324020683765411,0.09695320089465057
3930,79,22,-0.1,-0.2,-0.07906288653612137,-0.0870669037103653,0.1148575071894007
3931,79,23,-0.1,-0.2,-0.10721708834171295,-0.09905460476875305,0.10120305915596003
3932,79,24,-0.1,-0.2,-0.12567579746246338,-0.10650515556335449,0.09695634332814944
3933,79,25,-0.1,-0.2,-0.10156624764204025,-0.0978153645992279,0.10219663812310523
3934,79,26,-0.1,-0.2,-0.11828415095806122,-0.10220536589622498,0.09948919858833123
3935,79,27,-0.1,-0.2,-0.11234746873378754,-0.0986609011888504,0.1020885543632968
3936,79,28,-0.1,-0.2,-0.11458437144756317,-0.10220758616924286,0.0988739606436728
3937,79,29,-0.1,-0.2,-0.09476128965616226,-0.09596322476863861,0.10416858781133324
3938,79,30,-0.1,-0.2,-0.12436609715223312,-0.108822762966156,0.09437687875511586
3939,79,31,-0.1,-0.2,-0.09154637157917023,-0.09333319962024689,0.10700126231372957
3940,79,32,-0.1,-0.2,-0.11044882237911224,-0.1021188497543335,0.09843727679352461
3941,79,33,-0.1,-0.2,-0.1604643613100052,-0.12113085389137268,0.09937948076203085
3942,79,34,-0.1,-0.2,-0.10710778832435608,-0.10014666616916656,0.10010598849217624
3943,79,35,-0.1,-0.2,-0.12602496147155762,-0.10742685198783875,0.09616177178316536
3944,79,36,-0.1,-0.2,-0.09351363778114319,-0.09470219910144806,0.10549739223746386
3945,79,37,-0.1,-0.2,-0.13684551417827606,-0.11370150744915009,0.09383507729847428
3946,79,38,-0.1,-0.2,-0.13065266609191895,-0.11256033182144165,0.09265679419081511
3947,79,39,-0.1,-0.2,-0.08938335627317429,-0.0923566073179245,0.10816567437098451
3948,79,40,-0.1,-0.2,-0.13084466755390167,-0.11268205940723419,0.09260570320381188
3949,79,41,-0.1,-0.2,-0.10698508471250534,-0.09951579570770264,0.10072669318853385
3950,79,42,-0.1,-0.2,-0.0971604585647583,-0.09552933275699615,0.10450924987655827
3951,79,43,-0.1,-0.2,-0.13897033035755157,-0.11292947828769684,0.09539372306095073
3952,79,44,-0.1,-0.2,-0.1089359000325203,-0.10119856894016266,0.09920470295738498
3953,79,45,-0.1,-0.2,-0.14196762442588806,-0.11250682175159454,0.09703781603045097
3954,79,46,-0.1,-0.2,-0.14235694706439972,-0.11194711923599243,0.09771090407655071
3955,79,47,-0.1,-0.2,-0.11966519057750702,-0.10345818102359772,0.09852432456871806
3956,79,48,-0.1,-0.2,-0.10082634538412094,-0.09594851732254028,0.10405476391819626
3957,80,0,0.0,-0.2,-0.07541701197624207,-0.2112681120634079,0.07625415427960733
3958,80,1,0.0,-0.2,-0.078646719455719,-0.2162264883518219,0.08030320918480394
3959,80,2,0.0,-0.2,-0.07763996720314026,-0.21246924996376038,0.07863489493833786
3960,80,3,0.0,-0.2,-0.09341638535261154,-0.2262800931930542,0.09704259039505916
3961,80,4,0.0,-0.2,-0.06489551067352295,-0.2270679771900177,0.07031431358362712
3962,80,5,0.0,-0.2,-0.07114536315202713,-0.21917027235031128,0.07368284766496833
3963,80,6,0.0,-0.2,-0.0689086988568306,-0.21173566579818726,0.06990089148121151
3964,80,7,0.0,-0.2,-0.07486807554960251,-0.21639713644981384,0.07664264361473189
3965,80,8,0.0,-0.2,-0.07362039387226105,-0.20772048830986023,0.07402410643600867
3966,80,9,0.0,-0.2,-0.06545164436101913,-0.21154354512691498,0.06646180244063842
3967,80,10,0.0,-0.2,-0.06534115970134735,-0.22221162915229797,0.06901321337770175
3968,80,11,0.0,-0.2,-0.09607253223657608,-0.24133920669555664,0.10458901214069241
3969,80,12,0.0,-0.2,-0.06303709745407104,-0.21677666902542114,0.06523137495885377
3970,80,13,0.0,-0.2,-0.06137872114777565,-0.21947506070137024,0.06439429632396379
3971,80,14,0.0,-0.2,-0.06103745847940445,-0.2140960991382599,0.0626440048890608
3972,80,15,0.0,-0.2,-0.06790643185377121,-0.2086225152015686,0.06845167094755361
3973,80,16,0.0,-0.2,-0.06148185580968857,-0.22192808985710144,0.06527526115293948
3974,80,17,0.0,-0.2,-0.0628032311797142,-0.21534770727157593,0.06465135702447869
3975,80,18,0.0,-0.2,-0.061416272073984146,-0.210417240858078,0.06229347784929699
3976,80,19,0.0,-0.2,-0.04849104583263397,-0.22035688161849976,0.05259072309041036
3977,80,20,0.0,-0.2,-0.06226290762424469,-0.21899762749671936,0.0650966935898386
3978,80,21,0.0,-0.2,-0.06577818840742111,-0.20628125965595245,0.06607741136748385
3979,80,22,0.0,-0.2,-0.06372059881687164,-0.2078506350517273,0.06420239235648555
3980,80,23,0.0,-0.2,-0.06890086829662323,-0.21525955200195312,0.0705704157514247
3981,80,24,0.0,-0.2,-0.06407707929611206,-0.21114444732666016,0.06503899443669878
3982,80,25,0.0,-0.2,-0.06478077918291092,-0.2121562659740448,0.06591148726873627
3983,80,26,0.0,-0.2,-0.060421332716941833,-0.22402822971343994,0.06502379003451908
3984,80,27,0.0,-0.2,-0.05898904800415039,-0.21975702047348022,0.06220970697909994
3985,80,28,0.0,-0.2,-0.07064896076917648,-0.2160499095916748,0.0724491218419214
3986,80,29,0.0,-0.2,-0.06588700413703918,-0.21178585290908813,0.06693282933620004
3987,80,30,0.0,-0.2,-0.07116328179836273,-0.21622401475906372,0.07298925490245466
3988,80,31,0.0,-0.2,-0.06955946981906891,-0.21270760893821716,0.07071070050873923
3989,80,32,0.0,-0.2,-0.06574829667806625,-0.2049965113401413,0.06593787713931332
3990,80,33,0.0,-0.2,-0.06104413419961929,-0.22313618659973145,0.06528146329976621
3991,80,34,0.0,-0.2,-0.06574495881795883,-0.21785199642181396,0.06812557072215661
3992,80,35,0.0,-0.2,-0.06512545049190521,-0.21115931868553162,0.06607461460575349
3993,80,36,0.0,-0.2,-0.08657056093215942,-0.22357511520385742,0.08972317469296257
3994,80,37,0.0,-0.2,-0.06582584977149963,-0.20789258182048798,0.06629732533016046
3995,80,38,0.0,-0.2,-0.07124702632427216,-0.2067202776670456,0.07156326496166676
3996,80,39,0.0,-0.2,-0.06526942551136017,-0.21362903714179993,0.06667719670168772
3997,80,40,0.0,-0.2,-0.05948479101061821,-0.21864870190620422,0.06233950949729545
3998,80,41,0.0,-0.2,-0.0623776838183403,-0.21601837873458862,0.06440158302266766
3999,80,42,0.0,-0.2,-0.06230129674077034,-0.2215857207775116,0.06593477775094277
4000,80,43,0.0,-0.2,-0.06165602430701256,-0.22166022658348083,0.06535006311393014
4001,80,44,0.0,-0.2,-0.06373605877161026,-0.21243217587471008,0.06493723265367782
4002,80,45,0.0,-0.2,-0.06345546245574951,-0.21039319038391113,0.06430096517027764
4003,80,46,0.0,-0.2,-0.06408882141113281,-0.2240774929523468,0.0684624181338812
4004,80,47,0.0,-0.2,-0.06201139837503433,-0.2140808403491974,0.06358996456491224
4005,80,48,0.0,-0.2,-0.06422027200460434,-0.21797886490821838,0.06668945133777406
4006,80,49,0.0,-0.2,-0.062679722905159,-0.22413697838783264,0.06716651985299084
4007,81,0,0.1,-0.2,-0.20369406044483185,-0.21953201293945312,0.3043215107069103
4008,81,1,0.1,-0.2,-0.22111211717128754,-0.22937634587287903,0.32245303765210476
4009,81,2,0.1,-0.2,-0.2217748463153839,-0.21363160014152527,0.322063459963572
4010,81,3,0.1,-0.2,-0.20234906673431396,-0.21580582857131958,0.30276192358342646
4011,81,4,0.1,-0.2,-0.20543639361858368,-0.21765285730361938,0.30594609642502113
4012,81,5,0.1,-0.2,-0.19887110590934753,-0.20819708704948425,0.2989834948347036
4013,81,6,0.1,-0.2,-0.19802425801753998,-0.20697559416294098,0.29810588266726856
4014,81,7,0.1,-0.2,-0.20404963195323944,-0.21458041667938232,0.3043990263477279
4015,81,8,0.1,-0.2,-0.1978078931570053,-0.22405311465263367,0.29877766575014775
4016,81,9,0.1,-0.2,-0.19481071829795837,-0.21621423959732056,0.2952562635899152
4017,81,10,0.1,-0.2,-0.20018570125102997,-0.22391098737716675,0.3011364982079117
4018,81,11,0.1,-0.2,-0.19900837540626526,-0.20907317101955414,0.29914600280706427
4019,81,12,0.1,-0.2,-0.2019885629415512,-0.212598979473114,0.3022512637380813
4020,81,13,0.1,-0.2,-0.1971510648727417,-0.2096622884273529,0.29730811487858466
4021,81,14,0.1,-0.2,-0.2049066722393036,-0.2183436155319214,0.30545796274909753
4022,81,15,0.1,-0.2,-0.1975371092557907,-0.21302244067192078,0.29782195242350085
4023,81,16,0.1,-0.2,-0.1941206455230713,-0.21257609128952026,0.29438938872695547
4024,81,17,0.1,-0.2,-0.21015919744968414,-0.22579535841941833,0.31123002470619443
4025,81,18,0.1,-0.2,-0.190115824341774,-0.23463895916938782,0.2921764005285943
4026,81,19,0.1,-0.2,-0.19490090012550354,-0.20912174880504608,0.29504194141866436
4027,81,20,0.1,-0.2,-0.22145098447799683,-0.23752257227897644,0.3236335564373762
4028,81,21,0.1,-0.2,-0.20127826929092407,-0.20940294861793518,0.30142496742912006
4029,81,22,0.1,-0.2,-0.1980305165052414,-0.20732328295707703,0.2981204777294749
4030,81,23,0.1,-0.2,-0.20213539898395538,-0.20376168191432953,0.30215881514531145
4031,81,24,0.1,-0.2,-0.1976335495710373,-0.2301923930644989,0.29916101087744756
4032,81,25,0.1,-0.2,-0.20102621614933014,-0.21235474944114685,0.30127964193243584
4033,81,26,0.1,-0.2,-0.21567773818969727,-0.20705586671829224,0.3157565828984557
4034,81,27,0.1,-0.2,-0.20304426550865173,-0.2105993926525116,0.30322957306681075
4035,81,28,0.1,-0.2,-0.19867132604122162,-0.2092951387166977,0.29881593097253756
4036,81,29,0.1,-0.2,-0.20274107158184052,-0.213499516248703,0.3030419003396561
4037,81,30,0.1,-0.2,-0.20349593460559845,-0.21877813339233398,0.30407630722538376
4038,81,31,0.1,-0.2,-0.18235987424850464,-0.23191049695014954,0.28415731277100165
4039,81,32,0.1,-0.2,-0.20251359045505524,-0.2155236303806305,0.3029116298695105
4040,81,33,0.1,-0.2,-0.20345523953437805,-0.2178030014038086,0.30397702094048284
4041,81,34,0.1,-0.2,-0.2039131224155426,-0.2139444649219513,0.3042328616016424
4042,81,35,0.1,-0.2,-0.19628013670444489,-0.2100919783115387,0.29645196479673586
4043,81,36,0.1,-0.2,-0.19774939119815826,-0.2138734757900238,0.2980724296028907
4044,81,37,0.1,-0.2,-0.19566303491592407,-0.21060298383235931,0.29585309442668367
4045,81,38,0.1,-0.2,-0.20510661602020264,-0.21216431260108948,0.3053490095617741
4046,81,39,0.1,-0.2,-0.2020706832408905,-0.21465519070625305,0.30242597819674
4047,81,40,0.1,-0.2,-0.19920994341373444,-0.20989739894866943,0.2993735939317282
4048,81,41,0.1,-0.2,-0.19637829065322876,-0.2005772739648819,0.2963788528484451
4049,81,42,0.1,-0.2,-0.1981928050518036,-0.20647980272769928,0.29826320059312184
4050,81,43,0.1,-0.2,-0.20308856666088104,-0.20962630212306976,0.30324139712960024
4051,81,44,0.1,-0.2,-0.20073403418064117,-0.2115536332130432,0.30095588672591966
4052,81,45,0.1,-0.2,-0.19405193626880646,-0.2078242003917694,0.29415601189709645
4053,81,46,0.1,-0.2,-0.2054750770330429,-0.22162967920303345,0.30623988262597285
4054,81,47,0.1,-0.2,-0.1961716264486313,-0.2106764018535614,0.29636399556924303
4055,81,48,0.1,-0.2,-0.193022683262825,-0.20656076073646545,0.29309612158468934
4056,82,0,0.2,-0.2,0.09909079223871231,-0.03078019618988037,0.1970228672325781
4057,82,1,0.2,-0.2,0.0351066030561924,-0.04420701414346695,0.22685080294713972
4058,82,2,0.2,-0.2,0.09283125400543213,-0.013738393783569336,0.21489189391034016
4059,82,3,0.2,-0.2,0.0798254907131195,-0.05072716623544693,0.19163583063311107
4060,82,4,0.2,-0.2,0.11843033879995346,0.008932892233133316,0.22429124611806073
4061,82,5,0.2,-0.2,0.07815565913915634,0.002137787640094757,0.2360206105234149
4062,82,6,0.2,-0.2,0.15412171185016632,0.03662250563502312,0.24102910093296975
4063,82,7,0.2,-0.2,0.028908031061291695,-0.06112590432167053,0.22035987902927734
4064,82,8,0.2,-0.2,0.046891406178474426,-0.09187060594558716,0.18744121041163653
4065,82,9,0.2,-0.2,0.1494109034538269,-0.004781246185302734,0.20166709828408155
4066,82,10,0.2,-0.2,0.06839073449373245,0.0006156899034976959,0.23993260262531138
4067,82,11,0.2,-0.2,0.06628095358610153,-0.03859224170446396,0.2096025949549111
4068,82,12,0.2,-0.2,0.13472265005111694,0.018542001023888588,0.22808274513402862
4069,82,13,0.2,-0.2,0.117583267390728,-0.018121387809515,0.19968061344638613
4070,82,14,0.2,-0.2,-0.04521232098340988,-0.011286195367574692,0.3094220134717568
4071,82,15,0.2,-0.2,0.06752270460128784,0.006005275994539261,0.24492531011258095
4072,82,16,0.2,-0.2,0.015327438712120056,-0.016778606921434402,0.2601423336834588
4073,82,17,0.2,-0.2,0.06268768012523651,-0.08867517113685608,0.17677072922516798
4074,82,18,0.2,-0.2,0.1084958165884018,-0.006341088563203812,0.21418867748017933
4075,82,19,0.2,-0.2,0.10460476577281952,-0.03383257985115051,0.19160339827931785
4076,82,20,0.2,-0.2,0.1338321417570114,-0.02485700696706772,0.1872251411349395
4077,82,21,0.2,-0.2,0.15389858186244965,0.007994230836629868,0.21304211042799623
4078,82,22,0.2,-0.2,0.07411668449640274,0.043012555688619614,0.273681770208563
4079,82,23,0.2,-0.2,0.06654762476682663,0.002096407115459442,0.24218277028796503
4080,82,24,0.2,-0.2,0.09925219416618347,0.002814333885908127,0.22645921136026467
4081,82,25,0.2,-0.2,0.062381573021411896,0.012689607217907906,0.2533292333359278
4082,82,26,0.2,-0.2,-0.00793906394392252,-0.16882741451263428,0.21026265574238767
4083,82,27,0.2,-0.2,0.11762174963951111,0.004693400114774704,0.22064805501749307
4084,82,28,0.2,-0.2,0.08622021228075027,0.05224912613630295,0.2767227163244211
4085,82,29,0.2,-0.2,0.041236989200115204,-0.029318906366825104,0.23310454590603968
4086,82,30,0.2,-0.2,0.12331657111644745,0.07089193165302277,0.2815364752568392
4087,82,31,0.2,-0.2,0.13971658051013947,0.0106202382594347,0.21907755574191426
4088,82,32,0.2,-0.2,0.1166703850030899,0.021299736574292183,0.23646859864130879
4089,82,33,0.2,-0.2,0.10346351563930511,0.012959733605384827,0.23381860693708525
4090,82,34,0.2,-0.2,0.05501995235681534,-0.019182533025741577,0.23176317778630653
4091,82,35,0.2,-0.2,0.07979794591665268,0.007640305906534195,0.23992296772675822
4092,82,36,0.2,-0.2,0.05906626582145691,-0.016188975423574448,0.2316221280131576
4093,82,37,0.2,-0.2,0.1138843521475792,-0.010071888566017151,0.20853918652838743
4094,82,38,0.2,-0.2,0.11519515514373779,-0.0017509274184703827,0.21562596432371336
4095,82,39,0.2,-0.2,0.04318300634622574,-0.029491804540157318,0.2316562414820283
4096,82,40,0.2,-0.2,0.20083202421665192,0.030349161475896835,0.23035066411223104
4097,82,41,0.2,-0.2,0.06658007949590683,-0.018352370709180832,0.22538131336535736
4098,82,42,0.2,-0.2,-0.07425351440906525,-0.004478007555007935,0.3368142510277481
4099,82,43,0.2,-0.2,0.06389428675174713,-0.06457744538784027,0.1920000871783631
4100,82,44,0.2,-0.2,0.07856884598731995,-0.016594193875789642,0.21996184870318458
4101,82,45,0.2,-0.2,0.0780201181769371,-0.07504542917013168,0.17462169493177235
4102,82,46,0.2,-0.2,0.06303859502077103,-0.03621239960193634,0.21350598234719362
4103,82,47,0.2,-0.2,-0.039258603006601334,-0.08339066803455353,0.2661623854230687
4104,82,48,0.2,-0.2,0.12418749183416367,0.005913093686103821,0.2194259295201394
4105,83,0,0.3,-0.2,-0.4349948465824127,-0.2806970477104187,0.7394115484707297
4106,83,1,0.3,-0.2,-0.4096600115299225,-0.26958557963371277,0.7130634507935528
4107,83,2,0.3,-0.2,-0.40559351444244385,-0.25827908515930176,0.7079962283728949
4108,83,3,0.3,-0.2,-0.37705910205841064,-0.26268133521080017,0.6799543936647149
4109,83,4,0.3,-0.2,-0.20880751311779022,-0.23726561665534973,0.5101703750609338
4110,83,5,0.3,-0.2,-0.36663109064102173,-0.25031208992004395,0.6685269758217396
4111,83,6,0.3,-0.2,-0.324039101600647,-0.25442057847976685,0.6264075348274597
4112,83,7,0.3,-0.2,-0.42347171902656555,-0.27782073616981506,0.7276451025117024
4113,83,8,0.3,-0.2,-0.38614463806152344,-0.2552235722541809,0.6883633541038423
4114,83,9,0.3,-0.2,-0.3548815846443176,-0.25540977716445923,0.6572215252954422
4115,83,10,0.3,-0.2,-0.369432657957077,-0.2560887634754181,0.6717782617260537
4116,83,11,0.3,-0.2,-0.36139753460884094,-0.25241225957870483,0.6634709818377881
4117,83,12,0.3,-0.2,-0.36745697259902954,-0.25181055068969727,0.6694648186677411
4118,83,13,0.3,-0.2,-0.3547942042350769,-0.25540539622306824,0.6571340866447903
4119,83,14,0.3,-0.2,-0.3604022264480591,-0.2573549151420593,0.6628881406304584
4120,83,15,0.3,-0.2,-0.3745470941066742,-0.2479504644870758,0.6762492360160451
4121,83,16,0.3,-0.2,-0.40312811732292175,-0.26404789090156555,0.7060391502593998
4122,83,17,0.3,-0.2,-0.3358133137226105,-0.25529661774635315,0.6382133544835247
4123,83,18,0.3,-0.2,-0.3811919093132019,-0.2528139352798462,0.683236217624263
4124,83,19,0.3,-0.2,-0.31706494092941284,-0.25548553466796875,0.6195545059812011
4125,83,20,0.3,-0.2,-0.3500765562057495,-0.25368669629096985,0.6522896521385004
4126,83,21,0.3,-0.2,-0.3908681869506836,-0.25541386008262634,0.6930869697446214
4127,83,22,0.3,-0.2,-0.38927122950553894,-0.2652930021286011,0.6923568472623369
4128,83,23,0.3,-0.2,-0.4056776762008667,-0.2727898359298706,0.709421837063783
4129,83,24,0.3,-0.2,-0.37787166237831116,-0.2416190505027771,0.6791480957937582
4130,83,25,0.3,-0.2,-0.4192565083503723,-0.26797157526016235,0.7224611130349627
4131,83,26,0.3,-0.2,-0.4053454101085663,-0.2584138512611389,0.7077600762831852
4132,83,27,0.3,-0.2,-0.35726797580718994,-0.23627817630767822,0.6582684088560622
4133,83,28,0.3,-0.2,-0.37956613302230835,-0.26092422008514404,0.6822916456647237
4134,83,29,0.3,-0.2,-0.4426696300506592,-0.3017159402370453,0.7496027694038285
4135,83,30,0.3,-0.2,-0.3035898804664612,-0.2544706165790558,0.6060427310611187
4136,83,31,0.3,-0.2,-0.36017265915870667,-0.259074866771698,0.6628105157469756
4137,83,32,0.3,-0.2,-0.4078967869281769,-0.2702958583831787,0.7113784988661553
4138,83,33,0.3,-0.2,-0.2773771584033966,-0.2518986761569977,0.5797049729240124
4139,83,34,0.3,-0.2,-0.36238303780555725,-0.2501301169395447,0.6642772895387067
4140,83,35,0.3,-0.2,-0.40325191617012024,-0.26555827260017395,0.7063010298047601
4141,83,36,0.3,-0.2,-0.314254492521286,-0.25787049531936646,0.6169745341674091
4142,83,37,0.3,-0.2,-0.3523549437522888,-0.2334330976009369,0.6532111026714456
4143,83,38,0.3,-0.2,-0.430287629365921,-0.25926339626312256,0.7326883182783364
4144,83,39,0.3,-0.2,-0.37709298729896545,-0.2590962052345276,0.679667032393479
4145,83,40,0.3,-0.2,-0.3718693256378174,-0.2530703544616699,0.6739620562433043
4146,83,41,0.3,-0.2,-0.3292238116264343,-0.25338655710220337,0.6314845442264801
4147,83,42,0.3,-0.2,-0.36613619327545166,-0.24733543395996094,0.6678158962616028
4148,83,43,0.3,-0.2,-0.3799961805343628,-0.2607332468032837,0.6827029608904522
4149,83,44,0.3,-0.2,-0.45235681533813477,-0.29149702191352844,0.757900047898656
4150,83,45,0.3,-0.2,-0.3749490976333618,-0.25741955637931824,0.6773871048749652
4151,83,46,0.3,-0.2,-0.37121903896331787,-0.2534126937389374,0.673340860277534
4152,83,47,0.3,-0.2,-0.3704812824726105,-0.24256718158721924,0.6718311656170736
4153,83,48,0.3,-0.2,-0.39041760563850403,-0.25317665934562683,0.6924624374468017
4154,84,0,0.4,-0.2,-0.2411632090806961,-0.22480925917625427,0.6416430160295762
4155,84,1,0.4,-0.2,-0.2429559826850891,-0.17467713356018066,0.6434544608869206
4156,84,2,0.4,-0.2,-0.27604371309280396,-0.19974656403064728,0.676043760596972
4157,84,3,0.4,-0.2,-0.27374643087387085,-0.19245684146881104,0.6737886555559587
4158,84,4,0.4,-0.2,-0.26947730779647827,-0.23406022787094116,0.670343169411788
4159,84,5,0.4,-0.2,-0.2910023629665375,-0.21767336130142212,0.6912283366045037
4160,84,6,0.4,-0.2,-0.29013723134994507,-0.1954803168773651,0.690152030809804
4161,84,7,0.4,-0.2,-0.28682827949523926,-0.20365868508815765,0.6868380242029155
4162,84,8,0.4,-0.2,-0.24278953671455383,-0.1673596054315567,0.643617731162912
4163,84,9,0.4,-0.2,-0.25922659039497375,-0.17825236916542053,0.659585215821807
4164,84,10,0.4,-0.2,-0.2768564224243164,-0.19064030051231384,0.6769211331843205
4165,84,11,0.4,-0.2,-0.28476887941360474,-0.24459987878799438,0.6862197661108778
4166,84,12,0.4,-0.2,-0.2965414524078369,-0.22207751870155334,0.6968912481545714
4167,84,13,0.4,-0.2,-0.29283884167671204,-0.21744468808174133,0.6930584229905855
4168,84,14,0.4,-0.2,-0.2882096767425537,-0.207732692360878,0.6882531174598763
4169,84,15,0.4,-0.2,-0.2663584351539612,-0.1850733757019043,0.6665255945676598
4170,84,16,0.4,-0.2,-0.2821137607097626,-0.2143937051296234,0.6822656090533757
4171,84,17,0.4,-0.2,-0.2793089747428894,-0.20665378868579865,0.679341560682188
4172,84,18,0.4,-0.2,-0.28777241706848145,-0.1988621950149536,0.6877733582223182
4173,84,19,0.4,-0.2,-0.30223608016967773,-0.22981896996498108,0.7028688947889545
4174,84,20,0.4,-0.2,-0.3059568703174591,-0.20790928602218628,0.7060011753204116
4175,84,21,0.4,-0.2,-0.28008416295051575,-0.19128470122814178,0.6801400040644473
4176,84,22,0.4,-0.2,-0.2698233127593994,-0.21138417720794678,0.6699200473240655
4177,84,23,0.4,-0.2,-0.22150591015815735,-0.30008450150489807,0.6295129099573761
4178,84,24,0.4,-0.2,-0.28445348143577576,-0.20195841789245605,0.6844562832279322
4179,84,25,0.4,-0.2,-0.28419381380081177,-0.2111477255821228,0.6842846239898674
4180,84,26,0.4,-0.2,-0.28286466002464294,-0.18660345673561096,0.6829960550998856
4181,84,27,0.4,-0.2,-0.28466081619262695,-0.2001064121723175,0.6846608244620869
4182,84,28,0.4,-0.2,-0.2704847455024719,-0.17573998868465424,0.670923499439791
4183,84,29,0.4,-0.2,-0.2684515118598938,-0.18239766359329224,0.6686832328948833
4184,84,30,0.4,-0.2,-0.28196027874946594,-0.19660747051239014,0.681968717059935
4185,84,31,0.4,-0.2,-0.24492807686328888,-0.16932590305805206,0.6456571261511672
4186,84,32,0.4,-0.2,-0.28487536311149597,-0.20635747909545898,0.6849048696991085
4187,84,33,0.4,-0.2,-0.3002888560295105,-0.23853471875190735,0.7013482775543183
4188,84,34,0.4,-0.2,-0.25346556305885315,-0.17955102026462555,0.6537854410095423
4189,84,35,0.4,-0.2,-0.288369357585907,-0.19722819328308105,0.6883749380793219
4190,84,36,0.4,-0.2,-0.2626146674156189,-0.17214104533195496,0.66320005943117
4191,84,37,0.4,-0.2,-0.22083109617233276,-0.15052402019500732,0.6227994240140274
4192,84,38,0.4,-0.2,-0.26166433095932007,-0.18534408509731293,0.6618266258662305
4193,84,39,0.4,-0.2,-0.2980901896953583,-0.2005690187215805,0.6980904216011038
4194,84,40,0.4,-0.2,-0.28774285316467285,-0.1988121122121811,0.687743879039633
4195,84,41,0.4,-0.2,-0.2513985335826874,-0.17027164995670319,0.6520765479220767
4196,84,42,0.4,-0.2,-0.29377374053001404,-0.20092228055000305,0.6937743535548285
4197,84,43,0.4,-0.2,-0.2996026277542114,-0.21179670095443726,0.6997020786834967
4198,84,44,0.4,-0.2,-0.2600921094417572,-0.17173247039318085,0.6606970910919324
4199,84,45,0.4,-0.2,-0.2944924831390381,-0.2033473253250122,0.6945005498366856
4200,84,46,0.4,-0.2,-0.2990257441997528,-0.22000813484191895,0.6993120308659581
4201,84,47,0.4,-0.2,-0.2999354302883148,-0.19812679290771484,0.6999379368756198
4202,84,48,0.4,-0.2,-0.3018968999385834,-0.20932736992835999,0.7019588719954853
4203,84,49,0.4,-0.2,-0.26428142189979553,-0.28035464882850647,0.6691238129595799
4204,85,0,0.5,-0.2,-0.2798786163330078,0.11135460436344147,0.8397334969332841
4205,85,1,0.5,-0.2,-0.09984275698661804,0.02952052652835846,0.6422546264583555
4206,85,2,0.5,-0.2,-0.1411486119031906,-0.03228549659252167,0.6627214325782781
4207,85,3,0.5,-0.2,-0.14961661398410797,-0.01628577709197998,0.6750945569791503
4208,85,4,0.5,-0.2,-0.2732727825641632,0.06688152253627777,0.8180321163168384
4209,85,5,0.5,-0.2,-0.08542384952306747,-0.07953866571187973,0.597688896206782
4210,85,6,0.5,-0.2,-0.07850629091262817,-0.07281377166509628,0.5923224335643085
4211,85,7,0.5,-0.2,0.033834170550107956,-0.06285278499126434,0.4859217417767579
4212,85,8,0.5,-0.2,-0.05689624696969986,-0.076270192861557,0.5704756743836263
4213,85,9,0.5,-0.2,0.017573319375514984,-0.061202362179756165,0.5019963012242604
4214,85,10,0.5,-0.2,0.08019081503152847,-0.01885802298784256,0.4572222300148641
4215,85,11,0.5,-0.2,-0.22592134773731232,-0.04966706037521362,0.741324352653402
4216,85,12,0.5,-0.2,-0.17257577180862427,-0.03013482689857483,0.6936947065220721
4217,85,13,0.5,-0.2,-0.10954701900482178,0.07235381007194519,0.6676257681054333
4218,85,14,0.5,-0.2,-0.1041698157787323,-0.02554844319820404,0.6288517408488885
4219,85,15,0.5,-0.2,0.06000969558954239,0.13059748709201813,0.5503509484381437
4220,85,16,0.5,-0.2,-0.21328045427799225,-0.004981711506843567,0.7394600322544951
4221,85,17,0.5,-0.2,0.04020501673221588,-0.04668080806732178,0.4846836094331139
4222,85,18,0.5,-0.2,0.00714551005512476,-0.0067910365760326385,0.5293725076032822
4223,85,19,0.5,-0.2,-0.09463873505592346,-0.11199845373630524,0.601115211397707
4224,85,20,0.5,-0.2,-0.020929992198944092,-0.08601174503564835,0.533255453832598
4225,85,21,0.5,-0.2,0.02508891560137272,-0.08693143725395203,0.48818545448030004
4226,85,22,0.5,-0.2,-0.058427594602108,-0.10833431780338287,0.5659010299563586
4227,85,23,0.5,-0.2,-0.08409500867128372,-0.05708744376897812,0.6013243533095861
4228,85,24,0.5,-0.2,-0.06756916642189026,0.002432793378829956,0.6025892419451209
4229,85,25,0.5,-0.2,-0.038588158786296844,-0.06013768911361694,0.556451858466923
4230,85,26,0.5,-0.2,-0.12690167129039764,-0.12182843685150146,0.6317566768557128
4231,85,27,0.5,-0.2,-0.051038727164268494,-0.09836912155151367,0.5603325033308599
4232,85,28,0.5,-0.2,-0.003779528196901083,-0.027032576501369476,0.5326457947098117
4233,85,29,0.5,-0.2,-0.17114239931106567,0.008435826748609543,0.7027642663264762
4234,85,30,0.5,-0.2,-0.09007743746042252,-0.0445835217833519,0.6102013306287727
4235,85,31,0.5,-0.2,-0.01148437149822712,-0.03481120616197586,0.5374975347818793
4236,85,32,0.5,-0.2,0.054464347660541534,-0.08008328080177307,0.4613914141472652
4237,85,33,0.5,-0.2,-0.12087127566337585,0.16583800315856934,0.7206376242598752
4238,85,34,0.5,-0.2,0.06464672088623047,-0.05924709886312485,0.45754109849669095
4239,85,35,0.5,-0.2,-0.023302452638745308,-0.08749593794345856,0.5352593959165485
4240,85,36,0.5,-0.2,-0.15314285457134247,0.1031876653432846,0.7200821820416843
4241,85,37,0.5,-0.2,0.05706184729933739,-0.025496743619441986,0.4760730969140078
4242,85,38,0.5,-0.2,-0.18409180641174316,0.04972420632839203,0.7282470589202727
4243,85,39,0.5,-0.2,0.032588206231594086,-0.05024474859237671,0.49081607581451453
4244,85,40,0.5,-0.2,-0.12881848216056824,-0.09908859431743622,0.6368640320378847
4245,85,41,0.5,-0.2,0.05838790908455849,-0.07327231764793396,0.45943568028292525
4246,85,42,0.5,-0.2,-0.15302954614162445,-0.021843787282705307,0.6768952830857266
4247,85,43,0.5,-0.2,-0.13710461556911469,-0.02168227732181549,0.6615886194612203
4248,85,44,0.5,-0.2,0.09462450444698334,0.0982891172170639,0.5032948339144653
4249,85,45,0.5,-0.2,-0.2283906489610672,0.14550837874412537,0.8061817272031899
4250,85,46,0.5,-0.2,-0.21923591196537018,-0.015626057982444763,0.7424917828203559
4251,85,47,0.5,-0.2,-0.26908525824546814,0.026194900274276733,0.801658448069119
4252,85,48,0.5,-0.2,0.020026277750730515,0.07250745594501495,0.5519375758140074
4253,85,49,0.5,-0.2,-0.06527748703956604,-0.12094645202159882,0.570778504151777
4254,86,0,0.6,-0.2,-0.3906407952308655,0.09096251428127289,1.0324864986490243
4255,86,1,0.6,-0.2,-0.15649154782295227,0.061823539435863495,0.8005192238355612
4256,86,2,0.6,-0.2,-0.21032077074050903,0.05752011388540268,0.8502566439311389
4257,86,3,0.6,-0.2,-0.13686759769916534,0.008668657392263412,0.7658436296769914
4258,86,4,0.6,-0.2,0.018311433494091034,-0.043101824820041656,0.6024770748987053
4259,86,5,0.6,-0.2,-0.22533993422985077,0.06086059287190437,0.8655831883464558
4260,86,6,0.6,-0.2,-0.2060265988111496,0.03635158762335777,0.8399648510283937
4261,86,7,0.6,-0.2,-0.22283953428268433,0.03596487641334534,0.8560048610138322
4262,86,8,0.6,-0.2,-0.09253886342048645,-0.0071708522737026215,0.7188832711647903
4263,86,9,0.6,-0.2,0.08141016960144043,0.033287469297647476,0.5686461602122251
4264,86,10,0.6,-0.2,-0.09004396200180054,0.05496418476104736,0.7356408124934395
4265,86,11,0.6,-0.2,-0.1853400021791458,0.05524405092000961,0.8257774788360344
4266,86,12,0.6,-0.2,-0.15388984978199005,0.03713969141244888,0.7903069902560036
4267,86,13,0.6,-0.2,-0.1400201916694641,0.028484556823968887,0.7744902044477747
4268,86,14,0.6,-0.2,-0.024779506027698517,-0.005120817571878433,0.6544672084192362
4269,86,15,0.6,-0.2,-0.09038852155208588,0.024995751678943634,0.7261262968412918
4270,86,16,0.6,-0.2,-0.1898646354675293,0.024075496941804886,0.8210334772053876
4271,86,17,0.6,-0.2,-0.2864576280117035,0.0282890722155571,0.9153813559130289
4272,86,18,0.6,-0.2,-0.19755004346370697,0.043839231133461,0.8339925913751982
4273,86,19,0.6,-0.2,-0.09239475429058075,0.004307631403207779,0.7219086535142121
4274,86,20,0.6,-0.2,-0.10819623619318008,0.012027181684970856,0.7392546480959441
4275,86,21,0.6,-0.2,0.024049486964941025,-0.039976730942726135,0.5977678814599562
4276,86,22,0.6,-0.2,-0.2584073841571808,0.04833599925041199,0.8936072994885809
4277,86,23,0.6,-0.2,-0.4085487425327301,0.09173329174518585,1.0498946992802816
4278,86,24,0.6,-0.2,-0.27191513776779175,0.0499873012304306,0.9070444632128577
4279,86,25,0.6,-0.2,-0.2921283543109894,0.03923378884792328,0.9236480965671758
4280,86,26,0.6,-0.2,-0.009561959654092789,0.007217086851596832,0.6438203971144437
4281,86,27,0.6,-0.2,-1.0336632840335369e-05,-0.015539303421974182,0.6277245834347296
4282,86,28,0.6,-0.2,-0.26069849729537964,0.0331432931125164,0.8917161534759104
4283,86,29,0.6,-0.2,-0.027827778831124306,-0.0012407749891281128,0.6585384950015797
4284,86,30,0.6,-0.2,-0.07446020841598511,-0.04226342588663101,0.6926596563605797
4285,86,31,0.6,-0.2,-0.4006223678588867,0.11261706054210663,1.0483198698877707
4286,86,32,0.6,-0.2,-0.23675833642482758,0.05906900763511658,0.8759459254391728
4287,86,33,0.6,-0.2,-0.2207936942577362,0.058924611657857895,0.8606650004824378
4288,86,34,0.6,-0.2,-0.2105998396873474,0.05205795168876648,0.8488847454812047
4289,86,35,0.6,-0.2,-0.2245246320962906,0.042956359684467316,0.8595746981180005
4290,86,36,0.6,-0.2,-0.049965206533670425,0.05572529882192612,0.6984627392795697
4291,86,37,0.6,-0.2,-0.058802999556064606,0.0024806633591651917,0.6892168100521313
4292,86,38,0.6,-0.2,-0.3265843093395233,0.05443136394023895,0.9608817831922363
4293,86,39,0.6,-0.2,-0.2092949002981186,0.03887480869889259,0.8438124257674061
4294,86,40,0.6,-0.2,-0.16898676753044128,0.05904031917452812,0.8114447212194792
4295,86,41,0.6,-0.2,-0.08895070105791092,0.03684978932142258,0.7285265205809526
4296,86,42,0.6,-0.2,-0.23203100264072418,0.05147865414619446,0.8692048681677468
4297,86,43,0.6,-0.2,-0.3920547664165497,0.14803865551948547,1.0513341834571945
4298,86,44,0.6,-0.2,-0.2134772092103958,0.054407745599746704,0.8523311979071748
4299,86,45,0.6,-0.2,-0.13579367101192474,0.06231357157230377,0.7811534651604783
4300,86,46,0.6,-0.2,0.053309064358472824,-0.08825129270553589,0.5579952980936239
4301,86,47,0.6,-0.2,-0.1698969155550003,0.02918369136750698,0.8032847720266705
4302,86,48,0.6,-0.2,-0.20969636738300323,0.048407815396785736,0.846944301653559
4303,86,49,0.6,-0.2,-0.047494638711214066,0.0384056530892849,0.689990262673825
4304,87,0,0.8,-0.2,0.3335150182247162,0.42520859837532043,0.7800602731227373
4305,87,1,0.8,-0.2,-0.36626532673835754,-0.2875528633594513,1.1695470560155186
4306,87,2,0.8,-0.2,-0.11025018244981766,-0.04024531692266464,0.9241628392307636
4307,87,3,0.8,-0.2,0.3147374093532562,0.40596887469291687,0.7763234242104183
4308,87,4,0.8,-0.2,-0.25291821360588074,-0.18265579640865326,1.0530610551820903
4309,87,5,0.8,-0.2,-0.3662182092666626,-0.27903303503990173,1.1688931226817787
4310,87,6,0.8,-0.2,-0.4359360933303833,0.24300475418567657,1.3129323055770552
4311,87,7,0.8,-0.2,-0.04381190240383148,0.390148401260376,1.0297056191691638
4312,87,8,0.8,-0.2,-0.1574430912733078,0.3363032042980194,1.0974144157825296
4313,87,9,0.8,-0.2,-0.3601551353931427,-0.027889013290405273,1.172852134723398
4314,87,10,0.8,-0.2,0.25510936975479126,0.32893165946006775,0.7593908738641794
4315,87,11,0.8,-0.2,-0.17831778526306152,0.15540003776550293,1.0408721707326711
4316,87,12,0.8,-0.2,0.052514009177684784,0.3533956706523895,0.9300441251749437
4317,87,13,0.8,-0.2,0.18251480162143707,0.2905179262161255,0.7886037066587892
4318,87,14,0.8,-0.2,-0.27330633997917175,0.017546800896525383,1.0951315491847535
4319,87,15,0.8,-0.2,0.07038452476263046,0.3003813326358795,0.884714767456897
4320,87,16,0.8,-0.2,-0.22904044389724731,0.008267849683761597,1.049904630139396
4321,87,17,0.8,-0.2,-0.3202642500400543,0.12196722626686096,1.1656135228744482
4322,87,18,0.8,-0.2,-0.2641228139400482,0.02716873213648796,1.088100636893567
4323,87,19,0.8,-0.2,-0.2982904314994812,0.03232137858867645,1.1225930228148846
4324,87,20,0.8,-0.2,0.21327537298202515,0.3939288556575775,0.8348636257090742
4325,87,21,0.8,-0.2,0.15472692251205444,0.2625036835670471,0.7939061669012601
4326,87,22,0.8,-0.2,0.2178521454334259,0.3530051112174988,0.8029388380251283
4327,87,23,0.8,-0.2,0.2774621546268463,0.3762247860431671,0.7778694002836926
4328,87,24,0.8,-0.2,0.21552465856075287,0.3158330023288727,0.7795480171497734
4329,87,25,0.8,-0.2,-0.021760668605566025,0.2681310772895813,0.9457469545239736
4330,87,26,0.8,-0.2,-0.04538458585739136,0.1105218306183815,0.9006102960192405
4331,87,27,0.8,-0.2,-0.39954379200935364,0.05498972162604332,1.2263462264316332
4332,87,28,0.8,-0.2,0.1723807454109192,0.2612301707267761,0.7788704636328203
4333,87,29,0.8,-0.2,0.1250108778476715,0.3502179682254791,0.870833007862096
4334,87,30,0.8,-0.2,0.12939570844173431,0.4481091797351837,0.9326068972044846
4335,87,31,0.8,-0.2,0.23380056023597717,0.2957785725593567,0.7525810246067108
4336,87,32,0.8,-0.2,-0.12579740583896637,0.1798577904701233,1.0006961465095205
4337,87,33,0.8,-0.2,0.04008401930332184,0.17743395268917084,0.8484861144183595
4338,87,34,0.8,-0.2,0.32035237550735474,0.385796457529068,0.7571124971462582
4339,87,35,0.8,-0.2,0.34142428636550903,0.3922071158885956,0.7489999687880308
4340,87,36,0.8,-0.2,-0.17943118512630463,0.1563069075345993,1.0422284100689192
4341,87,37,0.8,-0.2,0.16149155795574188,0.2751767337322235,0.7959183116640867
4342,87,38,0.8,-0.2,0.1102285236120224,0.216020867228508,0.8055172571757915
4343,87,39,0.8,-0.2,0.2660849094390869,0.403231143951416,0.8055762763150377
4344,87,40,0.8,-0.2,-0.30919620394706726,0.16257303953170776,1.1669513391079533
4345,87,41,0.8,-0.2,-0.3911764919757843,-0.2769445478916168,1.1936590377850709
4346,87,42,0.8,-0.2,-0.36964014172554016,-0.274183452129364,1.1719902924963037
4347,87,43,0.8,-0.2,-0.3188224136829376,-0.018085379153490067,1.1335151179569878
4348,87,44,0.8,-0.2,-0.12715893983840942,-0.0904930979013443,0.9336034818537943
4349,87,45,0.8,-0.2,-0.25165265798568726,0.34499335289001465,1.184479239050926
4350,87,46,0.8,-0.2,0.34479519724845886,0.3809812366962433,0.7380722253554632
4351,87,47,0.8,-0.2,-0.026066262274980545,0.13875025510787964,0.8928254056670938
4352,87,48,0.8,-0.2,-0.20522108674049377,-0.14845150709152222,1.0065419416740042
4353,88,0,1.0,-0.2,0.150884211063385,0.39838773012161255,1.0387807750346296
4354,88,1,1.0,-0.2,0.14293137192726135,0.424711674451828,1.0605806472979284
4355,88,2,1.0,-0.2,0.05205482617020607,0.3920243978500366,1.1176282656755316
4356,88,3,1.0,-0.2,0.07185351103544235,0.357541024684906,1.0827316838367347
4357,88,4,1.0,-0.2,-0.04684673994779587,0.34038645029067993,1.1780940593166105
4358,88,5,1.0,-0.2,0.05584064871072769,0.39726385474205017,1.1172112570182562
4359,88,6,1.0,-0.2,0.0425722561776638,0.3921453654766083,1.1257459831134886
4360,88,7,1.0,-0.2,0.10288553684949875,0.4041072726249695,1.0815544169537616
4361,88,8,1.0,-0.2,-0.026979787275195122,0.36911237239837646,1.174127921433058
4362,88,9,1.0,-0.2,-0.21087683737277985,0.33455076813697815,1.323618993140299
4363,88,10,1.0,-0.2,0.10254418849945068,0.40802809596061707,1.0840318717978743
4364,88,11,1.0,-0.2,-0.08565739542245865,0.2883068919181824,1.1904182462186441
4365,88,12,1.0,-0.2,-0.03831186145544052,0.3543339669704437,1.1770206746596472
4366,88,13,1.0,-0.2,0.00016916327876970172,0.3811049461364746,1.156436189542229
4367,88,14,1.0,-0.2,0.2247624546289444,0.3991719186306,0.9797960195001885
4368,88,15,1.0,-0.2,0.12471555918455124,0.418054461479187,1.0715008957942782
4369,88,16,1.0,-0.2,-0.006041316315531731,0.37960708141326904,1.1610613674385586
4370,88,17,1.0,-0.2,-0.11915779858827591,0.37684157490730286,1.2590712373342874
4371,88,18,1.0,-0.2,-0.29503533244132996,0.09054431319236755,1.3272273769779805
4372,88,19,1.0,-0.2,0.25019338726997375,0.43671584129333496,0.9836752609716048
4373,88,20,1.0,-0.2,0.13153566420078278,0.3947437107563019,1.0525922211565841
4374,88,21,1.0,-0.2,0.0512877032160759,0.38345494866371155,1.113765998398767
4375,88,22,1.0,-0.2,-0.005001476034522057,0.3759269416332245,1.1583262963994936
4376,88,23,1.0,-0.2,-0.016438091173768044,0.3325071930885315,1.147479979729494
4377,88,24,1.0,-0.2,-0.052033182233572006,0.386429101228714,1.2044388350133906
4378,88,25,1.0,-0.2,-0.071868397295475,0.34744834899902344,1.2035786455161652
4379,88,26,1.0,-0.2,-0.11272602528333664,0.20828013122081757,1.1852644738169371
4380,88,27,1.0,-0.2,0.029086025431752205,0.3889293968677521,1.1355667221730859
4381,88,28,1.0,-0.2,-0.12640966475009918,0.35826823115348816,1.2571643292575856
4382,88,29,1.0,-0.2,-0.008405502885580063,0.41898518800735474,1.1832262341675914
4383,88,30,1.0,-0.2,0.0035937298089265823,0.38138920068740845,1.153619893184939
4384,88,31,1.0,-0.2,-0.043855004012584686,0.4394972622394562,1.2241691132412518
4385,88,32,1.0,-0.2,0.411408007144928,0.45107704401016235,0.8776912049747998
4386,88,33,1.0,-0.2,-0.06144295632839203,0.33936968445777893,1.1906220248471975
4387,88,34,1.0,-0.2,-0.006327887065708637,0.3705746531486511,1.1568280992013624
4388,88,35,1.0,-0.2,-0.01828652434051037,0.3501242399215698,1.157386765520827
4389,88,36,1.0,-0.2,0.015327878296375275,0.39411845803260803,1.1500243168887176
4390,88,37,1.0,-0.2,0.07890401780605316,0.39778366684913635,1.098072456974234
4391,88,38,1.0,-0.2,-0.15294067561626434,-0.03576283156871796,1.1645797735598937
4392,88,39,1.0,-0.2,-0.3236321210861206,0.42699944972991943,1.4646263352584385
4393,88,40,1.0,-0.2,-0.08815295994281769,0.25101393461227417,1.1779178381562783
4394,88,41,1.0,-0.2,-0.1189100593328476,0.35725152492523193,1.249995593155325
4395,88,42,1.0,-0.2,-0.09209004789590836,0.381091445684433,1.2370642428592429
4396,88,43,1.0,-0.2,-0.08324721455574036,0.37677744030952454,1.2272313325093918
4397,88,44,1.0,-0.2,0.0827876403927803,0.4774313271045685,1.1402594948339173
4398,88,45,1.0,-0.2,-0.07556962966918945,0.364020973443985,1.214483300318048
4399,88,46,1.0,-0.2,0.006736250594258308,0.372420996427536,1.1464024917255917
4400,88,47,1.0,-0.2,0.06313447654247284,0.3790617883205414,1.1013762135330187
4401,88,48,1.0,-0.2,0.04006766527891159,0.3490109145641327,1.1058404367509922
4402,88,49,1.0,-0.2,-0.06373867392539978,0.3982177972793579,1.22041161064058
4403,89,0,-0.5,-0.1,-0.06104431301355362,-0.04130999743938446,0.44286184249527316
4404,89,1,-0.5,-0.1,-0.058125823736190796,-0.05501329153776169,0.44415829564141474
4405,89,2,-0.5,-0.1,-0.05181435868144035,-0.10090349614620209,0.4481865519952766
4406,89,3,-0.5,-0.1,-0.06756634265184402,-0.06867855042219162,0.4335664899541448
4407,89,4,-0.5,-0.1,-0.07684777677059174,-0.07882699370384216,0.42368160240870517
4408,89,5,-0.5,-0.1,-0.06072372943162918,-0.0703023225069046,0.4402789955618374
4409,89,6,-0.5,-0.1,-0.08648114651441574,-0.06943285465240479,0.4146470698832118
4410,89,7,-0.5,-0.1,-0.09919428825378418,-0.0319802463054657,0.4065364749454294
4411,89,8,-0.5,-0.1,-0.08171282708644867,-0.05304713547229767,0.4209141605023142
4412,89,9,-0.5,-0.1,-0.094141885638237,-0.06500121206045151,0.4073643628872356
4413,89,10,-0.5,-0.1,-0.14673253893852234,-0.05614893138408661,0.35597867248415344
4414,89,11,-0.5,-0.1,-0.10609854757785797,-0.06616681069135666,0.39535179134419957
4415,89,12,-0.5,-0.1,-0.059069644659757614,-0.07338778674602509,0.44173271121204893
4416,89,13,-0.5,-0.1,-0.05052793398499489,-0.08189895749092102,0.44983639900269584
4417,89,14,-0.5,-0.1,-0.06303733587265015,-0.07207800447940826,0.43785386566196155
4418,89,15,-0.5,-0.1,-0.0698561817407608,-0.06348024308681488,0.4316913214689815
4419,89,16,-0.5,-0.1,-0.060826584696769714,-0.06726200878620148,0.4403919444969655
4420,89,17,-0.5,-0.1,-0.07582197338342667,-0.06139557808637619,0.4259310973099
4421,89,18,-0.5,-0.1,-0.05345482379198074,-0.0718245878815651,0.44743317740495575
4422,89,19,-0.5,-0.1,-0.06624855101108551,-0.06202533841133118,0.4354106043986031
4423,89,20,-0.5,-0.1,-0.06182962283492088,-0.06933901458978653,0.43924181887806746
4424,89,21,-0.5,-0.1,-0.044845014810562134,-0.06768446415662766,0.45630072802883154
4425,89,22,-0.5,-0.1,-0.0628804862499237,-0.0740261897444725,0.43789052070157136
4426,89,23,-0.5,-0.1,-0.09130210429430008,-0.04762732982635498,0.41203988464150476
4427,89,24,-0.5,-0.1,-0.04787164181470871,-0.07411524653434753,0.452868714681534
4428,89,25,-0.5,-0.1,-0.08559582382440567,-0.04901468753814697,0.4175288293263183
4429,89,26,-0.5,-0.1,-0.06692654639482498,-0.07436978816986084,0.4338312159999226
4430,89,27,-0.5,-0.1,-0.07198099792003632,-0.09114722907543182,0.4281105437787895
4431,89,28,-0.5,-0.1,-0.06484773755073547,-0.05972977727651596,0.4370116501340812
4432,89,29,-0.5,-0.1,-0.04595194384455681,-0.08631086349487305,0.4542543667999158
4433,89,30,-0.5,-0.1,-0.057108040899038315,-0.03703268617391586,0.44734569411894476
4434,89,31,-0.5,-0.1,-0.05569911748170853,-0.06463672965765,0.4457059962529546
4435,89,32,-0.5,-0.1,-0.0897430032491684,-0.07294086366891861,0.411148391997337
4436,89,33,-0.5,-0.1,-0.0728331059217453,-0.04789794236421585,0.43033263855574033
4437,89,34,-0.5,-0.1,-0.0590202733874321,-0.07083571702241898,0.44194306724383803
4438,89,35,-0.5,-0.1,0.061588604003190994,-0.026994772255420685,0.5663139795416415
4439,89,36,-0.5,-0.1,-0.057306867092847824,-0.08057988435029984,0.4431188901581575
4440,89,37,-0.5,-0.1,-0.07586399465799332,-0.06675241142511368,0.42543713186970367
4441,89,38,-0.5,-0.1,-0.05309196561574936,-0.071007139980793,0.4478474931595441
4442,89,39,-0.5,-0.1,-0.09027210623025894,-0.10023544728755951,0.40972796141880946
4443,89,40,-0.5,-0.1,-0.09640959650278091,-0.05913387984037399,0.4056541058240988
4444,89,41,-0.5,-0.1,-0.07441122084856033,-0.06027032434940338,0.42743918405653275
4445,89,42,-0.5,-0.1,-0.07420098036527634,-0.07795791327953339,0.4263691577833513
4446,89,43,-0.5,-0.1,-0.10120707005262375,-0.07875761389732361,0.3993582851818003
4447,89,44,-0.5,-0.1,-0.08847272396087646,-0.0701088085770607,0.4126114179816935
4448,89,45,-0.5,-0.1,-0.08371397107839584,-0.0609123632311821,0.41811709032696776
4449,89,46,-0.5,-0.1,-0.06635512411594391,-0.07082975655794144,0.43462487444112924
4450,89,47,-0.5,-0.1,-0.09739784896373749,-0.06160840392112732,0.4044284938879911
4451,89,48,-0.5,-0.1,-0.09132321178913116,-0.06681262701749802,0.4100220956824535
4452,90,0,-0.4,-0.1,0.07598058879375458,-0.11218655109405518,0.4761365696268428
4453,90,1,-0.4,-0.1,0.03228922560811043,-0.11103567481040955,0.43243006451376725
4454,90,2,-0.4,-0.1,0.10180453211069107,-0.12381407618522644,0.5023692851592196
4455,90,3,-0.4,-0.1,0.10933519154787064,-0.12355966866016388,0.509879785181255
4456,90,4,-0.4,-0.1,0.03794243559241295,-0.10036706924438477,0.43794258942519504
4457,90,5,-0.4,-0.1,0.02453637681901455,-0.10084676742553711,0.4245372212865314
4458,90,6,-0.4,-0.1,-0.18625982105731964,-0.11390405893325806,0.2141919395058286
4459,90,7,-0.4,-0.1,-0.02349984645843506,-0.10202918946743011,0.37650562177305763
4460,90,8,-0.4,-0.1,-0.1042947918176651,-0.11161436140537262,0.2959332078983578
4461,90,9,-0.4,-0.1,0.12008872628211975,-0.11448869109153748,0.5202905009466382
4462,90,10,-0.4,-0.1,0.16231228411197662,-0.12288086116313934,0.5627776103140522
4463,90,11,-0.4,-0.1,0.0912637859582901,-0.13537347316741943,0.49253567383286956
4464,90,12,-0.4,-0.1,0.0886303260922432,-0.12655317783355713,0.4893512714094778
4465,90,13,-0.4,-0.1,0.08059195429086685,-0.11530758440494537,0.4808356774090596
4466,90,14,-0.4,-0.1,-0.026246383786201477,-0.10397648811340332,0.373774769200126
4467,90,15,-0.4,-0.1,0.018737871199846268,-0.10359767079353333,0.4187533259714097
4468,90,16,-0.4,-0.1,0.037527263164520264,-0.08397697657346725,0.4378205606089812
4469,90,17,-0.4,-0.1,0.020581642165780067,-0.09852789342403412,0.42058421846835303
4470,90,18,-0.4,-0.1,0.07281803339719772,-0.1034371554851532,0.47283052645046375
4471,90,19,-0.4,-0.1,0.06591875851154327,-0.09543609619140625,0.465941110818644
4472,90,20,-0.4,-0.1,-0.022841069847345352,-0.09189680218696594,0.377245968048291
4473,90,21,-0.4,-0.1,0.00843490194529295,-0.10440641641616821,0.4084586706543194
4474,90,22,-0.4,-0.1,0.016371911391615868,-0.11179697513580322,0.4165389984362357
4475,90,23,-0.4,-0.1,-0.04245680943131447,-0.09296007454395294,0.35761249093461783
4476,90,24,-0.4,-0.1,-0.00016931846039369702,-0.1139395534992218,0.40007359954411353
4477,90,25,-0.4,-0.1,0.061008039861917496,-0.11702263355255127,0.46132221155109343
4478,90,26,-0.4,-0.1,0.03354142978787422,-0.0884564071893692,0.43369508399045975
4479,90,27,-0.4,-0.1,0.000860587228089571,-0.09176377952098846,0.40094519041962295
4480,90,28,-0.4,-0.1,0.03379485383629799,-0.10456295311450958,0.4338188513146707
4481,90,29,-0.4,-0.1,0.017876973375678062,-0.089872807264328,0.4179996709452325
4482,90,30,-0.4,-0.1,-0.08450323343276978,-0.0774986743927002,0.3162981494863084
4483,90,31,-0.4,-0.1,0.004133876878768206,-0.08759805560112,0.4043241257530106
4484,90,32,-0.4,-0.1,0.04774191230535507,-0.08840440213680267,0.4478920382465637
4485,90,33,-0.4,-0.1,0.0234831552952528,-0.0811992660164833,0.42390028357756754
4486,90,34,-0.4,-0.1,0.050775788724422455,-0.08094566315412521,0.45117832334096153
4487,90,35,-0.4,-0.1,0.03014313243329525,-0.08155427128076553,0.4305384527397187
4488,90,36,-0.4,-0.1,-0.025353413075208664,-0.07836353033781052,0.37527083808076284
4489,90,37,-0.4,-0.1,0.036507707089185715,-0.07844071090221405,0.4370397937198171
4490,90,38,-0.4,-0.1,-0.055897049605846405,0.06832589209079742,0.38306715653802026
4491,90,39,-0.4,-0.1,0.014895331114530563,-0.06103949993848801,0.4167205974579119
4492,90,40,-0.4,-0.1,0.023532267659902573,-0.09416016936302185,0.42357252669526146
4493,90,41,-0.4,-0.1,0.06497388333082199,-0.07201909273862839,0.46581503126339147
4494,90,42,-0.4,-0.1,0.007833004929125309,-0.016324210911989212,0.4163284731903659
4495,90,43,-0.4,-0.1,-0.02114955335855484,-0.08573780953884125,0.3791188085510568
4496,90,44,-0.4,-0.1,0.02102455496788025,-0.07465624809265137,0.4217866541827075
4497,90,45,-0.4,-0.1,-0.037914909422397614,-0.06351099908351898,0.36391902946462346
4498,90,46,-0.4,-0.1,-0.02650660276412964,-0.08630634844303131,0.3737443429294353
4499,90,47,-0.4,-0.1,0.07372545450925827,-0.06087373197078705,0.4753384805587458
4500,90,48,-0.4,-0.1,0.027135420590639114,-0.0012801922857761383,0.43839510485209066
4501,91,0,-0.3,-0.1,-0.3914358615875244,0.14822353422641754,0.2645287124833643
4502,91,1,-0.3,-0.1,-0.4075034558773041,0.22068671882152557,0.3382262033818191
4503,91,2,-0.3,-0.1,-0.3963562250137329,0.16178223490715027,0.278952434317895
4504,91,3,-0.3,-0.1,-0.39731162786483765,0.1946820318698883,0.31033377648053473
4505,91,4,-0.3,-0.1,-0.37891119718551636,0.1302027404308319,0.24335217020424624
4506,91,5,-0.3,-0.1,-0.38583213090896606,0.15437108278274536,0.26846191992988533
4507,91,6,-0.3,-0.1,-0.3771193027496338,0.14582028985023499,0.2576334639728372
4508,91,7,-0.3,-0.1,-0.40153768658638,0.19504891335964203,0.31203166998242254
4509,91,8,-0.3,-0.1,-0.3902025520801544,0.156778946518898,0.27216158394808043
4510,91,9,-0.3,-0.1,-0.3500525951385498,0.09383898973464966,0.20019694358669216
4511,91,10,-0.3,-0.1,-0.3783963620662689,0.12276493012905121,0.2361571588595751
4512,91,11,-0.3,-0.1,-0.3908112943172455,0.12581318616867065,0.24338916619936085
4513,91,12,-0.3,-0.1,-0.3941582441329956,0.19010280072689056,0.305000672012038
4514,91,13,-0.3,-0.1,-0.36656126379966736,0.14927902817726135,0.2580124720388702
4515,91,14,-0.3,-0.1,-0.42394277453422546,0.22652113437652588,0.34925329283168555
4516,91,15,-0.3,-0.1,-0.3939844071865082,0.1563035398721695,0.2729918924532451
4517,91,16,-0.3,-0.1,-0.3693470060825348,0.11420214921236038,0.22514788024719534
4518,91,17,-0.3,-0.1,-0.3450053334236145,0.12321653217077255,0.22770836671259195
4519,91,18,-0.3,-0.1,-0.3736732602119446,0.14836540818214417,0.2590620104371538
4520,91,19,-0.3,-0.1,-0.24403491616249084,-0.03585226088762283,0.08512944873643334
4521,91,20,-0.3,-0.1,-0.3260520398616791,0.08657089620828629,0.18838101839866364
4522,91,21,-0.3,-0.1,-0.3264773190021515,0.06229003146290779,0.16443571003213778
4523,91,22,-0.3,-0.1,-0.3210602402687073,0.06344844400882721,0.16479965888642611
4524,91,23,-0.3,-0.1,-0.355918824672699,0.11985240131616592,0.22685236017564492
4525,91,24,-0.3,-0.1,-0.3520664572715759,0.08330881595611572,0.19055980158481997
4526,91,25,-0.3,-0.1,-0.32972776889801025,0.05961987003684044,0.16236453785919924
4527,91,26,-0.3,-0.1,-0.3685111403465271,0.12701940536499023,0.23713200282512545
4528,91,27,-0.3,-0.1,-0.3601301312446594,0.10210693627595901,0.21086215017009224
4529,91,28,-0.3,-0.1,-0.36334627866744995,0.10621044039726257,0.21572087694483166
4530,91,29,-0.3,-0.1,-0.38365793228149414,0.1454676389694214,0.25933185576561407
4531,91,30,-0.3,-0.1,-0.3739983141422272,0.3199077844619751,0.42637811616880184
4532,91,31,-0.3,-0.1,-0.38610631227493286,0.1248449832201004,0.24076869292504682
4533,91,32,-0.3,-0.1,-0.37819674611091614,0.10051377862691879,0.21522199358239408
4534,91,33,-0.3,-0.1,-0.38136184215545654,0.12002000957727432,0.23458165736756426
4535,91,34,-0.3,-0.1,-0.3952329158782959,0.12803475558757782,0.24712174736871892
4536,91,35,-0.3,-0.1,-0.353187620639801,0.10399742424488068,0.21081715321071295
4537,91,36,-0.3,-0.1,-0.3613303601741791,0.1335349977016449,0.24145394639682705
4538,91,37,-0.3,-0.1,-0.3318077325820923,0.08721381425857544,0.18989666690402515
4539,91,38,-0.3,-0.1,-0.3600090742111206,0.11879431456327438,0.22687450511877452
4540,91,39,-0.3,-0.1,-0.3838631510734558,0.14098791778087616,0.2551630941659307
4541,91,40,-0.3,-0.1,-0.3477253019809723,0.06282049417495728,0.1696709102131308
4542,91,41,-0.3,-0.1,-0.357205867767334,0.08838008344173431,0.1968744959219667
4543,91,42,-0.3,-0.1,-0.38322243094444275,0.1522960364818573,0.2656675799505036
4544,91,43,-0.3,-0.1,-0.3660396337509155,0.05695115402340889,0.17027888293982577
4545,91,44,-0.3,-0.1,-0.35982221364974976,0.11726009845733643,0.22534561816828794
4546,91,45,-0.3,-0.1,-0.36950984597206116,0.14429603517055511,0.25399246344549825
4547,91,46,-0.3,-0.1,-0.37399187684059143,0.12703916430473328,0.23879191771620942
4548,91,47,-0.3,-0.1,-0.38657066226005554,0.10745285451412201,0.22479138419922165
4549,91,48,-0.3,-0.1,-0.3049665093421936,0.05505874752998352,0.15513826542994888
4550,92,0,-0.2,-0.1,-0.07252804189920425,-0.29121702909469604,0.22981090556771422
4551,92,1,-0.2,-0.1,0.04991820827126503,-0.30456066131591797,0.32296156889562744
4552,92,2,-0.2,-0.1,0.028911471366882324,-0.309358149766922,0.3102116964222657
4553,92,3,-0.2,-0.1,-0.12089225649833679,-0.279876172542572,0.19650311073998314
4554,92,4,-0.2,-0.1,-0.005669350735843182,-0.31313031911849976,0.28842491946949084
4555,92,5,-0.2,-0.1,0.11848978698253632,-0.3058174252510071,0.37920516471843474
4556,92,6,-0.2,-0.1,0.030580446124076843,-0.3213789165019989,0.31964975646225247
4557,92,7,-0.2,-0.1,-0.03099064528942108,-0.3102670907974243,0.2697710352356208
4558,92,8,-0.2,-0.1,0.1983458250761032,-0.26707568764686584,0.43196490801711485
4559,92,9,-0.2,-0.1,-0.043855104595422745,-0.2888554334640503,0.24504612445374585
4560,92,10,-0.2,-0.1,-0.2025342881679535,-0.2749374806880951,0.17495583661603253
4561,92,11,-0.2,-0.1,0.034238334745168686,-0.29306867718696594,0.30355083853436243
4562,92,12,-0.2,-0.1,-0.004218609072268009,-0.2631720006465912,0.2548636004387613
4563,92,13,-0.2,-0.1,-0.0083659328520298,-0.2643983066082001,0.25248845301778955
4564,92,14,-0.2,-0.1,0.14071863889694214,-0.2877914607524872,0.38904347266512235
4565,92,15,-0.2,-0.1,0.09401021897792816,-0.304418683052063,0.3580907801719964
4566,92,16,-0.2,-0.1,-0.07181353121995926,-0.30237627029418945,0.2395577708121429
4567,92,17,-0.2,-0.1,-0.15947532653808594,-0.300640344619751,0.20469195648175137
4568,92,18,-0.2,-0.1,0.0007087370613589883,-0.31995588541030884,0.297765996479448
4569,92,19,-0.2,-0.1,-0.032494865357875824,-0.29840773344039917,0.2596605453672788
4570,92,20,-0.2,-0.1,-0.05094199627637863,-0.31098443269729614,0.2583267684826158
4571,92,21,-0.2,-0.1,0.15488173067569733,-0.2746216952800751,0.3955171035870201
4572,92,22,-0.2,-0.1,0.11730954051017761,-0.2751138508319855,0.3624226886550936
4573,92,23,-0.2,-0.1,0.016022678464651108,-0.2802979052066803,0.28137720631380064
4574,92,24,-0.2,-0.1,0.0535961389541626,-0.27448827028274536,0.30782650658889554
4575,92,25,-0.2,-0.1,0.055060360580682755,-0.3002178370952606,0.32425756711394144
4576,92,26,-0.2,-0.1,-0.07841521501541138,-0.32050764560699463,0.251806436992561
4577,92,27,-0.2,-0.1,0.11069630086421967,-0.2854541838169098,0.36183621386741527
4578,92,28,-0.2,-0.1,-0.10214854776859283,-0.26397550106048584,0.19095253769414208
4579,92,29,-0.2,-0.1,-0.16774821281433105,-0.29835954308509827,0.2009643901530782
4580,92,30,-0.2,-0.1,0.07551111280918121,-0.3141891360282898,0.34897472583827416
4581,92,31,-0.2,-0.1,0.10158246010541916,-0.28959986567497253,0.356230387961505
4582,92,32,-0.2,-0.1,-0.13662560284137726,-0.3000454008579254,0.20984393395956652
4583,92,33,-0.2,-0.1,-0.07164222747087479,-0.3128214180469513,0.2485330435739961
4584,92,34,-0.2,-0.1,0.004766920115798712,-0.32479965686798096,0.3040795575201856
4585,92,35,-0.2,-0.1,-0.1795089691877365,-0.2976767420768738,0.19873594718086612
4586,92,36,-0.2,-0.1,-0.1104232519865036,-0.30086204409599304,0.21993079489488068
4587,92,37,-0.2,-0.1,0.14228053390979767,-0.27744483947753906,0.3855420015391135
4588,92,38,-0.2,-0.1,-0.018244419246912003,-0.32766449451446533,0.29131806191415477
4589,92,39,-0.2,-0.1,-0.01112685352563858,-0.2514871060848236,0.24211858410514503
4590,92,40,-0.2,-0.1,0.038714293390512466,-0.3253096640110016,0.3282513649106156
4591,92,41,-0.2,-0.1,0.11320186406373978,-0.2812262773513794,0.3618540745323181
4592,92,42,-0.2,-0.1,0.10466150939464569,-0.27377864718437195,0.3507387254408247
4593,92,43,-0.2,-0.1,0.3177783191204071,-0.14961929619312286,0.520150422768121
4594,92,44,-0.2,-0.1,0.10783583670854568,-0.2867528796195984,0.3600549130455834
4595,92,45,-0.2,-0.1,-0.13376958668231964,-0.3093859851360321,0.21961092509166621
4596,92,46,-0.2,-0.1,-0.01434202492237091,-0.289317786693573,0.2651605326372663
4597,92,47,-0.2,-0.1,0.061695948243141174,-0.29449769854545593,0.32605846725143617
4598,92,48,-0.2,-0.1,-0.0830523744225502,-0.28355202078819275,0.21764211785321455
4599,92,49,-0.2,-0.1,-0.12958522140979767,-0.2867352068424225,0.19957023455011905
4600,93,0,-0.1,-0.1,-0.19909346103668213,-0.45434001088142395,0.3679352624194589
4601,93,1,-0.1,-0.1,-0.20473630726337433,-0.43209442496299744,0.34821889832499314
4602,93,2,-0.1,-0.1,-0.2179267406463623,-0.4332498610019684,0.353499909501128
4603,93,3,-0.1,-0.1,-0.19986070692539215,-0.4614497423171997,0.3749907692314694
4604,93,4,-0.1,-0.1,-0.21847419440746307,-0.43886813521385193,0.35898154242775604
4605,93,5,-0.1,-0.1,-0.20019429922103882,-0.4001366198062897,0.316418849225422
4606,93,6,-0.1,-0.1,-0.20888181030750275,-0.442411333322525,0.3593059557028639
4607,93,7,-0.1,-0.1,-0.23481257259845734,-0.44566890597343445,0.371027522277641
4608,93,8,-0.1,-0.1,-0.2147269994020462,-0.43948984146118164,0.35835127577160286
4609,93,9,-0.1,-0.1,-0.1930909901857376,-0.4287496507167816,0.3416756726782974
4610,93,10,-0.1,-0.1,-0.22142812609672546,-0.45110175013542175,0.3715067008218269
4611,93,11,-0.1,-0.1,-0.19849838316440582,-0.4257974326610565,0.340361423511152
4612,93,12,-0.1,-0.1,-0.22546954452991486,-0.41798263788223267,0.34184143195213684
4613,93,13,-0.1,-0.1,-0.20200198888778687,-0.443543940782547,0.3583669139101242
4614,93,14,-0.1,-0.1,-0.20294629037380219,-0.431679368019104,0.3472882691241952
4615,93,15,-0.1,-0.1,-0.178575336933136,-0.4266710579395294,0.33598818977679445
4616,93,16,-0.1,-0.1,-0.1877223700284958,-0.4761416018009186,0.38623531533092254
4617,93,17,-0.1,-0.1,-0.23227843642234802,-0.4228857457637787,0.3489309237653962
4618,93,18,-0.1,-0.1,-0.2121271789073944,-0.4080914556980133,0.32786102135485967
4619,93,19,-0.1,-0.1,-0.21003924310207367,-0.4177480638027191,0.33626249727386215
4620,93,20,-0.1,-0.1,-0.21615628898143768,-0.31378915905952454,0.24330657204711495
4621,93,21,-0.1,-0.1,-0.16930636763572693,-0.4515235424041748,0.3582906270881758
4622,93,22,-0.1,-0.1,-0.1843227595090866,-0.4283484220504761,0.33900297053899814
4623,93,23,-0.1,-0.1,-0.22441232204437256,-0.38576316833496094,0.31167132407924203
4624,93,24,-0.1,-0.1,-0.11331150680780411,-0.45830926299095154,0.35855644487111527
4625,93,25,-0.1,-0.1,-0.17511793971061707,-0.4559409022331238,0.36378102032527493
4626,93,26,-0.1,-0.1,-0.2009296715259552,-0.4443415105342865,0.3588284750007604
4627,93,27,-0.1,-0.1,-0.24094587564468384,-0.4541892111301422,0.3812030130288048
4628,93,28,-0.1,-0.1,-0.1701505333185196,-0.4255506098270416,0.33302296750168964
4629,93,29,-0.1,-0.1,-0.18144591152668,-0.4603383541107178,0.36942816073985596
4630,93,30,-0.1,-0.1,-0.19744443893432617,-0.4261130690574646,0.3403603274315388
4631,93,31,-0.1,-0.1,-0.195015549659729,-0.43885403871536255,0.3519233073140409
4632,93,32,-0.1,-0.1,-0.21562045812606812,-0.44623976945877075,0.36503433851097433
4633,93,33,-0.1,-0.1,-0.22742508351802826,-0.4353429973125458,0.35873678060123493
4634,93,34,-0.1,-0.1,-0.24081569910049438,-0.442760169506073,0.37055849054230683
4635,93,35,-0.1,-0.1,-0.18559905886650085,-0.4587534964084625,0.36882417228826997
4636,93,36,-0.1,-0.1,-0.2074296921491623,-0.4486759603023529,0.3648507421508579
4637,93,37,-0.1,-0.1,-0.2259160876274109,-0.4494664967060089,0.371458871805971
4638,93,38,-0.1,-0.1,-0.2370758056640625,-0.432188481092453,0.35935910099643065
4639,93,39,-0.1,-0.1,-0.20849063992500305,-0.4578220248222351,0.3739075024644744
4640,93,40,-0.1,-0.1,-0.2075442373752594,-0.4237353503704071,0.3411309720211233
4641,93,41,-0.1,-0.1,-0.17924955487251282,-0.43171921372413635,0.3410544365658519
4642,93,42,-0.1,-0.1,-0.23926062881946564,-0.44771814346313477,0.3745683249190222
4643,93,43,-0.1,-0.1,-0.21754619479179382,-0.45294204354286194,0.3720016048490138
4644,93,44,-0.1,-0.1,-0.21548447012901306,-0.43343913555145264,0.3528715346387109
4645,93,45,-0.1,-0.1,-0.21372152864933014,-0.4445079565048218,0.36279238990567125
4646,93,46,-0.1,-0.1,-0.2336713969707489,-0.4528164863586426,0.37728969693667724
4647,93,47,-0.1,-0.1,-0.2324191778898239,-0.4376637935638428,0.3627005323361716
4648,93,48,-0.1,-0.1,-0.20987620949745178,-0.43384066224098206,0.3514574927057686
4649,93,49,-0.1,-0.1,-0.21970707178115845,-0.4421432614326477,0.3624800606629123
4650,94,0,0.0,-0.1,-0.19899001717567444,-0.31960251927375793,0.29634826371510337
4651,94,1,0.0,-0.1,-0.1750403791666031,-0.2933945655822754,0.2608459168466035
4652,94,2,0.0,-0.1,-0.09155809879302979,-0.2393614947795868,0.16674684909105478
4653,94,3,0.0,-0.1,-0.05871846526861191,-0.21068935096263885,0.12529960327164416
4654,94,4,0.0,-0.1,-0.035472046583890915,-0.21437951922416687,0.11975366594305697
4655,94,5,0.0,-0.1,-0.08273865282535553,-0.23914295434951782,0.161884052384621
4656,94,6,0.0,-0.1,-0.14580878615379333,-0.2987266480922699,0.24648018740181027
4657,94,7,0.0,-0.1,-0.1784670054912567,-0.3163785934448242,0.28048202749940465
4658,94,8,0.0,-0.1,-0.22035068273544312,-0.34672877192497253,0.3308013154108989
4659,94,9,0.0,-0.1,-0.12718740105628967,-0.2805565297603607,0.22085582497764802
4660,94,10,0.0,-0.1,-0.08552870154380798,-0.22727110981941223,0.15333979973390688
4661,94,11,0.0,-0.1,-0.046154484152793884,-0.2061631977558136,0.11576208777121501
4662,94,12,0.0,-0.1,-0.05434992536902428,-0.21171584725379944,0.124235038999683
4663,94,13,0.0,-0.1,-0.1076938658952713,-0.2561508119106293,0.18968670172633978
4664,94,14,0.0,-0.1,-0.16010011732578278,-0.29538002610206604,0.25259731227266335
4665,94,15,0.0,-0.1,-0.17973199486732483,-0.3097441792488098,0.2762176871739841
4666,94,16,0.0,-0.1,-0.16938601434230804,-0.3014106750488281,0.26316892270630515
4667,94,17,0.0,-0.1,-0.13003452122211456,-0.2504693865776062,0.19887185071423671
4668,94,18,0.0,-0.1,-0.07030835747718811,-0.20492103695869446,0.12629999654642832
4669,94,19,0.0,-0.1,-0.06111980229616165,-0.19665132462978363,0.11435518696331053
4670,94,20,0.0,-0.1,-0.08682011812925339,-0.2102975994348526,0.14036842007043004
4671,94,21,0.0,-0.1,-0.13726560771465302,-0.2536778151988983,0.20605513326675398
4672,94,22,0.0,-0.1,-0.18147620558738708,-0.2990037500858307,0.269325278692178
4673,94,23,0.0,-0.1,-0.188334122300148,-0.3104877173900604,0.2824443676100571
4674,94,24,0.0,-0.1,-0.15705804526805878,-0.28078198432922363,0.23947725453878757
4675,94,25,0.0,-0.1,-0.09132053703069687,-0.2306557595729828,0.15940629847395604
4676,94,26,0.0,-0.1,-0.06765395402908325,-0.20499451458454132,0.12490358517117421
4677,94,27,0.0,-0.1,-0.06030656397342682,-0.22308367490768433,0.1370637540966303
4678,94,28,0.0,-0.1,-0.08287540823221207,-0.2243434190750122,0.14943098459462786
4679,94,29,0.0,-0.1,-0.1459793895483017,-0.2682766914367676,0.2227712437766596
4680,94,30,0.0,-0.1,-0.17121219635009766,-0.2969137728214264,0.26093801966327695
4681,94,31,0.0,-0.1,-0.17083872854709625,-0.30533722043037415,0.26711279502423785
4682,94,32,0.0,-0.1,-0.13270148634910583,-0.27377644181251526,0.21865026002335425
4683,94,33,0.0,-0.1,-0.07960569858551025,-0.2357771396636963,0.1573928171885299
4684,94,34,0.0,-0.1,-0.04831663519144058,-0.22405096888542175,0.13312828443886232
4685,94,35,0.0,-0.1,-0.03683013841509819,-0.22709208726882935,0.13232104043583934
4686,94,36,0.0,-0.1,-0.08835351467132568,-0.26793456077575684,0.18975868954470182
4687,94,37,0.0,-0.1,-0.14106883108615875,-0.30449560284614563,0.24843282127654492
4688,94,38,0.0,-0.1,-0.15607328712940216,-0.30752989649772644,0.2596681129744926
4689,94,39,0.0,-0.1,-0.13332197070121765,-0.2950083911418915,0.23622662950523862
4690,94,40,0.0,-0.1,-0.11533454060554504,-0.2536040246486664,0.1920839728997717
4691,94,41,0.0,-0.1,-0.07109681516885757,-0.20826081931591034,0.1295189643492677
4692,94,42,0.0,-0.1,-0.05983476713299751,-0.19751913845539093,0.11441233204048305
4693,94,43,0.0,-0.1,-0.08803798258304596,-0.20585887134075165,0.13768364833498026
4694,94,44,0.0,-0.1,-0.11921887844800949,-0.24415677785873413,0.18706768181867672
4695,94,45,0.0,-0.1,-0.16121263802051544,-0.27412497997283936,0.2372952239470391
4696,94,46,0.0,-0.1,-0.15968497097492218,-0.29527992010116577,0.25225688722011025
4697,94,47,0.0,-0.1,-0.14720715582370758,-0.26531293988227844,0.2213556297414347
4698,94,48,0.0,-0.1,-0.10109230875968933,-0.22263669967651367,0.15893210814027406
4699,94,49,0.0,-0.1,-0.06842567771673203,-0.19260892271995544,0.11514549899299041
4700,95,0,0.1,-0.1,-0.13949666917324066,-0.08241892606019974,0.2401411016589068
4701,95,1,0.1,-0.1,-0.10238140821456909,-0.11393991112709045,0.20286092653131416
4702,95,2,0.1,-0.1,-0.1517438292503357,-0.06166563183069229,0.25464579193177767
4703,95,3,0.1,-0.1,-0.1355913132429123,-0.0826682522892952,0.23622797538443144
4704,95,4,0.1,-0.1,-0.10674882680177689,-0.12023270130157471,0.20773646667321047
4705,95,5,0.1,-0.1,-0.11494749039411545,-0.1090879887342453,0.21513952488085988
4706,95,6,0.1,-0.1,-0.11522164940834045,-0.11870798468589783,0.21603320824598796
4707,95,7,0.1,-0.1,-0.10875455290079117,-0.12852559983730316,0.2106945020708589
4708,95,8,0.1,-0.1,-0.12267743796110153,-0.10650739073753357,0.22277250169428714
4709,95,9,0.1,-0.1,-0.11425880342721939,-0.10448712110519409,0.2143057841073743
4710,95,10,0.1,-0.1,-0.15418224036693573,-0.09307652711868286,0.2542765144379107
4711,95,11,0.1,-0.1,-0.15888217091560364,-0.07732708752155304,0.2598731216925504
4712,95,12,0.1,-0.1,-0.13582158088684082,-0.08507139980792999,0.2362936332524926
4713,95,13,0.1,-0.1,-0.12206092476844788,-0.09048496186733246,0.22226468513842768
4714,95,14,0.1,-0.1,-0.14132876694202423,-0.09856933355331421,0.24133300760616963
4715,95,15,0.1,-0.1,-0.14690753817558289,-0.07973998785018921,0.24773736193847992
4716,95,16,0.1,-0.1,-0.13056312501430511,-0.09416958689689636,0.23063683212642974
4717,95,17,0.1,-0.1,-0.1302131712436676,-0.0903467983007431,0.23041546935289037
4718,95,18,0.1,-0.1,-0.15114587545394897,-0.07904758304357529,0.25201836150139206
4719,95,19,0.1,-0.1,-0.12931115925312042,-0.09298428893089294,0.22941845601392916
4720,95,20,0.1,-0.1,-0.11989086121320724,-0.1095670610666275,0.2200988857367037
4721,95,21,0.1,-0.1,-0.12304827570915222,-0.1006486713886261,0.22304921894370403
4722,95,22,0.1,-0.1,-0.12037335336208344,-0.106901153922081,0.2204813842425386
4723,95,23,0.1,-0.1,-0.21917521953582764,-0.06945624947547913,0.32063334427636797
4724,95,24,0.1,-0.1,-0.18877816200256348,-0.08421660959720612,0.28920916697467564
4725,95,25,0.1,-0.1,-0.11757861822843552,-0.11141075193881989,0.2178776270524456
4726,95,26,0.1,-0.1,-0.1472383588552475,-0.09000761806964874,0.24744020244511228
4727,95,27,0.1,-0.1,-0.16318145394325256,-0.07789082825183868,0.26410848751048127
4728,95,28,0.1,-0.1,-0.1253286749124527,-0.08913619816303253,0.22559041187106044
4729,95,29,0.1,-0.1,-0.10838369280099869,-0.12400534749031067,0.20976181762539997
4730,95,30,0.1,-0.1,-0.10387711971998215,-0.12522906064987183,0.2054321918458518
4731,95,31,0.1,-0.1,-0.11131057143211365,-0.10329724848270416,0.21133629467397005
4732,95,32,0.1,-0.1,-0.11548244208097458,-0.10425949096679688,0.21552453713783215
4733,95,33,0.1,-0.1,-0.11372139304876328,-0.10319679975509644,0.21374530024161503
4734,95,34,0.1,-0.1,-0.11732157319784164,-0.09920603036880493,0.2173230235501064
4735,95,35,0.1,-0.1,-0.11916951090097427,-0.10589995980262756,0.21924890885531198
4736,95,36,0.1,-0.1,-0.12476035952568054,-0.0972609668970108,0.22477704846458957
4737,95,37,0.1,-0.1,-0.12105982005596161,-0.10717940330505371,0.22117637277745275
4738,95,38,0.1,-0.1,-0.12634682655334473,-0.10049773752689362,0.22634737381603437
4739,95,39,0.1,-0.1,-0.1268264651298523,-0.09739598631858826,0.2268414119391719
4740,95,40,0.1,-0.1,-0.11583035439252853,-0.10203137993812561,0.21583991378254738
4741,95,41,0.1,-0.1,-0.11641985177993774,-0.0952237993478775,0.2164725486917904
4742,95,42,0.1,-0.1,-0.11422819644212723,-0.10827930271625519,0.21438812234896326
4743,95,43,0.1,-0.1,-0.10991337895393372,-0.11059404909610748,0.21018054272484055
4744,95,44,0.1,-0.1,-0.11837923526763916,-0.10580207407474518,0.21845629874107025
4745,95,45,0.1,-0.1,-0.11856983602046967,-0.10633926093578339,0.21866174664816648
4746,95,46,0.1,-0.1,-0.11181844770908356,-0.12498773634433746,0.21328722830375918
4747,95,47,0.1,-0.1,-0.12467373162508011,-0.10520870983600616,0.22473410141875272
4748,95,48,0.1,-0.1,-0.1332709640264511,-0.08953966200351715,0.23350537751587333
4749,95,49,0.1,-0.1,-0.13013313710689545,-0.09181061387062073,0.23027880241098442
4750,96,0,0.2,-0.1,-0.11411460489034653,-0.09388439357280731,0.3141741326834385
4751,96,1,0.2,-0.1,-0.06729952245950699,-0.1387437880039215,0.27009279112181667
4752,96,2,0.2,-0.1,-0.27661651372909546,-0.0323777049779892,0.48138973394051615
4753,96,3,0.2,-0.1,-0.04504651576280594,-0.1650303602218628,0.25352858347349383
4754,96,4,0.2,-0.1,-0.09572037309408188,-0.11816331744194031,0.2962776487745907
4755,96,5,0.2,-0.1,-0.14823734760284424,-0.07892099767923355,0.34887472623321836
4756,96,6,0.2,-0.1,-0.12755346298217773,-0.09178096055984497,0.32765656367748186
4757,96,7,0.2,-0.1,-0.1134926900267601,-0.09775647521018982,0.313500717867913
4758,96,8,0.2,-0.1,-0.06887568533420563,-0.14340761303901672,0.27235703595406485
4759,96,9,0.2,-0.1,-0.1732710301876068,-0.06288719177246094,0.375111480112048
4760,96,10,0.2,-0.1,-0.09906350076198578,-0.11411860585212708,0.2993965806738981
4761,96,11,0.2,-0.1,-0.12052130699157715,-0.10200878977775574,0.32052760173183226
4762,96,12,0.2,-0.1,-0.1141069307923317,-0.09742020070552826,0.3141175247199341
4763,96,13,0.2,-0.1,-0.115990050137043,-0.10094425082206726,0.3159914609530231
4764,96,14,0.2,-0.1,-0.0746636837720871,-0.13498125970363617,0.27688233550319946
4765,96,15,0.2,-0.1,-0.1345837414264679,-0.0881248414516449,0.3347944136593114
4766,96,16,0.2,-0.1,-0.12127311527729034,-0.0983063280582428,0.32127757955484754
4767,96,17,0.2,-0.1,-0.07187148183584213,-0.14570337533950806,0.2756862367856629
4768,96,18,0.2,-0.1,-0.1430204212665558,-0.07926313579082489,0.3436466600203109
4769,96,19,0.2,-0.1,-0.10820278525352478,-0.10540302097797394,0.30825014107655935
4770,96,20,0.2,-0.1,-0.04060579463839531,-0.171944722533226,0.25113182099040443
4771,96,21,0.2,-0.1,-0.0974130854010582,-0.11793020367622375,0.2979530761238219
4772,96,22,0.2,-0.1,-0.1603291928768158,-0.0767112672328949,0.36108100519572495
4773,96,23,0.2,-0.1,-0.14735324680805206,-0.0820930004119873,0.34781451767046845
4774,96,24,0.2,-0.1,-0.1013762578368187,-0.11416248977184296,0.3017088412762579
4775,96,25,0.2,-0.1,-0.148964062333107,-0.07777734100818634,0.34967093584210146
4776,96,26,0.2,-0.1,-0.1302884817123413,-0.09123942255973816,0.33040464413947096
4777,96,27,0.2,-0.1,-0.09354066848754883,-0.11486533284187317,0.29391682867201857
4778,96,28,0.2,-0.1,-0.12356794625520706,-0.09334880113601685,0.32363629940125815
4779,96,29,0.2,-0.1,-0.13642297685146332,-0.0834243893623352,0.33683107074854557
4780,96,30,0.2,-0.1,-0.06546671688556671,-0.14273694157600403,0.2688847782029924
4781,96,31,0.2,-0.1,-0.11835848540067673,-0.09551803767681122,0.31839003315568687
4782,96,32,0.2,-0.1,-0.1394832879304886,-0.08527950197458267,0.33980228934810214
4783,96,33,0.2,-0.1,-0.01854371279478073,-0.1969371885061264,0.23907775496185316
4784,96,34,0.2,-0.1,-0.10073350369930267,-0.11283174157142639,0.30100713253844064
4785,96,35,0.2,-0.1,-0.15455467998981476,-0.07501429319381714,0.3554339694616772
4786,96,36,0.2,-0.1,-0.07473023235797882,-0.13972890377044678,0.2775879795060846
4787,96,37,0.2,-0.1,-0.06742247939109802,-0.1427212357521057,0.27081337941074707
4788,96,38,0.2,-0.1,-0.16252803802490234,-0.06871490925550461,0.3638754392056111
4789,96,39,0.2,-0.1,-0.12096225470304489,-0.09411771595478058,0.3210161525681393
4790,96,40,0.2,-0.1,-0.30343320965766907,-0.04762472212314606,0.5061503396411982
4791,96,41,0.2,-0.1,-0.1536760926246643,-0.07716867327690125,0.3544122570879667
4792,96,42,0.2,-0.1,-0.1390540599822998,-0.0830952599644661,0.3394752212255704
4793,96,43,0.2,-0.1,-0.1346309781074524,-0.08898517489433289,0.3348122128615662
4794,96,44,0.2,-0.1,-0.10908228904008865,-0.10549677908420563,0.30913116306603816
4795,96,45,0.2,-0.1,-0.12528960406780243,-0.09188105165958405,0.32539090927182035
4796,96,46,0.2,-0.1,-0.09896782785654068,-0.11205039918422699,0.2992105850630244
4797,96,47,0.2,-0.1,-0.10750968009233475,-0.10710024833679199,0.3075916398033831
4798,96,48,0.2,-0.1,-0.11086136847734451,-0.1014091968536377,0.3108645625467459
4799,96,49,0.2,-0.1,-0.0686565488576889,-0.14081574976444244,0.2717393358955552
4800,97,0,0.3,-0.1,-0.3301185667514801,-0.26995953917503357,0.6526374591773976
4801,97,1,0.3,-0.1,-0.3119283616542816,-0.23671957850456238,0.6270156002392273
4802,97,2,0.3,-0.1,-0.3463593125343323,-0.2748279273509979,0.6695858160696809
4803,97,3,0.3,-0.1,-0.09159141778945923,-0.2881816625595093,0.43446078834576063
4804,97,4,0.3,-0.1,-0.2299116551876068,-0.3001649081707001,0.5664559583645087
4805,97,5,0.3,-0.1,-0.24362649023532867,-0.3015963137149811,0.5798024099545043
4806,97,6,0.3,-0.1,-0.059133321046829224,-0.36425691843032837,0.44587942453584706
4807,97,7,0.3,-0.1,-0.319558709859848,-0.27302247285842896,0.6432649307068163
4808,97,8,0.3,-0.1,-0.2883482575416565,-0.299624502658844,0.6212918913152611
4809,97,9,0.3,-0.1,-0.13697202503681183,-0.3302086293697357,0.4939033951098782
4810,97,10,0.3,-0.1,-0.297061026096344,-0.2656733989715576,0.6196204838528243
4811,97,11,0.3,-0.1,-0.33559417724609375,-0.2254118025302887,0.6478488082593307
4812,97,12,0.3,-0.1,-0.31429967284202576,-0.3062422275543213,0.6479968707334847
4813,97,13,0.3,-0.1,-0.3582870662212372,-0.2520170211791992,0.6756116016487288
4814,97,14,0.3,-0.1,-0.28446513414382935,-0.18617841601371765,0.5907844043442564
4815,97,15,0.3,-0.1,-0.3085777163505554,-0.236801415681839,0.6237639490793071
4816,97,16,0.3,-0.1,-0.3784011900424957,-0.2690332531929016,0.6991426287504218
4817,97,17,0.3,-0.1,-0.2643910050392151,-0.2425956428050995,0.5821260378270112
4818,97,18,0.3,-0.1,-0.16309918463230133,-0.17269141972064972,0.4687695567206834
4819,97,19,0.3,-0.1,-0.2201290875673294,-0.22903496026992798,0.5358957815708989
4820,97,20,0.3,-0.1,-0.38601261377334595,-0.26951369643211365,0.7066457383542455
4821,97,21,0.3,-0.1,-0.38341623544692993,-0.24936115741729736,0.6995473580948528
4822,97,22,0.3,-0.1,-0.1641867458820343,-0.23908159136772156,0.4845750964607345
4823,97,23,0.3,-0.1,-0.3195967674255371,-0.2608630359172821,0.6401383214030386
4824,97,24,0.3,-0.1,-0.34668558835983276,-0.23074162006378174,0.6597693698628373
4825,97,25,0.3,-0.1,-0.32770678400993347,-0.28612226247787476,0.654719255316335
4826,97,26,0.3,-0.1,-0.28720834851264954,-0.2264820635318756,0.60067575026651
4827,97,27,0.3,-0.1,-0.37122729420661926,-0.26350340247154236,0.6908541402551704
4828,97,28,0.3,-0.1,-0.378052681684494,-0.27188313007354736,0.6994992848769853
4829,97,29,0.3,-0.1,-0.3192627727985382,-0.2887762486934662,0.64739698319108
4830,97,30,0.3,-0.1,-0.1838422566652298,-0.17172406613826752,0.4891295032997996
4831,97,31,0.3,-0.1,-0.3349984288215637,-0.21474453806877136,0.6452823518603854
4832,97,32,0.3,-0.1,-0.31593939661979675,-0.24594953656196594,0.6329949506362685
4833,97,33,0.3,-0.1,-0.36898162961006165,-0.2265739142894745,0.680850480307015
4834,97,34,0.3,-0.1,-0.3459014892578125,-0.2168923020362854,0.6563935893203119
4835,97,35,0.3,-0.1,-0.37096676230430603,-0.24323493242263794,0.6860850107554025
4836,97,36,0.3,-0.1,-0.26034775376319885,-0.2054871767759323,0.5701904502985116
4837,97,37,0.3,-0.1,-0.37819695472717285,-0.2453659176826477,0.6936010088119317
4838,97,38,0.3,-0.1,-0.33180662989616394,-0.32764387130737305,0.6715663405238206
4839,97,39,0.3,-0.1,-0.31885552406311035,-0.21746188402175903,0.6299043211959799
4840,97,40,0.3,-0.1,-0.19666460156440735,-0.14438767731189728,0.4986441540259713
4841,97,41,0.3,-0.1,-0.3486107885837555,-0.2613149583339691,0.6683700104354858
4842,97,42,0.3,-0.1,-0.3639393448829651,-0.2769182324409485,0.6871066253891388
4843,97,43,0.3,-0.1,-0.33111289143562317,-0.23391884565353394,0.6451648928432233
4844,97,44,0.3,-0.1,-0.38991767168045044,-0.27277421951293945,0.7112224157218888
4845,97,45,0.3,-0.1,-0.35610052943229675,-0.26083239912986755,0.6755256955373417
4846,97,46,0.3,-0.1,-0.3126138150691986,-0.26758190989494324,0.6351215497349111
4847,97,47,0.3,-0.1,-0.37845632433891296,-0.2665748596191406,0.6986058745047917
4848,97,48,0.3,-0.1,-0.30774345993995667,-0.30587300658226013,0.6416664304286216
4849,97,49,0.3,-0.1,-0.38324254751205444,-0.23626449704170227,0.696698207177821
4850,98,0,0.4,-0.1,-0.10348187386989594,-0.1827419400215149,0.510235461286322
4851,98,1,0.4,-0.1,-0.1367293745279312,-0.22248506546020508,0.5505279400193372
4852,98,2,0.4,-0.1,-0.1660839468240738,-0.239690899848938,0.583064818311418
4853,98,3,0.4,-0.1,-0.16331711411476135,-0.22964802384376526,0.5780439266536554
4854,98,4,0.4,-0.1,-0.1671898066997528,-0.22837597131729126,0.581536470770115
4855,98,5,0.4,-0.1,-0.12757039070129395,-0.22477275133132935,0.5421242999714233
4856,98,6,0.4,-0.1,-0.14645235240459442,-0.23792031407356262,0.5635886678089485
4857,98,7,0.4,-0.1,-0.08076535165309906,-0.17815038561820984,0.48707577041195854
4858,98,8,0.4,-0.1,-0.11645960807800293,-0.18616053462028503,0.5235973304956183
4859,98,9,0.4,-0.1,-0.126912459731102,-0.2237550914287567,0.5412504622394517
4860,98,10,0.4,-0.1,-0.1869625449180603,-0.22754955291748047,0.6006612336301845
4861,98,11,0.4,-0.1,-0.25872793793678284,-0.2719942629337311,0.680811664633152
4862,98,12,0.4,-0.1,-0.19021551311016083,-0.2224198281764984,0.6027777088169849
4863,98,13,0.4,-0.1,-0.1436370313167572,-0.20865720510482788,0.5543894028930292
4864,98,14,0.4,-0.1,-0.12108654528856277,-0.23934990167617798,0.5393974256315374
4865,98,15,0.4,-0.1,-0.10632327944040298,-0.2158774733543396,0.5194139506542639
4866,98,16,0.4,-0.1,-0.15184414386749268,-0.21187645196914673,0.5630704215513818
4867,98,17,0.4,-0.1,-0.1289670318365097,-0.1927158534526825,0.5370310514778325
4868,98,18,0.4,-0.1,-0.16142651438713074,-0.24842038750648499,0.5807136493009772
4869,98,19,0.4,-0.1,-0.19015328586101532,-0.23132729530334473,0.6045889176161313
4870,98,20,0.4,-0.1,-0.1559710055589676,-0.2364732325077057,0.5724759402921243
4871,98,21,0.4,-0.1,-0.140187606215477,-0.23551496863365173,0.5569263475834008
4872,98,22,0.4,-0.1,-0.13926543295383453,-0.21882590651512146,0.5522017776483765
4873,98,23,0.4,-0.1,-0.0955476239323616,-0.19982245564460754,0.5055017015163539
4874,98,24,0.4,-0.1,-0.12373869866132736,-0.22943246364593506,0.5394951224255109
4875,98,25,0.4,-0.1,-0.11326689273118973,-0.2124999761581421,0.5254513753046167
4876,98,26,0.4,-0.1,-0.15123622119426727,-0.2133733630180359,0.5627742806832545
4877,98,27,0.4,-0.1,-0.18512777984142303,-0.22470378875732422,0.5982687971744676
4878,98,28,0.4,-0.1,-0.20666149258613586,-0.24732381105422974,0.6242935782869952
4879,98,29,0.4,-0.1,-0.13432256877422333,-0.22102999687194824,0.54785843759525
4880,98,30,0.4,-0.1,-0.16248202323913574,-0.2027544230222702,0.5717906067065385
4881,98,31,0.4,-0.1,-0.12578698992729187,-0.22582122683525085,0.54063198194255
4882,98,32,0.4,-0.1,-0.1431984156370163,-0.2119542360305786,0.5546154250611456
4883,98,33,0.4,-0.1,-0.14332906901836395,-0.21472814679145813,0.5553098458577558
4884,98,34,0.4,-0.1,-0.1643625944852829,-0.2212851643562317,0.5772479789025493
4885,98,35,0.4,-0.1,-0.13414087891578674,-0.17921891808509827,0.5399834400345095
4886,98,36,0.4,-0.1,-0.14587649703025818,-0.2100779116153717,0.5568647022712313
4887,98,37,0.4,-0.1,-0.10903166979551315,-0.1904468536376953,0.5170047138931781
4888,98,38,0.4,-0.1,-0.10078252106904984,-0.2143917679786682,0.513681428503658
4889,98,39,0.4,-0.1,-0.11285024136304855,-0.20668859779834747,0.5238299599739544
4890,98,40,0.4,-0.1,-0.08965042233467102,-0.22657376527786255,0.5057454440221257
4891,98,41,0.4,-0.1,-0.17632105946540833,-0.2265242338180542,0.5900460535641064
4892,98,42,0.4,-0.1,-0.1610693484544754,-0.20617744326591492,0.5710275503280171
4893,98,43,0.4,-0.1,-0.18775907158851624,-0.2311129868030548,0.6022053981350654
4894,98,44,0.4,-0.1,-0.15854011476039886,-0.24656865000724792,0.5774508022000719
4895,98,45,0.4,-0.1,-0.1280357837677002,-0.24192318320274353,0.5467759860030148
4896,98,46,0.4,-0.1,-0.1057480052113533,-0.20612233877182007,0.5167620299147995
4897,98,47,0.4,-0.1,-0.14473402500152588,-0.20849888026714325,0.5554342130384002
4898,98,48,0.4,-0.1,-0.14956505596637726,-0.23381680250167847,0.5656223893827936
4899,99,0,0.5,-0.1,-0.31351950764656067,0.4263024926185608,0.9689212058046891
4900,99,1,0.5,-0.1,-0.3130485713481903,0.43252450227737427,0.971920945806344
4901,99,2,0.5,-0.1,-0.243957057595253,0.3427498936653137,0.8657364332673271
4902,99,3,0.5,-0.1,-0.2952212989330292,0.391429603099823,0.9348154732777928
4903,99,4,0.5,-0.1,-0.5402460694313049,0.5867396593093872,1.246484353947394
4904,99,5,0.5,-0.1,-0.2719133496284485,0.4145936667919159,0.9277159377939783
4905,99,6,0.5,-0.1,-0.34105268120765686,0.4839988946914673,1.0239259355868686
4906,99,7,0.5,-0.1,-0.341256707906723,0.46355947852134705,1.0125769770389361
4907,99,8,0.5,-0.1,-0.33357083797454834,0.4190194606781006,0.9819478308363317
4908,99,9,0.5,-0.1,-0.26079869270324707,0.37430626153945923,0.8965383876636335
4909,99,10,0.5,-0.1,-0.36114007234573364,0.45613086223602295,1.0251067067047204
4910,99,11,0.5,-0.1,-0.34222301840782166,0.46328204870224,1.0132256802539967
4911,99,12,0.5,-0.1,-0.2960967421531677,0.36450958251953125,0.9217044944662884
4912,99,13,0.5,-0.1,-0.3649326264858246,0.436581015586853,1.0178544270414536
4913,99,14,0.5,-0.1,-0.3339613974094391,0.396161824464798,0.9703958823208915
4914,99,15,0.5,-0.1,-0.3626430928707123,0.4417734742164612,1.0186616725106148
4915,99,16,0.5,-0.1,-0.373861163854599,0.42652833461761475,1.0202281219651383
4916,99,17,0.5,-0.1,-0.43955424427986145,0.4442121684551239,1.0857849981644292
4917,99,18,0.5,-0.1,-0.27091798186302185,0.3266654908657074,0.8811117839726293
4918,99,19,0.5,-0.1,-0.3027202785015106,0.39828893542289734,0.9448024707220166
4919,99,20,0.5,-0.1,-0.2893698215484619,0.3861846327781677,0.9270815564561148
4920,99,21,0.5,-0.1,-0.4013420045375824,0.5291904807090759,1.0992261233061853
4921,99,22,0.5,-0.1,-0.3670109212398529,0.45704466104507446,1.0305370890695784
4922,99,23,0.5,-0.1,-0.3882994055747986,0.44424736499786377,1.0417682219436617
4923,99,24,0.5,-0.1,-0.2604660391807556,0.32355010509490967,0.8704615375036254
4924,99,25,0.5,-0.1,-0.3147106468677521,0.41733187437057495,0.9650832639515843
4925,99,26,0.5,-0.1,-0.34834009408950806,0.4196701645851135,0.9948557660282792
4926,99,27,0.5,-0.1,-0.2412801831960678,0.35871949791908264,0.8717338399823257
4927,99,28,0.5,-0.1,-0.2516545355319977,0.38180986046791077,0.8928187287629727
4928,99,29,0.5,-0.1,-0.3465416133403778,0.4595485031604767,1.0147547637267142
4929,99,30,0.5,-0.1,-0.4321031868457794,0.4939408004283905,1.105252018926713
4930,99,31,0.5,-0.1,-0.2789052128791809,0.35640302300453186,0.9027718704401668
4931,99,32,0.5,-0.1,-0.31688281893730164,0.4239061176776886,0.9704510085599687
4932,99,33,0.5,-0.1,-0.37780532240867615,0.45429882407188416,1.0381663500694258
4933,99,34,0.5,-0.1,-0.3140404522418976,0.4786536693572998,0.9987501824514778
4934,99,35,0.5,-0.1,-0.4308726191520691,0.4682930111885071,1.0906332012426239
4935,99,36,0.5,-0.1,-0.3200247287750244,0.4148901700973511,0.9682729176556739
4936,99,37,0.5,-0.1,-0.4438592493534088,0.4980944097042084,1.1174019892184754
4937,99,38,0.5,-0.1,-0.3311958909034729,0.40742698311805725,0.9738422625102646
4938,99,39,0.5,-0.1,-0.34475791454315186,0.44180771708488464,1.0035793623207032
4939,99,40,0.5,-0.1,-0.3735978603363037,0.44310954213142395,1.0286599031450447
4940,99,41,0.5,-0.1,-0.3360661566257477,0.413782000541687,0.9813147111582335
4941,99,42,0.5,-0.1,-0.25212395191192627,0.33238130807876587,0.8675505948447723
4942,99,43,0.5,-0.1,-0.36281803250312805,0.4668382406234741,1.032356793093204
4943,99,44,0.5,-0.1,-0.4340039789676666,0.4902479946613312,1.1048783317312165
4944,99,45,0.5,-0.1,-0.23140953481197357,0.33696845173835754,0.8519984362828872
4945,99,46,0.5,-0.1,-0.35189616680145264,0.3429453670978546,0.9601706500640714
4946,99,47,0.5,-0.1,-0.36622869968414307,0.4448818862438202,1.0233515672109486
4947,99,48,0.5,-0.1,-0.46493205428123474,0.47843900322914124,1.1250269107164175
4948,99,49,0.5,-0.1,-0.407383531332016,0.4538062810897827,1.063036344584255
4949,100,0,-1.0,0.0,-0.5921254754066467,-0.19318358600139618,0.4513108969575328
4950,100,1,-1.0,0.0,-0.3858449161052704,-0.2975941002368927,0.6824578489324803
4951,100,2,-1.0,0.0,-0.2606121003627777,-0.36642375588417053,0.8252035112662848
4952,100,3,-1.0,0.0,-0.37531906366348267,-0.25811123847961426,0.675905084795009
4953,100,4,-1.0,0.0,-0.055939577519893646,-0.3986208140850067,1.0247676003441513
4954,100,5,-1.0,0.0,-0.36971384286880493,-0.42566728591918945,0.7605611600476444
4955,100,6,-1.0,0.0,-0.09923873096704483,-0.4477377235889435,1.005902546430055
4956,100,7,-1.0,0.0,-0.43284812569618225,-0.04555948078632355,0.5689788351211782
4957,100,8,-1.0,0.0,-0.3856918215751648,-0.4211629033088684,0.7448172455060331
4958,100,9,-1.0,0.0,-0.5018942952156067,-0.12909415364265442,0.5145625264663862
4959,100,10,-1.0,0.0,-0.4542863368988037,-0.1931835114955902,0.5788983254502407
4960,100,11,-1.0,0.0,-0.3598645329475403,-0.25086793303489685,0.6875377342398541
4961,100,12,-1.0,0.0,-0.3833976984024048,-0.2508433163166046,0.6656731688119658
4962,100,13,-1.0,0.0,-0.4790727496147156,-0.3177477717399597,0.6101875503807681
4963,100,14,-1.0,0.0,-0.06120443716645241,-0.2941440939903259,0.983797670674894
4964,100,15,-1.0,0.0,-0.30592674016952515,-0.31078189611434937,0.7604755597414897
4965,100,16,-1.0,0.0,-0.2681995630264282,-0.3508986234664917,0.8115797702662316
4966,100,17,-1.0,0.0,-0.3585931956768036,-0.06364332884550095,0.6445565622492969
4967,100,18,-1.0,0.0,-0.10603011399507523,-0.4165460169315338,0.9862518650452246
4968,100,19,-1.0,0.0,0.20864687860012054,-0.521626353263855,1.3164046982479067
4969,100,20,-1.0,0.0,-0.25587233901023865,-0.34513628482818604,0.8202713154530615
4970,100,21,-1.0,0.0,-0.18174797296524048,-0.3787725269794464,0.901667902800631
4971,100,22,-1.0,0.0,-0.23748590052127838,-0.3368931710720062,0.8336214732231877
4972,100,23,-1.0,0.0,-0.4268473982810974,0.27449384331703186,0.6354925450987621
4973,100,24,-1.0,0.0,-0.15357179939746857,-0.41465771198272705,0.9425400346308848
4974,100,25,-1.0,0.0,-0.4497847855091095,-0.2891358435153961,0.6215595854482627
4975,100,26,-1.0,0.0,-0.7020748257637024,-0.05541747063398361,0.30303548553790977
4976,100,27,-1.0,0.0,-0.5317292213439941,-0.2077641785144806,0.5122923735689406
4977,100,28,-1.0,0.0,-0.05700306221842766,-0.42064061760902405,1.0325607748931411
4978,100,29,-1.0,0.0,-0.4730616509914398,-0.28355926275253296,0.5983894042750316
4979,100,30,-1.0,0.0,-0.47573062777519226,-0.07567577064037323,0.5297029327038018
4980,100,31,-1.0,0.0,-0.3930666446685791,-0.22824308276176453,0.648431185741749
4981,100,32,-1.0,0.0,-0.15384146571159363,-0.36737871170043945,0.922470261287473
4982,100,33,-1.0,0.0,-0.3237329125404358,-0.3624463677406311,0.7672708407527414
4983,100,34,-1.0,0.0,-0.4891049563884735,-0.2962985336780548,0.5905984817510023
4984,100,35,-1.0,0.0,-0.4480428099632263,-0.26519936323165894,0.6123621819575148
4985,100,36,-1.0,0.0,-0.5421518087387085,-0.32479190826416016,0.5613508260572089
4986,100,37,-1.0,0.0,-0.629103422164917,-0.05654875934123993,0.37518266702075836
4987,100,38,-1.0,0.0,-0.5703437924385071,-0.10363991558551788,0.44197928548598064
4988,100,39,-1.0,0.0,-0.13631200790405273,-0.26800838112831116,0.9043149009309462
4989,100,40,-1.0,0.0,-0.5675007700920105,-0.08382925391197205,0.44054843965498486
4990,100,41,-1.0,0.0,-0.1532539427280426,-0.3632218539714813,0.9213625783089332
4991,100,42,-1.0,0.0,-0.5230247378349304,-0.28459495306015015,0.5554274822375518
4992,100,43,-1.0,0.0,-0.4685669243335724,-0.008519567549228668,0.5315013611868786
4993,100,44,-1.0,0.0,-0.32097217440605164,-0.27662771940231323,0.7332132589312407
4994,100,45,-1.0,0.0,-0.10598805546760559,-0.445985347032547,0.9990797199094447
4995,100,46,-1.0,0.0,-0.21479418873786926,-0.3211962878704071,0.84836031341733
4996,100,47,-1.0,0.0,-0.5469039082527161,-0.032274894416332245,0.45424413828496296
4997,100,48,-1.0,0.0,-0.47001901268959045,-0.22514697909355164,0.575822029020659
4998,101,0,-0.8,0.0,-0.06489963084459305,-0.04528414458036423,0.7364938604515254
4999,101,1,-0.8,0.0,-0.26271000504493713,0.014349061995744705,0.53748156643644
5000,101,2,-0.8,0.0,-0.4972328245639801,0.18985874950885773,0.3573713856572359
5001,101,3,-0.8,0.0,-0.213948056101799,-0.001376476138830185,0.5860535603794426
5002,101,4,-0.8,0.0,-0.3000190854072571,0.040991999208927155,0.5016585083063383
5003,101,5,-0.8,0.0,-0.4968014359474182,0.07555589079856873,0.3124708976495456
5004,101,6,-0.8,0.0,-0.5106265544891357,0.028577543795108795,0.2907811324281383
5005,101,7,-0.8,0.0,-0.4523526132106781,0.019467171281576157,0.3481920106767969
5006,101,8,-0.8,0.0,-0.3163812756538391,0.06259454041719437,0.48765269098842035
5007,101,9,-0.8,0.0,-0.2737272381782532,0.02571406215429306,0.5269005910301904
5008,101,10,-0.8,0.0,-0.4479227662086487,0.13495564460754395,0.3770562352827594
5009,101,11,-0.8,0.0,-0.3299969434738159,0.0305587537586689,0.4709954464485176
5010,101,12,-0.8,0.0,-0.40970930457115173,0.07498149573802948,0.39742804586672814
5011,101,13,-0.8,0.0,-0.07472874224185944,-0.0016376860439777374,0.725273106729909
5012,101,14,-0.8,0.0,-0.4544692039489746,0.10140164941549301,0.36010252085182337
5013,101,15,-0.8,0.0,-0.3534892797470093,0.022401852533221245,0.4470723278148232
5014,101,16,-0.8,0.0,-0.2957884669303894,0.07659927755594254,0.509996783717799
5015,101,17,-0.8,0.0,-0.5101592540740967,0.1530316025018692,0.3277595602925629
5016,101,18,-0.8,0.0,-0.3694164752960205,0.028455063700675964,0.43152272523786284
5017,101,19,-0.8,0.0,-0.46454131603240967,0.05751287564635277,0.34035313942195466
5018,101,20,-0.8,0.0,-0.3674088418483734,0.06835975497961044,0.43795909193877686
5019,101,21,-0.8,0.0,-0.48121389746665955,0.03695550560951233,0.320921000502074
5020,101,22,-0.8,0.0,-0.4564304053783417,0.10531818866729736,0.3593493943401757
5021,101,23,-0.8,0.0,-0.4333047568798065,0.14155210554599762,0.3930679329473254
5022,101,24,-0.8,0.0,-0.39583709836006165,0.027235373854637146,0.4050795189231571
5023,101,25,-0.8,0.0,-0.31534114480018616,0.053185105323791504,0.48756831454873784
5024,101,26,-0.8,0.0,-0.2854199707508087,0.07803800702095032,0.5204637711137063
5025,101,27,-0.8,0.0,-0.4317120611667633,0.04350023344159126,0.3708480500144323
5026,101,28,-0.8,0.0,-0.22027115523815155,-0.014177028089761734,0.5799021655196377
5027,101,29,-0.8,0.0,-0.34421733021736145,0.06157281994819641,0.45992287856831254
5028,101,30,-0.8,0.0,-0.4294717013835907,0.1437351405620575,0.3974305105398495
5029,101,31,-0.8,0.0,-0.26759520173072815,0.05113432556390762,0.5348547358592048
5030,101,32,-0.8,0.0,-0.47993239760398865,0.1651391237974167,0.36015857661884126
5031,101,33,-0.8,0.0,-0.5915470123291016,0.1700020432472229,0.2689857668672348
5032,101,34,-0.8,0.0,-0.5895534753799438,0.15343745052814484,0.2604434505785024
5033,101,35,-0.8,0.0,-0.44703441858291626,0.19275763630867004,0.40216937727828744
5034,101,36,-0.8,0.0,-0.2648106515407562,0.04113925248384476,0.5367681778935478
5035,101,37,-0.8,0.0,-0.4730362594127655,0.036095403134822845,0.3289500961943343
5036,101,38,-0.8,0.0,-0.5607266426086426,0.14769010245800018,0.2811834026420956
5037,101,39,-0.8,0.0,-0.21968233585357666,0.06757088005542755,0.5842383205095554
5038,101,40,-0.8,0.0,-0.40178847312927246,0.09225858747959137,0.4087591798314083
5039,101,41,-0.8,0.0,-0.21602587401866913,0.042023103684186935,0.5854841766084813
5040,101,42,-0.8,0.0,-0.21062932908535004,0.032078132033348083,0.5902429959678756
5041,101,43,-0.8,0.0,-0.44180014729499817,0.0855492502450943,0.3682740945211634
5042,101,44,-0.8,0.0,-0.33074671030044556,0.04461377486586571,0.471369323144428
5043,101,45,-0.8,0.0,-0.30280786752700806,0.026051253080368042,0.4978741652065295
5044,101,46,-0.8,0.0,-0.41138947010040283,0.17120224237442017,0.4246508586390418
5045,101,47,-0.8,0.0,-0.3749008774757385,0.10436725616455078,0.4377234151038919
5046,101,48,-0.8,0.0,-0.39578819274902344,0.05705558508634567,0.4082187219011959
5047,101,49,-0.8,0.0,-0.27630090713500977,0.0384581983089447,0.5251092961325136
5048,102,0,-0.6,0.0,0.19957976043224335,0.22881963849067688,0.8316767522612903
5049,102,1,-0.6,0.0,0.18862105906009674,0.24709446728229523,0.826425344816209
5050,102,2,-0.6,0.0,0.21899278461933136,0.20776201784610748,0.8449344574095748
5051,102,3,-0.6,0.0,0.08918512612581253,0.245064839720726,0.7314594409400956
5052,102,4,-0.6,0.0,0.2192380279302597,0.2903629243373871,0.869172925393342
5053,102,5,-0.6,0.0,0.28699707984924316,0.321576863527298,0.9434911228078084
5054,102,6,-0.6,0.0,0.3007383644580841,0.292301207780838,0.946979195799338
5055,102,7,-0.6,0.0,0.2695086896419525,0.34596899151802063,0.9358097586875559
5056,102,8,-0.6,0.0,0.38690733909606934,0.22221562266349792,1.0116154797735204
5057,102,9,-0.6,0.0,0.1678953766822815,0.317089319229126,0.8307881474234051
5058,102,10,-0.6,0.0,0.12422668188810349,0.3027573227882385,0.7849625999119665
5059,102,11,-0.6,0.0,0.1911155730485916,0.20162145793437958,0.8164037372645879
5060,102,12,-0.6,0.0,0.24282777309417725,0.22429172694683075,0.8721613577060621
5061,102,13,-0.6,0.0,0.12533095479011536,0.23108753561973572,0.7612532056389273
5062,102,14,-0.6,0.0,0.14873337745666504,0.18175815045833588,0.7704788743214832
5063,102,15,-0.6,0.0,0.31146344542503357,0.23207712173461914,0.9405452688620035
5064,102,16,-0.6,0.0,0.1875973343849182,0.27053606510162354,0.832766067783083
5065,102,17,-0.6,0.0,0.4418342113494873,0.2551788091659546,1.0726298283124347
5066,102,18,-0.6,0.0,0.3388877809047699,0.26829952001571655,0.9764706332363238
5067,102,19,-0.6,0.0,0.25813212990760803,0.222823366522789,0.8865895358328548
5068,102,20,-0.6,0.0,0.12667369842529297,0.3366294205188751,0.8008583087800034
5069,102,21,-0.6,0.0,0.35132116079330444,0.3331601917743683,1.0079720553449159
5070,102,22,-0.6,0.0,0.34828880429267883,0.38294529914855957,1.0226919176794242
5071,102,23,-0.6,0.0,0.2337593138217926,0.26195618510246277,0.8739425818084516
5072,102,24,-0.6,0.0,0.34364941716194153,0.2281864732503891,0.9708466867041997
5073,102,25,-0.6,0.0,0.379106730222702,0.30372363328933716,1.0251331789508458
5074,102,26,-0.6,0.0,0.3349197804927826,0.4042598307132721,1.0185779335352774
5075,102,27,-0.6,0.0,0.41839319467544556,0.24215084314346313,1.046786382122136
5076,102,28,-0.6,0.0,0.36791953444480896,0.23113147914409637,0.995133149790114
5077,102,29,-0.6,0.0,0.37278082966804504,0.3598894774913788,1.03721886724966
5078,102,30,-0.6,0.0,0.24802659451961517,0.2334732860326767,0.8795788084665478
5079,102,31,-0.6,0.0,0.380379855632782,0.3499484956264496,1.0409652304096277
5080,102,32,-0.6,0.0,0.1303142011165619,0.27849292755126953,0.7816118877349543
5081,102,33,-0.6,0.0,0.290226548910141,0.3596919775009155,0.9601466695578227
5082,102,34,-0.6,0.0,0.3029726445674896,0.3360530734062195,0.9634787309447842
5083,102,35,-0.6,0.0,0.3739488124847412,0.40045636892318726,1.0530629576390869
5084,102,36,-0.6,0.0,0.457724392414093,0.4882885813713074,1.1649921154262661
5085,102,37,-0.6,0.0,0.350609689950943,0.35469305515289307,1.014626012874853
5086,102,38,-0.6,0.0,0.2613056004047394,0.25084125995635986,0.8970890005930642
5087,102,39,-0.6,0.0,0.1217254102230072,0.3159105181694031,0.787836926813937
5088,102,40,-0.6,0.0,0.1784925013780594,0.18424536287784576,0.7999980802751072
5089,102,41,-0.6,0.0,0.2467411905527115,0.1979898363351822,0.8695807145231864
5090,102,42,-0.6,0.0,0.16331075131893158,0.3407108187675476,0.8358990160924491
5091,102,43,-0.6,0.0,0.22874411940574646,0.2353363186120987,0.8615103007553081
5092,102,44,-0.6,0.0,0.3330402970314026,0.29205265641212463,0.9776803925628387
5093,102,45,-0.6,0.0,0.3395351767539978,0.4122009873390198,1.0259805077687532
5094,102,46,-0.6,0.0,-0.0015440358547493815,0.29887932538986206,0.6689382573649981
5095,102,47,-0.6,0.0,0.41042765974998474,0.3196682035923004,1.059788571355513
5096,102,48,-0.6,0.0,0.3403465151786804,0.32033437490463257,0.9934111335968758
5097,103,0,-0.5,0.0,-0.23305371403694153,0.09777408093214035,0.284288744925992
5098,103,1,-0.5,0.0,-0.15025055408477783,0.10616877675056458,0.365508528046496
5099,103,2,-0.5,0.0,-0.1824570745229721,0.14182020723819733,0.3477736055274962
5100,103,3,-0.5,0.0,-0.20017676055431366,0.12901027500629425,0.32640102017136075
5101,103,4,-0.5,0.0,-0.15350855886936188,0.14433175325393677,0.37535046792849713
5102,103,5,-0.5,0.0,-0.19883814454078674,0.1839318871498108,0.35288723736361843
5103,103,6,-0.5,0.0,-0.19939389824867249,0.21136440336704254,0.36747644743688723
5104,103,7,-0.5,0.0,-0.16108520328998566,0.20321518182754517,0.3951704057165625
5105,103,8,-0.5,0.0,-0.16709893941879272,0.12661457061767578,0.35616620506273616
5106,103,9,-0.5,0.0,-0.12298743426799774,0.18838879466056824,0.4214603334520214
5107,103,10,-0.5,0.0,-0.15786202251911163,0.09630458801984787,0.35543349491625786
5108,103,11,-0.5,0.0,-0.08365084230899811,0.15473312139511108,0.44417221881459557
5109,103,12,-0.5,0.0,-0.20012666285037994,0.20941565930843353,0.36575803025611836
5110,103,13,-0.5,0.0,-0.16257020831108093,0.14318864047527313,0.3665540220491167
5111,103,14,-0.5,0.0,-0.1623183637857437,0.24041830003261566,0.41452363795917613
5112,103,15,-0.5,0.0,-0.18476328253746033,0.13241960108280182,0.34191978414166885
5113,103,16,-0.5,0.0,-0.26153770089149475,0.11758406460285187,0.2658764381148541
5114,103,17,-0.5,0.0,-0.23580732941627502,0.12712295353412628,0.2931859691482528
5115,103,18,-0.5,0.0,-0.17035357654094696,0.19219325482845306,0.38158224762284215
5116,103,19,-0.5,0.0,-0.19930702447891235,0.11404922604560852,0.3215952292701615
5117,103,20,-0.5,0.0,-0.1476113647222519,0.1745324432849884,0.3932420679835023
5118,103,21,-0.5,0.0,-0.18191641569137573,0.1746281087398529,0.36286656358595454
5119,103,22,-0.5,0.0,-0.23059380054473877,0.17418405413627625,0.32081113606026396
5120,103,23,-0.5,0.0,-0.17160041630268097,0.15589722990989685,0.36352473487529247
5121,103,24,-0.5,0.0,-0.1765284687280655,0.07260282337665558,0.3315192324823282
5122,103,25,-0.5,0.0,-0.17471738159656525,0.0815051794052124,0.3353384500847918
5123,103,26,-0.5,0.0,-0.19793790578842163,0.09667584300041199,0.31715568318938375
5124,103,27,-0.5,0.0,-0.1799745112657547,0.13528555631637573,0.34744567228190343
5125,103,28,-0.5,0.0,-0.12050303816795349,0.16666199266910553,0.41448059525168457
5126,103,29,-0.5,0.0,-0.16623550653457642,0.15973855555057526,0.37002046325522997
5127,103,30,-0.5,0.0,-0.1475348174571991,0.1730189025402069,0.39264137013456385
5128,103,31,-0.5,0.0,-0.15129265189170837,0.17447923123836517,0.3899228343637343
5129,103,32,-0.5,0.0,-0.17937955260276794,0.15757326781749725,0.35724894124389783
5130,103,33,-0.5,0.0,-0.17232048511505127,0.09094470739364624,0.34006588226129253
5131,103,34,-0.5,0.0,-0.14392024278640747,0.1978478878736496,0.40735313946667356
5132,103,35,-0.5,0.0,-0.15798276662826538,0.14912252128124237,0.3731130047003591
5133,103,36,-0.5,0.0,-0.15013518929481506,0.1366882622241974,0.37561824609521544
5134,103,37,-0.5,0.0,-0.11322963237762451,0.23214048147201538,0.4510881514835062
5135,103,38,-0.5,0.0,-0.15074856579303741,0.12790164351463318,0.3719346645707612
5136,103,39,-0.5,0.0,-0.15966154634952545,0.170501247048378,0.3806585586562428
5137,103,40,-0.5,0.0,-0.13722661137580872,0.14900322258472443,0.3921817076745312
5138,103,41,-0.5,0.0,-0.14716899394989014,0.12151233851909637,0.3731688186902975
5139,103,42,-0.5,0.0,-0.19753192365169525,0.14963778853416443,0.33745874557823985
5140,103,43,-0.5,0.0,-0.1681910753250122,0.1319480538368225,0.3570818553291342
5141,103,44,-0.5,0.0,-0.1896986961364746,0.12035812437534332,0.3328257461233348
5142,103,45,-0.5,0.0,-0.19139106571674347,0.1381390392780304,0.33811517045543016
5143,103,46,-0.5,0.0,-0.137931689620018,0.11194128543138504,0.3789779845392682
5144,103,47,-0.5,0.0,-0.17390015721321106,0.17761269211769104,0.37133189449179044
5145,103,48,-0.5,0.0,-0.19123134016990662,0.09695684909820557,0.32363361364407767
5146,103,49,-0.5,0.0,-0.16014768183231354,0.11658947914838791,0.35929473251363253
5147,104,0,-0.4,0.0,-0.07579944282770157,0.5005777478218079,0.5963925577043884
5148,104,1,-0.4,0.0,-0.1360509991645813,0.473831444978714,0.5423885261439736
5149,104,2,-0.4,0.0,-0.15393909811973572,0.5056675672531128,0.5623572316649004
5150,104,3,-0.4,0.0,-0.05981016159057617,0.5264805555343628,0.6268260536327452
5151,104,4,-0.4,0.0,-0.29102107882499695,0.4441741704940796,0.4573478971139708
5152,104,5,-0.4,0.0,-0.15711751580238342,0.509782075881958,0.5646854575961062
5153,104,6,-0.4,0.0,-0.32116374373435974,0.47029390931129456,0.47685586547434
5154,104,7,-0.4,0.0,-0.3036092519760132,0.4804893732070923,0.4900624593555072
5155,104,8,-0.4,0.0,-0.28814420104026794,0.48476892709732056,0.49750641447121796
5156,104,9,-0.4,0.0,-0.15226617455482483,0.5458164215087891,0.599406051236022
5157,104,10,-0.4,0.0,-0.1404736340045929,0.5019694566726685,0.5650904972471542
5158,104,11,-0.4,0.0,-0.09630367904901505,0.5246514081954956,0.6062099928908136
5159,104,12,-0.4,0.0,-0.10697125643491745,0.5271039009094238,0.6030790718548129
5160,104,13,-0.4,0.0,-0.16881947219371796,0.5429035425186157,0.5900751587010366
5161,104,14,-0.4,0.0,-0.027713755145668983,0.5166492462158203,0.6368072641883996
5162,104,15,-0.4,0.0,-0.23845098912715912,0.4348766505718231,0.4639135524282092
5163,104,16,-0.4,0.0,-0.32971420884132385,0.4742586314678192,0.4794385695378812
5164,104,17,-0.4,0.0,-0.2755453288555145,0.49248337745666504,0.5079653947276389
5165,104,18,-0.4,0.0,-0.17403250932693481,0.49354827404022217,0.5428178383667619
5166,104,19,-0.4,0.0,-0.11416700482368469,0.5070812702178955,0.5820927037313368
5167,104,20,-0.4,0.0,-0.21884287893772125,0.48373451828956604,0.5165433057318733
5168,104,21,-0.4,0.0,-0.13736627995967865,0.48884662985801697,0.5549301743694958
5169,104,22,-0.4,0.0,-0.12135963886976242,0.5083705186843872,0.5797249650637982
5170,104,23,-0.4,0.0,-0.40459364652633667,0.41210171580314636,0.41212731741090175
5171,104,24,-0.4,0.0,-0.27834784984588623,0.5075095891952515,0.5218862220467714
5172,104,25,-0.4,0.0,-0.1625034511089325,0.5470201969146729,0.5963519988796337
5173,104,26,-0.4,0.0,-0.21669554710388184,0.5151891708374023,0.5468275817839434
5174,104,27,-0.4,0.0,-0.1631946712732315,0.5178561210632324,0.5694310545062063
5175,104,28,-0.4,0.0,-0.3065970838069916,0.544572114944458,0.5525241109023552
5176,104,29,-0.4,0.0,-0.16532495617866516,0.5346113443374634,0.5838507220915765
5177,104,30,-0.4,0.0,-0.138665109872818,0.4762272834777832,0.5432203515392398
5178,104,31,-0.4,0.0,-0.12816202640533447,0.5299168825149536,0.5955734935861579
5179,104,32,-0.4,0.0,-0.22668886184692383,0.473672091960907,0.5043827924409561
5180,104,33,-0.4,0.0,-0.19924257695674896,0.466434121131897,0.5078034386089286
5181,104,34,-0.4,0.0,-0.20337139070034027,0.480822890996933,0.5194742173599829
5182,104,35,-0.4,0.0,-0.08967961370944977,0.5159504413604736,0.6020827186422011
5183,104,36,-0.4,0.0,-0.12669716775417328,0.5429651737213135,0.6078697376805384
5184,104,37,-0.4,0.0,-0.08422936499118805,0.5452289581298828,0.6300680207067058
5185,104,38,-0.4,0.0,-0.19016456604003906,0.5619206428527832,0.5998214052609745
5186,104,39,-0.4,0.0,-0.18788304924964905,0.523722767829895,0.5650479080034125
5187,104,40,-0.4,0.0,-0.14777271449565887,0.5412527322769165,0.5971374412562955
5188,104,41,-0.4,0.0,-0.2137119024991989,0.537170946598053,0.5685559613085737
5189,104,42,-0.4,0.0,-0.17773526906967163,0.5057779550552368,0.5524608134839868
5190,104,43,-0.4,0.0,-0.042883459478616714,0.5308680534362793,0.6398070909838255
5191,104,44,-0.4,0.0,-0.13827164471149445,0.5615699291229248,0.6195663945511837
5192,104,45,-0.4,0.0,-0.12248027324676514,0.5366516709327698,0.6041624075131818
5193,104,46,-0.4,0.0,-0.22338469326496124,0.5198760032653809,0.5490573971310269
5194,104,47,-0.4,0.0,-0.2500482201576233,0.5536272525787354,0.573575340365828
5195,104,48,-0.4,0.0,-0.29216888546943665,0.4849015176296234,0.49674644544316116
5196,105,0,-0.3,0.0,-0.4305986166000366,0.2501732110977173,0.2822102659521556
5197,105,1,-0.3,0.0,-0.41293197870254517,0.1832786500453949,0.21527818137501636
5198,105,2,-0.3,0.0,-0.46364331245422363,0.2518535852432251,0.3003487341589059
5199,105,3,-0.3,0.0,-0.39797428250312805,0.21943287551403046,0.24031177018273311
5200,105,4,-0.3,0.0,-0.38968130946159363,0.2814241945743561,0.2953681001031952
5201,105,5,-0.3,0.0,-0.35547637939453125,0.2596338987350464,0.26549461396248003
5202,105,6,-0.3,0.0,-0.45687124133110046,0.13153088092803955,0.20471677751094677
5203,105,7,-0.3,0.0,-0.42049941420555115,0.19433721899986267,0.22866364711619896
5204,105,8,-0.3,0.0,-0.3642197251319885,0.3533461391925812,0.3591346087170256
5205,105,9,-0.3,0.0,-0.42644229531288147,0.2480117231607437,0.2783836720591768
5206,105,10,-0.3,0.0,-0.4424702823162079,0.26804327964782715,0.30355391795795234
5207,105,11,-0.3,0.0,-0.45039403438568115,0.2912554144859314,0.32779274251601903
5208,105,12,-0.3,0.0,-0.4833739399909973,0.2037012279033661,0.274080630685864
5209,105,13,-0.3,0.0,-0.4562307298183441,0.2549806535243988,0.29903707899071974
5210,105,14,-0.3,0.0,-0.369897723197937,0.29678839445114136,0.3049082530682659
5211,105,15,-0.3,0.0,-0.3853354752063751,0.27353084087371826,0.28653318173953474
5212,105,16,-0.3,0.0,-0.4293559491634369,0.2252654880285263,0.2597643194911568
5213,105,17,-0.3,0.0,-0.37588438391685486,0.31054720282554626,0.31968422686334025
5214,105,18,-0.3,0.0,-0.4225974678993225,0.2771530747413635,0.3030576941341652
5215,105,19,-0.3,0.0,-0.5011810064315796,0.18144387006759644,0.27091636224844395
5216,105,20,-0.3,0.0,-0.5044081807136536,0.1980637013912201,0.2846259548099155
5217,105,21,-0.3,0.0,-0.4190221428871155,0.23086558282375336,0.25974061644262003
5218,105,22,-0.3,0.0,-0.42617571353912354,0.20668762922286987,0.24215715302438928
5219,105,23,-0.3,0.0,-0.3997049629688263,0.17279519140720367,0.1994975133029662
5220,105,24,-0.3,0.0,-0.4211233854293823,0.2434934675693512,0.2719557744318392
5221,105,25,-0.3,0.0,-0.5105432868003845,0.21813058853149414,0.30316567957109686
5222,105,26,-0.3,0.0,-0.4817616939544678,0.18245702981948853,0.25754199874922795
5223,105,27,-0.3,0.0,-0.3879548907279968,0.31768015027046204,0.3296312192114655
5224,105,28,-0.3,0.0,-0.4320104420185089,0.21359169483184814,0.25109394437752464
5225,105,29,-0.3,0.0,-0.461049348115921,0.17114602029323578,0.2350060696892227
5226,105,30,-0.3,0.0,-0.47992196679115295,0.15808774530887604,0.2395070966607061
5227,105,31,-0.3,0.0,-0.391675740480423,0.1883462518453598,0.20947255661978628
5228,105,32,-0.3,0.0,-0.4730895459651947,0.20418110489845276,0.26767501661527965
5229,105,33,-0.3,0.0,-0.4990594685077667,0.1674588918685913,0.26012910730721994
5230,105,34,-0.3,0.0,-0.47443148493766785,0.1180819720029831,0.21064115231756858
5231,105,35,-0.3,0.0,-0.5060129761695862,0.14404338598251343,0.2513759005862691
5232,105,36,-0.3,0.0,-0.47778162360191345,0.15405452251434326,0.23524264408830028
5233,105,37,-0.3,0.0,-0.45768579840660095,0.16854628920555115,0.23080871435907374
5234,105,38,-0.3,0.0,-0.4888933300971985,0.22608602046966553,0.29461089390417866
5235,105,39,-0.3,0.0,-0.4829091727733612,0.16722016036510468,0.2478272533785714
5236,105,40,-0.3,0.0,-0.4864101707935333,0.1417640745639801,0.23419181158242058
5237,105,41,-0.3,0.0,-0.5162061452865601,0.18125146627426147,0.28212974193842605
5238,105,42,-0.3,0.0,-0.5117422938346863,0.19123348593711853,0.28531569382359034
5239,105,43,-0.3,0.0,-0.49226754903793335,0.24079197645187378,0.3081356622279444
5240,105,44,-0.3,0.0,-0.4929933547973633,0.18126846849918365,0.26477290773034257
5241,105,45,-0.3,0.0,-0.45921406149864197,0.22247043251991272,0.27357304458679843
5242,105,46,-0.3,0.0,-0.4532521069049835,0.17207422852516174,0.23042514705072034
5243,105,47,-0.3,0.0,-0.4536798894405365,0.10364876687526703,0.1853660575542863
5244,105,48,-0.3,0.0,-0.5112288594245911,0.17393681406974792,0.27362683776001895
5245,105,49,-0.3,0.0,-0.5179854035377502,0.20060807466506958,0.29624522911996737
5246,106,0,-0.2,0.0,-0.39728227257728577,-0.19403399527072906,0.27671191950109375
5247,106,1,-0.2,0.0,-0.4216161370277405,-0.19724053144454956,0.29667750072364196
5248,106,2,-0.2,0.0,-0.33113622665405273,-0.18203860521316528,0.22435410343699475
5249,106,3,-0.2,0.0,-0.3741123080253601,-0.18251685798168182,0.25224491918257397
5250,106,4,-0.2,0.0,-0.3400942385196686,-0.18457719683647156,0.23172211214818356
5251,106,5,-0.2,0.0,-0.41443654894828796,-0.18712051212787628,0.2845999289948088
5252,106,6,-0.2,0.0,-0.4052603542804718,-0.18373769521713257,0.27548385376106654
5253,106,7,-0.2,0.0,-0.3366403877735138,-0.17731192708015442,0.22385288708384848
5254,106,8,-0.2,0.0,-0.41957858204841614,-0.24549385905265808,0.3293660403365219
5255,106,9,-0.2,0.0,-0.3518069088459015,-0.17723296582698822,0.2333599403264798
5256,106,10,-0.2,0.0,-0.36635497212409973,-0.17975403368473053,0.2449193528007561
5257,106,11,-0.2,0.0,-0.4043073356151581,-0.1993447244167328,0.2854466789769115
5258,106,12,-0.2,0.0,-0.30441343784332275,-0.16007845103740692,0.19112110424753437
5259,106,13,-0.2,0.0,-0.33672386407852173,-0.18136098980903625,0.22712380683907937
5260,106,14,-0.2,0.0,-0.33913978934288025,-0.17972859740257263,0.22729331205004058
5261,106,15,-0.2,0.0,-0.32461172342300415,-0.1697472333908081,0.21057588859668802
5262,106,16,-0.2,0.0,-0.3179320991039276,-0.17347073554992676,0.20976195100945078
5263,106,17,-0.2,0.0,-0.3275790512561798,-0.18871822953224182,0.22779592726212394
5264,106,18,-0.2,0.0,-0.3630707859992981,-0.17967841029167175,0.24264462155871333
5265,106,19,-0.2,0.0,-0.3884194791316986,-0.1863928884267807,0.2650362408659218
5266,106,20,-0.2,0.0,-0.3672763407230377,-0.18599224090576172,0.25014893132459454
5267,106,21,-0.2,0.0,-0.34254884719848633,-0.18487811088562012,0.23345254276244895
5268,106,22,-0.2,0.0,-0.3310667872428894,-0.1813298612833023,0.22373873449001738
5269,106,23,-0.2,0.0,-0.41466566920280457,-0.21037568151950836,0.3005649296060429
5270,106,24,-0.2,0.0,-0.34985506534576416,-0.18192657828330994,0.2356985797489169
5271,106,25,-0.2,0.0,-0.3888711631298065,-0.1820131242275238,0.2622996257204154
5272,106,26,-0.2,0.0,-0.3545365333557129,-0.1822662055492401,0.23896131449864266
5273,106,27,-0.2,0.0,-0.4292077422142029,-0.18917524814605713,0.29719263719354616
5274,106,28,-0.2,0.0,-0.3609795868396759,-0.18589787185192108,0.24591145995692437
5275,106,29,-0.2,0.0,-0.30005747079849243,-0.16254960000514984,0.19087658296508078
5276,106,30,-0.2,0.0,-0.3381340205669403,-0.18207089602947235,0.22854062837701924
5277,106,31,-0.2,0.0,-0.371736079454422,-0.1943017840385437,0.2593192323506616
5278,106,32,-0.2,0.0,-0.2733890116214752,-0.1547337919473648,0.1712556375632271
5279,106,33,-0.2,0.0,-0.32784709334373474,-0.16912496089935303,0.21200974429409916
5280,106,34,-0.2,0.0,-0.36309120059013367,-0.19576424360275269,0.25479870247567804
5281,106,35,-0.2,0.0,-0.35077160596847534,-0.1885078102350235,0.24138614642501094
5282,106,36,-0.2,0.0,-0.3709090054035187,-0.1781991571187973,0.24691056624994764
5283,106,37,-0.2,0.0,-0.31514477729797363,-0.17592893540859222,0.21026010095355838
5284,106,38,-0.2,0.0,-0.35328739881515503,-0.17479273676872253,0.2324855424808526
5285,106,39,-0.2,0.0,-0.31548070907592773,-0.16639083623886108,0.20253815579526377
5286,106,40,-0.2,0.0,-0.3465690314769745,-0.1853281408548355,0.23628161329398462
5287,106,41,-0.2,0.0,-0.29215675592422485,-0.17227478325366974,0.19537519957142985
5288,106,42,-0.2,0.0,-0.33882975578308105,-0.18493153154850006,0.2312431024953259
5289,106,43,-0.2,0.0,-0.35056272149086,-0.18466497957706451,0.2382651627597537
5290,106,44,-0.2,0.0,-0.3105766177177429,-0.16984787583351135,0.2026708891554279
5291,106,45,-0.2,0.0,-0.4061436951160431,-0.21727445721626282,0.29950528007819455
5292,106,46,-0.2,0.0,-0.3274088203907013,-0.16780975461006165,0.21069675188677942
5293,106,47,-0.2,0.0,-0.3666461110115051,-0.1939985305070877,0.2557466640137625
5294,106,48,-0.2,0.0,-0.3633701801300049,-0.19763989746570587,0.2564202504209934
5295,107,0,-0.1,0.0,0.04883527755737305,-0.011952850967645645,0.14931446846114754
5296,107,1,-0.1,0.0,0.027225442230701447,-0.027942925691604614,0.1302578989812291
5297,107,2,-0.1,0.0,0.02570904605090618,-0.009539496153593063,0.12607048126303502
5298,107,3,-0.1,0.0,0.03991192951798439,-0.034029386937618256,0.14399078858314365
5299,107,4,-0.1,0.0,0.05743229389190674,-0.015208650380373001,0.15816519910037138
5300,107,5,-0.1,0.0,-0.20927664637565613,-0.07211780548095703,0.13092884827454704
5301,107,6,-0.1,0.0,0.07156042009592056,0.012995246797800064,0.1720518938658464
5302,107,7,-0.1,0.0,0.048994340002536774,-0.01215510442852974,0.149489330443547
5303,107,8,-0.1,0.0,0.058319952338933945,-0.0035895109176635742,0.158360638724496
5304,107,9,-0.1,0.0,0.07010296732187271,0.005045875906944275,0.1701777904292284
5305,107,10,-0.1,0.0,0.0761321559548378,0.014369428157806396,0.1767173359545737
5306,107,11,-0.1,0.0,0.04743080958724022,-0.017150193452835083,0.14842497347487973
5307,107,12,-0.1,0.0,-0.0987459346652031,-0.03969903290271759,0.039718835497468866
5308,107,13,-0.1,0.0,0.037255506962537766,-0.02302316203713417,0.13917305839037739
5309,107,14,-0.1,0.0,0.00857042707502842,-0.041113100945949554,0.11609403388911035
5310,107,15,-0.1,0.0,0.04609867185354233,-0.008201830089092255,0.14632871192687846
5311,107,16,-0.1,0.0,0.03164997324347496,-0.0261135995388031,0.134214885671749
5312,107,17,-0.1,0.0,0.08890582621097565,0.026816554367542267,0.1907997347078834
5313,107,18,-0.1,0.0,0.05583706498146057,-0.00013663992285728455,0.15583712488526116
5314,107,19,-0.1,0.0,0.06917568296194077,0.004900891333818436,0.16924665562871544
5315,107,20,-0.1,0.0,0.07085864245891571,0.003659036010503769,0.1708978181470722
5316,107,21,-0.1,0.0,0.06288288533687592,0.0037214048206806183,0.16292539148182292
5317,107,22,-0.1,0.0,0.05055054649710655,-0.010473623871803284,0.1509144255781582
5318,107,23,-0.1,0.0,0.08348342031240463,0.019050361588597298,0.18446973140923378
5319,107,24,-0.1,0.0,0.06515592336654663,0.0027204230427742004,0.16517832704258836
5320,107,25,-0.1,0.0,0.08191878348588943,0.013787446543574333,0.1824405039106663
5321,107,26,-0.1,0.0,0.06685008853673935,-0.0026115886867046356,0.1668705259780357
5322,107,27,-0.1,0.0,0.06404276937246323,-0.0016473568975925446,0.16405104074078655
5323,107,28,-0.1,0.0,0.07611848413944244,0.014112390577793121,0.17668299302251822
5324,107,29,-0.1,0.0,0.08100961148738861,0.005286592990159988,0.1810867955325815
5325,107,30,-0.1,0.0,0.037910379469394684,-0.025897428393363953,0.14032088070840296
5326,107,31,-0.1,0.0,0.05961567535996437,-0.001631215214729309,0.15962401036089247
5327,107,32,-0.1,0.0,0.07206816226243973,-0.0010361075401306152,0.1720712816922336
5328,107,33,-0.1,0.0,0.041400693356990814,-0.02602197229862213,0.143775168663257
5329,107,34,-0.1,0.0,0.05717799812555313,-0.0018751658499240875,0.1571891832847321
5330,107,35,-0.1,0.0,0.06529508531093597,-0.0006323382258415222,0.16529629481504254
5331,107,36,-0.1,0.0,0.040834058076143265,-0.022470984607934952,0.14261548675878277
5332,107,37,-0.1,0.0,0.07678908109664917,0.011378999799489975,0.17715490631488137
5333,107,38,-0.1,0.0,0.07186712324619293,0.004599764943122864,0.1719286651214801
5334,107,39,-0.1,0.0,0.10991790145635605,0.03298428654670715,0.2124935022790949
5335,107,40,-0.1,0.0,0.058160535991191864,-0.020868521183729172,0.15953134588981832
5336,107,41,-0.1,0.0,0.06553815305233002,0.0015234462916851044,0.16554516303589267
5337,107,42,-0.1,0.0,0.07060328125953674,-0.00010431930422782898,0.17060331315375396
5338,107,43,-0.1,0.0,0.06454145163297653,-0.006846994161605835,0.16468385055777698
5339,107,44,-0.1,0.0,0.07721267640590668,0.007508488371968269,0.17737167213672136
5340,107,45,-0.1,0.0,0.0873599499464035,0.013855872675776482,0.18787159458397684
5341,107,46,-0.1,0.0,0.08175032585859299,0.0075644031167030334,0.18190767203231623
5342,107,47,-0.1,0.0,0.11614566296339035,0.005764782428741455,0.2162225250392157
5343,107,48,-0.1,0.0,0.0611736997961998,0.0037211142480373383,0.1612166498760053
5344,107,49,-0.1,0.0,0.04082639142870903,-0.022909794002771378,0.14267771789624822
5345,108,0,0.0,0.0,-0.207904651761055,-0.12884390354156494,0.24459169181252588
5346,108,1,0.0,0.0,-0.20621666312217712,-0.10992851853370667,0.23368695157466746
5347,108,2,0.0,0.0,-0.19762170314788818,-0.12367549538612366,0.23313079100383788
5348,108,3,0.0,0.0,-0.29395031929016113,-0.10268445312976837,0.3113693740966624
5349,108,4,0.0,0.0,-0.19872458279132843,-0.13843293488025665,0.24218822693341005
5350,108,5,0.0,0.0,-0.20648093521595,-0.11754660308361053,0.23759541347456442
5351,108,6,0.0,0.0,-0.20564955472946167,-0.12142010033130646,0.2388191368481395
5352,108,7,0.0,0.0,-0.20584459602832794,-0.12268534302711487,0.23963240830018456
5353,108,8,0.0,0.0,-0.2111838161945343,-0.11598260700702667,0.24093685760097652
5354,108,9,0.0,0.0,-0.20722661912441254,-0.1147589385509491,0.2368807414102608
5355,108,10,0.0,0.0,-0.2061760127544403,-0.11921340227127075,0.2381604155110814
5356,108,11,0.0,0.0,-0.202372208237648,-0.1156817227602005,0.23310249172359754
5357,108,12,0.0,0.0,-0.2002815306186676,-0.11523064970970154,0.23106448047996522
5358,108,13,0.0,0.0,-0.20039410889148712,-0.11335289478302002,0.23023179110214906
5359,108,14,0.0,0.0,-0.18784210085868835,-0.1251184642314911,0.22569733039327816
5360,108,15,0.0,0.0,-0.20014157891273499,-0.11613285541534424,0.23139466656905422
5361,108,16,0.0,0.0,-0.1926538497209549,-0.11795111000537872,0.2258937143078692
5362,108,17,0.0,0.0,-0.20264433324337006,-0.11268182098865509,0.23186616522677328
5363,108,18,0.0,0.0,-0.2057814598083496,-0.11144277453422546,0.23402030082183387
5364,108,19,0.0,0.0,-0.20433269441127777,-0.11844965815544128,0.2361824962238174
5365,108,20,0.0,0.0,-0.21350757777690887,-0.11621883511543274,0.24308908532418919
5366,108,21,0.0,0.0,-0.20683802664279938,-0.12676121294498444,0.24259096102858219
5367,108,22,0.0,0.0,-0.2055508941411972,-0.13338296115398407,0.24503506771164588
5368,108,23,0.0,0.0,-0.21064308285713196,-0.12313146889209747,0.24399153056424341
5369,108,24,0.0,0.0,-0.19700533151626587,-0.13234783709049225,0.23733320591178406
5370,108,25,0.0,0.0,-0.20870141685009003,-0.12267737090587616,0.24208679998631266
5371,108,26,0.0,0.0,-0.19934995472431183,-0.12358731031417847,0.2345511196291295
5372,108,27,0.0,0.0,-0.21797995269298553,-0.11236096918582916,0.2452350855249205
5373,108,28,0.0,0.0,-0.1212000772356987,-0.1921166032552719,0.22715247735449173
5374,108,29,0.0,0.0,-0.22337231040000916,-0.11286017298698425,0.25026507487080585
5375,108,30,0.0,0.0,-0.20356199145317078,-0.13981893658638,0.24695509590313564
5376,108,31,0.0,0.0,-0.21275697648525238,-0.12003390491008759,0.24428194646987358
5377,108,32,0.0,0.0,-0.2121715247631073,-0.11799833178520203,0.24277636257344426
5378,108,33,0.0,0.0,-0.20961986482143402,-0.1186620444059372,0.24087583629403944
5379,108,34,0.0,0.0,-0.19856521487236023,-0.13110624253749847,0.23794325245656361
5380,108,35,0.0,0.0,-0.18987058103084564,-0.13886652886867523,0.23523339554796538
5381,108,36,0.0,0.0,-0.19736571609973907,-0.12274612486362457,0.23242167941179523
5382,108,37,0.0,0.0,-0.18778984248638153,-0.12956318259239197,0.22814829217973448
5383,108,38,0.0,0.0,-0.1998734027147293,-0.11844973266124725,0.23233535305735395
5384,108,39,0.0,0.0,-0.18929187953472137,-0.11911022663116455,0.2236485227894762
5385,108,40,0.0,0.0,-0.20295456051826477,-0.10560660064220428,0.22878659867737888
5386,108,41,0.0,0.0,-0.19542399048805237,-0.1219981461763382,0.23037813205410265
5387,108,42,0.0,0.0,-0.2148364782333374,-0.08478215336799622,0.23096044230434287
5388,108,43,0.0,0.0,-0.1910342574119568,-0.11816668510437012,0.22462736470317488
5389,108,44,0.0,0.0,-0.1940508782863617,-0.11804713308811188,0.22713623443658382
5390,108,45,0.0,0.0,-0.19108866155147552,-0.11896102130413055,0.22509242804513918
5391,108,46,0.0,0.0,-0.19319261610507965,-0.12188191711902618,0.2284263308774491
5392,108,47,0.0,0.0,-0.19957111775875092,-0.11340489983558655,0.2295415046352111
5393,108,48,0.0,0.0,-0.18817411363124847,-0.13319674134254456,0.23054472222364739
5394,108,49,0.0,0.0,-0.20118407905101776,-0.1207776665687561,0.23465352843160017
5395,109,0,0.1,0.0,-0.02623777464032173,-0.35150808095932007,0.37348883079128964
5396,109,1,0.1,0.0,-0.03797205165028572,-0.33115822076797485,0.35875068532171456
5397,109,2,0.1,0.0,-0.059275172650814056,-0.30842557549476624,0.34712377654408
5398,109,3,0.1,0.0,-0.05016313120722771,-0.3118208944797516,0.34609425913775493
5399,109,4,0.1,0.0,-0.039036355912685394,-0.3214641511440277,0.3502432136904714
5400,109,5,0.1,0.0,-0.01929701678454876,-0.3531929850578308,0.3727962753405055
5401,109,6,0.1,0.0,-0.05147019773721695,-0.3256661593914032,0.35916802220590077
5402,109,7,0.1,0.0,-0.1131330132484436,-0.27287986874580383,0.3462500600766567
5403,109,8,0.1,0.0,-0.02723938785493374,-0.3504995107650757,0.3728803680381359
5404,109,9,0.1,0.0,-0.0523802675306797,-0.31679970026016235,0.3515420259622599
5405,109,10,0.1,0.0,-0.07279343903064728,-0.2882497012615204,0.33607359737026915
5406,109,11,0.1,0.0,-0.036311134696006775,-0.3249621093273163,0.3523933852111466
5407,109,12,0.1,0.0,-0.07147175073623657,-0.30396220088005066,0.34899223610904917
5408,109,13,0.1,0.0,-0.0939992219209671,-0.2860632538795471,0.34564126392271927
5409,109,14,0.1,0.0,-0.050813060253858566,-0.3246244788169861,0.35794640854509746
5410,109,15,0.1,0.0,-0.052643951028585434,-0.3277586102485657,0.36156034403359055
5411,109,16,0.1,0.0,-0.08778005093336105,-0.2814231216907501,0.33831985006898785
5412,109,17,0.1,0.0,-0.07496798038482666,-0.28815704584121704,0.33711760148037706
5413,109,18,0.1,0.0,-0.05071164667606354,-0.32425621151924133,0.3575697011110164
5414,109,19,0.1,0.0,-0.06900441646575928,-0.2937612533569336,0.33890731293197013
5415,109,20,0.1,0.0,-0.07700461894273758,-0.2773280441761017,0.3290007282873483
5416,109,21,0.1,0.0,-0.013950052671134472,-0.3444591164588928,0.3628177192687747
5417,109,22,0.1,0.0,-0.028564995154738426,-0.33640235662460327,0.3601326193525445
5418,109,23,0.1,0.0,-0.04077310115098953,-0.33191636204719543,0.3605350709741171
5419,109,24,0.1,0.0,-0.02873275987803936,-0.3397009074687958,0.3632751436596513
5420,109,25,0.1,0.0,-0.034639716148376465,-0.33033254742622375,0.35671759846356577
5421,109,26,0.1,0.0,-0.10234459489583969,-0.2751571834087372,0.3415476696816872
5422,109,27,0.1,0.0,-0.051821038126945496,-0.3095034658908844,0.34473471397063177
5423,109,28,0.1,0.0,-0.053459908813238144,-0.31385916471481323,0.3493673122781346
5424,109,29,0.1,0.0,-0.07967117428779602,-0.27649223804473877,0.3297418514064359
5425,109,30,0.1,0.0,-0.07012107968330383,-0.29843512177467346,0.34351812712181173
5426,109,31,0.1,0.0,-0.046284209936857224,-0.3280939757823944,0.35922795968792426
5427,109,32,0.1,0.0,-0.034811265766620636,-0.3419865369796753,0.3675987878828618
5428,109,33,0.1,0.0,-0.03001299314200878,-0.340318500995636,0.3643076454120346
5429,109,34,0.1,0.0,-0.06326799839735031,-0.3208543062210083,0.36000545151600377
5430,109,35,0.1,0.0,-0.030919210985302925,-0.3336161673069,0.3583846912098224
5431,109,36,0.1,0.0,-0.05729543790221214,-0.30881908535957336,0.34657045786848617
5432,109,37,0.1,0.0,-0.02279333397746086,-0.34518879652023315,0.3663789133020447
5433,109,38,0.1,0.0,-0.05007478594779968,-0.33297649025917053,0.36523387636224736
5434,109,39,0.1,0.0,-0.023256799206137657,-0.35007134079933167,0.37113633909869825
5435,109,40,0.1,0.0,-0.04170982912182808,-0.32680049538612366,0.3562025258955269
5436,109,41,0.1,0.0,-0.03902049362659454,-0.3411168158054352,0.36835767899342237
5437,109,42,0.1,0.0,-0.06341353803873062,-0.30075785517692566,0.3422853661273883
5438,109,43,0.1,0.0,-0.03235457092523575,-0.32730984687805176,0.3530573158966359
5439,109,44,0.1,0.0,0.009533902630209923,-0.3405316174030304,0.35234343647135563
5440,109,45,0.1,0.0,-0.05385015904903412,-0.31203755736351013,0.3479041658916992
5441,109,46,0.1,0.0,-0.06466467678546906,-0.3147037625312805,0.3551801147758804
5442,109,47,0.1,0.0,-0.02599041536450386,-0.3472099006175995,0.3693620173361137
5443,109,48,0.1,0.0,-0.060111332684755325,-0.3172807991504669,0.35539097394791463
5444,110,0,0.2,0.0,-0.0788310244679451,-0.3242163062095642,0.4276247811084125
5445,110,1,0.2,0.0,-0.07660859078168869,-0.3588767647743225,0.4531057766009126
5446,110,2,0.2,0.0,-0.09052745252847672,-0.37387874722480774,0.4734886675508485
5447,110,3,0.2,0.0,-0.10122058540582657,-0.3704628646373749,0.4774689258449798
5448,110,4,0.2,0.0,-0.08877953141927719,-0.36890318989753723,0.4684903214403855
5449,110,5,0.2,0.0,-0.07098250091075897,-0.36279988288879395,0.4528302892077473
5450,110,6,0.2,0.0,-0.06514707952737808,-0.3195878267288208,0.41525817604852594
5451,110,7,0.2,0.0,-0.0936475619673729,-0.2771265208721161,0.40376725872718494
5452,110,8,0.2,0.0,-0.08807948231697083,-0.3152582347393036,0.42705683778972064
5453,110,9,0.2,0.0,-0.0980774536728859,-0.33723586797714233,0.45008687943374664
5454,110,10,0.2,0.0,-0.11486401408910751,-0.3494657874107361,0.47038886459918616
5455,110,11,0.2,0.0,-0.10096586495637894,-0.3727695047855377,0.47910077809057705
5456,110,12,0.2,0.0,-0.10452719777822495,-0.3565385639667511,0.4688886453968908
5457,110,13,0.2,0.0,-0.10049553215503693,-0.3471221923828125,0.45912022531118046
5458,110,14,0.2,0.0,-0.09992509335279465,-0.3061996102333069,0.4286178518560696
5459,110,15,0.2,0.0,-0.08716828376054764,-0.2736404836177826,0.3966670360296559
5460,110,16,0.2,0.0,-0.08482179790735245,-0.30009564757347107,0.41374008055265526
5461,110,17,0.2,0.0,-0.10391278564929962,-0.3399975299835205,0.4560277422219092
5462,110,18,0.2,0.0,-0.0490206703543663,-0.37582746148109436,0.45084096427350234
5463,110,19,0.2,0.0,-0.10545201599597931,-0.3609963655471802,0.4728840344252292
5464,110,20,0.2,0.0,-0.08766160160303116,-0.36777767539024353,0.46691499820874505
5465,110,21,0.2,0.0,-0.08385449647903442,-0.3597603142261505,0.45825850659149225
5466,110,22,0.2,0.0,-0.09657872468233109,-0.3098464608192444,0.42890997798653446
5467,110,23,0.2,0.0,-0.07873949408531189,-0.3100847601890564,0.41695115309163044
5468,110,24,0.2,0.0,-0.08296296745538712,-0.32215625047683716,0.42878046908931516
5469,110,25,0.2,0.0,-0.11618199199438095,-0.3006781041622162,0.4363237036697861
5470,110,26,0.2,0.0,-0.1042998805642128,-0.3538365066051483,0.46668907285036076
5471,110,27,0.2,0.0,-0.0981304943561554,-0.37249118089675903,0.477107400394196
5472,110,28,0.2,0.0,-0.09281215816736221,-0.3707464635372162,0.4724319000617769
5473,110,29,0.2,0.0,-0.10768570750951767,-0.33988627791404724,0.4584682939090744
5474,110,30,0.2,0.0,-0.08649468421936035,-0.3242986500263214,0.432722565271151
5475,110,31,0.2,0.0,-0.08180370926856995,-0.3148209750652313,0.42252287145023015
5476,110,32,0.2,0.0,-0.09717590361833572,-0.30908310413360596,0.42877253054765513
5477,110,33,0.2,0.0,-0.09184271097183228,-0.34426170587539673,0.45131839102747257
5478,110,34,0.2,0.0,-0.07642396539449692,-0.3747120201587677,0.4656386009512987
5479,110,35,0.2,0.0,-0.09886559844017029,-0.3706178665161133,0.4761073922046965
5480,110,36,0.2,0.0,-0.09661751240491867,-0.3710363805294037,0.47502625647604213
5481,110,37,0.2,0.0,-0.0784018263220787,-0.3652123212814331,0.45922501730115006
5482,110,38,0.2,0.0,-0.07772303372621536,-0.34318241477012634,0.4414796181813466
5483,110,39,0.2,0.0,-0.08251748234033585,-0.3095472455024719,0.41908904188261664
5484,110,40,0.2,0.0,-0.042793214321136475,-0.3159434199333191,0.39845801475130466
5485,110,41,0.2,0.0,-0.08676919341087341,-0.3541065454483032,0.4556621729075765
5486,110,42,0.2,0.0,-0.10003669559955597,-0.35504597425460815,0.4648436968925194
5487,110,43,0.2,0.0,-0.08752398937940598,-0.36971384286880493,0.46835709675147247
5488,110,44,0.2,0.0,-0.0979994609951973,-0.3650071322917938,0.4712047170575728
5489,110,45,0.2,0.0,-0.09982714056968689,-0.3510117828845978,0.46163360573729767
5490,110,46,0.2,0.0,-0.11912722885608673,-0.3072316348552704,0.44298246653023116
5491,110,47,0.2,0.0,-0.09115202724933624,-0.3036353886127472,0.420670835914985
5492,110,48,0.2,0.0,-0.11796914041042328,-0.28167033195495605,0.4247852988945811
5493,111,0,0.3,0.0,-0.3514140546321869,-0.21833059191703796,0.6870287606346549
5494,111,1,0.3,0.0,-0.3831559717655182,-0.2204146683216095,0.7178333426152722
5495,111,2,0.3,0.0,-0.3615919351577759,-0.21300899982452393,0.695037209559355
5496,111,3,0.3,0.0,-0.3544953167438507,-0.2044803649187088,0.6856940566148447
5497,111,4,0.3,0.0,-0.3681693375110626,-0.2183804214000702,0.7029511163949059
5498,111,5,0.3,0.0,-0.34783899784088135,-0.21342787146568298,0.6820900405678488
5499,111,6,0.3,0.0,-0.366021066904068,-0.21699032187461853,0.7004775951786635
5500,111,7,0.3,0.0,-0.38549473881721497,-0.22105368971824646,0.7202553510277675
5501,111,8,0.3,0.0,-0.43116146326065063,-0.22291529178619385,0.764387540891124
5502,111,9,0.3,0.0,-0.3623858392238617,-0.21217504143714905,0.695538099756696
5503,111,10,0.3,0.0,-0.38510096073150635,-0.22240158915519714,0.7202956290676698
5504,111,11,0.3,0.0,-0.4041726291179657,-0.2336750328540802,0.7419320134475015
5505,111,12,0.3,0.0,-0.378439724445343,-0.21678045392036438,0.7122318617608961
5506,111,13,0.3,0.0,-0.34482428431510925,-0.20927992463111877,0.6779354279694341
5507,111,14,0.3,0.0,-0.38728058338165283,-0.2217409908771515,0.722165955531418
5508,111,15,0.3,0.0,-0.3646872341632843,-0.2128441035747528,0.6979339020897157
5509,111,16,0.3,0.0,-0.3909702003002167,-0.22459259629249573,0.7265546448907512
5510,111,17,0.3,0.0,-0.34553948044776917,-0.2151114046573639,0.6804367253686708
5511,111,18,0.3,0.0,-0.3697468936443329,-0.2215270698070526,0.7054325936640099
5512,111,19,0.3,0.0,-0.36256304383277893,-0.22278538346290588,0.6990158182313695
5513,111,20,0.3,0.0,-0.3741099536418915,-0.22038739919662476,0.7092212879797994
5514,111,21,0.3,0.0,-0.3436386287212372,-0.21025201678276062,0.6771089978307576
5515,111,22,0.3,0.0,-0.34290236234664917,-0.2070811688899994,0.6754302762089887
5516,111,23,0.3,0.0,-0.39358097314834595,-0.22306784987449646,0.7285697166099052
5517,111,24,0.3,0.0,-0.34215247631073,-0.21074709296226501,0.6758506787923263
5518,111,25,0.3,0.0,-0.364799827337265,-0.21516957879066467,0.6987537177465387
5519,111,26,0.3,0.0,-0.36464086174964905,-0.2197858691215515,0.7000380728023526
5520,111,27,0.3,0.0,-0.3459952771663666,-0.21498346328735352,0.6808287505740894
5521,111,28,0.3,0.0,-0.3760785162448883,-0.22330588102340698,0.7120025818966739
5522,111,29,0.3,0.0,-0.3329777717590332,-0.21115605533123016,0.6672688657835583
5523,111,30,0.3,0.0,-0.3948662281036377,-0.22137710452079773,0.7292783401178106
5524,111,31,0.3,0.0,-0.2680056393146515,-0.16534778475761414,0.5915828734991373
5525,111,32,0.3,0.0,-0.31609490513801575,-0.20280031859874725,0.6486146015630345
5526,111,33,0.3,0.0,-0.3904193341732025,-0.22964489459991455,0.7276095344454842
5527,111,34,0.3,0.0,-0.3546585440635681,-0.21921834349632263,0.6903872039954844
5528,111,35,0.3,0.0,-0.40217575430870056,-0.22640323638916016,0.7377731462898867
5529,111,36,0.3,0.0,-0.39041462540626526,-0.22798243165016174,0.7270820752267204
5530,111,37,0.3,0.0,-0.3474409282207489,-0.20869289338588715,0.6802444261330762
5531,111,38,0.3,0.0,-0.40105003118515015,-0.22488462924957275,0.7362365399091639
5532,111,39,0.3,0.0,-0.4040452837944031,-0.22700607776641846,0.7397374676032267
5533,111,40,0.3,0.0,-0.38134488463401794,-0.22290024161338806,0.7168789085530765
5534,111,41,0.3,0.0,-0.3745998442173004,-0.21587634086608887,0.7082990500937707
5535,111,42,0.3,0.0,-0.40381306409835815,-0.23711591958999634,0.7426821584759723
5536,111,43,0.3,0.0,-0.3890689015388489,-0.22048896551132202,0.7234855457990912
5537,111,44,0.3,0.0,-0.27111154794692993,-0.1770571768283844,0.5979277916812166
5538,111,45,0.3,0.0,-0.38267266750335693,-0.22550588846206665,0.7189540156972594
5539,111,46,0.3,0.0,-0.41649550199508667,-0.2236301302909851,0.7505839323840834
5540,111,47,0.3,0.0,-0.33346614241600037,-0.21132895350456238,0.6677868523539094
5541,111,48,0.3,0.0,-0.33750760555267334,-0.20833443105220795,0.6706856061519064
5542,112,0,0.4,0.0,-0.4784374535083771,-0.32372260093688965,0.9361883795922843
5543,112,1,0.4,0.0,-0.4793660342693329,-0.29906609654426575,0.9288299910795289
5544,112,2,0.4,0.0,-0.4603012800216675,-0.28502705693244934,0.9062884284765492
5545,112,3,0.4,0.0,-0.4564167857170105,-0.27476784586906433,0.8994148542143285
5546,112,4,0.4,0.0,-0.4526503086090088,-0.26263150572776794,0.8921815154843058
5547,112,5,0.4,0.0,-0.44718417525291443,-0.2690884470939636,0.8888923552142868
5548,112,6,0.4,0.0,-0.44304946064949036,-0.2520747482776642,0.8799284469890971
5549,112,7,0.4,0.0,-0.4540686011314392,-0.27802422642707825,0.89818185570573
5550,112,8,0.4,0.0,-0.449844092130661,-0.2703622877597809,0.8918131797479167
5551,112,9,0.4,0.0,-0.4479769170284271,-0.27045682072639465,0.8900627751403073
5552,112,10,0.4,0.0,-0.4543308615684509,-0.28193703293800354,0.899649771616809
5553,112,11,0.4,0.0,-0.44781944155693054,-0.27484214305877686,0.8912552996100762
5554,112,12,0.4,0.0,-0.4515053331851959,-0.26402953267097473,0.8915003794532478
5555,112,13,0.4,0.0,-0.4448133409023285,-0.26024946570396423,0.8839905912201513
5556,112,14,0.4,0.0,-0.4537076950073242,-0.28164467215538025,0.8989663786083605
5557,112,15,0.4,0.0,-0.4384894371032715,-0.26468130946159363,0.8792728425875923
5558,112,16,0.4,0.0,-0.4535978138446808,-0.27433302998542786,0.8965979250151118
5559,112,17,0.4,0.0,-0.44850197434425354,-0.26496681571006775,0.8889111394811234
5560,112,18,0.4,0.0,-0.4554062783718109,-0.27750661969184875,0.8992940703967243
5561,112,19,0.4,0.0,-0.44574180245399475,-0.26952245831489563,0.887649453305885
5562,112,20,0.4,0.0,-0.4387359619140625,-0.2707667946815491,0.8813584236336701
5563,112,21,0.4,0.0,-0.45300135016441345,-0.2842453718185425,0.8991144169584724
5564,112,22,0.4,0.0,-0.4644944667816162,-0.2923872768878937,0.9126012287861269
5565,112,23,0.4,0.0,-0.45547282695770264,-0.2888287305831909,0.902915163940279
5566,112,24,0.4,0.0,-0.451456755399704,-0.2771560847759247,0.8954295626369005
5567,112,25,0.4,0.0,-0.4543898105621338,-0.2915346026420593,0.9027593106305037
5568,112,26,0.4,0.0,-0.45499032735824585,-0.2826567590236664,0.9005016953331756
5569,112,27,0.4,0.0,-0.45384731888771057,-0.28348419070243835,0.8996769033102652
5570,112,28,0.4,0.0,-0.46016743779182434,-0.28957247734069824,0.9076013666090313
5571,112,29,0.4,0.0,-0.45936349034309387,-0.2969565987586975,0.9092243013035887
5572,112,30,0.4,0.0,-0.4533633589744568,-0.26773765683174133,0.8943782618813579
5573,112,31,0.4,0.0,-0.44847384095191956,-0.27369454503059387,0.891524852575186
5574,112,32,0.4,0.0,-0.48859456181526184,-0.31322163343429565,0.9421826186779851
5575,112,33,0.4,0.0,-0.4506189227104187,-0.29204031825065613,0.8993553797898681
5576,112,34,0.4,0.0,-0.460966020822525,-0.2616848647594452,0.8998563537893932
5577,112,35,0.4,0.0,-0.4558405578136444,-0.29325032234191895,0.9046871348440905
5578,112,36,0.4,0.0,-0.44593337178230286,-0.28322580456733704,0.8920875102072617
5579,112,37,0.4,0.0,-0.4856736660003662,-0.3137432932853699,0.9396024141774423
5580,112,38,0.4,0.0,-0.45862042903900146,-0.2725168764591217,0.9008298891123424
5581,112,39,0.4,0.0,-0.4505510628223419,-0.28113964200019836,0.8958105875530916
5582,112,40,0.4,0.0,-0.4518079459667206,-0.2919374406337738,0.900446692512023
5583,112,41,0.4,0.0,-0.4552716612815857,-0.2742258608341217,0.8981589154161854
5584,112,42,0.4,0.0,-0.4540145695209503,-0.29227712750434875,0.9026443398239683
5585,112,43,0.4,0.0,-0.44773757457733154,-0.27274584770202637,0.8905331508646681
5586,112,44,0.4,0.0,-0.45590516924858093,-0.29557350277900696,0.9055039228471038
5587,112,45,0.4,0.0,-0.4508679211139679,-0.2754157781600952,0.8943321922196116
5588,112,46,0.4,0.0,-0.4540439248085022,-0.2888263463973999,0.9015606933953928
5589,112,47,0.4,0.0,-0.447989821434021,-0.2768964171409607,0.8920528925356409
5590,112,48,0.4,0.0,-0.45421600341796875,-0.27930840849876404,0.8987202943927992
5591,113,0,0.5,0.0,-0.46090707182884216,0.4981643855571747,1.0823632272616421
5592,113,1,0.5,0.0,-0.45819783210754395,0.36174923181533813,1.024209740324014
5593,113,2,0.5,0.0,-0.4104539453983307,0.4149530827999115,1.0005560692017899
5594,113,3,0.5,0.0,-0.43152809143066406,0.46297404170036316,1.0402353331880365
5595,113,4,0.5,0.0,-0.4321838617324829,0.4426460862159729,1.0319410398452051
5596,113,5,0.5,0.0,-0.46423059701919556,0.4635109603404999,1.0698518844138036
5597,113,6,0.5,0.0,-0.45016154646873474,0.4718034863471985,1.060851306318293
5598,113,7,0.5,0.0,-0.4497227072715759,0.4050002992153168,1.032472015636137
5599,113,8,0.5,0.0,-0.4481332302093506,0.4742022752761841,1.0601058532544414
5600,113,9,0.5,0.0,-0.4530055820941925,0.5093419551849365,1.0805780243991197
5601,113,10,0.5,0.0,-0.45565664768218994,0.4538753032684326,1.0579614450329335
5602,113,11,0.5,0.0,-0.4231104850769043,0.4579021632671356,1.0304403712896928
5603,113,12,0.5,0.0,-0.4384783208370209,0.38188835978507996,1.0132029796740696
5604,113,13,0.5,0.0,-0.4748897850513458,0.49703651666641235,1.0942830492598066
5605,113,14,0.5,0.0,-0.4253973960876465,0.39444950222969055,1.0059576285783847
5606,113,15,0.5,0.0,-0.4380013942718506,0.45193400979042053,1.0411968905356872
5607,113,16,0.5,0.0,-0.4323897957801819,0.4091176688671112,1.018198408098475
5608,113,17,0.5,0.0,-0.4888469874858856,0.3383549153804779,1.0451327252660505
5609,113,18,0.5,0.0,-0.445661723613739,0.47601476311683655,1.0587096628506258
5610,113,19,0.5,0.0,-0.448368102312088,0.44232335686683655,1.0464473276343047
5611,113,20,0.5,0.0,-0.4375389516353607,0.4412428140640259,1.0361826609226155
5612,113,21,0.5,0.0,-0.43246927857398987,0.4005278944969177,1.0148505061113342
5613,113,22,0.5,0.0,-0.4624788165092468,0.4672800302505493,1.0699140614554024
5614,113,23,0.5,0.0,-0.48449039459228516,0.44425711035728455,1.0800859767386473
5615,113,24,0.5,0.0,-0.44036373496055603,0.4717572033405304,1.0520640726365698
5616,113,25,0.5,0.0,-0.4597906470298767,0.4526316523551941,1.061166103322106
5617,113,26,0.5,0.0,-0.44849222898483276,0.4473443627357483,1.0486917980589288
5618,113,27,0.5,0.0,-0.4596080780029297,0.34008723497390747,1.0180898736166049
5619,113,28,0.5,0.0,-0.4463339149951935,0.3536389470100403,1.0102516436574107
5620,113,29,0.5,0.0,-0.4759487509727478,0.4605228304862976,1.0791465340371427
5621,113,30,0.5,0.0,-0.44611629843711853,0.4699796140193939,1.0564170046729526
5622,113,31,0.5,0.0,-0.4281410574913025,0.4603878855705261,1.0360515565265915
5623,113,32,0.5,0.0,-0.48368632793426514,0.4611647129058838,1.0864215039267056
5624,113,33,0.5,0.0,-0.439130038022995,0.5071214437484741,1.0673037932222524
5625,113,34,0.5,0.0,-0.4600829780101776,0.46034926176071167,1.064744461111925
5626,113,35,0.5,0.0,-0.44964608550071716,0.431180864572525,1.0429499631719374
5627,113,36,0.5,0.0,-0.4489542543888092,0.3868543803691864,1.0247782631054623
5628,113,37,0.5,0.0,-0.42956846952438354,0.40294381976127625,1.0131442451189825
5629,113,38,0.5,0.0,-0.4467693567276001,0.4954604506492615,1.068575347364875
5630,113,39,0.5,0.0,-0.42289358377456665,0.42372971773147583,1.0155192960555004
5631,113,40,0.5,0.0,-0.4532066583633423,0.46332523226737976,1.0598458399238215
5632,113,41,0.5,0.0,-0.43127986788749695,0.4365532398223877,1.0285236621157419
5633,113,42,0.5,0.0,-0.4358952045440674,0.4832443296909332,1.05329241716962
5634,113,43,0.5,0.0,-0.4410903751850128,0.4192560613155365,1.0302556669175302
5635,113,44,0.5,0.0,-0.43810686469078064,0.41475430130958557,1.0257025007451084
5636,113,45,0.5,0.0,-0.4527185559272766,0.5093251466751099,1.0803169682291291
5637,113,46,0.5,0.0,-0.368276447057724,0.33976221084594727,0.9323853004172205
5638,113,47,0.5,0.0,-0.4210520088672638,0.42490580677986145,1.014338083517358
5639,113,48,0.5,0.0,-0.44841739535331726,0.4362352192401886,1.0439332939964632
5640,113,49,0.5,0.0,-0.4300125241279602,0.47756436467170715,1.0454621071273464
5641,114,0,0.6,0.0,-0.3384130001068115,0.10314333438873291,0.9440643549029338
5642,114,1,0.6,0.0,-0.31637170910835266,0.09231936186552048,0.9210103006098358
5643,114,2,0.6,0.0,-0.31173714995384216,0.07479964941740036,0.9148003160028536
5644,114,3,0.6,0.0,-0.3328273296356201,0.07283248752355576,0.9356662856777468
5645,114,4,0.6,0.0,-0.3404553532600403,0.0989626944065094,0.9456478659414737
5646,114,5,0.6,0.0,-0.3441397547721863,0.06910152733325958,0.9466651454559174
5647,114,6,0.6,0.0,-0.3050258457660675,0.12642201781272888,0.9138130597077434
5648,114,7,0.6,0.0,-0.30783596634864807,0.08203509449958801,0.9115349134979636
5649,114,8,0.6,0.0,-0.3451344966888428,0.0985884815454483,0.9502625455760683
5650,114,9,0.6,0.0,-0.34484896063804626,0.12356282025575638,0.9528941856094791
5651,114,10,0.6,0.0,-0.3178277909755707,0.07379120588302612,0.9207893331010992
5652,114,11,0.6,0.0,-0.3813553750514984,0.26469141244888306,1.0164250665772916
5653,114,12,0.6,0.0,-0.3386492133140564,0.13304728269577026,0.9480316055321284
5654,114,13,0.6,0.0,-0.3459828794002533,0.12669599056243896,0.9544294013403987
5655,114,14,0.6,0.0,-0.3250940442085266,0.11251521855592728,0.9319112967642228
5656,114,15,0.6,0.0,-0.32979094982147217,0.11676934361457825,0.937094600335577
5657,114,16,0.6,0.0,-0.3146999776363373,0.07373064011335373,0.9176667458175876
5658,114,17,0.6,0.0,-0.2953442335128784,0.09065578877925873,0.8999220902522358
5659,114,18,0.6,0.0,-0.35943275690078735,0.08241745829582214,0.9629661740924179
5660,114,19,0.6,0.0,-0.04205651581287384,-0.18243122100830078,0.6674711378751493
5661,114,20,0.6,0.0,-0.3266531527042389,0.12314802408218384,0.9348002467115911
5662,114,21,0.6,0.0,-0.3427538275718689,0.13236959278583527,0.9520013069821369
5663,114,22,0.6,0.0,-0.3344661295413971,0.10107602179050446,0.9399166502627101
5664,114,23,0.6,0.0,-0.3484552800655365,0.13371571898460388,0.9578346996156304
5665,114,24,0.6,0.0,-0.33337149024009705,0.13064689934253693,0.9424706632573974
5666,114,25,0.6,0.0,-0.3095587193965912,0.09251654893159866,0.9142518120608675
5667,114,26,0.6,0.0,-0.3176896870136261,0.08079664409160614,0.9212396318806702
5668,114,27,0.6,0.0,-0.30784401297569275,0.09085100889205933,0.9123785714891132
5669,114,28,0.6,0.0,-0.3042956292629242,0.05483882129192352,0.9059568871777042
5670,114,29,0.6,0.0,-0.3186998963356018,0.05905851721763611,0.9205962241846266
5671,114,30,0.6,0.0,-0.3205472528934479,0.10936177521944046,0.9270206268950119
5672,114,31,0.6,0.0,-0.33886030316352844,0.10044415295124054,0.9442180345229616
5673,114,32,0.6,0.0,-0.3331875503063202,0.11625061184167862,0.94040055763503
5674,114,33,0.6,0.0,-0.3478766977787018,0.14010047912597656,0.9581745031272667
5675,114,34,0.6,0.0,-0.3175497055053711,0.07493318617343903,0.920604390855864
5676,114,35,0.6,0.0,-0.2743891477584839,0.0887763500213623,0.8788843052648757
5677,114,36,0.6,0.0,-0.33527520298957825,0.06645150482654572,0.9376329280805518
5678,114,37,0.6,0.0,-0.32818832993507385,0.10925271362066269,0.934596025703694
5679,114,38,0.6,0.0,-0.34418970346450806,0.108379065990448,0.9503895086086322
5680,114,39,0.6,0.0,-0.34393933415412903,0.13159823417663574,0.9530684979589605
5681,114,40,0.6,0.0,-0.34984686970710754,0.07461701333522797,0.9527732020640907
5682,114,41,0.6,0.0,-0.3540818691253662,0.14176693558692932,0.9645569330109348
5683,114,42,0.6,0.0,-0.3728201687335968,0.0878685861825943,0.9767804098837116
5684,114,43,0.6,0.0,-0.34653058648109436,0.1383076161146164,0.9565820131173032
5685,114,44,0.6,0.0,-0.3048311769962311,0.055579498410224915,0.906536562697786
5686,114,45,0.6,0.0,-0.340232253074646,0.1250351220369339,0.9485096053623369
5687,114,46,0.6,0.0,-0.3461068570613861,0.12257397174835205,0.9540139220832891
5688,114,47,0.6,0.0,-0.31725606322288513,0.12980099022388458,0.9263946149359065
5689,114,48,0.6,0.0,-0.35924360156059265,0.1450755000114441,0.9701521467473582
5690,115,0,0.8,0.0,-0.1001705676317215,-0.020089831203222275,0.9003947201912003
5691,115,1,0.8,0.0,-0.03958465903997421,-0.2797757387161255,0.8849728039151392
5692,115,2,0.8,0.0,-0.06902400404214859,-0.1471957564353943,0.8814019005618472
5693,115,3,0.8,0.0,-0.08352804183959961,-0.19835726916790009,0.9055205171329163
5694,115,4,0.8,0.0,-0.1020871102809906,-0.16514372825622559,0.9170788436756538
5695,115,5,0.8,0.0,0.02050272934138775,-0.1662304401397705,0.7970248140386144
5696,115,6,0.8,0.0,-0.49428263306617737,-0.09732738137245178,1.2979368834506306
5697,115,7,0.8,0.0,-0.08065404742956161,-0.2646937966346741,0.9195729211057417
5698,115,8,0.8,0.0,0.008844621479511261,-0.16428475081920624,0.8080323708327697
5699,115,9,0.8,0.0,-0.19615094363689423,-0.07846421748399734,0.9992363764065292
5700,115,10,0.8,0.0,-0.2911897301673889,-0.17145682871341705,1.1045779607321708
5701,115,11,0.8,0.0,0.13703621923923492,-0.19904406368732452,0.6921990421040551
5702,115,12,0.8,0.0,-0.36040279269218445,-0.26243820786476135,1.1897093990698269
5703,115,13,0.8,0.0,0.02633390575647354,-0.17610999941825867,0.7934569662414794
5704,115,14,0.8,0.0,-0.20454232394695282,-0.2043549120426178,1.0251176569919624
5705,115,15,0.8,0.0,0.0469469279050827,-0.1476558893918991,0.7673924622145474
5706,115,16,0.8,0.0,-0.06693676859140396,-0.025135330855846405,0.8673010697519854
5707,115,17,0.8,0.0,0.022628899663686752,-0.20464323461055756,0.8038561320970079
5708,115,18,0.8,0.0,-0.1960386335849762,-0.03366796672344208,0.9966074912306837
5709,115,19,0.8,0.0,-0.097122922539711,-0.08666622638702393,0.9012993803073202
5710,115,20,0.8,0.0,-0.31242430210113525,-0.24973320960998535,1.1401116190475837
5711,115,21,0.8,0.0,0.05586396902799606,-0.1858152598142624,0.766984839074808
5712,115,22,0.8,0.0,0.07447556406259537,-0.12262140214443207,0.7358136417641058
5713,115,23,0.8,0.0,-0.07106344401836395,-0.1924005150794983,0.8920591245584509
5714,115,24,0.8,0.0,0.09458130598068237,-0.09871755540370941,0.7122925590070446
5715,115,25,0.8,0.0,-0.2925530672073364,-0.19397369027137756,1.109638678661507
5716,115,26,0.8,0.0,-0.20031604170799255,-0.07204927504062653,1.0029074141376293
5717,115,27,0.8,0.0,-0.06893892586231232,-0.15296253561973572,0.8822994923391763
5718,115,28,0.8,0.0,-0.26202622056007385,-0.21204769611358643,1.0829884203370759
5719,115,29,0.8,0.0,-0.014755130745470524,-0.10411612689495087,0.8213806005474407
5720,115,30,0.8,0.0,-0.18955616652965546,-0.22670847177505493,1.0151936455137256
5721,115,31,0.8,0.0,0.07482792437076569,-0.16608372330665588,0.7439478089354211
5722,115,32,0.8,0.0,-0.10383331030607224,-0.19884490966796875,0.9254479731025917
5723,115,33,0.8,0.0,-0.07713288068771362,-0.16409392654895782,0.8923502155060993
5724,115,34,0.8,0.0,-0.003697639796882868,-0.23021534085273743,0.8360197362377411
5725,115,35,0.8,0.0,-0.23433569073677063,-0.18389123678207397,1.050555238003768
5726,115,36,0.8,0.0,-0.12654390931129456,-0.21007317304611206,0.9500601843649266
5727,115,37,0.8,0.0,-0.22849099338054657,-0.19496895372867584,1.0468078220872052
5728,115,38,0.8,0.0,0.029921602457761765,-0.1564539521932602,0.7858107771710137
5729,115,39,0.8,0.0,-0.07539926469326019,-0.19182263314723969,0.8961695125438274
5730,115,40,0.8,0.0,-0.18288777768611908,-0.04869293421506882,0.9840931792097894
5731,115,41,0.8,0.0,-0.05669448897242546,-0.18994709849357605,0.8774994858470594
5732,115,42,0.8,0.0,-0.2902466356754303,-0.10204625129699707,1.0950119469692394
5733,115,43,0.8,0.0,-0.13905282318592072,-0.21539005637168884,0.9634381563531971
5734,115,44,0.8,0.0,-0.024368125945329666,-0.16954141855239868,0.8416217081797347
5735,115,45,0.8,0.0,-0.15926045179367065,-0.22327157855033875,0.9849014225615461
5736,115,46,0.8,0.0,-0.03158712387084961,-0.13698625564575195,0.8427943870385203
5737,115,47,0.8,0.0,-0.06714193522930145,-0.22209158539772034,0.8951311681187797
5738,115,48,0.8,0.0,-0.1096397414803505,-0.19781559705734253,0.9309003543449706
5739,115,49,0.8,0.0,0.021284278482198715,-0.17848975956439972,0.7989097378354748
5740,116,0,1.0,0.0,-0.15281067788600922,0.35877975821495056,1.2073505596771712
5741,116,1,1.0,0.0,-0.3165561854839325,0.326743483543396,1.3564960352223947
5742,116,2,1.0,0.0,-0.22685545682907104,0.2551311254501343,1.2531026307229272
5743,116,3,1.0,0.0,-0.18430195748806,0.3087797164916992,1.2238938025117803
5744,116,4,1.0,0.0,-0.20979617536067963,0.3538111746311188,1.2604717899307307
5745,116,5,1.0,0.0,-0.23696884512901306,0.35321927070617676,1.2864119779518566
5746,116,6,1.0,0.0,-0.3262082636356354,0.32395777106285095,1.3652021813517063
5747,116,7,1.0,0.0,-0.18477661907672882,0.3524547815322876,1.2360906156653146
5748,116,8,1.0,0.0,-0.3328283131122589,0.2915199100971222,1.364336897623422
5749,116,9,1.0,0.0,-0.3126211166381836,0.1965395212173462,1.3272535474598723
5750,116,10,1.0,0.0,-0.020963557064533234,0.3295433819293976,1.0728305669710054
5751,116,11,1.0,0.0,-0.08501420170068741,0.3755236566066742,1.1481610664725692
5752,116,12,1.0,0.0,0.030422676354646683,0.389773428440094,1.0449897186313515
5753,116,13,1.0,0.0,-0.0455484464764595,0.3982401192188263,1.1188238228089187
5754,116,14,1.0,0.0,-0.28674882650375366,0.32189738750457764,1.3264013233524232
5755,116,15,1.0,0.0,-0.39184728264808655,0.18097448348999023,1.403563543944246
5756,116,16,1.0,0.0,-0.04932703822851181,0.3218078315258026,1.0975643551012213
5757,116,17,1.0,0.0,-0.3462071716785431,0.1765589714050293,1.357735916687168
5758,116,18,1.0,0.0,-0.1434856504201889,0.3356590270996094,1.1917325266981424
5759,116,19,1.0,0.0,-0.24888719618320465,0.344852089881897,1.2956242482626892
5760,116,20,1.0,0.0,-0.2050771564245224,0.275907427072525,1.2362588164498538
5761,116,21,1.0,0.0,-0.18778927624225616,0.31126829981803894,1.2278971126392126
5762,116,22,1.0,0.0,-0.30053988099098206,0.2542637288570404,1.325161886661522
5763,116,23,1.0,0.0,-0.24158655107021332,0.35211730003356934,1.2905517257287125
5764,116,24,1.0,0.0,-0.17604228854179382,0.2506074011325836,1.20244731025565
5765,116,25,1.0,0.0,-0.24652518332004547,0.321485310792923,1.2873141954110097
5766,116,26,1.0,0.0,-0.3780254125595093,0.23404113948345184,1.3977586675211562
5767,116,27,1.0,0.0,-0.4072917401790619,0.3296676278114319,1.4453894931135445
5768,116,28,1.0,0.0,-0.4840353727340698,0.2727475166320801,1.5088910482055742
5769,116,29,1.0,0.0,-0.45307475328445435,0.2970812916755676,1.4831330124086315
5770,116,30,1.0,0.0,-0.3463638126850128,0.3157253861427307,1.3828875715555118
5771,116,31,1.0,0.0,-0.39670222997665405,0.27055925130844116,1.4226663093256768
5772,116,32,1.0,0.0,-0.19606202840805054,0.3577573299407959,1.2484208757169786
5773,116,33,1.0,0.0,-0.16959162056446075,0.37176576256752014,1.2272547987732667
5774,116,34,1.0,0.0,-0.1113470196723938,0.41484642028808594,1.1862502900149492
5775,116,35,1.0,0.0,-0.2910841703414917,0.30343863368034363,1.3262629223936602
5776,116,36,1.0,0.0,0.013122092001140118,0.36955875158309937,1.0538034333631034
5777,116,37,1.0,0.0,-0.23830965161323547,0.34403321146965027,1.2852119062133738
5778,116,38,1.0,0.0,-0.2965145707130432,0.30303117632865906,1.331457068740242
5779,116,39,1.0,0.0,-0.2997938096523285,0.26328206062316895,1.3261905560878102
5780,116,40,1.0,0.0,-0.32841038703918457,0.10306131839752197,1.332402263486306
5781,116,41,1.0,0.0,-0.16569918394088745,0.3409028649330139,1.2145243310695706
5782,116,42,1.0,0.0,-0.33589932322502136,0.34234532713890076,1.3790675562882737
5783,116,43,1.0,0.0,-0.29074418544769287,0.3118990361690521,1.3278936557684926
5784,116,44,1.0,0.0,-0.43284279108047485,0.30467814207077026,1.4648778905447997
5785,116,45,1.0,0.0,-0.47534939646720886,0.2388511747121811,1.4945587058786103
5786,116,46,1.0,0.0,-0.376949280500412,0.30696606636047363,1.4107506820722877
5787,116,47,1.0,0.0,-0.3944607675075531,0.14576634764671326,1.4020587221026146
5788,116,48,1.0,0.0,-0.3033323585987091,0.15719181299209595,1.312777400415705
5789,116,49,1.0,0.0,-0.09553131461143494,0.2723767161369324,1.1288834912371595
5790,117,0,-0.5,0.1,-0.3290407061576843,-0.27118319272994995,0.4086612811562436
5791,117,1,-0.5,0.1,-0.3250572383403778,-0.2522461712360382,0.393296751839554
5792,117,2,-0.5,0.1,-0.33852702379226685,-0.27530378103256226,0.4085663350090418
5793,117,3,-0.5,0.1,-0.34450244903564453,-0.26781514286994934,0.3993337797887296
5794,117,4,-0.5,0.1,-0.3189536929130554,-0.25478941202163696,0.39831305802406114
5795,117,5,-0.5,0.1,-0.29554691910743713,-0.2574746906757355,0.41181211342088225
5796,117,6,-0.5,0.1,-0.33431920409202576,-0.26159629225730896,0.3977461561183627
5797,117,7,-0.5,0.1,-0.293535977602005,-0.23183295130729675,0.3908202913335879
5798,117,8,-0.5,0.1,-0.3420358896255493,-0.28206199407577515,0.41342959193017287
5799,117,9,-0.5,0.1,-0.3169291317462921,-0.26867374777793884,0.41162516335107324
5800,117,10,-0.5,0.1,-0.3183234632015228,-0.2552591562271118,0.3990180849363696
5801,117,11,-0.5,0.1,-0.3187072277069092,-0.2533780336380005,0.39716886074259933
5802,117,12,-0.5,0.1,-0.32974451780319214,-0.2561821937561035,0.39478181868847256
5803,117,13,-0.5,0.1,-0.30685219168663025,-0.2532619833946228,0.40261657289307023
5804,117,14,-0.5,0.1,-0.32452628016471863,-0.24633044004440308,0.38824708634345306
5805,117,15,-0.5,0.1,-0.33920204639434814,-0.27093711495399475,0.4042899023400887
5806,117,16,-0.5,0.1,-0.33446991443634033,-0.27104493975639343,0.40629368263060417
5807,117,17,-0.5,0.1,-0.31709024310112,-0.25751569867134094,0.4015886626453297
5808,117,18,-0.5,0.1,-0.3119092583656311,-0.25081348419189453,0.39805555865911924
5809,117,19,-0.5,0.1,-0.3153507709503174,-0.25140929222106934,0.3969682965275124
5810,117,20,-0.5,0.1,-0.3066326975822449,-0.2400369644165039,0.39117266112793503
5811,117,21,-0.5,0.1,-0.32808730006217957,-0.25714418292045593,0.39636592158487993
5812,117,22,-0.5,0.1,-0.3347664177417755,-0.26812344789505005,0.4035058978454033
5813,117,23,-0.5,0.1,-0.3425876200199127,-0.26600900292396545,0.3984234526134107
5814,117,24,-0.5,0.1,-0.32962164282798767,-0.26654326915740967,0.4042063244894061
5815,117,25,-0.5,0.1,-0.30917981266975403,-0.2477130889892578,0.39663173870380275
5816,117,26,-0.5,0.1,-0.3169225752353668,-0.25657832622528076,0.4008309446538187
5817,117,27,-0.5,0.1,-0.3063241243362427,-0.23908233642578125,0.3904960636038344
5818,117,28,-0.5,0.1,-0.3182673156261444,-0.2471526861190796,0.39184404557096386
5819,117,29,-0.5,0.1,-0.3149736523628235,-0.24943721294403076,0.3953999432347521
5820,117,30,-0.5,0.1,-0.3243751525878906,-0.26634681224823,0.4062684751158605
5821,117,31,-0.5,0.1,-0.30619585514068604,-0.25303611159324646,0.40273383599286655
5822,117,32,-0.5,0.1,-0.3211860656738281,-0.2699800431728363,0.41092536482356296
5823,117,33,-0.5,0.1,-0.3063689172267914,-0.2469412386417389,0.3973175295480797
5824,117,34,-0.5,0.1,-0.3130965530872345,-0.25601404905319214,0.4020931503907044
5825,117,35,-0.5,0.1,-0.31578993797302246,-0.2545989155769348,0.3995919642339183
5826,117,36,-0.5,0.1,-0.30494681000709534,-0.23420247435569763,0.38695870683043027
5827,117,37,-0.5,0.1,-0.31577762961387634,-0.24662718176841736,0.3925408066575978
5828,117,38,-0.5,0.1,-0.3176841735839844,-0.2547478973865509,0.3988547746510421
5829,117,39,-0.5,0.1,-0.3192164897918701,-0.2426707148551941,0.38743502214247844
5830,117,40,-0.5,0.1,-0.3112146854400635,-0.24989014863967896,0.3975713912099194
5831,117,41,-0.5,0.1,-0.30978551506996155,-0.25739434361457825,0.4048607996890969
5832,117,42,-0.5,0.1,-0.3606714904308319,-0.2733626961708069,0.3985124044125854
5833,117,43,-0.5,0.1,-0.33237558603286743,-0.2779238224029541,0.41342999370810557
5834,117,44,-0.5,0.1,-0.33958202600479126,-0.26519620418548584,0.3988761636551055
5835,117,45,-0.5,0.1,-0.3357119858264923,-0.2677379548549652,0.40276761915773107
5836,117,46,-0.5,0.1,-0.3444386124610901,-0.2758302390575409,0.40675264459260646
5837,117,47,-0.5,0.1,-0.3105994164943695,-0.2534589469432831,0.40100599522516855
5838,117,48,-0.5,0.1,-0.3114872872829437,-0.25083231925964355,0.3982717151556759
5839,118,0,-0.4,0.1,-0.3212464451789856,-0.2628537714481354,0.3713017396284081
5840,118,1,-0.4,0.1,-0.32317259907722473,-0.25981104373931885,0.36792178072156434
5841,118,2,-0.4,0.1,-0.3280740976333618,-0.265768438577652,0.3727732368220507
5842,118,3,-0.4,0.1,-0.31784990429878235,-0.263029545545578,0.3722083948042388
5843,118,4,-0.4,0.1,-0.32072699069976807,-0.2642020881175995,0.37272962183429204
5844,118,5,-0.4,0.1,-0.32549455761909485,-0.26685765385627747,0.3743468967913407
5845,118,6,-0.4,0.1,-0.32463574409484863,-0.26315629482269287,0.37089387368556487
5846,118,7,-0.4,0.1,-0.3182271718978882,-0.25627464056015015,0.36553852727459757
5847,118,8,-0.4,0.1,-0.3208971917629242,-0.2631193697452545,0.3716354812920618
5848,118,9,-0.4,0.1,-0.32547351717948914,-0.26292121410369873,0.37049427025002507
5849,118,10,-0.4,0.1,-0.3247140944004059,-0.2557821273803711,0.3636604044232113
5850,118,11,-0.4,0.1,-0.3242625296115875,-0.2631159722805023,0.370930416312885
5851,118,12,-0.4,0.1,-0.3329988121986389,-0.2695593535900116,0.3755839120525006
5852,118,13,-0.4,0.1,-0.329372376203537,-0.26169002056121826,0.36852127783441374
5853,118,14,-0.4,0.1,-0.303241491317749,-0.2388819456100464,0.3524247182915291
5854,118,15,-0.4,0.1,-0.32158395648002625,-0.26215261220932007,0.37054499107579447
5855,118,16,-0.4,0.1,-0.3204837441444397,-0.2625814378261566,0.37119824083819414
5856,118,17,-0.4,0.1,-0.32375165820121765,-0.25175896286964417,0.3599280172287115
5857,118,18,-0.4,0.1,-0.32617902755737305,-0.25929439067840576,0.366799666228504
5858,118,19,-0.4,0.1,-0.3253927528858185,-0.2617044746875763,0.3693187895720607
5859,118,20,-0.4,0.1,-0.3197175860404968,-0.25978565216064453,0.3686339396906168
5860,118,21,-0.4,0.1,-0.3160907030105591,-0.263014554977417,0.37258601321938306
5861,118,22,-0.4,0.1,-0.31714731454849243,-0.2587359845638275,0.36817940478454947
5862,118,23,-0.4,0.1,-0.3189953565597534,-0.2536477744579315,0.362806423093541
5863,118,24,-0.4,0.1,-0.3311827778816223,-0.2641180157661438,0.3705640828056112
5864,118,25,-0.4,0.1,-0.3145729601383209,-0.24643272161483765,0.3568100471469273
5865,118,26,-0.4,0.1,-0.3202371299266815,-0.23435992002487183,0.3437421585452849
5866,118,27,-0.4,0.1,-0.31385162472724915,-0.2668452560901642,0.37682487242483453
5867,118,28,-0.4,0.1,-0.3229198455810547,-0.26104968786239624,0.3691858980388907
5868,118,29,-0.4,0.1,-0.3229295611381531,-0.26293087005615234,0.37102381188553574
5869,118,30,-0.4,0.1,-0.3306356966495514,-0.2672308385372162,0.37372435745083565
5870,118,31,-0.4,0.1,-0.32992884516716003,-0.27022433280944824,0.3767970585657602
5871,118,32,-0.4,0.1,-0.3222135603427887,-0.2569082975387573,0.3652865492275333
5872,118,33,-0.4,0.1,-0.31450584530830383,-0.2500942051410675,0.36038202363575733
5873,118,34,-0.4,0.1,-0.32930585741996765,-0.2629030644893646,0.3697246218618634
5874,118,35,-0.4,0.1,-0.33380672335624695,-0.26824721693992615,0.37414911820935437
5875,118,36,-0.4,0.1,-0.3212019205093384,-0.2537941336631775,0.36246299996812764
5876,118,37,-0.4,0.1,-0.32809942960739136,-0.2617384195327759,0.368814826422221
5877,118,38,-0.4,0.1,-0.3155039846897125,-0.25185415148735046,0.3618575970215351
5878,118,39,-0.4,0.1,-0.3073960542678833,-0.23876628279685974,0.3511952236650703
5879,118,40,-0.4,0.1,-0.32358860969543457,-0.25481271743774414,0.36294733092259146
5880,118,41,-0.4,0.1,-0.3179665207862854,-0.26359114050865173,0.37273047791707226
5881,118,42,-0.4,0.1,-0.32484400272369385,-0.2604774534702301,0.3682287582291449
5882,118,43,-0.4,0.1,-0.3169596493244171,-0.2562641203403473,0.36581391892901677
5883,118,44,-0.4,0.1,-0.32731327414512634,-0.26294639706611633,0.370153275358704
5884,118,45,-0.4,0.1,-0.3256564438343048,-0.25825902819633484,0.3658913713488528
5885,118,46,-0.4,0.1,-0.32456764578819275,-0.26613810658454895,0.37382770517345826
5886,118,47,-0.4,0.1,-0.3113870918750763,-0.2533378005027771,0.3642799044011301
5887,118,48,-0.4,0.1,-0.32001787424087524,-0.26363614201545715,0.3723283285231385
5888,118,49,-0.4,0.1,-0.3260049521923065,-0.26100218296051025,0.3685075890701799
5889,119,0,-0.3,0.1,-0.5001583099365234,-0.22817060351371765,0.38439471126330943
5890,119,1,-0.3,0.1,-0.48825353384017944,-0.19996319711208344,0.3541430680177408
5891,119,2,-0.3,0.1,-0.46860501170158386,-0.20587386190891266,0.34926561435383785
5892,119,3,-0.3,0.1,-0.4904487729072571,-0.23989608883857727,0.3896153055382219
5893,119,4,-0.3,0.1,-0.42462432384490967,-0.21391776204109192,0.3377507711592803
5894,119,5,-0.3,0.1,-0.4921625256538391,-0.1976836919784546,0.35431908886706315
5895,119,6,-0.3,0.1,-0.42809370160102844,-0.21580129861831665,0.3407909279879212
5896,119,7,-0.3,0.1,-0.4598211944103241,-0.22553333640098572,0.3626496481331533
5897,119,8,-0.3,0.1,-0.5311830043792725,-0.26744669675827026,0.4341228587305568
5898,119,9,-0.3,0.1,-0.45871835947036743,-0.21042226254940033,0.3486452333235801
5899,119,10,-0.3,0.1,-0.45938640832901,-0.22049015760421753,0.35793570411625336
5900,119,11,-0.3,0.1,-0.5093422532081604,-0.22643521428108215,0.38779392478609764
5901,119,12,-0.3,0.1,-0.5188465118408203,-0.2201988697052002,0.3878416067228761
5902,119,13,-0.3,0.1,-0.4462779462337494,-0.19196826219558716,0.32656194463512556
5903,119,14,-0.3,0.1,-0.46570754051208496,-0.2561866044998169,0.3928458809860086
5904,119,15,-0.3,0.1,-0.47969621419906616,-0.24211516976356506,0.3864369531758442
5905,119,16,-0.3,0.1,0.03040437586605549,-0.2906624376773834,0.5116485041544372
5906,119,17,-0.3,0.1,-0.43914976716041565,-0.2518497705459595,0.3783661173176613
5907,119,18,-0.3,0.1,-0.42721372842788696,-0.23951998353004456,0.36257020274253904
5908,119,19,-0.3,0.1,-0.42908355593681335,-0.2335285246372223,0.3576364650870694
5909,119,20,-0.3,0.1,-0.39350593090057373,-0.19332554936408997,0.3078688633547213
5910,119,21,-0.3,0.1,-0.4304370880126953,-0.22521710395812988,0.35039976974328146
5911,119,22,-0.3,0.1,-0.5148236155509949,-0.20874880254268646,0.37613163768811636
5912,119,23,-0.3,0.1,-0.4132564663887024,-0.20364220440387726,0.3240765580447022
5913,119,24,-0.3,0.1,-0.4383963942527771,-0.2487638294696808,0.37521962993495783
5914,119,25,-0.3,0.1,-0.4257785379886627,-0.20326051115989685,0.32830957684406253
5915,119,26,-0.3,0.1,-0.5325024127960205,-0.2446323037147522,0.41572682944417755
5916,119,27,-0.3,0.1,-0.502046525478363,-0.23347994685173035,0.38991239196787747
5917,119,28,-0.3,0.1,-0.5326515436172485,-0.25678154826164246,0.42593404880035496
5918,119,29,-0.3,0.1,-0.4591917097568512,-0.19222909212112427,0.3327759647829844
5919,119,30,-0.3,0.1,-0.49643585085868835,-0.2019611895084381,0.36023270738777696
5920,119,31,-0.3,0.1,-0.4641183316707611,-0.22207894921302795,0.3614826085948841
5921,119,32,-0.3,0.1,-0.5222759246826172,-0.20558251440525055,0.37787201511060287
5922,119,33,-0.3,0.1,-0.4984031021595001,-0.2225395143032074,0.37867602146618945
5923,119,34,-0.3,0.1,-0.4563044309616089,-0.22070300579071045,0.35676531930868616
5924,119,35,-0.3,0.1,-0.5137852430343628,-0.2009839117527008,0.3691821302192444
5925,119,36,-0.3,0.1,-0.534340500831604,-0.23407158255577087,0.40806775491494574
5926,119,37,-0.3,0.1,-0.41952139139175415,-0.21143411099910736,0.3335814270819423
5927,119,38,-0.3,0.1,-0.44113126397132874,-0.17642654478549957,0.3103702117346229
5928,119,39,-0.3,0.1,-0.5268962979316711,-0.20922648906707764,0.38354002601534193
5929,119,40,-0.3,0.1,-0.45399144291877747,-0.18602757155895233,0.32484632702882554
5930,119,41,-0.3,0.1,-0.46736153960227966,-0.21537676453590393,0.3570327555661811
5931,119,42,-0.3,0.1,-0.49451637268066406,-0.21500971913337708,0.37022660951008385
5932,119,43,-0.3,0.1,-0.4494859278202057,-0.1942703276872635,0.33006221894278837
5933,119,44,-0.3,0.1,-0.4325447380542755,-0.2095465064048767,0.33673008064819643
5934,119,45,-0.3,0.1,-0.4690267741680145,-0.21105921268463135,0.3540167851693302
5935,119,46,-0.3,0.1,-0.48893678188323975,-0.2366480827331543,0.3860427944623544
5936,119,47,-0.3,0.1,-0.4814721941947937,-0.22069710493087769,0.36848173682954666
5937,119,48,-0.3,0.1,-0.4084010422229767,-0.23350819945335388,0.3506829124118334
5938,119,49,-0.3,0.1,-0.44262173771858215,-0.21506795287132263,0.34584501586172095
5939,120,0,-0.2,0.1,-0.3406229317188263,-0.19271127879619598,0.3247378968640741
5940,120,1,-0.2,0.1,-0.3432021737098694,-0.1926155388355255,0.32577709576217373
5941,120,2,-0.2,0.1,-0.33339598774909973,-0.1889079064130783,0.31821732815097603
5942,120,3,-0.2,0.1,-0.35903307795524597,-0.20098868012428284,0.34041989578589144
5943,120,4,-0.2,0.1,-0.34177348017692566,-0.19214478135108948,0.3247280292062159
5944,120,5,-0.2,0.1,-0.3565995991230011,-0.20058834552764893,0.33893478415844824
5945,120,6,-0.2,0.1,-0.3445056080818176,-0.19312527775764465,0.3268092704125637
5946,120,7,-0.2,0.1,-0.3589025139808655,-0.2022327035665512,0.34145953794642486
5947,120,8,-0.2,0.1,-0.37505823373794556,-0.20581969618797302,0.35237915911125234
5948,120,9,-0.2,0.1,-0.35268765687942505,-0.1987079679965973,0.3354697761468017
5949,120,10,-0.2,0.1,-0.348302960395813,-0.19594630599021912,0.3310256547330108
5950,120,11,-0.2,0.1,-0.3449312448501587,-0.19395354390144348,0.32774037240784737
5951,120,12,-0.2,0.1,-0.32594725489616394,-0.18422763049602509,0.31088270610193847
5952,120,13,-0.2,0.1,-0.340962290763855,-0.19217342138290405,0.3244004864052851
5953,120,14,-0.2,0.1,-0.4098781645298004,-0.21888631582260132,0.38175558458955094
5954,120,15,-0.2,0.1,-0.3429970443248749,-0.19136571884155273,0.3245645341094818
5955,120,16,-0.2,0.1,-0.33981549739837646,-0.18997310101985931,0.32192044456329416
5956,120,17,-0.2,0.1,-0.46693089604377747,-0.23131176829338074,0.42546397153275
5957,120,18,-0.2,0.1,-0.34055837988853455,-0.19070623815059662,0.32290366219131206
5958,120,19,-0.2,0.1,-0.3467155396938324,-0.19536244869232178,0.32979452039895524
5959,120,20,-0.2,0.1,-0.3367089629173279,-0.19117137789726257,0.3216677040806581
5960,120,21,-0.2,0.1,-0.46099454164505005,-0.23127898573875427,0.421739157727389
5961,120,22,-0.2,0.1,-0.33490586280822754,-0.18504740297794342,0.3153594992457059
5962,120,23,-0.2,0.1,-0.33300402760505676,-0.18852509558200836,0.3177055273988379
5963,120,24,-0.2,0.1,-0.324602335691452,-0.18190735578536987,0.30821664345986316
5964,120,25,-0.2,0.1,-0.36753562092781067,-0.20529325306415558,0.3482415176944897
5965,120,26,-0.2,0.1,-0.42382216453552246,-0.22360160946846008,0.3934645638274738
5966,120,27,-0.2,0.1,-0.3355085551738739,-0.18790584802627563,0.3182017376650224
5967,120,28,-0.2,0.1,-0.3458724617958069,-0.19372618198394775,0.32795402893277026
5968,120,29,-0.2,0.1,-0.44242867827415466,-0.23023182153701782,0.4096641551385847
5969,120,30,-0.2,0.1,-0.3347230851650238,-0.18864738941192627,0.31853983281640375
5970,120,31,-0.2,0.1,-0.32835862040519714,-0.1851995438337326,0.3127534416042366
5971,120,32,-0.2,0.1,-0.3327956199645996,-0.18754532933235168,0.3167285795482197
5972,120,33,-0.2,0.1,-0.32875627279281616,-0.18307916820049286,0.3109855193615629
5973,120,34,-0.2,0.1,-0.32709306478500366,-0.1852509081363678,0.31228308905393465
5974,120,35,-0.2,0.1,-0.4519016444683075,-0.23106533288955688,0.41600323691903013
5975,120,36,-0.2,0.1,-0.3337855935096741,-0.18779510259628296,0.3173714008998617
5976,120,37,-0.2,0.1,-0.3541404604911804,-0.19830802083015442,0.33577813635202186
5977,120,38,-0.2,0.1,-0.3601827025413513,-0.20177042484283447,0.3416487779917789
5978,120,39,-0.2,0.1,-0.40845465660095215,-0.21139149367809296,0.3747239066215214
5979,120,40,-0.2,0.1,-0.35387033224105835,-0.19753791391849518,0.33496998277897005
5980,120,41,-0.2,0.1,-0.32011231780052185,-0.17811265587806702,0.3029416086425991
5981,120,42,-0.2,0.1,-0.35134246945381165,-0.19812941551208496,0.3343436726692391
5982,120,43,-0.2,0.1,-0.3543461263179779,-0.19862765073776245,0.33615651190259604
5983,120,44,-0.2,0.1,-0.46847763657569885,-0.23829379677772522,0.43188300994547335
5984,120,45,-0.2,0.1,-0.34766697883605957,-0.19680830836296082,0.3315127577512692
5985,120,46,-0.2,0.1,-0.35577669739723206,-0.1990981101989746,0.33723294467858084
5986,120,47,-0.2,0.1,-0.3518538773059845,-0.19800154864788055,0.33446154195870725
5987,120,48,-0.2,0.1,-0.31349241733551025,-0.17975392937660217,0.30189864159069435
5988,121,0,-0.1,0.1,-0.4050527811050415,-0.31147846579551697,0.5122223414430034
5989,121,1,-0.1,0.1,-0.33864399790763855,-0.32419270277023315,0.48671388599551624
5990,121,2,-0.1,0.1,-0.2516535818576813,-0.38344019651412964,0.5066687601341577
5991,121,3,-0.1,0.1,-0.25090742111206055,-0.3646032512187958,0.48849690970339643
5992,121,4,-0.1,0.1,-0.40057674050331116,-0.3056245744228363,0.5048541099241463
5993,121,5,-0.1,0.1,-0.39335837960243225,-0.3248811364173889,0.5163168784441359
5994,121,6,-0.1,0.1,-0.31088170409202576,-0.36939737200737,0.5145920578168516
5995,121,7,-0.1,0.1,-0.3480258285999298,-0.34112799167633057,0.5060738253388279
5996,121,8,-0.1,0.1,-0.44273078441619873,-0.2894943952560425,0.518816224228207
5997,121,9,-0.1,0.1,-0.3278336822986603,-0.3499448001384735,0.504339677163534
5998,121,10,-0.1,0.1,-0.3531512916088104,-0.3220621347427368,0.49216056529023644
5999,121,11,-0.1,0.1,-0.41937366127967834,-0.3006706237792969,0.5123831420713191
6000,121,12,-0.1,0.1,-0.3769758641719818,-0.3346790075302124,0.5154235820383721
6001,121,13,-0.1,0.1,-0.4004160463809967,-0.3179912567138672,0.5147489597973242
6002,121,14,-0.1,0.1,-0.4237717092037201,-0.29920732975006104,0.5139986496158061
6003,121,15,-0.1,0.1,-0.42935270071029663,-0.2946316599845886,0.5140110393049532
6004,121,16,-0.1,0.1,-0.37931588292121887,-0.3365360200405121,0.5182480672852243
6005,121,17,-0.1,0.1,-0.364627867937088,-0.33985403180122375,0.5133220020423057
6006,121,18,-0.1,0.1,-0.41901642084121704,-0.3027087152004242,0.5137565435736239
6007,121,19,-0.1,0.1,-0.3983517289161682,-0.3130336105823517,0.5095198893251964
6008,121,20,-0.1,0.1,-0.34572628140449524,-0.3254581391811371,0.49132070337851325
6009,121,21,-0.1,0.1,-0.3834831416606903,-0.32852786779403687,0.5138081598047257
6010,121,22,-0.1,0.1,-0.43263521790504456,-0.2931824028491974,0.5150131941038064
6011,121,23,-0.1,0.1,-0.30327272415161133,-0.3949176073074341,0.5350357356354177
6012,121,24,-0.1,0.1,-0.37338924407958984,-0.34271496534347534,0.5203251092514026
6013,121,25,-0.1,0.1,-0.3968747854232788,-0.32200881838798523,0.5159710079232567
6014,121,26,-0.1,0.1,-0.373384952545166,-0.3335442841053009,0.5125426602327854
6015,121,27,-0.1,0.1,-0.3248045742511749,-0.3628367781639099,0.5145434673819116
6016,121,28,-0.1,0.1,-0.388634592294693,-0.3313399851322174,0.5190029967572298
6017,121,29,-0.1,0.1,-0.4170020818710327,-0.30468496680259705,0.514062488678748
6018,121,30,-0.1,0.1,-0.39547255635261536,-0.32075461745262146,0.514138580214762
6019,121,31,-0.1,0.1,-0.27978071570396423,-0.3965672552585602,0.5281099740906714
6020,121,32,-0.1,0.1,-0.31782421469688416,-0.3357461094856262,0.4871571208965067
6021,121,33,-0.1,0.1,-0.39836210012435913,-0.31150269508361816,0.5082857570812892
6022,121,34,-0.1,0.1,-0.2358650416135788,-0.34802117943763733,0.4681690792409844
6023,121,35,-0.1,0.1,-0.08761277049779892,-0.42546650767326355,0.5256124942779387
6024,121,36,-0.1,0.1,-0.24784977734088898,-0.36984536051750183,0.49255884872730865
6025,121,37,-0.1,0.1,-0.38205093145370483,-0.33325332403182983,0.5169730851006967
6026,121,38,-0.1,0.1,-0.34765052795410156,-0.3494912385940552,0.513198945408857
6027,121,39,-0.1,0.1,-0.40491223335266113,-0.3149832785129547,0.5149588250466908
6028,121,40,-0.1,0.1,-0.3842231035232544,-0.3218824565410614,0.5086920283565599
6029,121,41,-0.1,0.1,-0.39088693261146545,-0.32775989174842834,0.5172946283818675
6030,121,42,-0.1,0.1,-0.2933657467365265,-0.3619231879711151,0.5007627617908231
6031,121,43,-0.1,0.1,-0.33079010248184204,-0.3422609865665436,0.49885754644226
6032,121,44,-0.1,0.1,-0.4118141829967499,-0.3139607906341553,0.5182582569534089
6033,121,45,-0.1,0.1,-0.4085948169231415,-0.31225335597991943,0.5149597950797066
6034,121,46,-0.1,0.1,-0.3348742127418518,-0.3480129837989807,0.5058473381007065
6035,121,47,-0.1,0.1,-0.3717937171459198,-0.3379157781600952,0.5154047472051048
6036,121,48,-0.1,0.1,-0.4392128884792328,-0.29094114899635315,0.5175909250450719
6037,122,0,0.0,0.1,-0.17900505661964417,-0.24743184447288513,0.3908346157254153
6038,122,1,0.0,0.1,-0.003141114953905344,-0.2883989214897156,0.38841162291765663
6039,122,2,0.0,0.1,-0.18811172246932983,-0.23715072870254517,0.38607853345535204
6040,122,3,0.0,0.1,-0.19852446019649506,-0.23953992128372192,0.39331834363739737
6041,122,4,0.0,0.1,-0.3384454846382141,-0.2062094658613205,0.45640944671979655
6042,122,5,0.0,0.1,-0.34367451071739197,-0.20483824610710144,0.4593892963560345
6043,122,6,0.0,0.1,-0.20636337995529175,-0.2354165017604828,0.39381477148503713
6044,122,7,0.0,0.1,-0.1875746250152588,-0.23817899823188782,0.3867160131087645
6045,122,8,0.0,0.1,-0.22115108370780945,-0.23340237140655518,0.4000811706199794
6046,122,9,0.0,0.1,-0.2374676764011383,-0.2224392592906952,0.4004472165807722
6047,122,10,0.0,0.1,-0.219288170337677,-0.2359112799167633,0.4011529504133855
6048,122,11,0.0,0.1,-0.20738492906093597,-0.23512542247772217,0.39410348589232397
6049,122,12,0.0,0.1,-0.2038184553384781,-0.22717991471290588,0.3854719955173236
6050,122,13,0.0,0.1,-0.19818653166294098,-0.24020305275917053,0.3937207366132051
6051,122,14,0.0,0.1,-0.1578446328639984,-0.25220465660095215,0.38595731403273736
6052,122,15,0.0,0.1,-0.17106369137763977,-0.24471542239189148,0.38482659593973556
6053,122,16,0.0,0.1,-0.19010797142982483,-0.23505127429962158,0.3852277212389619
6054,122,17,0.0,0.1,-0.22480304539203644,-0.23420637845993042,0.40277824248690025
6055,122,18,0.0,0.1,-0.35595494508743286,-0.20428378880023956,0.46828682135933114
6056,122,19,0.0,0.1,-0.2008412629365921,-0.2310897707939148,0.3872436561421405
6057,122,20,0.0,0.1,-0.18222041428089142,-0.24459952116012573,0.38981163318260226
6058,122,21,0.0,0.1,-0.20275357365608215,-0.23690348863601685,0.3932085607987586
6059,122,22,0.0,0.1,-0.17946429550647736,-0.22665497660636902,0.3727075356138425
6060,122,23,0.0,0.1,-0.3340391516685486,-0.20681683719158173,0.45356226301544217
6061,122,24,0.0,0.1,-0.1988842934370041,-0.240768700838089,0.39456085670884194
6062,122,25,0.0,0.1,-0.23950815200805664,-0.21987000107765198,0.39960101659997244
6063,122,26,0.0,0.1,-0.2144598811864853,-0.236089825630188,0.39868460157203406
6064,122,27,0.0,0.1,-0.13981887698173523,-0.24666675925254822,0.3738009635235011
6065,122,28,0.0,0.1,-0.2222457379102707,-0.22652077674865723,0.3949797281732661
6066,122,29,0.0,0.1,-0.20047609508037567,-0.2252090573310852,0.3820361182779043
6067,122,30,0.0,0.1,-0.18644100427627563,-0.23317670822143555,0.3817944040669242
6068,122,31,0.0,0.1,-0.18152250349521637,-0.23830389976501465,0.3839270085203539
6069,122,32,0.0,0.1,-0.20157471299171448,-0.2352595329284668,0.39119217698863273
6070,122,33,0.0,0.1,-0.21108683943748474,-0.22866883873939514,0.3906159998540881
6071,122,34,0.0,0.1,-0.3603002429008484,-0.20609864592552185,0.4727712407410674
6072,122,35,0.0,0.1,-0.21927326917648315,-0.23092049360275269,0.3969749861913618
6073,122,36,0.0,0.1,-0.15609554946422577,-0.23525595664978027,0.36981397625251794
6074,122,37,0.0,0.1,-0.21091054379940033,-0.23532304167747498,0.39613734962206276
6075,122,38,0.0,0.1,-0.20958749949932098,-0.22926685214042664,0.3903121569524109
6076,122,39,0.0,0.1,-0.19850605726242065,-0.2320137619972229,0.38683044467236544
6077,122,40,0.0,0.1,-0.22385868430137634,-0.22406461834907532,0.39386620495147223
6078,122,41,0.0,0.1,-0.21629157662391663,-0.22306686639785767,0.38878560452078315
6079,122,42,0.0,0.1,-0.23663577437400818,-0.21979662775993347,0.3978270639866171
6080,122,43,0.0,0.1,-0.27182435989379883,-0.21203118562698364,0.4138259820690994
6081,122,44,0.0,0.1,-0.1956237256526947,-0.23949792981147766,0.39182583680063743
6082,122,45,0.0,0.1,-0.22078679502010345,-0.22889000177383423,0.3961255383360707
6083,122,46,0.0,0.1,-0.17682352662086487,-0.23337414860725403,0.3773657145611551
6084,122,47,0.0,0.1,-0.19022236764431,-0.23762860894203186,0.3875275818936486
6085,122,48,0.0,0.1,-0.3535342514514923,-0.20227240025997162,0.46513984016453747
6086,123,0,0.1,0.1,-0.23130154609680176,-0.17067116498947144,0.4278125687761977
6087,123,1,0.1,0.1,-0.244086354970932,-0.1757204681634903,0.44092765420358526
6088,123,2,0.1,0.1,-0.24725739657878876,-0.1785852164030075,0.4451936907425673
6089,123,3,0.1,0.1,-0.23659029603004456,-0.17489801347255707,0.4345824952672981
6090,123,4,0.1,0.1,-0.2210637331008911,-0.17084549367427826,0.42004666664115275
6091,123,5,0.1,0.1,-0.21057841181755066,-0.1642051786184311,0.4077540021825772
6092,123,6,0.1,0.1,-0.21798281371593475,-0.16792073845863342,0.4158059546410108
6093,123,7,0.1,0.1,-0.221358984708786,-0.17150242626667023,0.42069604766594904
6094,123,8,0.1,0.1,-0.2383124679327011,-0.17920859158039093,0.4386487929665605
6095,123,9,0.1,0.1,-0.2470492124557495,-0.17967955768108368,0.44571718707140134
6096,123,10,0.1,0.1,-0.198271706700325,-0.15626026690006256,0.39323699649144916
6097,123,11,0.1,0.1,-0.21999159455299377,-0.16908006370067596,0.41808934603231324
6098,123,12,0.1,0.1,-0.22028622031211853,-0.16861407458782196,0.41801529157256306
6099,123,13,0.1,0.1,-0.22484596073627472,-0.17037254571914673,0.4226419426480592
6100,123,14,0.1,0.1,-0.24321067333221436,-0.1766856610774994,0.44084977184415647
6101,123,15,0.1,0.1,-0.2476629614830017,-0.17865757644176483,0.4455553609772069
6102,123,16,0.1,0.1,-0.23453716933727264,-0.17072980105876923,0.4303600153935258
6103,123,17,0.1,0.1,-0.2192523330450058,-0.16572511196136475,0.41536957914796685
6104,123,18,0.1,0.1,-0.22826425731182098,-0.1715100258588791,0.42599896334424403
6105,123,19,0.1,0.1,-0.20112206041812897,-0.1573309302330017,0.39609809760341097
6106,123,20,0.1,0.1,-0.23501339554786682,-0.17116618156433105,0.43100472528812395
6107,123,21,0.1,0.1,-0.24263590574264526,-0.17667482793331146,0.44039564520554736
6108,123,22,0.1,0.1,-0.2455049455165863,-0.17843233048915863,0.4437321602476468
6109,123,23,0.1,0.1,-0.22666777670383453,-0.17046715319156647,0.42410413496236576
6110,123,24,0.1,0.1,-0.2215842306613922,-0.1638903170824051,0.4159982173759063
6111,123,25,0.1,0.1,-0.20728497207164764,-0.16540922224521637,0.4060370787426733
6112,123,26,0.1,0.1,-0.2155676931142807,-0.1689034253358841,0.4145986264989794
6113,123,27,0.1,0.1,-0.21400783956050873,-0.1672399342060089,0.4123325184118882
6114,123,28,0.1,0.1,-0.2384377419948578,-0.17286832630634308,0.43473811508516574
6115,123,29,0.1,0.1,-0.23224161565303802,-0.16932792961597443,0.4276938447569339
6116,123,30,0.1,0.1,-0.24310272932052612,-0.18335610628128052,0.44498333208568897
6117,123,31,0.1,0.1,-0.2243739366531372,-0.17099438607692719,0.4226776644975035
6118,123,32,0.1,0.1,-0.22301557660102844,-0.17089156806468964,0.42157004681955434
6119,123,33,0.1,0.1,-0.24158349633216858,-0.1756504327058792,0.4389333047485085
6120,123,34,0.1,0.1,-0.24541489779949188,-0.17697113752365112,0.44274649930064797
6121,123,35,0.1,0.1,-0.24504604935646057,-0.1784370243549347,0.44337788928647703
6122,123,36,0.1,0.1,-0.231961190700531,-0.17020410299301147,0.4280286081625529
6123,123,37,0.1,0.1,-0.21636737883090973,-0.16690053045749664,0.41391328988911846
6124,123,38,0.1,0.1,-0.18894581496715546,-0.15512855350971222,0.38546110413761814
6125,123,39,0.1,0.1,-0.23229822516441345,-0.17099730670452118,0.4287909172178481
6126,123,40,0.1,0.1,-0.23434090614318848,-0.17941468954086304,0.4357251544860191
6127,123,41,0.1,0.1,-0.22842900454998016,-0.16820485889911652,0.4240276610868516
6128,123,42,0.1,0.1,-0.2337142676115036,-0.17227140069007874,0.43069354306887353
6129,123,43,0.1,0.1,-0.2270641326904297,-0.17333731055259705,0.426244333959608
6130,123,44,0.1,0.1,-0.21727658808231354,-0.16781018674373627,0.41519480905819245
6131,123,45,0.1,0.1,-0.23552832007408142,-0.17487885057926178,0.4337483556943027
6132,123,46,0.1,0.1,-0.23918747901916504,-0.17660631239414215,0.4376747627858639
6133,123,47,0.1,0.1,-0.23779204487800598,-0.17392466962337494,0.43490020718682104
6134,123,48,0.1,0.1,-0.23701965808868408,-0.17306068539619446,0.4337561386853827
6135,123,49,0.1,0.1,-0.22514349222183228,-0.16919589042663574,0.42211931720403173
6136,124,0,0.2,0.1,-0.16253621876239777,-0.19585217535495758,0.46793270838529516
6137,124,1,0.2,0.1,-0.19361497461795807,-0.17895248532295227,0.48243884307894164
6138,124,2,0.2,0.1,-0.18339619040489197,-0.18876057863235474,0.4799742811746026
6139,124,3,0.2,0.1,-0.18762174248695374,-0.18246570229530334,0.47962223491181183
6140,124,4,0.2,0.1,-0.19204476475715637,-0.1761886030435562,0.47956151015760756
6141,124,5,0.2,0.1,-0.18934734165668488,-0.1776195615530014,0.4781882196499701
6142,124,6,0.2,0.1,-0.1951962560415268,-0.17782986164093018,0.48308333940290094
6143,124,7,0.2,0.1,-0.19480246305465698,-0.17781327664852142,0.4827516975798342
6144,124,8,0.2,0.1,-0.19386190176010132,-0.1770165115594864,0.4815239820971233
6145,124,9,0.2,0.1,-0.19429278373718262,-0.18654994666576385,0.48741939973842724
6146,124,10,0.2,0.1,-0.1921529918909073,-0.1795167326927185,0.4815740575489949
6147,124,11,0.2,0.1,-0.18637217581272125,-0.18006622791290283,0.47720074419432584
6148,124,12,0.2,0.1,-0.18874451518058777,-0.18214619159698486,0.48034234824307626
6149,124,13,0.2,0.1,-0.18931140005588531,-0.18057025969028473,0.47987814790438976
6150,124,14,0.2,0.1,-0.18967647850513458,-0.17873498797416687,0.47910432206474773
6151,124,15,0.2,0.1,-0.19419561326503754,-0.18278510868549347,0.4851366809587432
6152,124,16,0.2,0.1,-0.20174776017665863,-0.1756972372531891,0.487247605880217
6153,124,17,0.2,0.1,-0.20332105457782745,-0.1799711287021637,0.4909701681085465
6154,124,18,0.2,0.1,-0.191293403506279,-0.1794976145029068,0.4808632281016538
6155,124,19,0.2,0.1,-0.18772704899311066,-0.18300595879554749,0.48002566310010253
6156,124,20,0.2,0.1,-0.19579526782035828,-0.18460041284561157,0.48749491178973514
6157,124,21,0.2,0.1,-0.18953865766525269,-0.18076901137828827,0.4801787204426996
6158,124,22,0.2,0.1,-0.1877848356962204,-0.18116344511508942,0.47898847759098606
6159,124,23,0.2,0.1,-0.19089175760746002,-0.18247443437576294,0.4822739597379859
6160,124,24,0.2,0.1,-0.18799792230129242,-0.18148376047611237,0.47934903267023826
6161,124,25,0.2,0.1,-0.19039219617843628,-0.18080727756023407,0.48089374498719883
6162,124,26,0.2,0.1,-0.18706069886684418,-0.18232539296150208,0.4790862261828829
6163,124,27,0.2,0.1,-0.19922450184822083,-0.18260464072227478,0.4891273717895228
6164,124,28,0.2,0.1,-0.18994392454624176,-0.17795251309871674,0.4788672716196184
6165,124,29,0.2,0.1,-0.18342632055282593,-0.18313759565353394,0.47663680236123446
6166,124,30,0.2,0.1,-0.18917033076286316,-0.17743249237537384,0.477935491642636
6167,124,31,0.2,0.1,-0.18910616636276245,-0.1830603927373886,0.4811723128341555
6168,124,32,0.2,0.1,-0.18845915794372559,-0.188768669962883,0.4840329143172815
6169,124,33,0.2,0.1,-0.1789691299200058,-0.18794812262058258,0.4759534880143692
6170,124,34,0.2,0.1,-0.18697717785835266,-0.1842883974313736,0.48017833051618825
6171,124,35,0.2,0.1,-0.187395378947258,-0.18935972452163696,0.48353307002202783
6172,124,36,0.2,0.1,-0.20390406250953674,-0.17224782705307007,0.48709072157743477
6173,124,37,0.2,0.1,-0.1914796233177185,-0.18064315617084503,0.4816813018776171
6174,124,38,0.2,0.1,-0.18812400102615356,-0.1810101717710495,0.4791732012658308
6175,124,39,0.2,0.1,-0.18908055126667023,-0.18114930391311646,0.48002979747595453
6176,124,40,0.2,0.1,-0.18611572682857513,-0.18228605389595032,0.47829987531725976
6177,124,41,0.2,0.1,-0.19148586690425873,-0.18120788037776947,0.48201561797553494
6178,124,42,0.2,0.1,-0.18933531641960144,-0.1836489886045456,0.48170399349386006
6179,124,43,0.2,0.1,-0.18484237790107727,-0.18095983564853668,0.4764893336436906
6180,124,44,0.2,0.1,-0.18625622987747192,-0.18667864799499512,0.4810182141409998
6181,124,45,0.2,0.1,-0.1842510849237442,-0.1868133693933487,0.4794901512313261
6182,124,46,0.2,0.1,-0.21053780615329742,-0.1642003357410431,0.4882039611543953
6183,124,47,0.2,0.1,-0.19137823581695557,-0.19597622752189636,0.49069221588413836
6184,124,48,0.2,0.1,-0.18917487561702728,-0.17382121086120605,0.47585201410630357
6185,124,49,0.2,0.1,-0.18986690044403076,-0.1866462081670761,0.48390313981043614
6186,125,0,0.3,0.1,-0.21909445524215698,-0.27592650055885315,0.6409210460622877
6187,125,1,0.3,0.1,-0.21873509883880615,-0.2761310636997223,0.6407500915701773
6188,125,2,0.3,0.1,-0.21246060729026794,-0.2530510723590851,0.6223029276150082
6189,125,3,0.3,0.1,-0.20892590284347534,-0.27761608362197876,0.6337187713765845
6190,125,4,0.3,0.1,-0.2080923616886139,-0.2770930528640747,0.6327377170081305
6191,125,5,0.3,0.1,-0.20958833396434784,-0.2727872133255005,0.6313878178517162
6192,125,6,0.3,0.1,-0.21367989480495453,-0.27610504627227783,0.6366490714344138
6193,125,7,0.3,0.1,-0.21274623274803162,-0.27705228328704834,0.6364566941507295
6194,125,8,0.3,0.1,-0.21853210031986237,-0.27476492524147034,0.6397845639380281
6195,125,9,0.3,0.1,-0.22004434466362,-0.27792471647262573,0.6428632916394655
6196,125,10,0.3,0.1,-0.20073992013931274,-0.27756181359291077,0.6271310793643489
6197,125,11,0.3,0.1,-0.20171423256397247,-0.27830931544303894,0.6283590608149425
6198,125,12,0.3,0.1,-0.20353269577026367,-0.2475535273551941,0.6118321911167364
6199,125,13,0.3,0.1,-0.20516180992126465,-0.277458131313324,0.6306053402069114
6200,125,14,0.3,0.1,-0.21253374218940735,-0.2773553133010864,0.6364651360123655
6201,125,15,0.3,0.1,-0.20935794711112976,-0.27645352482795715,0.6333741190170765
6202,125,16,0.3,0.1,-0.20755396783351898,-0.2797562777996063,0.6338973582463967
6203,125,17,0.3,0.1,-0.20630981028079987,-0.2775662839412689,0.6315899957692478
6204,125,18,0.3,0.1,-0.19867940247058868,-0.277970552444458,0.6257338771103832
6205,125,19,0.3,0.1,-0.20970968902111053,-0.27919524908065796,0.6352897008509892
6206,125,20,0.3,0.1,-0.20973530411720276,-0.27734100818634033,0.6342052638716751
6207,125,21,0.3,0.1,-0.21138690412044525,-0.2763914465904236,0.6349701463630595
6208,125,22,0.3,0.1,-0.212319478392601,-0.2775369882583618,0.6364003656847325
6209,125,23,0.3,0.1,-0.2102932184934616,-0.27728530764579773,0.6346206522055519
6210,125,24,0.3,0.1,-0.20261545479297638,-0.2763732969760895,0.6279165183950827
6211,125,25,0.3,0.1,-0.2049936056137085,-0.2393914759159088,0.6084448336826542
6212,125,26,0.3,0.1,-0.20363163948059082,-0.23921820521354675,0.6072180984079837
6213,125,27,0.3,0.1,-0.20958207547664642,-0.27710092067718506,0.6339392684024765
6214,125,28,0.3,0.1,-0.20950429141521454,-0.2782208025455475,0.6345436142998508
6215,125,29,0.3,0.1,-0.21025018393993378,-0.27742210030555725,0.6346673869120694
6216,125,30,0.3,0.1,-0.20964957773685455,-0.2776964008808136,0.6343479040129907
6217,125,31,0.3,0.1,-0.2086886316537857,-0.2791573107242584,0.6344480989406878
6218,125,32,0.3,0.1,-0.21126115322113037,-0.2780439853668213,0.6358499993434219
6219,125,33,0.3,0.1,-0.2107931524515152,-0.278613805770874,0.6358129115641346
6220,125,34,0.3,0.1,-0.22109876573085785,-0.27801990509033203,0.6437724538147988
6221,125,35,0.3,0.1,-0.20971213281154633,-0.27813923358917236,0.6346619086684674
6222,125,36,0.3,0.1,-0.21352510154247284,-0.2786371409893036,0.638023600230243
6223,125,37,0.3,0.1,-0.2061430960893631,-0.2779792249202728,0.6317033545820827
6224,125,38,0.3,0.1,-0.2179650515317917,-0.2782389521598816,0.6413676789013747
6225,125,39,0.3,0.1,-0.217167928814888,-0.27829429507255554,0.6407567715437136
6226,125,40,0.3,0.1,-0.21931646764278412,-0.27708423137664795,0.6417804228222425
6227,125,41,0.3,0.1,-0.21813568472862244,-0.2771035134792328,0.640836677842007
6228,125,42,0.3,0.1,-0.21321235597133636,-0.27848872542381287,0.6376838069094998
6229,125,43,0.3,0.1,-0.2063348889350891,-0.2745729386806488,0.6298252981142994
6230,125,44,0.3,0.1,-0.21315960586071014,-0.2781662940979004,0.6374500192790483
6231,125,45,0.3,0.1,-0.1967659592628479,-0.2330801784992218,0.5980959986418659
6232,125,46,0.3,0.1,-0.21571628749370575,-0.27759137749671936,0.6391701945070347
6233,125,47,0.3,0.1,-0.21094533801078796,-0.27763381600379944,0.6353522152511549
6234,125,48,0.3,0.1,-0.21019688248634338,-0.2793751060962677,0.6357879599554698
6235,125,49,0.3,0.1,-0.21635779738426208,-0.27770376205444336,0.6397542549992195
6236,126,0,0.4,0.1,-0.08554895222187042,0.10530801862478256,0.4855779649711025
6237,126,1,0.4,0.1,-0.09219341725111008,0.10092849284410477,0.49219429302287415
6238,126,2,0.4,0.1,-0.10705089569091797,0.10460997372865677,0.5070718515937767
6239,126,3,0.4,0.1,-0.08825503289699554,0.10307569056749344,0.4882647202304434
6240,126,4,0.4,0.1,-0.08913208544254303,0.1110314428806305,0.4892564662233907
6241,126,5,0.4,0.1,-0.09027379006147385,0.10162883996963501,0.4902764958070995
6242,126,6,0.4,0.1,-0.09735053777694702,0.09047403931617737,0.4974417567454186
6243,126,7,0.4,0.1,-0.08026272058486938,0.1312253773212433,0.48127674468275977
6244,126,8,0.4,0.1,-0.09515752643346786,0.10555776953697205,0.49518871633543565
6245,126,9,0.4,0.1,-0.09634409099817276,0.09111155569553375,0.4964236709817089
6246,126,10,0.4,0.1,-0.10963217914104462,0.07054321467876434,0.5104827717146889
6247,126,11,0.4,0.1,-0.08572003245353699,0.11783906817436218,0.4860475103114865
6248,126,12,0.4,0.1,-0.0851941928267479,0.11020209640264511,0.48530143985342583
6249,126,13,0.4,0.1,-0.08815336972475052,0.12033769488334656,0.4885768457538661
6250,126,14,0.4,0.1,-0.0895378366112709,0.11279445886611938,0.4897050047239871
6251,126,15,0.4,0.1,-0.10497570037841797,0.09457479417324066,0.5050048423836513
6252,126,16,0.4,0.1,-0.08934967964887619,0.11285918951034546,0.4895186081522548
6253,126,17,0.4,0.1,-0.09464338421821594,0.1144150123000145,0.49485338245833904
6254,126,18,0.4,0.1,-0.094983771443367,0.09096051752567291,0.4950663048882473
6255,126,19,0.4,0.1,-0.1050887256860733,0.07508215308189392,0.5057029957496946
6256,126,20,0.4,0.1,-0.10300571471452713,0.1020960584282875,0.5030100819033422
6257,126,21,0.4,0.1,-0.09779644757509232,0.08868776261806488,0.49792496415922644
6258,126,22,0.4,0.1,-0.09862120449542999,0.0933096706867218,0.49866608675424634
6259,126,23,0.4,0.1,-0.0912761315703392,0.10234320908784866,0.4912817196675922
6260,126,24,0.4,0.1,-0.09215676039457321,0.12000127136707306,0.49256301897156335
6261,126,25,0.4,0.1,-0.08616571873426437,0.12353569269180298,0.486735076713079
6262,126,26,0.4,0.1,-0.10054394602775574,0.08939331769943237,0.5006563128678815
6263,126,27,0.4,0.1,-0.0995534360408783,0.07564079016447067,0.500146984959481
6264,126,28,0.4,0.1,-0.09817485511302948,0.10436636209487915,0.49819398971166995
6265,126,29,0.4,0.1,-0.10122175514698029,0.08707638084888458,0.5013883402758609
6266,126,30,0.4,0.1,-0.0885775163769722,0.12467703223228455,0.4892003121716949
6267,126,31,0.4,0.1,-0.08078297227621078,0.11676410585641861,0.48107515179638294
6268,126,32,0.4,0.1,-0.09887852519750595,0.09859208017587662,0.4988805118878365
6269,126,33,0.4,0.1,-0.09742696583271027,0.09297279268503189,0.4974766004348183
6270,126,34,0.4,0.1,-0.10326200723648071,0.09168026596307755,0.5033307718609471
6271,126,35,0.4,0.1,-0.09503697603940964,0.10311680287122726,0.4950467877952357
6272,126,36,0.4,0.1,-0.09032293409109116,0.13217701017856598,0.49137759379089324
6273,126,37,0.4,0.1,-0.09936604648828506,0.09181409329175949,0.4994331361193169
6274,126,38,0.4,0.1,-0.11602924019098282,0.052062083035707474,0.5182511173311241
6275,126,39,0.4,0.1,-0.07987111806869507,0.11891733109951019,0.48024384990588687
6276,126,40,0.4,0.1,-0.09078627824783325,0.10847361385822296,0.4908594228984281
6277,126,41,0.4,0.1,-0.08682834357023239,0.10843387246131897,0.48690139279738154
6278,126,42,0.4,0.1,-0.09062181413173676,0.08254531025886536,0.4909322058043002
6279,126,43,0.4,0.1,-0.08241380751132965,0.12232612073421478,0.4829301578330111
6280,126,44,0.4,0.1,-0.09360664337873459,0.09680935740470886,0.49361695532851396
6281,126,45,0.4,0.1,-0.08720982819795609,0.11477866768836975,0.4874339193278666
6282,126,46,0.4,0.1,-0.09225770086050034,0.11622411012649536,0.49252499003183836
6283,126,47,0.4,0.1,-0.09389577060937881,0.10848666727542877,0.4939686789132242
6284,126,48,0.4,0.1,-0.1015591025352478,0.08281010389328003,0.5018535900679829
6285,126,49,0.4,0.1,-0.09238405525684357,0.10010810196399689,0.49238406712363164
6286,127,0,0.5,0.1,-0.4539002776145935,0.22823616862297058,0.9624813008969564
6287,127,1,0.5,0.1,-0.47786691784858704,0.21256756782531738,0.9843247260679794
6288,127,2,0.5,0.1,-0.4424521327018738,0.224220871925354,0.9506034122893761
6289,127,3,0.5,0.1,-0.46894410252571106,0.2308429777622223,0.9777384919542859
6290,127,4,0.5,0.1,-0.48091593384742737,0.26471245288848877,0.994648813105567
6291,127,5,0.5,0.1,-0.5017098188400269,0.24963293969631195,1.0128240606357453
6292,127,6,0.5,0.1,-0.4510551691055298,0.29249727725982666,0.9703407321321693
6293,127,7,0.5,0.1,-0.4972477853298187,0.20944613218307495,1.0032355661533652
6294,127,8,0.5,0.1,-0.45351386070251465,0.250506728887558,0.9653190964609824
6295,127,9,0.5,0.1,-0.47753527760505676,0.25919675827026367,0.9904134625529664
6296,127,10,0.5,0.1,-0.49405306577682495,0.26324528455734253,1.0073681156908394
6297,127,11,0.5,0.1,-0.44106853008270264,0.19674217700958252,0.9460280266062798
6298,127,12,0.5,0.1,-0.4854417145252228,0.27607178688049316,1.001047774515133
6299,127,13,0.5,0.1,-0.5202081203460693,0.28807997703552246,1.037399964614296
6300,127,14,0.5,0.1,-0.4440419375896454,0.17662042379379272,0.9471461710160435
6301,127,15,0.5,0.1,-0.4950278401374817,0.24905389547348022,1.0061299450888443
6302,127,16,0.5,0.1,-0.4772582948207855,0.2931680381298065,0.9961664849566803
6303,127,17,0.5,0.1,-0.5026851296424866,0.23070549964904785,1.011168332595853
6304,127,18,0.5,0.1,-0.48932698369026184,0.22163832187652588,0.996776686127143
6305,127,19,0.5,0.1,-0.4789011776447296,0.2551698684692383,0.9911232030756818
6306,127,20,0.5,0.1,-0.5153776407241821,0.22257818281650543,1.0227498052726303
6307,127,21,0.5,0.1,-0.5233553647994995,0.24160799384117126,1.0331064933411453
6308,127,22,0.5,0.1,-0.40461432933807373,0.2099241018295288,0.9112685625032839
6309,127,23,0.5,0.1,-0.459643691778183,0.15593302249908447,0.9612723433947028
6310,127,24,0.5,0.1,-0.4864065647125244,0.22462470829486847,0.9942480720753472
6311,127,25,0.5,0.1,-0.45422714948654175,0.20859280228614807,0.9603863022375784
6312,127,26,0.5,0.1,-0.4760180413722992,0.2267594188451767,0.984215000571616
6313,127,27,0.5,0.1,-0.4357053339481354,0.04748443886637688,0.9371778679312539
6314,127,28,0.5,0.1,-0.4827883541584015,0.13171322643756866,0.9832998920982653
6315,127,29,0.5,0.1,-0.4932903051376343,0.23526495695114136,1.0024580983060634
6316,127,30,0.5,0.1,-0.45987507700920105,0.29850366711616516,0.9801856300323858
6317,127,31,0.5,0.1,-0.49562665820121765,0.25763794779777527,1.008028851326597
6318,127,32,0.5,0.1,-0.36394035816192627,0.31276750564575195,0.8897544346164691
6319,127,33,0.5,0.1,-0.5234596133232117,0.19182008504867554,1.0275701962017214
6320,127,34,0.5,0.1,-0.5170568227767944,0.15644943714141846,1.0186221672977722
6321,127,35,0.5,0.1,-0.5322592258453369,0.237070694565773,1.041320068303477
6322,127,36,0.5,0.1,-0.49991610646247864,0.2739124894142151,1.0149274722547086
6323,127,37,0.5,0.1,-0.49944546818733215,0.2913942039012909,1.0176064981942698
6324,127,38,0.5,0.1,-0.49885284900665283,0.20187684893608093,1.0040348132997443
6325,127,39,0.5,0.1,-0.46420079469680786,0.24172954261302948,0.9745616633868041
6326,127,40,0.5,0.1,-0.4832473695278168,0.15360873937606812,0.9847077163406724
6327,127,41,0.5,0.1,-0.44767531752586365,0.2267271876335144,0.9561110225979232
6328,127,42,0.5,0.1,-0.4508068561553955,0.21051804721355438,0.957208397618828
6329,127,43,0.5,0.1,-0.49912121891975403,0.1503395438194275,1.000388564392678
6330,127,44,0.5,0.1,-0.482587069272995,0.192678764462471,0.9869481759873634
6331,127,45,0.5,0.1,-0.4952935576438904,0.3615594804286957,1.029088250680942
6332,127,46,0.5,0.1,-0.37962284684181213,0.20116950571537018,0.8854217196188415
6333,127,47,0.5,0.1,-0.4687008559703827,0.19802150130271912,0.9736475558822048
6334,127,48,0.5,0.1,-0.5041652917861938,0.23105646669864655,1.0126814556866266
6335,127,49,0.5,0.1,-0.4835839867591858,0.24272200465202332,0.9938848170794171
6336,128,0,-1.0,0.2,-0.38650763034820557,-0.026189029216766357,0.6538611202380802
6337,128,1,-1.0,0.2,-0.6992188692092896,0.061248548328876495,0.3312419870435851
6338,128,2,-1.0,0.2,-0.5625409483909607,-0.02125447988510132,0.4902284841825359
6339,128,3,-1.0,0.2,-0.7478514313697815,-0.04213262349367142,0.34958133248529744
6340,128,4,-1.0,0.2,-0.5670248866081238,0.027654387056827545,0.46601551381629547
6341,128,5,-1.0,0.2,-0.37926146388053894,-0.00033154338598251343,0.6522645609713449
6342,128,6,-1.0,0.2,-0.7460438013076782,-0.0838649570941925,0.38088458188845314
6343,128,7,-1.0,0.2,-0.5889827609062195,0.028278181329369545,0.4454475882074375
6344,128,8,-1.0,0.2,-0.7024086713790894,-0.06019623577594757,0.3953007462456039
6345,128,9,-1.0,0.2,-0.6451050639152527,0.00025450438261032104,0.40724523162098963
6346,128,10,-1.0,0.2,-0.7496442794799805,-0.06602495908737183,0.3653043466132534
6347,128,11,-1.0,0.2,-0.6590548157691956,-0.04727543145418167,0.4211754475880911
6348,128,12,-1.0,0.2,-0.6167906522750854,-0.014977291226387024,0.439391215122457
6349,128,13,-1.0,0.2,-0.5546098947525024,-0.004768498241901398,0.4902065725024712
6350,128,14,-1.0,0.2,-0.7640267610549927,0.021329505369067192,0.29598397786005193
6351,128,15,-1.0,0.2,-0.702109694480896,-0.050415799021720886,0.38916154296378264
6352,128,16,-1.0,0.2,-0.6274885535240173,-0.002079516649246216,0.4237934742357672
6353,128,17,-1.0,0.2,-0.7478110194206238,-0.06420973688364029,0.3652479527523562
6354,128,18,-1.0,0.2,-0.6275967359542847,-0.023056499660015106,0.43409491256231175
6355,128,19,-1.0,0.2,-0.7734217643737793,-0.07405717670917511,0.3555911036081966
6356,128,20,-1.0,0.2,-0.6282128095626831,0.016931183636188507,0.41441513787278655
6357,128,21,-1.0,0.2,-0.5451337099075317,-0.025212422013282776,0.5075667216155669
6358,128,22,-1.0,0.2,-0.6354576349258423,0.08165226876735687,0.38327186359263893
6359,128,23,-1.0,0.2,-0.6618284583091736,0.06347465515136719,0.3646905008299345
6360,128,24,-1.0,0.2,-0.6770129799842834,0.03582563251256943,0.36231731677982326
6361,128,25,-1.0,0.2,-0.4165043234825134,0.01683269999921322,0.6115696724856273
6362,128,26,-1.0,0.2,-0.7402383089065552,-0.04756385087966919,0.3588370053688685
6363,128,27,-1.0,0.2,-0.6672847867012024,-0.019921310245990753,0.3988292815990041
6364,128,28,-1.0,0.2,-0.4125351905822754,0.04717276990413666,0.6070181748209665
6365,128,29,-1.0,0.2,-0.5953668355941772,0.03079960308969021,0.438584965601508
6366,128,30,-1.0,0.2,-0.7356961965560913,-0.06219568848609924,0.3722943453446693
6367,128,31,-1.0,0.2,-0.560823917388916,-0.013585973531007767,0.48835908881355533
6368,128,32,-1.0,0.2,-0.5310927629470825,-0.004607938230037689,0.511603758144277
6369,128,33,-1.0,0.2,-0.6184261441230774,-0.032068513333797455,0.4466031822207959
6370,128,34,-1.0,0.2,-0.6996389627456665,-0.018375568091869354,0.3713551419328212
6371,128,35,-1.0,0.2,-0.06508980691432953,-0.17425382137298584,1.0070367381321141
6372,128,36,-1.0,0.2,-0.4797742962837219,0.02426418662071228,0.5491064185667262
6373,128,37,-1.0,0.2,-0.5503641963005066,0.004408549517393112,0.49033495844206276
6374,128,38,-1.0,0.2,-0.6169183254241943,0.06925599277019501,0.404778414471808
6375,128,39,-1.0,0.2,-0.6270990967750549,-0.017902858555316925,0.4318989921180163
6376,128,40,-1.0,0.2,-0.6640127301216125,-0.04154311120510101,0.41380009677496715
6377,128,41,-1.0,0.2,-0.6343424320220947,-0.0189693421125412,0.42620773081294
6378,128,42,-1.0,0.2,-0.6524714231491089,-0.028505653142929077,0.4159218018405411
6379,128,43,-1.0,0.2,-0.6414098739624023,0.02644890733063221,0.3983802960217682
6380,128,44,-1.0,0.2,-0.6737397909164429,-0.01064743846654892,0.3883530189965889
6381,128,45,-1.0,0.2,-0.49392712116241455,0.005802623927593231,0.5420538530149649
6382,128,46,-1.0,0.2,-0.6455227732658386,-0.02997959405183792,0.42254552175285237
6383,128,47,-1.0,0.2,-0.7573577165603638,-0.0965237021446228,0.383146947849456
6384,128,48,-1.0,0.2,-0.6678017377853394,-0.04707717150449753,0.4140082295040804
6385,128,49,-1.0,0.2,-0.7470324635505676,-0.005534537136554718,0.3259402099361671
6386,129,0,-0.8,0.2,-0.1888388842344284,0.5174115896224976,0.6886712035873863
6387,129,1,-0.8,0.2,0.06997103244066238,0.5067592859268188,0.9224699760903896
6388,129,2,-0.8,0.2,0.12683545053005219,0.3070813715457916,0.9330007355256333
6389,129,3,-0.8,0.2,0.042167358100414276,0.6756186485290527,0.967191272643852
6390,129,4,-0.8,0.2,0.016119278967380524,0.25088292360305786,0.817703949737698
6391,129,5,-0.8,0.2,-0.25504550337791443,0.2972901463508606,0.5535709312866803
6392,129,6,-0.8,0.2,0.19982264935970306,0.4667859375476837,1.0348043615320976
6393,129,7,-0.8,0.2,0.14486466348171234,0.6715517044067383,1.055997273777404
6394,129,8,-0.8,0.2,0.18389064073562622,0.6185988187789917,1.069236065614291
6395,129,9,-0.8,0.2,0.41002243757247925,0.49375030398368835,1.2451680772166278
6396,129,10,-0.8,0.2,0.23837193846702576,0.5609935522079468,1.099332810085954
6397,129,11,-0.8,0.2,0.17242571711540222,0.5806213617324829,1.044262608884611
6398,129,12,-0.8,0.2,0.296366423368454,0.5645260810852051,1.1553781190939498
6399,129,13,-0.8,0.2,0.11351630836725235,0.6050245761871338,0.9992782159981776
6400,129,14,-0.8,0.2,0.09328357130289078,0.6307708024978638,0.9917252759934579
6401,129,15,-0.8,0.2,0.016402389854192734,0.21890944242477417,0.8166213499367092
6402,129,16,-0.8,0.2,0.1603619009256363,0.5754042863845825,1.0311272273514163
6403,129,17,-0.8,0.2,0.09202250093221664,0.3921845555305481,0.9124905728575177
6404,129,18,-0.8,0.2,-0.11535163223743439,0.21419064700603485,0.6847954161225054
6405,129,19,-0.8,0.2,-0.014786791056394577,0.6542134284973145,0.9071216137469106
6406,129,20,-0.8,0.2,0.04576791450381279,0.6237790584564209,0.9459979152145841
6407,129,21,-0.8,0.2,0.008145992644131184,0.6682219505310059,0.933987012964221
6408,129,22,-0.8,0.2,0.10343358665704727,0.3548063635826111,0.9166009249971813
6409,129,23,-0.8,0.2,0.22978436946868896,0.50374436378479,1.0736463505889882
6410,129,24,-0.8,0.2,-0.035178687423467636,0.7024581432342529,0.9151042704925505
6411,129,25,-0.8,0.2,0.10079534351825714,0.6450837850570679,1.0047546101535942
6412,129,26,-0.8,0.2,-0.20663006603717804,0.7187291383743286,0.7881419907158971
6413,129,27,-0.8,0.2,0.13059578835964203,0.439029723405838,0.9608036896183191
6414,129,28,-0.8,0.2,0.18365183472633362,0.49017998576164246,1.0255609957955254
6415,129,29,-0.8,0.2,0.26947227120399475,0.5178166627883911,1.11569636103206
6416,129,30,-0.8,0.2,-0.19789086282253265,0.6809087991714478,0.7705898300607906
6417,129,31,-0.8,0.2,0.048193830996751785,0.6416079998016357,0.956269000035946
6418,129,32,-0.8,0.2,0.12771755456924438,0.5758998394012451,1.000979795159633
6419,129,33,-0.8,0.2,0.03669780492782593,0.6444464921951294,0.9474153794379726
6420,129,34,-0.8,0.2,-0.10298331081867218,0.31595295667648315,0.7065956079394481
6421,129,35,-0.8,0.2,0.18203257024288177,0.5160205364227295,1.0316282995627593
6422,129,36,-0.8,0.2,0.037650980055332184,0.5957880020141602,0.9264487610904445
6423,129,37,-0.8,0.2,0.23062174022197723,0.6522213220596313,1.125471143807578
6424,129,38,-0.8,0.2,-0.0656270682811737,0.7411507368087769,0.912221312396277
6425,129,39,-0.8,0.2,0.0012514014961197972,0.7130089998245239,0.9514105540199008
6426,129,40,-0.8,0.2,0.07576628774404526,0.44730350375175476,0.9100140733619894
6427,129,41,-0.8,0.2,0.30650946497917175,0.5561583042144775,1.1624164201134743
6428,129,42,-0.8,0.2,0.13251261413097382,0.5816620588302612,1.0075940167864914
6429,129,43,-0.8,0.2,0.338693231344223,0.5413715839385986,1.1887627321841379
6430,129,44,-0.8,0.2,0.08150605857372284,0.4567148685455322,0.9181260561788505
6431,129,45,-0.8,0.2,0.09819956123828888,0.6749407052993774,1.0160369704685577
6432,129,46,-0.8,0.2,0.36877185106277466,0.5463851690292358,1.219020231645118
6433,129,47,-0.8,0.2,0.03412579372525215,0.6343519687652588,0.9404400419633557
6434,129,48,-0.8,0.2,-0.0048304591327905655,0.3712047040462494,0.8133914490640607
6435,129,49,-0.8,0.2,0.320695698261261,0.400763601064682,1.1385362847154912
6436,130,0,-0.6,0.2,-0.15723250806331635,0.2731945216655731,0.4487766592836054
6437,130,1,-0.6,0.2,-0.4260508716106415,0.21678157150745392,0.1747567463924564
6438,130,2,-0.6,0.2,0.11136684566736221,0.21260598301887512,0.7114785308936629
6439,130,3,-0.6,0.2,-0.27066731452941895,0.17032591998577118,0.33066685461950296
6440,130,4,-0.6,0.2,-0.2493225485086441,0.2282368391752243,0.3518124416092753
6441,130,5,-0.6,0.2,-0.14044137299060822,0.29385262727737427,0.46904418481164756
6442,130,6,-0.6,0.2,-0.24915705621242523,0.22427795827388763,0.35168194503482825
6443,130,7,-0.6,0.2,-0.5951200127601624,0.22300048172473907,0.023512474030416997
6444,130,8,-0.6,0.2,-0.02845718339085579,0.37176376581192017,0.5967947574027489
6445,130,9,-0.6,0.2,-0.1680424064397812,0.2068435102701187,0.4320118010739433
6446,130,10,-0.6,0.2,-0.0901707336306572,0.23967692255973816,0.5113708429608729
6447,130,11,-0.6,0.2,0.041809290647506714,0.43796995282173157,0.6845062921605856
6448,130,12,-0.6,0.2,-0.033678919076919556,0.31977784633636475,0.5788491160664099
6449,130,13,-0.6,0.2,-0.22987514734268188,0.19805879890918732,0.3701299431500732
6450,130,14,-0.6,0.2,-0.07397279143333435,0.2659054398536682,0.5301397468165765
6451,130,15,-0.6,0.2,-0.04260501638054848,0.3430498540401459,0.5754584507199765
6452,130,16,-0.6,0.2,0.11724124848842621,0.3285224437713623,0.7286652366390202
6453,130,17,-0.6,0.2,-0.3174781799316406,0.2945633828639984,0.2979275284249872
6454,130,18,-0.6,0.2,-0.22152528166770935,0.22741484642028809,0.37946631763696065
6455,130,19,-0.6,0.2,0.017744386568665504,0.2900535762310028,0.6242737970867349
6456,130,20,-0.6,0.2,-0.10168137401342392,0.3052450716495514,0.5093112782097685
6457,130,21,-0.6,0.2,-0.21416765451431274,0.1728144884109497,0.3867888970269766
6458,130,22,-0.6,0.2,-0.41640037298202515,0.107895128428936,0.20540723066207203
6459,130,23,-0.6,0.2,-0.18984241783618927,0.20331750810146332,0.4101709985682391
6460,130,24,-0.6,0.2,-0.08493540436029434,0.2866591811180115,0.5223038879364559
6461,130,25,-0.6,0.2,-0.1099931076169014,0.262518048286438,0.49397900860713395
6462,130,26,-0.6,0.2,-0.08063491433858871,0.2644740641117096,0.5233516954660278
6463,130,27,-0.6,0.2,-0.14287911355495453,0.21234169602394104,0.45728746132498704
6464,130,28,-0.6,0.2,-0.10042528063058853,0.2618483901023865,0.5033886407054525
6465,130,29,-0.6,0.2,-0.21814437210559845,0.18410012125968933,0.382186507740114
6466,130,30,-0.6,0.2,-0.14043503999710083,0.06178966164588928,0.4798979579977644
6467,130,31,-0.6,0.2,-0.3097710609436035,0.2252100110054016,0.29132178380734586
6468,130,32,-0.6,0.2,-0.16780076920986176,0.40518102049827576,0.47843016864355553
6469,130,33,-0.6,0.2,-0.09304686635732651,0.20800714194774628,0.5070163646592659
6470,130,34,-0.6,0.2,-0.24840956926345825,0.200656920671463,0.3515910444398087
6471,130,35,-0.6,0.2,-0.09879451245069504,0.1796715259552002,0.501617571070359
6472,130,36,-0.6,0.2,-0.15168032050132751,0.34523123502731323,0.4712564552909075
6473,130,37,-0.6,0.2,-0.4737588167190552,0.28854745626449585,0.15419950832310036
6474,130,38,-0.6,0.2,-0.04206946864724159,0.2958066761493683,0.5660966322195895
6475,130,39,-0.6,0.2,-0.10541755706071854,0.22485806047916412,0.495206740699855
6476,130,40,-0.6,0.2,0.05448460578918457,0.08856870234012604,0.6639028794283
6477,130,41,-0.6,0.2,-0.4367646276950836,0.30248135328292847,0.19273872092090122
6478,130,42,-0.6,0.2,-0.14309732615947723,0.22408731281757355,0.4575371591481841
6479,130,43,-0.6,0.2,-0.19017864763736725,0.21535545587539673,0.4101089256252276
6480,130,44,-0.6,0.2,-0.34861746430397034,0.18970473110675812,0.2515932666319784
6481,130,45,-0.6,0.2,-0.45132318139076233,0.2820976972579956,0.16983765273586907
6482,130,46,-0.6,0.2,-0.1023385152220726,0.40181493759155273,0.5370253462048635
6483,130,47,-0.6,0.2,-0.02236923947930336,0.4366229474544525,0.6242176821924792
6484,130,48,-0.6,0.2,-0.04681149125099182,0.30236974358558655,0.5625807414173811
6485,131,0,-0.5,0.2,-0.3111247420310974,0.07302547991275787,0.22758820668963706
6486,131,1,-0.5,0.2,-0.35651883482933044,0.035321686416864395,0.21841655551564426
6487,131,2,-0.5,0.2,-0.36067211627960205,0.052458904683589935,0.20293012095095872
6488,131,3,-0.5,0.2,-0.3637765049934387,0.06715184450149536,0.19027735811482535
6489,131,4,-0.5,0.2,-0.3589659035205841,0.06345751881599426,0.19630197537887834
6490,131,5,-0.5,0.2,-0.3479311466217041,0.0423608161509037,0.2190320717438404
6491,131,6,-0.5,0.2,-0.3565358817577362,0.037944745272397995,0.2164344214949605
6492,131,7,-0.5,0.2,-0.3590530455112457,0.03217705711722374,0.2191588103122723
6493,131,8,-0.5,0.2,-0.36012911796569824,-0.0017927400767803192,0.2455283559769596
6494,131,9,-0.5,0.2,-0.3624520003795624,0.029813528060913086,0.2188215881275372
6495,131,10,-0.5,0.2,-0.35732153058052063,0.03420500084757805,0.21873529065936506
6496,131,11,-0.5,0.2,-0.35821041464805603,0.049019310623407364,0.20712183631598904
6497,131,12,-0.5,0.2,-0.3633575737476349,0.03082781285047531,0.21746351776122552
6498,131,13,-0.5,0.2,-0.3596417009830475,0.042748887091875076,0.2107803705608663
6499,131,14,-0.5,0.2,-0.3512558937072754,0.0502295196056366,0.21108293619897311
6500,131,15,-0.5,0.2,-0.36864420771598816,0.04249896854162216,0.20508758879321146
6501,131,16,-0.5,0.2,-0.35034769773483276,0.051665205508470535,0.21071075632275935
6502,131,17,-0.5,0.2,-0.36887702345848083,0.05362352356314659,0.1965179580373674
6503,131,18,-0.5,0.2,-0.361166387796402,0.060763850808143616,0.19662521994717752
6504,131,19,-0.5,0.2,-0.3526719808578491,0.07316750288009644,0.19440171694205874
6505,131,20,-0.5,0.2,-0.34170955419540405,0.03488902747631073,0.22873018707799853
6506,131,21,-0.5,0.2,-0.37377849221229553,0.05933437868952751,0.18899387833171422
6507,131,22,-0.5,0.2,-0.3672351837158203,0.02337225154042244,0.2209612137205799
6508,131,23,-0.5,0.2,-0.36944514513015747,0.027668336406350136,0.21620076874757072
6509,131,24,-0.5,0.2,-0.3781554102897644,0.04702281951904297,0.1955712703582992
6510,131,25,-0.5,0.2,-0.3566436469554901,0.050781071186065674,0.20692349473803154
6511,131,26,-0.5,0.2,-0.3507061302661896,0.05808855593204498,0.20597941037285325
6512,131,27,-0.5,0.2,-0.370879590511322,0.04680444300174713,0.20035208716289638
6513,131,28,-0.5,0.2,-0.3630245327949524,0.04217159003019333,0.20897867261909395
6514,131,29,-0.5,0.2,-0.36170387268066406,0.039056796580553055,0.21219927794042903
6515,131,30,-0.5,0.2,-0.36005699634552,0.0470457449555397,0.2073138886038357
6516,131,31,-0.5,0.2,-0.35562533140182495,0.041201554238796234,0.21461824551749287
6517,131,32,-0.5,0.2,-0.3552969992160797,0.057572800666093826,0.20303808890445033
6518,131,33,-0.5,0.2,-0.36810004711151123,0.024139370769262314,0.2198284751469121
6519,131,34,-0.5,0.2,-0.3518332839012146,0.04684832692146301,0.21309343191720656
6520,131,35,-0.5,0.2,-0.3494030237197876,0.04520644620060921,0.2159641024860098
6521,131,36,-0.5,0.2,-0.36822590231895447,0.09571747481822968,0.1680454042154688
6522,131,37,-0.5,0.2,-0.34972769021987915,0.08884043246507645,0.18691767316442776
6523,131,38,-0.5,0.2,-0.3496793210506439,0.027877770364284515,0.22852213996583648
6524,131,39,-0.5,0.2,-0.35836002230644226,0.03136088699102402,0.22022950237760086
6525,131,40,-0.5,0.2,-0.35894641280174255,0.049960892647504807,0.2059316590440382
6526,131,41,-0.5,0.2,-0.3698141872882843,0.10031997412443161,0.1639647931415885
6527,131,42,-0.5,0.2,-0.36107146739959717,0.04615405946969986,0.20729136641006987
6528,131,43,-0.5,0.2,-0.3610697388648987,0.052286453545093536,0.20278291166997592
6529,131,44,-0.5,0.2,-0.3522529602050781,0.04651493579149246,0.2130419036322477
6530,131,45,-0.5,0.2,-0.3457774817943573,0.05738266557455063,0.21005782346846846
6531,131,46,-0.5,0.2,-0.3406270742416382,0.054047636687755585,0.21610604300021252
6532,131,47,-0.5,0.2,-0.34828492999076843,0.06964355707168579,0.20002566005597602
6533,131,48,-0.5,0.2,-0.3551119863986969,0.05666053295135498,0.20381054756592207
6534,131,49,-0.5,0.2,-0.35812708735466003,0.051745377480983734,0.20520077105295748
6535,132,0,-0.4,0.2,-0.3238585591316223,-0.010410688817501068,0.22376366323907002
6536,132,1,-0.4,0.2,-0.2933509349822998,-0.020840659737586975,0.2452440010733847
6537,132,2,-0.4,0.2,-0.29624560475349426,-0.016053155064582825,0.23967465520227377
6538,132,3,-0.4,0.2,-0.32357072830200195,-0.02735915035009384,0.23986166183907545
6539,132,4,-0.4,0.2,-0.3298133909702301,-0.05770404636859894,0.267090875175186
6540,132,5,-0.4,0.2,-0.3377041518688202,-0.002345152199268341,0.2117175791306147
6541,132,6,-0.4,0.2,-0.26608651876449585,-0.08961847424507141,0.3190794275421949
6542,132,7,-0.4,0.2,-0.342812180519104,-0.027471870183944702,0.23455041765462908
6543,132,8,-0.4,0.2,-0.3222375214099884,-0.033947981894016266,0.2465332864112775
6544,132,9,-0.4,0.2,-0.338657021522522,-0.024635136127471924,0.23286027010096888
6545,132,10,-0.4,0.2,-0.33865249156951904,-0.004936534911394119,0.21392171496161158
6546,132,11,-0.4,0.2,-0.32390934228897095,0.0014495141804218292,0.21263133261607403
6547,132,12,-0.4,0.2,-0.2910233438014984,-0.03147035092115402,0.25584064366665554
6548,132,13,-0.4,0.2,-0.3325842320919037,-0.010676451027393341,0.22120002888818976
6549,132,14,-0.4,0.2,-0.30754363536834717,-0.03134413808584213,0.24913508301237372
6550,132,15,-0.4,0.2,-0.31328776478767395,-0.03143778443336487,0.24714865931042884
6551,132,16,-0.4,0.2,-0.31347355246543884,-0.006449125707149506,0.22384831388285595
6552,132,17,-0.4,0.2,-0.2926842272281647,-0.015194542706012726,0.2404690547577092
6553,132,18,-0.4,0.2,-0.3229040503501892,-0.016055915504693985,0.22939909345282433
6554,132,19,-0.4,0.2,-0.31659558415412903,-0.01498066633939743,0.23059267872662892
6555,132,20,-0.4,0.2,-0.30315160751342773,-0.015620652586221695,0.23637232695250363
6556,132,21,-0.4,0.2,-0.2940203547477722,-0.01187097281217575,0.2368987005624256
6557,132,22,-0.4,0.2,-0.2996947467327118,-0.03525027632713318,0.25574173758893437
6558,132,23,-0.4,0.2,-0.3186977505683899,-0.032004162669181824,0.24583731868548342
6559,132,24,-0.4,0.2,-0.29310500621795654,-0.05761443078517914,0.2789116968584053
6560,132,25,-0.4,0.2,-0.35973262786865234,-0.00399794802069664,0.20793418202647512
6561,132,26,-0.4,0.2,-0.3143288493156433,-0.0352841317653656,0.2503960237706735
6562,132,27,-0.4,0.2,-0.30293479561805725,-0.06356768310070038,0.28087288490842177
6563,132,28,-0.4,0.2,-0.35127460956573486,-0.02220802754163742,0.22748751872776818
6564,132,29,-0.4,0.2,-0.2786363661289215,-0.04070094972848892,0.26956646458079636
6565,132,30,-0.4,0.2,-0.3276381194591522,0.02999373897910118,0.18476571798283878
6566,132,31,-0.4,0.2,-0.2936968207359314,-0.006310276687145233,0.23208682898513464
6567,132,32,-0.4,0.2,-0.33120977878570557,0.008547823876142502,0.2034355678765936
6568,132,33,-0.4,0.2,-0.3616698682308197,0.007732849568128586,0.19605064686614682
6569,132,34,-0.4,0.2,-0.3381989300251007,-0.02444179356098175,0.23279495472821732
6570,132,35,-0.4,0.2,-0.3557668924331665,0.012164317071437836,0.19297360334060823
6571,132,36,-0.4,0.2,-0.25031620264053345,-0.057339176535606384,0.2977057120244317
6572,132,37,-0.4,0.2,-0.3284150958061218,-0.03230173885822296,0.2430812546968621
6573,132,38,-0.4,0.2,-0.359627366065979,0.01230483129620552,0.1919880879781773
6574,132,39,-0.4,0.2,-0.3197728395462036,-0.008115600794553757,0.22304371896235337
6575,132,40,-0.4,0.2,-0.28331467509269714,-0.051760271191596985,0.27748639461996927
6576,132,41,-0.4,0.2,-0.3248637914657593,-0.0073951371014118195,0.22058602114869907
6577,132,42,-0.4,0.2,-0.30915501713752747,-0.06450503319501877,0.2796707412239988
6578,132,43,-0.4,0.2,-0.31849417090415955,-0.012036744505167007,0.2271624555179615
6579,132,44,-0.4,0.2,-0.3026596009731293,-0.011925920844078064,0.23321181189708395
6580,132,45,-0.4,0.2,-0.2947455048561096,-0.0017151236534118652,0.2275247236203277
6581,132,46,-0.4,0.2,-0.2895929515361786,-0.03001757711172104,0.25514270934290706
6582,132,47,-0.4,0.2,-0.25001755356788635,-0.0440591424703598,0.2864604671872355
6583,132,48,-0.4,0.2,-0.27964457869529724,-0.01050378754734993,0.24248148797220034
6584,132,49,-0.4,0.2,-0.2262469083070755,0.06877416372299194,0.2177391948626842
6585,133,0,-0.3,0.2,-0.05237095430493355,0.3572903275489807,0.29336051440559435
6586,133,1,-0.3,0.2,-0.01105573121458292,0.488924503326416,0.40861492763524376
6587,133,2,-0.3,0.2,0.09447100013494492,0.4949127435684204,0.4925250209547903
6588,133,3,-0.3,0.2,-0.13256721198558807,0.46347832679748535,0.31217714072987707
6589,133,4,-0.3,0.2,0.11450817435979843,0.3629673421382904,0.44539351276675737
6590,133,5,-0.3,0.2,0.17624637484550476,0.5067221522331238,0.5664707302447362
6591,133,6,-0.3,0.2,0.15150855481624603,0.17040888965129852,0.4524771915620986
6592,133,7,-0.3,0.2,0.2167680859565735,0.34344661235809326,0.5363079201915945
6593,133,8,-0.3,0.2,0.07710959017276764,0.4068380296230316,0.4301088391309935
6594,133,9,-0.3,0.2,-0.008073035627603531,0.3914923369884491,0.34912844005176685
6595,133,10,-0.3,0.2,0.12793587148189545,0.4879465103149414,0.5157928876046295
6596,133,11,-0.3,0.2,0.10884461551904678,0.4574621617794037,0.48315699765918846
6597,133,12,-0.3,0.2,-0.07101250439882278,0.432542085647583,0.32636037556515185
6598,133,13,-0.3,0.2,-0.07144296169281006,0.4730924963951111,0.3561149131208465
6599,133,14,-0.3,0.2,-0.05253765732049942,0.4182048439979553,0.32992569616293693
6600,133,15,-0.3,0.2,-0.18526789546012878,0.48933345079421997,0.31125118724374246
6601,133,16,-0.3,0.2,0.14650876820087433,0.4610377252101898,0.5172144372145587
6602,133,17,-0.3,0.2,0.09886981546878815,0.5308771133422852,0.518243952039798
6603,133,18,-0.3,0.2,0.012065926566720009,0.24186860024929047,0.3148620685487224
6604,133,19,-0.3,0.2,0.10986660420894623,0.5151815414428711,0.5170396863994844
6605,133,20,-0.3,0.2,-0.16780927777290344,0.4620532691478729,0.29350690437195665
6606,133,21,-0.3,0.2,-0.23369543254375458,0.4667830765247345,0.27489908254769085
6607,133,22,-0.3,0.2,-0.21912513673305511,0.4254058003425598,0.2394755067569896
6608,133,23,-0.3,0.2,0.15190055966377258,0.5497018098831177,0.5714065729933101
6609,133,24,-0.3,0.2,-0.20769743621349335,0.35793787240982056,0.18293204974225505
6610,133,25,-0.3,0.2,-0.26258328557014465,0.4585728049278259,0.2612659678698488
6611,133,26,-0.3,0.2,-0.23442243039608002,0.4097572863101959,0.21976928082735875
6612,133,27,-0.3,0.2,-0.08218280971050262,0.36696985363960266,0.27445083423090816
6613,133,28,-0.3,0.2,-0.33617058396339417,0.3890494108200073,0.19247854653348992
6614,133,29,-0.3,0.2,-0.253772497177124,0.4778116047382355,0.28163144310334487
6615,133,30,-0.3,0.2,0.08953927457332611,0.5649292469024658,0.533773549063565
6616,133,31,-0.3,0.2,0.06730827689170837,0.4587833881378174,0.4493152704385242
6617,133,32,-0.3,0.2,-0.052128300070762634,0.43597134947776794,0.34223216885641944
6618,133,33,-0.3,0.2,-0.0014033265179023147,0.22425833344459534,0.29958044020944297
6619,133,34,-0.3,0.2,0.035660192370414734,0.49378737807273865,0.4460703848687986
6620,133,35,-0.3,0.2,-0.126182422041893,0.28833767771720886,0.19497716715475188
6621,133,36,-0.3,0.2,-0.1348840892314911,0.3866720497608185,0.24921821392269805
6622,133,37,-0.3,0.2,-0.17718051373958588,0.45878976583480835,0.2864555272744916
6623,133,38,-0.3,0.2,-0.25861552357673645,0.2688767611980438,0.08035348854878678
6624,133,39,-0.3,0.2,0.09104284644126892,0.6544556617736816,0.5995368681499451
6625,133,40,-0.3,0.2,0.21253837645053864,0.33630111813545227,0.5303523188782422
6626,133,41,-0.3,0.2,0.1870705634355545,0.3266860246658325,0.5032763481538353
6627,133,42,-0.3,0.2,0.14239713549613953,0.4136016368865967,0.4912645771636941
6628,133,43,-0.3,0.2,0.0852620080113411,0.4492998421192169,0.45888694260961177
6629,133,44,-0.3,0.2,-0.09871306270360947,0.27177390456199646,0.21370054867088112
6630,133,45,-0.3,0.2,0.020879093557596207,0.29829931259155273,0.33559819358619375
6631,133,46,-0.3,0.2,-0.07298357039690018,0.1140301525592804,0.24274940572269127
6632,133,47,-0.3,0.2,-0.18078318238258362,0.024829739704728127,0.211889758352634
6633,133,48,-0.3,0.2,-0.13315355777740479,0.3044370412826538,0.1968370668197749
6634,133,49,-0.3,0.2,-0.26554572582244873,0.14223070442676544,0.06726357498772731
6635,134,0,-0.2,0.2,-0.2739591598510742,-0.07529860734939575,0.285060134944179
6636,134,1,-0.2,0.2,-0.2820175588130951,-0.09178337454795837,0.3030914344158437
6637,134,2,-0.2,0.2,-0.276763379573822,-0.0821223333477974,0.29237925271332166
6638,134,3,-0.2,0.2,-0.2548445165157318,-0.05621956288814545,0.26202363519048566
6639,134,4,-0.2,0.2,-0.349580317735672,-0.13517412543296814,0.36703673632711437
6640,134,5,-0.2,0.2,-0.22730860114097595,-0.07991354167461395,0.2812425119165002
6641,134,6,-0.2,0.2,-0.2984848618507385,-0.15046177804470062,0.36403670952805306
6642,134,7,-0.2,0.2,-0.24496108293533325,-0.06382562220096588,0.2676293293128477
6643,134,8,-0.2,0.2,-0.35362255573272705,-0.14247313141822815,0.3753501503573188
6644,134,9,-0.2,0.2,-0.26402243971824646,-0.07602797448635101,0.28335545783787924
6645,134,10,-0.2,0.2,-0.2623063623905182,-0.10015389323234558,0.3065525116792764
6646,134,11,-0.2,0.2,-0.3709777295589447,-0.12739750742912292,0.36935418215573823
6647,134,12,-0.2,0.2,-0.3514564037322998,-0.15117506682872772,0.382443420382261
6648,134,13,-0.2,0.2,-0.2973925769329071,-0.13025274872779846,0.3443140892904306
6649,134,14,-0.2,0.2,-0.3154350817203522,-0.11682361364364624,0.33719795410708353
6650,134,15,-0.2,0.2,-0.346434086561203,-0.18461568653583527,0.4115485002237838
6651,134,16,-0.2,0.2,-0.25212720036506653,-0.048975005745887756,0.2543733447200485
6652,134,17,-0.2,0.2,-0.2927652895450592,-0.08503644168376923,0.2997518507567942
6653,134,18,-0.2,0.2,-0.3426439166069031,-0.11318430304527283,0.3441390629075845
6654,134,19,-0.2,0.2,-0.2734447121620178,-0.08445975929498672,0.29378815565424593
6655,134,20,-0.2,0.2,-0.25071269273757935,-0.07360869646072388,0.2782687477666737
6656,134,21,-0.2,0.2,-0.3629310131072998,-0.12121200561523438,0.3601717195776654
6657,134,22,-0.2,0.2,-0.1605127602815628,-0.036367371678352356,0.23964301887331016
6658,134,23,-0.2,0.2,-0.3125080168247223,-0.10366290807723999,0.32383516731781664
6659,134,24,-0.2,0.2,-0.3235684931278229,-0.10338354110717773,0.3275831886843576
6660,134,25,-0.2,0.2,-0.36696696281433105,-0.146232470870018,0.38438898339598665
6661,134,26,-0.2,0.2,-0.29496970772743225,-0.09551507234573364,0.3104003920251038
6662,134,27,-0.2,0.2,-0.34097108244895935,-0.0893373191356659,0.3218523424358528
6663,134,28,-0.2,0.2,-0.3341750502586365,-0.13121750950813293,0.3573625368119576
6664,134,29,-0.2,0.2,-0.3843258321285248,-0.1365910768508911,0.3837571698424872
6665,134,30,-0.2,0.2,-0.2700943350791931,-0.08751226961612701,0.29593330496922904
6666,134,31,-0.2,0.2,-0.3322159945964813,-0.1299424171447754,0.35544770059528275
6667,134,32,-0.2,0.2,-0.3134029805660248,-0.12489552795886993,0.34411820656415587
6668,134,33,-0.2,0.2,-0.2930994927883148,-0.08043038845062256,0.2954804872136374
6669,134,34,-0.2,0.2,-0.29242610931396484,-0.09284578263759613,0.3070850665394577
6670,134,35,-0.2,0.2,-0.32677167654037476,-0.11364825069904327,0.3382991030721591
6671,134,36,-0.2,0.2,-0.23399363458156586,-0.05847661942243576,0.26070237816352143
6672,134,37,-0.2,0.2,-0.3231728971004486,-0.11038820445537567,0.3339347242278793
6673,134,38,-0.2,0.2,-0.32851213216781616,-0.13526394963264465,0.35905053131502085
6674,134,39,-0.2,0.2,-0.2473689317703247,-0.05566377192735672,0.26001496105644606
6675,134,40,-0.2,0.2,-0.2730998992919922,-0.10173501074314117,0.31046354372882967
6676,134,41,-0.2,0.2,-0.2616305649280548,-0.08168528974056244,0.28834862404661443
6677,134,42,-0.2,0.2,-0.27680620551109314,-0.04749004542827606,0.2591341656190909
6678,134,43,-0.2,0.2,-0.28645554184913635,-0.08212870359420776,0.29507823726628185
6679,134,44,-0.2,0.2,-0.28358474373817444,-0.10129675269126892,0.31267577867190155
6680,134,45,-0.2,0.2,-0.3171270787715912,-0.09625911712646484,0.3185721536200535
6681,134,46,-0.2,0.2,-0.21057577431201935,-0.1119937002658844,0.3121728944157345
6682,134,47,-0.2,0.2,-0.27599579095840454,-0.08950945734977722,0.2993177010107421
6683,134,48,-0.2,0.2,-0.3141516447067261,-0.11474241316318512,0.33480350152445504
6684,135,0,-0.1,0.2,-0.20117904245853424,-0.13019293546676636,0.3453470330913327
6685,135,1,-0.1,0.2,-0.1892676204442978,-0.13066738843917847,0.3425049340330351
6686,135,2,-0.1,0.2,-0.1930554211139679,-0.13256478309631348,0.3453384518911787
6687,135,3,-0.1,0.2,-0.1900600641965866,-0.13685549795627594,0.3486867385870359
6688,135,4,-0.1,0.2,-0.19535014033317566,-0.13673190772533417,0.3499714658967203
6689,135,5,-0.1,0.2,-0.18987779319286346,-0.1376621276140213,0.3494191324670799
6690,135,6,-0.1,0.2,-0.1095496416091919,-0.13413265347480774,0.334269091860106
6691,135,7,-0.1,0.2,-0.18283262848854065,-0.13241802155971527,0.34258281538920765
6692,135,8,-0.1,0.2,-0.17073659598827362,-0.12529700994491577,0.3328990998652758
6693,135,9,-0.1,0.2,-0.1965055763721466,-0.12786954641342163,0.3417773628201011
6694,135,10,-0.1,0.2,-0.1790284365415573,-0.13549253344535828,0.3446748232461834
6695,135,11,-0.1,0.2,-0.18966536223888397,-0.1377694457769394,0.3494682756501527
6696,135,12,-0.1,0.2,-0.2031973898410797,-0.143760085105896,0.35891600324034684
6697,135,13,-0.1,0.2,-0.1950531303882599,-0.14075547456741333,0.35376459834792773
6698,135,14,-0.1,0.2,-0.18805161118507385,-0.13677790760993958,0.3480983270376582
6699,135,15,-0.1,0.2,-0.1861194223165512,-0.12932318449020386,0.34039728956456944
6700,135,16,-0.1,0.2,-0.18634763360023499,-0.13457340002059937,0.34553621203819496
6701,135,17,-0.1,0.2,-0.1838783323764801,-0.13163580000400543,0.3420787606481232
6702,135,18,-0.1,0.2,-0.19323843717575073,-0.14335061609745026,0.3557851201799691
6703,135,19,-0.1,0.2,-0.19606207311153412,-0.133761465549469,0.34731057826708234
6704,135,20,-0.1,0.2,-0.19758425652980804,-0.1405285745859146,0.35423494637315245
6705,135,21,-0.1,0.2,-0.18691767752170563,-0.1309354305267334,0.342159234631599
6706,135,22,-0.1,0.2,-0.1793566346168518,-0.130586639046669,0.33997794248139857
6707,135,23,-0.1,0.2,-0.18902316689491272,-0.12853853404521942,0.34038609342418985
6708,135,24,-0.1,0.2,-0.17016960680484772,-0.1228712946176529,0.33040830287271256
6709,135,25,-0.1,0.2,-0.2390223741531372,-0.14578236639499664,0.3726830629702651
6710,135,26,-0.1,0.2,-0.18635624647140503,-0.13087573647499084,0.34195928747805293
6711,135,27,-0.1,0.2,-0.19912520051002502,-0.13568203151226044,0.35001175931152784
6712,135,28,-0.1,0.2,-0.19856512546539307,-0.13354144990444183,0.34780020523623323
6713,135,29,-0.1,0.2,-0.17940637469291687,-0.13729068636894226,0.3465117306139925
6714,135,30,-0.1,0.2,-0.18773958086967468,-0.1322888284921646,0.3436773189954225
6715,135,31,-0.1,0.2,-0.21968849003314972,-0.13206900656223297,0.3529803957242437
6716,135,32,-0.1,0.2,-0.1842452734708786,-0.12593764066696167,0.33664909283366345
6717,135,33,-0.1,0.2,-0.1895713359117508,-0.13043971359729767,0.342364467401744
6718,135,34,-0.1,0.2,-0.17980161309242249,-0.12175968289375305,0.3315080556910212
6719,135,35,-0.1,0.2,-0.19647836685180664,-0.13190332055091858,0.3456412728004536
6720,135,36,-0.1,0.2,-0.19357547163963318,-0.1368166208267212,0.34957374752362497
6721,135,37,-0.1,0.2,-0.1955104023218155,-0.13312071561813354,0.34654241894119175
6722,135,38,-0.1,0.2,-0.1785750538110733,-0.12670394778251648,0.33602010144944355
6723,135,39,-0.1,0.2,-0.19051522016525269,-0.133222758769989,0.34529757028372854
6724,135,40,-0.1,0.2,-0.19946372509002686,-0.13450701534748077,0.34898134036859935
6725,135,41,-0.1,0.2,-0.17388330399990082,-0.12118145823478699,0.32956982829707876
6726,135,42,-0.1,0.2,-0.19138075411319733,-0.13261103630065918,0.34493556454980845
6727,135,43,-0.1,0.2,-0.20820187032222748,-0.12821167707443237,0.3455872533952021
6728,135,44,-0.1,0.2,-0.19658882915973663,-0.13299232721328735,0.3467178851766517
6729,135,45,-0.1,0.2,-0.18885977566242218,-0.1382950097322464,0.34977074397455926
6730,135,46,-0.1,0.2,-0.1905244141817093,-0.13458067178726196,0.34661058191659005
6731,135,47,-0.1,0.2,-0.1732955127954483,-0.12264259159564972,0.33086322568019694
6732,135,48,-0.1,0.2,-0.17657634615898132,-0.12601181864738464,0.33488452142318453
6733,135,49,-0.1,0.2,-0.1886197030544281,-0.1277216374874115,0.33949215520669307
6734,136,0,0.0,0.2,-0.3680780231952667,-0.24119964241981506,0.5745768491948732
6735,136,1,0.0,0.2,-0.39511871337890625,-0.23960211873054504,0.5910742935152793
6736,136,2,0.0,0.2,-0.4127514958381653,-0.24047288298606873,0.6036390957871284
6737,136,3,0.0,0.2,-0.35404399037361145,-0.24031931161880493,0.5650028701733542
6738,136,4,0.0,0.2,-0.34560132026672363,-0.23677879571914673,0.556970366321199
6739,136,5,0.0,0.2,-0.3344743251800537,-0.234250009059906,0.5481296786100719
6740,136,6,0.0,0.2,-0.3221284747123718,-0.23155120015144348,0.5385194449346007
6741,136,7,0.0,0.2,-0.323689728975296,-0.22823402285575867,0.5368048239121246
6742,136,8,0.0,0.2,-0.31565502285957336,-0.23079943656921387,0.5340657712349949
6743,136,9,0.0,0.2,-0.34180670976638794,-0.23633423447608948,0.5542737509725305
6744,136,10,0.0,0.2,-0.3532732427120209,-0.23965558409690857,0.564002674323323
6745,136,11,0.0,0.2,-0.35561254620552063,-0.24258410930633545,0.5677508052211426
6746,136,12,0.0,0.2,-0.3505866527557373,-0.242890864610672,0.564856901388361
6747,136,13,0.0,0.2,-0.4004132151603699,-0.2408072054386139,0.5955180393923134
6748,136,14,0.0,0.2,-0.3212941884994507,-0.22459664940834045,0.5324587028608977
6749,136,15,0.0,0.2,-0.3167174160480499,-0.22833752632141113,0.5327128289081268
6750,136,16,0.0,0.2,-0.3246849477291107,-0.23211845755577087,0.5405059450572528
6751,136,17,0.0,0.2,-0.3408680558204651,-0.2384520173072815,0.5553658280445858
6752,136,18,0.0,0.2,-0.35071828961372375,-0.23825517296791077,0.5613117808337085
6753,136,19,0.0,0.2,-0.35456499457359314,-0.24270299077033997,0.5671880406126136
6754,136,20,0.0,0.2,-0.3490264117717743,-0.23840421438217163,0.5603728145639555
6755,136,21,0.0,0.2,-0.3333755433559418,-0.2326810359954834,0.5462161951260638
6756,136,22,0.0,0.2,-0.3707689940929413,-0.2373182475566864,0.5733383788189508
6757,136,23,0.0,0.2,-0.3182431161403656,-0.22708120942115784,0.5326134061506236
6758,136,24,0.0,0.2,-0.32877641916275024,-0.2344571352005005,0.5448366141552038
6759,136,25,0.0,0.2,-0.33816075325012207,-0.23639321327209473,0.552079461335625
6760,136,26,0.0,0.2,-0.35023483633995056,-0.2421714961528778,0.5640745275193221
6761,136,27,0.0,0.2,-0.3933335542678833,-0.2406190037727356,0.5906406618229766
6762,136,28,0.0,0.2,-0.3461114466190338,-0.24109113216400146,0.5606732741574552
6763,136,29,0.0,0.2,-0.3391036093235016,-0.2356504201889038,0.5520711425776522
6764,136,30,0.0,0.2,-0.32026389241218567,-0.22242969274520874,0.530109239775931
6765,136,31,0.0,0.2,-0.31658193469047546,-0.22665393352508545,0.5312793054173977
6766,136,32,0.0,0.2,-0.32625094056129456,-0.22859641909599304,0.538641408247674
6767,136,33,0.0,0.2,-0.3332119584083557,-0.23288056254386902,0.546274464582254
6768,136,34,0.0,0.2,-0.3472752869129181,-0.23940595984458923,0.5600693907431421
6769,136,35,0.0,0.2,-0.3450263738632202,-0.2337428629398346,0.5542346703450144
6770,136,36,0.0,0.2,-0.3571757674217224,-0.24491816759109497,0.5705494761069491
6771,136,37,0.0,0.2,-0.3411884009838104,-0.23768752813339233,0.5549593654038182
6772,136,38,0.0,0.2,-0.3332410156726837,-0.2315654158592224,0.545250660423539
6773,136,39,0.0,0.2,-0.32150998711586,-0.23035928606987,0.5371943660555355
6774,136,40,0.0,0.2,-0.3365032970905304,-0.2394634485244751,0.5535003085291116
6775,136,41,0.0,0.2,-0.3260970115661621,-0.2281256914138794,0.5381736416817475
6776,136,42,0.0,0.2,-0.3464577794075012,-0.23865067958831787,0.5589699559146895
6777,136,43,0.0,0.2,-0.35609808564186096,-0.2432621717453003,0.5685835026609181
6778,136,44,0.0,0.2,-0.3594689667224884,-0.2459048330783844,0.5727556705954079
6779,136,45,0.0,0.2,-0.3344048261642456,-0.2297137975692749,0.544500262243598
6780,136,46,0.0,0.2,-0.33763355016708374,-0.23712745308876038,0.5523376000620409
6781,136,47,0.0,0.2,-0.32360830903053284,-0.22757619619369507,0.5362310520895541
6782,136,48,0.0,0.2,-0.3236055374145508,-0.23114708065986633,0.5390810226736659
6783,137,0,0.1,0.2,-0.4186156094074249,-0.21199482679367065,0.6623457462879802
6784,137,1,0.1,0.2,-0.43237408995628357,-0.2163086235523224,0.6758217529059052
6785,137,2,0.1,0.2,-0.40713998675346375,-0.19761650264263153,0.6444298637850834
6786,137,3,0.1,0.2,-0.40360206365585327,-0.1988300085067749,0.6424020658465758
6787,137,4,0.1,0.2,-0.41471806168556213,-0.19638562202453613,0.6496585598397981
6788,137,5,0.1,0.2,-0.43042832612991333,-0.2032199203968048,0.666288611163201
6789,137,6,0.1,0.2,-0.39486852288246155,-0.20305290818214417,0.6382370262950539
6790,137,7,0.1,0.2,-0.45343589782714844,-0.22745949029922485,0.6992945794517608
6791,137,8,0.1,0.2,-0.4247172772884369,-0.2156948745250702,0.6694254624612095
6792,137,9,0.1,0.2,-0.4206593334674835,-0.18818879127502441,0.6494433610395665
6793,137,10,0.1,0.2,-0.40759676694869995,-0.18892553448677063,0.6394666130397998
6794,137,11,0.1,0.2,-0.41708847880363464,-0.20995624363422394,0.6598822748082722
6795,137,12,0.1,0.2,-0.3963116705417633,-0.20998235046863556,0.6437474675769551
6796,137,13,0.1,0.2,-0.4075630307197571,-0.19621290266513824,0.6438982018857945
6797,137,14,0.1,0.2,-0.42524781823158264,-0.2156873345375061,0.6698367193965513
6798,137,15,0.1,0.2,-0.3933764398097992,-0.1752045750617981,0.6198377082000552
6799,137,16,0.1,0.2,-0.4174729287624359,-0.20518384873867035,0.6572306925887247
6800,137,17,0.1,0.2,-0.44047290086746216,-0.21577757596969604,0.6818958492697591
6801,137,18,0.1,0.2,-0.41499993205070496,-0.21652841567993164,0.6623600615081382
6802,137,19,0.1,0.2,-0.42463186383247375,-0.22306349873542786,0.6739594323923337
6803,137,20,0.1,0.2,-0.4293794333934784,-0.21820536255836487,0.674639392396096
6804,137,21,0.1,0.2,-0.46695929765701294,-0.23068761825561523,0.7119934478058263
6805,137,22,0.1,0.2,-0.5097753405570984,-0.23073497414588928,0.746564520925007
6806,137,23,0.1,0.2,-0.41880321502685547,-0.21047642827033997,0.6615494494652514
6807,137,24,0.1,0.2,-0.45447051525115967,-0.2256726324558258,0.6990241357097472
6808,137,25,0.1,0.2,-0.42919838428497314,-0.21530568599700928,0.6727033096033291
6809,137,26,0.1,0.2,-0.41230857372283936,-0.1999446600675583,0.649935232024303
6810,137,27,0.1,0.2,-0.42373913526535034,-0.21245664358139038,0.6666507066244834
6811,137,28,0.1,0.2,-0.44798514246940613,-0.22223827242851257,0.6917896176372048
6812,137,29,0.1,0.2,-0.4322931170463562,-0.22138792276382446,0.6788989202422823
6813,137,30,0.1,0.2,-0.42855319380760193,-0.20851191878318787,0.6680198099398986
6814,137,31,0.1,0.2,-0.45096009969711304,-0.2218094766139984,0.6938877906546764
6815,137,32,0.1,0.2,-0.44704344868659973,-0.22337114810943604,0.6917367012111114
6816,137,33,0.1,0.2,-0.42246589064598083,-0.21734383702278137,0.6686901264333098
6817,137,34,0.1,0.2,-0.44166362285614014,-0.21928557753562927,0.6849816609625582
6818,137,35,0.1,0.2,-0.4866771399974823,-0.23046082258224487,0.727658289565788
6819,137,36,0.1,0.2,-0.42293649911880493,-0.22432634234428406,0.6734355402842283
6820,137,37,0.1,0.2,-0.4485087990760803,-0.20996370911598206,0.6847862041951615
6821,137,38,0.1,0.2,-0.4402284324169159,-0.22023355960845947,0.6844289618454459
6822,137,39,0.1,0.2,-0.440117746591568,-0.21718493103981018,0.6824737700965836
6823,137,40,0.1,0.2,-0.4278717637062073,-0.21660897135734558,0.672466827385357
6824,137,41,0.1,0.2,-0.4223870635032654,-0.21632999181747437,0.6679961872662918
6825,137,42,0.1,0.2,-0.4124341607093811,-0.1937192976474762,0.6462226043724792
6826,137,43,0.1,0.2,-0.404419869184494,-0.18759332597255707,0.6361351984968061
6827,137,44,0.1,0.2,-0.4079377055168152,-0.198709174990654,0.645731924956026
6828,137,45,0.1,0.2,-0.4122709333896637,-0.20578019320964813,0.653512872403579
6829,137,46,0.1,0.2,-0.41661596298217773,-0.19865377247333527,0.6525464608096687
6830,137,47,0.1,0.2,-0.43658193945884705,-0.2187601625919342,0.6806469360303041
6831,137,48,0.1,0.2,-0.43463605642318726,-0.21421676874160767,0.6763218496651398
6832,137,49,0.1,0.2,-0.3437292277812958,-0.2115732580423355,0.605217460358645
6833,138,0,0.2,0.2,0.046308353543281555,-0.14608429372310638,0.37867593078039474
6834,138,1,0.2,0.2,0.06524274498224258,-0.09959240257740021,0.32850437662536547
6835,138,2,0.2,0.2,0.085065558552742,0.004783321171998978,0.22653802666092968
6836,138,3,0.2,0.2,0.049812864512205124,-0.1321129947900772,0.364493095921532
6837,138,4,0.2,0.2,0.055951569229364395,-0.1067519336938858,0.33889039412827965
6838,138,5,0.2,0.2,0.05901438370347023,-0.0845474824309349,0.31755977982152517
6839,138,6,0.2,0.2,0.017095427960157394,-0.1718607097864151,0.4144085785259934
6840,138,7,0.2,0.2,0.057224396616220474,-0.12309296429157257,0.35323354384361305
6841,138,8,0.2,0.2,0.0601949468255043,-0.11662182211875916,0.3461138990779289
6842,138,9,0.2,0.2,0.059040166437625885,-0.11349046230316162,0.3437236457286322
6843,138,10,0.2,0.2,0.05906608700752258,-0.10880793631076813,0.33944765334273064
6844,138,11,0.2,0.2,0.054554082453250885,-0.10505104064941406,0.33795066553020164
6845,138,12,0.2,0.2,0.048052430152893066,-0.1290178745985031,0.3624097484723028
6846,138,13,0.2,0.2,0.04581404849886894,-0.12188084423542023,0.35690416854670665
6847,138,14,0.2,0.2,0.05063997581601143,-0.13772577047348022,0.36927918011464916
6848,138,15,0.2,0.2,0.06540843844413757,-0.09852001070976257,0.3274585244518797
6849,138,16,0.2,0.2,0.041537586599588394,-0.15051066875457764,0.384666173937174
6850,138,17,0.2,0.2,0.05409102141857147,-0.11515787243843079,0.34729514046498544
6851,138,18,0.2,0.2,0.05489223077893257,-0.09852086007595062,0.33192012380812325
6852,138,19,0.2,0.2,0.040578264743089676,-0.14301373064517975,0.37825085470286557
6853,138,20,0.2,0.2,0.05321982130408287,-0.09935158491134644,0.3334003483005686
6854,138,21,0.2,0.2,0.04651784896850586,-0.12010112404823303,0.3549950708139434
6855,138,22,0.2,0.2,0.05037039518356323,-0.10846808552742004,0.3428433730240017
6856,138,23,0.2,0.2,0.06139056384563446,-0.10041876137256622,0.3308534539273514
6857,138,24,0.2,0.2,0.05684603378176689,-0.1061074286699295,0.3379272346688367
6858,138,25,0.2,0.2,0.053220923990011215,-0.12248285114765167,0.35431523596744263
6859,138,26,0.2,0.2,0.0463675893843174,-0.12322154641151428,0.35787579641020206
6860,138,27,0.2,0.2,0.04536125063896179,-0.13340121507644653,0.3675180444799914
6861,138,28,0.2,0.2,0.06130073219537735,-0.09017467498779297,0.3216190742070652
6862,138,29,0.2,0.2,0.04959050938487053,-0.11869412660598755,0.35240454196882304
6863,138,30,0.2,0.2,0.04844430088996887,-0.1337633579969406,0.3665611941738027
6864,138,31,0.2,0.2,0.04676919803023338,-0.13509804010391235,0.3684703178734769
6865,138,32,0.2,0.2,0.05414533242583275,-0.10444250702857971,0.3375778786280547
6866,138,33,0.2,0.2,0.056106314063072205,-0.12151370942592621,0.35224488385402297
6867,138,34,0.2,0.2,0.04710187762975693,-0.1330104023218155,0.36643384652469435
6868,138,35,0.2,0.2,0.06777947396039963,-0.06444013118743896,0.29565326057498265
6869,138,36,0.2,0.2,0.04998140037059784,-0.11484865844249725,0.3487624663833641
6870,138,37,0.2,0.2,0.05000544711947441,-0.12300774455070496,0.35613532390590275
6871,138,38,0.2,0.2,0.05181003734469414,-0.13625767827033997,0.36746359170336923
6872,138,39,0.2,0.2,0.029297083616256714,-0.12654975056648254,0.36847554227783863
6873,138,40,0.2,0.2,0.049093641340732574,-0.13789105415344238,0.3700582299594538
6874,138,41,0.2,0.2,0.051324598491191864,-0.11934566497802734,0.3522584686761467
6875,138,42,0.2,0.2,0.057166289538145065,-0.12432046234607697,0.35438006594710453
6876,138,43,0.2,0.2,0.045108944177627563,-0.12175527215003967,0.3570961975856301
6877,138,44,0.2,0.2,0.057864293456077576,-0.11425293982028961,0.3449021154768909
6878,138,45,0.2,0.2,0.059899210929870605,-0.07110800594091415,0.305168448538396
6879,138,46,0.2,0.2,0.057934995740652084,-0.10748246312141418,0.33871511711528374
6880,138,47,0.2,0.2,0.059847474098205566,-0.11572395265102386,0.3454335606078818
6881,138,48,0.2,0.2,0.0457308366894722,-0.1179438978433609,0.353393968432343
6882,139,0,0.3,0.2,-0.31932002305984497,-0.15091897547245026,0.7118296273052149
6883,139,1,0.3,0.2,-0.36317092180252075,-0.16072995960712433,0.7549316361648667
6884,139,2,0.3,0.2,-0.30444076657295227,-0.1551382839679718,0.7010505267347098
6885,139,3,0.3,0.2,-0.2854152023792267,-0.14702251553535461,0.6805406567319813
6886,139,4,0.3,0.2,-0.29572784900665283,-0.13951922953128815,0.6856857715481728
6887,139,5,0.3,0.2,-0.3060223460197449,-0.14493992924690247,0.6973138738503154
6888,139,6,0.3,0.2,-0.2897811830043793,-0.1414954960346222,0.6815137692211198
6889,139,7,0.3,0.2,-0.299132376909256,-0.15297693014144897,0.695379262182168
6890,139,8,0.3,0.2,-0.29557979106903076,-0.14425082504749298,0.6879127256241957
6891,139,9,0.3,0.2,-0.31513476371765137,-0.14986392855644226,0.7076690936016057
6892,139,10,0.3,0.2,-0.33393868803977966,-0.15990029275417328,0.7289763239763942
6893,139,11,0.3,0.2,-0.2839207947254181,-0.15062177181243896,0.6811014031564301
6894,139,12,0.3,0.2,-0.2801460027694702,-0.1345740556716919,0.6697082822080063
6895,139,13,0.3,0.2,-0.32657602429389954,-0.16164278984069824,0.7234521557530345
6896,139,14,0.3,0.2,-0.2423882931470871,-0.058218374848365784,0.6007177287648016
6897,139,15,0.3,0.2,-0.3160324990749359,-0.14339637756347656,0.7052780388188964
6898,139,16,0.3,0.2,-0.26853516697883606,-0.13922812044620514,0.6620483017069964
6899,139,17,0.3,0.2,-0.3381306231021881,-0.15788540244102478,0.7316369683259323
6900,139,18,0.3,0.2,-0.3104279935359955,-0.16203643381595612,0.7097131214107265
6901,139,19,0.3,0.2,-0.30682656168937683,-0.1549074798822403,0.7029920307145123
6902,139,20,0.3,0.2,-0.4045884311199188,-0.13301606476306915,0.7793231400762519
6903,139,21,0.3,0.2,-0.2906275987625122,-0.13988423347473145,0.6814413053115264
6904,139,22,0.3,0.2,-0.30783990025520325,-0.14538633823394775,0.6991144877492601
6905,139,23,0.3,0.2,-0.3054758310317993,-0.14474493265151978,0.6967424564016097
6906,139,24,0.3,0.2,-0.2852248251438141,-0.14559894800186157,0.6796519173993415
6907,139,25,0.3,0.2,-0.3524056375026703,-0.16936473548412323,0.7497088926140079
6908,139,26,0.3,0.2,-0.33338668942451477,-0.17636004090309143,0.7367669772246335
6909,139,27,0.3,0.2,-0.29258936643600464,-0.14763464033603668,0.6870312950474607
6910,139,28,0.3,0.2,-0.31430134177207947,-0.18218375742435455,0.7234850122441896
6911,139,29,0.3,0.2,-0.28796544671058655,-0.1428428441286087,0.6806207330781021
6912,139,30,0.3,0.2,-0.29637059569358826,-0.14190098643302917,0.6874257573962469
6913,139,31,0.3,0.2,-0.3012530505657196,-0.15826937556266785,0.6999015475626895
6914,139,32,0.3,0.2,-0.3268919289112091,-0.16468201577663422,0.7252492420988289
6915,139,33,0.3,0.2,-0.324893593788147,-0.17110714316368103,0.7267823025257113
6916,139,34,0.3,0.2,-0.32564792037010193,-0.1563156545162201,0.7199973374372685
6917,139,35,0.3,0.2,-0.3445335626602173,-0.16139304637908936,0.7389373771617125
6918,139,36,0.3,0.2,-0.3123069405555725,-0.15407191216945648,0.7073094856142259
6919,139,37,0.3,0.2,-0.2865094244480133,-0.16693933308124542,0.6918365263040461
6920,139,38,0.3,0.2,-0.31661900877952576,-0.142023965716362,0.7051236736293798
6921,139,39,0.3,0.2,-0.2838387191295624,-0.1497204303741455,0.6805674319095248
6922,139,40,0.3,0.2,-0.2988738715648651,-0.14729338884353638,0.6922879545229126
6923,139,41,0.3,0.2,-0.29606831073760986,-0.15556906163692474,0.6940654066144999
6924,139,42,0.3,0.2,-0.3284195065498352,-0.15537840127944946,0.7219452086607929
6925,139,43,0.3,0.2,-0.22965200245380402,-0.12196950614452362,0.6198351446879024
6926,139,44,0.3,0.2,-0.3090887665748596,-0.1653604507446289,0.7102657140366571
6927,139,45,0.3,0.2,-0.2722945809364319,-0.14323849976062775,0.6673333163323503
6928,139,46,0.3,0.2,-0.3027815818786621,-0.16382786631584167,0.7040712689494439
6929,139,47,0.3,0.2,-0.35421523451805115,-0.15709057450294495,0.7453262718262064
6930,139,48,0.3,0.2,-0.2509017586708069,-0.13885672390460968,0.6467740154350303
6931,139,49,0.3,0.2,-0.367527574300766,-0.16072116792201996,0.7587574206812681
6932,140,0,0.4,0.2,-0.3723459243774414,-0.15792198479175568,0.851249889339032
6933,140,1,0.4,0.2,-0.3656294047832489,-0.15148234367370605,0.8424536921297889
6934,140,2,0.4,0.2,-0.35627442598342896,-0.12216983735561371,0.822036745832148
6935,140,3,0.4,0.2,-0.4002980887889862,-0.21768352389335632,0.9027383657800726
6936,140,4,0.4,0.2,-0.3646658658981323,-0.14817197620868683,0.8402009351856274
6937,140,5,0.4,0.2,-0.40023377537727356,-0.18266819417476654,0.8870225713517902
6938,140,6,0.4,0.2,-0.39240023493766785,-0.1807105988264084,0.8791124458156838
6939,140,7,0.4,0.2,-0.3670448064804077,-0.128520205616951,0.8344358936713892
6940,140,8,0.4,0.2,-0.3390057682991028,-0.20443177223205566,0.8424337267525016
6941,140,9,0.4,0.2,-0.34373512864112854,-0.08603115379810333,0.7968411149770764
6942,140,10,0.4,0.2,-0.4032299518585205,-0.19364546239376068,0.8945027141523042
6943,140,11,0.4,0.2,-0.35496804118156433,-0.12743650376796722,0.822916403533991
6944,140,12,0.4,0.2,-0.38466373085975647,-0.1896628737449646,0.8760903638905844
6945,140,13,0.4,0.2,-0.40664875507354736,-0.1810646653175354,0.8921280699626423
6946,140,14,0.4,0.2,-0.391277551651001,-0.17196637392044067,0.8743449817287932
6947,140,15,0.4,0.2,-0.34595534205436707,-0.10770319402217865,0.8069266558683623
6948,140,16,0.4,0.2,-0.24964506924152374,-0.010623224079608917,0.6829354717039622
6949,140,17,0.4,0.2,-0.37696442008018494,-0.17533905804157257,0.862874914783176
6950,140,18,0.4,0.2,-0.30827444791793823,-0.051059477031230927,0.7514542930748718
6951,140,19,0.4,0.2,-0.21751439571380615,0.16089093685150146,0.6187516042275288
6952,140,20,0.4,0.2,-0.3673209846019745,-0.1496446132659912,0.8432276377090995
6953,140,21,0.4,0.2,-0.43308085203170776,-0.24898555874824524,0.9463676547654988
6954,140,22,0.4,0.2,-0.38182705640792847,-0.1773698329925537,0.8681368192769582
6955,140,23,0.4,0.2,-0.4074450135231018,-0.20211590826511383,0.9020336210714097
6956,140,24,0.4,0.2,-0.4066210687160492,-0.22471708059310913,0.9116041613793537
6957,140,25,0.4,0.2,-0.315525084733963,-0.11212746798992157,0.7806405723233609
6958,140,26,0.4,0.2,-0.3909253478050232,-0.14426520466804504,0.8626015516712382
6959,140,27,0.4,0.2,-0.37551119923591614,-0.12525299191474915,0.8409560802383349
6960,140,28,0.4,0.2,-0.3634594976902008,-0.10024330019950867,0.8203757943333446
6961,140,29,0.4,0.2,-0.3390616178512573,-0.08674751222133636,0.7927396866223132
6962,140,30,0.4,0.2,-0.40531548857688904,-0.21833014488220215,0.9074872705768372
6963,140,31,0.4,0.2,-0.41295090317726135,-0.2160964012145996,0.9132499034111452
6964,140,32,0.4,0.2,-0.3742806315422058,-0.1630163937807083,0.8551557744264768
6965,140,33,0.4,0.2,-0.3881487548351288,-0.1701534390449524,0.8707422283230377
6966,140,34,0.4,0.2,-0.3947611153125763,-0.16140802204608917,0.8730755916941881
6967,140,35,0.4,0.2,-0.38508597016334534,-0.18945033848285675,0.8763740906095597
6968,140,36,0.4,0.2,-0.39381900429725647,-0.19775620102882385,0.8878956059359512
6969,140,37,0.4,0.2,-0.4047165513038635,-0.21670004725456238,0.9062050856866442
6970,140,38,0.4,0.2,-0.41351795196533203,-0.1620810478925705,0.8904572664720358
6971,140,39,0.4,0.2,-0.40775150060653687,-0.21258679032325745,0.9070227925919832
6972,140,40,0.4,0.2,-0.3965703248977661,-0.15266010165214539,0.8711448959874782
6973,140,41,0.4,0.2,-0.3672293722629547,-0.16358286142349243,0.849019085052805
6974,140,42,0.4,0.2,-0.32384657859802246,-0.10822652280330658,0.7867384944868787
6975,140,43,0.4,0.2,-0.39249080419540405,-0.15599367022514343,0.8687768228806788
6976,140,44,0.4,0.2,-0.3837736248970032,-0.08549589663743973,0.8341516661141449
6977,140,45,0.4,0.2,-0.28537675738334656,-0.048168525099754333,0.728923121057014
6978,140,46,0.4,0.2,-0.3429045081138611,-0.17768937349319458,0.8334004865762797
6979,140,47,0.4,0.2,-0.38703352212905884,-0.18770453333854675,0.8773463227974071
6980,140,48,0.4,0.2,-0.38915717601776123,-0.17247027158737183,0.8726414794614672
6981,141,0,0.5,0.2,-0.5531850457191467,0.13216105103492737,1.0553676437730726
6982,141,1,0.5,0.2,-0.5459958910942078,0.009810535237193108,1.06314600911292
6983,141,2,0.5,0.2,-0.5991712212562561,0.10414475947618484,1.1033429207521332
6984,141,3,0.5,0.2,-0.3979678452014923,0.12771615386009216,0.9008724690146709
6985,141,4,0.5,0.2,-0.5848227143287659,0.01460340991616249,1.1005508698548858
6986,141,5,0.5,0.2,-0.5328185558319092,0.22749605774879456,1.0331844958488468
6987,141,6,0.5,0.2,-0.5310460329055786,-0.013660185039043427,1.0529513743004706
6988,141,7,0.5,0.2,-0.5615019202232361,0.09761267900466919,1.0664283802197962
6989,141,8,0.5,0.2,-0.5897493362426758,0.10495071858167648,1.0938866402600829
6990,141,9,0.5,0.2,-0.5619490146636963,0.018582593649625778,1.0773337389463362
6991,141,10,0.5,0.2,-0.5404777526855469,-0.018258508294820786,1.0631231021272403
6992,141,11,0.5,0.2,-0.570452094078064,0.021226264536380768,1.0852777221558214
6993,141,12,0.5,0.2,-0.5697014331817627,-0.041233353316783905,1.0965649487848759
6994,141,13,0.5,0.2,-0.5669280886650085,0.03645927086472511,1.079389233070474
6995,141,14,0.5,0.2,-0.578265368938446,0.08803343027830124,1.0840630602447474
6996,141,15,0.5,0.2,-0.6444717645645142,0.5663745403289795,1.2016846190605437
6997,141,16,0.5,0.2,-0.5360199809074402,-0.0009450316429138184,1.0553275825929238
6998,141,17,0.5,0.2,-0.5969496369361877,0.058437101542949677,1.1060463643961744
6999,141,18,0.5,0.2,-0.5437925457954407,0.10450451076030731,1.0481518340027152
7000,141,19,0.5,0.2,-0.536880373954773,0.016879692673683167,1.0529263776959312
7001,141,20,0.5,0.2,-0.5544857978820801,-0.02919980138540268,1.0791074306528128
7002,141,21,0.5,0.2,-0.5720015168190002,-0.005023621022701263,1.091431141776474
7003,141,22,0.5,0.2,-0.572939395904541,0.0036217719316482544,1.0907627403534037
7004,141,23,0.5,0.2,-0.5649957060813904,0.40391314029693604,1.0843414696291742
7005,141,24,0.5,0.2,-0.5621290802955627,0.16752269864082336,1.0626255023822235
7006,141,25,0.5,0.2,-0.5683265924453735,0.19349172711372375,1.0683464165437657
7007,141,26,0.5,0.2,-0.5685950517654419,0.0668811947107315,1.0768546796013052
7008,141,27,0.5,0.2,-0.5729832649230957,0.001987449824810028,1.0911013045688784
7009,141,28,0.5,0.2,-0.6156625151634216,0.2778080105781555,1.1183724488071505
7010,141,29,0.5,0.2,-0.5891519784927368,0.08011303097009659,1.0957303124390692
7011,141,30,0.5,0.2,-0.573810338973999,-0.032830461859703064,1.098762334655342
7012,141,31,0.5,0.2,-0.5793092846870422,0.07907593995332718,1.0860622267208386
7013,141,32,0.5,0.2,-0.3923323154449463,-0.0023476481437683105,0.9149871758099418
7014,141,33,0.5,0.2,0.313490629196167,0.4994633197784424,0.35279459362406235
7015,141,34,0.5,0.2,-0.6135187149047852,0.10566006600856781,1.1175079201458538
7016,141,35,0.5,0.2,-0.5825583338737488,0.18266426026821136,1.0826971294464371
7017,141,36,0.5,0.2,-0.5119065046310425,0.08192357420921326,1.0187722102816414
7018,141,37,0.5,0.2,-0.568959653377533,0.11440926790237427,1.072380769116093
7019,141,38,0.5,0.2,-0.5407769083976746,0.1202721819281578,1.043826181904017
7020,141,39,0.5,0.2,-0.580820620059967,0.107236847281456,1.0847940888708305
7021,141,40,0.5,0.2,-0.5610572099685669,0.15571413934230804,1.061980998078813
7022,141,41,0.5,0.2,-0.553341269493103,0.10247626155614853,1.0578462598966858
7023,141,42,0.5,0.2,-0.5357809662818909,0.09509821236133575,1.0410795335427716
7024,141,43,0.5,0.2,-0.5179141163825989,0.006936926394701004,1.0360610497074447
7025,141,44,0.5,0.2,-0.5672385692596436,0.05510811507701874,1.0770291648938322
7026,141,45,0.5,0.2,-0.5572842359542847,0.17695951461791992,1.0575352568893754
7027,141,46,0.5,0.2,-0.5136414766311646,0.020902566611766815,1.0293419906878667
7028,141,47,0.5,0.2,-0.46914881467819214,0.2380707710981369,0.9698962875504533
7029,141,48,0.5,0.2,-0.5846582651138306,0.014386987313628197,1.1004252553255292
7030,142,0,0.6,0.2,-0.3776956796646118,0.27077192068099976,0.9802537971320106
7031,142,1,0.6,0.2,-0.44315609335899353,0.2458505630493164,1.0441632579457758
7032,142,2,0.6,0.2,-0.3422057330608368,0.14629876613616943,0.9437348493783657
7033,142,3,0.6,0.2,-0.48279136419296265,0.20250719785690308,1.082794266890969
7034,142,4,0.6,0.2,-0.3515141010284424,0.17326949536800385,0.9518894916605846
7035,142,5,0.6,0.2,-0.35417404770851135,0.2680204510688782,0.956595470971956
7036,142,6,0.6,0.2,-0.3573644459247589,0.2745280861854553,0.9602609634632073
7037,142,7,0.6,0.2,-0.3927582800388336,0.2442415952682495,0.9937435893315452
7038,142,8,0.6,0.2,-0.3662669360637665,0.194242924451828,0.9662840864098541
7039,142,9,0.6,0.2,-0.4854285717010498,0.4415142834186554,1.1119731711512684
7040,142,10,0.6,0.2,-0.3424794673919678,0.23831166326999664,0.9432578279547755
7041,142,11,0.6,0.2,-0.4287957549095154,0.14191767573356628,1.030434016185428
7042,142,12,0.6,0.2,-0.3270286023616791,0.21153274178504944,0.9271003363874531
7043,142,13,0.6,0.2,-0.3750513792037964,0.26013264060020447,0.976903847137874
7044,142,14,0.6,0.2,-0.3937860429286957,0.1603790670633316,0.9945755463747574
7045,142,15,0.6,0.2,-0.4023282527923584,0.3155841529369354,1.0089705757632037
7046,142,16,0.6,0.2,-0.40614303946495056,0.20755243301391602,1.0061713845604032
7047,142,17,0.6,0.2,-0.32924383878707886,0.25230932235717773,0.9307149816830144
7048,142,18,0.6,0.2,-0.41643965244293213,0.22452367842197418,1.0167354512662834
7049,142,19,0.6,0.2,-0.356279194355011,0.20975321531295776,0.9563289302144999
7050,142,20,0.6,0.2,-0.3336716592311859,0.22474105656147003,0.9339994042456845
7051,142,21,0.6,0.2,-0.2591384947299957,0.10015477985143661,0.864920817828683
7052,142,22,0.6,0.2,-0.3752269148826599,0.3060201406478882,0.9809728873595583
7053,142,23,0.6,0.2,-0.4053763151168823,0.28348100185394287,1.0088362665311645
7054,142,24,0.6,0.2,-0.41114580631256104,0.44520989060401917,1.0404536184153115
7055,142,25,0.6,0.2,-0.3843279778957367,0.2786104083061218,0.9874619812237659
7056,142,26,0.6,0.2,-0.3749321699142456,0.23439598083496094,0.9755387329221216
7057,142,27,0.6,0.2,-0.35387930274009705,0.18614958226680756,0.9539798521286064
7058,142,28,0.6,0.2,-0.40120553970336914,0.24081286787986755,1.0020370366993898
7059,142,29,0.6,0.2,-0.3317100703716278,0.2292492538690567,0.9321690694738805
7060,142,30,0.6,0.2,-0.38379037380218506,0.18535378575325012,0.9838993907801776
7061,142,31,0.6,0.2,-0.35921263694763184,0.1840057075023651,0.9593459752730134
7062,142,32,0.6,0.2,-0.32338786125183105,0.19419893622398376,0.9234060832852273
7063,142,33,0.6,0.2,-0.3412223756313324,0.1497505009174347,0.9425627684919119
7064,142,34,0.6,0.2,-0.3484576940536499,0.2577391564846039,0.9502135589440516
7065,142,35,0.6,0.2,-0.3291383981704712,0.21185748279094696,0.9292140565299939
7066,142,36,0.6,0.2,-0.342063307762146,0.21064886450767517,0.9421234919834335
7067,142,37,0.6,0.2,-0.34876781702041626,0.12507468461990356,0.9517216890974446
7068,142,38,0.6,0.2,-0.32274699211120605,0.21292442083358765,0.9228375003781336
7069,142,39,0.6,0.2,-0.38864535093307495,0.1809990406036377,0.9888279255662055
7070,142,40,0.6,0.2,-0.35900038480758667,0.19202348589897156,0.9590335566800064
7071,142,41,0.6,0.2,-0.3714461326599121,0.2385273277759552,0.9722098249068745
7072,142,42,0.6,0.2,-0.34799838066101074,0.15020039677619934,0.9493054988870266
7073,142,43,0.6,0.2,-0.36493921279907227,0.2806962728500366,0.968307581736909
7074,142,44,0.6,0.2,-0.3890124559402466,0.23142874240875244,0.9895116997056447
7075,142,45,0.6,0.2,-0.30306169390678406,0.17571547627449036,0.9033881563837135
7076,142,46,0.6,0.2,-0.3921642601490021,0.17819064855575562,0.9924039333494377
7077,142,47,0.6,0.2,-0.3780200481414795,0.24966871738433838,0.9792804481114014
7078,142,48,0.6,0.2,-0.3525068163871765,0.245823472738266,0.9536084237871586
7079,143,0,0.8,0.2,0.05528457835316658,0.18911346793174744,0.7447949891205593
7080,143,1,0.8,0.2,-0.17238843441009521,0.1798640787601471,0.9725968963032391
7081,143,2,0.8,0.2,-0.15801756083965302,0.20183399319648743,0.9580193163022357
7082,143,3,0.8,0.2,-0.13425718247890472,0.376366525888443,0.950758452219795
7083,143,4,0.8,0.2,-0.03792540729045868,0.38595542311668396,0.8583113698241368
7084,143,5,0.8,0.2,-0.0007437418680638075,0.23233163356781006,0.8013962033039785
7085,143,6,0.8,0.2,-0.009571343660354614,0.268135130405426,0.8124334781823042
7086,143,7,0.8,0.2,-0.17543314397335052,0.3305102586746216,0.9841253710686723
7087,143,8,0.8,0.2,0.09204890578985214,0.32496893405914307,0.7188963668521522
7088,143,9,0.8,0.2,-0.15116076171398163,0.26756489276885986,0.9535574494277674
7089,143,10,0.8,0.2,-0.010432638227939606,0.34829920530319214,0.8238893829869741
7090,143,11,0.8,0.2,-0.29414859414100647,0.1910771131515503,1.094184977035625
7091,143,12,0.8,0.2,0.020016271620988846,0.1678961217403412,0.7806441414212586
7092,143,13,0.8,0.2,-0.18828633427619934,0.2607853412628174,0.9901538952251437
7093,143,14,0.8,0.2,-0.05022118613123894,0.37219464778900146,0.867483176824536
7094,143,15,0.8,0.2,0.2590135633945465,0.26025834679603577,0.5443320612913204
7095,143,16,0.8,0.2,0.05410380661487579,0.3573533892631531,0.7623130724440058
7096,143,17,0.8,0.2,-0.1398557722568512,0.3726516664028168,0.9555822678117211
7097,143,18,0.8,0.2,-0.22769007086753845,0.21833430230617523,1.0278536026111795
7098,143,19,0.8,0.2,0.03620276600122452,0.2497292160987854,0.7654144038349291
7099,143,20,0.8,0.2,-0.14479003846645355,0.11461763828992844,0.9486402713761589
7100,143,21,0.8,0.2,-0.04701433330774307,0.20065928995609283,0.847014589893236
7101,143,22,0.8,0.2,0.10000796616077423,0.35619670152664185,0.7172072622374781
7102,143,23,0.8,0.2,-0.16673992574214935,0.2758655250072479,0.9697121541512006
7103,143,24,0.8,0.2,0.006041780114173889,0.5069741606712341,0.8512360367395629
7104,143,25,0.8,0.2,0.0638878345489502,0.26915425062179565,0.7393533867536524
7105,143,26,0.8,0.2,0.07041703909635544,0.22145099937915802,0.7298982410002738
7106,143,27,0.8,0.2,-0.09042440354824066,0.343573659658432,0.9019251710546476
7107,143,28,0.8,0.2,-0.024629918858408928,0.23433196544647217,0.8253442838766402
7108,143,29,0.8,0.2,0.08682922273874283,0.2880656123161316,0.7185875796394208
7109,143,30,0.8,0.2,-0.1334272027015686,0.38848406076431274,0.9522670759327345
7110,143,31,0.8,0.2,-0.17313598096370697,0.27866458892822266,0.9763102759868107
7111,143,32,0.8,0.2,0.03221660852432251,0.37677013874053955,0.7878699246552333
7112,143,33,0.8,0.2,0.1276518702507019,0.365902841091156,0.6925140866866871
7113,143,34,0.8,0.2,0.10777107626199722,0.3780859112739563,0.7147695255491445
7114,143,35,0.8,0.2,-0.31072700023651123,0.3455207943916321,1.120219072616946
7115,143,36,0.8,0.2,-0.04072556644678116,0.4082127809524536,0.8661247255616338
7116,143,37,0.8,0.2,0.0995698943734169,0.3510350286960602,0.7165290732142598
7117,143,38,0.8,0.2,0.07327847182750702,0.3453461825847626,0.7411138187224191
7118,143,39,0.8,0.2,0.2504064738750458,0.3857264220714569,0.5801270100710065
7119,143,40,0.8,0.2,0.16995733976364136,0.40675032138824463,0.663098370614685
7120,143,41,0.8,0.2,0.08159026503562927,0.3320227265357971,0.7304399685213859
7121,143,42,0.8,0.2,-0.013344720005989075,0.41372719407081604,0.8409571612436659
7122,143,43,0.8,0.2,0.2355746477842331,0.3700571656227112,0.5894874195464419
7123,143,44,0.8,0.2,-0.1836894154548645,0.25321781635284424,0.9851279115197672
7124,143,45,0.8,0.2,-0.015690743923187256,0.17118129134178162,0.8161996739099385
7125,143,46,0.8,0.2,-0.08074699342250824,0.376271516084671,0.8982131783744749
7126,143,47,0.8,0.2,-0.042540062218904495,0.32250717282295227,0.85139988479968
7127,143,48,0.8,0.2,-0.023310720920562744,0.24346618354320526,0.8244573077452515
7128,143,49,0.8,0.2,-0.042314764112234116,0.34617820382118225,0.8549048070480337
7129,144,0,1.0,0.2,-0.01529205683618784,0.39281952381134033,1.0334395625470747
7130,144,1,1.0,0.2,-0.04468713700771332,0.3626208007335663,1.0572685274142037
7131,144,2,1.0,0.2,0.107064388692379,0.41454049944877625,0.9183472283646557
7132,144,3,1.0,0.2,-0.20862805843353271,0.41883397102355957,1.2282793210449938
7133,144,4,1.0,0.2,0.014002536423504353,0.3659301996231079,0.9998619051280269
7134,144,5,1.0,0.2,0.06326202303171158,0.4348016083240509,0.965717263367598
7135,144,6,1.0,0.2,-0.32383474707603455,0.43426230549812317,1.3444021962728134
7136,144,7,1.0,0.2,0.05303347483277321,0.4129105806350708,0.9706062616394224
7137,144,8,1.0,0.2,0.18748722970485687,0.3846587836742401,0.8332321814960929
7138,144,9,1.0,0.2,0.22740501165390015,0.3783717453479767,0.7929183410389709
7139,144,10,1.0,0.2,0.09705910086631775,0.3686496317386627,0.9185559131669281
7140,144,11,1.0,0.2,-0.19113223254680634,0.30279749631881714,1.1955598356675237
7141,144,12,1.0,0.2,-0.14487603306770325,0.4487289786338806,1.171583217661082
7142,144,13,1.0,0.2,0.08534949272871017,0.3625902533531189,0.9289893115300408
7143,144,14,1.0,0.2,-0.04698306322097778,0.41756168007850647,1.069348689301186
7144,144,15,1.0,0.2,-0.12928272783756256,0.461344450712204,1.1591291564404331
7145,144,16,1.0,0.2,-0.04146791249513626,0.42061683535575867,1.064578414584556
7146,144,17,1.0,0.2,0.18906962871551514,0.4067002236843109,0.8368590380361179
7147,144,18,1.0,0.2,-0.09375191479921341,0.408174604177475,1.1133866879711622
7148,144,19,1.0,0.2,0.0704537034034729,0.4071854054927826,0.9523560834926857
7149,144,20,1.0,0.2,-0.21835309267044067,0.427261084318161,1.239367523725345
7150,144,21,1.0,0.2,0.12577734887599945,0.41945305466651917,0.9013461526742887
7151,144,22,1.0,0.2,-0.05229318141937256,0.34414926171302795,1.0621204966076663
7152,144,23,1.0,0.2,0.011814484372735023,0.45231303572654724,1.0198884651240396
7153,144,24,1.0,0.2,0.18191614747047424,0.4134342670440674,0.8454675488262037
7154,144,25,1.0,0.2,0.12931644916534424,0.4135136008262634,0.896480843873332
7155,144,26,1.0,0.2,-0.05849487707018852,0.46794357895851135,1.091881479964254
7156,144,27,1.0,0.2,-0.14622199535369873,0.40199053287506104,1.1638836015700906
7157,144,28,1.0,0.2,0.16572017967700958,0.37551599740982056,0.8525424821936589
7158,144,29,1.0,0.2,0.18306264281272888,0.42654210329055786,0.8477664596641181
7159,144,30,1.0,0.2,-0.031633324921131134,0.3642117977142334,1.0446209032928493
7160,144,31,1.0,0.2,0.1752530038356781,0.3735295534133911,0.8428049083802983
7161,144,32,1.0,0.2,0.06642958521842957,0.41519537568092346,0.9580515482320809
7162,144,33,1.0,0.2,0.013913383707404137,0.37647855281829834,1.001754208594215
7163,144,34,1.0,0.2,0.010701427236199379,0.415326327085495,1.0124609094718782
7164,144,35,1.0,0.2,0.0020387419499456882,0.4628801643848419,1.0320041925282322
7165,144,36,1.0,0.2,-0.144596666097641,0.4168311655521393,1.1649537683515745
7166,144,37,1.0,0.2,0.010415447875857353,0.24799668788909912,0.9907478326249639
7167,144,38,1.0,0.2,-0.04591064155101776,0.3994179368019104,1.0647518882951053
7168,144,39,1.0,0.2,-0.2335701733827591,0.30503398180007935,1.2380337273242397
7169,144,40,1.0,0.2,-0.2591066062450409,0.42408496141433716,1.2788915183947267
7170,144,41,1.0,0.2,0.15505415201187134,0.3848377764225006,0.86492686952435
7171,144,42,1.0,0.2,0.07168570905923843,0.4096072316169739,0.9516840937574719
7172,144,43,1.0,0.2,-0.0013186353025957942,0.44774746894836426,1.0315123934178267
7173,144,44,1.0,0.2,0.1935494840145111,0.4119715392589569,0.8338431316435201
7174,144,45,1.0,0.2,-0.05963123217225075,0.4169127941131592,1.0816050612145174
7175,144,46,1.0,0.2,-0.0293288491666317,0.4034835994243622,1.0492489956923459
7176,144,47,1.0,0.2,-0.08716551214456558,0.40002021193504333,1.1054125636969643
7177,144,48,1.0,0.2,-0.003671681508421898,0.41722577810287476,1.0269098708914735
7178,145,0,-0.5,0.3,-0.4034915566444397,0.5970311164855957,0.31231612798508007
7179,145,1,-0.5,0.3,-0.40714308619499207,0.5595165491104126,0.27562881871017747
7180,145,2,-0.5,0.3,-0.3785765469074249,0.5541666746139526,0.28168129764902683
7181,145,3,-0.5,0.3,-0.3652264177799225,0.5812989473342896,0.31191828454871223
7182,145,4,-0.5,0.3,-0.40140268206596375,0.6072118282318115,0.3226461506190915
7183,145,5,-0.5,0.3,-0.37335607409477234,0.5746512413024902,0.3024433638182321
7184,145,6,-0.5,0.3,-0.35967615246772766,0.5128337740898132,0.25492939724475494
7185,145,7,-0.5,0.3,-0.39259621500968933,0.5943642854690552,0.3133463029779549
7186,145,8,-0.5,0.3,-0.39425504207611084,0.575725793838501,0.2953078216271906
7187,145,9,-0.5,0.3,-0.37685608863830566,0.5332953929901123,0.2638013709135489
7188,145,10,-0.5,0.3,-0.40405604243278503,0.5861638784408569,0.30181949625226845
7189,145,11,-0.5,0.3,-0.4212820827960968,0.5813064575195312,0.2921127068977117
7190,145,12,-0.5,0.3,-0.3683072030544281,0.509337306022644,0.247315790964034
7191,145,13,-0.5,0.3,-0.3875752389431,0.6105080842971802,0.33023415527865346
7192,145,14,-0.5,0.3,-0.39764246344566345,0.5582540035247803,0.27779884021725065
7193,145,15,-0.5,0.3,-0.3826879858970642,0.585376501083374,0.3085479800994918
7194,145,16,-0.5,0.3,-0.4013859033584595,0.606156587600708,0.3216466946631616
7195,145,17,-0.5,0.3,-0.3790077269077301,0.5402005910873413,0.26895251273550613
7196,145,18,-0.5,0.3,-0.3897401690483093,0.5137706398963928,0.2405309061289394
7197,145,19,-0.5,0.3,-0.37797269225120544,0.5685151815414429,0.2949424800781553
7198,145,20,-0.5,0.3,-0.4277118444442749,0.6155028343200684,0.3236782598470976
7199,145,21,-0.5,0.3,-0.3726220428943634,0.4651309549808502,0.20855065631470207
7200,145,22,-0.5,0.3,-0.39770689606666565,0.5793014764785767,0.2974444382997081
7201,145,23,-0.5,0.3,-0.40049612522125244,0.5995521545410156,0.31564618544526907
7202,145,24,-0.5,0.3,-0.41114118695259094,0.561021089553833,0.27573156846481056
7203,145,25,-0.5,0.3,-0.3766021132469177,0.5428479909896851,0.2724007804373047
7204,145,26,-0.5,0.3,-0.3907396197319031,0.5982246398925781,0.3176094559917684
7205,145,27,-0.5,0.3,-0.38443031907081604,0.5054789781570435,0.23574978603285335
7206,145,28,-0.5,0.3,-0.416780948638916,0.576513409614563,0.28876474197192054
7207,145,29,-0.5,0.3,-0.38145318627357483,0.531318724155426,0.25992633415947264
7208,145,30,-0.5,0.3,-0.3952508866786957,0.5579205751419067,0.2783799558573343
7209,145,31,-0.5,0.3,-0.384035587310791,0.5593389272689819,0.2840852410939003
7210,145,32,-0.5,0.3,-0.40952566266059875,0.5802526473999023,0.2944947403463392
7211,145,33,-0.5,0.3,-0.3827625811100006,0.5478943586349487,0.27421930171127956
7212,145,34,-0.5,0.3,-0.38031429052352905,0.5587166547775269,0.2850596016838588
7213,145,35,-0.5,0.3,-0.3873358368873596,0.5391417741775513,0.2643520414270686
7214,145,36,-0.5,0.3,-0.3723219931125641,0.5669683218002319,0.29592863715358864
7215,145,37,-0.5,0.3,-0.3974493741989136,0.5882444381713867,0.3059436009936028
7216,145,38,-0.5,0.3,-0.3808991611003876,0.5998086929321289,0.32259922843097905
7217,145,39,-0.5,0.3,-0.40954843163490295,0.6232038736343384,0.33562215384558153
7218,145,40,-0.5,0.3,-0.37056946754455566,0.5680886507034302,0.2976974762534705
7219,145,41,-0.5,0.3,-0.3868379592895508,0.5982036590576172,0.31895308390593274
7220,145,42,-0.5,0.3,-0.37572017312049866,0.569023609161377,0.2963430067597549
7221,145,43,-0.5,0.3,-0.3847216069698334,0.5483126640319824,0.2737668479167588
7222,145,44,-0.5,0.3,-0.4180671274662018,0.4885500967502594,0.20558242771738008
7223,145,45,-0.5,0.3,-0.4112027585506439,0.618478536605835,0.33062596444866427
7224,145,46,-0.5,0.3,-0.3777543008327484,0.5924273729324341,0.3169507523339471
7225,145,47,-0.5,0.3,-0.4045696258544922,0.5839202404022217,0.29952906239563293
7226,145,48,-0.5,0.3,-0.3728359341621399,0.5525221824645996,0.282733358974671
7227,146,0,-0.4,0.3,-0.08632195740938187,0.4336078464984894,0.3409471675339825
7228,146,1,-0.4,0.3,0.07270661741495132,0.2503490447998047,0.47530702025130767
7229,146,2,-0.4,0.3,-0.11312926560640335,0.4641905725002289,0.3305349638835117
7230,146,3,-0.4,0.3,-0.1131068766117096,0.42887622117996216,0.31451032516137745
7231,146,4,-0.4,0.3,-0.09599469602108002,0.4179036617279053,0.32606824177795035
7232,146,5,-0.4,0.3,-0.14748193323612213,0.4330237805843353,0.2854132096507022
7233,146,6,-0.4,0.3,-0.1207069605588913,0.4610815942287445,0.32241569732183734
7234,146,7,-0.4,0.3,-0.103814035654068,0.40905994176864624,0.31562667246940684
7235,146,8,-0.4,0.3,-0.09069517254829407,0.4296707212924957,0.3353863030081069
7236,146,9,-0.4,0.3,-0.10076374560594559,0.4321386516094208,0.32711306790304046
7237,146,10,-0.4,0.3,-0.059320494532585144,0.5153365135192871,0.4030289561559622
7238,146,11,-0.4,0.3,-0.11415079981088638,0.4221450388431549,0.31085233755394504
7239,146,12,-0.4,0.3,-0.1394973248243332,0.4288738965988159,0.29063744596703517
7240,146,13,-0.4,0.3,-0.0988839715719223,0.4014967978000641,0.317761644224041
7241,146,14,-0.4,0.3,-0.09890032559633255,0.41201749444007874,0.3212614713697048
7242,146,15,-0.4,0.3,-0.13736692070960999,0.407970130443573,0.28396070750291225
7243,146,16,-0.4,0.3,-0.11095239967107773,0.4045058786869049,0.3073597142372931
7244,146,17,-0.4,0.3,-0.3239782452583313,0.4097271263599396,0.13348913608684634
7245,146,18,-0.4,0.3,-0.1280931681394577,0.42333802580833435,0.2985725938908904
7246,146,19,-0.4,0.3,-0.1527014821767807,0.4667934775352478,0.29828949204734373
7247,146,20,-0.4,0.3,-0.08760858327150345,0.43284937739372253,0.3394662786191538
7248,146,21,-0.4,0.3,-0.3542576730251312,0.40103694796562195,0.11090908588246325
7249,146,22,-0.4,0.3,-0.10087103396654129,0.4071164131164551,0.3177295458077218
7250,146,23,-0.4,0.3,-0.12525823712348938,0.4100416302680969,0.2959597889250385
7251,146,24,-0.4,0.3,-0.10047175735235214,0.43677449226379395,0.329278650807499
7252,146,25,-0.4,0.3,-0.11759155243635178,0.40679675340652466,0.30192727235790395
7253,146,26,-0.4,0.3,-0.29021310806274414,0.43213874101638794,0.1717958338221237
7254,146,27,-0.4,0.3,-0.09451831132173538,0.43312039971351624,0.33322680405035027
7255,146,28,-0.4,0.3,-0.08422814309597015,0.4078904390335083,0.33369478936216895
7256,146,29,-0.4,0.3,-0.11417760699987411,0.43369194865226746,0.31554393905565503
7257,146,30,-0.4,0.3,-0.052652157843112946,0.395163357257843,0.3601480084848861
7258,146,31,-0.4,0.3,-0.10674624145030975,0.40465039014816284,0.3113671001594143
7259,146,32,-0.4,0.3,-0.11671340465545654,0.4470846652984619,0.31919460187770043
7260,146,33,-0.4,0.3,-0.04477059468626976,0.4030225872993469,0.36986698135059043
7261,146,34,-0.4,0.3,-0.10394784808158875,0.41346627473831177,0.3170512137786451
7262,146,35,-0.4,0.3,-0.21530798077583313,0.42518380284309387,0.22311908582494377
7263,146,36,-0.4,0.3,-0.09846428781747818,0.40521854162216187,0.31936613349338605
7264,146,37,-0.4,0.3,-0.07417725026607513,0.42757275700569153,0.34990752003094916
7265,146,38,-0.4,0.3,-0.1239679679274559,0.409265398979187,0.2968713696943155
7266,146,39,-0.4,0.3,-0.10230865329504013,0.4346558153629303,0.3267297453769219
7267,146,40,-0.4,0.3,-0.13260258734226227,0.4765334725379944,0.3204144865988042
7268,146,41,-0.4,0.3,-0.08193343877792358,0.4107261002063751,0.3367886676159831
7269,146,42,-0.4,0.3,-0.1323091983795166,0.42454856634140015,0.2952468639120747
7270,146,43,-0.4,0.3,-0.04455188661813736,0.3822104036808014,0.36483134703597747
7271,146,44,-0.4,0.3,-0.08222223073244095,0.43462273478507996,0.34511735882403827
7272,146,45,-0.4,0.3,-0.14146766066551208,0.41805514693260193,0.28421116832214927
7273,146,46,-0.4,0.3,-0.036853305995464325,0.3964865207672119,0.37574615108632253
7274,146,47,-0.4,0.3,-0.13407374918460846,0.4132350981235504,0.28903106808746465
7275,146,48,-0.4,0.3,-0.11621467024087906,0.410556823015213,0.3045602149029156
7276,146,49,-0.4,0.3,-0.06553711742162704,0.39274707436561584,0.3470841967390846
7277,147,0,-0.3,0.3,-0.38728460669517517,0.15456515550613403,0.16961691118189362
7278,147,1,-0.3,0.3,-0.37883588671684265,0.14430376887321472,0.17451765934001118
7279,147,2,-0.3,0.3,-0.3923381567001343,0.1390482783317566,0.18555805531086558
7280,147,3,-0.3,0.3,-0.3770390450954437,0.15181489288806915,0.16701449170354118
7281,147,4,-0.3,0.3,-0.3837747871875763,0.1684788167476654,0.1559360016558648
7282,147,5,-0.3,0.3,-0.3764162063598633,0.15413714945316315,0.1646675674323334
7283,147,6,-0.3,0.3,-0.3903965950012207,0.1479155570268631,0.1769215141871221
7284,147,7,-0.3,0.3,-0.43021318316459656,0.18322628736495972,0.17490446830320755
7285,147,8,-0.3,0.3,-0.3843808174133301,0.1556740254163742,0.16718286182158487
7286,147,9,-0.3,0.3,-0.38249441981315613,0.15164445340633392,0.16974892490208787
7287,147,10,-0.3,0.3,-0.3763803541660309,0.14744725823402405,0.17060567846014052
7288,147,11,-0.3,0.3,-0.3788917362689972,0.14575150609016418,0.17325271693393343
7289,147,12,-0.3,0.3,-0.37916940450668335,0.1480015218257904,0.1713806639537218
7290,147,13,-0.3,0.3,-0.3422403633594513,0.14526289701461792,0.1603989380795497
7291,147,14,-0.3,0.3,-0.3893592059612274,0.15759889781475067,0.16811645247742674
7292,147,15,-0.3,0.3,-0.38312554359436035,0.15431465208530426,0.1677321573070705
7293,147,16,-0.3,0.3,-0.3791608214378357,0.16021156311035156,0.16064632812101287
7294,147,17,-0.3,0.3,-0.44247063994407654,0.1757991909980774,0.1890072067483321
7295,147,18,-0.3,0.3,-0.3847736418247223,0.153288796544075,0.1694424609350092
7296,147,19,-0.3,0.3,-0.3775395452976227,0.1505204439163208,0.1683939392375387
7297,147,20,-0.3,0.3,-0.385488897562027,0.15474478900432587,0.16854503234378804
7298,147,21,-0.3,0.3,-0.4401191473007202,0.17722366750240326,0.1862992304381351
7299,147,22,-0.3,0.3,-0.3871997892856598,0.15299105644226074,0.17092522557371698
7300,147,23,-0.3,0.3,-0.3820846974849701,0.157557412981987,0.16440130217727372
7301,147,24,-0.3,0.3,-0.3924980163574219,0.1557578593492508,0.1713524968291049
7302,147,25,-0.3,0.3,-0.3884719908237457,0.1475268006324768,0.17628207420405917
7303,147,26,-0.3,0.3,-0.39339974522590637,0.14726078510284424,0.17903290249466366
7304,147,27,-0.3,0.3,-0.3897901475429535,0.15063506364822388,0.17427608788114188
7305,147,28,-0.3,0.3,-0.39879438281059265,0.14770229160785675,0.18153490588981563
7306,147,29,-0.3,0.3,-0.3790156841278076,0.15331465005874634,0.16661353554130443
7307,147,30,-0.3,0.3,-0.3834238052368164,0.14265619218349457,0.17809156391695727
7308,147,31,-0.3,0.3,-0.38538601994514465,0.15420205891132355,0.16896097782556127
7309,147,32,-0.3,0.3,-0.38999655842781067,0.15892793238162994,0.1673341232115324
7310,147,33,-0.3,0.3,-0.3817157745361328,0.15579114854335785,0.1657518043536298
7311,147,34,-0.3,0.3,-0.38290852308273315,0.15048113465309143,0.1709669976761219
7312,147,35,-0.3,0.3,-0.44121232628822327,0.1842801421880722,0.18257055235646416
7313,147,36,-0.3,0.3,-0.3851489722728729,0.15310385823249817,0.16979052961017724
7314,147,37,-0.3,0.3,-0.3779265880584717,0.1477566510438919,0.17102803988763374
7315,147,38,-0.3,0.3,-0.3833239674568176,0.15002699196338654,0.17156569206078157
7316,147,39,-0.3,0.3,-0.44367921352386475,0.15806782245635986,0.20196152955727906
7317,147,40,-0.3,0.3,-0.3925018012523651,0.13687677681446075,0.18752538275489883
7318,147,41,-0.3,0.3,-0.38634878396987915,0.15685543417930603,0.16717200488440595
7319,147,42,-0.3,0.3,-0.38536810874938965,0.14190465211868286,0.17967151419510635
7320,147,43,-0.3,0.3,-0.3957398533821106,0.14995497465133667,0.1779877219290956
7321,147,44,-0.3,0.3,-0.3872474730014801,0.15100330114364624,0.17266191767507671
7322,147,45,-0.3,0.3,-0.39034849405288696,0.14869424700737,0.17622792419560332
7323,147,46,-0.3,0.3,-0.38834336400032043,0.1553162932395935,0.16952263850242658
7324,147,47,-0.3,0.3,-0.38492101430892944,0.15371635556221008,0.1691463369430717
7325,147,48,-0.3,0.3,-0.38410040736198425,0.15153932571411133,0.17062664014705448
7326,147,49,-0.3,0.3,-0.37644702196121216,0.1721191257238388,0.1489888088829943
7327,148,0,-0.2,0.3,-0.3149183690547943,0.2730773091316223,0.11802992345082722
7328,148,1,-0.2,0.3,-0.3504193425178528,0.24681448936462402,0.15954521974991542
7329,148,2,-0.2,0.3,-0.30212974548339844,0.2741193175315857,0.1053579358071077
7330,148,3,-0.2,0.3,-0.2550187408924103,0.16336679458618164,0.14729458466298365
7331,148,4,-0.2,0.3,-0.26517677307128906,0.2237948328256607,0.10027581588825547
7332,148,5,-0.2,0.3,-0.32491329312324524,0.28888818621635437,0.12540655168074832
7333,148,6,-0.2,0.3,-0.31239810585975647,0.1799827665090561,0.16443074692915788
7334,148,7,-0.2,0.3,-0.31333085894584656,0.34057629108428955,0.12037574085986082
7335,148,8,-0.2,0.3,-0.2869627773761749,0.30052000284194946,0.08696433206742747
7336,148,9,-0.2,0.3,-0.3567359745502472,0.2784346342086792,0.1582126123920884
7337,148,10,-0.2,0.3,-0.3420645296573639,0.31654393672943115,0.14302458679987662
7338,148,11,-0.2,0.3,-0.301321417093277,0.2726382613182068,0.10495091379059325
7339,148,12,-0.2,0.3,-0.2955265939235687,0.3128702938556671,0.09638970178691092
7340,148,13,-0.2,0.3,-0.31052136421203613,0.2685079574584961,0.11492049726104317
7341,148,14,-0.2,0.3,-0.2862328886985779,0.3111823499202728,0.08695490810207751
7342,148,15,-0.2,0.3,-0.30028045177459717,0.252608060836792,0.11091512478362234
7343,148,16,-0.2,0.3,-0.2929883301258087,0.2679547071456909,0.09835512357627747
7344,148,17,-0.2,0.3,-0.3706247806549072,0.29362359642982483,0.17074388509116495
7345,148,18,-0.2,0.3,-0.2985854744911194,0.24928076565265656,0.1108672021538376
7346,148,19,-0.2,0.3,-0.31732243299484253,0.2842644453048706,0.11837297396531322
7347,148,20,-0.2,0.3,-0.28356051445007324,0.18235382437705994,0.14430170551266727
7348,148,21,-0.2,0.3,-0.313530832529068,0.27800440788269043,0.11564193014358733
7349,148,22,-0.2,0.3,-0.3350652754306793,0.24968332052230835,0.14413326077219657
7350,148,23,-0.2,0.3,-0.2563711702823639,0.17465434968471527,0.1374381347805801
7351,148,24,-0.2,0.3,-0.31393980979919434,0.2776990234851837,0.11610173905067471
7352,148,25,-0.2,0.3,0.14790241420269012,0.12652361392974854,0.38875460940296913
7353,148,26,-0.2,0.3,-0.29450973868370056,0.26679614186286926,0.10017278523257735
7354,148,27,-0.2,0.3,-0.2163139134645462,0.2690962553024292,0.03494546049004557
7355,148,28,-0.2,0.3,-0.3351629972457886,0.32666394114494324,0.13776792653533712
7356,148,29,-0.2,0.3,-0.30946239829063416,0.25613933801651,0.11792274720836259
7357,148,30,-0.2,0.3,-0.24917247891426086,0.2361263483762741,0.08060878397744584
7358,148,31,-0.2,0.3,-0.30809536576271057,0.25593358278274536,0.11673241720164683
7359,148,32,-0.2,0.3,-0.3213046193122864,0.28247547149658203,0.12256394153977682
7360,148,33,-0.2,0.3,-0.28543031215667725,0.26277387142181396,0.09318864138996207
7361,148,34,-0.2,0.3,-0.2947799265384674,0.3004211187362671,0.09478086207472114
7362,148,35,-0.2,0.3,-0.33043792843818665,0.29024434089660645,0.13080224027052106
7363,148,36,-0.2,0.3,-0.32924318313598633,0.300861656665802,0.12924605541111042
7364,148,37,-0.2,0.3,-0.31839796900749207,0.27096521854400635,0.12190610156713388
7365,148,38,-0.2,0.3,-0.27031978964805603,0.23202161490917206,0.09780559112700941
7366,148,39,-0.2,0.3,-0.32149896025657654,0.2806214690208435,0.12303464880406369
7367,148,40,-0.2,0.3,-0.3302503526210785,0.27744653820991516,0.1321885509287098
7368,148,41,-0.2,0.3,-0.3334255516529083,0.31958481669425964,0.1348552664111812
7369,148,42,-0.2,0.3,-0.3431107997894287,0.2785468101501465,0.14470984890844094
7370,148,43,-0.2,0.3,-0.3323509693145752,0.24442099034786224,0.1435472235622133
7371,148,44,-0.2,0.3,-0.32851389050483704,0.2920103073120117,0.12876201008813792
7372,148,45,-0.2,0.3,-0.33001264929771423,0.2718361020088196,0.13302817042817677
7373,148,46,-0.2,0.3,-0.3147357702255249,0.25373339653015137,0.12371295633797073
7374,148,47,-0.2,0.3,-0.2701355516910553,0.20639808475971222,0.1169628750829027
7375,148,48,-0.2,0.3,-0.31439828872680664,0.22060829401016235,0.1392480213274093
7376,148,49,-0.2,0.3,-0.34449994564056396,0.3533817231655121,0.15404493713928188
7377,149,0,-0.1,0.3,-0.02875697612762451,0.23138993978500366,0.09890858816698016
7378,149,1,-0.1,0.3,-0.016675470396876335,0.3192581534385681,0.08552107171595352
7379,149,2,-0.1,0.3,-0.03718255087733269,0.26853764057159424,0.07025604582582975
7380,149,3,-0.1,0.3,-0.03474515303969383,0.20640259981155396,0.11409937937538968
7381,149,4,-0.1,0.3,-0.03092377819120884,0.22275175154209137,0.10362826018607134
7382,149,5,-0.1,0.3,-0.033425845205783844,0.22501152753829956,0.10027656300803024
7383,149,6,-0.1,0.3,-0.030200285837054253,0.25358718633651733,0.08382212935371
7384,149,7,-0.1,0.3,-0.028827054426074028,0.21017082035541534,0.11460745916949773
7385,149,8,-0.1,0.3,-0.04120756313204765,0.23583796620368958,0.08702480803627803
7386,149,9,-0.1,0.3,-0.03739349916577339,0.23119953274726868,0.09302192344227339
7387,149,10,-0.1,0.3,-0.07001034170389175,0.2623478174209595,0.048135916504027806
7388,149,11,-0.1,0.3,-0.04402461275458336,0.1689276546239853,0.14252439685767357
7389,149,12,-0.1,0.3,-0.03259900212287903,0.20699913799762726,0.11485667089035813
7390,149,13,-0.1,0.3,-0.03806189075112343,0.21608306467533112,0.10429947944074519
7391,149,14,-0.1,0.3,-0.027519868686795235,0.276388943195343,0.07622894095166313
7392,149,15,-0.1,0.3,-0.07241108268499374,0.17613019049167633,0.126904996222539
7393,149,16,-0.1,0.3,-0.040192410349845886,0.21711836755275726,0.10220720511236506
7394,149,17,-0.1,0.3,-0.035314638167619705,0.24754194915294647,0.08328291021607022
7395,149,18,-0.1,0.3,-0.03290902078151703,0.24656447768211365,0.08577035931999027
7396,149,19,-0.1,0.3,-0.027362344786524773,0.26494264602661133,0.08065511157097965
7397,149,20,-0.1,0.3,-0.02752607688307762,0.38013818860054016,0.10804905739585757
7398,149,21,-0.1,0.3,-0.03840547800064087,0.21132482588291168,0.1079683826174379
7399,149,22,-0.1,0.3,-0.036893196403980255,0.24524153769016266,0.08355212657164679
7400,149,23,-0.1,0.3,-0.055831074714660645,0.16389894485473633,0.14308875278132796
7401,149,24,-0.1,0.3,-0.04408654198050499,0.19977670907974243,0.11476507670273398
7402,149,25,-0.1,0.3,-0.03088582307100296,0.24015282094478607,0.09142458254451886
7403,149,26,-0.1,0.3,-0.03800385072827339,0.17906586825847626,0.13589917860163256
7404,149,27,-0.1,0.3,-0.029530514031648636,0.20915722846984863,0.11497111633763912
7405,149,28,-0.1,0.3,-0.031701087951660156,0.2219351977109909,0.10372489934152233
7406,149,29,-0.1,0.3,-0.034889210015535355,0.1757282167673111,0.14029572723441536
7407,149,30,-0.1,0.3,-0.03398720175027847,0.20950502157211304,0.11201352888567596
7408,149,31,-0.1,0.3,-0.04388945549726486,0.1833449900150299,0.12944799943987892
7409,149,32,-0.1,0.3,-0.04221918061375618,0.20097965002059937,0.11464577095989505
7410,149,33,-0.1,0.3,-0.03700615093111992,0.21317380666732788,0.1072707456353101
7411,149,34,-0.1,0.3,-0.039249639958143234,0.20309194922447205,0.11437559420753857
7412,149,35,-0.1,0.3,-0.029107920825481415,0.23754698038101196,0.09447786274686741
7413,149,36,-0.1,0.3,-0.03027365915477276,0.19348081946372986,0.12731103027539803
7414,149,37,-0.1,0.3,-0.0341779887676239,0.20394250750541687,0.11644560544315075
7415,149,38,-0.1,0.3,-0.03403204306960106,0.20253635942935944,0.11768998502359486
7416,149,39,-0.1,0.3,-0.03379439935088158,0.20164720714092255,0.11855991489745235
7417,149,40,-0.1,0.3,-0.03547479584813118,0.1927124410867691,0.12519633488405457
7418,149,41,-0.1,0.3,-0.03804798051714897,0.24238143861293793,0.08460467678750504
7419,149,42,-0.1,0.3,-0.08342526108026505,0.26693516969680786,0.03698655124820736
7420,149,43,-0.1,0.3,-0.032432980835437775,0.23156322538852692,0.09617117134570986
7421,149,44,-0.1,0.3,-0.037909816950559616,0.18580952286720276,0.1299794441399443
7422,149,45,-0.1,0.3,-0.03016280196607113,0.22837936878204346,0.10003373953466266
7423,149,46,-0.1,0.3,-0.03749803081154823,0.1654757410287857,0.1483350006039994
7424,149,47,-0.1,0.3,-0.037012822926044464,0.19620074331760406,0.12141527977797419
7425,149,48,-0.1,0.3,-0.09120780229568481,0.17242345213890076,0.1278791550825509
7426,149,49,-0.1,0.3,-0.045976657420396805,0.16795925796031952,0.14266491895999733
7427,150,0,0.0,0.3,0.01754051446914673,0.3023112416267395,0.01769213061503671
7428,150,1,0.0,0.3,0.0069671329110860825,0.31614741683006287,0.017586358670416587
7429,150,2,0.0,0.3,0.0395221933722496,0.2991180717945099,0.039532032155116054
7430,150,3,0.0,0.3,0.05562989413738251,0.2823483943939209,0.05836321017737927
7431,150,4,0.0,0.3,0.018871208652853966,0.28259551525115967,0.025671747221257958
7432,150,5,0.0,0.3,0.03270891308784485,0.29261982440948486,0.03353117932812718
7433,150,6,0.0,0.3,0.02273581176996231,0.2879713177680969,0.025721709373120155
7434,150,7,0.0,0.3,-0.015812544152140617,0.3376869261264801,0.04086980491054693
7435,150,8,0.0,0.3,0.03104701265692711,0.327181875705719,0.0412646502687294
7436,150,9,0.0,0.3,0.029351823031902313,0.2792361378669739,0.035953685290598884
7437,150,10,0.0,0.3,0.019984828308224678,0.2835032343864441,0.02591402396807217
7438,150,11,0.0,0.3,0.020361976698040962,0.3137137293815613,0.024549469823241816
7439,150,12,0.0,0.3,0.04037525877356529,0.2668761610984802,0.05222403876191686
7440,150,13,0.0,0.3,0.04450179263949394,0.24969470500946045,0.06716421854092937
7441,150,14,0.0,0.3,0.017749052494764328,0.2852037250995636,0.023107544555646405
7442,150,15,0.0,0.3,0.016533665359020233,0.2804660499095917,0.02559174273742663
7443,150,16,0.0,0.3,0.015221215784549713,0.28700828552246094,0.020011747925299358
7444,150,17,0.0,0.3,0.01859537698328495,0.2819795608520508,0.02589448343248855
7445,150,18,0.0,0.3,0.041037511080503464,0.3365761637687683,0.054971747941303495
7446,150,19,0.0,0.3,-0.005580322351306677,0.30010661482810974,0.005581340722986346
7447,150,20,0.0,0.3,0.013365187682211399,0.28366559743881226,0.0211054720111082
7448,150,21,0.0,0.3,0.012585697695612907,0.3094022572040558,0.015709940388702156
7449,150,22,0.0,0.3,0.038687486201524734,0.26076534390449524,0.05510063363996547
7450,150,23,0.0,0.3,0.015995128080248833,0.3031746447086334,0.016307130076430337
7451,150,24,0.0,0.3,0.011730598285794258,0.29665103554725647,0.01219928272680074
7452,150,25,0.0,0.3,-0.02775745466351509,0.16230274736881256,0.14046711241986198
7453,150,26,0.0,0.3,0.020522383973002434,0.27810996770858765,0.030005695420276837
7454,150,27,0.0,0.3,0.00513589009642601,0.2851814031600952,0.015683372704434546
7455,150,28,0.0,0.3,0.025484025478363037,0.2681722939014435,0.04077301104993286
7456,150,29,0.0,0.3,0.0028578401543200016,0.2817755341529846,0.0184471788021007
7457,150,30,0.0,0.3,0.017115863040089607,0.2812861502170563,0.025360617920423153
7458,150,31,0.0,0.3,0.03228557109832764,0.2524702548980713,0.05745811318342679
7459,150,32,0.0,0.3,-0.005846103187650442,0.3479042649269104,0.04825966763943029
7460,150,33,0.0,0.3,0.028382999822497368,0.2603960931301117,0.04872436883411289
7461,150,34,0.0,0.3,0.014835517853498459,0.284007728099823,0.021813879767493497
7462,150,35,0.0,0.3,0.032717227935791016,0.24096058309078217,0.067498664822224
7463,150,36,0.0,0.3,-0.040429335087537766,0.2682899236679077,0.05138151493102875
7464,150,37,0.0,0.3,-0.03325789049267769,0.2952677607536316,0.03359287674951061
7465,150,38,0.0,0.3,0.02865493856370449,0.2547687888145447,0.0535440750166901
7466,150,39,0.0,0.3,-0.005315462127327919,0.27613139152526855,0.02445331487032134
7467,150,40,0.0,0.3,-0.007181810215115547,0.30316951870918274,0.007850111261236845
7468,150,41,0.0,0.3,-0.003635038621723652,0.289102166891098,0.011488092628931162
7469,150,42,0.0,0.3,-0.006158287636935711,0.2827898859977722,0.018278745323159127
7470,150,43,0.0,0.3,0.021131020039319992,0.2710927128791809,0.03580713974317993
7471,150,44,0.0,0.3,0.026636525988578796,0.2630566358566284,0.04554466676758088
7472,150,45,0.0,0.3,0.015314076095819473,0.27076995372772217,0.03299873530528181
7473,150,46,0.0,0.3,-0.009381930343806744,0.30723029375076294,0.011844735737801983
7474,150,47,0.0,0.3,0.03010318987071514,0.26378577947616577,0.04709216292060943
7475,150,48,0.0,0.3,0.024724150076508522,0.265142560005188,0.042735520588822073
7476,150,49,0.0,0.3,0.021360058337450027,0.2672622799873352,0.039089773647424726
7477,151,0,0.1,0.3,-0.23014283180236816,0.12217200547456741,0.37498944655473176
7478,151,1,0.1,0.3,-0.21593455970287323,0.11109818518161774,0.36810126549134103
7479,151,2,0.1,0.3,-0.04930930584669113,-0.034868642687797546,0.36664734646249464
7480,151,3,0.1,0.3,-0.07286298274993896,0.005618251860141754,0.34138281216705185
7481,151,4,0.1,0.3,-0.0743219181895256,0.0014515332877635956,0.34571566082187105
7482,151,5,0.1,0.3,-0.05720056965947151,-0.02687322348356247,0.3627094199656211
7483,151,6,0.1,0.3,-0.0662112608551979,-0.09178648889064789,0.42558528653177896
7484,151,7,0.1,0.3,-0.14234286546707153,-0.027892611920833588,0.40772984854564853
7485,151,8,0.1,0.3,-0.05978436768054962,0.009075380861759186,0.33191592034098566
7486,151,9,0.1,0.3,-0.07628162950277328,-0.006877221167087555,0.3539051310328611
7487,151,10,0.1,0.3,-0.10341883450746536,-0.003627203404903412,0.3654705198505868
7488,151,11,0.1,0.3,-0.08345018327236176,0.003827214241027832,0.34838525911251345
7489,151,12,0.1,0.3,-0.0880606546998024,-0.0019911490380764008,0.3557604024388549
7490,151,13,0.1,0.3,-0.045488663017749786,0.004424341022968292,0.32944183287251017
7491,151,14,0.1,0.3,-0.21128840744495392,0.06068221852183342,0.3926493004466544
7492,151,15,0.1,0.3,-0.051923975348472595,0.02329031005501747,0.3156725309480248
7493,151,16,0.1,0.3,-0.03473587706685066,-0.06920456141233444,0.39302132860272065
7494,151,17,0.1,0.3,-0.1876172572374344,0.06501975655555725,0.3714019405845829
7495,151,18,0.1,0.3,-0.18623122572898865,0.06123051047325134,0.3727454677272191
7496,151,19,0.1,0.3,-0.07757128030061722,-0.009882621467113495,0.35715374655032067
7497,151,20,0.1,0.3,-0.17701242864131927,0.06109011918306351,0.3658057090502071
7498,151,21,0.1,0.3,-0.08850818872451782,-0.029548287391662598,0.3796543308576583
7499,151,22,0.1,0.3,-0.11990942060947418,-6.026029586791992e-05,0.3720165494727602
7500,151,23,0.1,0.3,-0.09231778234243393,-0.028970867395401,0.3810616236253584
7501,151,24,0.1,0.3,-0.15730005502700806,0.0795012041926384,0.33885548139199095
7502,151,25,0.1,0.3,-0.06386024504899979,0.012759119272232056,0.3306924605563031
7503,151,26,0.1,0.3,-0.07153882831335068,-0.026603154838085175,0.36891081628126254
7504,151,27,0.1,0.3,-0.15661509335041046,0.021992838010191917,0.3783375321757904
7505,151,28,0.1,0.3,-0.1651086062192917,0.053268201649188995,0.36215901674397216
7506,151,29,0.1,0.3,-0.06106921657919884,-0.006017856299877167,0.3458181905334205
7507,151,30,0.1,0.3,-0.11531058698892593,0.010545292869210243,0.36075292978669915
7508,151,31,0.1,0.3,-0.10421105474233627,0.004780489951372147,0.3589661738831799
7509,151,32,0.1,0.3,-0.07770944386720657,-0.004936613142490387,0.35294048290668595
7510,151,33,0.1,0.3,-0.05939091742038727,-0.04100784659385681,0.3764197338008358
7511,151,34,0.1,0.3,-0.06981972604990005,-0.013036157935857773,0.35613252523591044
7512,151,35,0.1,0.3,-0.13368317484855652,0.016008220613002777,0.36777596028926895
7513,151,36,0.1,0.3,-0.03425269573926926,-0.01929309219121933,0.3463695498081367
7514,151,37,0.1,0.3,-0.05216117203235626,-0.00578530877828598,0.34155186625004996
7515,151,38,0.1,0.3,-0.037121355533599854,-0.02387242019176483,0.3517038679119736
7516,151,39,0.1,0.3,-0.013777465559542179,-0.029479295015335083,0.3485712517017934
7517,151,40,0.1,0.3,-0.04804011806845665,-0.12831714749336243,0.45317927511590084
7518,151,41,0.1,0.3,-0.04310902953147888,-0.0794280469417572,0.40551921919864414
7519,151,42,0.1,0.3,0.010388661175966263,0.01671178825199604,0.2971235483115024
7520,151,43,0.1,0.3,-0.036384373903274536,-0.10741876065731049,0.4296402494884843
7521,151,44,0.1,0.3,-0.0495089553296566,-0.11943118274211884,0.44528130971355395
7522,151,45,0.1,0.3,-0.022799620404839516,-0.10666579008102417,0.4248020852041528
7523,151,46,0.1,0.3,-0.02805057354271412,-0.051339052617549896,0.37394662624339253
7524,151,47,0.1,0.3,-0.1039275974035263,-0.04592365771532059,0.40155901428049273
7525,151,48,0.1,0.3,-0.018329938873648643,-0.01517539843916893,0.3366563622080092
7526,151,49,0.1,0.3,-0.005688015837222338,-0.021876264363527298,0.3387835389333848
7527,152,0,0.2,0.3,-0.11668743938207626,0.05008045956492424,0.40342373622985506
7528,152,1,0.2,0.3,-0.1559257060289383,0.023376813158392906,0.45078098419366014
7529,152,2,0.2,0.3,-0.18768902122974396,0.06565391272306442,0.4530130967246819
7530,152,3,0.2,0.3,-0.1307610422372818,0.11522205173969269,0.3788743290659605
7531,152,4,0.2,0.3,-0.22961081564426422,0.011517710983753204,0.5174818682761584
7532,152,5,0.2,0.3,-0.24257704615592957,0.013900011777877808,0.5269987144621952
7533,152,6,0.2,0.3,-0.15508471429347992,0.0025138184428215027,0.463231240896329
7534,152,7,0.2,0.3,0.05829010531306267,0.11155880987644196,0.23577908386319135
7535,152,8,0.2,0.3,-0.07768367975950241,0.08831924945116043,0.3491661011004618
7536,152,9,0.2,0.3,-0.1542314887046814,0.03592635318636894,0.44183123308723343
7537,152,10,0.2,0.3,-0.09707213938236237,0.11581234633922577,0.3495381921310961
7538,152,11,0.2,0.3,-0.13138698041439056,0.14800679683685303,0.3645809438190117
7539,152,12,0.2,0.3,-0.10256853699684143,0.1299820840358734,0.3470645636321775
7540,152,13,0.2,0.3,-0.0803379938006401,0.07035350799560547,0.3623905380360974
7541,152,14,0.2,0.3,-0.10732897371053696,0.059226006269454956,0.39041415719582767
7542,152,15,0.2,0.3,-0.12458093464374542,0.06824273616075516,0.3988285502273636
7543,152,16,0.2,0.3,-0.09421586990356445,0.06355717033147812,0.3774495857790399
7544,152,17,0.2,0.3,-0.07824879139661789,0.07759382575750351,0.35621186989608067
7545,152,18,0.2,0.3,-0.07511582225561142,0.05463491380214691,0.3686363264523195
7546,152,19,0.2,0.3,-0.021655991673469543,0.06786599010229111,0.32096351380793864
7547,152,20,0.2,0.3,-0.08135293424129486,0.047702208161354065,0.3779069321576982
7548,152,21,0.2,0.3,-0.05670938268303871,0.04312456399202347,0.3631593269927056
7549,152,22,0.2,0.3,-0.11246329545974731,0.031135790050029755,0.412215082695414
7550,152,23,0.2,0.3,-0.13465562462806702,0.03749169409275055,0.42532928157545863
7551,152,24,0.2,0.3,-0.03346754238009453,0.05426245927810669,0.3389602222459818
7552,152,25,0.2,0.3,-0.13038739562034607,0.02185242436826229,0.4318818183422501
7553,152,26,0.2,0.3,-0.05426556244492531,0.0654042437672615,0.3459568543732653
7554,152,27,0.2,0.3,0.04903716221451759,0.04743650183081627,0.29424156572398324
7555,152,28,0.2,0.3,-0.24807852506637573,0.07325848191976547,0.5021813224792296
7556,152,29,0.2,0.3,-0.12234581261873245,0.03999210149049759,0.41413878132838355
7557,152,30,0.2,0.3,0.03271729499101639,0.04800372198224068,0.3024659113518852
7558,152,31,0.2,0.3,-0.21089302003383636,0.03645654022693634,0.48814775335105565
7559,152,32,0.2,0.3,-0.08662214875221252,0.07807117700576782,0.3624978050015485
7560,152,33,0.2,0.3,-0.02651071920990944,0.06354910880327225,0.32743874215602103
7561,152,34,0.2,0.3,-0.19455701112747192,0.033158816397190094,0.4763186457576404
7562,152,35,0.2,0.3,-0.1762973964214325,0.012870796024799347,0.4733317127860557
7563,152,36,0.2,0.3,-0.10916712135076523,0.030293123796582222,0.41027564879690887
7564,152,37,0.2,0.3,-0.15382863581180573,0.029145754873752594,0.44559704400203637
7565,152,38,0.2,0.3,0.05928490310907364,0.08420325815677643,0.25762176205276927
7566,152,39,0.2,0.3,-0.08967092633247375,0.06947475671768188,0.3702041779244062
7567,152,40,0.2,0.3,-0.18977220356464386,0.012902848422527313,0.4840941490201431
7568,152,41,0.2,0.3,-0.07699060440063477,0.06344164162874222,0.3642576723166355
7569,152,42,0.2,0.3,-0.2069641500711441,-0.02283947542309761,0.5194662128902992
7570,152,43,0.2,0.3,-0.15764008462429047,0.02302183024585247,0.4523531105789227
7571,152,44,0.2,0.3,-0.1795165091753006,0.021069487556815147,0.47099364274735567
7572,152,45,0.2,0.3,-0.09789393842220306,0.054739683866500854,0.3858671030531046
7573,152,46,0.2,0.3,-0.17026720941066742,0.001978028565645218,0.4753050618522618
7574,152,47,0.2,0.3,-0.22112320363521576,0.07359720766544342,0.4781244367493381
7575,152,48,0.2,0.3,0.0012139884056523442,0.0993039533495903,0.28247970112326926
7576,152,49,0.2,0.3,-0.4858633279800415,0.21872875094413757,0.6906616542062821
7577,153,0,0.3,0.3,-0.2064867615699768,0.11415012180805206,0.5395081249338183
7578,153,1,0.3,0.3,-0.34045377373695374,0.176034078001976,0.6523408511742349
7579,153,2,0.3,0.3,-0.3451846241950989,0.1835387647151947,0.6556114845103262
7580,153,3,0.3,0.3,-0.16328652203083038,0.12859612703323364,0.49397741766545405
7581,153,4,0.3,0.3,-0.16995252668857574,0.12449334561824799,0.5016552233090494
7582,153,5,0.3,0.3,-0.29754289984703064,0.16398964822292328,0.6128265112967313
7583,153,6,0.3,0.3,-0.15440945327281952,0.14177480340003967,0.4811685401839971
7584,153,7,0.3,0.3,-0.18736904859542847,0.11181391775608063,0.5224390788208022
7585,153,8,0.3,0.3,-0.22726711630821228,0.11263138800859451,0.5595691277220034
7586,153,9,0.3,0.3,-0.25499293208122253,0.11741974949836731,0.5842539709179146
7587,153,10,0.3,0.3,-0.16035085916519165,0.13203883171081543,0.4900345575438511
7588,153,11,0.3,0.3,-0.23116031289100647,0.14427761733531952,0.553516701151137
7589,153,12,0.3,0.3,-0.18243767321109772,0.1458984613418579,0.5064517674469552
7590,153,13,0.3,0.3,-0.2125534862279892,0.10716845095157623,0.5476267730424438
7591,153,14,0.3,0.3,-0.23523686826229095,0.1208939254283905,0.564408975031117
7592,153,15,0.3,0.3,-0.2763510048389435,0.12223762273788452,0.6031417275804574
7593,153,16,0.3,0.3,-0.339751660823822,0.1739271730184555,0.652055630471785
7594,153,17,0.3,0.3,-0.16694046556949615,0.12049777060747147,0.50025438403191
7595,153,18,0.3,0.3,-0.3171962797641754,0.17313291132450104,0.630100393543549
7596,153,19,0.3,0.3,-0.1866936832666397,0.145111083984375,0.5107458444629221
7597,153,20,0.3,0.3,-0.200349822640419,0.10708851367235184,0.5362506751263267
7598,153,21,0.3,0.3,-0.19459033012390137,0.14083009958267212,0.5195716041614782
7599,153,22,0.3,0.3,-0.31973159313201904,0.19834963977336884,0.6280127731664017
7600,153,23,0.3,0.3,-0.3184661865234375,0.1711401790380478,0.6317477956678518
7601,153,24,0.3,0.3,-0.27603262662887573,0.12521183490753174,0.6019671831564855
7602,153,25,0.3,0.3,-0.2090829461812973,0.1175399124622345,0.5407930562025725
7603,153,26,0.3,0.3,-0.18070288002490997,0.10650685429573059,0.5181841914790306
7604,153,27,0.3,0.3,-0.16737663745880127,0.11688515543937683,0.5019680941461886
7605,153,28,0.3,0.3,-0.18853281438350677,0.12810559570789337,0.517891877669855
7606,153,29,0.3,0.3,-0.16707181930541992,0.13242164254188538,0.49622433462863796
7607,153,30,0.3,0.3,-0.1742696911096573,0.12299886345863342,0.5062224236856613
7608,153,31,0.3,0.3,-0.16352257132530212,0.13088977336883545,0.49340798826048976
7609,153,32,0.3,0.3,-0.18755187094211578,0.09140925109386444,0.5302989038159328
7610,153,33,0.3,0.3,-0.14362454414367676,0.1090008020401001,0.48299423370057953
7611,153,34,0.3,0.3,-0.17789611220359802,0.12547841668128967,0.5087656406474237
7612,153,35,0.3,0.3,-0.14966964721679688,0.12600407004356384,0.48215907672622277
7613,153,36,0.3,0.3,-0.16988326609134674,0.1329372227191925,0.4986985615634439
7614,153,37,0.3,0.3,-0.23541927337646484,0.16076034307479858,0.553228235327545
7615,153,38,0.3,0.3,-0.2063116431236267,0.12460465729236603,0.5358311359057768
7616,153,39,0.3,0.3,-0.2004716694355011,0.1328429877758026,0.5276488971307322
7617,153,40,0.3,0.3,-0.16306433081626892,0.1124800443649292,0.4995921418874579
7618,153,41,0.3,0.3,-0.19184692203998566,0.1033092513680458,0.5297175146411588
7619,153,42,0.3,0.3,-0.1502227485179901,0.1256546676158905,0.4828010130552948
7620,153,43,0.3,0.3,-0.23174165189266205,0.14244306087493896,0.5545929799627788
7621,153,44,0.3,0.3,-0.2636951208114624,0.15743136405944824,0.5814447567745356
7622,153,45,0.3,0.3,-0.1712598204612732,0.09954468905925751,0.512121225947081
7623,153,46,0.3,0.3,-0.19254513084888458,0.10274819284677505,0.5305741996631177
7624,153,47,0.3,0.3,-0.17298753559589386,0.09067126363515854,0.5172385607214317
7625,153,48,0.3,0.3,-0.19794747233390808,0.0978410542011261,0.5374196912751152
7626,154,0,0.4,0.3,-0.2782451808452606,0.29760852456092834,0.6782493969732638
7627,154,1,0.4,0.3,-0.28152039647102356,0.37247762084007263,0.685363448345955
7628,154,2,0.4,0.3,-0.26611971855163574,0.3938990831375122,0.6727053718065406
7629,154,3,0.4,0.3,-0.2664487063884735,0.36873745918273926,0.6699841166339456
7630,154,4,0.4,0.3,-0.2575324773788452,0.39578211307525635,0.6644721002368142
7631,154,5,0.4,0.3,-0.2720176875591278,0.3940823972225189,0.6785714920768875
7632,154,6,0.4,0.3,-0.2684265375137329,0.38598954677581787,0.6739348916678142
7633,154,7,0.4,0.3,-0.259764164686203,0.38694649934768677,0.6654685918605779
7634,154,8,0.4,0.3,-0.25924211740493774,0.3907414674758911,0.6654578749103687
7635,154,9,0.4,0.3,-0.2521607577800751,0.39504683017730713,0.6590504942074132
7636,154,10,0.4,0.3,-0.2510344386100769,0.37897950410842896,0.6558075955076698
7637,154,11,0.4,0.3,-0.258605033159256,0.40453335642814636,0.6668491675850233
7638,154,12,0.4,0.3,-0.2774910628795624,0.3747650682926178,0.6816039581153259
7639,154,13,0.4,0.3,-0.2722257971763611,0.3901370167732239,0.6782419952953154
7640,154,14,0.4,0.3,-0.19974592328071594,0.3497028052806854,0.601801912047983
7641,154,15,0.4,0.3,-0.2654778063297272,0.4089789390563965,0.6743419902951941
7642,154,16,0.4,0.3,-0.2932486832141876,0.40765058994293213,0.7015571154890146
7643,154,17,0.4,0.3,-0.282094806432724,0.40934333205223083,0.6908033650951475
7644,154,18,0.4,0.3,-0.28855323791503906,0.3993282616138458,0.6956807205884845
7645,154,19,0.4,0.3,-0.25504714250564575,0.3772667944431305,0.6595884447352977
7646,154,20,0.4,0.3,-0.26472100615501404,0.4016150236129761,0.6724430303361021
7647,154,21,0.4,0.3,-0.261908620595932,0.3967666029930115,0.6689445399089647
7648,154,22,0.4,0.3,-0.26207178831100464,0.3918176293373108,0.6684082060645692
7649,154,23,0.4,0.3,-0.2639738619327545,0.39441850781440735,0.6706535200442892
7650,154,24,0.4,0.3,-0.2754402756690979,0.4084789752960205,0.684095939234565
7651,154,25,0.4,0.3,-0.2586200535297394,0.3886846899986267,0.6645640293844298
7652,154,26,0.4,0.3,-0.2808334231376648,0.4133261442184448,0.6902006701132435
7653,154,27,0.4,0.3,-0.2816721796989441,0.34605008363723755,0.683225856345108
7654,154,28,0.4,0.3,-0.26466670632362366,0.3866455554962158,0.6702904465844206
7655,154,29,0.4,0.3,-0.26324358582496643,0.2666028141975403,0.6640838999384668
7656,154,30,0.4,0.3,-0.2701971232891083,0.3659208118915558,0.6734313161009355
7657,154,31,0.4,0.3,-0.28721028566360474,0.40348660945892334,0.6949585995288906
7658,154,32,0.4,0.3,-0.23589830100536346,0.3771612346172333,0.6405626474820114
7659,154,33,0.4,0.3,-0.26935774087905884,0.3755214512348175,0.6736046873881819
7660,154,34,0.4,0.3,-0.2682206928730011,0.38842472434043884,0.6740458636163835
7661,154,35,0.4,0.3,-0.27048003673553467,0.3595796525478363,0.6731219909188859
7662,154,36,0.4,0.3,-0.2593548595905304,0.38255995512008667,0.6645035568415558
7663,154,37,0.4,0.3,-0.27450457215309143,0.29705706238746643,0.674510992302732
7664,154,38,0.4,0.3,-0.2693265676498413,0.3743301331996918,0.6734411799581324
7665,154,39,0.4,0.3,-0.2585514187812805,0.37757599353790283,0.6631048227484326
7666,154,40,0.4,0.3,-0.26436516642570496,0.40718042850494385,0.6729552129334894
7667,154,41,0.4,0.3,-0.28211715817451477,0.3028689920902252,0.682123191653597
7668,154,42,0.4,0.3,-0.27900511026382446,0.35843533277511597,0.6815149505923748
7669,154,43,0.4,0.3,-0.264943391084671,0.3838537633419037,0.6702097932541584
7670,154,44,0.4,0.3,-0.26496168971061707,0.26750922203063965,0.6657549845369941
7671,154,45,0.4,0.3,-0.267007976770401,0.3956262767314911,0.6738278903970001
7672,154,46,0.4,0.3,-0.27756521105766296,0.3814639449119568,0.6824448619165022
7673,154,47,0.4,0.3,-0.2848625183105469,0.37896135449409485,0.6893994230416837
7674,154,48,0.4,0.3,-0.26844966411590576,0.3410045802593231,0.6697061512774917
7675,154,49,0.4,0.3,-0.27507007122039795,0.37224626541137695,0.678924976653094
7676,155,0,0.5,0.3,-0.30441194772720337,0.445065975189209,0.8173877407961715
7677,155,1,0.5,0.3,-0.17968831956386566,0.38700738549232483,0.6852346290736929
7678,155,2,0.5,0.3,0.13799327611923218,0.47583356499671936,0.40245038292234486
7679,155,3,0.5,0.3,0.0597950741648674,0.43839362263679504,0.4614468241477562
7680,155,4,0.5,0.3,0.06552889943122864,0.4628578722476959,0.463991189337132
7681,155,5,0.5,0.3,-0.07878237217664719,0.2315387725830078,0.5828172732528335
7682,155,6,0.5,0.3,-0.16965390741825104,0.4422086179256439,0.6845872090047063
7683,155,7,0.5,0.3,-0.21788878738880157,0.39639702439308167,0.7243318972476667
7684,155,8,0.5,0.3,-0.16433455049991608,0.39405110478401184,0.670959019090599
7685,155,9,0.5,0.3,-0.06753818690776825,0.41486671566963196,0.5790457287358961
7686,155,10,0.5,0.3,-0.016468387097120285,0.37343093752861023,0.5216624363101406
7687,155,11,0.5,0.3,-0.23529407382011414,0.32099831104278564,0.7355938444968317
7688,155,12,0.5,0.3,0.039968088269233704,0.4294680058956146,0.4779030491231987
7689,155,13,0.5,0.3,-0.084967240691185,0.44227683544158936,0.6020210715457822
7690,155,14,0.5,0.3,0.15742887556552887,0.47287866473197937,0.38372126343976565
7691,155,15,0.5,0.3,-0.22134386003017426,0.3595040440559387,0.7237939593988352
7692,155,16,0.5,0.3,-0.17440640926361084,0.49399587512016296,0.7017538061310924
7693,155,17,0.5,0.3,-0.30623340606689453,0.39906182885169983,0.8122964674265606
7694,155,18,0.5,0.3,-0.05242913216352463,0.42836838960647583,0.5671475905909369
7695,155,19,0.5,0.3,-0.05363447591662407,0.47682860493659973,0.5811879975079484
7696,155,20,0.5,0.3,-0.11845272034406662,0.32540690898895264,0.6189743761460156
7697,155,21,0.5,0.3,-0.12452159821987152,0.4770844876766205,0.649142621015439
7698,155,22,0.5,0.3,-0.13999654352664948,0.42272379994392395,0.6516568934636806
7699,155,23,0.5,0.3,-0.07541581243276596,0.38643091917037964,0.5818708284372889
7700,155,24,0.5,0.3,-0.10199403017759323,0.44076088070869446,0.6182317024444381
7701,155,25,0.5,0.3,-0.06086971238255501,0.4282301068305969,0.5753414591057003
7702,155,26,0.5,0.3,-0.010904376395046711,0.41844412684440613,0.5244542811375891
7703,155,27,0.5,0.3,0.008045582100749016,0.3214809000492096,0.4924231700047379
7704,155,28,0.5,0.3,-0.056907057762145996,0.4188990592956543,0.5694580382141267
7705,155,29,0.5,0.3,-0.06299124658107758,0.4499836564064026,0.5826270169808035
7706,155,30,0.5,0.3,-0.10990795493125916,0.45053473114967346,0.6282104892237437
7707,155,31,0.5,0.3,-0.254694402217865,0.2918862998485565,0.7547380160487003
7708,155,32,0.5,0.3,0.04297802597284317,0.41256752610206604,0.47068092448751153
7709,155,33,0.5,0.3,-0.18588507175445557,0.45480242371559143,0.7031373422339594
7710,155,34,0.5,0.3,-0.2518228590488434,0.39528676867485046,0.7578371722691303
7711,155,35,0.5,0.3,-0.14422228932380676,0.3410845994949341,0.645531023559105
7712,155,36,0.5,0.3,0.3055352568626404,0.5084951519966125,0.28510833858301976
7713,155,37,0.5,0.3,0.19993355870246887,0.4846450984477997,0.3523261011815082
7714,155,38,0.5,0.3,-0.34406042098999023,0.31068938970565796,0.8441281048123437
7715,155,39,0.5,0.3,-0.09258870035409927,0.34882017970085144,0.594596314934245
7716,155,40,0.5,0.3,0.1360611468553543,0.4397743046283722,0.38985682636396785
7717,155,41,0.5,0.3,-0.42158034443855286,0.27737924456596375,0.9218579228014956
7718,155,42,0.5,0.3,-0.0266798697412014,0.3670426607131958,0.5309297538715584
7719,155,43,0.5,0.3,-0.08730500936508179,0.4046187102794647,0.5965502900559662
7720,155,44,0.5,0.3,-0.14679299294948578,0.46131929755210876,0.6666071492950397
7721,155,45,0.5,0.3,-0.09806330502033234,0.36912602186203003,0.6020449515694928
7722,155,46,0.5,0.3,0.07770614326000214,0.41342148184776306,0.4372602588675128
7723,155,47,0.5,0.3,-0.20387998223304749,0.24124005436897278,0.7063283659877724
7724,155,48,0.5,0.3,-0.10745500028133392,0.27692508697509766,0.607893106539219
7725,156,0,-1.0,0.4,-0.30789005756378174,0.07230773568153381,0.7657665391705418
7726,156,1,-1.0,0.4,-0.26382508873939514,0.03161246329545975,0.8232028165457153
7727,156,2,-1.0,0.4,-0.5960304141044617,0.11391675472259521,0.495010150963659
7728,156,3,-1.0,0.4,-0.20522920787334442,0.05642605200409889,0.8658543005374066
7729,156,4,-1.0,0.4,-0.5541616082191467,0.09786002337932587,0.5385725921898358
7730,156,5,-1.0,0.4,-0.427772581577301,0.10054929554462433,0.6458443642190642
7731,156,6,-1.0,0.4,-0.4028855562210083,0.05588214471936226,0.6891754183750611
7732,156,7,-1.0,0.4,-0.3183682858943939,0.07731008529663086,0.7541555374893261
7733,156,8,-1.0,0.4,-0.31701114773750305,0.04444161430001259,0.7699971025636551
7734,156,9,-1.0,0.4,-0.20487962663173676,0.0463336780667305,0.8702277146902949
7735,156,10,-1.0,0.4,-0.19745910167694092,0.04486484080553055,0.877606332461921
7736,156,11,-1.0,0.4,-0.2118157148361206,0.07234964519739151,0.8535743801108201
7737,156,12,-1.0,0.4,-0.2083696722984314,0.08762173354625702,0.8510339341586436
7738,156,13,-1.0,0.4,-0.27794840931892395,0.047144271433353424,0.8036576788579645
7739,156,14,-1.0,0.4,-0.41572052240371704,0.061899181455373764,0.6750516065018523
7740,156,15,-1.0,0.4,-0.3645009398460388,0.09447826445102692,0.7051259365173179
7741,156,16,-1.0,0.4,-0.2534152865409851,0.08793839812278748,0.8091793235969709
7742,156,17,-1.0,0.4,-0.14205196499824524,0.050169095396995544,0.9265292723809262
7743,156,18,-1.0,0.4,-0.40318456292152405,0.08013807237148285,0.6771265160082
7744,156,19,-1.0,0.4,-0.43706971406936646,0.11275173723697662,0.6319826510896638
7745,156,20,-1.0,0.4,-0.4375090003013611,0.11931062489748001,0.6286355462725739
7746,156,21,-1.0,0.4,-0.36123278737068176,0.037182729691267014,0.7346154936866693
7747,156,22,-1.0,0.4,-0.3394581079483032,0.06710173934698105,0.7396869899498306
7748,156,23,-1.0,0.4,-0.41928258538246155,0.10604961216449738,0.6508759836932997
7749,156,24,-1.0,0.4,-0.6062852144241333,0.2023860514163971,0.44052537390694485
7750,156,25,-1.0,0.4,-0.1776655614376068,0.07025367021560669,0.8859833919730122
7751,156,26,-1.0,0.4,-0.41465455293655396,0.054763954132795334,0.6795713500170002
7752,156,27,-1.0,0.4,-0.385976105928421,0.03832347318530083,0.712625604745977
7753,156,28,-1.0,0.4,-0.463183730840683,0.07946014404296875,0.6252339610826356
7754,156,29,-1.0,0.4,-0.428457647562027,0.07687758654356003,0.6565582645190347
7755,156,30,-1.0,0.4,-0.2384134978055954,0.090956911444664,0.8219012294117397
7756,156,31,-1.0,0.4,-0.3905040919780731,0.08092068880796432,0.6879657467681491
7757,156,32,-1.0,0.4,-0.2766164541244507,0.08236847072839737,0.7900465447243599
7758,156,33,-1.0,0.4,-0.38514265418052673,0.06389425694942474,0.7007257853252916
7759,156,34,-1.0,0.4,-0.40156665444374084,0.0865573063492775,0.6755507318304657
7760,156,35,-1.0,0.4,-0.339881956577301,0.089822918176651,0.7293597557725959
7761,156,36,-1.0,0.4,-0.15158072113990784,0.013008497655391693,0.9325114989255713
7762,156,37,-1.0,0.4,-0.426571786403656,0.060044899582862854,0.6666253718903296
7763,156,38,-1.0,0.4,-0.36660870909690857,0.06296728551387787,0.717478625483553
7764,156,39,-1.0,0.4,-0.5202468633651733,0.09108981490135193,0.5706036930906035
7765,156,40,-1.0,0.4,-0.4423988461494446,0.10043083131313324,0.6329776722785814
7766,156,41,-1.0,0.4,-0.24096374213695526,0.09587670862674713,0.8176961642972499
7767,156,42,-1.0,0.4,-0.26854127645492554,0.05644013732671738,0.8081245222676233
7768,156,43,-1.0,0.4,-0.19997985661029816,0.043015070259571075,0.8760539195112697
7769,156,44,-1.0,0.4,-0.3815503716468811,0.08048929274082184,0.6961084936009408
7770,156,45,-1.0,0.4,-0.27632400393486023,0.06283832341432571,0.798363916668918
7771,156,46,-1.0,0.4,-0.26534903049468994,0.09840679168701172,0.7941476627779078
7772,156,47,-1.0,0.4,-0.3063109219074249,0.06816130131483078,0.7689742902139143
7773,156,48,-1.0,0.4,-0.2549266219139099,0.04723276197910309,0.8243658550385926
7774,157,0,-0.8,0.4,-0.22282713651657104,0.04620850086212158,0.67697632100679
7775,157,1,-0.8,0.4,-0.2989940941333771,0.037827637046575546,0.618203638132697
7776,157,2,-0.8,0.4,-0.2963867485523224,0.049082182347774506,0.6138156252324491
7777,157,3,-0.8,0.4,-0.26400941610336304,0.04767635837197304,0.6414186265426756
7778,157,4,-0.8,0.4,-0.13838809728622437,0.17568862438201904,0.6986028220986324
7779,157,5,-0.8,0.4,-0.3902541995048523,0.10695019364356995,0.5037557047110738
7780,157,6,-0.8,0.4,-0.27494490146636963,0.059670086950063705,0.6257054468459881
7781,157,7,-0.8,0.4,-0.2618925869464874,0.026418911293148994,0.6550743605290469
7782,157,8,-0.8,0.4,-0.2097155898809433,0.07054941356182098,0.6759980574928177
7783,157,9,-0.8,0.4,-0.36872708797454834,0.09308842569589615,0.529330746404114
7784,157,10,-0.8,0.4,-0.347684770822525,0.05397586151957512,0.569492555664244
7785,157,11,-0.8,0.4,-0.25079235434532166,0.004143238067626953,0.6770019305830215
7786,157,12,-0.8,0.4,-0.29861724376678467,0.014525610953569412,0.6324359041505588
7787,157,13,-0.8,0.4,-0.26535654067993164,0.021224383264780045,0.6552210286818303
7788,157,14,-0.8,0.4,-0.292418509721756,0.17388102412223816,0.5556696505344619
7789,157,15,-0.8,0.4,-0.2850572168827057,0.1073988527059555,0.5922680991598113
7790,157,16,-0.8,0.4,-0.24151690304279327,0.0646657645702362,0.6514233792535981
7791,157,17,-0.8,0.4,-0.13002018630504608,0.16024833917617798,0.7115854197680741
7792,157,18,-0.8,0.4,-0.27275389432907104,0.08403973281383514,0.6146701118368397
7793,157,19,-0.8,0.4,-0.2864411473274231,0.04730646684765816,0.6230051552642688
7794,157,20,-0.8,0.4,-0.3403569161891937,0.10678431391716003,0.5452038179067884
7795,157,21,-0.8,0.4,-0.36366233229637146,0.08887824416160583,0.5358985978830394
7796,157,22,-0.8,0.4,-0.27313947677612305,0.07128142565488815,0.6209975137238637
7797,157,23,-0.8,0.4,-0.09912119060754776,0.3402968645095825,0.7034170667838311
7798,157,24,-0.8,0.4,-0.3322594463825226,0.031501732766628265,0.5954596530852294
7799,157,25,-0.8,0.4,-0.28029581904411316,0.06588513404130936,0.6178391209349106
7800,157,26,-0.8,0.4,-0.3237640857696533,0.04403114318847656,0.5945708309549982
7801,157,27,-0.8,0.4,-0.26435092091560364,0.11348744481801987,0.6074614228087815
7802,157,28,-0.8,0.4,-0.23681004345417023,0.0571628212928772,0.659333192140327
7803,157,29,-0.8,0.4,-0.32035842537879944,0.035062696784734726,0.6026900325898341
7804,157,30,-0.8,0.4,-0.3835931420326233,0.017117109149694443,0.5656801034755864
7805,157,31,-0.8,0.4,-0.3265712559223175,0.10399901866912842,0.5583469859037575
7806,157,32,-0.8,0.4,-0.31181633472442627,0.032819680869579315,0.6108556931048535
7807,157,33,-0.8,0.4,-0.26164889335632324,0.05065765231847763,0.64176474654511
7808,157,34,-0.8,0.4,-0.36200612783432007,0.0640101432800293,0.5520215719275765
7809,157,35,-0.8,0.4,-0.30052870512008667,0.05070854350924492,0.6094883887215986
7810,157,36,-0.8,0.4,-0.2569354772567749,0.09100984781980515,0.6248151646740554
7811,157,37,-0.8,0.4,-0.22476398944854736,0.0379936657845974,0.6796653984478133
7812,157,38,-0.8,0.4,-0.30398043990135193,0.038606271147727966,0.6137107064849089
7813,157,39,-0.8,0.4,-0.23885653913021088,0.07279003411531448,0.6495755117391524
7814,157,40,-0.8,0.4,-0.2405739277601242,0.03405898064374924,0.6684836272858347
7815,157,41,-0.8,0.4,-0.2430037558078766,0.05669129267334938,0.6542978561560686
7816,157,42,-0.8,0.4,-0.26211637258529663,0.11994264274835587,0.606424702656129
7817,157,43,-0.8,0.4,-0.3484456539154053,0.08370020240545273,0.5513137849049646
7818,157,44,-0.8,0.4,-0.4051806330680847,0.08806934952735901,0.5031729953095688
7819,157,45,-0.8,0.4,-0.29508858919143677,0.08743588626384735,0.5938281384040002
7820,157,46,-0.8,0.4,-0.2707013785839081,0.05131655931472778,0.6338273995663923
7821,157,47,-0.8,0.4,-0.23575496673583984,0.08632238209247589,0.645574244792504
7822,157,48,-0.8,0.4,-0.26908817887306213,0.07184259593486786,0.62414312753974
7823,158,0,-0.6,0.4,-0.23705469071865082,0.5767233371734619,0.4036835833063555
7824,158,1,-0.6,0.4,-0.17832811176776886,0.596062421798706,0.46502435911133616
7825,158,2,-0.6,0.4,-0.14989235997200012,0.5680196285247803,0.4804450886221865
7826,158,3,-0.6,0.4,-0.13496467471122742,0.5513302087783813,0.48903853207630066
7827,158,4,-0.6,0.4,-0.18635188043117523,0.5705734491348267,0.4474372228286065
7828,158,5,-0.6,0.4,-0.1883832961320877,0.5612214803695679,0.44206410919191297
7829,158,6,-0.6,0.4,-0.2457340955734253,0.5748807191848755,0.3950792287400063
7830,158,7,-0.6,0.4,-0.17113791406154633,0.5547581911087036,0.4559306816509716
7831,158,8,-0.6,0.4,-0.17513224482536316,0.5475081205368042,0.449745767085623
7832,158,9,-0.6,0.4,-0.2435874342918396,0.5940314531326294,0.40580552214014226
7833,158,10,-0.6,0.4,-0.23127038776874542,0.5836405754089355,0.41192886263617934
7834,158,11,-0.6,0.4,-0.2478087842464447,0.5855404138565063,0.39807524116429416
7835,158,12,-0.6,0.4,-0.16117167472839355,0.5874226093292236,0.4771766272026089
7836,158,13,-0.6,0.4,-0.12902195751667023,0.5442168712615967,0.4925635212415888
7837,158,14,-0.6,0.4,-0.12793347239494324,0.5395728349685669,0.49226759262240555
7838,158,15,-0.6,0.4,-0.14034269750118256,0.5755510330200195,0.4920396335000721
7839,158,16,-0.6,0.4,-0.17386488616466522,0.5771572589874268,0.4614930439945893
7840,158,17,-0.6,0.4,-0.1597779244184494,0.5738797187805176,0.4733176865832507
7841,158,18,-0.6,0.4,-0.2557299733161926,0.5876182317733765,0.3920745492462343
7842,158,19,-0.6,0.4,-0.17338502407073975,0.565021276473999,0.45741923809152507
7843,158,20,-0.6,0.4,-0.16237621009349823,0.5572322607040405,0.46501243563826694
7844,158,21,-0.6,0.4,-0.1577034294605255,0.5639870166778564,0.47171813400576823
7845,158,22,-0.6,0.4,-0.15801917016506195,0.5623307228088379,0.4708485080248425
7846,158,23,-0.6,0.4,-0.18231336772441864,0.5863584280014038,0.4573746674979618
7847,158,24,-0.6,0.4,-0.21826379001140594,0.5804867744445801,0.4222534899392362
7848,158,25,-0.6,0.4,-0.2246960997581482,0.607734203338623,0.4289598078765401
7849,158,26,-0.6,0.4,-0.1784258782863617,0.5746890306472778,0.4563343045696993
7850,158,27,-0.6,0.4,-0.17431528866291046,0.5831942558288574,0.4634302631840416
7851,158,28,-0.6,0.4,-0.16632159054279327,0.5580146312713623,0.46156861518647174
7852,158,29,-0.6,0.4,-0.16208826005458832,0.5577570199966431,0.4654610288093291
7853,158,30,-0.6,0.4,-0.1607869416475296,0.5701555013656616,0.47102123654070016
7854,158,31,-0.6,0.4,-0.1824030578136444,0.5600039958953857,0.4472007209585926
7855,158,32,-0.6,0.4,-0.14230386912822723,0.5307374000549316,0.4760021176298632
7856,158,33,-0.6,0.4,-0.1664755642414093,0.5566035509109497,0.46094263044084216
7857,158,34,-0.6,0.4,-0.2542770504951477,0.5804941654205322,0.3900032071216711
7858,158,35,-0.6,0.4,-0.15839572250843048,0.5570106506347656,0.46868612344681543
7859,158,36,-0.6,0.4,-0.17663781344890594,0.5709112882614136,0.45655909744139295
7860,158,37,-0.6,0.4,-0.16273438930511475,0.5712443590164185,0.46960179385444745
7861,158,38,-0.6,0.4,-0.17896825075149536,0.5745915174484253,0.45579593223305476
7862,158,39,-0.6,0.4,-0.1550310105085373,0.5739552974700928,0.47776337985132544
7863,158,40,-0.6,0.4,-0.16103999316692352,0.5722881555557251,0.4715602783777364
7864,158,41,-0.6,0.4,-0.19764435291290283,0.5650956630706787,0.434909927120115
7865,158,42,-0.6,0.4,-0.1647018939256668,0.5649155378341675,0.46549068279723294
7866,158,43,-0.6,0.4,-0.18648870289325714,0.5760927200317383,0.44944436683874134
7867,158,44,-0.6,0.4,-0.18870776891708374,0.5727001428604126,0.4460791843307305
7868,158,45,-0.6,0.4,-0.16888420283794403,0.5576311349868774,0.45902985227534615
7869,158,46,-0.6,0.4,-0.1701560616493225,0.5680817365646362,0.46153795239763845
7870,158,47,-0.6,0.4,-0.18845029175281525,0.5964080095291138,0.45601454863362784
7871,158,48,-0.6,0.4,-0.1510915756225586,0.5545321702957153,0.47476200894062803
7872,159,0,-0.5,0.4,-0.40880975127220154,0.2962706387042999,0.13811387279289375
7873,159,1,-0.5,0.4,-0.42011553049087524,0.3107602000236511,0.1197717427800608
7874,159,2,-0.5,0.4,-0.4098796546459198,0.28873538970947266,0.1431834143671732
7875,159,3,-0.5,0.4,-0.40752795338630676,0.28716835379600525,0.14588372009936032
7876,159,4,-0.5,0.4,-0.4412909150123596,0.3084352910518646,0.10876972273956906
7877,159,5,-0.5,0.4,-0.41463473439216614,0.28545019030570984,0.14285967756261428
7878,159,6,-0.5,0.4,-0.41993382573127747,0.268687903881073,0.1537968102698355
7879,159,7,-0.5,0.4,-0.43224436044692993,0.3138573169708252,0.1095964804668035
7880,159,8,-0.5,0.4,-0.421053946018219,0.2829456925392151,0.14118849221667557
7881,159,9,-0.5,0.4,-0.41287991404533386,0.27544933557510376,0.15199597818834396
7882,159,10,-0.5,0.4,-0.40405818819999695,0.27051717042922974,0.16115407039575622
7883,159,11,-0.5,0.4,-0.42236295342445374,0.28207647800445557,0.1411859342881124
7884,159,12,-0.5,0.4,-0.41893595457077026,0.30256387591362,0.12674848219339224
7885,159,13,-0.5,0.4,-0.40740692615509033,0.313212513923645,0.12690762413465317
7886,159,14,-0.5,0.4,-0.41050928831100464,0.28070664405822754,0.1491291126857976
7887,159,15,-0.5,0.4,-0.4220624566078186,0.28969281911849976,0.1350627070069017
7888,159,16,-0.5,0.4,-0.4189680516719818,0.29821136593818665,0.13010419929427477
7889,159,17,-0.5,0.4,-0.4291726350784302,0.2926456034183502,0.12861369323343202
7890,159,18,-0.5,0.4,-0.3967045545578003,0.2927006781101227,0.14893989904364097
7891,159,19,-0.5,0.4,-0.3986406922340393,0.28489601612091064,0.15337091111300216
7892,159,20,-0.5,0.4,-0.390125036239624,0.2754661440849304,0.16607585294201938
7893,159,21,-0.5,0.4,-0.40798813104629517,0.28121495246887207,0.15025335785041904
7894,159,22,-0.5,0.4,-0.41429832577705383,0.31155815720558167,0.12315330495560647
7895,159,23,-0.5,0.4,-0.3995470106601715,0.2953126132488251,0.14508704977391254
7896,159,24,-0.5,0.4,-0.40967655181884766,0.28894391655921936,0.14314949863879703
7897,159,25,-0.5,0.4,-0.4180077016353607,0.30167046189308167,0.12802903989109635
7898,159,26,-0.5,0.4,-0.40036243200302124,0.28981366753578186,0.1485552853932427
7899,159,27,-0.5,0.4,-0.41455939412117004,0.3097170889377594,0.1243024583940881
7900,159,28,-0.5,0.4,-0.446050763130188,0.3122105598449707,0.10304128280242127
7901,159,29,-0.5,0.4,-0.40680068731307983,0.30490842461586,0.13314848701488088
7902,159,30,-0.5,0.4,-0.41238006949424744,0.29618871212005615,0.13584563192508434
7903,159,31,-0.5,0.4,-0.4053962528705597,0.2864673137664795,0.14778206864951549
7904,159,32,-0.5,0.4,-0.3983880281448364,0.2712131142616272,0.1640458922450765
7905,159,33,-0.5,0.4,-0.4142794609069824,0.2890673875808716,0.14019292179182988
7906,159,34,-0.5,0.4,-0.41865092515945435,0.29794618487358093,0.130509207181984
7907,159,35,-0.5,0.4,-0.43598929047584534,0.29475533962249756,0.12318201764771326
7908,159,36,-0.5,0.4,-0.3935792148113251,0.31933629512786865,0.13353657477961758
7909,159,37,-0.5,0.4,-0.3975527584552765,0.2905912697315216,0.14988564827588927
7910,159,38,-0.5,0.4,-0.41263508796691895,0.28985267877578735,0.1405882648993787
7911,159,39,-0.5,0.4,-0.38655397295951843,0.3032114803791046,0.14912417168814093
7912,159,40,-0.5,0.4,-0.42134997248649597,0.29935094714164734,0.12773432846795105
7913,159,41,-0.5,0.4,-0.4152972102165222,0.2601807117462158,0.16347475635369157
7914,159,42,-0.5,0.4,-0.44259554147720337,0.311627596616745,0.10538004335749832
7915,159,43,-0.5,0.4,-0.4413416385650635,0.28135812282562256,0.13235066447015564
7916,159,44,-0.5,0.4,-0.44009828567504883,0.272736132144928,0.14065670065980254
7917,159,45,-0.5,0.4,-0.41579604148864746,0.2558722496032715,0.1669224821987837
7918,159,46,-0.5,0.4,-0.4193776547908783,0.2955145239830017,0.1319741537026001
7919,159,47,-0.5,0.4,-0.4288344383239746,0.30885714292526245,0.11563545115755036
7920,159,48,-0.5,0.4,-0.41646215319633484,0.2666627764701843,0.15734480298768264
7921,159,49,-0.5,0.4,-0.42620134353637695,0.2671537697315216,0.15196829469458897
7922,160,0,-0.4,0.4,-0.4571233093738556,0.09335874021053314,0.3119165508258459
7923,160,1,-0.4,0.4,-0.497314453125,0.07809016853570938,0.3362975503633439
7924,160,2,-0.4,0.4,-0.4592532813549042,0.09853790700435638,0.3072301171184842
7925,160,3,-0.4,0.4,-0.5252452492713928,0.07169041782617569,0.35138803936987445
7926,160,4,-0.4,0.4,-0.48009878396987915,0.08198754489421844,0.3279447160663823
7927,160,5,-0.4,0.4,-0.5712022185325623,-0.007387720048427582,0.4418992578368142
7928,160,6,-0.4,0.4,-0.5117142200469971,0.08198000490665436,0.337070889042469
7929,160,7,-0.4,0.4,-0.4684608280658722,0.13080912828445435,0.27775998702916205
7930,160,8,-0.4,0.4,-0.46976011991500854,0.08991090208292007,0.3178391463894666
7931,160,9,-0.4,0.4,-0.4365236759185791,0.11347810924053192,0.28884039327453137
7932,160,10,-0.4,0.4,-0.40634384751319885,0.12407241016626358,0.27600050585592306
7933,160,11,-0.4,0.4,-0.4783335328102112,0.09313584119081497,0.3167045221088533
7934,160,12,-0.4,0.4,-0.543021023273468,0.02353864349424839,0.4027135036726984
7935,160,13,-0.4,0.4,-0.462388813495636,0.09037931263446808,0.3158438444771367
7936,160,14,-0.4,0.4,-0.446953147649765,0.11364147812128067,0.29018235840034384
7937,160,15,-0.4,0.4,-0.5056277513504028,0.16205689311027527,0.2603346768520811
7938,160,16,-0.4,0.4,-0.48014166951179504,0.08234266936779022,0.32761084673209284
7939,160,17,-0.4,0.4,-0.4251266121864319,0.11849810183048248,0.2826210631092608
7940,160,18,-0.4,0.4,-0.5168973207473755,0.16127195954322815,0.26581207816471564
7941,160,19,-0.4,0.4,-0.44797465205192566,0.13672520220279694,0.2676101388114088
7942,160,20,-0.4,0.4,-0.4777068495750427,0.08191138505935669,0.32744269945401927
7943,160,21,-0.4,0.4,-0.48463723063468933,0.0820612981915474,0.32901136593916286
7944,160,22,-0.4,0.4,-0.46925824880599976,0.09083253145217896,0.3168299680206115
7945,160,23,-0.4,0.4,-0.5021290183067322,0.08779443055391312,0.32848539385100856
7946,160,24,-0.4,0.4,-0.5413066744804382,0.025941666215658188,0.39985899180365897
7947,160,25,-0.4,0.4,-0.4980313777923584,0.05560794845223427,0.35807266888321293
7948,160,26,-0.4,0.4,-0.4963257312774658,0.06601196527481079,0.34760128573659327
7949,160,27,-0.4,0.4,-0.43008556962013245,0.11395899206399918,0.2876188445154648
7950,160,28,-0.4,0.4,-0.4755367934703827,0.13683870434761047,0.2737876452603945
7951,160,29,-0.4,0.4,-0.5009865760803223,0.07536843419075012,0.3399763845742702
7952,160,30,-0.4,0.4,-0.4458538591861725,0.13328871130943298,0.27062425596617967
7953,160,31,-0.4,0.4,-0.44041872024536133,0.1177583560347557,0.28512105943699867
7954,160,32,-0.4,0.4,-0.5124287605285645,0.07866254448890686,0.3404379334156713
7955,160,33,-0.4,0.4,-0.47277507185935974,0.11055581271648407,0.29845292532717793
7956,160,34,-0.4,0.4,-0.45954957604408264,0.1281030774116516,0.27834167585908565
7957,160,35,-0.4,0.4,-0.4587065279483795,0.17271453142166138,0.23474484158470624
7958,160,36,-0.4,0.4,-0.5474607944488525,0.03753574192523956,0.39131192708780715
7959,160,37,-0.4,0.4,-0.45913949608802795,0.1056022047996521,0.3002791065265312
7960,160,38,-0.4,0.4,-0.46999311447143555,0.17120258510112762,0.23926406570527517
7961,160,39,-0.4,0.4,-0.45399174094200134,0.11923898011445999,0.28590533114497324
7962,160,40,-0.4,0.4,-0.4542286694049835,0.1277906596660614,0.2775584146634236
7963,160,41,-0.4,0.4,-0.4946374297142029,0.0803975835442543,0.333319587944157
7964,160,42,-0.4,0.4,-0.5643163919448853,0.051846206188201904,0.38498174087524356
7965,160,43,-0.4,0.4,-0.4588255286216736,0.1453062891960144,0.26139879330387816
7966,160,44,-0.4,0.4,-0.48233410716056824,0.10744547098875046,0.3039194920483416
7967,160,45,-0.4,0.4,-0.5100898742675781,0.06064840406179428,0.3567622262544879
7968,160,46,-0.4,0.4,-0.4605654180049896,0.10885186493396759,0.29738091130828787
7969,160,47,-0.4,0.4,-0.47214892506599426,0.12319771945476532,0.2860506422003301
7970,160,48,-0.4,0.4,-0.4471774995326996,0.11836375296115875,0.2855603125581023
7971,160,49,-0.4,0.4,-0.4859825670719147,0.13243192434310913,0.2810439057353993
7972,161,0,-0.3,0.4,-0.18950363993644714,0.443075954914093,0.11859588306115558
7973,161,1,-0.3,0.4,-0.1852686107158661,0.45773500204086304,0.12843917684151487
7974,161,2,-0.3,0.4,-0.17823690176010132,0.4307461977005005,0.12558495437757453
7975,161,3,-0.3,0.4,-0.17843985557556152,0.4662674069404602,0.13844940568706998
7976,161,4,-0.3,0.4,-0.18183915317058563,0.4773904085159302,0.1412489329294451
7977,161,5,-0.3,0.4,-0.1718417853116989,0.4632806181907654,0.14292992909358798
7978,161,6,-0.3,0.4,-0.1826939880847931,0.4544990062713623,0.12934775651713734
7979,161,7,-0.3,0.4,-0.19482938945293427,0.481475830078125,0.13303822086063113
7980,161,8,-0.3,0.4,-0.18329666554927826,0.47939276695251465,0.14114843150489953
7981,161,9,-0.3,0.4,-0.16260595619678497,0.40632665157318115,0.13753962989890658
7982,161,10,-0.3,0.4,-0.1857449859380722,0.456970751285553,0.1276709627923736
7983,161,11,-0.3,0.4,-0.1770477294921875,0.44324833154678345,0.1303367906794041
7984,161,12,-0.3,0.4,-0.2054760754108429,0.5194460153579712,0.1523224307337345
7985,161,13,-0.3,0.4,-0.18819966912269592,0.485525518655777,0.1407619562439167
7986,161,14,-0.3,0.4,-0.1870737373828888,0.49071934819221497,0.14485282505042524
7987,161,15,-0.3,0.4,-0.15772691369056702,0.4372653663158417,0.14707256241279415
7988,161,16,-0.3,0.4,-0.17143110930919647,0.3773135542869568,0.13055510128889886
7989,161,17,-0.3,0.4,-0.17769579589366913,0.4220820367336273,0.12428167478911886
7990,161,18,-0.3,0.4,-0.1681172102689743,0.3920719027519226,0.1321208725115487
7991,161,19,-0.3,0.4,-0.17159411311149597,0.4456437826156616,0.13627702183086135
7992,161,20,-0.3,0.4,-0.18888236582279205,0.44961491227149963,0.12169128212344717
7993,161,21,-0.3,0.4,-0.17359404265880585,0.4705848693847656,0.1447780709824807
7994,161,22,-0.3,0.4,-0.19169823825359344,0.4774492383003235,0.13314524441629788
7995,161,23,-0.3,0.4,-0.18786047399044037,0.4517980217933655,0.12352452531928491
7996,161,24,-0.3,0.4,-0.1918303519487381,0.46231016516685486,0.12483280595522395
7997,161,25,-0.3,0.4,-0.20086131989955902,0.4675651490688324,0.11997302722175143
7998,161,26,-0.3,0.4,-0.20219354331493378,0.4741189777851105,0.12271807461493775
7999,161,27,-0.3,0.4,-0.20142735540866852,0.5268644094467163,0.16065847206416792
8000,161,28,-0.3,0.4,-0.19482728838920593,0.4828487038612366,0.13388505143986063
8001,161,29,-0.3,0.4,-0.19298122823238373,0.476321816444397,0.1314459477352625
8002,161,30,-0.3,0.4,-0.20586659014225006,0.5051579475402832,0.14113572468490065
8003,161,31,-0.3,0.4,-0.17572201788425446,0.4639884829521179,0.1397839146299568
8004,161,32,-0.3,0.4,-0.18268263339996338,0.47031158208847046,0.13677383917164532
8005,161,33,-0.3,0.4,-0.1799497753381729,0.46489647030830383,0.1364683417494025
8006,161,34,-0.3,0.4,-0.19235211610794067,0.45523402094841003,0.12099117313493443
8007,161,35,-0.3,0.4,-0.20549647510051727,0.4671010673046112,0.11590284488244933
8008,161,36,-0.3,0.4,-0.20148912072181702,0.4910610616207123,0.13415107259970713
8009,161,37,-0.3,0.4,-0.17189040780067444,0.4720394015312195,0.14697531420770552
8010,161,38,-0.3,0.4,-0.17223404347896576,0.48718175292015076,0.15467642899926615
8011,161,39,-0.3,0.4,-0.1930050551891327,0.3723752200603485,0.1105036048361985
8012,161,40,-0.3,0.4,-0.19797886908054352,0.4649454355239868,0.12093891329710715
8013,161,41,-0.3,0.4,-0.1882539987564087,0.42389002442359924,0.11427117773477648
8014,161,42,-0.3,0.4,-0.19146905839443207,0.332219660282135,0.12795757006938036
8015,161,43,-0.3,0.4,-0.1906169354915619,0.3335135877132416,0.1280042882876271
8016,161,44,-0.3,0.4,-0.19053299725055695,0.38621464371681213,0.11033159447230426
8017,161,45,-0.3,0.4,-0.19316330552101135,0.36080116033554077,0.11380082740576514
8018,161,46,-0.3,0.4,-0.2341684252023697,0.3769930601119995,0.06973604178146378
8019,161,47,-0.3,0.4,-0.23329082131385803,0.42814964056015015,0.0724052262246674
8020,161,48,-0.3,0.4,-0.21200142800807953,0.41460907459259033,0.08920299172712244
8021,161,49,-0.3,0.4,-0.2023964822292328,0.39335694909095764,0.0978293248806747
8022,162,0,-0.2,0.4,-0.02523825876414776,0.24101482331752777,0.23625823288203926
8023,162,1,-0.2,0.4,-0.03046778216958046,0.23326489329338074,0.2377851313496463
8024,162,2,-0.2,0.4,-0.04713311418890953,0.2256830632686615,0.2318505536093853
8025,162,3,-0.2,0.4,-0.09327058494091034,0.19274422526359558,0.23312255189158054
8026,162,4,-0.2,0.4,-0.032246969640254974,0.23308834433555603,0.23664441677657103
8027,162,5,-0.2,0.4,-0.030403241515159607,0.23670774698257446,0.2354302877373092
8028,162,6,-0.2,0.4,-0.0532950721681118,0.21818892657756805,0.23361849727531525
8029,162,7,-0.2,0.4,-0.04790768772363663,0.2195097804069519,0.23602709764414248
8030,162,8,-0.2,0.4,-0.036456868052482605,0.22886955738067627,0.23671076105299638
8031,162,9,-0.2,0.4,-0.03039136901497841,0.23677918314933777,0.23538930043230652
8032,162,10,-0.2,0.4,-0.018922952935099602,0.23767869174480438,0.2431812165596315
8033,162,11,-0.2,0.4,-0.030530568212270737,0.23220106959342957,0.23848767128731183
8034,162,12,-0.2,0.4,-0.05726224184036255,0.21549348533153534,0.23327391958713156
8035,162,13,-0.2,0.4,-0.03735306113958359,0.22843505442142487,0.23640760832097493
8036,162,14,-0.2,0.4,-0.2061476707458496,0.15020602941513062,0.24986960918878065
8037,162,15,-0.2,0.4,-0.025166355073451996,0.2394653558731079,0.23735664170873788
8038,162,16,-0.2,0.4,-0.04899526387453079,0.2246587574481964,0.23140220757791619
8039,162,17,-0.2,0.4,-0.04978238046169281,0.21632704138755798,0.2372785050214272
8040,162,18,-0.2,0.4,-0.06061706319451332,0.21157437562942505,0.2343753805158795
8041,162,19,-0.2,0.4,-0.05816294252872467,0.21360379457473755,0.2342248839663423
8042,162,20,-0.2,0.4,-0.048262134194374084,0.21955105662345886,0.23576726041788817
8043,162,21,-0.2,0.4,-0.07835523039102554,0.199914813041687,0.23416133757169125
8044,162,22,-0.2,0.4,-0.06278111785650253,0.20839104056358337,0.23567565625880288
8045,162,23,-0.2,0.4,-0.05008827894926071,0.21789494156837463,0.2358723731486593
8046,162,24,-0.2,0.4,-0.027089916169643402,0.24183644354343414,0.23433652656214363
8047,162,25,-0.2,0.4,-0.06647928804159164,0.20712719857692719,0.23457983300075977
8048,162,26,-0.2,0.4,-0.054894305765628815,0.21427243947982788,0.23569130072196776
8049,162,27,-0.2,0.4,-0.07261281460523605,0.2057088017463684,0.23232857060988418
8050,162,28,-0.2,0.4,-0.0588391050696373,0.21500200033187866,0.23270293968651778
8051,162,29,-0.2,0.4,-0.04731263220310211,0.22689251601696014,0.23082381440328809
8052,162,30,-0.2,0.4,-0.059508081525564194,0.21291688084602356,0.23396169051579466
8053,162,31,-0.2,0.4,-0.0585169792175293,0.2207263559103012,0.2283779425315261
8054,162,32,-0.2,0.4,-0.0731830820441246,0.19988714158535004,0.2369128252811759
8055,162,33,-0.2,0.4,-0.07419712096452713,0.20547929406166077,0.23165636061279146
8056,162,34,-0.2,0.4,-0.05566348508000374,0.2169579714536667,0.2331038690232468
8057,162,35,-0.2,0.4,-0.04875699430704117,0.21959470212459564,0.2354156287771773
8058,162,36,-0.2,0.4,-0.06841134279966354,0.20687754452228546,0.23369180027020528
8059,162,37,-0.2,0.4,-0.042322661727666855,0.22931739687919617,0.23236758382515754
8060,162,38,-0.2,0.4,-0.04119084030389786,0.2286360114812851,0.23363639648912654
8061,162,39,-0.2,0.4,-0.031312860548496246,0.23887139558792114,0.23327618433118133
8062,162,40,-0.2,0.4,-0.04493558406829834,0.22537890076637268,0.233532655930172
8063,162,41,-0.2,0.4,-0.04826689511537552,0.2227586954832077,0.23331827006203942
8064,162,42,-0.2,0.4,-0.0584871768951416,0.21690568327903748,0.23140745000674262
8065,162,43,-0.2,0.4,-0.04850517213344574,0.2256745547056198,0.23095463569151595
8066,162,44,-0.2,0.4,-0.1445126086473465,0.17882674932479858,0.22802731725246872
8067,162,45,-0.2,0.4,-0.04347636178135872,0.22585105895996094,0.23415273431366784
8068,162,46,-0.2,0.4,-0.03704507648944855,0.23340721428394318,0.23303961755239327
8069,162,47,-0.2,0.4,-0.013534488156437874,0.25270915031433105,0.23762150893428807
8070,162,48,-0.2,0.4,-0.059185221791267395,0.21880236268043518,0.22948068662126472
8071,162,49,-0.2,0.4,-0.03779212385416031,0.2297224998474121,0.23517189913329067
8072,163,0,-0.1,0.4,-0.427802711725235,-0.03490728884935379,0.5446090044322741
8073,163,1,-0.1,0.4,-0.43235108256340027,0.004089131951332092,0.5169164898899181
8074,163,2,-0.1,0.4,-0.4246736764907837,-0.008108850568532944,0.5215034325087528
8075,163,3,-0.1,0.4,-0.3777622878551483,-0.0045080967247486115,0.4906920509549802
8076,163,4,-0.1,0.4,-0.4153895080089569,0.014324640855193138,0.49821283043856635
8077,163,5,-0.1,0.4,-0.41449224948883057,-0.0024659931659698486,0.5107682944776578
8078,163,6,-0.1,0.4,-0.3849577009677887,-0.007535576820373535,0.49727873241790893
8079,163,7,-0.1,0.4,-0.41662999987602234,-0.01866491138935089,0.5249141499808735
8080,163,8,-0.1,0.4,-0.37724143266677856,0.052613742649555206,0.4444547488587307
8081,163,9,-0.1,0.4,-0.4285886287689209,0.005417659878730774,0.5134838946761785
8082,163,10,-0.1,0.4,-0.42163872718811035,-0.005912654101848602,0.5178962768616846
8083,163,11,-0.1,0.4,-0.4122636318206787,0.019279060885310173,0.4923992376499092
8084,163,12,-0.1,0.4,-0.4149436950683594,0.018789399415254593,0.49448058916553445
8085,163,13,-0.1,0.4,-0.3811943829059601,0.010029919445514679,0.4807774378083226
8086,163,14,-0.1,0.4,-0.4162699580192566,0.023251283913850784,0.4919006824736719
8087,163,15,-0.1,0.4,-0.3988713026046753,0.05705597996711731,0.45490071048189146
8088,163,16,-0.1,0.4,-0.4154565632343292,0.034020114690065384,0.4831709011717151
8089,163,17,-0.1,0.4,-0.48879748582839966,0.015534657984972,0.5467879700553196
8090,163,18,-0.1,0.4,-0.42566055059432983,-0.017589766532182693,0.5295620901516696
8091,163,19,-0.1,0.4,-0.4113590717315674,0.038526132702827454,0.4770826220774733
8092,163,20,-0.1,0.4,-0.40533632040023804,0.03392608091235161,0.47669737023791836
8093,163,21,-0.1,0.4,-0.415905237197876,-0.004595369100570679,0.5133162101343316
8094,163,22,-0.1,0.4,-0.36294570565223694,0.046276405453681946,0.44075029830928175
8095,163,23,-0.1,0.4,-0.40350961685180664,-0.012563575059175491,0.5121784757163644
8096,163,24,-0.1,0.4,-0.4122885465621948,-0.0024438202381134033,0.5093968637141134
8097,163,25,-0.1,0.4,-0.425863116979599,0.025299416854977608,0.49657557130499247
8098,163,26,-0.1,0.4,-0.42406076192855835,-0.019710376858711243,0.5302567094008328
8099,163,27,-0.1,0.4,-0.41373011469841003,0.0028765201568603516,0.5060964760906779
8100,163,28,-0.1,0.4,-0.40847304463386536,-0.008671078830957413,0.5120231146525959
8101,163,29,-0.1,0.4,-0.48048126697540283,0.02872331067919731,0.5316129932123778
8102,163,30,-0.1,0.4,-0.346155047416687,0.03429592400789261,0.44083078223503463
8103,163,31,-0.1,0.4,-0.410629004240036,0.0042111836373806,0.5031293724608807
8104,163,32,-0.1,0.4,-0.41465792059898376,-0.011156737804412842,0.5177445992356107
8105,163,33,-0.1,0.4,-0.39959225058555603,-0.028782881796360016,0.5230776962674951
8106,163,34,-0.1,0.4,-0.4186583161354065,-0.013158131390810013,0.5217688798468135
8107,163,35,-0.1,0.4,-0.3202894926071167,-0.03356620669364929,0.4863199730011314
8108,163,36,-0.1,0.4,-0.4237551987171173,0.033093616366386414,0.4893237405312117
8109,163,37,-0.1,0.4,-0.39987215399742126,0.0014155060052871704,0.49879144699571026
8110,163,38,-0.1,0.4,-0.41102129220962524,0.007179439067840576,0.5010411532986103
8111,163,39,-0.1,0.4,-0.39729854464530945,-0.002414427697658539,0.5003236914912716
8112,163,40,-0.1,0.4,-0.39654186367988586,0.021718697622418404,0.4806597763940929
8113,163,41,-0.1,0.4,-0.4162444472312927,-0.01784539222717285,0.5240279784611752
8114,163,42,-0.1,0.4,-0.4117872714996338,-0.0036765150725841522,0.5100647326470755
8115,163,43,-0.1,0.4,-0.4258279800415039,-0.0031487569212913513,0.5183558553591434
8116,163,44,-0.1,0.4,-0.41605713963508606,-0.006023630499839783,0.5145360084955987
8117,163,45,-0.1,0.4,-0.41716107726097107,0.014735741540789604,0.4990187348942572
8118,163,46,-0.1,0.4,-0.40900707244873047,-0.007487960159778595,0.5114018072890556
8119,163,47,-0.1,0.4,-0.38723739981651306,0.015391815453767776,0.48002997768191524
8120,163,48,-0.1,0.4,-0.4177877902984619,0.01209709420800209,0.5014556251401063
8121,163,49,-0.1,0.4,-0.4275769591331482,0.05376974865794182,0.4766361831620687
8122,164,0,0.0,0.4,-0.5699746012687683,0.006020642817020416,0.6928858347360013
8123,164,1,0.0,0.4,-0.5413021445274353,0.009002428501844406,0.6677477911513117
8124,164,2,0.0,0.4,-0.5453776121139526,0.013773543760180473,0.6682870755107315
8125,164,3,0.0,0.4,-0.563614010810852,-0.010202482342720032,0.6970845212041542
8126,164,4,0.0,0.4,-0.571775496006012,-0.003574073314666748,0.6998565927993485
8127,164,5,0.0,0.4,-0.5438595414161682,-0.022775359451770782,0.6888557217218848
8128,164,6,0.0,0.4,-0.5723771452903748,0.008371623232960701,0.6935332594331326
8129,164,7,0.0,0.4,-0.5405707359313965,0.008788071572780609,0.6672806706994857
8130,164,8,0.0,0.4,-0.5512561202049255,0.020093834027647972,0.6694863740265365
8131,164,9,0.0,0.4,-0.5273063778877258,-0.03445035219192505,0.683226993524671
8132,164,10,0.0,0.4,-0.5519993901252747,0.005052510648965836,0.6787391590613882
8133,164,11,0.0,0.4,-0.5672428607940674,0.01210668496787548,0.6871867919048275
8134,164,12,0.0,0.4,-0.5506884455680847,-0.0050817206501960754,0.6836292595311562
8135,164,13,0.0,0.4,-0.5434486865997314,0.029469255357980728,0.6577457774033539
8136,164,14,0.0,0.4,-0.5685216188430786,6.875395774841309e-05,0.6950984337868003
8137,164,15,0.0,0.4,-0.4944004416465759,0.015691671520471573,0.6261986011155395
8138,164,16,0.0,0.4,-0.573605477809906,0.007118698209524155,0.6952546019050212
8139,164,17,0.0,0.4,-0.5589262843132019,0.008134705945849419,0.6826104306120059
8140,164,18,0.0,0.4,-0.5351467728614807,0.01812768541276455,0.6574256864104641
8141,164,19,0.0,0.4,-0.5485863089561462,-0.003467567265033722,0.6809794535879132
8142,164,20,0.0,0.4,-0.5622234344482422,0.009075943380594254,0.6847750055942092
8143,164,21,0.0,0.4,-0.5665180087089539,0.001819763332605362,0.6924522763801566
8144,164,22,0.0,0.4,-0.5087172389030457,0.01462237536907196,0.6382077582757162
8145,164,23,0.0,0.4,-0.5630039572715759,-0.012635041028261185,0.6980265990546846
8146,164,24,0.0,0.4,-0.5615596175193787,-0.003689657896757126,0.691602880214731
8147,164,25,0.0,0.4,-0.5175089240074158,0.004128243774175644,0.6515596164624016
8148,164,26,0.0,0.4,-0.48212090134620667,0.022135820239782333,0.6125535910112199
8149,164,27,0.0,0.4,-0.5731426477432251,-0.0009341686964035034,0.6994574342234063
8150,164,28,0.0,0.4,-0.5413661003112793,0.007257729768753052,0.6688226561597894
8151,164,29,0.0,0.4,-0.5781428813934326,-0.00021447986364364624,0.7031506390514252
8152,164,30,0.0,0.4,-0.5248935222625732,-0.026238158345222473,0.6761598755787993
8153,164,31,0.0,0.4,-0.4990069270133972,-0.009994685649871826,0.6458355483158938
8154,164,32,0.0,0.4,-0.5340450406074524,0.01112346537411213,0.6606277806602254
8155,164,33,0.0,0.4,-0.5663788318634033,0.00033088773488998413,0.6931957735602075
8156,164,34,0.0,0.4,-0.5375958681106567,0.022279053926467896,0.6570254412976219
8157,164,35,0.0,0.4,-0.5349010229110718,0.005981799215078354,0.6643564155339344
8158,164,36,0.0,0.4,-0.49730589985847473,-0.02046073228120804,0.6512299021271191
8159,164,37,0.0,0.4,-0.52330482006073,-0.02016720175743103,0.6711098361158647
8160,164,38,0.0,0.4,-0.5101450085639954,-0.015321895480155945,0.6578299222656177
8161,164,39,0.0,0.4,-0.5398192405700684,-0.02034836634993553,0.6841765573174113
8162,164,40,0.0,0.4,-0.5581146478652954,-0.00455131009221077,0.689313950721387
8163,164,41,0.0,0.4,-0.5372737646102905,-0.02306964620947838,0.6838501470953465
8164,164,42,0.0,0.4,-0.5220324993133545,-0.011928807944059372,0.6649836638245794
8165,164,43,0.0,0.4,-0.5300329327583313,-0.010745178908109665,0.6705568669431794
8166,164,44,0.0,0.4,-0.5417720675468445,0.013889312744140625,0.6652807196869414
8167,164,45,0.0,0.4,-0.5070406198501587,-0.006916675716638565,0.6501318106002145
8168,164,46,0.0,0.4,-0.5349978804588318,-0.003528796136379242,0.6701180652741112
8169,164,47,0.0,0.4,-0.5451879501342773,0.0019072666764259338,0.6750612752162943
8170,164,48,0.0,0.4,-0.5548939108848572,-0.011786364018917084,0.6909958479824694
8171,165,0,0.1,0.4,-0.02376503124833107,0.32947471737861633,0.14244858177155156
8172,165,1,0.1,0.4,-0.019431641325354576,0.3339690566062927,0.13646978579572522
8173,165,2,0.1,0.4,-0.02293335273861885,0.33620792627334595,0.1384992342430259
8174,165,3,0.1,0.4,-0.03240645304322243,0.33285030722618103,0.14846060099267194
8175,165,4,0.1,0.4,-0.016977112740278244,0.34182441234588623,0.13064472398054675
8176,165,5,0.1,0.4,-0.02535577118396759,0.3285004794597626,0.14431303061959125
8177,165,6,0.1,0.4,-0.01503157988190651,0.3421728014945984,0.12874878351701255
8178,165,7,0.1,0.4,-0.02085583657026291,0.338564932346344,0.1355743366965422
8179,165,8,0.1,0.4,-0.02302417904138565,0.33081409335136414,0.14114403390721364
8180,165,9,0.1,0.4,-0.016000065952539444,0.3400837481021881,0.13056022572926088
8181,165,10,0.1,0.4,-0.016770323738455772,0.33830809593200684,0.13206513367849307
8182,165,11,0.1,0.4,-0.026347124949097633,0.33323073387145996,0.14290462162661743
8183,165,12,0.1,0.4,-0.021740959957242012,0.33013439178466797,0.140364042912026
8184,165,13,0.1,0.4,-0.020402496680617332,0.3353991210460663,0.13663833564760244
8185,165,14,0.1,0.4,-0.02010631561279297,0.3388715386390686,0.13476726545580245
8186,165,15,0.1,0.4,-0.0123528391122818,0.3361450731754303,0.12923084823818745
8187,165,16,0.1,0.4,-0.018116308376193047,0.3346872329711914,0.13497118152175805
8188,165,17,0.1,0.4,-0.02204771712422371,0.33234646916389465,0.13954442120639002
8189,165,18,0.1,0.4,-0.02972005307674408,0.3261754512786865,0.14925600880413123
8190,165,19,0.1,0.4,-0.009027129039168358,0.3506605923175812,0.11967160071201272
8191,165,20,0.1,0.4,-0.04164327681064606,0.314706414937973,0.16534150573401266
8192,165,21,0.1,0.4,-0.02701723389327526,0.3120152950286865,0.15451435536799832
8193,165,22,0.1,0.4,-0.022842250764369965,0.33607858419418335,0.13847803425625474
8194,165,23,0.1,0.4,-0.02877134457230568,0.3144439458847046,0.15460238542383115
8195,165,24,0.1,0.4,-0.02694840542972088,0.31351280212402344,0.15360967755186233
8196,165,25,0.1,0.4,-0.021993644535541534,0.3281373381614685,0.14158633929014197
8197,165,26,0.1,0.4,-0.016932491213083267,0.3395531177520752,0.1316321885968333
8198,165,27,0.1,0.4,-0.027519920840859413,0.3173910081386566,0.15193938181921945
8199,165,28,0.1,0.4,-0.025050081312656403,0.3493826389312744,0.1349060416655374
8200,165,29,0.1,0.4,-0.02252284809947014,0.3139408826828003,0.1497264838958739
8201,165,30,0.1,0.4,-0.03812504932284355,0.314726322889328,0.16232722894946836
8202,165,31,0.1,0.4,-0.025216616690158844,0.33020225167274475,0.14335594430258214
8203,165,32,0.1,0.4,-0.029111310839653015,0.3217974007129669,0.1509482597514187
8204,165,33,0.1,0.4,-0.02794325165450573,0.3490861654281616,0.1377014676564368
8205,165,34,0.1,0.4,-0.031950730830430984,0.31486645340919495,0.157030940014424
8206,165,35,0.1,0.4,-0.025442197918891907,0.3262360692024231,0.1455227216122354
8207,165,36,0.1,0.4,-0.025661112740635872,0.32681015133857727,0.1454216944004462
8208,165,37,0.1,0.4,-0.02471376396715641,0.3248818814754486,0.14558933564490276
8209,165,38,0.1,0.4,-0.025185462087392807,0.32877835631370544,0.14402750587096746
8210,165,39,0.1,0.4,-0.028116947039961815,0.33114922046661377,0.14544546043515877
8211,165,40,0.1,0.4,-0.0279916450381279,0.3294029235839844,0.14617047717666823
8212,165,41,0.1,0.4,-0.024343391880393028,0.32103607058525085,0.14729759418584704
8213,165,42,0.1,0.4,-0.01934036612510681,0.35767123103141785,0.12662483038199954
8214,165,43,0.1,0.4,-0.020602868869900703,0.33314305543899536,0.1378945358441868
8215,165,44,0.1,0.4,-0.02374611422419548,0.3300706148147583,0.14213803044214993
8216,165,45,0.1,0.4,-0.02474374510347843,0.3138038218021393,0.15162711854532804
8217,165,46,0.1,0.4,-0.01717951148748398,0.339526504278183,0.1318638752549841
8218,165,47,0.1,0.4,-0.02630496770143509,0.3155508041381836,0.15193620881069791
8219,165,48,0.1,0.4,-0.021038806065917015,0.33553990721702576,0.13713313288717763
8220,166,0,0.2,0.4,-0.04851270839571953,0.4124343991279602,0.24882359316561875
8221,166,1,0.2,0.4,-0.049905553460121155,0.40625423192977905,0.24998380160970618
8222,166,2,0.2,0.4,-0.06619301438331604,0.4072234332561493,0.2662910041561343
8223,166,3,0.2,0.4,-0.049303993582725525,0.40541163086891174,0.2493627216826064
8224,166,4,0.2,0.4,-0.05112175643444061,0.4050343334674835,0.2511722139652003
8225,166,5,0.2,0.4,-0.054794792085886,0.40959107875823975,0.2549752436332528
8226,166,6,0.2,0.4,-0.04590395465493202,0.4139649271965027,0.24630017073997024
8227,166,7,0.2,0.4,-0.06052454188466072,0.41281723976135254,0.26083964146446825
8228,166,8,0.2,0.4,-0.03959030658006668,0.4098075032234192,0.23979095505587303
8229,166,9,0.2,0.4,-0.050516512244939804,0.41000664234161377,0.25071628546690394
8230,166,10,0.2,0.4,-0.07855764776468277,0.40263083577156067,0.2785700709427522
8231,166,11,0.2,0.4,-0.06813137233257294,0.4069039523601532,0.26822024045015713
8232,166,12,0.2,0.4,-0.042503874748945236,0.4037732183933258,0.24253322750768783
8233,166,13,0.2,0.4,-0.04088454693555832,0.40554001927375793,0.24094824499444442
8234,166,14,0.2,0.4,-0.052041973918676376,0.4066508710384369,0.2521297100747801
8235,166,15,0.2,0.4,-0.1297145038843155,0.39285317063331604,0.32979195145072415
8236,166,16,0.2,0.4,-0.039589084684848785,0.408080130815506,0.23972529698410916
8237,166,17,0.2,0.4,-0.05699174106121063,0.4070422947406769,0.2570882122713659
8238,166,18,0.2,0.4,-0.058869585394859314,0.40841564536094666,0.2590063422569949
8239,166,19,0.2,0.4,-0.05450306832790375,0.39832931756973267,0.2545085518565151
8240,166,20,0.2,0.4,-0.05736181139945984,0.40470293164253235,0.2574047776029914
8241,166,21,0.2,0.4,-0.058006856590509415,0.40138980746269226,0.258010599806479
8242,166,22,0.2,0.4,-0.04074164479970932,0.3992803692817688,0.2407427203660373
8243,166,23,0.2,0.4,-0.04269309341907501,0.41271352767944336,0.24302586565914305
8244,166,24,0.2,0.4,-0.042031094431877136,0.40218254923820496,0.24204093495330375
8245,166,25,0.2,0.4,-0.05012678727507591,0.40845954418182373,0.25026980161480794
8246,166,26,0.2,0.4,-0.025745999068021774,0.40467822551727295,0.22579446824315638
8247,166,27,0.2,0.4,-0.04972825571894646,0.40712687373161316,0.24982993021976746
8248,166,28,0.2,0.4,-0.05278293043375015,0.40552544593811035,0.252843312095632
8249,166,29,0.2,0.4,-0.05319414660334587,0.3978763818740845,0.25320305216987676
8250,166,30,0.2,0.4,-0.06301447004079819,0.41155609488487244,0.2632682183246396
8251,166,31,0.2,0.4,-0.05878753587603569,0.4029712677001953,0.25880459261098265
8252,166,32,0.2,0.4,-0.046460628509521484,0.4124032258987427,0.24677252970702312
8253,166,33,0.2,0.4,-0.04857157915830612,0.41376808285713196,0.24895258598941064
8254,166,34,0.2,0.4,-0.04500899836421013,0.40724122524261475,0.2451159819808733
8255,166,35,0.2,0.4,-0.04262205958366394,0.40147989988327026,0.242626572947572
8256,166,36,0.2,0.4,-0.04955190420150757,0.4029987156391144,0.24956992043530143
8257,166,37,0.2,0.4,-0.055971670895814896,0.40563666820526123,0.25603372498491594
8258,166,38,0.2,0.4,-0.0697546899318695,0.3937019407749176,0.26982820143610214
8259,166,39,0.2,0.4,-0.05194512754678726,0.4045891761779785,0.25198691996323824
8260,166,40,0.2,0.4,-0.04762186482548714,0.4070824086666107,0.2477231286177629
8261,166,41,0.2,0.4,-0.050439417362213135,0.40764567255973816,0.2505560976660028
8262,166,42,0.2,0.4,-0.057718995958566666,0.41155126690864563,0.2579777367237074
8263,166,43,0.2,0.4,-0.03164217621088028,0.4085042476654053,0.23179823128761587
8264,166,44,0.2,0.4,-0.04327353462576866,0.4076158106327057,0.24339271398484447
8265,166,45,0.2,0.4,-0.05896920710802078,0.40484410524368286,0.25901450844647456
8266,166,46,0.2,0.4,-0.10195855796337128,0.34967732429504395,0.30612308377093167
8267,166,47,0.2,0.4,-0.048701293766498566,0.40294790267944336,0.24871876417218242
8268,166,48,0.2,0.4,-0.048616766929626465,0.4091052711009979,0.24878344551107673
8269,166,49,0.2,0.4,-0.06618671864271164,0.4075695276260376,0.26629432387915347
8270,167,0,0.3,0.4,-0.2436685562133789,0.18561410903930664,0.5844115067810953
8271,167,1,0.3,0.4,-0.2672826647758484,0.1905955672264099,0.6046981380990161
8272,167,2,0.3,0.4,-0.2560350298881531,0.1894984096288681,0.5945467803390202
8273,167,3,0.3,0.4,-0.26517829298973083,0.17559373378753662,0.6080992313613011
8274,167,4,0.3,0.4,-0.2443333864212036,0.1986675262451172,0.5803736732149694
8275,167,5,0.3,0.4,-0.2184867411851883,0.21396368741989136,0.550852076680519
8276,167,6,0.3,0.4,-0.2132931798696518,0.2141735553741455,0.5458950045777892
8277,167,7,0.3,0.4,-0.20461063086986542,0.21354283392429352,0.537957399398751
8278,167,8,0.3,0.4,-0.25186192989349365,0.18924866616725922,0.5907348934827286
8279,167,9,0.3,0.4,-0.26383718848228455,0.1799205243587494,0.6052663469202093
8280,167,10,0.3,0.4,-0.24947232007980347,0.17594841122627258,0.5933961113505156
8281,167,11,0.3,0.4,-0.25372618436813354,0.1862042248249054,0.5935666101943503
8282,167,12,0.3,0.4,-0.25831088423728943,0.19204650819301605,0.5957815859965305
8283,167,13,0.3,0.4,-0.22130800783634186,0.20625242590904236,0.5561476076550421
8284,167,14,0.3,0.4,-0.2206544131040573,0.2229517698287964,0.5499337175437472
8285,167,15,0.3,0.4,-0.24151472747325897,0.20644956827163696,0.5750651873419862
8286,167,16,0.3,0.4,-0.26338621973991394,0.2131795883178711,0.5935536191566106
8287,167,17,0.3,0.4,-0.2721084952354431,0.18637970089912415,0.6106895794988734
8288,167,18,0.3,0.4,-0.2664125859737396,0.18271811306476593,0.6066585826802378
8289,167,19,0.3,0.4,-0.27577078342437744,0.1926032155752182,0.6119848210820762
8290,167,20,0.3,0.4,-0.26974233984947205,0.17995485663414001,0.6107587076219653
8291,167,21,0.3,0.4,-0.24155940115451813,0.19256848096847534,0.5799262195025899
8292,167,22,0.3,0.4,-0.2552679181098938,0.20495207607746124,0.5885288043151229
8293,167,23,0.3,0.4,-0.2360495626926422,0.1991560012102127,0.5724399055908359
8294,167,24,0.3,0.4,-0.24642474949359894,0.20088012516498566,0.5815743558767479
8295,167,25,0.3,0.4,-0.25178131461143494,0.19006934762001038,0.5903672568520475
8296,167,26,0.3,0.4,-0.27169984579086304,0.16698803007602692,0.6173615567924092
8297,167,27,0.3,0.4,-0.2790641784667969,0.16549959778785706,0.6247445569359394
8298,167,28,0.3,0.4,-0.28742289543151855,0.16322655975818634,0.6333461297593067
8299,167,29,0.3,0.4,-0.26735037565231323,0.18917201459407806,0.6052560517525956
8300,167,30,0.3,0.4,-0.4066963791847229,0.07966522872447968,0.7759085887145067
8301,167,31,0.3,0.4,-0.23713798820972443,0.20608985424041748,0.5710677394201958
8302,167,32,0.3,0.4,-0.26676464080810547,0.2291514128446579,0.5919555708018275
8303,167,33,0.3,0.4,-0.23472966253757477,0.20374205708503723,0.569607752892077
8304,167,34,0.3,0.4,-0.2521200478076935,0.20599332451820374,0.5852137535317063
8305,167,35,0.3,0.4,-0.2803337574005127,0.17671699821949005,0.6218058932357527
8306,167,36,0.3,0.4,-0.25669601559638977,0.18736670911312103,0.5959222853479135
8307,167,37,0.3,0.4,-0.2969743311405182,0.17944513261318207,0.6364140174200172
8308,167,38,0.3,0.4,-0.25834715366363525,0.19406837224960327,0.5951129130780235
8309,167,39,0.3,0.4,-0.22622795403003693,0.20569325983524323,0.5609554072081782
8310,167,40,0.3,0.4,-0.2542511224746704,0.19934777915477753,0.5894536627204483
8311,167,41,0.3,0.4,-0.25373464822769165,0.193861722946167,0.5908595856162175
8312,167,42,0.3,0.4,-0.2780734598636627,0.18666213750839233,0.6161833887498379
8313,167,43,0.3,0.4,-0.26013004779815674,0.18403200805187225,0.6003231163235945
8314,167,44,0.3,0.4,-0.2527688145637512,0.19366848468780518,0.5900220814217391
8315,167,45,0.3,0.4,-0.2613515257835388,0.17059536278247833,0.6064173670636502
8316,167,46,0.3,0.4,-0.26860132813453674,0.187612846493721,0.6069726298037325
8317,167,47,0.3,0.4,-0.25060272216796875,0.20183143019676208,0.5851787245932975
8318,167,48,0.3,0.4,-0.22759103775024414,0.20561614632606506,0.5622609587046831
8319,168,0,0.4,0.4,-0.16877105832099915,0.383699506521225,0.5690045894992772
8320,168,1,0.4,0.4,-0.20781207084655762,0.41671332716941833,0.6080418149863156
8321,168,2,0.4,0.4,-0.20793259143829346,0.42391636967658997,0.6084028504793402
8322,168,3,0.4,0.4,-0.20132599771022797,0.40331193804740906,0.6013351182625467
8323,168,4,0.4,0.4,-0.21239326894283295,0.38575029373168945,0.6125590338695709
8324,168,5,0.4,0.4,-0.19235216081142426,0.4127546548843384,0.5924894628929548
8325,168,6,0.4,0.4,-0.1979045867919922,0.3820160925388336,0.598174987636958
8326,168,7,0.4,0.4,-0.2078736275434494,0.37791407108306885,0.6082747202695143
8327,168,8,0.4,0.4,-0.2106710821390152,0.3756283223628998,0.6111572213691683
8328,168,9,0.4,0.4,-0.2098856419324875,0.3973767161369324,0.6098912836347381
8329,168,10,0.4,0.4,-0.21322578191757202,0.38123753666877747,0.6135127461093804
8330,168,11,0.4,0.4,-0.21463213860988617,0.3853164315223694,0.6148075088964021
8331,168,12,0.4,0.4,-0.20966744422912598,0.38138049840927124,0.6099517016882252
8332,168,13,0.4,0.4,-0.2031879723072052,0.36904409527778625,0.6039817861270723
8333,168,14,0.4,0.4,-0.19118398427963257,0.37145933508872986,0.5918725139946256
8334,168,15,0.4,0.4,-0.2100859433412552,0.39886748790740967,0.6100869944903179
8335,168,16,0.4,0.4,-0.20369577407836914,0.3598056137561798,0.6050323762622946
8336,168,17,0.4,0.4,-0.17554350197315216,0.3538513779640198,0.5773906978635347
8337,168,18,0.4,0.4,-0.19547094404697418,0.38157719373703003,0.5957558602269872
8338,168,19,0.4,0.4,-0.20361144840717316,0.3717687726020813,0.6042712824953693
8339,168,20,0.4,0.4,-0.2042413204908371,0.40796220302581787,0.6042937779470634
8340,168,21,0.4,0.4,-0.1924460083246231,0.3736656904220581,0.5930310014162213
8341,168,22,0.4,0.4,-0.19677333533763885,0.37660959362983704,0.5972315504728224
8342,168,23,0.4,0.4,-0.19781792163848877,0.3656770884990692,0.5988024128926528
8343,168,24,0.4,0.4,-0.20117957890033722,0.4053005278110504,0.6012029455033154
8344,168,25,0.4,0.4,-0.21366049349308014,0.430836021900177,0.6144347496038931
8345,168,26,0.4,0.4,-0.20663896203041077,0.3858022391796112,0.6068050812786979
8346,168,27,0.4,0.4,-0.2176906317472458,0.4120512902736664,0.6178081823232611
8347,168,28,0.4,0.4,-0.1680566519498825,0.3398030698299408,0.5712372801440825
8348,168,29,0.4,0.4,-0.21681860089302063,0.37951627373695374,0.617158625840426
8349,168,30,0.4,0.4,-0.20029683411121368,0.37607577443122864,0.6007733829099051
8350,168,31,0.4,0.4,-0.20590578019618988,0.3743624985218048,0.6064479334264385
8351,168,32,0.4,0.4,-0.20357026159763336,0.3673666715621948,0.6044518134723108
8352,168,33,0.4,0.4,-0.187570258975029,0.3630153238773346,0.588733110585672
8353,168,34,0.4,0.4,-0.22291769087314606,0.40348365902900696,0.6229274319557316
8354,168,35,0.4,0.4,-0.213339164853096,0.36614760756492615,0.6142726720409036
8355,168,36,0.4,0.4,-0.19052080810070038,0.34619230031967163,0.5929671941556233
8356,168,37,0.4,0.4,-0.19630008935928345,0.3329833447933197,0.6000541880905261
8357,168,38,0.4,0.4,-0.19891318678855896,0.34487515687942505,0.6014447220138317
8358,168,39,0.4,0.4,-0.1988365352153778,0.37823885679244995,0.5992317942686769
8359,168,40,0.4,0.4,-0.2076263725757599,0.37073084712028503,0.6083309066288448
8360,168,41,0.4,0.4,-0.20456895232200623,0.3633560538291931,0.605678459995646
8361,168,42,0.4,0.4,-0.21510179340839386,0.410394549369812,0.6151896154120483
8362,168,43,0.4,0.4,-0.21390122175216675,0.38339996337890625,0.6141256152324415
8363,168,44,0.4,0.4,-0.1987246870994568,0.36312565207481384,0.5998591238593026
8364,168,45,0.4,0.4,-0.19337639212608337,0.33873066306114197,0.5965312015154738
8365,168,46,0.4,0.4,-0.20658914744853973,0.44559818506240845,0.6083005739626849
8366,168,47,0.4,0.4,-0.21037104725837708,0.4112432599067688,0.6104745909737924
8367,168,48,0.4,0.4,-0.20101410150527954,0.415365993976593,0.6012104988929311
8368,168,49,0.4,0.4,-0.20804205536842346,0.3962841033935547,0.6080534096477437
8369,169,0,0.5,0.4,-0.5878909826278687,0.5768684148788452,1.1021747711977374
8370,169,1,0.5,0.4,-0.5956189036369324,0.5258282423019409,1.1028207146074966
8371,169,2,0.5,0.4,-0.5915966629981995,0.5111295580863953,1.097238831498996
8372,169,3,0.5,0.4,-0.5954104065895081,0.55777907371521,1.106715046869347
8373,169,4,0.5,0.4,-0.5864338278770447,0.5585031509399414,1.097935203558688
8374,169,5,0.5,0.4,-0.5868514776229858,0.5543334484100342,1.0977545024773985
8375,169,6,0.5,0.4,-0.5925258994102478,0.576886773109436,1.1067528050035562
8376,169,7,0.5,0.4,-0.587244987487793,0.5457140207290649,1.096965924108111
8377,169,8,0.5,0.4,-0.5875540375709534,0.5709081888198853,1.1009011734222904
8378,169,9,0.5,0.4,-0.5912029147148132,0.551694393157959,1.1016964146250388
8379,169,10,0.5,0.4,-0.588101327419281,0.5300384759902954,1.095844196941098
8380,169,11,0.5,0.4,-0.5855534076690674,0.5113146305084229,1.091245686299447
8381,169,12,0.5,0.4,-0.5982249975204468,0.4736967086791992,1.1006949395944965
8382,169,13,0.5,0.4,-0.5686903595924377,0.5724258422851562,1.0825108571157886
8383,169,14,0.5,0.4,-0.5990087389945984,0.40405887365341187,1.0990162341120497
8384,169,15,0.5,0.4,-0.5974737405776978,0.571503758430481,1.110793477840676
8385,169,16,0.5,0.4,-0.5982293486595154,0.5693904161453247,1.1112159175151288
8386,169,17,0.5,0.4,-0.5890844464302063,0.5474512577056885,1.0990208391359912
8387,169,18,0.5,0.4,-0.5916298031806946,0.5649706125259399,1.1040248775229233
8388,169,19,0.5,0.4,-0.5919149518013,0.4753091633319855,1.0945088999405164
8389,169,20,0.5,0.4,-0.5948231220245361,0.4742620885372162,1.097338838423876
8390,169,21,0.5,0.4,-0.5840445756912231,0.508368730545044,1.0894477609530016
8391,169,22,0.5,0.4,-0.5864043831825256,0.5439573526382446,1.095900635631176
8392,169,23,0.5,0.4,-0.5844900012016296,0.5488148927688599,1.0946526549623483
8393,169,24,0.5,0.4,-0.5914801359176636,0.5709885358810425,1.1047922730113493
8394,169,25,0.5,0.4,-0.601550281047821,0.5827075242996216,1.1165997766040572
8395,169,26,0.5,0.4,-0.5892911553382874,0.5518938302993774,1.0998304218293096
8396,169,27,0.5,0.4,-0.5833873152732849,0.604839563369751,1.1025821155889326
8397,169,28,0.5,0.4,-0.5947836637496948,0.4618551433086395,1.096529675461151
8398,169,29,0.5,0.4,-0.5871190428733826,0.569901704788208,1.100315592304262
8399,169,30,0.5,0.4,-0.5938872694969177,0.5800457000732422,1.1086053456854186
8400,169,31,0.5,0.4,-0.5837509632110596,0.5321241617202759,1.0917751345268791
8401,169,32,0.5,0.4,-0.5933541059494019,0.572861909866333,1.1069347048850948
8402,169,33,0.5,0.4,-0.5753675103187561,0.4537029564380646,1.0767076157338855
8403,169,34,0.5,0.4,-0.594326913356781,0.58382248878479,1.1096585513931816
8404,169,35,0.5,0.4,-0.5936867594718933,0.5755685567855835,1.107689056538839
8405,169,36,0.5,0.4,-0.5928418636322021,0.576019287109375,1.1069264331208273
8406,169,37,0.5,0.4,-0.5830509662628174,0.5482547283172607,1.0931508861960673
8407,169,38,0.5,0.4,-0.5849895477294922,0.5661650896072388,1.0976398114529327
8408,169,39,0.5,0.4,-0.5915982723236084,0.5725014209747314,1.1051441210892758
8409,169,40,0.5,0.4,-0.5887817144393921,0.5651075839996338,1.1012293748315007
8410,169,41,0.5,0.4,-0.5812081098556519,0.5314052104949951,1.0891640400613973
8411,169,42,0.5,0.4,-0.5673649907112122,0.5869678258895874,1.083616625617116
8412,169,43,0.5,0.4,-0.5871365070343018,0.5492844581604004,1.0973384320140194
8413,169,44,0.5,0.4,-0.5897736549377441,0.5360186100006104,1.0982293391012952
8414,169,45,0.5,0.4,-0.5885164141654968,0.5609340667724609,1.1003489254575725
8415,169,46,0.5,0.4,-0.5954475402832031,0.48331692814826965,1.0986114071993718
8416,169,47,0.5,0.4,-0.5934487581253052,0.5681467056274414,1.106301722523803
8417,169,48,0.5,0.4,-0.5767511129379272,0.5708519220352173,1.0902216923526118
8418,170,0,0.6,0.4,-0.5797306299209595,-0.0345611572265625,1.257222239122341
8419,170,1,0.6,0.4,-0.5643656849861145,-0.032334767282009125,1.2420389685408315
8420,170,2,0.6,0.4,-0.5682204961776733,-0.0051035210490226746,1.2364659277375682
8421,170,3,0.6,0.4,-0.5544174313545227,-0.00020294636487960815,1.2218191372270715
8422,170,4,0.6,0.4,-0.5864041447639465,-0.0018016360700130463,1.2525970419339216
8423,170,5,0.6,0.4,-0.3934500217437744,0.08991514891386032,1.0407187711268684
8424,170,6,0.6,0.4,-0.5791440010070801,-0.035817645490169525,1.2571068352497252
8425,170,7,0.6,0.4,-0.5170812606811523,-0.046773359179496765,1.2031113736631054
8426,170,8,0.6,0.4,-0.5093503594398499,0.0529656782746315,1.1623644180912933
8427,170,9,0.6,0.4,-0.49895909428596497,-0.0742238312959671,1.1969124166299114
8428,170,10,0.6,0.4,-0.5697660446166992,0.04026486352086067,1.2238308574128463
8429,170,11,0.6,0.4,-0.5537474155426025,0.015345998108386993,1.2161791808950144
8430,170,12,0.6,0.4,-0.5783010125160217,-0.007033858448266983,1.2466233745681035
8431,170,13,0.6,0.4,-0.5005969405174255,-0.0560947060585022,1.191358890666834
8432,170,14,0.6,0.4,-0.56336510181427,-0.07005129754543304,1.2547376548280809
8433,170,15,0.6,0.4,-0.507655143737793,0.008596949279308319,1.1747749850768254
8434,170,16,0.6,0.4,-0.5718364715576172,-0.06429718434810638,1.2604652281860798
8435,170,17,0.6,0.4,-0.5767812132835388,0.032252538949251175,1.2329039780316835
8436,170,18,0.6,0.4,-0.5478801727294922,-0.08250555396080017,1.2451668565090013
8437,170,19,0.6,0.4,0.06655744463205338,0.3636654019355774,0.5346785603462962
8438,170,20,0.6,0.4,-0.5801795721054077,-0.014923397451639175,1.2509937042878012
8439,170,21,0.6,0.4,-0.43832388520240784,0.023707974702119827,1.1044058035362743
8440,170,22,0.6,0.4,-0.5751773118972778,-0.041108302772045135,1.2552363319998932
8441,170,23,0.6,0.4,-0.5665059685707092,-0.009092193096876144,1.2361604253347946
8442,170,24,0.6,0.4,-0.5430506467819214,-0.007937248796224594,1.2136628774350815
8443,170,25,0.6,0.4,-0.5724103450775146,-0.06168141961097717,1.260037995640919
8444,170,26,0.6,0.4,-0.5577589273452759,-0.006560087203979492,1.227068391881639
8445,170,27,0.6,0.4,-0.5705919861793518,-0.0317714661359787,1.2476827309362475
8446,170,28,0.6,0.4,-0.5325016379356384,-0.00807490199804306,1.2037795003934968
8447,170,29,0.6,0.4,-0.5638391375541687,-0.024092812091112137,1.2386994192983942
8448,170,30,0.6,0.4,-0.570958137512207,-0.0420883446931839,1.2516329591056703
8449,170,31,0.6,0.4,-0.46340200304985046,0.016368865966796875,1.1304851467799282
8450,170,32,0.6,0.4,-0.5669383406639099,-0.02435559779405594,1.241701560074155
8451,170,33,0.6,0.4,-0.558957576751709,-0.018614143133163452,1.2322420482767606
8452,170,34,0.6,0.4,-0.5743047595024109,-0.03641653060913086,1.252777337110999
8453,170,35,0.6,0.4,-0.5026255249977112,0.016475938260555267,1.1674218407711927
8454,170,36,0.6,0.4,-0.5215351581573486,0.004680253565311432,1.189167277091081
8455,170,37,0.6,0.4,-0.5218127369880676,0.0912790596485138,1.163517269265981
8456,170,38,0.6,0.4,-0.5823097229003906,-0.04804623872041702,1.2643582217458436
8457,170,39,0.6,0.4,-0.5513096451759338,-0.03698718547821045,1.2314510543855581
8458,170,40,0.6,0.4,-0.5806583166122437,-0.04852517694234848,1.2629841229947518
8459,170,41,0.6,0.4,-0.5574175119400024,-0.016362790018320084,1.2300297841341996
8460,170,42,0.6,0.4,-0.5721316337585449,-0.03135041892528534,1.2489818856830932
8461,170,43,0.6,0.4,-0.5120922327041626,0.08643677085638046,1.1554527392809728
8462,170,44,0.6,0.4,-0.5557493567466736,-0.014863457530736923,1.2279528753232787
8463,170,45,0.6,0.4,-0.5151679515838623,-0.0013153403997421265,1.1851808143401195
8464,170,46,0.6,0.4,-0.4741373062133789,0.06019456684589386,1.1266049374116838
8465,170,47,0.6,0.4,-0.5659165382385254,-0.009300827980041504,1.2356733152104784
8466,170,48,0.6,0.4,-0.5793082118034363,-0.017956234514713287,1.251181550534029
8467,170,49,0.6,0.4,-0.5319181084632874,0.04448319971561432,1.1864361759283786
8468,171,0,0.8,0.4,-0.6476856470108032,0.14616312086582184,1.4697710344709027
8469,171,1,0.8,0.4,-0.6247102618217468,0.05994890257716179,1.4647300362178237
8470,171,2,0.8,0.4,-0.33932673931121826,0.06585901230573654,1.1873144564801823
8471,171,3,0.8,0.4,-0.5709251165390015,0.18682891130447388,1.3873995777039543
8472,171,4,0.8,0.4,-0.43463465571403503,-0.03226552903652191,1.3081193449694635
8473,171,5,0.8,0.4,-0.6495875120162964,0.08513510227203369,1.4833893146490031
8474,171,6,0.8,0.4,-0.6350212693214417,0.18320177495479584,1.4513054515806356
8475,171,7,0.8,0.4,-0.5812786221504211,-0.03463054448366165,1.4480450069690274
8476,171,8,0.8,0.4,-0.5043856501579285,0.11269289255142212,1.3356523867864687
8477,171,9,0.8,0.4,-0.5466078519821167,-0.07766462862491608,1.4288163648486356
8478,171,10,0.8,0.4,-0.6237264275550842,0.05820368975400925,1.4641795170731409
8479,171,11,0.8,0.4,-0.6103360652923584,0.26517289876937866,1.4167660937115143
8480,171,12,0.8,0.4,-0.5908026099205017,-0.05373235046863556,1.4629439311277355
8481,171,13,0.8,0.4,-0.6278910040855408,0.12903223931789398,1.453374090479629
8482,171,14,0.8,0.4,-0.6339336633682251,0.18496346473693848,1.4499677453097226
8483,171,15,0.8,0.4,-0.5120587944984436,0.009039109572768211,1.3690685512655543
8484,171,16,0.8,0.4,-0.6386865377426147,0.02188807725906372,1.4875441438830244
8485,171,17,0.8,0.4,-0.6560685634613037,0.04785694181919098,1.4980455249842033
8486,171,18,0.8,0.4,-0.5313055515289307,0.07869667559862137,1.369529224880991
8487,171,19,0.8,0.4,-0.618007242679596,-0.15816083550453186,1.523905528103008
8488,171,20,0.8,0.4,-0.5854361653327942,0.15783196687698364,1.4064418667256418
8489,171,21,0.8,0.4,-0.6542500853538513,0.045449595898389816,1.4968464516443558
8490,171,22,0.8,0.4,-0.5962620973587036,0.3185919523239136,1.3986333024588533
8491,171,23,0.8,0.4,-0.6395036578178406,0.02815289795398712,1.4867552078842572
8492,171,24,0.8,0.4,-0.635787308216095,0.02354506030678749,1.4843192096223239
8493,171,25,0.8,0.4,-0.6593130230903625,0.0341799333691597,1.5044662909187847
8494,171,26,0.8,0.4,-0.6329805254936218,0.01491936668753624,1.4838194905703002
8495,171,27,0.8,0.4,-0.640866756439209,0.08026978373527527,1.4759147743024779
8496,171,28,0.8,0.4,-0.5787830352783203,0.2422250360250473,1.3877808175748054
8497,171,29,0.8,0.4,-0.617671012878418,0.11410336196422577,1.4462115987627393
8498,171,30,0.8,0.4,-0.6230320930480957,0.09777675569057465,1.454771194121522
8499,171,31,0.8,0.4,-0.6515944600105286,0.06217560917139053,1.4903864583966064
8500,171,32,0.8,0.4,-0.6527479887008667,0.1416553109884262,1.4755401373784789
8501,171,33,0.8,0.4,-0.603186845779419,0.05675274506211281,1.4445594491715423
8502,171,34,0.8,0.4,-0.6381325721740723,0.10053819417953491,1.4689801456429787
8503,171,35,0.8,0.4,-0.4595241844654083,0.033848267048597336,1.311666216229025
8504,171,36,0.8,0.4,-0.5616762042045593,0.0012539401650428772,1.4188588743532038
8505,171,37,0.8,0.4,-0.6520810723304749,0.13979963958263397,1.4752097031207967
8506,171,38,0.8,0.4,-0.5866265296936035,7.458031177520752e-05,1.443147072949576
8507,171,39,0.8,0.4,-0.6376470327377319,0.21741555631160736,1.4491949730166074
8508,171,40,0.8,0.4,-0.5282043218612671,-0.003210943192243576,1.3880582787912499
8509,171,41,0.8,0.4,-0.6011411547660828,0.3323943018913269,1.4027712094265383
8510,171,42,0.8,0.4,-0.5966152548789978,-0.009418170899152756,1.4553890919005597
8511,171,43,0.8,0.4,-0.6146717667579651,0.03067895397543907,1.4620855798135683
8512,171,44,0.8,0.4,-0.4443029761314392,-0.07839221507310867,1.3330975237589007
8513,171,45,0.8,0.4,-0.6084217429161072,0.2069704383611679,1.4215879211590554
8514,171,46,0.8,0.4,-0.5821577906608582,0.17736485600471497,1.3999737731923074
8515,171,47,0.8,0.4,-0.5945157408714294,0.018683966249227524,1.4457095383006962
8516,171,48,0.8,0.4,-0.6328877210617065,0.20653018355369568,1.4458899650544565
8517,171,49,0.8,0.4,-0.6532270908355713,0.08535082638263702,1.4869004943157789
8518,172,0,1.0,0.4,-0.03815101087093353,0.44532889127731323,1.0391401396138884
8519,172,1,1.0,0.4,0.005128524266183376,0.4311469793319702,0.995358923981841
8520,172,2,1.0,0.4,-0.28662025928497314,0.4664669632911682,1.288335961157524
8521,172,3,1.0,0.4,0.09884079545736313,0.4475384056568146,0.902412218414794
8522,172,4,1.0,0.4,-0.16483169794082642,0.4605620205402374,1.1664050080737929
8523,172,5,1.0,0.4,0.07950077950954437,0.43793705105781555,0.9212806492955877
8524,172,6,1.0,0.4,-0.13055621087551117,0.4223106801509857,1.1307763317287787
8525,172,7,1.0,0.4,0.04065379872918129,0.39391154050827026,0.9593655211814383
8526,172,8,1.0,0.4,-0.1120457574725151,0.46397870779037476,1.1138846626842234
8527,172,9,1.0,0.4,-0.19478680193424225,0.4411220848560333,1.1954942609394497
8528,172,10,1.0,0.4,-0.22186028957366943,0.5168676376342773,1.2274366020138343
8529,172,11,1.0,0.4,0.03207004815340042,0.38943207263946533,0.9679876408149322
8530,172,12,1.0,0.4,-0.0077666486613452435,0.4424382448196411,1.0086598151891901
8531,172,13,1.0,0.4,-0.1336919069290161,0.33436301350593567,1.135590398793672
8532,172,14,1.0,0.4,-0.12970200181007385,0.32082316279411316,1.1324732157731658
8533,172,15,1.0,0.4,-0.06823641061782837,0.3632948398590088,1.0688668288194922
8534,172,16,1.0,0.4,0.10960711538791656,0.4620945155620575,0.8925554424408119
8535,172,17,1.0,0.4,-0.2176690250635147,0.446758896112442,1.2185664729364518
8536,172,18,1.0,0.4,-0.3572085201740265,0.48087772727012634,1.3596161862824934
8537,172,19,1.0,0.4,-0.1935013085603714,0.4927184581756592,1.1970973586228442
8538,172,20,1.0,0.4,-0.4130542278289795,0.48741886019706726,1.415755737372626
8539,172,21,1.0,0.4,0.17377400398254395,0.48627153038978577,0.8307178663365999
8540,172,22,1.0,0.4,0.034517914056777954,0.40168496966362,0.9654835562556425
8541,172,23,1.0,0.4,-0.35864198207855225,0.48884618282318115,1.3615438588854152
8542,172,24,1.0,0.4,0.020741891115903854,0.5386925935745239,0.9890308788544897
8543,172,25,1.0,0.4,0.059226639568805695,0.5279768705368042,0.9494380417327903
8544,172,26,1.0,0.4,0.18755778670310974,0.44636791944503784,0.8137642987379154
8545,172,27,1.0,0.4,-0.2567498981952667,0.25213146209716797,1.2654190654148272
8546,172,28,1.0,0.4,-0.008791870437562466,0.3722878098487854,1.0091724348910314
8547,172,29,1.0,0.4,0.01256486400961876,0.4944230318069458,0.9919394420648663
8548,172,30,1.0,0.4,0.1533888727426529,0.20131511986255646,0.8696126047793846
8549,172,31,1.0,0.4,-0.2621805667877197,0.37136387825012207,1.262505370541228
8550,172,32,1.0,0.4,0.05226573720574379,0.4472879469394684,0.9489132641079069
8551,172,33,1.0,0.4,0.014591796323657036,0.4073654115200043,0.9854357295935114
8552,172,34,1.0,0.4,0.01429848000407219,0.4548298120498657,0.987225300937788
8553,172,35,1.0,0.4,-0.11449611932039261,0.42002370953559875,1.1146759838283862
8554,172,36,1.0,0.4,-0.2012736052274704,0.47499608993530273,1.2036123496050497
8555,172,37,1.0,0.4,-0.005765405483543873,0.4774923324584961,1.0087463072831224
8556,172,38,1.0,0.4,-0.20880405604839325,0.4997853934764862,1.2129156486212487
8557,172,39,1.0,0.4,0.0030329683795571327,0.43275371193885803,0.9975049211827733
8558,172,40,1.0,0.4,-0.040943749248981476,0.4301379323005676,1.0413799422227605
8559,172,41,1.0,0.4,0.048405542969703674,0.42122507095336914,0.9518311374859303
8560,172,42,1.0,0.4,0.07926593720912933,0.44174671173095703,0.9216799891088722
8561,172,43,1.0,0.4,-0.19475488364696503,0.4766783118247986,1.1972129282222832
8562,172,44,1.0,0.4,0.11647888273000717,0.4331612288951874,0.8841432190340293
8563,172,45,1.0,0.4,-0.0683431476354599,0.43331900238990784,1.0688625903360547
8564,172,46,1.0,0.4,-0.1204671561717987,0.5042455196380615,1.1253060812171627
8565,172,47,1.0,0.4,-0.24212956428527832,0.4610637128353119,1.2436296199016685
8566,172,48,1.0,0.4,0.07942146807909012,0.40237659215927124,0.9205815996553207
8567,172,49,1.0,0.4,-0.14299306273460388,0.4862733483314514,1.1462444032978962
8568,173,0,-0.5,0.5,-0.1906227320432663,0.22518137097358704,0.413811035121503
8569,173,1,-0.5,0.5,-0.16282367706298828,0.07974433898925781,0.5387974511455115
8570,173,2,-0.5,0.5,-0.15272387862205505,0.03189285099506378,0.5828593376011392
8571,173,3,-0.5,0.5,-0.15423987805843353,0.12689964473247528,0.5086786186049106
8572,173,4,-0.5,0.5,-0.16111530363559723,0.10557664930820465,0.5200121315901548
8573,173,5,-0.5,0.5,-0.1536063253879547,0.028133422136306763,0.5853602695059072
8574,173,6,-0.5,0.5,-0.18472695350646973,0.17476169764995575,0.45296473059262626
8575,173,7,-0.5,0.5,-0.20271433889865875,0.23555868864059448,0.3978793428288827
8576,173,8,-0.5,0.5,-0.15792907774448395,0.10104740411043167,0.5255242045993358
8577,173,9,-0.5,0.5,-0.17620371282100677,0.1655266433954239,0.46552815368056205
8578,173,10,-0.5,0.5,-0.1707494854927063,0.17444394528865814,0.46302553500053517
8579,173,11,-0.5,0.5,-0.14909730851650238,0.08194154500961304,0.5458072651397305
8580,173,12,-0.5,0.5,-0.16913701593875885,0.15587422251701355,0.47738125743495524
8581,173,13,-0.5,0.5,-0.13001370429992676,0.024698758497834206,0.6023297511989277
8582,173,14,-0.5,0.5,-0.16757406294345856,0.14370882511138916,0.4872888311170556
8583,173,15,-0.5,0.5,-0.14523428678512573,-0.03599829971790314,0.6427697010386703
8584,173,16,-0.5,0.5,-0.16971202194690704,0.1332557499408722,0.4935498894720092
8585,173,17,-0.5,0.5,-0.1642223447561264,0.1113683432340622,0.5135963379948414
8586,173,18,-0.5,0.5,-0.1607852578163147,0.1535034030675888,0.48489847700367744
8587,173,19,-0.5,0.5,-0.14689518511295319,0.049075111746788025,0.572727042440452
8588,173,20,-0.5,0.5,-0.1581132560968399,0.16205888986587524,0.48071898191707557
8589,173,21,-0.5,0.5,-0.18145744502544403,0.21933898329734802,0.4245467767234658
8590,173,22,-0.5,0.5,-0.15666671097278595,0.10988260805606842,0.5196819477828527
8591,173,23,-0.5,0.5,-0.16304998099803925,0.023478850722312927,0.5836160733002043
8592,173,24,-0.5,0.5,-0.1758793443441391,0.22431546449661255,0.42550694769710123
8593,173,25,-0.5,0.5,-0.19092044234275818,0.23867978155612946,0.4047448943830527
8594,173,26,-0.5,0.5,-0.18443387746810913,0.22867469489574432,0.41617231873315386
8595,173,27,-0.5,0.5,-0.17920668423175812,0.22697679698467255,0.4212481701163005
8596,173,28,-0.5,0.5,-0.1851072907447815,0.22798895835876465,0.416109871448445
8597,173,29,-0.5,0.5,-0.1861986368894577,0.2507525086402893,0.40074381771793244
8598,173,30,-0.5,0.5,-0.20895151793956757,0.21173536777496338,0.40964096121056726
8599,173,31,-0.5,0.5,-0.17561401426792145,0.16841071844100952,0.46387252492918757
8600,173,32,-0.5,0.5,-0.18368405103683472,0.22023147344589233,0.4222868788143011
8601,173,33,-0.5,0.5,-0.1485917568206787,0.19092649221420288,0.46798951546951795
8602,173,34,-0.5,0.5,-0.16744011640548706,0.15121811628341675,0.4819179168543998
8603,173,35,-0.5,0.5,-0.17221657931804657,0.20279943943023682,0.44245920046592313
8604,173,36,-0.5,0.5,-0.1985219568014145,0.2750195860862732,0.3761717655216032
8605,173,37,-0.5,0.5,-0.1821243017911911,0.20588412880897522,0.43306939997902555
8606,173,38,-0.5,0.5,-0.19401420652866364,0.24482569098472595,0.3984234352892735
8607,173,39,-0.5,0.5,-0.17704088985919952,0.21688972413539886,0.42948109984383276
8608,173,40,-0.5,0.5,-0.16391298174858093,0.13398104906082153,0.4969148380595476
8609,173,41,-0.5,0.5,-0.18147212266921997,0.19370052218437195,0.44190426423262635
8610,173,42,-0.5,0.5,-0.17584463953971863,0.20277337729930878,0.43979581962223563
8611,173,43,-0.5,0.5,-0.1951027661561966,0.22507373988628387,0.4105444820061739
8612,173,44,-0.5,0.5,-0.1786261945962906,0.20240847766399384,0.4379975307760569
8613,173,45,-0.5,0.5,-0.18075044453144073,0.228150874376297,0.41931160939001505
8614,173,46,-0.5,0.5,-0.18091990053653717,0.22003979980945587,0.4244877189794104
8615,173,47,-0.5,0.5,-0.17916880548000336,0.19928857684135437,0.4397272056573552
8616,173,48,-0.5,0.5,-0.15539894998073578,0.19965502619743347,0.45711813239341514
8617,173,49,-0.5,0.5,-0.17575010657310486,0.1700182855129242,0.4626293605935348
8618,174,0,-0.4,0.5,-0.18813367187976837,0.3822169005870819,0.24240503191654872
8619,174,1,-0.4,0.5,-0.18394286930561066,0.3383268713951111,0.2698497438145632
8620,174,2,-0.4,0.5,-0.18826426565647125,0.3964979350566864,0.2356792282860823
8621,174,3,-0.4,0.5,-0.19753095507621765,0.41994336247444153,0.21772179349860055
8622,174,4,-0.4,0.5,-0.18451324105262756,0.3884431719779968,0.24265092037734742
8623,174,5,-0.4,0.5,-0.18287213146686554,0.3917960226535797,0.24259557293431133
8624,174,6,-0.4,0.5,-0.18781474232673645,0.3978968560695648,0.23547321625685674
8625,174,7,-0.4,0.5,-0.18859577178955078,0.3956315517425537,0.23576369673239125
8626,174,8,-0.4,0.5,-0.18051330745220184,0.3929923176765442,0.24418241599633936
8627,174,9,-0.4,0.5,-0.18967048823833466,0.40315380692481995,0.23155493652922968
8628,174,10,-0.4,0.5,-0.18047980964183807,0.37080061435699463,0.2547186589659534
8629,174,11,-0.4,0.5,-0.18015430867671967,0.3981297016143799,0.24230081652067612
8630,174,12,-0.4,0.5,-0.1741505265235901,0.38514578342437744,0.25337615462938023
8631,174,13,-0.4,0.5,-0.1790667325258255,0.3838452100753784,0.24960657823712923
8632,174,14,-0.4,0.5,-0.18903690576553345,0.3928947150707245,0.2365945248495022
8633,174,15,-0.4,0.5,-0.19118338823318481,0.3950269818305969,0.23371716217121638
8634,174,16,-0.4,0.5,-0.19143636524677277,0.3951268494129181,0.23344628387605218
8635,174,17,-0.4,0.5,-0.1789204180240631,0.39509475231170654,0.24470654376047488
8636,174,18,-0.4,0.5,-0.19629494845867157,0.403182715177536,0.2255423123581236
8637,174,19,-0.4,0.5,-0.18694870173931122,0.3782949149608612,0.24536296259816595
8638,174,20,-0.4,0.5,-0.19355791807174683,0.4033040702342987,0.22796586591883672
8639,174,21,-0.4,0.5,-0.18219666182994843,0.39217275381088257,0.24303293838232382
8640,174,22,-0.4,0.5,-0.18342800438404083,0.3939565122127533,0.24114031306930617
8641,174,23,-0.4,0.5,-0.18675164878368378,0.3873448371887207,0.24117637737662703
8642,174,24,-0.4,0.5,-0.18323004245758057,0.40037021040916443,0.23856929699116042
8643,174,25,-0.4,0.5,-0.1866934448480606,0.39546069502830505,0.23754610658723163
8644,174,26,-0.4,0.5,-0.19120465219020844,0.39751219749450684,0.2325924481349659
8645,174,27,-0.4,0.5,-0.1846485435962677,0.403119295835495,0.2361400444960976
8646,174,28,-0.4,0.5,-0.1212044283747673,0.21039040386676788,0.40199588173300244
8647,174,29,-0.4,0.5,-0.18409819900989532,0.3697393834590912,0.2521535561763674
8648,174,30,-0.4,0.5,-0.1818535178899765,0.3938770890235901,0.2425901067461034
8649,174,31,-0.4,0.5,-0.1849745512008667,0.4026139974594116,0.2360507935214457
8650,174,32,-0.4,0.5,-0.1919631063938141,0.4097544550895691,0.22676773905803296
8651,174,33,-0.4,0.5,-0.1823391169309616,0.4136233329772949,0.23417341570798528
8652,174,34,-0.4,0.5,-0.18694940209388733,0.39451104402542114,0.23773615017653235
8653,174,35,-0.4,0.5,-0.17758792638778687,0.39001721143722534,0.24811961685551692
8654,174,36,-0.4,0.5,-0.18087194859981537,0.38972538709640503,0.24531121694997904
8655,174,37,-0.4,0.5,-0.17420604825019836,0.3573436141014099,0.26708379412543776
8656,174,38,-0.4,0.5,-0.17928054928779602,0.4104137718677521,0.23820740583294261
8657,174,39,-0.4,0.5,-0.186794713139534,0.4385724365711212,0.22187798424824065
8658,174,40,-0.4,0.5,-0.18940766155719757,0.4209369421005249,0.2249446601616131
8659,174,41,-0.4,0.5,-0.18900947272777557,0.42041394114494324,0.22550153738431994
8660,174,42,-0.4,0.5,-0.1814081072807312,0.40441012382507324,0.2385787919948673
8661,174,43,-0.4,0.5,-0.1865161955356598,0.39805442094802856,0.2365760678023253
8662,174,44,-0.4,0.5,-0.18242120742797852,0.3970429301261902,0.24070872276280167
8663,174,45,-0.4,0.5,-0.18229974806308746,0.4026210606098175,0.23848701752957546
8664,174,46,-0.4,0.5,-0.1960863620042801,0.40965455770492554,0.22303154643265635
8665,174,47,-0.4,0.5,-0.1841515302658081,0.42507943511009216,0.2284811872562274
8666,174,48,-0.4,0.5,-0.18300031125545502,0.4378739893436432,0.22571775764282076
8667,175,0,-0.3,0.5,-0.12467211484909058,0.3697258234024048,0.2184290008210263
8668,175,1,-0.3,0.5,-0.12557242810726166,0.36528995633125305,0.22039004900773562
8669,175,2,-0.3,0.5,-0.1276651918888092,0.36740633845329285,0.21744048649937223
8670,175,3,-0.3,0.5,-0.13388705253601074,0.35351887345314026,0.22147286910502423
8671,175,4,-0.3,0.5,-0.11873222887516022,0.3637036979198456,0.2267921665518719
8672,175,5,-0.3,0.5,-0.12728439271450043,0.37248608469963074,0.2146869339182724
8673,175,6,-0.3,0.5,-0.10926926136016846,0.38615524768829346,0.22212348433024712
8674,175,7,-0.3,0.5,-0.1288558542728424,0.3696199655532837,0.2151494178449142
8675,175,8,-0.3,0.5,-0.11236151307821274,0.3568575084209442,0.23600418358528685
8676,175,9,-0.3,0.5,-0.1252058446407318,0.37160244584083557,0.21688459756703687
8677,175,10,-0.3,0.5,-0.13009870052337646,0.39390718936920166,0.20030510735222842
8678,175,11,-0.3,0.5,-0.1264919638633728,0.3884667754173279,0.20626366328027315
8679,175,12,-0.3,0.5,-0.1428714096546173,0.3827449083328247,0.19605649804534603
8680,175,13,-0.3,0.5,-0.12560619413852692,0.3757692575454712,0.21411790418751211
8681,175,14,-0.3,0.5,-0.12072817236185074,0.3654848635196686,0.22412654935782259
8682,175,15,-0.3,0.5,-0.12052665650844574,0.38809332251548767,0.2115036299680459
8683,175,16,-0.3,0.5,-0.12710006535053253,0.3988817036151886,0.20029802112241818
8684,175,17,-0.3,0.5,-0.12906339764595032,0.37740522623062134,0.21035398874257563
8685,175,18,-0.3,0.5,-0.1300327032804489,0.37946152687072754,0.20837083639148798
8686,175,19,-0.3,0.5,-0.12106719613075256,0.36107712984085083,0.22653148159531025
8687,175,20,-0.3,0.5,-0.1362084001302719,0.3925173282623291,0.1959086851360935
8688,175,21,-0.3,0.5,-0.11807376146316528,0.37481197714805603,0.2208374907793967
8689,175,22,-0.3,0.5,-0.12258993089199066,0.37016740441322327,0.21984275175158302
8690,175,23,-0.3,0.5,-0.1245206966996193,0.36512431502342224,0.22132427857035486
8691,175,24,-0.3,0.5,-0.12167699635028839,0.3273329734802246,0.24821965207822663
8692,175,25,-0.3,0.5,-0.126508891582489,0.37542665004730225,0.21358296799692117
8693,175,26,-0.3,0.5,-0.13840341567993164,0.2931571304798126,0.26248319705317946
8694,175,27,-0.3,0.5,-0.12264397740364075,0.35466426610946655,0.22929813408900704
8695,175,28,-0.3,0.5,-0.12901979684829712,0.3545147180557251,0.22449988225431822
8696,175,29,-0.3,0.5,-0.125865638256073,0.4575566053390503,0.17923230091227965
8697,175,30,-0.3,0.5,-0.12248477339744568,0.357173889875412,0.22783975379436563
8698,175,31,-0.3,0.5,-0.12661875784397125,0.36420708894729614,0.22022890324327327
8699,175,32,-0.3,0.5,-0.12093263119459152,0.3540710508823395,0.23099865965298788
8700,175,33,-0.3,0.5,-0.12160813808441162,0.3567298352718353,0.22880121612208662
8701,175,34,-0.3,0.5,-0.13045406341552734,0.3843904435634613,0.20521060925731702
8702,175,35,-0.3,0.5,-0.13242807984352112,0.3654118776321411,0.2149286186328733
8703,175,36,-0.3,0.5,-0.1400398164987564,0.35846880078315735,0.21358450472239116
8704,175,37,-0.3,0.5,-0.13446341454982758,0.3619651794433594,0.215536476747223
8705,175,38,-0.3,0.5,-0.10951493680477142,0.3512343764305115,0.24169354574855526
8706,175,39,-0.3,0.5,-0.12272363901138306,0.3635161817073822,0.22372916846289564
8707,175,40,-0.3,0.5,-0.12786799669265747,0.34605419635772705,0.2309301561547652
8708,175,41,-0.3,0.5,-0.11565111577510834,0.36371174454689026,0.2292574964737568
8709,175,42,-0.3,0.5,-0.11378040164709091,0.3615504801273346,0.23204742697063105
8710,175,43,-0.3,0.5,-0.11083491891622543,0.44657665491104126,0.1965641923187562
8711,175,44,-0.3,0.5,-0.12695862352848053,0.36501023173332214,0.2194665248001378
8712,175,45,-0.3,0.5,-0.1205960065126419,0.380526065826416,0.21554538692842837
8713,175,46,-0.3,0.5,-0.12114246189594269,0.3608759045600891,0.22659552702694233
8714,175,47,-0.3,0.5,-0.12426326423883438,0.3753499388694763,0.21545542006603832
8715,175,48,-0.3,0.5,-0.11694002151489258,0.37243348360061646,0.22312366936128084
8716,175,49,-0.3,0.5,0.04492945224046707,0.2949918508529663,0.4012538700618363
8717,176,0,-0.2,0.5,-0.35715147852897644,-0.002281293272972107,0.5262918247282706
8718,176,1,-0.2,0.5,-0.35792139172554016,0.0015448220074176788,0.522873531967481
8719,176,2,-0.2,0.5,-0.36567437648773193,0.001766890287399292,0.5250564071016438
8720,176,3,-0.2,0.5,-0.3611603379249573,0.007725624367594719,0.51798331577799
8721,176,4,-0.2,0.5,-0.3472086787223816,0.011988041922450066,0.5097313668177325
8722,176,5,-0.2,0.5,-0.34346839785575867,0.001683741807937622,0.5185578794713628
8723,176,6,-0.2,0.5,-0.3660675585269928,-0.007577516138553619,0.5340537134825484
8724,176,7,-0.2,0.5,-0.3559738099575043,0.011044098064303398,0.5132306532451176
8725,176,8,-0.2,0.5,-0.36259153485298157,0.0057976990938186646,0.5202613972099142
8726,176,9,-0.2,0.5,-0.36267149448394775,0.00017643719911575317,0.5256287749435057
8727,176,10,-0.2,0.5,-0.3435296416282654,0.007561272010207176,0.512929487210614
8728,176,11,-0.2,0.5,-0.35206878185272217,0.0021924003958702087,0.5205163980488957
8729,176,12,-0.2,0.5,-0.3442673087120056,0.01358954980969429,0.5073540996358864
8730,176,13,-0.2,0.5,-0.3764469623565674,-0.003896750509738922,0.533896493432139
8731,176,14,-0.2,0.5,-0.344774454832077,0.008337149396538734,0.5125348782623935
8732,176,15,-0.2,0.5,-0.35979601740837097,0.0023257099092006683,0.5226992119727726
8733,176,16,-0.2,0.5,-0.346211314201355,0.011387914419174194,0.5100191354999649
8734,176,17,-0.2,0.5,-0.3583182692527771,0.00383802130818367,0.5208083942090154
8735,176,18,-0.2,0.5,-0.3519909381866455,0.011943275108933449,0.5111757153878214
8736,176,19,-0.2,0.5,-0.3619628846645355,0.0038840845227241516,0.5218840652853017
8737,176,20,-0.2,0.5,-0.3360770344734192,0.017196888104081154,0.5016132017475848
8738,176,21,-0.2,0.5,-0.35298699140548706,0.007330980151891708,0.5158757434280064
8739,176,22,-0.2,0.5,-0.36145496368408203,0.0030581578612327576,0.522512104899494
8740,176,23,-0.2,0.5,-0.33595895767211914,0.011178359389305115,0.5073770141626643
8741,176,24,-0.2,0.5,-0.36451655626296997,-0.007030107080936432,0.533052742954328
8742,176,25,-0.2,0.5,-0.34094810485839844,0.022529952228069305,0.49783934635834465
8743,176,26,-0.2,0.5,-0.3596254587173462,-0.0028750449419021606,0.5276017417484928
8744,176,27,-0.2,0.5,-0.35066482424736023,0.00601176917552948,0.5164535424010356
8745,176,28,-0.2,0.5,-0.35846665501594543,0.00012258440256118774,0.524394042086976
8746,176,29,-0.2,0.5,-0.3658536970615387,-0.008714474737644196,0.5350680943922725
8747,176,30,-0.2,0.5,-0.35666295886039734,-0.0009712688624858856,0.5248956990722858
8748,176,31,-0.2,0.5,-0.3479156494140625,-0.006445795297622681,0.5276043810623878
8749,176,32,-0.2,0.5,-0.3414565622806549,0.009146390482783318,0.5108299374433148
8750,176,33,-0.2,0.5,-0.4218181371688843,-0.01372203603386879,0.5595655603089396
8751,176,34,-0.2,0.5,-0.3520553708076477,0.002409040927886963,0.5203052934016302
8752,176,35,-0.2,0.5,-0.3667432963848114,0.002394404262304306,0.5247996339544646
8753,176,36,-0.2,0.5,-0.2277623862028122,0.09426362812519073,0.40668507908430523
8754,176,37,-0.2,0.5,-0.35761600732803345,0.005025219172239304,0.5194639924205723
8755,176,38,-0.2,0.5,-0.326602041721344,0.007395479828119278,0.5086131046893914
8756,176,39,-0.2,0.5,-0.36727747321128845,0.0010284222662448883,0.5262645612522908
8757,176,40,-0.2,0.5,-0.3462360203266144,0.010896924883127213,0.5104966128484569
8758,176,41,-0.2,0.5,-0.3572106659412384,0.007120653986930847,0.5173444144976906
8759,176,42,-0.2,0.5,-0.38163694739341736,-0.050265125930309296,0.5794684542522555
8760,176,43,-0.2,0.5,-0.3563082814216614,-0.008909322321414948,0.5323729681216309
8761,176,44,-0.2,0.5,-0.38686224818229675,0.01016596145927906,0.5242660442073802
8762,176,45,-0.2,0.5,-0.3623189926147461,-0.0005096681416034698,0.526172389304764
8763,176,46,-0.2,0.5,-0.35573652386665344,-0.002132594585418701,0.525729024699182
8764,176,47,-0.2,0.5,-0.3691985011100769,-0.0006443262100219727,0.5284627462217025
8765,176,48,-0.2,0.5,-0.3470245599746704,0.008943157270550728,0.512594424498707
8766,176,49,-0.2,0.5,-0.3402775526046753,0.013409912586212158,0.5064066596462917
8767,177,0,-0.1,0.5,-0.38929444551467896,0.15092457830905914,0.4533706278910818
8768,177,1,-0.1,0.5,-0.39559388160705566,0.07590420544147491,0.5169458248266957
8769,177,2,-0.1,0.5,-0.4081440269947052,0.10227952897548676,0.503124551621638
8770,177,3,-0.1,0.5,-0.3897739350795746,0.12468050420284271,0.4741662760856511
8771,177,4,-0.1,0.5,-0.3924315571784973,0.13243266940116882,0.46970411767131787
8772,177,5,-0.1,0.5,-0.3456765115261078,0.22063547372817993,0.37202350309451715
8773,177,6,-0.1,0.5,-0.4161321818828583,0.11374570429325104,0.49913118253013733
8774,177,7,-0.1,0.5,-0.3009834289550781,0.020729122683405876,0.5197065638977044
8775,177,8,-0.1,0.5,-0.4118957817554474,0.07704159617424011,0.5255214458456251
8776,177,9,-0.1,0.5,-0.4111153185367584,0.08790355175733566,0.5163489363622701
8777,177,10,-0.1,0.5,-0.38782796263694763,0.14438530802726746,0.4575005412265625
8778,177,11,-0.1,0.5,-0.4044707715511322,0.07539878785610199,0.5224831481330371
8779,177,12,-0.1,0.5,-0.31003537774086,-0.038875460624694824,0.5783611518473754
8780,177,13,-0.1,0.5,-0.41498002409935,0.09413766860961914,0.5137476497496241
8781,177,14,-0.1,0.5,-0.40378034114837646,0.04534158110618591,0.5468059743082979
8782,177,15,-0.1,0.5,-0.3703143298625946,0.026970945298671722,0.5448176975105488
8783,177,16,-0.1,0.5,-0.4160396158695221,0.07170268893241882,0.5322777709680121
8784,177,17,-0.1,0.5,-0.39545226097106934,0.11936970055103302,0.481841741001677
8785,177,18,-0.1,0.5,-0.40258124470710754,0.04146018624305725,0.5493761647985416
8786,177,19,-0.1,0.5,-0.35332760214805603,0.18804456293582916,0.4018595136661338
8787,177,20,-0.1,0.5,-0.4130042493343353,0.08473895490169525,0.5200128802996009
8788,177,21,-0.1,0.5,-0.39731621742248535,0.08413827419281006,0.511212194821044
8789,177,22,-0.1,0.5,-0.40075263381004333,0.04040051996707916,0.5492575250191928
8790,177,23,-0.1,0.5,-0.4124511778354645,0.08189142495393753,0.5219583499263307
8791,177,24,-0.1,0.5,-0.396902471780777,0.09667152166366577,0.5008242597824489
8792,177,25,-0.1,0.5,-0.3908390402793884,0.08844394981861115,0.5039501262938045
8793,177,26,-0.1,0.5,-0.3961828052997589,0.05467831343412399,0.5348230162222931
8794,177,27,-0.1,0.5,-0.40892964601516724,0.061401769518852234,0.5364754737807224
8795,177,28,-0.1,0.5,-0.37854358553886414,0.13088646531105042,0.4624189988910673
8796,177,29,-0.1,0.5,-0.3546619117259979,0.21982954442501068,0.378613488218575
8797,177,30,-0.1,0.5,-0.37823286652565,0.14214950799942017,0.4532885423658282
8798,177,31,-0.1,0.5,-0.40886926651000977,0.07954035699367523,0.5217149942175685
8799,177,32,-0.1,0.5,-0.3680330812931061,0.009096089750528336,0.5593106308355833
8800,177,33,-0.1,0.5,-0.40644773840904236,0.07206401228904724,0.5263453485632467
8801,177,34,-0.1,0.5,-0.2827678322792053,0.220614492893219,0.33385676883560844
8802,177,35,-0.1,0.5,-0.29121288657188416,0.21852153539657593,0.3402829617048924
8803,177,36,-0.1,0.5,-0.4044705629348755,0.09281577169895172,0.5084302503500359
8804,177,37,-0.1,0.5,-0.3889797329902649,0.16101564466953278,0.4454432390753476
8805,177,38,-0.1,0.5,-0.3625061810016632,0.10252275317907333,0.4763377549642919
8806,177,39,-0.1,0.5,-0.4043755531311035,0.05656343698501587,0.5378479922453994
8807,177,40,-0.1,0.5,-0.38452059030532837,0.11680678278207779,0.4772724672862601
8808,177,41,-0.1,0.5,-0.3869929015636444,0.10115125775337219,0.4913707813246903
8809,177,42,-0.1,0.5,-0.36048105359077454,0.1710326075553894,0.41960686907099887
8810,177,43,-0.1,0.5,-0.38845908641815186,0.11122874915599823,0.4840988845473666
8811,177,44,-0.1,0.5,-0.39955270290374756,0.06577633321285248,0.5275244208707466
8812,177,45,-0.1,0.5,-0.38643431663513184,0.12513740360736847,0.4717696301379095
8813,177,46,-0.1,0.5,-0.4092889130115509,0.07772678136825562,0.523425546649645
8814,177,47,-0.1,0.5,-0.3867860436439514,0.15819433331489563,0.4461808474228798
8815,177,48,-0.1,0.5,-0.3861912786960602,0.11770224571228027,0.4775531603236646
8816,177,49,-0.1,0.5,-0.38732168078422546,0.11477339267730713,0.4805759952786079
8817,178,0,0.0,0.5,0.09240551292896271,0.1478034257888794,0.3641170219939107
8818,178,1,0.0,0.5,-0.01148906722664833,0.17623049020767212,0.32397329232037436
8819,178,2,0.0,0.5,0.02588706836104393,0.16316598653793335,0.33782731229622787
8820,178,3,0.0,0.5,-0.025539327412843704,0.21041056513786316,0.2907134293913376
8821,178,4,0.0,0.5,0.011857716366648674,0.1622413992881775,0.33796668148242104
8822,178,5,0.0,0.5,0.15896916389465332,0.07551439851522446,0.4532760979108173
8823,178,6,0.0,0.5,0.029530245810747147,0.16518500447273254,0.3361147373257639
8824,178,7,0.0,0.5,-0.10129047185182571,0.27402186393737793,0.24764062200354456
8825,178,8,0.0,0.5,-0.013911719433963299,0.1748345047235489,0.325462955274466
8826,178,9,0.0,0.5,0.03751315176486969,0.15210261940956116,0.34991402369299635
8827,178,10,0.0,0.5,0.0067971497774124146,0.16469302773475647,0.3353758591413243
8828,178,11,0.0,0.5,-0.014579963870346546,0.18006928265094757,0.320262765943748
8829,178,12,0.0,0.5,-0.04371590167284012,0.2312181293964386,0.27231374189382923
8830,178,13,0.0,0.5,0.00683073652908206,0.15783855319023132,0.34222962268699636
8831,178,14,0.0,0.5,0.09691227972507477,0.030362799763679504,0.4795321572192223
8832,178,15,0.0,0.5,-0.0736665278673172,0.1753574013710022,0.33289574069461264
8833,178,16,0.0,0.5,0.013772513717412949,0.16673308610916138,0.33355137239774624
8834,178,17,0.0,0.5,-0.009791136719286442,0.16471408307552338,0.33542884855978444
8835,178,18,0.0,0.5,-0.03300967812538147,0.17267818748950958,0.32898207822781766
8836,178,19,0.0,0.5,-0.0154715059325099,0.18282510340213776,0.3175520154678353
8837,178,20,0.0,0.5,-0.012081439606845379,0.17884722352027893,0.32137994185015273
8838,178,21,0.0,0.5,-0.008061980828642845,0.17165520787239075,0.32844375173262824
8839,178,22,0.0,0.5,0.022462325170636177,0.16730070114135742,0.33345671310247116
8840,178,23,0.0,0.5,-0.0025483015924692154,0.17942459881305695,0.32058552944132657
8841,178,24,0.0,0.5,-0.0011280736653134227,0.1661602109670639,0.3338416949569806
8842,178,25,0.0,0.5,-0.12488503754138947,0.218012273311615,0.3084045242933339
8843,178,26,0.0,0.5,-0.007305906154215336,0.1505754292011261,0.34950093983094155
8844,178,27,0.0,0.5,0.021023742854595184,0.16364742815494537,0.3370089766614515
8845,178,28,0.0,0.5,-0.014011375606060028,0.16493642330169678,0.33535640604621497
8846,178,29,0.0,0.5,0.06347066909074783,0.15063239634037018,0.35508625476312006
8847,178,30,0.0,0.5,-0.0046279169619083405,0.15737047791481018,0.3426607754321056
8848,178,31,0.0,0.5,0.0013799621956422925,0.19124123454093933,0.3087618492357251
8849,178,32,0.0,0.5,0.008734277449548244,0.1527176797389984,0.347392138034859
8850,178,33,0.0,0.5,0.015510521829128265,0.14726637303829193,0.3530744792207068
8851,178,34,0.0,0.5,-0.021123288199305534,0.1818578690290451,0.3188426081989218
8852,178,35,0.0,0.5,-0.02994702011346817,0.17877376079559326,0.3226191574706673
8853,178,36,0.0,0.5,-0.01337312813848257,0.17712368071079254,0.3231531496271613
8854,178,37,0.0,0.5,-0.14240548014640808,0.25422632694244385,0.2840493251953462
8855,178,38,0.0,0.5,-0.011544929817318916,0.1890951544046402,0.31111912255462754
8856,178,39,0.0,0.5,-0.012793107889592648,0.19349074363708496,0.3067761200706827
8857,178,40,0.0,0.5,-0.3062359094619751,0.13787703216075897,0.4742504360363868
8858,178,41,0.0,0.5,-0.04679390788078308,0.23118898272514343,0.2728535006612494
8859,178,42,0.0,0.5,0.057905010879039764,0.16191411018371582,0.34300883250693465
8860,178,43,0.0,0.5,-0.014120321720838547,0.161825031042099,0.3384696339631922
8861,178,44,0.0,0.5,-0.09587417542934418,0.21783709526062012,0.29800631255935006
8862,178,45,0.0,0.5,-0.00826285034418106,0.17176087200641632,0.3283431129806114
8863,178,46,0.0,0.5,0.025834377855062485,0.14329032599925995,0.35764396626375844
8864,178,47,0.0,0.5,-0.013426854275166988,0.17620135843753815,0.32407690552309065
8865,178,48,0.0,0.5,-0.011968063190579414,0.18188728392124176,0.3183377682078241
8866,178,49,0.0,0.5,-0.019165385514497757,0.19691956043243408,0.30368579955340075
8867,179,0,0.1,0.5,-0.173048198223114,0.12725913524627686,0.4620509396270527
8868,179,1,0.1,0.5,-0.26606735587120056,-0.0066155605018138885,0.6250317073373952
8869,179,2,0.1,0.5,-0.22018437087535858,-0.03572436422109604,0.6241142730085146
8870,179,3,0.1,0.5,-0.23442037403583527,-0.00965309888124466,0.6095763018437673
8871,179,4,0.1,0.5,-0.21880106627941132,-0.007004905492067337,0.5989057472206372
8872,179,5,0.1,0.5,-0.13379476964473724,0.026290198788046837,0.5282622171587742
8873,179,6,0.1,0.5,-0.29545387625694275,-0.02165253460407257,0.6546030362788539
8874,179,7,0.1,0.5,-0.33322566747665405,0.040446456521749496,0.6315646746644469
8875,179,8,0.1,0.5,-0.23998874425888062,0.04414036124944687,0.5686830017369213
8876,179,9,0.1,0.5,-0.31089428067207336,-0.05044092983007431,0.6868910591361758
8877,179,10,0.1,0.5,-0.3056323528289795,-0.07828021049499512,0.7063608196323672
8878,179,11,0.1,0.5,-0.13866941630840302,0.16797983646392822,0.4089015520580885
8879,179,12,0.1,0.5,-0.26311415433883667,0.044737011194229126,0.582336911124112
8880,179,13,0.1,0.5,-0.2653310000896454,-0.0021979883313179016,0.6210229940272123
8881,179,14,0.1,0.5,-0.17382176220417023,-0.007974766194820404,0.5770760093326351
8882,179,15,0.1,0.5,-0.21423955261707306,0.05029801279306412,0.5486149594450058
8883,179,16,0.1,0.5,-0.27173343300819397,-0.0197511687874794,0.6390047125585291
8884,179,17,0.1,0.5,-0.2602222263813019,-0.01775478571653366,0.6307377192712321
8885,179,18,0.1,0.5,-0.16003653407096863,0.13833802938461304,0.44544178075372215
8886,179,19,0.1,0.5,-0.20425882935523987,0.00445098802447319,0.5815000073177486
8887,179,20,0.1,0.5,-0.1688271313905716,0.1638680100440979,0.43040996880113996
8888,179,21,0.1,0.5,-0.1891656070947647,0.08198434859514236,0.5082851887925826
8889,179,22,0.1,0.5,-0.18977200984954834,-0.08014274388551712,0.6484854824707054
8890,179,23,0.1,0.5,-0.31730687618255615,0.032100725919008255,0.6269567445962777
8891,179,24,0.1,0.5,-0.27747011184692383,0.019316988065838814,0.6111790599323786
8892,179,25,0.1,0.5,-0.13483287394046783,0.08437368273735046,0.4773800522481561
8893,179,26,0.1,0.5,-0.19426774978637695,-0.09002400934696198,0.6593343917696101
8894,179,27,0.1,0.5,-0.16375945508480072,-0.12452620267868042,0.6779395459617938
8895,179,28,0.1,0.5,-0.19887283444404602,0.019427014514803886,0.5659287636679837
8896,179,29,0.1,0.5,-0.31576400995254517,-0.0010250844061374664,0.651065163540484
8897,179,30,0.1,0.5,-0.2622087895870209,0.01858052983880043,0.6024615452494747
8898,179,31,0.1,0.5,-0.21843211352825165,0.12122606486082077,0.4948421009442189
8899,179,32,0.1,0.5,-0.19938966631889343,-0.05146507918834686,0.6274933512498344
8900,179,33,0.1,0.5,-0.19642789661884308,-0.019265931099653244,0.5979185605871934
8901,179,34,0.1,0.5,-0.20571959018707275,0.09743638336658478,0.5054917736829423
8902,179,35,0.1,0.5,-0.18769754469394684,0.2372068464756012,0.38965384479332904
8903,179,36,0.1,0.5,-0.24128307402133942,0.025831148028373718,0.5842176279380357
8904,179,37,0.1,0.5,-0.24051733314990997,0.06709330528974533,0.5507814997805249
8905,179,38,0.1,0.5,0.1176770031452179,0.370829701423645,0.13037424007257237
8906,179,39,0.1,0.5,-0.19258524477481842,0.07052302360534668,0.5196697015538178
8907,179,40,0.1,0.5,-0.20860891044139862,0.08645398169755936,0.5160036519809038
8908,179,41,0.1,0.5,-0.22785872220993042,0.019907260313630104,0.5813608005607988
8909,179,42,0.1,0.5,-0.1575831025838852,0.04267863184213638,0.5248732118431274
8910,179,43,0.1,0.5,-0.20060856640338898,0.0008227415382862091,0.5827035657694685
8911,179,44,0.1,0.5,-0.19641190767288208,0.05061274766921997,0.538339039609506
8912,179,45,0.1,0.5,-0.24135325849056244,0.048233918845653534,0.5662284337294271
8913,179,46,0.1,0.5,-0.20339201390743256,-0.057229816913604736,0.6344696863998919
8914,179,47,0.1,0.5,-0.119585320353508,0.1838977187871933,0.38488747070110385
8915,179,48,0.1,0.5,-0.13954775035381317,0.19982191920280457,0.38404427464897894
8916,180,0,0.2,0.5,-0.2587602436542511,0.24680155515670776,0.5239946694659876
8917,180,1,0.2,0.5,-0.24705901741981506,0.20091727375984192,0.5378775345667598
8918,180,2,0.2,0.5,-0.25821971893310547,0.1991337090730667,0.5481658835017592
8919,180,3,0.2,0.5,-0.2955664396286011,0.2343119978904724,0.5622954833102612
8920,180,4,0.2,0.5,-0.25485602021217346,0.23130793869495392,0.5282891470886107
8921,180,5,0.2,0.5,-0.31546398997306824,0.19931313395500183,0.5967543182675078
8922,180,6,0.2,0.5,-0.2728988826274872,0.22805903851985931,0.5455137392596718
8923,180,7,0.2,0.5,-0.32592079043388367,0.2123008370399475,0.5994693371462094
8924,180,8,0.2,0.5,-0.23319700360298157,0.21986037492752075,0.5158855042219648
8925,180,9,0.2,0.5,-0.2821146547794342,0.20447054505348206,0.5654840396457526
8926,180,10,0.2,0.5,-0.2686980664730072,0.22089309990406036,0.5455075977442481
8927,180,11,0.2,0.5,-0.2706042230129242,0.1978233903646469,0.5592665179753877
8928,180,12,0.2,0.5,-0.3106348514556885,0.21805720031261444,0.5833006890247381
8929,180,13,0.2,0.5,-0.38781821727752686,0.21869291365146637,0.6516624382249072
8930,180,14,0.2,0.5,-0.30990421772003174,0.23696695268154144,0.5737496799391805
8931,180,15,0.2,0.5,-0.3327263295650482,0.2257031351327896,0.599196221857105
8932,180,16,0.2,0.5,-0.2490784078836441,0.22572888433933258,0.526209142179282
8933,180,17,0.2,0.5,-0.2631244659423828,0.22941896319389343,0.5363752123593006
8934,180,18,0.2,0.5,-0.27912411093711853,0.2276993989944458,0.5510966621104416
8935,180,19,0.2,0.5,-0.3303467333316803,0.2002047598361969,0.6092165818331414
8936,180,20,0.2,0.5,-0.24386677145957947,0.24265888333320618,0.5130713021922615
8937,180,21,0.2,0.5,-0.22600992023944855,0.22781643271446228,0.5055376805369726
8938,180,22,0.2,0.5,-0.3118438422679901,0.20695045590400696,0.5897984012885492
8939,180,23,0.2,0.5,-0.21291205286979675,0.2115437388420105,0.5036897636505988
8940,180,24,0.2,0.5,-0.26499220728874207,0.18480145931243896,0.5617542815954539
8941,180,25,0.2,0.5,-0.26814648509025574,0.2261393815279007,0.5423659003406112
8942,180,26,0.2,0.5,-0.2720748484134674,0.24141959846019745,0.5382550385877347
8943,180,27,0.2,0.5,-0.2459104359149933,0.209503635764122,0.5321881758289668
8944,180,28,0.2,0.5,-0.23628336191177368,0.20027713477611542,0.5293174546706868
8945,180,29,0.2,0.5,-0.2610810399055481,0.21473711729049683,0.5421905915931384
8946,180,30,0.2,0.5,-0.28090065717697144,0.2340811789035797,0.5495254875677315
8947,180,31,0.2,0.5,-0.33018240332603455,0.2083403617143631,0.6051105067683741
8948,180,32,0.2,0.5,-0.24616514146327972,0.19295132160186768,0.5416107683225917
8949,180,33,0.2,0.5,-0.3624047338962555,0.23013506829738617,0.6237997804358176
8950,180,34,0.2,0.5,-0.14719925820827484,0.10984644293785095,0.5222711201939314
8951,180,35,0.2,0.5,-0.31597551703453064,0.21734736859798431,0.588322398194676
8952,180,36,0.2,0.5,-0.30509519577026367,0.1940360814332962,0.5905379549655496
8953,180,37,0.2,0.5,-0.2990665137767792,0.20691846311092377,0.5787608940128652
8954,180,38,0.2,0.5,-0.26934191584587097,0.23077493906021118,0.5410766742411889
8955,180,39,0.2,0.5,-0.2476000189781189,0.2037598341703415,0.5367532140937733
8956,180,40,0.2,0.5,-0.22780252993106842,0.24250522255897522,0.4993181000372664
8957,180,41,0.2,0.5,-0.2658080458641052,0.19565005600452423,0.5564225229102302
8958,180,42,0.2,0.5,-0.2644737958908081,0.19336964190006256,0.5565591465223727
8959,180,43,0.2,0.5,-0.2665979266166687,0.2319517582654953,0.5381110340997791
8960,180,44,0.2,0.5,-0.3052988052368164,0.19766047596931458,0.5888429929657442
8961,180,45,0.2,0.5,-0.2890213131904602,0.22272667288780212,0.5621586454750919
8962,180,46,0.2,0.5,-0.26077964901924133,0.2348688840866089,0.5316130111046712
8963,180,47,0.2,0.5,-0.22399918735027313,0.23545387387275696,0.4997599060775316
8964,180,48,0.2,0.5,-0.2907986342906952,0.2242070585489273,0.5629787260419761
8965,180,49,0.2,0.5,-0.30280232429504395,0.20096024870872498,0.5850085043560018
8966,181,0,0.3,0.5,-0.2161712944507599,0.22286485135555267,0.58586405917171
8967,181,1,0.3,0.5,-0.22166292369365692,0.21358543634414673,0.5951180624302937
8968,181,2,0.3,0.5,-0.2290392369031906,0.2062090039253235,0.6051410278254655
8969,181,3,0.3,0.5,-0.2123001217842102,0.26723170280456543,0.5627010706932934
8970,181,4,0.3,0.5,-0.22737079858779907,0.24659942090511322,0.5850912857740721
8971,181,5,0.3,0.5,-0.22267061471939087,0.20683473348617554,0.599274932715584
8972,181,6,0.3,0.5,-0.22401832044124603,0.20756077766418457,0.6000965746598134
8973,181,7,0.3,0.5,-0.22017218172550201,0.2111407369375229,0.5949947667820836
8974,181,8,0.3,0.5,-0.22244246304035187,0.21378272771835327,0.5957066846527876
8975,181,9,0.3,0.5,-0.21451091766357422,0.2717388868331909,0.5628717617532115
8976,181,10,0.3,0.5,-0.21903420984745026,0.20952486991882324,0.5947876193967421
8977,181,11,0.3,0.5,-0.2288786917924881,0.20300310850143433,0.6065639489715363
8978,181,12,0.3,0.5,-0.22263593971729279,0.21348971128463745,0.5960171734303787
8979,181,13,0.3,0.5,-0.22134985029697418,0.20429816842079163,0.5993707029910421
8980,181,14,0.3,0.5,-0.22226078808307648,0.21019534766674042,0.5972797228126514
8981,181,15,0.3,0.5,-0.20379431545734406,0.23425008356571198,0.5695890890562818
8982,181,16,0.3,0.5,-0.21556885540485382,0.21553093194961548,0.5888411461004788
8983,181,17,0.3,0.5,-0.2205875962972641,0.2097214311361313,0.5960478948542801
8984,181,18,0.3,0.5,-0.21987709403038025,0.207515150308609,0.5965061443073898
8985,181,19,0.3,0.5,-0.23072926700115204,0.19935256242752075,0.6099692095265776
8986,181,20,0.3,0.5,-0.22819893062114716,0.1994107961654663,0.6077400593767062
8987,181,21,0.3,0.5,-0.2194719761610031,0.20709966123104095,0.5963570595436838
8988,181,22,0.3,0.5,-0.2193509191274643,0.2130156010389328,0.593367864351944
8989,181,23,0.3,0.5,-0.22169914841651917,0.20745006203651428,0.5981266317937705
8990,181,24,0.3,0.5,-0.22833052277565002,0.20428070425987244,0.6054610170518236
8991,181,25,0.3,0.5,-0.2207176238298416,0.20191645622253418,0.6000005356980349
8992,181,26,0.3,0.5,-0.22264665365219116,0.20182670652866364,0.6017198995490985
8993,181,27,0.3,0.5,-0.22885575890541077,0.20113976299762726,0.6074585212082652
8994,181,28,0.3,0.5,-0.23446427285671234,0.198357492685318,0.6137102420355572
8995,181,29,0.3,0.5,-0.2206820249557495,0.20407652854919434,0.5988993839264786
8996,181,30,0.3,0.5,-0.21956810355186462,0.20295558869838715,0.5984867555042491
8997,181,31,0.3,0.5,-0.2276366502046585,0.19961585104465485,0.6071499580686968
8998,181,32,0.3,0.5,-0.2157546728849411,0.2076813280582428,0.5928347902817828
8999,181,33,0.3,0.5,-0.2292991727590561,0.19873346388339996,0.6090313128789979
9000,181,34,0.3,0.5,-0.22257648408412933,0.20159833133220673,0.6017721641796452
9001,181,35,0.3,0.5,-0.21919479966163635,0.20314988493919373,0.5980662428254087
9002,181,36,0.3,0.5,-0.2208762913942337,0.2033303678035736,0.599437220736395
9003,181,37,0.3,0.5,-0.22732886672019958,0.19876104593276978,0.6073060522701292
9004,181,38,0.3,0.5,-0.2206486612558365,0.20086325705051422,0.6004646696100625
9005,181,39,0.3,0.5,-0.21429139375686646,0.20314921438694,0.5938148083463995
9006,181,40,0.3,0.5,-0.22838784754276276,0.19518059492111206,0.6100070386016223
9007,181,41,0.3,0.5,-0.21559394896030426,0.20328521728515625,0.5948754344280808
9008,181,42,0.3,0.5,-0.22841084003448486,0.19884292781352997,0.6082052268715525
9009,181,43,0.3,0.5,-0.21874144673347473,0.20044265687465668,0.5990219448229365
9010,181,44,0.3,0.5,-0.21961824595928192,0.20108294486999512,0.5994618648266087
9011,181,45,0.3,0.5,-0.21353723108768463,0.20390288531780243,0.5927849433279564
9012,181,46,0.3,0.5,-0.21978415548801422,0.20159299671649933,0.59935157287274
9013,181,47,0.3,0.5,-0.22324571013450623,0.19570085406303406,0.6052966573442569
9014,181,48,0.3,0.5,-0.21675188839435577,0.1984870880842209,0.5982830017734627
9015,182,0,0.4,0.5,-0.3930073380470276,0.12190080434083939,0.8785326629981022
9016,182,1,0.4,0.5,-0.37081828713417053,0.11032633483409882,0.8637166185180667
9017,182,2,0.4,0.5,-0.40168148279190063,0.11795443296432495,0.8880608172546692
9018,182,3,0.4,0.5,-0.38324403762817383,0.12190524488687515,0.8697280415877932
9019,182,4,0.4,0.5,-0.3906996250152588,0.12853574752807617,0.8736083721346746
9020,182,5,0.4,0.5,-0.3944544196128845,0.1440819799900055,0.8705374557193275
9021,182,6,0.4,0.5,-0.3968845307826996,0.11455246061086655,0.885208879881975
9022,182,7,0.4,0.5,-0.4025581479072571,0.13965490460395813,0.8797432401265208
9023,182,8,0.4,0.5,-0.40345606207847595,0.11126657575368881,0.8925554990121983
9024,182,9,0.4,0.5,-0.39474815130233765,0.14023715257644653,0.872384049822546
9025,182,10,0.4,0.5,-0.3818684220314026,0.09894394129514694,0.8787287360691842
9026,182,11,0.4,0.5,-0.37378209829330444,0.12306739389896393,0.8607072238463599
9027,182,12,0.4,0.5,-0.4120875895023346,0.1172456368803978,0.8977678739578537
9028,182,13,0.4,0.5,-0.37651535868644714,0.10346018522977829,0.8719059163544788
9029,182,14,0.4,0.5,-0.3841935098171234,0.1329364776611328,0.8658493461746766
9030,182,15,0.4,0.5,-0.3806062936782837,0.12666650116443634,0.8652884415516889
9031,182,16,0.4,0.5,-0.34113526344299316,0.10331986099481583,0.8406168041384179
9032,182,17,0.4,0.5,-0.47909852862358093,0.12986218929290771,0.9538428706779667
9033,182,18,0.4,0.5,-0.39526739716529846,0.11744623631238937,0.8824951076950086
9034,182,19,0.4,0.5,-0.4024704396724701,0.13466021418571472,0.8817210248411657
9035,182,20,0.4,0.5,-0.4212348461151123,0.13592767715454102,0.8983180554435052
9036,182,21,0.4,0.5,-0.3940158784389496,0.13636337220668793,0.8733228568439444
9037,182,22,0.4,0.5,-0.39324456453323364,0.12978839874267578,0.8753819559866605
9038,182,23,0.4,0.5,-0.39395076036453247,0.13521039485931396,0.8737443939174184
9039,182,24,0.4,0.5,-0.36900708079338074,0.11194171011447906,0.861371654199993
9040,182,25,0.4,0.5,-0.39318549633026123,0.13337275385856628,0.8738184990041893
9041,182,26,0.4,0.5,-0.3974892795085907,0.09242331981658936,0.8956047683886355
9042,182,27,0.4,0.5,-0.38510701060295105,0.13283975422382355,0.8667177534678314
9043,182,28,0.4,0.5,-0.37209436297416687,0.13827240467071533,0.8526292034402712
9044,182,29,0.4,0.5,-0.3801597058773041,0.11719085276126862,0.8690178420977364
9045,182,30,0.4,0.5,-0.3638556897640228,0.11723202466964722,0.854392671857249
9046,182,31,0.4,0.5,-0.3850482404232025,0.1203235611319542,0.8720406745233202
9047,182,32,0.4,0.5,-0.3760077655315399,0.11844006180763245,0.8647404457978225
9048,182,33,0.4,0.5,-0.4795757532119751,0.12092674523591995,0.9577839203681834
9049,182,34,0.4,0.5,-0.3927001357078552,0.12582820653915405,0.8765717518680134
9050,182,35,0.4,0.5,-0.3894931375980377,0.10338454693555832,0.8835175334558486
9051,182,36,0.4,0.5,-0.37514716386795044,0.12226320803165436,0.8622866168850497
9052,182,37,0.4,0.5,-0.3631381094455719,0.14234815537929535,0.8427897816470927
9053,182,38,0.4,0.5,-0.3866705596446991,0.1352114975452423,0.8671339117661636
9054,182,39,0.4,0.5,-0.3960377275943756,0.12991639971733093,0.8778598606564716
9055,182,40,0.4,0.5,-0.488959401845932,0.11466097086668015,0.9688833704340718
9056,182,41,0.4,0.5,-0.40233314037323,0.11437635868787766,0.8901932716438546
9057,182,42,0.4,0.5,-0.38489511609077454,0.11630620062351227,0.8736597020254024
9058,182,43,0.4,0.5,-0.38436275720596313,0.12176179885864258,0.8707979511312545
9059,182,44,0.4,0.5,-0.4261508285999298,0.1577361822128296,0.8942425356482435
9060,182,45,0.4,0.5,-0.39078664779663086,0.1281324177980423,0.8738586962582466
9061,182,46,0.4,0.5,-0.4800633490085602,0.1267845332622528,0.9559295386588058
9062,182,47,0.4,0.5,-0.38860464096069336,0.10561434924602509,0.8817240618614082
9063,182,48,0.4,0.5,-0.38443389534950256,0.11396592855453491,0.874276180900496
9064,182,49,0.4,0.5,-0.48635685443878174,0.11108749359846115,0.9679263458787237
9065,183,0,0.5,0.5,-0.36727702617645264,0.06857731193304062,0.9686562733562366
9066,183,1,0.5,0.5,-0.35005563497543335,0.06784754991531372,0.9535986171695534
9067,183,2,0.5,0.5,-0.38199755549430847,0.05200184881687164,0.9892532695732862
9068,183,3,0.5,0.5,-0.3725416660308838,0.059334900230169296,0.977504316673387
9069,183,4,0.5,0.5,-0.38160330057144165,0.04724548012018204,0.991065605724497
9070,183,5,0.5,0.5,-0.3885971009731293,0.011432180181145668,1.014052918944765
9071,183,6,0.5,0.5,-0.3685457706451416,0.06088322773575783,0.9732395878658704
9072,183,7,0.5,0.5,-0.35282984375953674,0.08233296871185303,0.949612811324684
9073,183,8,0.5,0.5,-0.40963417291641235,0.029061714187264442,1.0243130369089146
9074,183,9,0.5,0.5,-0.38970479369163513,0.04141004756093025,1.0009392411110394
9075,183,10,0.5,0.5,-0.36544814705848694,-0.01399620994925499,1.006574686294647
9076,183,11,0.5,0.5,-0.3557923436164856,0.017538677901029587,0.9824202067924312
9077,183,12,0.5,0.5,-0.3410285413265228,-0.0010362416505813599,0.978961859713216
9078,183,13,0.5,0.5,-0.36660242080688477,0.026393013074994087,0.9875744700084828
9079,183,14,0.5,0.5,-0.36769339442253113,0.004777632653713226,0.999068075680809
9080,183,15,0.5,0.5,-0.3813561499118805,0.014094192534685135,1.0064259121843062
9081,183,16,0.5,0.5,-0.3499722182750702,0.03253735974431038,0.9700381909359362
9082,183,17,0.5,0.5,-0.36352354288101196,0.03757963329553604,0.9795435185089357
9083,183,18,0.5,0.5,-0.33692821860313416,0.05667616426944733,0.9470928499471768
9084,183,19,0.5,0.5,-0.3334999680519104,0.03840325400233269,0.9527821118483337
9085,183,20,0.5,0.5,-0.36538559198379517,0.015612732619047165,0.9917274059003968
9086,183,21,0.5,0.5,-0.35732558369636536,0.04319154471158981,0.9714325098962341
9087,183,22,0.5,0.5,-0.36211898922920227,0.06544272601604462,0.96544765573383
9088,183,23,0.5,0.5,-0.3586161732673645,0.02587074413895607,0.9808263272667798
9089,183,24,0.5,0.5,-0.33524930477142334,0.08828287571668625,0.9312101758192227
9090,183,25,0.5,0.5,-0.38747647404670715,0.03854287415742874,1.0002785466945006
9091,183,26,0.5,0.5,-0.36275169253349304,0.002058058977127075,0.9961358640261042
9092,183,27,0.5,0.5,-0.3696019649505615,0.027077501639723778,0.9898804306082645
9093,183,28,0.5,0.5,-0.3848220109939575,0.058575890958309174,0.9888201227638127
9094,183,29,0.5,0.5,-0.344300776720047,0.0284029021859169,0.9670820152586544
9095,183,30,0.5,0.5,-0.35517364740371704,0.05391597002744675,0.964527308587129
9096,183,31,0.5,0.5,-0.37634938955307007,0.04243338108062744,0.988612898620762
9097,183,32,0.5,0.5,-0.3670467436313629,0.03284695744514465,0.9848868060899226
9098,183,33,0.5,0.5,-0.3536780774593353,0.014394272118806839,0.9821299215916856
9099,183,34,0.5,0.5,-0.38532018661499023,0.012232931330800056,1.0107959962851778
9100,183,35,0.5,0.5,-0.35965296626091003,0.03234333172440529,0.9786245356538997
9101,183,36,0.5,0.5,-0.38168588280677795,0.01983628235757351,1.0039557717753125
9102,183,37,0.5,0.5,-0.3606318235397339,0.023149829357862473,0.9839071200732127
9103,183,38,0.5,0.5,-0.39050719141960144,0.011084234341979027,1.0158945239930155
9104,183,39,0.5,0.5,-0.3699437379837036,0.02797938510775566,0.9897502554383663
9105,183,40,0.5,0.5,-0.3759973645210266,0.004661347717046738,1.0063457472922896
9106,183,41,0.5,0.5,-0.37184667587280273,-0.00183945894241333,1.0059619618962092
9107,183,42,0.5,0.5,-0.36105188727378845,0.04553038626909256,0.9736287703136515
9108,183,43,0.5,0.5,-0.3902128040790558,0.04724232107400894,0.998733374015681
9109,183,44,0.5,0.5,-0.4025513529777527,0.042196523398160934,1.0120192527569336
9110,183,45,0.5,0.5,-0.3618095815181732,0.03563116118311882,0.9789556543892411
9111,183,46,0.5,0.5,-0.392863392829895,0.0684618353843689,0.9916805058967021
9112,183,47,0.5,0.5,-0.34799593687057495,0.032313182950019836,0.9684152352123265
9113,183,48,0.5,0.5,-0.35478097200393677,0.036656104028224945,0.9722849767605679
9114,184,0,-1.0,0.6,-0.1722554713487625,0.3047938942909241,0.8788103604077375
9115,184,1,-1.0,0.6,0.16146038472652435,0.41225412487983704,1.1765367562952387
9116,184,2,-1.0,0.6,-0.07751874625682831,0.41300585865974426,0.9412430464036128
9117,184,3,-1.0,0.6,-0.038184747099876404,0.30298829078674316,1.006630287703042
9118,184,4,-1.0,0.6,-0.2285788208246231,0.4793464243412018,0.7807995395743919
9119,184,5,-1.0,0.6,-0.3106295168399811,0.26716482639312744,0.765513498145
9120,184,6,-1.0,0.6,0.04233633726835251,0.3899034857749939,1.0632993864756544
9121,184,7,-1.0,0.6,0.03223351016640663,0.3675229847431183,1.05808864568769
9122,184,8,-1.0,0.6,-0.05933404713869095,0.4274563193321228,0.9563596376943627
9123,184,9,-1.0,0.6,-0.09884004294872284,0.3825009763240814,0.9270356484475867
9124,184,10,-1.0,0.6,-0.275829017162323,0.25492310523986816,0.8021855618754193
9125,184,11,-1.0,0.6,-0.1850873976945877,0.4753977656364441,0.8243835674032869
9126,184,12,-1.0,0.6,0.07929399609565735,0.41296279430389404,1.0953805029864008
9127,184,13,-1.0,0.6,-0.08676035702228546,0.4437501132488251,0.9265099419951296
9128,184,14,-1.0,0.6,0.03135087341070175,0.39808389544487,1.0509304150911873
9129,184,15,-1.0,0.6,-0.03853173553943634,0.4591400623321533,0.9717318280290083
9130,184,16,-1.0,0.6,0.1042700782418251,0.4255923628807068,1.1179581519832222
9131,184,17,-1.0,0.6,-0.010143071413040161,0.19385814666748047,1.0699382898560008
9132,184,18,-1.0,0.6,0.15418566763401031,0.44841161370277405,1.1640977597401188
9133,184,19,-1.0,0.6,0.11062589287757874,0.4339205324649811,1.1229747385702114
9134,184,20,-1.0,0.6,-0.2772918939590454,-0.031203240156173706,0.9595439213089498
9135,184,21,-1.0,0.6,0.1509982943534851,0.46188023686408997,1.1592558572521219
9136,184,22,-1.0,0.6,0.12680616974830627,0.4111674726009369,1.1425190884999545
9137,184,23,-1.0,0.6,0.06702939420938492,0.42506808042526245,1.0812737417476435
9138,184,24,-1.0,0.6,0.1721317172050476,0.4372465908527374,1.183377131208437
9139,184,25,-1.0,0.6,0.18217583000659943,0.44348108768463135,1.1924922905260975
9140,184,26,-1.0,0.6,0.10910709202289581,0.44555017352104187,1.1198094884733139
9141,184,27,-1.0,0.6,0.12880076467990875,0.47567281126976013,1.1356268824748343
9142,184,28,-1.0,0.6,0.16885975003242493,0.44131529331207275,1.1795821087921334
9143,184,29,-1.0,0.6,0.18912285566329956,0.45476600527763367,1.1979591308069975
9144,184,30,-1.0,0.6,0.03667769581079483,0.4524163007736206,1.047130170164589
9145,184,31,-1.0,0.6,0.07273147255182266,0.38858842849731445,1.0933652933802303
9146,184,32,-1.0,0.6,0.2702946364879608,0.4546639025211334,1.2785816535209893
9147,184,33,-1.0,0.6,0.25651848316192627,0.4471687078475952,1.2657788520861462
9148,184,34,-1.0,0.6,0.004259380046278238,0.4254078269004822,1.0193229759593117
9149,184,35,-1.0,0.6,0.09801086038351059,0.524064302444458,1.1006334901698132
9150,184,36,-1.0,0.6,-0.013833271339535713,0.4976787865161896,0.9914607644509597
9151,184,37,-1.0,0.6,0.20995041728019714,0.45510995388031006,1.2185947389272158
9152,184,38,-1.0,0.6,-0.07368672639131546,0.43033209443092346,0.9417236744628621
9153,184,39,-1.0,0.6,0.10434790700674057,0.41834670305252075,1.119188196865057
9154,184,40,-1.0,0.6,0.0837373435497284,0.31493306159973145,1.1206024224376478
9155,184,41,-1.0,0.6,0.0788719654083252,0.4041331708431244,1.0965074247391082
9156,184,42,-1.0,0.6,0.3309266269207001,0.4609244763851166,1.338173265132459
9157,184,43,-1.0,0.6,-0.009415016509592533,0.4451291859149933,1.0026183613778692
9158,184,44,-1.0,0.6,0.07999677211046219,0.31767019629478455,1.116289902233843
9159,184,45,-1.0,0.6,0.31971630454063416,0.41695037484169006,1.3323506632043178
9160,184,46,-1.0,0.6,0.0087933000177145,0.3608317971229553,1.0367571323256308
9161,184,47,-1.0,0.6,0.18483957648277283,0.42350131273269653,1.1979134395301514
9162,184,48,-1.0,0.6,0.2026195526123047,0.4093892574310303,1.2176314070802026
9163,185,0,-0.8,0.6,-0.5746435523033142,0.0039606839418411255,0.6372192674468867
9164,185,1,-0.8,0.6,-0.5176105499267578,-0.02698993682861328,0.6876482984760572
9165,185,2,-0.8,0.6,-0.5603474974632263,-0.023092884570360184,0.6675912407861194
9166,185,3,-0.8,0.6,-0.53676438331604,0.09021571278572083,0.5737360101837389
9167,185,4,-0.8,0.6,-0.45071062445640564,-0.0507427379488945,0.7385588526724581
9168,185,5,-0.8,0.6,-0.5627139806747437,-0.04558207839727402,0.6878087487921115
9169,185,6,-0.8,0.6,-0.5892881751060486,0.01473032496869564,0.6220450672269557
9170,185,7,-0.8,0.6,-0.596890926361084,-0.01972021535038948,0.6521552277704992
9171,185,8,-0.8,0.6,-0.5519802570343018,0.012639908120036125,0.637577972042644
9172,185,9,-0.8,0.6,-0.562463641166687,0.002984028309583664,0.6425352848063991
9173,185,10,-0.8,0.6,-0.5828249454498291,-0.0038096681237220764,0.6416783615165382
9174,185,11,-0.8,0.6,-0.5647249817848206,-0.02442299574613571,0.6672768629382646
9175,185,12,-0.8,0.6,-0.5546566843986511,0.004076570272445679,0.6444517643769117
9176,185,13,-0.8,0.6,-0.5808839201927185,-0.0072967372834682465,0.6456169015331436
9177,185,14,-0.8,0.6,-0.5374218821525574,0.08216764032840729,0.580601085682205
9178,185,15,-0.8,0.6,-0.5707781910896301,-0.004267744719982147,0.6462833318205844
9179,185,16,-0.8,0.6,-0.5370795726776123,-0.004386894404888153,0.6590983759893301
9180,185,17,-0.8,0.6,-0.5467109680175781,0.013550158590078354,0.6388104180524254
9181,185,18,-0.8,0.6,-0.581402599811554,0.003786332905292511,0.6350240626934276
9182,185,19,-0.8,0.6,-0.5380136370658875,-0.06944048404693604,0.7188792777959597
9183,185,20,-0.8,0.6,-0.510818362236023,0.10507640242576599,0.573214957110924
9184,185,21,-0.8,0.6,-0.5398968458175659,0.19012978672981262,0.48543510641670734
9185,185,22,-0.8,0.6,-0.5639817714691162,-0.02110443264245987,0.6644360920712905
9186,185,23,-0.8,0.6,-0.5320664644241333,0.022227998822927475,0.636874292800662
9187,185,24,-0.8,0.6,-0.5801510810852051,-0.03346848487854004,0.670534017393836
9188,185,25,-0.8,0.6,-0.5348445773124695,-0.010770022869110107,0.6658433892561646
9189,185,26,-0.8,0.6,-0.5619063973426819,-0.029907800257205963,0.6734035940290287
9190,185,27,-0.8,0.6,-0.5273629426956177,0.013976149260997772,0.6463396310381729
9191,185,28,-0.8,0.6,-0.5446121692657471,-0.0666528269648552,0.7138970064283647
9192,185,29,-0.8,0.6,-0.5585723519325256,0.0031755976378917694,0.643806396757814
9193,185,30,-0.8,0.6,-0.5573597550392151,0.04630199819803238,0.604529375360802
9194,185,31,-0.8,0.6,-0.6020861864089966,0.04577729105949402,0.5885003727403129
9195,185,32,-0.8,0.6,-0.5887628197669983,-0.006938230246305466,0.6426469961396435
9196,185,33,-0.8,0.6,-0.5390713810920715,-0.047778233885765076,0.6983554857387174
9197,185,34,-0.8,0.6,-0.5386817455291748,0.11165264248847961,0.553868550928976
9198,185,35,-0.8,0.6,-0.5699785947799683,-0.042806126177310944,0.6827221709527815
9199,185,36,-0.8,0.6,-0.5646079778671265,-0.024275630712509155,0.6671802359072879
9200,185,37,-0.8,0.6,-0.5915369987487793,-0.011245101690292358,0.6458152965291565
9201,185,38,-0.8,0.6,-0.5530160069465637,-0.014100398868322372,0.661906634439369
9202,185,39,-0.8,0.6,-0.5756290555000305,-0.011593978852033615,0.6514518521762527
9203,185,40,-0.8,0.6,-0.5065060257911682,-0.018107518553733826,0.6842482132892631
9204,185,41,-0.8,0.6,-0.521119236946106,-0.05170691758394241,0.7088697951163427
9205,185,42,-0.8,0.6,-0.5715387463569641,-0.023588702082633972,0.6641215353993963
9206,185,43,-0.8,0.6,-0.5772162675857544,-0.02454502135515213,0.6630905482118785
9207,185,44,-0.8,0.6,-0.47883471846580505,-0.08260025829076767,0.754380706726757
9208,185,45,-0.8,0.6,-0.5518701672554016,0.059435948729515076,0.594792322936184
9209,185,46,-0.8,0.6,-0.5844884514808655,-0.03004344552755356,0.665882850655689
9210,185,47,-0.8,0.6,-0.579870879650116,-0.008971519768238068,0.6475362086515712
9211,185,48,-0.8,0.6,-0.5399401187896729,0.042188942432403564,0.6154545618969851
9212,185,49,-0.8,0.6,-0.5861009955406189,0.009772799909114838,0.6277905158855461
9213,186,0,-0.6,0.6,-0.5773851275444031,0.31957536935806274,0.281335042123888
9214,186,1,-0.6,0.6,-0.5738887786865234,0.35516539216041565,0.24622303116167749
9215,186,2,-0.6,0.6,-0.5665143728256226,0.34644266963005066,0.25575888452133394
9216,186,3,-0.6,0.6,-0.569600522518158,0.3819776773452759,0.2201314639185631
9217,186,4,-0.6,0.6,-0.5698218941688538,0.36595553159713745,0.23598205707539371
9218,186,5,-0.6,0.6,-0.5654526948928833,0.27297812700271606,0.32884163621539153
9219,186,6,-0.6,0.6,-0.5302290916442871,0.3921509087085724,0.21924694844730103
9220,186,7,-0.6,0.6,-0.5530461668968201,0.32396265864372253,0.28000227903737374
9221,186,8,-0.6,0.6,-0.5812170505523682,0.2835705280303955,0.3169864506897968
9222,186,9,-0.6,0.6,-0.5380988717079163,0.3466946482658386,0.2607591818153298
9223,186,10,-0.6,0.6,-0.5378626585006714,0.4075062572956085,0.20227429443443534
9224,186,11,-0.6,0.6,-0.5596187710762024,0.387739896774292,0.2160671077947413
9225,186,12,-0.6,0.6,-0.5557432770729065,0.3278534412384033,0.2757216113583132
9226,186,13,-0.6,0.6,-0.533663272857666,0.3415594696998596,0.26681841965983955
9227,186,14,-0.6,0.6,-0.5601282715797424,0.37217140197753906,0.23129121212034592
9228,186,15,-0.6,0.6,-0.5556442141532898,0.34118443727493286,0.2625889016062415
9229,186,16,-0.6,0.6,-0.5331702828407288,0.36918240785598755,0.2402976736024464
9230,186,17,-0.6,0.6,-0.5611111521720886,0.3552091419696808,0.2478606597679477
9231,186,18,-0.6,0.6,-0.5415064692497253,0.3025045096874237,0.30319145749172005
9232,186,19,-0.6,0.6,-0.5242389440536499,0.43168944120407104,0.1845756804140346
9233,186,20,-0.6,0.6,-0.5702579021453857,0.3106521964073181,0.2908723840943011
9234,186,21,-0.6,0.6,-0.5565426349639893,0.3410264849662781,0.26259440981253673
9235,186,22,-0.6,0.6,-0.5443688035011292,0.32688650488853455,0.27872174517948256
9236,186,23,-0.6,0.6,-0.540394127368927,0.33746227622032166,0.2692190863581673
9237,186,24,-0.6,0.6,-0.5335853695869446,0.2389424443244934,0.3671150523245734
9238,186,25,-0.6,0.6,-0.511565625667572,0.4285244047641754,0.1929365655469391
9239,186,26,-0.6,0.6,-0.5291376709938049,0.34731563925743103,0.26243257388529906
9240,186,27,-0.6,0.6,-0.5035750269889832,0.3363727629184723,0.2807082035698553
9241,186,28,-0.6,0.6,-0.5246139764785767,0.3213753402233124,0.28864295172071586
9242,186,29,-0.6,0.6,-0.5376010537147522,0.3536525368690491,0.2541273324311347
9243,186,30,-0.6,0.6,-0.5087441802024841,0.44549837708473206,0.17943905965638676
9244,186,31,-0.6,0.6,-0.5054145455360413,0.3437786400318146,0.27312230502121215
9245,186,32,-0.6,0.6,-0.5350902080535889,0.3536331057548523,0.25477426806984677
9246,186,33,-0.6,0.6,-0.502008855342865,0.39948952198028564,0.22317418360309935
9247,186,34,-0.6,0.6,-0.5345074534416199,0.3216502368450165,0.2859508074881709
9248,186,35,-0.6,0.6,-0.5357901453971863,0.3494955599308014,0.25860274538855377
9249,186,36,-0.6,0.6,-0.5463436245918274,0.3330703675746918,0.27226904945045244
9250,186,37,-0.6,0.6,-0.5295766592025757,0.36868050694465637,0.24180189163125115
9251,186,38,-0.6,0.6,-0.552781343460083,0.31279122829437256,0.2910643916216648
9252,186,39,-0.6,0.6,-0.550057053565979,0.29509490728378296,0.30896830494857624
9253,186,40,-0.6,0.6,-0.5360931158065796,0.33221524953842163,0.2753048536206382
9254,186,41,-0.6,0.6,-0.5155794024467468,0.384736031293869,0.23122589282855513
9255,186,42,-0.6,0.6,-0.4619564414024353,0.38148948550224304,0.25846250988558034
9256,186,43,-0.6,0.6,-0.5300794243812561,0.350614994764328,0.2590014821024247
9257,186,44,-0.6,0.6,-0.5473146438598633,0.31346556544303894,0.2913378261374421
9258,186,45,-0.6,0.6,-0.5190001726150513,0.3462461531162262,0.2663681415723457
9259,186,46,-0.6,0.6,-0.5288703441619873,0.30298927426338196,0.305409232247859
9260,186,47,-0.6,0.6,-0.5303158760070801,0.37742501497268677,0.2332284311497407
9261,186,48,-0.6,0.6,-0.48095032572746277,0.2824694812297821,0.3391142216051708
9262,186,49,-0.6,0.6,-0.5322604775428772,0.31323251128196716,0.2946595246863168
9263,187,0,-0.4,0.6,-0.1706368625164032,0.40392130613327026,0.3017520555436235
9264,187,1,-0.4,0.6,-0.15671640634536743,0.4058424234390259,0.3112620623807902
9265,187,2,-0.4,0.6,-0.16030253469944,0.4377114176750183,0.2894692709504163
9266,187,3,-0.4,0.6,-0.1591586172580719,0.3913792371749878,0.3186333226809994
9267,187,4,-0.4,0.6,-0.13262805342674255,0.4842723309993744,0.291342841317049
9268,187,5,-0.4,0.6,-0.1588042974472046,0.4102516770362854,0.3068872643129374
9269,187,6,-0.4,0.6,-0.13555926084518433,0.47463974356651306,0.2926501297074971
9270,187,7,-0.4,0.6,-0.16447480022907257,0.4388241469860077,0.285394070229084
9271,187,8,-0.4,0.6,-0.16797763109207153,0.4499706029891968,0.2763027318740661
9272,187,9,-0.4,0.6,-0.1516299992799759,0.4125337302684784,0.3111772156580819
9273,187,10,-0.4,0.6,-0.15318205952644348,0.42153266072273254,0.304581166404483
9274,187,11,-0.4,0.6,-0.16369390487670898,0.43632709980010986,0.2874532811645417
9275,187,12,-0.4,0.6,-0.18963779509067535,0.45533087849617004,0.255306505931601
9276,187,13,-0.4,0.6,-0.16490772366523743,0.42053356766700745,0.29576439732765836
9277,187,14,-0.4,0.6,-0.14393813908100128,0.39269551634788513,0.32945838213584827
9278,187,15,-0.4,0.6,-0.16261844336986542,0.4525235891342163,0.2794625112425623
9279,187,16,-0.4,0.6,-0.15353985130786896,0.4238566756248474,0.3029341110130676
9280,187,17,-0.4,0.6,-0.16319158673286438,0.42527949810028076,0.2942880873874923
9281,187,18,-0.4,0.6,-0.15731379389762878,0.40919288992881775,0.30871337497115164
9282,187,19,-0.4,0.6,-0.1674909144639969,0.43523553013801575,0.28496983241334356
9283,187,20,-0.4,0.6,-0.16830991208553314,0.4462602138519287,0.2780579412328806
9284,187,21,-0.4,0.6,-0.16533713042736053,0.44206854701042175,0.28285863288834756
9285,187,22,-0.4,0.6,-0.16830940544605255,0.4278004467487335,0.2886749343893533
9286,187,23,-0.4,0.6,-0.16093066334724426,0.4050002694129944,0.3085110089714684
9287,187,24,-0.4,0.6,-0.1564195305109024,0.3871321976184845,0.32348747488467794
9288,187,25,-0.4,0.6,-0.16093102097511292,0.42339226603507996,0.2972276373896376
9289,187,26,-0.4,0.6,-0.14845846593379974,0.4863720238208771,0.2760153262609537
9290,187,27,-0.4,0.6,-0.14121416211128235,0.5095866322517395,0.2741253125111723
9291,187,28,-0.4,0.6,-0.13656286895275116,0.373725026845932,0.3472743663017464
9292,187,29,-0.4,0.6,-0.29066649079322815,0.16218295693397522,0.45126220696458136
9293,187,30,-0.4,0.6,-0.15758614242076874,0.40716391801834106,0.3097583459093248
9294,187,31,-0.4,0.6,-0.16668465733528137,0.41746512055397034,0.29623475713888076
9295,187,32,-0.4,0.6,-0.15719996392726898,0.38453030586242676,0.3246213896351546
9296,187,33,-0.4,0.6,-0.13334624469280243,0.3846150040626526,0.3427753224699263
9297,187,34,-0.4,0.6,-0.16761711239814758,0.4365895092487335,0.2840858935916124
9298,187,35,-0.4,0.6,-0.20773057639598846,0.5724196434020996,0.19423750236009057
9299,187,36,-0.4,0.6,-0.15732833743095398,0.4150664806365967,0.3051064443733682
9300,187,37,-0.4,0.6,-0.16042114794254303,0.3912319839000702,0.3177768256173968
9301,187,38,-0.4,0.6,-0.16450366377830505,0.42415329813957214,0.29390574497452715
9302,187,39,-0.4,0.6,-0.1481209397315979,0.40085625648498535,0.32109389838934543
9303,187,40,-0.4,0.6,-0.16680392622947693,0.44305524230003357,0.28109084971142057
9304,187,41,-0.4,0.6,-0.13511130213737488,0.3989391326904297,0.3325529952032213
9305,187,42,-0.4,0.6,-0.13777963817119598,0.4021151065826416,0.3285086744675522
9306,187,43,-0.4,0.6,-0.14481131732463837,0.40668588876724243,0.3201431076367214
9307,187,44,-0.4,0.6,-0.16033142805099487,0.42327067255973816,0.2977822687091405
9308,187,45,-0.4,0.6,-0.1655191034078598,0.44568321108818054,0.2807044036111813
9309,187,46,-0.4,0.6,-0.16553480923175812,0.44355201721191406,0.28186858108070384
9310,187,47,-0.4,0.6,-0.15746665000915527,0.4232886731624603,0.3000821868929666
9311,187,48,-0.4,0.6,-0.15591256320476532,0.3996661305427551,0.31577260180861183
9312,187,49,-0.4,0.6,-0.1612301617860794,0.43173736333847046,0.2921016099527555
9313,188,0,-0.2,0.6,-0.10905146598815918,0.3807159662246704,0.2373965528555182
9314,188,1,-0.2,0.6,-0.11680584400892258,0.39360713958740234,0.22252927991696225
9315,188,2,-0.2,0.6,-0.10390375554561615,0.38197389245033264,0.23826428975298797
9316,188,3,-0.2,0.6,-0.11457115411758423,0.3939005136489868,0.22310330787093455
9317,188,4,-0.2,0.6,-0.10379847884178162,0.37649640440940857,0.24332815273839106
9318,188,5,-0.2,0.6,-0.10074964165687561,0.3676404654979706,0.2526689274628726
9319,188,6,-0.2,0.6,-0.10487455874681473,0.3743171691894531,0.24491139152002528
9320,188,7,-0.2,0.6,-0.1078258827328682,0.3594031035900116,0.257648858829403
9321,188,8,-0.2,0.6,-0.1086718961596489,0.35847342014312744,0.2582167913371092
9322,188,9,-0.2,0.6,-0.12324844300746918,0.3167070150375366,0.2935059059537307
9323,188,10,-0.2,0.6,-0.10468883067369461,0.3549979031085968,0.26288827756203237
9324,188,11,-0.2,0.6,-0.11001849919557571,0.37187105417251587,0.24523353443478277
9325,188,12,-0.2,0.6,-0.1241050586104393,0.3941872715950012,0.21936025460879335
9326,188,13,-0.2,0.6,-0.11250361055135727,0.38826388120651245,0.22910216535047945
9327,188,14,-0.2,0.6,-0.10608947277069092,0.3782031238079071,0.24085896581414065
9328,188,15,-0.2,0.6,-0.10302307456731796,0.36628639698028564,0.2530347254880891
9329,188,16,-0.2,0.6,-0.10245440155267715,0.3534497916698456,0.2651455242015013
9330,188,17,-0.2,0.6,-0.10089987516403198,0.3578595817089081,0.261634892383813
9331,188,18,-0.2,0.6,-0.11125368624925613,0.38438880443573,0.23316109421813785
9332,188,19,-0.2,0.6,-0.09961042553186417,0.3593451976776123,0.26075429151352597
9333,188,20,-0.2,0.6,-0.1064707413315773,0.3786029815673828,0.24034217690184415
9334,188,21,-0.2,0.6,-0.08957140892744064,0.3273552656173706,0.2941591829483572
9335,188,22,-0.2,0.6,-0.09870785474777222,0.3401698172092438,0.2788759985708275
9336,188,23,-0.2,0.6,-0.12111100554466248,0.37172022461891174,0.2415266637334569
9337,188,24,-0.2,0.6,-0.09935243427753448,0.3511698544025421,0.26841455594641306
9338,188,25,-0.2,0.6,-0.10961990803480148,0.385114461183548,0.2331187590394103
9339,188,26,-0.2,0.6,-0.10631102323532104,0.3656312823295593,0.2524011097235891
9340,188,27,-0.2,0.6,-0.10574177652597427,0.3557714819908142,0.2617865193271849
9341,188,28,-0.2,0.6,-0.1141044944524765,0.392742395401001,0.22435184986395734
9342,188,29,-0.2,0.6,-0.11692865937948227,0.38219091296195984,0.2331129469352456
9343,188,30,-0.2,0.6,-0.11844223737716675,0.378659188747406,0.2358885825342101
9344,188,31,-0.2,0.6,-0.10714230686426163,0.36717748641967773,0.2506568850128603
9345,188,32,-0.2,0.6,-0.11159226298332214,0.37949976325035095,0.23756321763072108
9346,188,33,-0.2,0.6,-0.1136980950832367,0.38150498270988464,0.2349214578808625
9347,188,34,-0.2,0.6,-0.10693468153476715,0.35939767956733704,0.2579740880371845
9348,188,35,-0.2,0.6,-0.10968409478664398,0.385730117559433,0.232526439906524
9349,188,36,-0.2,0.6,-0.10935788601636887,0.39467325806617737,0.22444389896047556
9350,188,37,-0.2,0.6,-0.10776964575052261,0.37659355998039246,0.24169583299514824
9351,188,38,-0.2,0.6,-0.10796859860420227,0.36119720339775085,0.25592294642710256
9352,188,39,-0.2,0.6,-0.11516302824020386,0.37397363781929016,0.24142333809724748
9353,188,40,-0.2,0.6,-0.10692296177148819,0.3635178804397583,0.254139977014826
9354,188,41,-0.2,0.6,-0.11491309106349945,0.3937093913555145,0.22314927131245713
9355,188,42,-0.2,0.6,-0.10540284216403961,0.370452880859375,0.24827505347175313
9356,188,43,-0.2,0.6,-0.10643612593412399,0.3633668124675751,0.25445915973289485
9357,188,44,-0.2,0.6,-0.09095889329910278,0.319487601518631,0.3009604104401886
9358,188,45,-0.2,0.6,-0.10821643471717834,0.3742527663707733,0.24369250367476353
9359,188,46,-0.2,0.6,-0.10702008008956909,0.3708873689174652,0.24726071913693007
9360,188,47,-0.2,0.6,-0.1076449304819107,0.36606714129447937,0.2515035611036714
9361,188,48,-0.2,0.6,-0.10936371237039566,0.3744255006313324,0.24310242985355243
9362,189,0,0.0,0.6,-0.06834746897220612,0.3599378764629364,0.24960208266765535
9363,189,1,0.0,0.6,-0.07464055716991425,0.3604753911495209,0.2508849358164221
9364,189,2,0.0,0.6,-0.1708276867866516,0.25999748706817627,0.3805046745742203
9365,189,3,0.0,0.6,-0.04770979657769203,0.37664762139320374,0.22839113318778032
9366,189,4,0.0,0.6,-0.031623050570487976,0.39301350712776184,0.20938821733548602
9367,189,5,0.0,0.6,-0.11656883358955383,0.26109880208969116,0.3583884971779527
9368,189,6,0.0,0.6,-0.025059256702661514,0.39909905195236206,0.20245779133668726
9369,189,7,0.0,0.6,-0.067111074924469,0.35641559958457947,0.252660357997169
9370,189,8,0.0,0.6,-0.07161300629377365,0.3510729670524597,0.25902333949375655
9371,189,9,0.0,0.6,-0.06967556476593018,0.36832165718078613,0.2419287888137923
9372,189,10,0.0,0.6,-0.08814629167318344,0.35217052698135376,0.2630384314742502
9373,189,11,0.0,0.6,-0.055002838373184204,0.36618486046791077,0.24019748479848196
9374,189,12,0.0,0.6,-0.03213546425104141,0.38699468970298767,0.21541576144134963
9375,189,13,0.0,0.6,-0.027181079611182213,0.3942391276359558,0.20754842250627178
9376,189,14,0.0,0.6,-0.036651577800512314,0.37766075134277344,0.22533992022881125
9377,189,15,0.0,0.6,-0.04101935029029846,0.3764449656009674,0.2272871322873137
9378,189,16,0.0,0.6,-0.03709161654114723,0.37805235385894775,0.22502565552662931
9379,189,17,0.0,0.6,-0.06898988783359528,0.35193267464637756,0.2574820431241604
9380,189,18,0.0,0.6,-0.08224998414516449,0.35786333680152893,0.2557248981948563
9381,189,19,0.0,0.6,-0.07694221287965775,0.3392349183559418,0.2718796276436521
9382,189,20,0.0,0.6,-0.04840496927499771,0.37121474742889404,0.23384980830554086
9383,189,21,0.0,0.6,-0.04808644950389862,0.37482646107673645,0.23025079643101665
9384,189,22,0.0,0.6,-0.03853727877140045,0.38517048954963684,0.2182586548466001
9385,189,23,0.0,0.6,-0.1489126980304718,0.2350449562072754,0.39416643137698065
9386,189,24,0.0,0.6,-0.06803697347640991,0.35217586159706116,0.256993839099284
9387,189,25,0.0,0.6,-0.07898245006799698,0.35072028636932373,0.2614930267646455
9388,189,26,0.0,0.6,-0.07263512909412384,0.3610007166862488,0.24979295306915036
9389,189,27,0.0,0.6,-0.07008833438158035,0.35756027698516846,0.25236757698225115
9390,189,28,0.0,0.6,-0.07072766870260239,0.35043153166770935,0.25939703835208033
9391,189,29,0.0,0.6,-0.030395304784178734,0.3967195451259613,0.20554030720693006
9392,189,30,0.0,0.6,-0.024729585275053978,0.3984939157962799,0.20301786709300462
9393,189,31,0.0,0.6,-0.16381007432937622,0.18370793759822845,0.4473620699953408
9394,189,32,0.0,0.6,-0.05088464170694351,0.3671536445617676,0.2383415028955546
9395,189,33,0.0,0.6,-0.17542621493339539,0.23639518022537231,0.403711310033788
9396,189,34,0.0,0.6,-0.07002151012420654,0.35871246457099915,0.2512422867143899
9397,189,35,0.0,0.6,-0.15087884664535522,0.30364736914634705,0.3325497078316475
9398,189,36,0.0,0.6,-0.06406019628047943,0.36053600907325745,0.24788447248276077
9399,189,37,0.0,0.6,-0.04345272481441498,0.37739041447639465,0.22681086142596574
9400,189,38,0.0,0.6,-0.037300098687410355,0.382455438375473,0.22071912842909236
9401,189,39,0.0,0.6,-0.03257028013467789,0.3934830129146576,0.2090695795730667
9402,189,40,0.0,0.6,-0.04300696775317192,0.3751680850982666,0.22890825505800932
9403,189,41,0.0,0.6,-0.04902517423033714,0.36291635036468506,0.242099410640992
9404,189,42,0.0,0.6,-0.07461342960596085,0.35559090971946716,0.2555444526678701
9405,189,43,0.0,0.6,-0.141363263130188,0.3253658413887024,0.3088810341198535
9406,189,44,0.0,0.6,-0.12390965223312378,0.30689695477485657,0.3182184737515818
9407,189,45,0.0,0.6,-0.04603411257266998,0.3747735023498535,0.2298828283367522
9408,189,46,0.0,0.6,-0.07376516610383987,0.3505256772041321,0.2601513741358749
9409,189,47,0.0,0.6,-0.03559766709804535,0.3888920247554779,0.2140882320788908
9410,189,48,0.0,0.6,-0.04002862423658371,0.38541412353515625,0.21828740031540708
9411,189,49,0.0,0.6,-0.061163272708654404,0.36289358139038086,0.24486812710990616
9412,190,0,0.2,0.6,-0.1880689412355423,0.2434093952178955,0.5270240626105622
9413,190,1,0.2,0.6,-0.21633276343345642,0.18576239049434662,0.5873038115295154
9414,190,2,0.2,0.6,-0.16716502606868744,0.26215794682502747,0.4989462989756522
9415,190,3,0.2,0.6,-0.1879982203245163,0.2316204011440277,0.5350197639604344
9416,190,4,0.2,0.6,-0.1964922398328781,0.23220713436603546,0.5408120637143148
9417,190,5,0.2,0.6,-0.20451460778713226,0.22582188248634338,0.5510365972775685
9418,190,6,0.2,0.6,-0.161520317196846,0.24378196895122528,0.5075315018699568
9419,190,7,0.2,0.6,-0.22448259592056274,0.21255983412265778,0.5747132818845604
9420,190,8,0.2,0.6,-0.23488658666610718,0.21241456270217896,0.5825365348778055
9421,190,9,0.2,0.6,-0.22748345136642456,0.2063547968864441,0.5811184450062336
9422,190,10,0.2,0.6,-0.1914193481206894,0.2323213666677475,0.5370257754449952
9423,190,11,0.2,0.6,-0.20180854201316833,0.2235868275165558,0.5505787689820587
9424,190,12,0.2,0.6,-0.1899053305387497,0.24265745282173157,0.5288854912042725
9425,190,13,0.2,0.6,-0.17131616175174713,0.24997732043266296,0.5102857711023778
9426,190,14,0.2,0.6,-0.20083566009998322,0.22559066116809845,0.5484993887073448
9427,190,15,0.2,0.6,-0.1964256316423416,0.22210818529129028,0.5476819378497627
9428,190,16,0.2,0.6,-0.20841331779956818,0.22268050909042358,0.5560318663316995
9429,190,17,0.2,0.6,-0.21333865821361542,0.22384081780910492,0.558877962278309
9430,190,18,0.2,0.6,-0.1867329627275467,0.2454914152622223,0.5246319863607328
9431,190,19,0.2,0.6,-0.16106726229190826,0.2408221811056137,0.5092919334573268
9432,190,20,0.2,0.6,-0.2030676156282425,0.22572213411331177,0.5500431107294503
9433,190,21,0.2,0.6,-0.19815348088741302,0.22694917023181915,0.5456126060984037
9434,190,22,0.2,0.6,-0.14710384607315063,0.2584994435310364,0.4869329625599249
9435,190,23,0.2,0.6,-0.130415141582489,0.17310120165348053,0.539830297238566
9436,190,24,0.2,0.6,-0.16081221401691437,0.2622387409210205,0.494234885371728
9437,190,25,0.2,0.6,-0.2098652422428131,0.21772615611553192,0.5604665989307182
9438,190,26,0.2,0.6,-0.17854535579681396,0.24425111711025238,0.5194745942513838
9439,190,27,0.2,0.6,-0.23119500279426575,0.11050775647163391,0.6523279749552215
9440,190,28,0.2,0.6,-0.1691858470439911,0.25796228647232056,0.5032772467863336
9441,190,29,0.2,0.6,-0.20486299693584442,0.2225918173789978,0.5534898215840661
9442,190,30,0.2,0.6,-0.21165433526039124,0.20858965814113617,0.5680328753274296
9443,190,31,0.2,0.6,-0.2616679072380066,0.056923940777778625,0.7127894939418358
9444,190,32,0.2,0.6,-0.2106536328792572,0.2178248167037964,0.5609761821364776
9445,190,33,0.2,0.6,-0.3077293932437897,0.16887031495571136,0.6660795313549984
9446,190,34,0.2,0.6,-0.1813131719827652,0.23373596370220184,0.5287240106262554
9447,190,35,0.2,0.6,-0.18392911553382874,0.24264025688171387,0.5245069606365157
9448,190,36,0.2,0.6,-0.1932104229927063,0.2444244623184204,0.530139981276311
9449,190,37,0.2,0.6,-0.23015572130680084,0.19837148487567902,0.5885060821554362
9450,190,38,0.2,0.6,-0.23585450649261475,0.21376922726631165,0.5823601640191255
9451,190,39,0.2,0.6,-0.2236824482679367,0.219683438539505,0.5693395330481165
9452,190,40,0.2,0.6,-0.24767930805683136,0.20403020083904266,0.5976695112767693
9453,190,41,0.2,0.6,-0.19983041286468506,0.22915992140769958,0.5453317549362847
9454,190,42,0.2,0.6,-0.21455124020576477,0.2328042834997177,0.5537918606952376
9455,190,43,0.2,0.6,-0.19015149772167206,0.24421530961990356,0.5280160386610666
9456,190,44,0.2,0.6,-0.1588960736989975,0.2641403079032898,0.49153649355043133
9457,190,45,0.2,0.6,-0.19888441264629364,0.2367655485868454,0.5394886850950574
9458,190,46,0.2,0.6,-0.19601570069789886,0.23894739151000977,0.5358987043244964
9459,190,47,0.2,0.6,-0.19478994607925415,0.2384238988161087,0.5353469701722463
9460,190,48,0.2,0.6,-0.21765132248401642,0.22594864666461945,0.5606666051270377
9461,190,49,0.2,0.6,-0.21346415579319,0.237258642911911,0.5500308175619651
9462,191,0,0.4,0.6,-0.10848896205425262,0.3193659782409668,0.5807895304666405
9463,191,1,0.4,0.6,-0.08290256559848785,0.32988908886909485,0.5533125628192167
9464,191,2,0.4,0.6,-0.11194512993097305,0.3057301938533783,0.5904934672539665
9465,191,3,0.4,0.6,-0.08848043531179428,0.3210033178329468,0.5625409179274196
9466,191,4,0.4,0.6,-0.09825510531663895,0.3138218820095062,0.5745920859102359
9467,191,5,0.4,0.6,-0.19557993113994598,0.2617126703262329,0.6849480066358838
9468,191,6,0.4,0.6,-0.09676691889762878,0.3232711851596832,0.5686441845952261
9469,191,7,0.4,0.6,-0.11321321129798889,0.31787291169166565,0.585647926836707
9470,191,8,0.4,0.6,-0.08171825855970383,0.3374149799346924,0.5486377433174751
9471,191,9,0.4,0.6,-0.10853943973779678,0.31158119440078735,0.5846347314281873
9472,191,10,0.4,0.6,-0.10106096416711807,0.31463804841041565,0.5766225223030212
9473,191,11,0.4,0.6,-0.0858653262257576,0.3319632112979889,0.5548953372719475
9474,191,12,0.4,0.6,-0.08945544064044952,0.33058303594589233,0.5587057623585683
9475,191,13,0.4,0.6,-0.09455885738134384,0.3295915424823761,0.5636569855074991
9476,191,14,0.4,0.6,-0.10505181550979614,0.32272273302078247,0.5761597166873136
9477,191,15,0.4,0.6,-0.07887154817581177,0.336821973323822,0.5464253227820485
9478,191,16,0.4,0.6,-0.11076279729604721,0.3117760717868805,0.5864739277208191
9479,191,17,0.4,0.6,-0.10047785937786102,0.32550325989723206,0.5708121828189133
9480,191,18,0.4,0.6,-0.10798909515142441,0.3111611008644104,0.5843636115011117
9481,191,19,0.4,0.6,-0.13471193611621857,0.2945508062839508,0.6158052164174477
9482,191,20,0.4,0.6,-0.1302231401205063,0.3085258901119232,0.6050568031633862
9483,191,21,0.4,0.6,-0.10628853738307953,0.318377822637558,0.5793437096127485
9484,191,22,0.4,0.6,-0.10526986420154572,0.32211801409721375,0.5766420325986693
9485,191,23,0.4,0.6,-0.11720588058233261,0.30356574058532715,0.5961335362682355
9486,191,24,0.4,0.6,-0.07498092204332352,0.3218686580657959,0.5504215835804832
9487,191,25,0.4,0.6,-0.09076662361621857,0.3125949800014496,0.5687297463435778
9488,191,26,0.4,0.6,-0.10279608517885208,0.3154890239238739,0.5777113455515388
9489,191,27,0.4,0.6,-0.11262327432632446,0.31440576910972595,0.5868106049645399
9490,191,28,0.4,0.6,-0.1100098043680191,0.3176135718822479,0.582968348486097
9491,191,29,0.4,0.6,-0.11920928210020065,0.30047959089279175,0.5994086703500001
9492,191,30,0.4,0.6,-0.09029611200094223,0.3238135278224945,0.5627337246487867
9493,191,31,0.4,0.6,-0.1022661104798317,0.3091042637825012,0.5804236169265161
9494,191,32,0.4,0.6,-0.10214251279830933,0.30954262614250183,0.580097051524652
9495,191,33,0.4,0.6,-0.19259662926197052,0.28207719326019287,0.6724921382871075
9496,191,34,0.4,0.6,-0.1032768040895462,0.3149165213108063,0.5784117316895634
9497,191,35,0.4,0.6,-0.12359944730997086,0.30074116587638855,0.6030855917896979
9498,191,36,0.4,0.6,-0.13849012553691864,0.29609882831573486,0.6183264004163461
9499,191,37,0.4,0.6,-0.047997795045375824,0.3704404830932617,0.5033881168323043
9500,191,38,0.4,0.6,-0.10063167661428452,0.3116909861564636,0.5777146034964514
9501,191,39,0.4,0.6,-0.11704029142856598,0.2986390292644501,0.5984555937103516
9502,191,40,0.4,0.6,-0.11324448883533478,0.30168071389198303,0.593644929047525
9503,191,41,0.4,0.6,-0.11253349483013153,0.30518054962158203,0.5912775081501248
9504,191,42,0.4,0.6,-0.05112423375248909,0.35847070813179016,0.5117122952491266
9505,191,43,0.4,0.6,-0.07344847172498703,0.3298555016517639,0.5450977025878443
9506,191,44,0.4,0.6,-0.0938364714384079,0.31917572021484375,0.5680992313316303
9507,191,45,0.4,0.6,-0.06978095322847366,0.32576441764831543,0.5439662660901142
9508,191,46,0.4,0.6,-0.10093370825052261,0.31447750329971313,0.57659142916244
9509,191,47,0.4,0.6,-0.19313795864582062,0.2700102925300598,0.6787531547054702
9510,191,48,0.4,0.6,-0.07891568541526794,0.32608556747436523,0.5517149174008407
9511,191,49,0.4,0.6,-0.0765162855386734,0.33685123920440674,0.5443482715062398
9512,192,0,0.6,0.6,-0.551483690738678,0.4552782475948334,1.1605425781316212
9513,192,1,0.6,0.6,-0.5827480554580688,0.4875265955924988,1.1880838477939413
9514,192,2,0.6,0.6,-0.5804197788238525,0.5398193597793579,1.1819528601834843
9515,192,3,0.6,0.6,-0.5973040461540222,0.31646502017974854,1.230418247474599
9516,192,4,0.6,0.6,-0.5452532172203064,0.5333210229873657,1.1471926680069542
9517,192,5,0.6,0.6,-0.5614078640937805,0.4616909921169281,1.1696142990065046
9518,192,6,0.6,0.6,-0.5674896240234375,0.4718208611011505,1.1745049654434154
9519,192,7,0.6,0.6,-0.5515139698982239,0.4736730456352234,1.158422600897379
9520,192,8,0.6,0.6,-0.548455536365509,0.4231245517730713,1.1619961459463048
9521,192,9,0.6,0.6,-0.5807217359542847,0.2553902864456177,1.2299836065699954
9522,192,10,0.6,0.6,-0.5726613998413086,0.4228684604167938,1.1859638868839533
9523,192,11,0.6,0.6,-0.5697049498558044,0.481638103723526,1.17567819075091
9524,192,12,0.6,0.6,-0.6039322018623352,0.3758760392665863,1.2246159791771147
9525,192,13,0.6,0.6,-0.5435690879821777,0.48485052585601807,1.1493518435988284
9526,192,14,0.6,0.6,-0.5823018550872803,0.5085717439651489,1.1858316923342869
9527,192,15,0.6,0.6,-0.5695041418075562,0.5197722315788269,1.1722527170072459
9528,192,16,0.6,0.6,-0.5748468041419983,0.413361132144928,1.1895793711211078
9529,192,17,0.6,0.6,-0.5987562537193298,0.2588304281234741,1.246359993182393
9530,192,18,0.6,0.6,-0.5571362376213074,0.47903957962989807,1.1634413159727939
9531,192,19,0.6,0.6,-0.5329453349113464,0.421896755695343,1.146859144589791
9532,192,20,0.6,0.6,-0.5763843655586243,0.48095932602882385,1.182392006734771
9533,192,21,0.6,0.6,-0.6217315196990967,0.306382417678833,1.2565186790789828
9534,192,22,0.6,0.6,-0.6222440600395203,0.23463782668113708,1.2756841536972126
9535,192,23,0.6,0.6,-0.5108054876327515,0.3020222783088684,1.1500780642979296
9536,192,24,0.6,0.6,-0.534014105796814,0.3626815974712372,1.1585801725927092
9537,192,25,0.6,0.6,-0.5981433987617493,0.34028127789497375,1.2259695830681219
9538,192,26,0.6,0.6,-0.5126935839653015,0.3400101363658905,1.142664316844641
9539,192,27,0.6,0.6,-0.4737307131290436,0.5107275247573853,1.0774354825939916
9540,192,28,0.6,0.6,-0.6141107678413391,0.1848582774400711,1.2831241586059827
9541,192,29,0.6,0.6,-0.5666743516921997,0.424425333738327,1.1798116401906333
9542,192,30,0.6,0.6,-0.6054088473320007,0.29502496123313904,1.2433906319001728
9543,192,31,0.6,0.6,-0.5636596083641052,0.49460431933403015,1.1684228402599575
9544,192,32,0.6,0.6,-0.5730252861976624,0.4352032542228699,1.184544760436616
9545,192,33,0.6,0.6,-0.5139073133468628,0.481595903635025,1.1201825890289638
9546,192,34,0.6,0.6,-0.6169379949569702,0.35546165704727173,1.2412643089785338
9547,192,35,0.6,0.6,-0.5813073515892029,0.4911140501499176,1.1863149703992828
9548,192,36,0.6,0.6,-0.5657711029052734,0.47709935903549194,1.172231560707382
9549,192,37,0.6,0.6,-0.5794094204902649,0.45401906967163086,1.188409446765179
9550,192,38,0.6,0.6,-0.5857475996017456,0.44687214493751526,1.1955942078972026
9551,192,39,0.6,0.6,-0.5802212357521057,0.463859498500824,1.1880473060735732
9552,192,40,0.6,0.6,-0.5975705981254578,0.31813549995422363,1.2302938404627661
9553,192,41,0.6,0.6,-0.5887771248817444,0.36439618468284607,1.2118994225735509
9554,192,42,0.6,0.6,-0.61724853515625,0.35747432708740234,1.2411739194656586
9555,192,43,0.6,0.6,-0.49994924664497375,0.3614370822906494,1.1255223724568268
9556,192,44,0.6,0.6,-0.5751370191574097,0.49583935737609863,1.179744232139317
9557,192,45,0.6,0.6,-0.5662347674369812,0.5246340036392212,1.1686674318155028
9558,192,46,0.6,0.6,-0.4562840163707733,0.4855703115463257,1.0624641532023456
9559,192,47,0.6,0.6,-0.6251922845840454,0.09984223544597626,1.323349509255945
9560,192,48,0.6,0.6,-0.5723912119865417,0.4678696393966675,1.1798133691971961
9561,192,49,0.6,0.6,-0.5727702379226685,0.507821798324585,1.176387203186649
9562,193,0,0.8,0.6,-0.17737285792827606,0.21268832683563232,1.0513172858772313
9563,193,1,0.8,0.6,-0.3141389489173889,0.2241656333208084,1.175821869447874
9564,193,2,0.8,0.6,-0.018796030431985855,0.38075122237205505,0.8476420034085885
9565,193,3,0.8,0.6,-0.49315014481544495,-0.06750264763832092,1.4552652959650947
9566,193,4,0.8,0.6,-0.5196344256401062,0.04108792543411255,1.4331146933968815
9567,193,5,0.8,0.6,-0.2988913059234619,-0.0720934197306633,1.2881271936728256
9568,193,6,0.8,0.6,-0.21898974478244781,-0.15103591978549957,1.2658574377787766
9569,193,7,0.8,0.6,-0.36876991391181946,-0.08311329036951065,1.353760273883416
9570,193,8,0.8,0.6,-0.3499355912208557,-0.19830307364463806,1.399871301708459
9571,193,9,0.8,0.6,-0.5499120950698853,0.0760393813252449,1.448032249066988
9572,193,10,0.8,0.6,-0.47845637798309326,-0.01889028400182724,1.4203787854081433
9573,193,11,0.8,0.6,-0.27981188893318176,-0.13818971812725067,1.3080205561955958
9574,193,12,0.8,0.6,-0.3032320439815521,0.03435389697551727,1.239788875871411
9575,193,13,0.8,0.6,-0.28806203603744507,-0.08097684383392334,1.2835920131038374
9576,193,14,0.8,0.6,-0.46963417530059814,-0.07258476316928864,1.4367815431507736
9577,193,15,0.8,0.6,-0.5061618685722351,0.052084896713495255,1.416428532373439
9578,193,16,0.8,0.6,-0.3739089071750641,-0.14980661869049072,1.3929364981136148
9579,193,17,0.8,0.6,-0.4512852728366852,-0.08089682459831238,1.4245474087463859
9580,193,18,0.8,0.6,-0.45235902070999146,0.18081922829151154,1.3206497022768047
9581,193,19,0.8,0.6,-0.04809766262769699,0.38509342074394226,0.874902556381054
9582,193,20,0.8,0.6,-0.527563750743866,-0.029359892010688782,1.469190044194701
9583,193,21,0.8,0.6,-0.42865797877311707,-0.11373297870159149,1.4209205444672435
9584,193,22,0.8,0.6,-0.35682207345962524,0.007166866213083267,1.2998801614606799
9585,193,23,0.8,0.6,-0.05452696233987808,0.3158767521381378,0.9005233752331988
9586,193,24,0.8,0.6,-0.26186034083366394,0.16058683395385742,1.1491872405879209
9587,193,25,0.8,0.6,-0.132115438580513,-0.20660415291786194,1.2326595030033574
9588,193,26,0.8,0.6,-0.198460191488266,0.10958397388458252,1.1123985943256234
9589,193,27,0.8,0.6,-0.5285153388977051,0.05730495601892471,1.4350856826155383
9590,193,28,0.8,0.6,-0.16729696094989777,0.35265451669692993,0.9984203517423598
9591,193,29,0.8,0.6,-0.35044628381729126,0.12433212995529175,1.244904243121488
9592,193,30,0.8,0.6,-0.28126245737075806,-0.05979903042316437,1.2666740947326578
9593,193,31,0.8,0.6,-0.39382025599479675,-0.03027907758951187,1.349984636679458
9594,193,32,0.8,0.6,-0.4997166097164154,-0.07495570182800293,1.464523289334405
9595,193,33,0.8,0.6,-0.3138000965118408,-0.04596397280693054,1.2875636330505373
9596,193,34,0.8,0.6,-0.3107614815235138,0.0692065954208374,1.231069740989945
9597,193,35,0.8,0.6,-0.34745410084724426,-0.16192343831062317,1.3773809347447206
9598,193,36,0.8,0.6,-0.2906927466392517,-0.22274699807167053,1.3662076307821664
9599,193,37,0.8,0.6,-0.21395012736320496,-0.17209243774414062,1.274449525560565
9600,193,38,0.8,0.6,-0.42144909501075745,-0.01880655437707901,1.3692550688029719
9601,193,39,0.8,0.6,-0.2527037262916565,-0.27504727244377136,1.3689020652916053
9602,193,40,0.8,0.6,-0.44725289940834045,0.010221218690276146,1.3796661936735621
9603,193,41,0.8,0.6,-0.364266961812973,0.005988273769617081,1.3070453279318244
9604,193,42,0.8,0.6,-0.5124073028564453,0.051141247153282166,1.4225536401722727
9605,193,43,0.8,0.6,-0.4578612446784973,-0.0076405368745327,1.396940203772985
9606,193,44,0.8,0.6,-0.42126935720443726,-0.036890119314193726,1.3773626490240642
9607,193,45,0.8,0.6,-0.2591320872306824,0.013345453888177872,1.2107536226149769
9608,193,46,0.8,0.6,-0.4334646463394165,-0.09642243385314941,1.4164883480435573
9609,193,47,0.8,0.6,-0.45238953828811646,-0.0448751226067543,1.4086672706393792
9610,193,48,0.8,0.6,-0.36600279808044434,-0.08269136399030685,1.3511587706847672
9611,194,0,1.0,0.6,-0.18937072157859802,0.459794282913208,1.1976060940276718
9612,194,1,1.0,0.6,0.07535815984010696,0.29266420006752014,0.9743807400058822
9613,194,2,1.0,0.6,0.16469837725162506,0.4480612277984619,0.8490077687890608
9614,194,3,1.0,0.6,0.06742138415575027,0.4568062126636505,0.9435079943814489
9615,194,4,1.0,0.6,0.2265310287475586,0.4102747440338135,0.7963980928164915
9616,194,5,1.0,0.6,0.08461005985736847,0.29394716024398804,0.9651979502863905
9617,194,6,1.0,0.6,0.2375342845916748,0.3656713664531708,0.7976615044447446
9618,194,7,1.0,0.6,0.0683903694152832,0.3325667977333069,0.9692352766345282
9619,194,8,1.0,0.6,0.10007594525814056,0.39826086163520813,0.9222591741214602
9620,194,9,1.0,0.6,0.019481636583805084,0.37648311257362366,1.0056719445033497
9621,194,10,1.0,0.6,0.05243081972002983,0.2653581500053406,1.0049241360343093
9622,194,11,1.0,0.6,0.06398767977952957,0.30951955914497375,0.9800499732788317
9623,194,12,1.0,0.6,0.23357702791690826,0.44773444533348083,0.7814019268434026
9624,194,13,1.0,0.6,-0.17221474647521973,0.37499529123306274,1.1936140627611833
9625,194,14,1.0,0.6,0.16965459287166595,0.42347413301467896,0.84890215976521
9626,194,15,1.0,0.6,0.02424042671918869,0.39872053265571594,0.9963032514368051
9627,194,16,1.0,0.6,0.22467857599258423,0.4559248387813568,0.7885942953160802
9628,194,17,1.0,0.6,0.2107059210538864,0.42561158537864685,0.8083294267893151
9629,194,18,1.0,0.6,0.02551879920065403,0.3689863085746765,1.00148935907342
9630,194,19,1.0,0.6,0.10460745543241501,0.41541504859924316,0.9142206588952332
9631,194,20,1.0,0.6,0.15018051862716675,0.4426449239253998,0.864264873107333
9632,194,21,1.0,0.6,0.17497636377811432,0.4113346338272095,0.8463206370625116
9633,194,22,1.0,0.6,-0.13202793896198273,0.24521967768669128,1.186320501252191
9634,194,23,1.0,0.6,0.21203424036502838,0.4851767122745514,0.7962879038144426
9635,194,24,1.0,0.6,0.08433587849140167,0.4324904978275299,0.9308599340052088
9636,194,25,1.0,0.6,0.03988168388605118,0.4500361382961273,0.9717594047677762
9637,194,26,1.0,0.6,0.25842583179473877,0.4267295002937317,0.761547708957085
9638,194,27,1.0,0.6,0.0023462926037609577,0.22782468795776367,1.0648133088833913
9639,194,28,1.0,0.6,0.1436765044927597,0.45163390040397644,0.8690813704522009
9640,194,29,1.0,0.6,-0.015424048528075218,0.3263513743877411,1.0516508777292135
9641,194,30,1.0,0.6,0.17738355696201324,0.40642592310905457,0.845085046371459
9642,194,31,1.0,0.6,-0.021878592669963837,0.3804057240486145,1.0452069193168207
9643,194,32,1.0,0.6,-0.04953832924365997,0.4209907352924347,1.064694801998543
9644,194,33,1.0,0.6,0.18656902015209198,0.4241369366645813,0.8322245946990783
9645,194,34,1.0,0.6,-0.4137624502182007,0.33005696535110474,1.4393031326313526
9646,194,35,1.0,0.6,0.19009584188461304,0.4591684341430664,0.8220573430572283
9647,194,36,1.0,0.6,0.20211781561374664,0.4434949457645416,0.8130865957339495
9648,194,37,1.0,0.6,0.24265016615390778,0.4274284243583679,0.7767623314413097
9649,194,38,1.0,0.6,0.17837877571582794,0.4291088581085205,0.8392051111445852
9650,194,39,1.0,0.6,-0.20685957372188568,0.23621191084384918,1.2604966499344832
9651,194,40,1.0,0.6,0.17542824149131775,0.45281699299812317,0.8376045740564071
9652,194,41,1.0,0.6,0.1625606268644333,0.4318958818912506,0.8541450100555592
9653,194,42,1.0,0.6,0.17226926982402802,0.4190623164176941,0.847275992234985
9654,194,43,1.0,0.6,0.009304058738052845,0.3100966215133667,1.0322414528059118
9655,194,44,1.0,0.6,-0.0706891119480133,0.28299427032470703,1.116632350906506
9656,194,45,1.0,0.6,-0.01944544166326523,0.48620811104774475,1.0257765850902096
9657,194,46,1.0,0.6,0.09545338153839111,0.44016680121421814,0.91855932655677
9658,194,47,1.0,0.6,-0.05316875874996185,0.34794825315475464,1.0829102074939894
9659,194,48,1.0,0.6,-0.08674164116382599,0.28910520672798157,1.1303375456575337
9660,194,49,1.0,0.6,0.010928703472018242,0.3739608824253082,1.0145716890833727
9661,195,0,-1.0,0.8,0.05685095861554146,0.3964528739452362,1.1312754888503722
9662,195,1,-1.0,0.8,-0.0812300592660904,0.43111205101013184,0.9900588482035516
9663,195,2,-1.0,0.8,-0.052238162606954575,0.40460190176963806,1.026933374909409
9664,195,3,-1.0,0.8,0.04302177578210831,0.4264267683029175,1.1079040500856854
9665,195,4,-1.0,0.8,0.0013251808704808354,0.34191155433654785,1.1011344794781692
9666,195,5,-1.0,0.8,0.0661066547036171,0.42864128947257996,1.1289334307601693
9667,195,6,-1.0,0.8,0.0818011611700058,0.392330139875412,1.156065944123766
9668,195,7,-1.0,0.8,0.17368504405021667,0.4293400049209595,1.2308230638800826
9669,195,8,-1.0,0.8,0.07393750548362732,0.41728904843330383,1.140091855129876
9670,195,9,-1.0,0.8,0.1789795458316803,0.4146617650985718,1.2403541126494577
9671,195,10,-1.0,0.8,0.14125198125839233,0.4590957462787628,1.1910800959345427
9672,195,11,-1.0,0.8,0.13522720336914062,0.43277254700660706,1.1931457603752087
9673,195,12,-1.0,0.8,-0.14669078588485718,0.2996085286140442,0.989205863068757
9674,195,13,-1.0,0.8,0.04296152666211128,0.3500186800956726,1.1358925716634485
9675,195,14,-1.0,0.8,-0.08998468518257141,0.4794251322746277,0.9648295802987197
9676,195,15,-1.0,0.8,-0.005303720012307167,0.4834314286708832,1.0438564794906975
9677,195,16,-1.0,0.8,0.21165920794010162,0.43553268909454346,1.2652882900369737
9678,195,17,-1.0,0.8,0.16461007297039032,0.3786172568798065,1.238499107090351
9679,195,18,-1.0,0.8,0.16597718000411987,0.4067133963108063,1.2305190518361513
9680,195,19,-1.0,0.8,0.10298358649015427,0.41154834628105164,1.1693876514414154
9681,195,20,-1.0,0.8,0.10267435759305954,0.4090880751609802,1.1699157541783143
9682,195,21,-1.0,0.8,0.09741071611642838,0.36830514669418335,1.1792670292253162
9683,195,22,-1.0,0.8,-0.028236668556928635,0.390438437461853,1.054544757630526
9684,195,23,-1.0,0.8,0.07911345362663269,0.4038167893886566,1.1495420749882586
9685,195,24,-1.0,0.8,0.06810113042593002,0.4119654893875122,1.1364025722618822
9686,195,25,-1.0,0.8,0.139156311750412,0.37709468603134155,1.215123864955228
9687,195,26,-1.0,0.8,0.07476278394460678,0.40829163789749146,1.1439189143874628
9688,195,27,-1.0,0.8,-0.17169392108917236,0.45735058188438416,0.8963813831710252
9689,195,28,-1.0,0.8,0.16471949219703674,0.42424747347831726,1.2238306486974213
9690,195,29,-1.0,0.8,0.08023945987224579,0.4653893709182739,1.130876458221476
9691,195,30,-1.0,0.8,0.04439140111207962,0.4687430262565613,1.0956662728087025
9692,195,31,-1.0,0.8,0.0012024958850815892,0.4254325032234192,1.068974858173938
9693,195,32,-1.0,0.8,-0.11995542049407959,0.4338579773902893,0.953172829364372
9694,195,33,-1.0,0.8,0.09191779792308807,0.40282800793647766,1.161907943298828
9695,195,34,-1.0,0.8,0.1650182604789734,0.43045666813850403,1.2222233107631144
9696,195,35,-1.0,0.8,0.1199338287115097,0.4516400098800659,1.1728625083140742
9697,195,36,-1.0,0.8,-0.009990849532186985,0.45068028569221497,1.0498296913376346
9698,195,37,-1.0,0.8,-0.2148217409849167,0.37470829486846924,0.892960207894866
9699,195,38,-1.0,0.8,0.052223097532987595,0.3537783920764923,1.1429292061889729
9700,195,39,-1.0,0.8,-0.13395176827907562,0.35128748416900635,0.9753883644632633
9701,195,40,-1.0,0.8,0.03323262184858322,0.4568808972835541,1.0887150083933979
9702,195,41,-1.0,0.8,0.06558464467525482,0.43239688873291016,1.1272101323093815
9703,195,42,-1.0,0.8,0.204196497797966,0.43559980392456055,1.2581242817022114
9704,195,43,-1.0,0.8,0.119834765791893,0.41063162684440613,1.1855958977197998
9705,195,44,-1.0,0.8,0.04319065809249878,0.44742530584335327,1.1011610527489217
9706,195,45,-1.0,0.8,-0.07846018671989441,0.4938182234764099,0.9710730702349198
9707,195,46,-1.0,0.8,0.039835888892412186,0.4605945944786072,1.0938257197222117
9708,195,47,-1.0,0.8,0.1220516785979271,0.4280114471912384,1.1821063627547155
9709,195,48,-1.0,0.8,0.20079071819782257,0.4269910454750061,1.2573917564012704
9710,195,49,-1.0,0.8,0.1206255629658699,0.40639498829841614,1.1877401052457464
9711,196,0,-0.8,0.8,-0.5107679963111877,0.2557969093322754,0.6162890197384251
9712,196,1,-0.8,0.8,-0.5642671585083008,0.21621863543987274,0.6295797440876214
9713,196,2,-0.8,0.8,-0.3526124358177185,0.43704667687416077,0.5760995984663112
9714,196,3,-0.8,0.8,-0.5187414288520813,0.25472497940063477,0.6135399187777493
9715,196,4,-0.8,0.8,-0.570804238319397,0.18560907244682312,0.6557491204965546
9716,196,5,-0.8,0.8,-0.5696213841438293,0.14808213710784912,0.6914269351143867
9717,196,6,-0.8,0.8,-0.5444283485412598,0.2026139199733734,0.6497591843436512
9718,196,7,-0.8,0.8,-0.5026146769523621,0.327458918094635,0.5583306407966886
9719,196,8,-0.8,0.8,-0.2325298935174942,0.4437725841999054,0.6700151442459192
9720,196,9,-0.8,0.8,-0.47291645407676697,0.2855202257633209,0.6096499685166399
9721,196,10,-0.8,0.8,-0.5635119676589966,0.2638062834739685,0.5860292578724358
9722,196,11,-0.8,0.8,-0.5141193866729736,0.1950606256723404,0.6690884632753559
9723,196,12,-0.8,0.8,-0.5557931065559387,0.18595513701438904,0.6608238044778781
9724,196,13,-0.8,0.8,-0.4441449046134949,0.323384553194046,0.5948068031273498
9725,196,14,-0.8,0.8,-0.36953017115592957,0.3224013149738312,0.6429656114317227
9726,196,15,-0.8,0.8,-0.2823198139667511,0.484626442193985,0.606179227600751
9727,196,16,-0.8,0.8,-0.5354268550872803,0.20847705006599426,0.6479956398831981
9728,196,17,-0.8,0.8,-0.4578153192996979,0.26845893263816833,0.632159997151135
9729,196,18,-0.8,0.8,-0.5152296423912048,0.29235678911209106,0.5820616686685588
9730,196,19,-0.8,0.8,-0.32223549485206604,0.3330557644367218,0.6680537714174096
9731,196,20,-0.8,0.8,-0.575086772441864,0.16122271120548248,0.6772166452548936
9732,196,21,-0.8,0.8,-0.4864630103111267,0.26438164710998535,0.6206387547162785
9733,196,22,-0.8,0.8,-0.5043998956680298,0.27203840017318726,0.6050808810173722
9734,196,23,-0.8,0.8,-0.5667112469673157,0.19714026153087616,0.646423627784911
9735,196,24,-0.8,0.8,-0.5026491284370422,0.26264578104019165,0.6141393143686181
9736,196,25,-0.8,0.8,-0.5699656009674072,0.15206870436668396,0.6875542077533624
9737,196,26,-0.8,0.8,-0.5492466688156128,0.16204391419887543,0.6854671403581348
9738,196,27,-0.8,0.8,-0.5676947832107544,0.1247813031077385,0.7140630240954801
9739,196,28,-0.8,0.8,-0.5926884412765503,0.15784037113189697,0.6747940955049667
9740,196,29,-0.8,0.8,-0.5557641386985779,0.19391439855098724,0.6534454164116993
9741,196,30,-0.8,0.8,-0.5400463938713074,0.21234241127967834,0.642586429143889
9742,196,31,-0.8,0.8,-0.5130863785743713,0.27776098251342773,0.5958632540649821
9743,196,32,-0.8,0.8,-0.5158828496932983,0.24930225312709808,0.619669721310709
9744,196,33,-0.8,0.8,-0.5150284171104431,0.24281641840934753,0.6258293270922728
9745,196,34,-0.8,0.8,-0.4833512306213379,0.29867756366729736,0.5929507806889016
9746,196,35,-0.8,0.8,-0.5828534364700317,0.2858036160469055,0.5581671356532134
9747,196,36,-0.8,0.8,-0.5774266123771667,0.08864524215459824,0.745361995534515
9748,196,37,-0.8,0.8,-0.5043620467185974,0.5225517153739929,0.405437233196867
9749,196,38,-0.8,0.8,-0.5340933203697205,0.309359073638916,0.5580635097302662
9750,196,39,-0.8,0.8,-0.22659534215927124,0.412060022354126,0.6923079718516353
9751,196,40,-0.8,0.8,-0.5000051856040955,0.38179317116737366,0.5146783853501863
9752,196,41,-0.8,0.8,-0.340183824300766,0.3886263966560364,0.6169758155413109
9753,196,42,-0.8,0.8,-0.5621755719184875,0.05819138139486313,0.7789996695950262
9754,196,43,-0.8,0.8,0.2683013677597046,0.4885958731174469,1.1127624825616387
9755,196,44,-0.8,0.8,-0.20940139889717102,0.41568613052368164,0.7046302987357833
9756,196,45,-0.8,0.8,-0.5600959658622742,0.2394774854183197,0.6097043832452946
9757,196,46,-0.8,0.8,-0.39646458625793457,0.33372220396995544,0.6166488573042326
9758,196,47,-0.8,0.8,-0.31281039118766785,0.41188547015190125,0.6228857063811338
9759,196,48,-0.8,0.8,-0.5728010535240173,0.13810673356056213,0.6998014414372589
9760,197,0,-0.6,0.8,-0.23952065408229828,0.35537242889404297,0.5723976203836254
9761,197,1,-0.6,0.8,-0.26653268933296204,0.39844056963920593,0.5219678375103127
9762,197,2,-0.6,0.8,-0.2697426378726959,0.3888232707977295,0.5273862226838719
9763,197,3,-0.6,0.8,-0.24510636925697327,0.33669695258140564,0.5836087755417357
9764,197,4,-0.6,0.8,-0.2824702262878418,0.3796955347061157,0.526764654034107
9765,197,5,-0.6,0.8,-0.23634639382362366,0.3735356628894806,0.5604603251901046
9766,197,6,-0.6,0.8,-0.24660782516002655,0.40890777111053467,0.5271045064651376
9767,197,7,-0.6,0.8,-0.2403339296579361,0.40421444177627563,0.5347951853315132
9768,197,8,-0.6,0.8,-0.2792368233203888,0.3990829586982727,0.5134427811545571
9769,197,9,-0.6,0.8,-0.2091711014509201,0.3677865266799927,0.5827140932399282
9770,197,10,-0.6,0.8,-0.2570383548736572,0.38029253482818604,0.5420120352434223
9771,197,11,-0.6,0.8,-0.1970980316400528,0.340521901845932,0.6111056527243054
9772,197,12,-0.6,0.8,-0.2466864436864853,0.42975085973739624,0.5117762156842581
9773,197,13,-0.6,0.8,-0.2369311898946762,0.4113370478153229,0.5318626244362394
9774,197,14,-0.6,0.8,-0.2262699455022812,0.35972726345062256,0.577506914403235
9775,197,15,-0.6,0.8,-0.2446763664484024,0.3862445056438446,0.545388387912886
9776,197,16,-0.6,0.8,-0.24122461676597595,0.4202890992164612,0.5223984530878392
9777,197,17,-0.6,0.8,-0.18500614166259766,0.38646358251571655,0.5858602828691322
9778,197,18,-0.6,0.8,-0.23521800339221954,0.365085244178772,0.5676413919722532
9779,197,19,-0.6,0.8,-0.2313864678144455,0.3617721199989319,0.5726426555196019
9780,197,20,-0.6,0.8,-0.24792532622814178,0.4294371008872986,0.5111491349013226
9781,197,21,-0.6,0.8,-0.2502695322036743,0.3846994936466217,0.5429419035978059
9782,197,22,-0.6,0.8,-0.2420811802148819,0.3421608805656433,0.5811390030283624
9783,197,23,-0.6,0.8,-0.26088374853134155,0.40810295939445496,0.5182500578345733
9784,197,24,-0.6,0.8,-0.230329230427742,0.35436198115348816,0.5790075316587769
9785,197,25,-0.6,0.8,-0.25284087657928467,0.3641248345375061,0.5572312059111513
9786,197,26,-0.6,0.8,-0.2531440556049347,0.37759771943092346,0.5465644818245597
9787,197,27,-0.6,0.8,-0.22285932302474976,0.3789629340171814,0.5652497688285865
9788,197,28,-0.6,0.8,-0.2663957476615906,0.4032557010650635,0.5183607198810916
9789,197,29,-0.6,0.8,-0.2381916344165802,0.3991941809654236,0.539954255449592
9790,197,30,-0.6,0.8,-0.25476229190826416,0.37960851192474365,0.5439835276316398
9791,197,31,-0.6,0.8,-0.24990932643413544,0.35702672600746155,0.5646138513971024
9792,197,32,-0.6,0.8,-0.2357499599456787,0.3761540949344635,0.5588590546107296
9793,197,33,-0.6,0.8,-0.23646149039268494,0.37768417596817017,0.5572350520159256
9794,197,34,-0.6,0.8,-0.21532472968101501,0.37150996923446655,0.5758287680035029
9795,197,35,-0.6,0.8,-0.22523251175880432,0.3444606065750122,0.589887115645545
9796,197,36,-0.6,0.8,-0.20878778398036957,0.37444889545440674,0.5780490814307765
9797,197,37,-0.6,0.8,-0.24624668061733246,0.36076200008392334,0.5639782190337947
9798,197,38,-0.6,0.8,-0.2471468448638916,0.3636992871761322,0.5611271345248969
9799,197,39,-0.6,0.8,-0.2515903413295746,0.37791627645492554,0.5473060934582377
9800,197,40,-0.6,0.8,-0.26126083731651306,0.3999928832054138,0.5241659220340708
9801,197,41,-0.6,0.8,-0.2916010320186615,0.349333792924881,0.5460860313644991
9802,197,42,-0.6,0.8,-0.26406264305114746,0.35634177923202515,0.5564948559050532
9803,197,43,-0.6,0.8,-0.2364141047000885,0.36601993441581726,0.5661566926085833
9804,197,44,-0.6,0.8,-0.25449326634407043,0.3877374231815338,0.5378990009719216
9805,197,45,-0.6,0.8,-0.23709625005722046,0.35079553723335266,0.5774805460723363
9806,197,46,-0.6,0.8,-0.26989230513572693,0.37816089391708374,0.5356485056727386
9807,197,47,-0.6,0.8,-0.2533901333808899,0.38142746686935425,0.5434531857751161
9808,197,48,-0.6,0.8,-0.21614834666252136,0.3688552677631378,0.5772589296888455
9809,197,49,-0.6,0.8,-0.28721192479133606,0.3720073401927948,0.5301076276017794
9810,198,0,-0.4,0.8,-0.1760120689868927,0.436431348323822,0.4270278184394625
9811,198,1,-0.4,0.8,-0.17625188827514648,0.4405518174171448,0.4233984098488741
9812,198,2,-0.4,0.8,-0.1010756716132164,0.3552568256855011,0.5358658835947914
9813,198,3,-0.4,0.8,-0.161455899477005,0.4485621452331543,0.4247491655759283
9814,198,4,-0.4,0.8,-0.1677350103855133,0.44209781289100647,0.4266626312884908
9815,198,5,-0.4,0.8,-0.17881140112876892,0.37265801429748535,0.4811918214338089
9816,198,6,-0.4,0.8,-0.09627213329076767,0.3939289450645447,0.5070939939223643
9817,198,7,-0.4,0.8,-0.2654034495353699,0.442675918340683,0.3818333808490976
9818,198,8,-0.4,0.8,-0.15260784327983856,0.3871190845966339,0.48132476511288563
9819,198,9,-0.4,0.8,-0.16584554314613342,0.3895409405231476,0.47255153070448475
9820,198,10,-0.4,0.8,-0.17749391496181488,0.34429511427879333,0.507125133225714
9821,198,11,-0.4,0.8,-0.17063845694065094,0.4618045687675476,0.4086353718672309
9822,198,12,-0.4,0.8,-0.1845119446516037,0.4058946669101715,0.44917047495096807
9823,198,13,-0.4,0.8,-0.1606450378894806,0.45711925625801086,0.4181602591303816
9824,198,14,-0.4,0.8,-0.20668181777000427,0.3803882300853729,0.4620021179947077
9825,198,15,-0.4,0.8,-0.16288070380687714,0.4453987777233124,0.42657659038822415
9826,198,16,-0.4,0.8,-0.17817215621471405,0.3106558322906494,0.5372758199934056
9827,198,17,-0.4,0.8,-0.12995639443397522,0.38852617144584656,0.4921729985402609
9828,198,18,-0.4,0.8,-0.14895549416542053,0.3204413652420044,0.5412945853051561
9829,198,19,-0.4,0.8,-0.20185787975788116,0.376810759305954,0.4672787532653775
9830,198,20,-0.4,0.8,-0.18676085770130157,0.35963892936706543,0.4892737519398205
9831,198,21,-0.4,0.8,-0.13619625568389893,0.42501235008239746,0.4584846269024964
9832,198,22,-0.4,0.8,-0.08981997519731522,0.38739341497421265,0.5161936088264135
9833,198,23,-0.4,0.8,-0.12873710691928864,0.4156852960586548,0.4704055153035956
9834,198,24,-0.4,0.8,-0.15235033631324768,0.4315226674079895,0.4439661029383715
9835,198,25,-0.4,0.8,-0.13205210864543915,0.40363743901252747,0.47843427159214197
9836,198,26,-0.4,0.8,-0.16346170008182526,0.4655444920063019,0.4096472313533964
9837,198,27,-0.4,0.8,-0.14025799930095673,0.31742915511131287,0.5480333267819788
9838,198,28,-0.4,0.8,-0.14596368372440338,0.3667241632938385,0.5022573052333827
9839,198,29,-0.4,0.8,-0.15069197118282318,0.39569610357284546,0.47499066717029886
9840,198,30,-0.4,0.8,-0.19422647356987,0.2764599323272705,0.5625272852389096
9841,198,31,-0.4,0.8,-0.14099735021591187,0.43972691893577576,0.4437105650474058
9842,198,32,-0.4,0.8,-0.154105544090271,0.20877577364444733,0.6403203645651632
9843,198,33,-0.4,0.8,-0.12415056675672531,0.404875248670578,0.4818884507163182
9844,198,34,-0.4,0.8,-0.20051267743110657,0.3870406150817871,0.4586181913724471
9845,198,35,-0.4,0.8,-0.16548790037631989,0.3405585289001465,0.5158317460532111
9846,198,36,-0.4,0.8,-0.18590237200260162,0.45757025480270386,0.40385136462564736
9847,198,37,-0.4,0.8,-0.18316008150577545,0.4129255414009094,0.4436735136926263
9848,198,38,-0.4,0.8,-0.20466279983520508,0.391234427690506,0.4530407430615147
9849,198,39,-0.4,0.8,-0.11630898714065552,0.3847149610519409,0.5029336480603099
9850,198,40,-0.4,0.8,-0.22292295098304749,0.321046382188797,0.5106396472102339
9851,198,41,-0.4,0.8,-0.21069073677062988,0.33585885167121887,0.5012634065203709
9852,198,42,-0.4,0.8,-0.1385723054409027,0.36381930112838745,0.5085253597910463
9853,198,43,-0.4,0.8,-0.1350811868906021,0.3178287148475647,0.550155546881828
9854,198,44,-0.4,0.8,-0.14081327617168427,0.39129990339279175,0.4839561207130219
9855,198,45,-0.4,0.8,-0.15787316858768463,0.45200133323669434,0.42394395214321207
9856,198,46,-0.4,0.8,-0.20012140274047852,0.35653430223464966,0.4864291096726666
9857,198,47,-0.4,0.8,-0.14892850816249847,0.42026373744010925,0.4552323836420943
9858,198,48,-0.4,0.8,-0.1902141571044922,0.4275023341178894,0.4275097787969291
9859,198,49,-0.4,0.8,-0.1524762511253357,0.4609827995300293,0.4197626334864315
9860,199,0,-0.2,0.8,-0.3322219252586365,0.3774864375591278,0.44271926541046
9861,199,1,-0.2,0.8,-0.31089910864830017,0.37022218108177185,0.44385536600687486
9862,199,2,-0.2,0.8,-0.3059580624103546,0.3947843611240387,0.4188398560063382
9863,199,3,-0.2,0.8,-0.2976158559322357,0.37137898802757263,0.4395962093030953
9864,199,4,-0.2,0.8,-0.26943451166152954,0.35147514939308167,0.4538674839880397
9865,199,5,-0.2,0.8,-0.34461724758148193,0.3860347270965576,0.43849902561814796
9866,199,6,-0.2,0.8,-0.28633376955986023,0.3549410104751587,0.4533552954618352
9867,199,7,-0.2,0.8,-0.31565508246421814,0.3546779155731201,0.4600954868047569
9868,199,8,-0.2,0.8,-0.3081067204475403,0.3483697474002838,0.4643887897755566
9869,199,9,-0.2,0.8,-0.32085251808166504,0.42037639021873474,0.3983960544860322
9870,199,10,-0.2,0.8,-0.3017755448818207,0.35607871413230896,0.45543865622322377
9871,199,11,-0.2,0.8,-0.26063650846481323,0.34813392162323,0.45591637275536034
9872,199,12,-0.2,0.8,-0.27085262537002563,0.3225804567337036,0.48264843811456004
9873,199,13,-0.2,0.8,-0.28977474570274353,0.3575000464916229,0.45151490985448994
9874,199,14,-0.2,0.8,-0.3245028555393219,0.4005555808544159,0.41839790274808786
9875,199,15,-0.2,0.8,-0.36999616026878357,0.43619781732559204,0.4015603598773082
9876,199,16,-0.2,0.8,-0.32809188961982727,0.3969235420227051,0.42293990490600436
9877,199,17,-0.2,0.8,-0.31104740500450134,0.3428295850753784,0.47046393532404207
9878,199,18,-0.2,0.8,-0.2700543999671936,0.34326574206352234,0.4620755363872323
9879,199,19,-0.2,0.8,-0.2476816475391388,0.3367382884025574,0.4657090861731589
9880,199,20,-0.2,0.8,-0.29437577724456787,0.3595154881477356,0.4504812898581294
9881,199,21,-0.2,0.8,-0.268711656332016,0.35756346583366394,0.44774030249800895
9882,199,22,-0.2,0.8,-0.2934679388999939,0.3290712833404541,0.48011468606658964
9883,199,23,-0.2,0.8,-0.29031047224998474,0.41734257340431213,0.3931700491223226
9884,199,24,-0.2,0.8,-0.31480488181114197,0.3770984411239624,0.43820758709480717
9885,199,25,-0.2,0.8,-0.3283291757106781,0.3857204020023346,0.43370031433662737
9886,199,26,-0.2,0.8,-0.28677961230278015,0.34281638264656067,0.465346710623162
9887,199,27,-0.2,0.8,-0.2750767171382904,0.3382285535335541,0.46783478090879116
9888,199,28,-0.2,0.8,-0.30263569951057434,0.350972056388855,0.46060848988884107
9889,199,29,-0.2,0.8,-0.29112669825553894,0.33989471197128296,0.46904258997125703
9890,199,30,-0.2,0.8,-0.31367582082748413,0.4247725307941437,0.3920686749632443
9891,199,31,-0.2,0.8,-0.28845515847206116,0.3156195878982544,0.4923907987444266
9892,199,32,-0.2,0.8,-0.3315795361995697,0.4220493733882904,0.4001997632466539
9893,199,33,-0.2,0.8,-0.3313629925251007,0.4090929627418518,0.41238883057509323
9894,199,34,-0.2,0.8,-0.3499177396297455,0.4238224923610687,0.4049504240140148
9895,199,35,-0.2,0.8,-0.27919042110443115,0.3446391522884369,0.4621954396392186
9896,199,36,-0.2,0.8,-0.2607842683792114,0.334013432264328,0.46993425986244935
9897,199,37,-0.2,0.8,-0.2687419056892395,0.35890424251556396,0.44642011252692987
9898,199,38,-0.2,0.8,-0.34007346630096436,0.41337722539901733,0.4112149630080716
9899,199,39,-0.2,0.8,-0.33498415350914,0.398563027381897,0.4235237474845616
9900,199,40,-0.2,0.8,-0.32780957221984863,0.36215949058532715,0.4561135806304401
9901,199,41,-0.2,0.8,-0.32904326915740967,0.4044845700263977,0.4160343984120006
9902,199,42,-0.2,0.8,-0.29164546728134155,0.3578445315361023,0.4515532637084404
9903,199,43,-0.2,0.8,-0.29152026772499084,0.37606266140937805,0.4337036159127033
9904,199,44,-0.2,0.8,-0.22986538708209991,0.25025784969329834,0.5505527887218444
9905,199,45,-0.2,0.8,-0.29168257117271423,0.4132383465766907,0.39747989938558137
9906,199,46,-0.2,0.8,-0.2920924723148346,0.3465670943260193,0.4626904185359879
9907,199,47,-0.2,0.8,-0.29456737637519836,0.35475772619247437,0.45517433040515815
9908,199,48,-0.2,0.8,-0.3224632740020752,0.40913471579551697,0.4096009324642202
9909,200,0,0.0,0.8,-0.10920970886945724,0.12030260264873505,0.6884150728139492
9910,200,1,0.0,0.8,-0.10470876097679138,0.14678190648555756,0.6615571043530089
9911,200,2,0.0,0.8,-0.09238803386688232,0.14699655771255493,0.6595066674727715
9912,200,3,0.0,0.8,-0.13306260108947754,0.1276634931564331,0.685377293352579
9913,200,4,0.0,0.8,-0.12511007487773895,0.12357674539089203,0.6878960315424792
9914,200,5,0.0,0.8,-0.11352837830781937,0.16853298246860504,0.641591214802072
9915,200,6,0.0,0.8,-0.096739262342453,0.14518655836582184,0.6619207869702833
9916,200,7,0.0,0.8,-0.10364888608455658,0.1651235669851303,0.6432815688205701
9917,200,8,0.0,0.8,-0.11071956902742386,0.18132755160331726,0.6285017274206688
9918,200,9,0.0,0.8,-0.12549440562725067,0.12521925568580627,0.6863511482768527
9919,200,10,0.0,0.8,-0.10580466687679291,0.18242791295051575,0.6265699563780288
9920,200,11,0.0,0.8,-0.12111405283212662,0.16963331401348114,0.6418962319526808
9921,200,12,0.0,0.8,-0.11660566180944443,0.15809667110443115,0.6524084334320268
9922,200,13,0.0,0.8,-0.10695934295654297,0.16762429475784302,0.6413574148836285
9923,200,14,0.0,0.8,-0.1230233684182167,0.12422942370176315,0.6868774424651136
9924,200,15,0.0,0.8,-0.10275905579328537,0.18219143152236938,0.6262961366892716
9925,200,16,0.0,0.8,-0.10557916760444641,0.189971461892128,0.6190975512292674
9926,200,17,0.0,0.8,-0.1071430966258049,0.1404196172952652,0.6682259531053033
9927,200,18,0.0,0.8,-0.10511420667171478,0.18763458728790283,0.6213214909612262
9928,200,19,0.0,0.8,-0.09959582984447479,0.134442999958992,0.6729676438180338
9929,200,20,0.0,0.8,-0.11081480979919434,0.16603046655654907,0.6435816120783272
9930,200,21,0.0,0.8,-0.11756838858127594,0.1777799129486084,0.6332299445887246
9931,200,22,0.0,0.8,-0.0986885279417038,0.21315844357013702,0.5950818749553077
9932,200,23,0.0,0.8,-0.10378582775592804,0.1481035351753235,0.6601064299746624
9933,200,24,0.0,0.8,-0.10920917242765427,0.18685831129550934,0.6227915973820839
9934,200,25,0.0,0.8,-0.1141570508480072,0.16764123737812042,0.6425802960899044
9935,200,26,0.0,0.8,-0.10122928768396378,0.1485465168952942,0.6592715747961958
9936,200,27,0.0,0.8,-0.11026440560817719,0.16105812788009644,0.6483864242041253
9937,200,28,0.0,0.8,-0.11771635711193085,0.17200765013694763,0.6389299900757688
9938,200,29,0.0,0.8,-0.12188056856393814,0.11445850878953934,0.6962916121601143
9939,200,30,0.0,0.8,-0.10405400395393372,0.1778116375207901,0.63082929080965
9940,200,31,0.0,0.8,-0.1408727914094925,0.18712201714515686,0.6288597341440488
9941,200,32,0.0,0.8,-0.09527642279863358,0.16196852922439575,0.6451060024843861
9942,200,33,0.0,0.8,-0.1053575724363327,0.13024015724658966,0.6779959181549327
9943,200,34,0.0,0.8,-0.09105470776557922,0.16304250061511993,0.6434328370769669
9944,200,35,0.0,0.8,-0.10755281150341034,0.18116147816181183,0.6281152150466998
9945,200,36,0.0,0.8,-0.11518555134534836,0.09522714465856552,0.7141235809471989
9946,200,37,0.0,0.8,-0.09766362607479095,0.18824732303619385,0.6194994121308426
9947,200,38,0.0,0.8,-0.12224341183900833,0.1294945776462555,0.6815577548115895
9948,200,39,0.0,0.8,-0.1104406863451004,0.1854691505432129,0.6243759365434075
9949,200,40,0.0,0.8,-0.10720807313919067,0.1451180875301361,0.6635991939615392
9950,200,41,0.0,0.8,-0.11250503361225128,0.18123559653759003,0.6289091902495033
9951,200,42,0.0,0.8,-0.10115083307027817,0.1560847908258438,0.651811543037256
9952,200,43,0.0,0.8,-0.12593425810337067,0.14425328373908997,0.6677298804539249
9953,200,44,0.0,0.8,-0.10875191539525986,0.18030834197998047,0.6291619267897086
9954,200,45,0.0,0.8,-0.12110686302185059,0.14912983775138855,0.6620414189282473
9955,200,46,0.0,0.8,-0.11703868210315704,0.13640925288200378,0.6738328670887643
9956,200,47,0.0,0.8,-0.12280767410993576,0.151703342795372,0.6598259471731823
9957,200,48,0.0,0.8,-0.08557584881782532,0.147163987159729,0.658420903041568
9958,200,49,0.0,0.8,-0.09019586443901062,0.13121044635772705,0.6748442494553325
9959,201,0,0.2,0.8,-0.1448252648115158,0.2707446813583374,0.6316768600818142
9960,201,1,0.2,0.8,-0.1845540702342987,0.16880472004413605,0.7391138710458136
9961,201,2,0.2,0.8,-0.23287175595760345,0.42412644624710083,0.5732877859475576
9962,201,3,0.2,0.8,-0.20804773271083832,0.3601166903972626,0.6000002318645499
9963,201,4,0.2,0.8,-0.1530737727880478,0.2558724582195282,0.6486415579924286
9964,201,5,0.2,0.8,-0.1826268583536148,0.3465704619884491,0.5932972768140148
9965,201,6,0.2,0.8,-0.2123720943927765,0.3547581136226654,0.6068699050197929
9966,201,7,0.2,0.8,-0.1918649822473526,0.36548247933387756,0.585118483794139
9967,201,8,0.2,0.8,-0.18310077488422394,0.3404505252838135,0.5982908351536198
9968,201,9,0.2,0.8,-0.1643935590982437,0.3187522292137146,0.6036406901452671
9969,201,10,0.2,0.8,-0.20600754022598267,0.37147367000579834,0.5903193527393901
9970,201,11,0.2,0.8,-0.22310572862625122,0.3839475214481354,0.5933954183388179
9971,201,12,0.2,0.8,-0.17019860446453094,0.30141976475715637,0.6209905455981561
9972,201,13,0.2,0.8,-0.1746518313884735,0.3375365138053894,0.5951776800469
9973,201,14,0.2,0.8,-0.20291021466255188,0.33284634351730347,0.6169028933670007
9974,201,15,0.2,0.8,-0.12348497658967972,0.36978062987327576,0.5382668822354401
9975,201,16,0.2,0.8,-0.1618274748325348,0.33528751134872437,0.5889624934171535
9976,201,17,0.2,0.8,-0.17379778623580933,0.33498337864875793,0.5966282285709554
9977,201,18,0.2,0.8,-0.21971435844898224,0.3972517251968384,0.5816926297841187
9978,201,19,0.2,0.8,-0.20209142565727234,0.38900354504585266,0.5749744347116438
9979,201,20,0.2,0.8,-0.1930469274520874,0.3363304138183594,0.6078448587669228
9980,201,21,0.2,0.8,-0.18369446694850922,0.3378136157989502,0.600697675796853
9981,201,22,0.2,0.8,-0.18538798391819,0.3042429983615875,0.6279322438145982
9982,201,23,0.2,0.8,-0.2104688137769699,0.3834192454814911,0.5848283270487871
9983,201,24,0.2,0.8,-0.20009566843509674,0.35793349146842957,0.5962376555248922
9984,201,25,0.2,0.8,-0.20880872011184692,0.37023958563804626,0.5931429704481413
9985,201,26,0.2,0.8,-0.2009664922952652,0.328769713640213,0.6187342811953253
9986,201,27,0.2,0.8,-0.20374788343906403,0.38772037625312805,0.5770501204734181
9987,201,28,0.2,0.8,-0.18871983885765076,0.3114778399467468,0.6243052250178708
9988,201,29,0.2,0.8,-0.1623965948820114,0.3472273051738739,0.5799434499692095
9989,201,30,0.2,0.8,-0.17872405052185059,0.2895645499229431,0.6355912642091968
9990,201,31,0.2,0.8,-0.1802772432565689,0.3452451527118683,0.5928007699648067
9991,201,32,0.2,0.8,-0.229943186044693,0.39602842926979065,0.5899526872423704
9992,201,33,0.2,0.8,-0.23252424597740173,0.3885936141014099,0.5969358740404698
9993,201,34,0.2,0.8,-0.1762223243713379,0.33277687430381775,0.599867224092701
9994,201,35,0.2,0.8,-0.22224271297454834,0.3674289584159851,0.6044887217121477
9995,201,36,0.2,0.8,-0.2233739197254181,0.39061471819877625,0.5889327507102421
9996,201,37,0.2,0.8,-0.20001855492591858,0.3678068518638611,0.5889021663917078
9997,201,38,0.2,0.8,-0.20783911645412445,0.3406689167022705,0.614261987260767
9998,201,39,0.2,0.8,-0.1811145395040512,0.3080020844936371,0.622342543205903
9999,201,40,0.2,0.8,-0.17599880695343018,0.3118143677711487,0.6161982751883408
10000,201,41,0.2,0.8,-0.2273312509059906,0.3549845814704895,0.6169689787419415
10001,201,42,0.2,0.8,-0.17134173214435577,0.29832029342651367,0.6241612051542693
10002,201,43,0.2,0.8,-0.1932411640882492,0.38011860847473145,0.5752729752758052
10003,201,44,0.2,0.8,-0.19182007014751434,0.36955150961875916,0.5820729080122973
10004,201,45,0.2,0.8,-0.17438028752803802,0.3260937035083771,0.6039435218163884
10005,201,46,0.2,0.8,-0.4740823805332184,0.680283784866333,0.6846305776922771
10006,201,47,0.2,0.8,-0.24073900282382965,0.3761323094367981,0.6114856398260927
10007,201,48,0.2,0.8,-0.189754456281662,0.41405174136161804,0.5485112528813
10008,202,0,0.4,0.8,0.34445542097091675,0.49511420726776123,0.30990409301828165
10009,202,1,0.4,0.8,0.2515646815299988,0.46457144618034363,0.36680425091162294
10010,202,2,0.4,0.8,0.28256136178970337,0.48218485713005066,0.3388189764197621
10011,202,3,0.4,0.8,0.43035104870796204,0.5286537408828735,0.2730384194477617
10012,202,4,0.4,0.8,0.4259648025035858,0.5194737911224365,0.2817252648171062
10013,202,5,0.4,0.8,0.3639429807662964,0.5009536743164062,0.3012122400249992
10014,202,6,0.4,0.8,0.262614369392395,0.4618370831012726,0.36500543812785163
10015,202,7,0.4,0.8,0.3598392903804779,0.4989143908023834,0.30375224552757385
10016,202,8,0.4,0.8,0.3366820812225342,0.5068353414535522,0.2999244502520011
10017,202,9,0.4,0.8,0.3848119080066681,0.5348606109619141,0.26557404571585574
10018,202,10,0.4,0.8,0.2975851893424988,0.4717353880405426,0.3438698138931433
10019,202,11,0.4,0.8,0.4006594121456146,0.5295279622077942,0.2704728416160229
10020,202,12,0.4,0.8,0.3749135136604309,0.499639630317688,0.30140617689848453
10021,202,13,0.4,0.8,0.3363123834133148,0.541215181350708,0.2665064630920601
10022,202,14,0.4,0.8,0.40128904581069946,0.5262571573257446,0.2737458776940472
10023,202,15,0.4,0.8,0.3680041432380676,0.5032268762588501,0.2984929175458104
10024,202,16,0.4,0.8,0.3950580656528473,0.5141826868057251,0.2858600343466813
10025,202,17,0.4,0.8,0.3687160313129425,0.517724871635437,0.2840034063000712
10026,202,18,0.4,0.8,0.31042543053627014,0.5070650577545166,0.3063241483836645
10027,202,19,0.4,0.8,0.3979564607143402,0.5274852514266968,0.2725224105331206
10028,202,20,0.4,0.8,0.36977633833885193,0.5241881608963013,0.27746286294560607
10029,202,21,0.4,0.8,0.2817018926143646,0.4633764922618866,0.35680502823381716
10030,202,22,0.4,0.8,0.321413516998291,0.5083733201026917,0.3020297265808534
10031,202,23,0.4,0.8,0.34697550535202026,0.5020742416381836,0.30260759165648354
10032,202,24,0.4,0.8,0.38425904512405396,0.5226566791534424,0.27778966013623185
10033,202,25,0.4,0.8,0.41480955481529236,0.5169073343276978,0.28347977047979467
10034,202,26,0.4,0.8,0.39169666171073914,0.5116589069366455,0.2884606236138929
10035,202,27,0.4,0.8,0.27406904101371765,0.4716712236404419,0.3516509516793172
10036,202,28,0.4,0.8,0.37193337082862854,0.5005584955215454,0.3007539696784793
10037,202,29,0.4,0.8,0.31069082021713257,0.4778723120689392,0.33427889093584634
10038,202,30,0.4,0.8,0.41026178002357483,0.5107985734939575,0.2893834294191396
10039,202,31,0.4,0.8,0.36331576108932495,0.5086486339569092,0.29365175272698546
10040,202,32,0.4,0.8,0.2956893742084503,0.4978242814540863,0.3196730697631003
10041,202,33,0.4,0.8,0.3675552010536194,0.48185160756111145,0.319798474965282
10042,202,34,0.4,0.8,0.35493919253349304,0.49621614813804626,0.30710764402993795
10043,202,35,0.4,0.8,0.42878830432891846,0.5401599407196045,0.2614299578720348
10044,202,36,0.4,0.8,0.3480820655822754,0.49498656392097473,0.30940049790350505
10045,202,37,0.4,0.8,0.33859530091285706,0.5153783559799194,0.2911700831381481
10046,202,38,0.4,0.8,0.44708341360092163,0.5147056579589844,0.2891534358034355
10047,202,39,0.4,0.8,0.4289066195487976,0.5467323064804077,0.25491197938596977
10048,202,40,0.4,0.8,0.19697540998458862,0.45213553309440613,0.4027762052138122
10049,202,41,0.4,0.8,0.25123679637908936,0.4824424982070923,0.350675430699827
10050,202,42,0.4,0.8,0.2172231525182724,0.45737823843955994,0.3883259551847363
10051,202,43,0.4,0.8,0.3181763291358948,0.4844980239868164,0.3259395802628164
10052,202,44,0.4,0.8,0.3193676769733429,0.49278268218040466,0.31762249902193873
10053,202,45,0.4,0.8,0.3145207464694977,0.49378764629364014,0.31791934251712456
10054,202,46,0.4,0.8,0.36638811230659485,0.49710533022880554,0.3047539006643148
10055,202,47,0.4,0.8,0.38907328248023987,0.5046617388725281,0.29554032151561904
10056,202,48,0.4,0.8,0.35440513491630554,0.5146227478981018,0.288996656968953
10057,203,0,0.6,0.8,-0.4570264220237732,0.21961399912834167,1.205882567609374
10058,203,1,0.6,0.8,-0.42901521921157837,0.341788649559021,1.126423527383017
10059,203,2,0.6,0.8,-0.20358790457248688,0.2991974949836731,0.9468667643368989
10060,203,3,0.6,0.8,-0.1332838386297226,0.3466201722621918,0.8621243855703803
10061,203,4,0.6,0.8,-0.26325246691703796,0.12376891821622849,1.0965825539414722
10062,203,5,0.6,0.8,-0.27070945501327515,0.33704572916030884,0.9861346824537837
10063,203,6,0.6,0.8,-0.01925678923726082,0.36990123987197876,0.7539654597394383
10064,203,7,0.6,0.8,-0.274919331073761,0.2685379981994629,1.0236873034498335
10065,203,8,0.6,0.8,-0.36293524503707886,0.21839533746242523,1.1249481186348398
10066,203,9,0.6,0.8,-0.2595013380050659,0.39690831303596497,0.9493289514873179
10067,203,10,0.6,0.8,-0.2567478120326996,0.19213643670082092,1.0504831864478332
10068,203,11,0.6,0.8,-0.14937736093997955,0.3062874376773834,0.8973954107775078
10069,203,12,0.6,0.8,-0.1827806681394577,0.3581184446811676,0.898890918490028
10070,203,13,0.6,0.8,-0.0568162202835083,0.3869813084602356,0.7758814257273678
10071,203,14,0.6,0.8,-0.09519228339195251,0.36076563596725464,0.8223254449638338
10072,203,15,0.6,0.8,-0.27740490436553955,0.3429194390773773,0.9893240143542665
10073,203,16,0.6,0.8,-0.2229512333869934,0.3288939297199249,0.9482561162407067
10074,203,17,0.6,0.8,-0.30757832527160645,0.3293153643608093,1.0223709907512104
10075,203,18,0.6,0.8,-0.13697269558906555,0.39085617661476135,0.8429278867483889
10076,203,19,0.6,0.8,-0.10280921310186386,0.3586016595363617,0.8299236621430401
10077,203,20,0.6,0.8,-0.349719375371933,0.213905930519104,1.1160076837717257
10078,203,21,0.6,0.8,0.021335894241929054,0.28890541195869446,0.772055584279979
10079,203,22,0.6,0.8,-0.30973944067955017,0.21575847268104553,1.0811863910408444
10080,203,23,0.6,0.8,-0.10612465441226959,0.29890695214271545,0.8658558021863398
10081,203,24,0.6,0.8,-0.29587820172309875,0.39472123980522156,0.9832846107753492
10082,203,25,0.6,0.8,-0.0023399307392537594,0.37089186906814575,0.7395587739962243
10083,203,26,0.6,0.8,-0.34226930141448975,0.203233003616333,1.115348503545387
10084,203,27,0.6,0.8,-0.04256124049425125,0.30377107858657837,0.8118670397501299
10085,203,28,0.6,0.8,-0.531447172164917,0.21202000975608826,1.2751051612816953
10086,203,29,0.6,0.8,-0.24621552228927612,0.29482194781303406,0.9855382156845717
10087,203,30,0.6,0.8,-0.14796169102191925,0.35036954283714294,0.872705127316695
10088,203,31,0.6,0.8,-0.17740166187286377,0.33590301871299744,0.905394583550398
10089,203,32,0.6,0.8,-0.45512187480926514,0.3042076826095581,1.165801094820383
10090,203,33,0.6,0.8,-0.065760537981987,0.3264993727207184,0.816969973724823
10091,203,34,0.6,0.8,-0.31399136781692505,0.18846121430397034,1.099709010081498
10092,203,35,0.6,0.8,-0.1911400854587555,0.3596949875354767,0.905412137549012
10093,203,36,0.6,0.8,-0.5002041459083557,0.29199478030204773,1.2118244369191025
10094,203,37,0.6,0.8,-0.04181395471096039,0.4349629878997803,0.7383611397309441
10095,203,38,0.6,0.8,0.0781773030757904,0.36673399806022644,0.6782465300037527
10096,203,39,0.6,0.8,-0.2571006715297699,0.06918419897556305,1.1263717397750053
10097,203,40,0.6,0.8,-0.3364196717739105,0.3128085732460022,1.0555743877092483
10098,203,41,0.6,0.8,-0.4097674787044525,0.184884712100029,1.182369307136062
10099,203,42,0.6,0.8,-0.24912112951278687,0.3457605242729187,0.9629850434424642
10100,203,43,0.6,0.8,-0.4448143541812897,0.20739659667015076,1.2011726888093093
10101,203,44,0.6,0.8,-0.3632547855377197,0.2929723560810089,1.08854802997358
10102,203,45,0.6,0.8,-0.21632783114910126,0.37229645252227783,0.9215863781727808
10103,203,46,0.6,0.8,-0.3861163556575775,0.2874562442302704,1.1113624829343134
10104,203,47,0.6,0.8,-0.12241866439580917,0.33240553736686707,0.8605424499422403
10105,203,48,0.6,0.8,-0.09175271540880203,0.3429918885231018,0.8290827662128384
10106,203,49,0.6,0.8,-0.29200467467308044,0.26055246591567993,1.0424375193114845
10107,204,0,0.8,0.8,0.1844378113746643,0.4228515028953552,0.7219125964640773
10108,204,1,0.8,0.8,-0.1564689427614212,0.38015344738960266,1.0445592210142927
10109,204,2,0.8,0.8,0.043063271790742874,0.2622295618057251,0.9285204654221668
10110,204,3,0.8,0.8,0.03354683890938759,0.3481616675853729,0.8897237362153622
10111,204,4,0.8,0.8,0.1858154833316803,0.4195280969142914,0.7224828645391933
10112,204,5,0.8,0.8,0.5049707889556885,0.4610990285873413,0.4493285032065879
10113,204,6,0.8,0.8,0.22630196809768677,0.4331713020801544,0.6809498699802776
10114,204,7,0.8,0.8,0.2583112120628357,0.4395964443683624,0.6506285160433418
10115,204,8,0.8,0.8,0.0876302644610405,0.42184901237487793,0.8065164657672541
10116,204,9,0.8,0.8,0.30506497621536255,0.4718914031982422,0.5938147262100513
10117,204,10,0.8,0.8,0.25010228157043457,0.44155246019363403,0.656408515733364
10118,204,11,0.8,0.8,0.33184030652046204,0.5034352540969849,0.5541878265636795
10119,204,12,0.8,0.8,0.19165393710136414,0.49378496408462524,0.681067236376061
10120,204,13,0.8,0.8,0.19388622045516968,0.5725927352905273,0.6473700470339692
10121,204,14,0.8,0.8,0.28624793887138367,0.4312717616558075,0.6323778095935318
10122,204,15,0.8,0.8,0.21621821820735931,0.510528564453125,0.6516094541598971
10123,204,16,0.8,0.8,0.1686953455209732,0.40893420577049255,0.7426156624952365
10124,204,17,0.8,0.8,0.2644937336444855,0.4253707528114319,0.6535396194226457
10125,204,18,0.8,0.8,0.21506643295288086,0.41070112586021423,0.7026385210511672
10126,204,19,0.8,0.8,0.27282044291496277,0.4255652129650116,0.646621755859106
10127,204,20,0.8,0.8,0.24122849106788635,0.4250987768173218,0.6728867113698558
10128,204,21,0.8,0.8,0.2868557274341583,0.4536242187023163,0.6191067971979534
10129,204,22,0.8,0.8,0.1966385394334793,0.4379085302352905,0.7036727112609474
10130,204,23,0.8,0.8,0.19801834225654602,0.4029185473918915,0.7211488031363033
10131,204,24,0.8,0.8,0.25824621319770813,0.46879521012306213,0.6349754155493343
10132,204,25,0.8,0.8,0.21151812374591827,0.43171021342277527,0.6942249531503619
10133,204,26,0.8,0.8,0.30239537358283997,0.4687972664833069,0.59775046208321
10134,204,27,0.8,0.8,0.24579958617687225,0.47597137093544006,0.6419755845319853
10135,204,28,0.8,0.8,0.2075846791267395,0.42566004395484924,0.7007755097727472
10136,204,29,0.8,0.8,0.23224665224552155,0.4550662636756897,0.6643215684749868
10137,204,30,0.8,0.8,0.1851237714290619,0.45372337102890015,0.7056771784840496
10138,204,31,0.8,0.8,0.3269456624984741,0.473036527633667,0.5750526223667339
10139,204,32,0.8,0.8,0.2136206477880478,0.455272912979126,0.6802040202956802
10140,204,33,0.8,0.8,0.21723227202892303,0.46390607953071594,0.6727386923174441
10141,204,34,0.8,0.8,0.23150062561035156,0.37831422686576843,0.7078209024500735
10142,204,35,0.8,0.8,0.27713197469711304,0.43242573738098145,0.6391414635462604
10143,204,36,0.8,0.8,0.20950917899608612,0.4434400498867035,0.6897930180240105
10144,204,37,0.8,0.8,0.07554028183221817,0.3922426104545593,0.8313290395364847
10145,204,38,0.8,0.8,0.2502686381340027,0.44528868794441223,0.654235955232698
10146,204,39,0.8,0.8,0.23362620174884796,0.42298316955566406,0.680382958181442
10147,204,40,0.8,0.8,0.2119373381137848,0.44992613792419434,0.6843751918453586
10148,204,41,0.8,0.8,0.3634487986564636,0.5016626119613647,0.5287552822395254
10149,204,42,0.8,0.8,0.17446096241474152,0.42157450318336487,0.7310984504046009
10150,204,43,0.8,0.8,0.18533417582511902,0.4495922923088074,0.707530661539118
10151,204,44,0.8,0.8,0.197875514626503,0.44405657052993774,0.6994638095492918
10152,204,45,0.8,0.8,0.21417830884456635,0.43522393703460693,0.6901076944511957
10153,204,46,0.8,0.8,0.28283658623695374,0.45897024869918823,0.6194830811308258
10154,204,47,0.8,0.8,0.3032093346118927,0.45164111256599426,0.6067576778838623
10155,204,48,0.8,0.8,0.19280776381492615,0.46295681595802307,0.6944641960479925
10156,204,49,0.8,0.8,0.2696985900402069,0.5430212020874023,0.5892857439154187
10157,205,0,1.0,0.8,-0.3222563862800598,0.31755390763282776,1.4075212904602037
10158,205,1,1.0,0.8,-0.31841540336608887,0.0424039363861084,1.5205824448007514
10159,205,2,1.0,0.8,-0.5212911367416382,-0.12936294078826904,1.7827064251971734
10160,205,3,1.0,0.8,-0.4449995458126068,-0.003940865397453308,1.653585378036056
10161,205,4,1.0,0.8,-0.42325302958488464,0.13697639107704163,1.5701112993070832
10162,205,5,1.0,0.8,-0.2882668972015381,0.07058219611644745,1.4804330214662138
10163,205,6,1.0,0.8,-0.399490088224411,0.014730475842952728,1.6047494298513414
10164,205,7,1.0,0.8,-0.34313392639160156,0.34358012676239014,1.4185654179171139
10165,205,8,1.0,0.8,-0.2449532151222229,-0.048269063234329224,1.5064756591075763
10166,205,9,1.0,0.8,-0.32828488945961,0.01852291449904442,1.5411188087651764
10167,205,10,1.0,0.8,-0.43511444330215454,0.20113469660282135,1.555054055969582
10168,205,11,1.0,0.8,-0.37836939096450806,-0.09237883985042572,1.6420238036522676
10169,205,12,1.0,0.8,-0.30956795811653137,0.20199032127857208,1.4396471139727287
10170,205,13,1.0,0.8,-0.2752402722835541,0.17169073224067688,1.4216224140066482
10171,205,14,1.0,0.8,-0.4056335389614105,0.22728480398654938,1.5178301425383225
10172,205,15,1.0,0.8,-0.24328628182411194,0.38522428274154663,1.3106485700596058
10173,205,16,1.0,0.8,-0.2186620533466339,0.024067100137472153,1.4447176420865449
10174,205,17,1.0,0.8,-0.38477426767349243,0.17854845523834229,1.5178279859382313
10175,205,18,1.0,0.8,-0.34268030524253845,-0.02634289860725403,1.5765890359141899
10176,205,19,1.0,0.8,-0.29566890001296997,0.09580529481172562,1.4746688039271802
10177,205,20,1.0,0.8,-0.20838190615177155,0.46435388922691345,1.2541312302913472
10178,205,21,1.0,0.8,-0.14218702912330627,0.3419901728630066,1.230595063882341
10179,205,22,1.0,0.8,-0.5509205460548401,0.20224976539611816,1.6621251105569759
10180,205,23,1.0,0.8,-0.1692066192626953,0.37216484546661377,1.2450249146030403
10181,205,24,1.0,0.8,-0.3609878420829773,0.2657960057258606,1.4620744898246887
10182,205,25,1.0,0.8,-0.29524296522140503,0.2727994918823242,1.3984257987877202
10183,205,26,1.0,0.8,-0.4933359622955322,0.1624903678894043,1.6237212899136695
10184,205,27,1.0,0.8,-0.39163994789123535,0.21961745619773865,1.5078148565779235
10185,205,28,1.0,0.8,-0.32512927055358887,0.073131263256073,1.5113919889074439
10186,205,29,1.0,0.8,-0.43259304761886597,0.3316340148448944,1.5072125053011678
10187,205,30,1.0,0.8,-0.39064547419548035,0.23072150349617004,1.5026552636855979
10188,205,31,1.0,0.8,-0.09727334976196289,0.17187055945396423,1.2643399061085254
10189,205,32,1.0,0.8,-0.5026118159294128,0.10894009470939636,1.6539063038972146
10190,205,33,1.0,0.8,-0.3514520823955536,0.12967953085899353,1.508559664832882
10191,205,34,1.0,0.8,-0.45109838247299194,0.06834813952445984,1.625115676052955
10192,205,35,1.0,0.8,-0.36079907417297363,0.05343420058488846,1.5521387222559544
10193,205,36,1.0,0.8,-0.46076440811157227,0.09366923570632935,1.6225707394727766
10194,205,37,1.0,0.8,-0.3502166271209717,0.27312231063842773,1.4493740164984752
10195,205,38,1.0,0.8,-0.3887508809566498,0.09123130142688751,1.5591606964757976
10196,205,39,1.0,0.8,-0.5410258173942566,0.2791326344013214,1.6266724877557082
10197,205,40,1.0,0.8,-0.36175456643104553,0.08962365984916687,1.535906912492387
10198,205,41,1.0,0.8,-0.47271260619163513,0.24754215776920319,1.5729246923734355
10199,205,42,1.0,0.8,-0.33065712451934814,0.3132660686969757,1.41688330603328
10200,205,43,1.0,0.8,-0.4420149326324463,0.05163434147834778,1.6246409525767547
10201,205,44,1.0,0.8,-0.43229639530181885,0.05635447800159454,1.6138406446681361
10202,205,45,1.0,0.8,-0.45716196298599243,0.200037881731987,1.5758412133618767
10203,205,46,1.0,0.8,-0.549636960029602,0.31892555952072144,1.6225927786022707
10204,205,47,1.0,0.8,-0.2721913456916809,0.3518277704715729,1.3488251062955832
10205,205,48,1.0,0.8,-0.5263989567756653,0.23521688580513,1.627536095245047
10206,205,49,1.0,0.8,0.050776418298482895,0.3332918584346771,1.057753230891598
10207,206,0,-1.0,1.0,-0.3875826597213745,0.2219170778989792,0.9901858574728327
10208,206,1,-1.0,1.0,-0.37176820635795593,0.2544565796852112,0.974941115205105
10209,206,2,-1.0,1.0,-0.3373207747936249,0.2220490425825119,1.0219351484643768
10210,206,3,-1.0,1.0,-0.38659214973449707,0.25182515382766724,0.9674889101236972
10211,206,4,-1.0,1.0,-0.3570363521575928,0.246952086687088,0.9901936235866933
10212,206,5,-1.0,1.0,-0.35047927498817444,0.22968636453151703,1.0076012451404366
10213,206,6,-1.0,1.0,-0.36014509201049805,0.22851188480854034,1.0023014592226855
10214,206,7,-1.0,1.0,-0.3800043761730194,0.24848678708076477,0.974251857969385
10215,206,8,-1.0,1.0,-0.34528106451034546,0.2405385822057724,1.0027155776224506
10216,206,9,-1.0,1.0,-0.38942888379096985,0.23782309889793396,0.9765811366815814
10217,206,10,-1.0,1.0,-0.3141580820083618,0.18043820559978485,1.0686723872707433
10218,206,11,-1.0,1.0,-0.3483470380306244,0.22128622233867645,1.0154047125964256
10219,206,12,-1.0,1.0,-0.44586682319641113,0.2560505270957947,0.9276445417663397
10220,206,13,-1.0,1.0,-0.3526310324668884,0.21463756263256073,1.0177822646089938
10221,206,14,-1.0,1.0,-0.3493924140930176,0.2373773157596588,1.0024388207554886
10222,206,15,-1.0,1.0,-0.45906081795692444,0.25052207708358765,0.9243010092002125
10223,206,16,-1.0,1.0,-0.5179206728935242,0.27151134610176086,0.8735537742359659
10224,206,17,-1.0,1.0,-0.3799973130226135,0.23346756398677826,0.9858880805241247
10225,206,18,-1.0,1.0,-0.336834192276001,0.21260304749011993,1.0294575510219304
10226,206,19,-1.0,1.0,-0.35680773854255676,0.30894967913627625,0.9440587011222319
10227,206,20,-1.0,1.0,-0.34601086378097534,0.20134122669696808,1.0322585075776367
10228,206,21,-1.0,1.0,-0.3308575749397278,0.1759059876203537,1.0615472322301662
10229,206,22,-1.0,1.0,-0.37758925557136536,0.20138567686080933,1.0125117144523685
10230,206,23,-1.0,1.0,-0.368701308965683,0.18544070422649384,1.030555618893358
10231,206,24,-1.0,1.0,-0.34659191966056824,0.21048612892627716,1.0248288989244383
10232,206,25,-1.0,1.0,-0.49444228410720825,0.2742253541946411,0.8844984118655221
10233,206,26,-1.0,1.0,-0.38171711564064026,0.21619607508182526,0.9983097303987701
10234,206,27,-1.0,1.0,-0.3900339603424072,0.19325987994670868,1.0113793506094373
10235,206,28,-1.0,1.0,-0.34094998240470886,0.21264512836933136,1.0267787588243633
10236,206,29,-1.0,1.0,-0.38731256127357483,0.21362099051475525,0.9968840675485499
10237,206,30,-1.0,1.0,-0.3823436498641968,0.206376850605011,1.0056525593457728
10238,206,31,-1.0,1.0,-0.3960016071796417,0.22248388826847076,0.9845533822661378
10239,206,32,-1.0,1.0,-0.33753231167793274,0.23434677720069885,1.0124664417420164
10240,206,33,-1.0,1.0,-0.34354519844055176,0.18669937551021576,1.0451750151462327
10241,206,34,-1.0,1.0,-0.3882406949996948,0.21485595405101776,0.9953394497072815
10242,206,35,-1.0,1.0,-0.4580232799053192,0.26094168424606323,0.9164856568488312
10243,206,36,-1.0,1.0,-0.3418201804161072,0.20953935384750366,1.0286052245751562
10244,206,37,-1.0,1.0,-0.3495142459869385,0.21992063522338867,1.0157044508734923
10245,206,38,-1.0,1.0,-0.37536486983299255,0.20998360216617584,1.0071221150809297
10246,206,39,-1.0,1.0,-0.3522988259792328,0.22590382397174835,1.0093273505505744
10247,206,40,-1.0,1.0,-0.3397480845451355,0.20743729174137115,1.0315465274935833
10248,206,41,-1.0,1.0,-0.4089507758617401,0.19567903876304626,0.9981339559596077
10249,206,42,-1.0,1.0,-0.3861951529979706,0.20499496161937714,1.0043850861366672
10250,206,43,-1.0,1.0,-0.36747705936431885,0.23070411384105682,0.995942483726587
10251,206,44,-1.0,1.0,-0.39153459668159485,0.20056279003620148,1.0046541692095503
10252,206,45,-1.0,1.0,-0.3911307156085968,0.22258701920509338,0.987467846658169
10253,206,46,-1.0,1.0,-0.4293941259384155,0.31789228320121765,0.8893042228787811
10254,206,47,-1.0,1.0,-0.35013964772224426,0.1809735894203186,1.0455251018935918
10255,206,48,-1.0,1.0,-0.3577069640159607,0.21244768798351288,1.0162573435090685
10256,206,49,-1.0,1.0,-0.4095540940761566,0.26579707860946655,0.9421678712419682
10257,207,0,-0.8,1.0,-0.4340607821941376,0.3774467706680298,0.722138514746327
10258,207,1,-0.8,1.0,-0.48196083307266235,0.420896977186203,0.6606884460408794
10259,207,2,-0.8,1.0,-0.34715110063552856,0.433266282081604,0.7254372699835743
10260,207,3,-0.8,1.0,-0.16902169585227966,0.4107216000556946,0.8633554615255838
10261,207,4,-0.8,1.0,-0.44620010256767273,0.34134426712989807,0.7476641905733994
10262,207,5,-0.8,1.0,-0.08041773736476898,0.37614595890045166,0.9523615370726999
10263,207,6,-0.8,1.0,-0.2462092787027359,0.4143734276294708,0.8060041223600527
10264,207,7,-0.8,1.0,-0.44352099299430847,0.5059771537780762,0.609209204645641
10265,207,8,-0.8,1.0,-0.38467440009117126,0.46100255846977234,0.680451023892065
10266,207,9,-0.8,1.0,-0.10290370881557465,0.4655200242996216,0.8784145283451078
10267,207,10,-0.8,1.0,-0.2819821536540985,0.46493059396743774,0.744742746460068
10268,207,11,-0.8,1.0,-0.29544031620025635,0.2414354830980301,0.911043687656534
10269,207,12,-0.8,1.0,-0.29883450269699097,0.4574655294418335,0.7385868313413139
10270,207,13,-0.8,1.0,-0.4714193642139435,0.34592413902282715,0.7319702631436602
10271,207,14,-0.8,1.0,-0.3648977279663086,0.3375302851200104,0.7925781414233269
10272,207,15,-0.8,1.0,-0.3242984116077423,0.34223809838294983,0.811752869054243
10273,207,16,-0.8,1.0,-0.1141795665025711,0.399658739566803,0.9114599804605361
10274,207,17,-0.8,1.0,0.016009226441383362,0.25655919313430786,1.1038909778372936
10275,207,18,-0.8,1.0,-0.24920032918453217,0.297097772359848,0.8930015783815366
10276,207,19,-0.8,1.0,-0.14348825812339783,0.42372360825538635,0.8735571800998729
10277,207,20,-0.8,1.0,-0.48842570185661316,0.4011897146701813,0.6750202227195294
10278,207,21,-0.8,1.0,-0.1008032038807869,0.4080161154270172,0.9161446825133523
10279,207,22,-0.8,1.0,-0.0184328556060791,0.42311060428619385,0.9714157586137403
10280,207,23,-0.8,1.0,-0.4141198992729187,0.34885305166244507,0.7568988046406553
10281,207,24,-0.8,1.0,-0.4726482331752777,0.5139626264572144,0.5859961669871542
10282,207,25,-0.8,1.0,-0.35129356384277344,0.4091891646385193,0.7418860485475178
10283,207,26,-0.8,1.0,-0.037810489535331726,0.4516822397708893,0.9389276947907327
10284,207,27,-0.8,1.0,-0.2796993553638458,0.39062249660491943,0.8012825359714381
10285,207,28,-0.8,1.0,-0.13423188030719757,0.4369881749153137,0.8719114085642412
10286,207,29,-0.8,1.0,-0.2861618101596832,0.3006329834461212,0.8678386423649541
10287,207,30,-0.8,1.0,-0.09389970451593399,0.4069565236568451,0.9221053042445095
10288,207,31,-0.8,1.0,-0.3721284568309784,0.1387331783771515,0.9616936079033507
10289,207,32,-0.8,1.0,-0.053964197635650635,0.362824946641922,0.9811021695171651
10290,207,33,-0.8,1.0,-0.29709911346435547,0.22969843447208405,0.919931412406977
10291,207,34,-0.8,1.0,-0.024243347346782684,0.37493035197257996,0.9962481864579966
10292,207,35,-0.8,1.0,-0.22189541161060333,0.330243319272995,0.8847479451772291
10293,207,36,-0.8,1.0,-0.07871850579977036,0.31964775919914246,0.9915271884514635
10294,207,37,-0.8,1.0,-0.21951869130134583,0.41729655861854553,0.8224973254341271
10295,207,38,-0.8,1.0,-0.3136863708496094,0.4746837317943573,0.7158618075710748
10296,207,39,-0.8,1.0,-0.23081156611442566,0.40715041756629944,0.8218552796331761
10297,207,40,-0.8,1.0,-0.1649027168750763,0.38472169637680054,0.8842601144132317
10298,207,41,-0.8,1.0,-0.29876306653022766,0.44123926758766174,0.7506344113882295
10299,207,42,-0.8,1.0,-0.21728305518627167,0.46524637937545776,0.7908985222796301
10300,207,43,-0.8,1.0,-0.2743363082408905,0.4631303548812866,0.7513663105860612
10301,207,44,-0.8,1.0,-0.443207323551178,0.4713771641254425,0.6377641543514132
10302,207,45,-0.8,1.0,-0.1514696627855301,0.42605409026145935,0.8660285824342723
10303,207,46,-0.8,1.0,-0.4271526336669922,0.18967613577842712,0.8919865041066721
10304,207,47,-0.8,1.0,-0.4786527454853058,0.5126636028289795,0.5837472243974804
10305,207,48,-0.8,1.0,-0.19351202249526978,0.019922535866498947,1.1525534705861296
10306,208,0,-0.6,1.0,-0.17321601510047913,0.5871683359146118,0.5937798856800601
10307,208,1,-0.6,1.0,-0.18313877284526825,0.6005860567092896,0.5773255414408613
10308,208,2,-0.6,1.0,-0.17551450431346893,0.5896804332733154,0.5903813029619198
10309,208,3,-0.6,1.0,-0.18190409243106842,0.5784996747970581,0.5936890701975861
10310,208,4,-0.6,1.0,-0.17733998596668243,0.5902875661849976,0.5886474037021288
10311,208,5,-0.6,1.0,-0.17738597095012665,0.590756893157959,0.5882878020556719
10312,208,6,-0.6,1.0,-0.17044827342033386,0.6053978204727173,0.5832885785743229
10313,208,7,-0.6,1.0,-0.17396150529384613,0.6098595857620239,0.5776836000729682
10314,208,8,-0.6,1.0,-0.17420612275600433,0.5816421508789062,0.5969285684398953
10315,208,9,-0.6,1.0,-0.17400430142879486,0.6017662286758423,0.5831487561713825
10316,208,10,-0.6,1.0,-0.17363974452018738,0.5876657962799072,0.5931294656399174
10317,208,11,-0.6,1.0,-0.17854993045330048,0.6022298336029053,0.5795181329315677
10318,208,12,-0.6,1.0,-0.17782558500766754,0.6232696771621704,0.5658241536198445
10319,208,13,-0.6,1.0,-0.17272569239139557,0.6005017757415771,0.5849462925158561
10320,208,14,-0.6,1.0,-0.169524148106575,0.5859925746917725,0.597253386155087
10321,208,15,-0.6,1.0,-0.1743311733007431,0.5863790512084961,0.59352863393665
10322,208,16,-0.6,1.0,-0.17577888071537018,0.5903583765029907,0.5897201181478969
10323,208,17,-0.6,1.0,-0.13617157936096191,0.47093212604522705,0.7035976258086208
10324,208,18,-0.6,1.0,-0.17568865418434143,0.575531005859375,0.6001783444732485
10325,208,19,-0.6,1.0,-0.17385230958461761,0.5968403816223145,0.5866340698738913
10326,208,20,-0.6,1.0,-0.16987718641757965,0.592298150062561,0.59264359711927
10327,208,21,-0.6,1.0,-0.1710953563451767,0.5853855609893799,0.5965436500246752
10328,208,22,-0.6,1.0,-0.17442777752876282,0.6048269271850586,0.5807525066817285
10329,208,23,-0.6,1.0,-0.1603989601135254,0.5196398496627808,0.6511489447901039
10330,208,24,-0.6,1.0,-0.17117521166801453,0.5787503719329834,0.6011172499891947
10331,208,25,-0.6,1.0,-0.17297543585300446,0.5714647769927979,0.6049730702624406
10332,208,26,-0.6,1.0,-0.17352773249149323,0.5788106918334961,0.599398889111104
10333,208,27,-0.6,1.0,-0.1698446273803711,0.6090165376663208,0.5812931381084446
10334,208,28,-0.6,1.0,-0.17387637495994568,0.5416927337646484,0.6258010019977582
10335,208,29,-0.6,1.0,-0.1622534841299057,0.555611252784729,0.6237815088698644
10336,208,30,-0.6,1.0,-0.17329280078411102,0.5836362838745117,0.596186026310995
10337,208,31,-0.6,1.0,-0.1710520088672638,0.5852806568145752,0.5966477291576329
10338,208,32,-0.6,1.0,-0.17167344689369202,0.5859516859054565,0.5957345402949745
10339,208,33,-0.6,1.0,-0.17335519194602966,0.5760269165039062,0.6014806462128227
10340,208,34,-0.6,1.0,-0.17498156428337097,0.5947076082229614,0.5872840824774351
10341,208,35,-0.6,1.0,-0.1726817488670349,0.5766705274581909,0.6015053865709451
10342,208,36,-0.6,1.0,-0.17066079378128052,0.5303919315338135,0.6362891575102178
10343,208,37,-0.6,1.0,-0.17260198295116425,0.6028335094451904,0.5834469009232122
10344,208,38,-0.6,1.0,-0.1776362806558609,0.5973573923110962,0.5835342157446598
10345,208,39,-0.6,1.0,-0.16999582946300507,0.5926429033279419,0.5923203448205181
10346,208,40,-0.6,1.0,-0.1713165044784546,0.5780671834945679,0.6014955037045393
10347,208,41,-0.6,1.0,-0.17209474742412567,0.5860823392868042,0.5953408561759448
10348,208,42,-0.6,1.0,-0.17335639894008636,0.5735273361206055,0.6032443081884468
10349,208,43,-0.6,1.0,-0.17357248067855835,0.5508129596710205,0.6193621125271925
10350,208,44,-0.6,1.0,-0.1755601316690445,0.5684914588928223,0.6052675630473218
10351,208,45,-0.6,1.0,-0.1757453829050064,0.5884803533554077,0.5910502514176859
10352,208,46,-0.6,1.0,-0.17320311069488525,0.5853850841522217,0.595030346422754
10353,208,47,-0.6,1.0,-0.14566005766391754,0.5818266868591309,0.6174898404226308
10354,208,48,-0.6,1.0,-0.16919024288654327,0.5909150838851929,0.5940938607802764
10355,209,0,-0.4,1.0,-0.47369280457496643,0.40231841802597046,0.6022075247596154
10356,209,1,-0.4,1.0,-0.43552500009536743,0.2889499068260193,0.7119369779934897
10357,209,2,-0.4,1.0,-0.5410084128379822,0.4525972604751587,0.5652726171772237
10358,209,3,-0.4,1.0,-0.4330538809299469,0.32626664638519287,0.6745436908144541
10359,209,4,-0.4,1.0,-0.43048766255378723,0.3026813566684723,0.6979848049246602
10360,209,5,-0.4,1.0,-0.3800964057445526,0.23207613825798035,0.7681817561600002
10361,209,6,-0.4,1.0,-0.47036319971084595,0.4162980914115906,0.5879276298689323
10362,209,7,-0.4,1.0,-0.4390352964401245,0.28550824522972107,0.7155572807280217
10363,209,8,-0.4,1.0,-0.5359616875648499,0.5402014255523682,0.4794792065872683
10364,209,9,-0.4,1.0,-0.47911739349365234,0.42964667081832886,0.5758146247377233
10365,209,10,-0.4,1.0,-0.46214327216148376,0.3987027108669281,0.6044999720378135
10366,209,11,-0.4,1.0,-0.5316733717918396,0.4685986638069153,0.5474716951101928
10367,209,12,-0.4,1.0,-0.4126180112361908,0.23256751894950867,0.7675362057772059
10368,209,13,-0.4,1.0,-0.46439993381500244,0.36462122201919556,0.6386341229403242
10369,209,14,-0.4,1.0,-0.5303749442100525,0.35674914717674255,0.6563301651879352
10370,209,15,-0.4,1.0,-0.5412132740020752,0.489612340927124,0.5295627925829717
10371,209,16,-0.4,1.0,-0.49699050188064575,0.3611733913421631,0.6461475012598382
10372,209,17,-0.4,1.0,-0.41922155022621155,0.2727947235107422,0.7274592649399118
10373,209,18,-0.4,1.0,-0.43469756841659546,0.3419444262981415,0.6589696953078392
10374,209,19,-0.4,1.0,-0.5060064196586609,0.45889779925346375,0.5513882050439536
10375,209,20,-0.4,1.0,-0.4729745090007782,0.372346431016922,0.6318815408137035
10376,209,21,-0.4,1.0,-0.553356409072876,0.5268886089324951,0.49734553035244705
10377,209,22,-0.4,1.0,-0.47634372115135193,0.40988078713417053,0.5950370149432903
10378,209,23,-0.4,1.0,-0.45379316806793213,0.34496450424194336,0.6572405995020301
10379,209,24,-0.4,1.0,-0.4964156746864319,0.35974064469337463,0.6474782037898229
10380,209,25,-0.4,1.0,-0.587946891784668,0.521397590637207,0.5141831389489431
10381,209,26,-0.4,1.0,-0.4423791170120239,0.3061443865299225,0.6951486185720693
10382,209,27,-0.4,1.0,-0.46719568967819214,0.36631593108177185,0.6372368161932341
10383,209,28,-0.4,1.0,-0.48183611035346985,0.3790343701839447,0.6263349442356186
10384,209,29,-0.4,1.0,-0.5718020796775818,0.5431684255599976,0.4880686857265826
10385,209,30,-0.4,1.0,-0.42501360177993774,0.3593115210533142,0.6411765804589428
10386,209,31,-0.4,1.0,-0.5475923418998718,0.5171397924423218,0.5049133385345773
10387,209,32,-0.4,1.0,-0.45241856575012207,0.3668379783630371,0.6353281448816082
10388,209,33,-0.4,1.0,-0.42353492975234985,0.3384499251842499,0.6619685750903683
10389,209,34,-0.4,1.0,-0.4844107925891876,0.4584713876247406,0.5480678971866614
10390,209,35,-0.4,1.0,-0.441303551197052,0.35904666781425476,0.6422827705781137
10391,209,36,-0.4,1.0,-0.44394081830978394,0.29650062322616577,0.7048703204383815
10392,209,37,-0.4,1.0,-0.47374066710472107,0.3589952886104584,0.645232303909715
10393,209,38,-0.4,1.0,-0.4498838186264038,0.355739951133728,0.6461883672164975
10394,209,39,-0.4,1.0,-0.4812302887439728,0.45131924748420715,0.554661092912353
10395,209,40,-0.4,1.0,-0.4437631368637085,0.3341602385044098,0.6672764046005644
10396,209,41,-0.4,1.0,-0.48602616786956787,0.47219663858413696,0.5347680711113998
10397,209,42,-0.4,1.0,-0.4665326774120331,0.34983429312705994,0.6535610480721777
10398,209,43,-0.4,1.0,-0.5021906495094299,0.4430590569972992,0.5662385917966885
10399,209,44,-0.4,1.0,-0.4810676574707031,0.3456786870956421,0.6593241582170867
10400,209,45,-0.4,1.0,-0.5723099708557129,0.5197744369506836,0.5102032119286682
10401,209,46,-0.4,1.0,-0.5289611220359802,0.48714905977249146,0.5288166581046956
10402,209,47,-0.4,1.0,-0.4714857041835785,0.36549004912376404,0.6385241449339135
10403,209,48,-0.4,1.0,-0.46469658613204956,0.36266469955444336,0.6406105942389414
10404,209,49,-0.4,1.0,-0.41678592562675476,0.21906068921089172,0.7811196927711619
10405,210,0,-0.2,1.0,0.30305182933807373,0.4812833368778229,0.722584333902271
10406,210,1,-0.2,1.0,0.2684566080570221,0.4742926359176636,0.7041447481041726
10407,210,2,-0.2,1.0,0.2565247416496277,0.4705473780632019,0.69909578643703
10408,210,3,-0.2,1.0,0.28003978729248047,0.47939401865005493,0.708144607549298
10409,210,4,-0.2,1.0,0.3053881525993347,0.48609060049057007,0.7207773967681779
10410,210,5,-0.2,1.0,0.28962424397468567,0.4804189205169678,0.7139302476044389
10411,210,6,-0.2,1.0,0.28651508688926697,0.4797925651073456,0.7122588750506843
10412,210,7,-0.2,1.0,0.28872931003570557,0.4782981872558594,0.7148630077913525
10413,210,8,-0.2,1.0,0.27214857935905457,0.4773196280002594,0.7043571908233497
10414,210,9,-0.2,1.0,0.2746584415435791,0.4768630564212799,0.7063801369414802
10415,210,10,-0.2,1.0,0.2927152216434479,0.48018506169319153,0.7162233309003995
10416,210,11,-0.2,1.0,0.1817714124917984,0.43744757771492004,0.6798636916432541
10417,210,12,-0.2,1.0,0.2662931978702545,0.4778248071670532,0.7000687669009334
10418,210,13,-0.2,1.0,0.30811819434165955,0.4843318462371826,0.7239459539400585
10419,210,14,-0.2,1.0,0.2902599275112152,0.4792580306529999,0.7152111542493546
10420,210,15,-0.2,1.0,0.2738296091556549,0.4778027832508087,0.7051272450368108
10421,210,16,-0.2,1.0,0.27659061551094055,0.4807926118373871,0.7047800555604133
10422,210,17,-0.2,1.0,0.28072214126586914,0.4793081283569336,0.7086704468922079
10423,210,18,-0.2,1.0,0.285352498292923,0.47983095049858093,0.7114371986749017
10424,210,19,-0.2,1.0,0.29019907116889954,0.4810897409915924,0.7138368064754188
10425,210,20,-0.2,1.0,0.3029554486274719,0.4826180338859558,0.7215596178862114
10426,210,21,-0.2,1.0,0.290980726480484,0.48192304372787476,0.7137687345320566
10427,210,22,-0.2,1.0,0.3186262547969818,0.48504647612571716,0.7308558845047944
10428,210,23,-0.2,1.0,0.28378361463546753,0.47771984338760376,0.7119151268099504
10429,210,24,-0.2,1.0,0.2518444359302521,0.4702884554862976,0.6962454414013924
10430,210,25,-0.2,1.0,0.36094754934310913,0.4960370361804962,0.7540827686771382
10431,210,26,-0.2,1.0,0.2597508430480957,0.4706740379333496,0.7011111265706883
10432,210,27,-0.2,1.0,0.3105272650718689,0.48873135447502136,0.722519007555309
10433,210,28,-0.2,1.0,0.27667880058288574,0.4764113426208496,0.7080732737939203
10434,210,29,-0.2,1.0,0.27984437346458435,0.4797096252441406,0.7077801189700176
10435,210,30,-0.2,1.0,0.2948310971260071,0.48292696475982666,0.7156970996555829
10436,210,31,-0.2,1.0,0.2698976695537567,0.4740085303783417,0.7053161319343287
10437,210,32,-0.2,1.0,0.29870253801345825,0.4850775897502899,0.7168328326733058
10438,210,33,-0.2,1.0,0.3053102493286133,0.4853094816207886,0.7212799579816471
10439,210,34,-0.2,1.0,0.2751689851284027,0.47759243845939636,0.7061835630930218
10440,210,35,-0.2,1.0,0.2811456024646759,0.47899365425109863,0.7091887640690028
10441,210,36,-0.2,1.0,0.287912517786026,0.48483923077583313,0.7095415725381666
10442,210,37,-0.2,1.0,0.2848447561264038,0.48206424713134766,0.7094588653635175
10443,210,38,-0.2,1.0,0.18047896027565002,0.43647581338882446,0.6799439301208788
10444,210,39,-0.2,1.0,0.29288819432258606,0.481731116771698,0.7152212297081866
10445,210,40,-0.2,1.0,0.3062753975391388,0.48557037115097046,0.7217704768076645
10446,210,41,-0.2,1.0,0.2053302526473999,0.445454478263855,0.6868867078265661
10447,210,42,-0.2,1.0,0.28235119581222534,0.48059675097465515,0.7088317227661077
10448,210,43,-0.2,1.0,0.2762031555175781,0.47964364290237427,0.7053652838755324
10449,210,44,-0.2,1.0,0.25804921984672546,0.4766298234462738,0.6955037235759938
10450,210,45,-0.2,1.0,0.27712351083755493,0.4811740517616272,0.7048597088494994
10451,210,46,-0.2,1.0,0.24482984840869904,0.46709924936294556,0.6941590625100578
10452,210,47,-0.2,1.0,0.27967965602874756,0.4819817841053009,0.7059996065201345
10453,210,48,-0.2,1.0,0.26685941219329834,0.4759790301322937,0.7018231170420105
10454,210,49,-0.2,1.0,0.28805598616600037,0.47821691632270813,0.7144621977713383
10455,211,0,0.0,1.0,0.1197248175740242,0.4606601595878601,0.5524685469770436
10456,211,1,0.0,1.0,0.08631477504968643,0.4240683317184448,0.5823637410772182
10457,211,2,0.0,1.0,0.011321429163217545,0.38169366121292114,0.6184099799830042
10458,211,3,0.0,1.0,0.12040439248085022,0.44479265809059143,0.5681130259365591
10459,211,4,0.0,1.0,0.12651145458221436,0.4314256012439728,0.5824791799380348
10460,211,5,0.0,1.0,0.12278974801301956,0.4333841800689697,0.5797678928788783
10461,211,6,0.0,1.0,0.13407571613788605,0.41842588782310486,0.5968289081572966
10462,211,7,0.0,1.0,0.10514946281909943,0.45075398683547974,0.5592205222524166
10463,211,8,0.0,1.0,0.11699257045984268,0.45156702399253845,0.5607726729390459
10464,211,9,0.0,1.0,0.11642832309007645,0.4316566586494446,0.5801462816179047
10465,211,10,0.0,1.0,0.1194295808672905,0.44441309571266174,0.5682783059397258
10466,211,11,0.0,1.0,0.12118396162986755,0.44126394391059875,0.571726799206271
10467,211,12,0.0,1.0,0.11480078101158142,0.4251852035522461,0.5861665885532387
10468,211,13,0.0,1.0,0.10026773810386658,0.43011710047721863,0.5786364475842825
10469,211,14,0.0,1.0,0.10033998638391495,0.4315507113933563,0.5772371320219477
10470,211,15,0.0,1.0,0.11456666886806488,0.43711772561073303,0.5744231684369624
10471,211,16,0.0,1.0,0.10873648524284363,0.43187034130096436,0.5784418141148251
10472,211,17,0.0,1.0,0.1149258092045784,0.4422228932380676,0.5694938475954233
10473,211,18,0.0,1.0,0.12962396442890167,0.44199347496032715,0.5728644291113878
10474,211,19,0.0,1.0,0.12383395433425903,0.44241997599601746,0.571165765268141
10475,211,20,0.0,1.0,0.10658050328493118,0.42861613631248474,0.5812391275223496
10476,211,21,0.0,1.0,-0.03219423070549965,0.37685877084732056,0.6239723230726112
10477,211,22,0.0,1.0,-0.08016997575759888,0.38204509019851685,0.62313360971844
10478,211,23,0.0,1.0,-0.0958900973200798,0.39156627655029297,0.6159435904325403
10479,211,24,0.0,1.0,0.0017793459119275212,0.37473148107528687,0.625271050689362
10480,211,25,0.0,1.0,0.1088528260588646,0.44450610876083374,0.5660586550394155
10481,211,26,0.0,1.0,0.10747423768043518,0.4286189675331116,0.5814008909761991
10482,211,27,0.0,1.0,0.10911359637975693,0.43121084570884705,0.579160494987503
10483,211,28,0.0,1.0,0.10334271937608719,0.43660852313041687,0.5727911258542111
10484,211,29,0.0,1.0,0.09569484740495682,0.42821645736694336,0.579736080855648
10485,211,30,0.0,1.0,0.10663986206054688,0.4224558174610138,0.5873068558810788
10486,211,31,0.0,1.0,0.10515016317367554,0.43031802773475647,0.5793048475021318
10487,211,32,0.0,1.0,-0.09544346481561661,0.3569583296775818,0.6500861825535561
10488,211,33,0.0,1.0,0.11388289928436279,0.4352108836174011,0.5761562815188681
10489,211,34,0.0,1.0,-0.06407950818538666,0.36811503767967224,0.6351258056289659
10490,211,35,0.0,1.0,-0.022483043372631073,0.3595319390296936,0.6408625627717379
10491,211,36,0.0,1.0,0.10151457041501999,0.4396996796131134,0.5694222133287337
10492,211,37,0.0,1.0,0.11450163275003433,0.4231254458427429,0.5881282811908962
10493,211,38,0.0,1.0,0.11275844275951385,0.43058738112449646,0.5804698070944001
10494,211,39,0.0,1.0,-0.04655473679304123,0.37909895181655884,0.6226439232443896
10495,211,40,0.0,1.0,0.12058909982442856,0.4308147430419922,0.581819205367801
10496,211,41,0.0,1.0,0.11586400866508484,0.4439113140106201,0.5680308928124754
10497,211,42,0.0,1.0,0.13398130238056183,0.4222946763038635,0.5930383043399889
10498,211,43,0.0,1.0,0.10085046291351318,0.41859298944473267,0.5900889151582858
10499,211,44,0.0,1.0,-0.04248380288481712,0.4031895697116852,0.598320619073486
10500,211,45,0.0,1.0,0.10894374549388885,0.4351767301559448,0.5752339227128105
10501,211,46,0.0,1.0,-0.07338888198137283,0.36073803901672363,0.643460785719425
10502,211,47,0.0,1.0,0.11570974439382553,0.4484408497810364,0.56356564935946
10503,211,48,0.0,1.0,0.12452219426631927,0.462306410074234,0.5519240649873466
10504,212,0,0.2,1.0,0.17833326756954193,0.4512920081615448,0.5491356003771776
10505,212,1,0.2,1.0,0.15665028989315033,0.3955993950366974,0.6059532066474721
10506,212,2,0.2,1.0,0.16933631896972656,0.44130611419677734,0.5595347347289806
10507,212,3,0.2,1.0,0.13612748682498932,0.41450294852256775,0.5889707082937647
10508,212,4,0.2,1.0,0.15706419944763184,0.4224642813205719,0.579129509971333
10509,212,5,0.2,1.0,0.15512169897556305,0.42125192284584045,0.5804854853590028
10510,212,6,0.2,1.0,0.16142572462558746,0.4321236312389374,0.5691849830397069
10511,212,7,0.2,1.0,0.1430087834596634,0.41674330830574036,0.5860344419647024
10512,212,8,0.2,1.0,0.18438220024108887,0.4498606026172638,0.5503610380667854
10513,212,9,0.2,1.0,0.16929002106189728,0.43854793906211853,0.5622913119885219
10514,212,10,0.2,1.0,0.18996410071849823,0.45145025849342346,0.5486415388769978
10515,212,11,0.2,1.0,0.17760136723518372,0.4409240782260895,0.5595244275785293
10516,212,12,0.2,1.0,0.15338198840618134,0.42296063899993896,0.5789193926172452
10517,212,13,0.2,1.0,0.12021800130605698,0.3959609866142273,0.6092850703961636
10518,212,14,0.2,1.0,0.152952179312706,0.4201427698135376,0.5817627564832075
10519,212,15,0.2,1.0,0.16195520758628845,0.4280017614364624,0.5732620614950827
10520,212,16,0.2,1.0,0.13402463495731354,0.41897422075271606,0.584759527449044
10521,212,17,0.2,1.0,0.16018347442150116,0.43383678793907166,0.5675615723428525
10522,212,18,0.2,1.0,0.17459818720817566,0.44528353214263916,0.5552977685938035
10523,212,19,0.2,1.0,0.1592503786087036,0.42961204051971436,0.5718417228251346
10524,212,20,0.2,1.0,0.1640889048576355,0.43345141410827637,0.567685570479148
10525,212,21,0.2,1.0,0.1534976065158844,0.4177998900413513,0.5840543130870742
10526,212,22,0.2,1.0,0.1329503059387207,0.4155734181404114,0.5882602239296769
10527,212,23,0.2,1.0,0.15873762965202332,0.43040555715560913,0.5710870446139937
10528,212,24,0.2,1.0,0.14566375315189362,0.41999197006225586,0.5825476311116555
10529,212,25,0.2,1.0,0.1504906713962555,0.413994699716568,0.5880930075923951
10530,212,26,0.2,1.0,0.1633605659008026,0.4400715231895447,0.5611259638213029
10531,212,27,0.2,1.0,0.17278988659381866,0.4452897608280182,0.5553772048921476
10532,212,28,0.2,1.0,0.15543046593666077,0.4230533540248871,0.5786655991749946
10533,212,29,0.2,1.0,0.16225844621658325,0.43263036012649536,0.5686235425412641
10534,212,30,0.2,1.0,0.14491108059883118,0.4189867377281189,0.583619053815588
10535,212,31,0.2,1.0,0.16627082228660583,0.4386206567287445,0.5623917002240412
10536,212,32,0.2,1.0,0.1490083485841751,0.4180304706096649,0.584199179777686
10537,212,33,0.2,1.0,0.15720078349113464,0.4308280944824219,0.5707787933729526
10538,212,34,0.2,1.0,0.16657447814941406,0.4384506642818451,0.5625432622976522
10539,212,35,0.2,1.0,0.16802673041820526,0.4381738007068634,0.5627352558529822
10540,212,36,0.2,1.0,0.15264904499053955,0.4259299635887146,0.5760195479717355
10541,212,37,0.2,1.0,0.1558220237493515,0.4246264398097992,0.577067090858203
10542,212,38,0.2,1.0,0.15708936750888824,0.42517730593681335,0.5764221126837928
10543,212,39,0.2,1.0,0.15168513357639313,0.42329123616218567,0.5787290597549694
10544,212,40,0.2,1.0,0.15675507485866547,0.4255902171134949,0.5760353480700655
10545,212,41,0.2,1.0,0.19955682754516602,0.49303245544433594,0.5069677382581893
10546,212,42,0.2,1.0,0.17586882412433624,0.44235074520111084,0.5581711252177943
10547,212,43,0.2,1.0,0.17826132476329803,0.44617483019828796,0.5542516474553251
10548,212,44,0.2,1.0,0.17055700719356537,0.4477037489414215,0.5530804993477533
10549,212,45,0.2,1.0,0.1662595570087433,0.43631988763809204,0.5646890175712463
10550,212,46,0.2,1.0,0.15459007024765015,0.4249879717826843,0.576802300892346
10551,212,47,0.2,1.0,0.15788418054580688,0.4227152466773987,0.5788189947358628
10552,212,48,0.2,1.0,0.1634843647480011,0.42460373044013977,0.576553777753004
10553,213,0,0.4,1.0,-0.18193301558494568,0.48825809359550476,0.7749360060019768
10554,213,1,0.4,1.0,-0.1480390429496765,0.4874099791049957,0.7503967764578539
10555,213,2,0.4,1.0,-0.12979815900325775,0.48074838519096375,0.7418276947951141
10556,213,3,0.4,1.0,-0.11157995462417603,0.4783177375793457,0.7306616404996271
10557,213,4,0.4,1.0,-0.10915008187294006,0.49446675181388855,0.7174940215031914
10558,213,5,0.4,1.0,-0.12926381826400757,0.48973050713539124,0.735183748917032
10559,213,6,0.4,1.0,-0.09453742951154709,0.4892478287220001,0.710939554148649
10560,213,7,0.4,1.0,-0.14459969103336334,0.48950082063674927,0.7464571224150703
10561,213,8,0.4,1.0,-0.13556037843227386,0.4704826772212982,0.7531357872716209
10562,213,9,0.4,1.0,-0.15498650074005127,0.47319647669792175,0.7652006064864103
10563,213,10,0.4,1.0,-0.15038704872131348,0.48600608110427856,0.7530708147723818
10564,213,11,0.4,1.0,-0.144491508603096,0.48891904950141907,0.746776232149503
10565,213,12,0.4,1.0,-0.18501652777194977,0.49216651916503906,0.77468650564167
10566,213,13,0.4,1.0,-0.1597793996334076,0.48268911242485046,0.7622096369488693
10567,213,14,0.4,1.0,-0.12122263014316559,0.4817867577075958,0.7349952344475202
10568,213,15,0.4,1.0,-0.13400524854660034,0.49190816283226013,0.7371017029364438
10569,213,16,0.4,1.0,-0.1179669052362442,0.47596630454063416,0.7368181789945276
10570,213,17,0.4,1.0,-0.13014332950115204,0.4932219386100769,0.7334002681487755
10571,213,18,0.4,1.0,-0.11185688525438309,0.4972357153892517,0.7174743179114331
10572,213,19,0.4,1.0,-0.1200564056634903,0.4885704517364502,0.7293962214795792
10573,213,20,0.4,1.0,-0.13371935486793518,0.4868527352809906,0.7403894009568519
10574,213,21,0.4,1.0,-0.07221464067697525,0.47568851709365845,0.705612640176699
10575,213,22,0.4,1.0,-0.1238715872168541,0.47895547747612,0.738869971202812
10576,213,23,0.4,1.0,-0.14415410161018372,0.4684450328350067,0.7606933478195818
10577,213,24,0.4,1.0,-0.12822046875953674,0.4889081120491028,0.7350046132819557
10578,213,25,0.4,1.0,-0.09454339742660522,0.4819829761981964,0.7161807096583428
10579,213,26,0.4,1.0,-0.11962374299764633,0.4782129228115082,0.7363902417928915
10580,213,27,0.4,1.0,-0.11600756645202637,0.4861486852169037,0.7282217947439222
10581,213,28,0.4,1.0,-0.1128036379814148,0.4901624619960785,0.723119551861844
10582,213,29,0.4,1.0,-0.11819921433925629,0.48583605885505676,0.7299965644546029
10583,213,30,0.4,1.0,-0.1563645750284195,0.4819979965686798,0.7601760427068294
10584,213,31,0.4,1.0,-0.13698583841323853,0.4788449704647064,0.7483023155558864
10585,213,32,0.4,1.0,-0.13241977989673615,0.488728791475296,0.7381524711681188
10586,213,33,0.4,1.0,-0.13998334109783173,0.48997610807418823,0.7427693982645821
10587,213,34,0.4,1.0,-0.12238822877407074,0.4885367453098297,0.7310842102384464
10588,213,35,0.4,1.0,-0.13993202149868011,0.48258936405181885,0.7478237452982838
10589,213,36,0.4,1.0,-0.0598626546561718,0.5101810693740845,0.6718602875203572
10590,213,37,0.4,1.0,-0.1701190322637558,0.4935084581375122,0.7626069714653818
10591,213,38,0.4,1.0,-0.13959655165672302,0.48379552364349365,0.7467472798546517
10592,213,39,0.4,1.0,-0.13887397944927216,0.4816691279411316,0.7476978391414554
10593,213,40,0.4,1.0,-0.16901984810829163,0.48990103602409363,0.7641888121338053
10594,213,41,0.4,1.0,-0.12171924114227295,0.489445298910141,0.7299705948755911
10595,213,42,0.4,1.0,-0.2742258310317993,0.3721303939819336,0.9213038116668151
10596,213,43,0.4,1.0,-0.10812388360500336,0.492747962474823,0.717979463956508
10597,213,44,0.4,1.0,-0.11942661553621292,0.46855470538139343,0.7431272502739099
10598,213,45,0.4,1.0,-0.18574467301368713,0.45365622639656067,0.8009920979130551
10599,213,46,0.4,1.0,-0.2292948216199875,0.3572159707546234,0.8995461526629154
10600,213,47,0.4,1.0,-0.1064353957772255,0.49047723412513733,0.7183942225831199
10601,213,48,0.4,1.0,-0.07815656065940857,0.48788973689079285,0.7006358669690098
10602,213,49,0.4,1.0,-0.12308526784181595,0.47509071230888367,0.7410451792823023
10603,214,0,0.6,1.0,-0.27512067556381226,-0.04429033398628235,1.3624898159092582
10604,214,1,0.6,1.0,-0.31654152274131775,-0.03408470004796982,1.3818029996284829
10605,214,2,0.6,1.0,-0.3052387237548828,-0.06587918847799301,1.398411810382004
10606,214,3,0.6,1.0,-0.3466876149177551,-0.010397158563137054,1.3846009743861691
10607,214,4,0.6,1.0,-0.3910290598869324,0.028429405763745308,1.3878357313187197
10608,214,5,0.6,1.0,-0.3550819754600525,0.05954752862453461,1.3403851800004716
10609,214,6,0.6,1.0,-0.32335397601127625,-0.042873792350292206,1.3928992468182733
10610,214,7,0.6,1.0,-0.3172311782836914,-0.024708673357963562,1.3752603025139374
10611,214,8,0.6,1.0,-0.2602677643299103,-0.05095020681619644,1.3581446769590448
10612,214,9,0.6,1.0,-0.323113352060318,-0.03166747838258743,1.3843684649342178
10613,214,10,0.6,1.0,-0.3654562532901764,-0.013558425009250641,1.3997880046365372
10614,214,11,0.6,1.0,-0.3136889338493347,-0.07454599440097809,1.4104880580571821
10615,214,12,0.6,1.0,-0.43060755729675293,0.10712984204292297,1.3635868348321187
10616,214,13,0.6,1.0,-0.3494391143321991,-0.047541506588459015,1.4137813974761193
10617,214,14,0.6,1.0,-0.42431771755218506,0.08274868130683899,1.37498246102838
10618,214,15,0.6,1.0,-0.33866527676582336,-0.03163920342922211,1.394765911491222
10619,214,16,0.6,1.0,-0.3139735460281372,-0.07049086689949036,1.4075859970014157
10620,214,17,0.6,1.0,-0.3959040343761444,0.06670987606048584,1.3648645724502173
10621,214,18,0.6,1.0,-0.3153425455093384,-0.10100223124027252,1.4318023218362141
10622,214,19,0.6,1.0,-0.3395444452762604,-0.10317771136760712,1.4490496290699457
10623,214,20,0.6,1.0,-0.4009318947792053,0.09446942061185837,1.3497593445475062
10624,214,21,0.6,1.0,-0.3152693510055542,-0.08535000681877136,1.4197544231984753
10625,214,22,0.6,1.0,-0.31193938851356506,-0.0878971517086029,1.4195610804111902
10626,214,23,0.6,1.0,-0.32133811712265015,-0.05261415243148804,1.398878293477374
10627,214,24,0.6,1.0,-0.3127763569355011,-0.10117045044898987,1.430292640938377
10628,214,25,0.6,1.0,-0.38120895624160767,0.010849382728338242,1.3932659327844252
10629,214,26,0.6,1.0,-0.3484264612197876,-0.10327140986919403,1.4548953763678845
10630,214,27,0.6,1.0,-0.3837493062019348,0.001478046178817749,1.4017163727786228
10631,214,28,0.6,1.0,-0.33448365330696106,-0.10784687101840973,1.44933929358284
10632,214,29,0.6,1.0,-0.3639591336250305,-0.005512543022632599,1.39293671265961
10633,214,30,0.6,1.0,-0.4338773190975189,0.08496559411287308,1.3806484979535814
10634,214,31,0.6,1.0,-0.39605969190597534,0.10347585380077362,1.3401083741839979
10635,214,32,0.6,1.0,-0.46128711104393005,0.12835368514060974,1.3733526969704202
10636,214,33,0.6,1.0,-0.3976462781429291,0.03219754248857498,1.38994233443607
10637,214,34,0.6,1.0,-0.38784199953079224,0.07894264161586761,1.3506215137745103
10638,214,35,0.6,1.0,-0.34961387515068054,-0.012999840080738068,1.388501057933444
10639,214,36,0.6,1.0,-0.34562450647354126,-0.04241431504487991,1.4074208011301435
10640,214,37,0.6,1.0,-0.35365965962409973,-0.03446253389120102,1.4069752948857908
10641,214,38,0.6,1.0,-0.41238677501678467,0.057069405913352966,1.383490183374455
10642,214,39,0.6,1.0,-0.27759578824043274,-0.023626886308193207,1.3483272488199418
10643,214,40,0.6,1.0,-0.3389190435409546,-0.07290741801261902,1.4257276380677923
10644,214,41,0.6,1.0,-0.3837871849536896,0.31258153915405273,1.2001588918101287
10645,214,42,0.6,1.0,-0.3764796853065491,0.08265413343906403,1.3397895412014573
10646,214,43,0.6,1.0,-0.4217643737792969,0.045229945331811905,1.3984235026685206
10647,214,44,0.6,1.0,-0.421562522649765,0.07537107169628143,1.3778710544672295
10648,214,45,0.6,1.0,-0.40327203273773193,-0.010090447962284088,1.4236704270084242
10649,214,46,0.6,1.0,-0.46848002076148987,0.11680103093385696,1.386250328665776
10650,214,47,0.6,1.0,-0.38287097215652466,-0.027826525270938873,1.4221331561982666
10651,214,48,0.6,1.0,-0.49545106291770935,0.19694292545318604,1.358276001491312
10652,215,0,0.8,1.0,-0.287887305021286,0.49018973112106323,1.2014180366054483
10653,215,1,0.8,1.0,-0.2073608636856079,0.45336368680000305,1.1461183047985488
10654,215,2,0.8,1.0,-0.2888190746307373,0.4579274654388428,1.2162933897729167
10655,215,3,0.8,1.0,-0.26058050990104675,0.4233514070510864,1.2072094340800714
10656,215,4,0.8,1.0,-0.2696836292743683,0.44554436206817627,1.2048419486272752
10657,215,5,0.8,1.0,-0.20008912682533264,0.26939857006073,1.2385300606055398
10658,215,6,0.8,1.0,-0.2964093089103699,0.45963531732559204,1.2223368451237688
10659,215,7,0.8,1.0,-0.29464012384414673,0.43272268772125244,1.2328992455816203
10660,215,8,0.8,1.0,-0.18747644126415253,0.42585718631744385,1.142256404033279
10661,215,9,0.8,1.0,-0.22889459133148193,0.39860662817955017,1.1917625886646832
10662,215,10,0.8,1.0,-0.23851832747459412,0.44277963042259216,1.1785647444127163
10663,215,11,0.8,1.0,-0.30935728549957275,0.4524880647659302,1.2371107089160358
10664,215,12,0.8,1.0,-0.23746570944786072,0.4871504604816437,1.1573027903121738
10665,215,13,0.8,1.0,-0.11395333707332611,0.47111234068870544,1.055951162942325
10666,215,14,0.8,1.0,-0.3131238520145416,0.479173481464386,1.2289446579621148
10667,215,15,0.8,1.0,-0.38699573278427124,0.4589109420776367,1.304506128100355
10668,215,16,0.8,1.0,-0.2858046293258667,0.44209805130958557,1.2207482448965654
10669,215,17,0.8,1.0,-0.293523371219635,0.4672592580318451,1.2163905875812817
10670,215,18,0.8,1.0,-0.2343117892742157,0.4672542214393616,1.1634513062461231
10671,215,19,0.8,1.0,-0.2903324365615845,0.4352461099624634,1.2279135875666707
10672,215,20,0.8,1.0,-0.13635830581188202,0.5165058374404907,1.0538185242687752
10673,215,21,0.8,1.0,-0.1605219841003418,0.44406065344810486,1.1098067574963695
10674,215,22,0.8,1.0,-0.29115840792655945,0.4377073049545288,1.2275177172205392
10675,215,23,0.8,1.0,-0.24535363912582397,0.47759342193603516,1.1686200681308296
10676,215,24,0.8,1.0,-0.2672816812992096,0.4296075105667114,1.2101395701483246
10677,215,25,0.8,1.0,-0.23908284306526184,0.4659627079963684,1.1682846331280574
10678,215,26,0.8,1.0,-0.3210827112197876,0.48395106196403503,1.2341527263041463
10679,215,27,0.8,1.0,-0.2839720845222473,0.4526488482952118,1.2143264648751027
10680,215,28,0.8,1.0,-0.208614319562912,0.45510977506637573,1.1463892021715714
10681,215,29,0.8,1.0,-0.20213332772254944,0.45959317684173584,1.1385564285744814
10682,215,30,0.8,1.0,-0.09367097914218903,0.4493788480758667,1.0496816050151676
10683,215,31,0.8,1.0,-0.14259205758571625,0.4462016224861145,1.0932394202372535
10684,215,32,0.8,1.0,-0.2627674639225006,0.47088152170181274,1.1871988234701267
10685,215,33,0.8,1.0,-0.28938359022140503,0.47406521439552307,1.2096958317496616
10686,215,34,0.8,1.0,-0.364195317029953,0.4094913601875305,1.305393116991064
10687,215,35,0.8,1.0,-0.24205626547336578,0.39329642057418823,1.2058069885766918
10688,215,36,0.8,1.0,-0.2948473393917084,0.43812471628189087,1.230607382972493
10689,215,37,0.8,1.0,-0.33957555890083313,0.3429945409297943,1.3154043590060807
10690,215,38,0.8,1.0,-0.3241848349571228,0.5084795355796814,1.2269408747333912
10691,215,39,0.8,1.0,-0.2309478521347046,0.47947606444358826,1.154902005067225
10692,215,40,0.8,1.0,-0.34258130192756653,0.3832869529724121,1.2983940133443872
10693,215,41,0.8,1.0,-0.287649005651474,0.43985629081726074,1.223413803433506
10694,215,42,0.8,1.0,-0.23306632041931152,0.4428122639656067,1.1737479267593312
10695,215,43,0.8,1.0,-0.17903311550617218,0.45791342854499817,1.1190905647933775
10696,215,44,0.8,1.0,-0.2514651119709015,0.4424385130405426,1.1901486014075813
10697,215,45,0.8,1.0,-0.30227041244506836,0.44061678647994995,1.2360864216226304
10698,215,46,0.8,1.0,-0.2235104739665985,0.4738236367702484,1.1508411078602547
10699,215,47,0.8,1.0,-0.24204522371292114,0.45851466059684753,1.1743358212417176
10700,215,48,0.8,1.0,-0.25488317012786865,0.44253769516944885,1.1931230967197024
10701,215,49,0.8,1.0,-0.3443736433982849,0.4157296419143677,1.284898006474513
10702,216,0,1.0,1.0,-0.5751936435699463,0.006493374705314636,1.8623346716548015
10703,216,1,1.0,1.0,-0.3659448027610779,0.23164892196655273,1.5672168271509723
10704,216,2,1.0,1.0,-0.5055973529815674,0.23303933441638947,1.6896899277256632
10705,216,3,1.0,1.0,-0.5321134924888611,0.01730409450829029,1.8201821327923715
10706,216,4,1.0,1.0,-0.5463101267814636,0.11552785336971283,1.7813943938251557
10707,216,5,1.0,1.0,-0.5195499062538147,0.12054765969514847,1.7556959692565388
10708,216,6,1.0,1.0,-0.4640578627586365,0.12937720119953156,1.7033641663768049
10709,216,7,1.0,1.0,-0.5099324584007263,0.2597673833370209,1.6816183739790018
10710,216,8,1.0,1.0,-0.5497598052024841,0.10868487507104874,1.787791404428479
10711,216,9,1.0,1.0,-0.5134716629981995,0.14841943979263306,1.7366018326667827
10712,216,10,1.0,1.0,-0.5416454076766968,0.13103143870830536,1.7696827183210007
10713,216,11,1.0,1.0,-0.544499397277832,0.08165398985147476,1.7968967089255024
10714,216,12,1.0,1.0,-0.5321771502494812,0.22255441546440125,1.7181351683323753
10715,216,13,1.0,1.0,-0.37685975432395935,0.4187982976436615,1.494502660385367
10716,216,14,1.0,1.0,-0.5922603011131287,0.13398057222366333,1.8125348316065335
10717,216,15,1.0,1.0,-0.5396482944488525,0.14466245472431183,1.7612833920063802
10718,216,16,1.0,1.0,-0.5298306941986084,0.18800751864910126,1.7319681702279015
10719,216,17,1.0,1.0,-0.4489247798919678,0.19766634702682495,1.656237394964341
10720,216,18,1.0,1.0,-0.45116519927978516,0.2394169569015503,1.6384037967026435
10721,216,19,1.0,1.0,-0.5003989338874817,0.05704843997955322,1.7721045695318562
10722,216,20,1.0,1.0,-0.3087939918041229,0.40746447443962097,1.436676742358449
10723,216,21,1.0,1.0,-0.3765260875225067,0.31246355175971985,1.5386781461010224
10724,216,22,1.0,1.0,-0.5258849263191223,0.13307800889015198,1.754958275013334
10725,216,23,1.0,1.0,-0.4061429500579834,0.021629711613059044,1.7130225968142143
10726,216,24,1.0,1.0,-0.5367524027824402,0.17931526899337769,1.742162844043293
10727,216,25,1.0,1.0,-0.5328736901283264,0.21693021059036255,1.7213076555263693
10728,216,26,1.0,1.0,-0.4205198585987091,0.2882554531097412,1.5888539796662613
10729,216,27,1.0,1.0,-0.5545850396156311,0.08828951418399811,1.802207162160772
10730,216,28,1.0,1.0,-0.44288426637649536,0.1922236531972885,1.6536074602549335
10731,216,29,1.0,1.0,-0.5029206275939941,0.19549047946929932,1.7047011413946032
10732,216,30,1.0,1.0,-0.5265317559242249,0.006981555372476578,1.8210944053550775
10733,216,31,1.0,1.0,-0.47342512011528015,0.21871908009052277,1.6677474210447236
10734,216,32,1.0,1.0,-0.41859275102615356,0.25213226675987244,1.6036556799031634
10735,216,33,1.0,1.0,-0.45131784677505493,0.15495657920837402,1.679411169246827
10736,216,34,1.0,1.0,-0.34377241134643555,0.31444811820983887,1.5085442241186848
10737,216,35,1.0,1.0,-0.49564579129219055,-0.03198305517435074,1.8171255760615528
10738,216,36,1.0,1.0,-0.3857356905937195,0.22107839584350586,1.5896484735962788
10739,216,37,1.0,1.0,-0.4985244870185852,0.21335986256599426,1.692447442024864
10740,216,38,1.0,1.0,-0.4177590012550354,0.3653034269809723,1.553344882967647
10741,216,39,1.0,1.0,-0.4728938043117523,0.24390940368175507,1.655623492410284
10742,216,40,1.0,1.0,0.16956259310245514,0.5089051723480225,0.9647799834787432
10743,216,41,1.0,1.0,-0.4438186287879944,0.30655840039253235,1.6017095507305337
10744,216,42,1.0,1.0,-0.5210474729537964,0.155424565076828,1.7397968502830423
10745,216,43,1.0,1.0,-0.4459730386734009,0.19541972875595093,1.654746941814831
10746,216,44,1.0,1.0,-0.5271784663200378,0.18164555728435516,1.7326217307606575
10747,216,45,1.0,1.0,-0.48352792859077454,0.16798743605613708,1.7009115266436625
10748,216,46,1.0,1.0,-0.554282546043396,0.08952365815639496,1.8013221261040608
10749,216,47,1.0,1.0,-0.4712454080581665,0.21043440699577332,1.6697235928106056
10750,216,48,1.0,1.0,-0.409501850605011,0.29927992820739746,1.5740724525484782
10751,216,49,1.0,1.0,-0.5195097923278809,0.1976258009672165,1.7183464040331973
