sample_idx,session_index,frame_index,true_x_m,true_y_m,est_x_m,est_y_m,rmse_xy_m
0,0,0,-1.0,-1.0,-0.04958971217274666,0.14944106340408325,1.4914739265060561
1,0,1,-1.0,-1.0,-0.05737018026411533,0.08230752870440483,1.4352493036910148
2,0,2,-1.0,-1.0,-0.04490783754736184,0.0569651260972023,1.424561798085338
3,0,3,-1.0,-1.0,-0.058761650677770366,0.04477587461471557,1.4062312250877447
4,0,4,-1.0,-1.0,-0.036998248646035785,0.04287184336781501,1.4194907730591935
5,0,5,-1.0,-1.0,-0.028651468167267734,0.04073738968670367,1.4236053823252768
6,0,6,-1.0,-1.0,-0.013762829995844507,0.0037211486837267806,1.4071673318453586
7,0,7,-1.0,-1.0,-0.02219691046345792,0.0006325405859649133,1.3990583844810514
8,0,8,-1.0,-1.0,-0.039295154986659614,-0.02742301291062534,1.3670624693290179
9,0,9,-1.0,-1.0,-0.051708833102897755,-0.02951118194643527,1.3568731271500931
10,0,10,-1.0,-1.0,-0.06702683469371117,-0.012329805299726217,1.3586505587092335
11,0,11,-1.0,-1.0,-0.05442332794766904,-0.02009317441141701,1.3617388257535492
12,0,12,-1.0,-1.0,-0.038650476181019314,-0.034491294268263056,1.3624976946001615
13,0,13,-1.0,-1.0,-0.07479854650344081,-0.006720569034859413,1.3574246784004553
14,0,14,-1.0,-1.0,-0.056178767819523204,-0.01677925068667671,1.3629092266893368
15,0,15,-1.0,-1.0,-0.059936780519806915,-0.004635197544811156,1.3691128319412256
16,0,16,-1.0,-1.0,-0.04216085600482076,0.004727245656348675,1.3881400015609415
17,0,17,-1.0,-1.0,-0.03812477393039718,-0.0025400391207256057,1.385687671910136
18,0,18,-1.0,-1.0,-0.04133579489749727,0.026161149174940317,1.4042947561750871
19,0,19,-1.0,-1.0,0.021788350244229628,-0.008188028612057162,1.423988208969183
20,0,20,-1.0,-1.0,-0.0024197000514408797,-0.026140210911456598,1.394119558592103
21,0,21,-1.0,-1.0,-0.019137297200725337,-0.03539277317064672,1.3757029998492094
22,0,22,-1.0,-1.0,-0.020191012957986296,-0.042858550860051,1.3697245725875034
23,0,23,-1.0,-1.0,-0.04615673213949528,-0.039105228895440276,1.353933432920131
24,0,24,-1.0,-1.0,-0.06505785512750853,-0.010534674917803407,1.3613076227652559
25,0,25,-1.0,-1.0,-0.0645425055372502,-0.04012149641573662,1.340316181201171
26,0,26,-1.0,-1.0,-0.05977365759645401,-0.02309341963392659,1.355865790449809
27,0,27,-1.0,-1.0,-0.06633102939868121,-0.0219106016346168,1.3521821688879363
28,0,28,-1.0,-1.0,-0.06777557986419304,-0.03072115271805187,1.344821123155702
29,0,29,-1.0,-1.0,-0.07035376534073187,-0.01733796865530731,1.3527256889194619
30,0,30,-1.0,-1.0,-0.06496747380640151,-0.0005397914553835516,1.368651355716287
31,0,31,-1.0,-1.0,-0.0619834900627755,-0.010864693357905563,1.363181436112142
32,0,32,-1.0,-1.0,-0.02873831128191511,-0.046235259775372906,1.3612554674517405
33,0,33,-1.0,-1.0,-0.022435573062083044,-0.06842231947465419,1.3503589092043053
34,0,34,-1.0,-1.0,-0.04131453670516277,-0.0352599604805169,1.36007395438075
35,0,35,-1.0,-1.0,-0.0338151847940511,-0.03768028355796141,1.3636613706443543
36,0,36,-1.0,-1.0,-0.03609517918877587,-0.043333311637354904,1.3580587823087293
37,0,37,-1.0,-1.0,0.003733831944098577,-0.06687648925391744,1.3704747687193217
38,0,38,-1.0,-1.0,-0.02197010436512892,-0.06891149141635038,1.350358577405306
39,0,39,-1.0,-1.0,-0.008191231222952459,-0.06180347813439246,1.3652462589085408
40,0,40,-1.0,-1.0,-0.010197611980044381,-0.05924428770234498,1.3655511991685536
41,0,41,-1.0,-1.0,0.00906551318100842,-0.10232119548820673,1.3505704150324687
42,0,42,-1.0,-1.0,0.02386400109243618,-0.08909174963287762,1.3704201302228103
43,0,43,-1.0,-1.0,0.011782719234611178,-0.054165486272340774,1.3850296741587242
44,0,44,-1.0,-1.0,0.03567143651643386,-0.04823630677493019,1.406580766311497
45,0,45,-1.0,-1.0,0.0031814181403248855,-0.059535178182344856,1.3750807390035493
46,0,46,-1.0,-1.0,0.020353412629877582,-0.02745302055922633,1.4095987776260344
47,0,47,-1.0,-1.0,0.014170739130378304,-0.08150226348890105,1.3682764267808862
48,0,48,-1.0,-1.0,0.0021357423596981917,-0.09767572315511372,1.3485047818596974
49,0,49,-1.0,-1.0,0.04886000559462931,-0.1183322872955013,1.3701989880895213
50,1,0,-0.8,-1.0,0.07408762723207474,-0.011903672479093075,1.3192283852845579
51,1,1,-0.8,-1.0,0.0667768396437168,-0.040460557583719484,1.2930653623445707
52,1,2,-0.8,-1.0,0.062503417506814,-0.05681671260856091,1.2780871874897486
53,1,3,-0.8,-1.0,0.0834605118855834,-0.10742856156174094,1.2558607601071385
54,1,4,-0.8,-1.0,0.0537326343216002,-0.08204106888612732,1.253598025731304
55,1,5,-0.8,-1.0,0.04233878678582608,-0.07408174245067872,1.2517424860517392
56,1,6,-0.8,-1.0,0.05072403205982595,-0.09746272571837808,1.2402842054109322
57,1,7,-0.8,-1.0,0.0567235181975983,-0.09968786707092457,1.2427940792151255
58,1,8,-0.8,-1.0,0.09742396187524355,-0.09188443362115217,1.2767316277305243
59,1,9,-0.8,-1.0,0.06926989161191631,-0.08136518555461243,1.2647213395740995
60,1,10,-0.8,-1.0,0.08435014135889982,-0.08626001283829622,1.2716115510091033
61,1,11,-0.8,-1.0,0.09792238645828706,-0.09794046773228693,1.272782782668744
62,1,12,-0.8,-1.0,0.04932492719246803,-0.057244367456431716,1.2689133203820957
63,1,13,-0.8,-1.0,0.05556790577677588,-0.07122279598235773,1.2627840417498502
64,1,14,-0.8,-1.0,0.060504464389039975,-0.08167589233064433,1.258486034868956
65,1,15,-0.8,-1.0,0.029344565577117336,-0.060078056739227434,1.2535013633320886
66,1,16,-0.8,-1.0,0.044372893457378354,-0.064277063270926,1.2603741498168184
67,1,17,-0.8,-1.0,0.040291532585358406,-0.04184341068428125,1.2744229711456796
68,1,18,-0.8,-1.0,-0.006492719256346376,0.022095538231204394,1.2939602365858554
69,1,19,-0.8,-1.0,-0.011665104471073016,0.05609420283310543,1.3178796882744255
70,1,20,-0.8,-1.0,0.0035315381490212423,0.006805546736429642,1.2881460871109973
71,1,21,-0.8,-1.0,-0.017940144101568536,-0.00013388682504757513,1.2693895629330905
72,1,22,-0.8,-1.0,-0.007930331430685453,-0.033550688548586616,1.2495593749287845
73,1,23,-0.8,-1.0,-0.025151076516803456,-0.010336088634124689,1.256911099355508
74,1,24,-0.8,-1.0,0.005428474077674304,-0.02135091001551738,1.2674656082839277
75,1,25,-0.8,-1.0,0.01094315737522124,0.009976825541923707,1.2952536402672004
76,1,26,-0.8,-1.0,0.028133714974180213,-0.03004367053640963,1.2753904229464081
77,1,27,-0.8,-1.0,0.04444765607136363,-0.01907304769474424,1.2943374867488378
78,1,28,-0.8,-1.0,0.055889453656797726,-0.07324042610330095,1.261518951379694
79,1,29,-0.8,-1.0,0.07800669999631998,-0.090142429713427,1.264411548288853
80,1,30,-0.8,-1.0,0.06364518947600256,0.06044718266446067,1.3676371011807307
81,1,31,-0.8,-1.0,0.06087682851194591,0.018115579820107128,1.3332922589369591
82,1,32,-0.8,-1.0,0.04963173290717081,-0.019147089307008692,1.2976696474749478
83,1,33,-0.8,-1.0,0.0608263626638972,-0.033681667426376495,1.2941379936177686
84,1,34,-0.8,-1.0,0.07273790269700152,-0.06490346799831019,1.2790922449008706
85,1,35,-0.8,-1.0,0.07005685811961912,-0.057134379147274275,1.2829631777050265
86,1,36,-0.8,-1.0,0.04132284618425028,-0.011836954890835371,1.2978021171314926
87,1,37,-0.8,-1.0,0.0491037657152152,-0.022850976395014586,1.2945259438435122
88,1,38,-0.8,-1.0,0.032987415860431905,-0.026652352467360658,1.281122038659535
89,1,39,-0.8,-1.0,0.08402641122463968,-0.04256730627877294,1.3031423785408105
90,1,40,-0.8,-1.0,0.07479297596659798,-0.042996296249865944,1.2965796696663
91,1,41,-0.8,-1.0,0.04543135623050309,-0.032354217201846454,1.2849484577463794
92,1,42,-0.8,-1.0,0.06090121931770248,-0.010445023080969184,1.3116287438783623
93,1,43,-0.8,-1.0,0.06136037485656303,-0.0294725260644009,1.2976383444692339
94,1,44,-0.8,-1.0,0.026991227803627782,0.030054197901865323,1.3209565252041442
95,1,45,-0.8,-1.0,0.0025091945395867947,0.0797312342485451,1.3453031426159914
96,1,46,-0.8,-1.0,0.03405365029833721,-0.0003570886102850987,1.3018953267708147
97,1,47,-0.8,-1.0,0.04493723512593313,-0.025704746956951918,1.289639550961614
98,1,48,-0.8,-1.0,0.04876602233084423,-0.02498339760872647,1.2926952988241065
99,1,49,-0.8,-1.0,0.006637328152285692,-0.03359900307159669,1.2588068422251566
100,2,0,-0.6,-1.0,-0.20358651876449585,0.0012428900226950645,1.0768616312814985
101,2,1,-0.6,-1.0,-0.20859784185886382,0.061952094081789255,1.131785270942433
102,2,2,-0.6,-1.0,-0.210950388610363,0.048668893566355106,1.1185106385082402
103,2,3,-0.6,-1.0,-0.20386060860753058,0.044008469753898674,1.116637856393322
104,2,4,-0.6,-1.0,-0.1873675093144178,0.11191183459898457,1.1860073778398965
105,2,5,-0.6,-1.0,-0.1812678141954541,0.08796536045768298,1.1657638135507846
106,2,6,-0.6,-1.0,-0.16587610041043158,0.1145775837922981,1.1961382656228046
107,2,7,-0.6,-1.0,-0.16644646919229322,0.12129179450446599,1.202191312769675
108,2,8,-0.6,-1.0,-0.163969156518788,0.1310837861776547,1.2122183911411821
109,2,9,-0.6,-1.0,-0.1524044108019745,0.09643934785114104,1.184280817621295
110,2,10,-0.6,-1.0,-0.20670229515816102,0.06820586415653886,1.1383087686793405
111,2,11,-0.6,-1.0,-0.25682175680964914,0.028419434922613923,1.0841668878571067
112,2,12,-0.6,-1.0,-0.19339204497614312,0.04900292821563756,1.1250498533370263
113,2,13,-0.6,-1.0,-0.17228187116220756,0.06038383456554246,1.1433969889519677
114,2,14,-0.6,-1.0,-0.18752541635994727,0.04389639139786722,1.122432607385639
115,2,15,-0.6,-1.0,-0.26521686262086264,0.020957509760367404,1.0744458971067408
116,2,16,-0.6,-1.0,-0.32131597779528953,0.009454772928372292,1.0472171326043456
117,2,17,-0.6,-1.0,-0.3553647783163752,-0.022998981931496968,1.007163035955494
118,2,18,-0.6,-1.0,-0.30062163181448937,0.003082425364769978,1.0468055021889637
119,2,19,-0.6,-1.0,-0.24527642717104625,0.033597107905390104,1.0927725264623578
120,2,20,-0.6,-1.0,-0.2391319852381848,0.056884387458135253,1.1167946689212354
121,2,21,-0.6,-1.0,-0.23795283306806603,0.08557061009341349,1.1443520876819449
122,2,22,-0.6,-1.0,-0.20522387353994967,0.14822702861739903,1.2141966476935864
123,2,23,-0.6,-1.0,-0.1995359676072296,0.1002332040589511,1.170847788806941
124,2,24,-0.6,-1.0,-0.19428845762138638,0.14595452132274922,1.215653577529094
125,2,25,-0.6,-1.0,-0.21405606233326147,0.12312103636776559,1.1875830856632772
126,2,26,-0.6,-1.0,-0.18380697105599725,0.1374268445313037,1.2111797818664336
127,2,27,-0.6,-1.0,-0.1786688017248243,0.12725781043947162,1.2034243432126455
128,2,28,-0.6,-1.0,-0.18937226267450957,0.11534839966303402,1.1885357341249538
129,2,29,-0.6,-1.0,-0.1468867595469528,0.13501592048887814,1.2221181401309271
130,2,30,-0.6,-1.0,-0.17625603823193922,0.15950497585752688,1.2345082965186
131,2,31,-0.6,-1.0,-0.192546369868818,0.1067787012085652,1.1793971146971645
132,2,32,-0.6,-1.0,-0.1782941610284767,0.10056979710238526,1.1785964928323274
133,2,33,-0.6,-1.0,-0.17119027410623283,0.13785126932525776,1.215970103302786
134,2,34,-0.6,-1.0,-0.21960624420914843,0.1251867765152941,1.1877477389957636
135,2,35,-0.6,-1.0,-0.30693889116239204,0.06758356246105263,1.1070769965770946
136,2,36,-0.6,-1.0,-0.2721398474623179,0.09535231994515658,1.1433673882139848
137,2,37,-0.6,-1.0,-0.2665157110785038,0.15257444247452617,1.1998498307717265
138,2,38,-0.6,-1.0,-0.24679571428956723,0.19798507477237523,1.2489681768650434
139,2,39,-0.6,-1.0,-0.23503005233748253,0.1341550008557798,1.1914321754354942
140,2,40,-0.6,-1.0,-0.188056108694677,0.20453388683714402,1.2730277507276773
141,2,41,-0.6,-1.0,-0.17006135696071695,0.16685858527722508,1.2435458153255259
142,2,42,-0.6,-1.0,-0.18801580269862034,0.19577007106872185,1.2647517707794513
143,2,43,-0.6,-1.0,-0.17240405907044978,0.11683106574766089,1.195888756581683
144,2,44,-0.6,-1.0,-0.15109095777935902,0.1665067742998061,1.2499029493023817
145,2,45,-0.6,-1.0,-0.15740902388202133,0.1034320791079859,1.1888856653798285
146,2,46,-0.6,-1.0,-0.128889998320489,0.08187702679733255,1.1800010740648947
147,2,47,-0.6,-1.0,-0.2078054362203918,0.046234664384224744,1.1173287559252416
148,2,48,-0.6,-1.0,-0.19409671173158977,0.07368066404719066,1.1478447838344366
149,2,49,-0.6,-1.0,-0.19831198277040904,0.075492779375327,1.1480583529047232
150,3,0,-0.4,-1.0,-0.07610215246677399,0.08459480106830597,1.1319256592820286
151,3,1,-0.4,-1.0,-0.07948090657591819,0.08700996488332748,1.133279821140855
152,3,2,-0.4,-1.0,-0.09548492200672626,0.07933761596679687,1.1214718551823486
153,3,3,-0.4,-1.0,-0.0899455048367381,0.08739737117290496,1.130737296105815
154,3,4,-0.4,-1.0,-0.08055686847940086,0.08716065596342086,1.1331205611718915
155,3,5,-0.4,-1.0,-0.07700804474554954,0.10797217227578162,1.1540910439374388
156,3,6,-0.4,-1.0,-0.07378096552512793,0.09746479358565807,1.1449226312785195
157,3,7,-0.4,-1.0,-0.07210117052272184,0.11741986281081437,1.1645362992095645
158,3,8,-0.4,-1.0,-0.09654314149610853,0.10113683079166291,1.1421857927233021
159,3,9,-0.4,-1.0,-0.09549182708496709,0.09170322755116378,1.1333760031065063
160,3,10,-0.4,-1.0,-0.09436979630395176,0.09104896781242597,1.133047956432493
161,3,11,-0.4,-1.0,-0.11182726738018871,0.08846143720723881,1.125962621099305
162,3,12,-0.4,-1.0,-0.10199709482008373,0.08807463334723697,1.1281454424095303
163,3,13,-0.4,-1.0,-0.09009373322536457,0.11041530838317742,1.1528504028181186
164,3,14,-0.4,-1.0,-0.11451040004478827,0.08913391030823141,1.1259293877796623
165,3,15,-0.4,-1.0,-0.12431259161582443,0.08320158385134205,1.117733965843232
166,3,16,-0.4,-1.0,-0.10844614152556256,0.0838759726686033,1.1224040166177431
167,3,17,-0.4,-1.0,-0.09566949761025029,0.09452344730316864,1.1360451713647701
168,3,18,-0.4,-1.0,-0.08930964563566786,0.09993571965270724,1.142972914667252
169,3,19,-0.4,-1.0,-0.10799939489359497,0.09199819092811584,1.130364720951952
170,3,20,-0.4,-1.0,-0.12635048915144192,0.08095751417083549,1.1150574883072384
171,3,21,-0.4,-1.0,-0.11304192103383413,0.08239520141166552,1.1197876187576608
172,3,22,-0.4,-1.0,-0.10335981076167255,0.0785536930866785,1.1186033572014094
173,3,23,-0.4,-1.0,-0.09452997205301483,0.08666241726631155,1.1287812662659649
174,3,24,-0.4,-1.0,-0.08983904088885636,0.08883853200026315,1.1321524496838897
175,3,25,-0.4,-1.0,-0.08409254452333585,0.09066915993952326,1.1354984530455892
176,3,26,-0.4,-1.0,-0.08396571343662355,0.09209984431211651,1.136907973509805
177,3,27,-0.4,-1.0,-0.08293342218662708,0.08743171019038706,1.1327130877207492
178,3,28,-0.4,-1.0,-0.11310997345155265,0.08514388760801955,1.1224273447070037
179,3,29,-0.4,-1.0,-0.10448055681262464,0.0849118560812251,1.124440072554952
180,3,30,-0.4,-1.0,-0.09573952830505207,0.08582281382709378,1.1276460515886266
181,3,31,-0.4,-1.0,-0.09356080128421668,0.07279161406835659,1.1157001522474401
182,3,32,-0.4,-1.0,-0.09019741359918512,0.06976984396871448,1.113725801804682
183,3,33,-0.4,-1.0,-0.11316593846180475,0.07283912717012131,1.1105213062546997
184,3,34,-0.4,-1.0,-0.10335640239068772,0.0776340448170433,1.117717566539659
185,3,35,-0.4,-1.0,-0.09566773289585345,0.08093507943716353,1.1229598277581334
186,3,36,-0.4,-1.0,-0.08790500481825037,0.08973222772992347,1.1335429476516177
187,3,37,-0.4,-1.0,-0.08493862016926879,0.08421305577458625,1.1290622761269238
188,3,38,-0.4,-1.0,-0.07769940929861338,0.09117645256073453,1.13778017270011
189,3,39,-0.4,-1.0,-0.0763345601268215,0.09894253773138748,1.1456151265603123
190,3,40,-0.4,-1.0,-0.07742865726106585,0.09659480327220835,1.1430539942277498
191,3,41,-0.4,-1.0,-0.07509121613032871,0.10488103868262424,1.1516630702927237
192,3,42,-0.4,-1.0,-0.07736209850936211,0.096378340613718,1.142865119445498
193,3,43,-0.4,-1.0,-0.07873275627692893,0.08293024438551327,1.1295798139548558
194,3,44,-0.4,-1.0,-0.08141115730007735,0.08711912847113493,1.132840169741838
195,3,45,-0.4,-1.0,-0.07260373716553223,0.09390021891977704,1.1418432475041012
196,3,46,-0.4,-1.0,-0.07200538629790265,0.10891621730834664,1.156406348835495
197,3,47,-0.4,-1.0,-0.07031459917773886,0.10395546675202542,1.152132863903733
198,3,48,-0.4,-1.0,-0.06994032653277177,0.09658917183015849,1.1451843518946836
199,4,0,-0.2,-1.0,0.09193430095911026,-0.41115039587020874,0.6572438606486152
200,4,1,-0.2,-1.0,0.0871520698070526,-0.40521801114082334,0.6604709876033558
201,4,2,-0.2,-1.0,0.08056925877928733,-0.3997773092985153,0.662560478299822
202,4,3,-0.2,-1.0,0.07190689520537853,-0.39412242108583445,0.6640941200546197
203,4,4,-0.2,-1.0,0.06545894050151109,-0.39133233382105825,0.6640367286106278
204,4,5,-0.2,-1.0,0.06781292475745082,-0.39187580136120315,0.6644838625860066
205,4,6,-0.2,-1.0,0.07713312792022525,-0.39842534513634437,0.6623404230191408
206,4,7,-0.2,-1.0,0.06791597327657192,-0.39116282478922004,0.6651779270656647
207,4,8,-0.2,-1.0,0.0709552141998942,-0.39797889541752507,0.6601864422000908
208,4,9,-0.2,-1.0,0.06846113836589601,-0.3945150389851844,0.6623318056894336
209,4,10,-0.2,-1.0,0.06478336388941808,-0.3875994811661244,0.667191595615979
210,4,11,-0.2,-1.0,0.07447256028208477,-0.38960774552276134,0.6692636929294826
211,4,12,-0.2,-1.0,0.08433789750623047,-0.3959894395670819,0.6675902913260134
212,4,13,-0.2,-1.0,0.07125822820744054,-0.390916964586682,0.6667557051863456
213,4,14,-0.2,-1.0,0.06249337825116312,-0.3883754311236489,0.6655729763736584
214,4,15,-0.2,-1.0,0.06153834812895215,-0.3896057604514483,0.6640658365072516
215,4,16,-0.2,-1.0,0.07314368925630081,-0.3967180668447461,0.6622360348486656
216,4,17,-0.2,-1.0,0.07487312669055979,-0.39659005039869066,0.6630677213184935
217,4,18,-0.2,-1.0,0.08077493434298161,-0.39956583722190875,0.662839156648378
218,4,19,-0.2,-1.0,0.0806432710349926,-0.39933043122917183,0.6629966639618581
219,4,20,-0.2,-1.0,0.07104034894528567,-0.39320575178107453,0.6645766550428575
220,4,21,-0.2,-1.0,0.07155356006498938,-0.39585664457389297,0.6623673677722094
221,4,22,-0.2,-1.0,0.0672737083104557,-0.3946350694737435,0.6617415917600177
222,4,23,-0.2,-1.0,0.07444544060896977,-0.396958652807188,0.6625550288807514
223,4,24,-0.2,-1.0,0.07633488497843147,-0.3952318097860002,0.6649101687827911
224,4,25,-0.2,-1.0,0.056702751519251464,-0.38390106916400474,0.6674385329113168
225,4,26,-0.2,-1.0,0.06072841313618225,-0.3767408735750206,0.6755969538774876
226,4,27,-0.2,-1.0,0.0729542780319498,-0.38608654787527136,0.6718584408903743
227,4,28,-0.2,-1.0,0.07731356406010709,-0.38924418901672586,0.6707648421477947
228,4,29,-0.2,-1.0,0.07488273634173735,-0.39093812317341003,0.6682191919888633
229,4,30,-0.2,-1.0,0.0806810290869155,-0.396277438675191,0.6657798218194042
230,4,31,-0.2,-1.0,0.08253306889327913,-0.3998905765537204,0.6632919833129906
231,4,32,-0.2,-1.0,0.022196283148276652,-0.38582699331309867,0.6531306686932851
232,4,33,-0.2,-1.0,-0.016884773329314103,-0.3756882824785166,0.650612255397392
233,4,34,-0.2,-1.0,0.00883989304424171,-0.381880171577201,0.6524463374225966
234,4,35,-0.2,-1.0,0.031114858032113224,-0.3872874758999009,0.6548516738867804
235,4,36,-0.2,-1.0,0.0484115152543705,-0.39329092777295127,0.6555945234926681
236,4,37,-0.2,-1.0,-0.012131323586886636,-0.37891345872050775,0.6488783640527226
237,4,38,-0.2,-1.0,0.0008412667913338962,-0.3763494825114446,0.6551924773759926
238,4,39,-0.2,-1.0,0.021238420472758115,-0.38323337982344086,0.655246138834329
239,4,40,-0.2,-1.0,0.04006283044452664,-0.3875285854456148,0.6578384271287951
240,4,41,-0.2,-1.0,-0.01177894580617907,-0.37655868523936714,0.6512343957380474
241,4,42,-0.2,-1.0,-0.046441277422296534,-0.37117326732014483,0.647304674023383
242,4,43,-0.2,-1.0,-0.03823397881334153,-0.37237320574993293,0.6481385951100107
243,4,44,-0.2,-1.0,-0.008057109550452121,-0.3772747334143726,0.6516355045869338
244,4,45,-0.2,-1.0,0.013234538162677365,-0.38664236281423225,0.6493662751941759
245,4,46,-0.2,-1.0,0.031257340686967186,-0.3866195830690455,0.6555268823595257
246,4,47,-0.2,-1.0,0.03602946382186328,-0.3862842666200115,0.6575385229704594
247,4,48,-0.2,-1.0,0.042932316978723406,-0.3887761625611702,0.657731472628534
248,4,49,-0.2,-1.0,0.05162339158253413,-0.38908785035955346,0.6607026454993266
249,5,0,0.0,-1.0,-0.07712254673242569,-0.3917519748210907,0.6131178902532026
250,5,1,0.0,-1.0,-0.030153553187847137,-0.4005873680114746,0.6001705925462058
251,5,2,0.0,-1.0,0.006442015767097471,-0.41221180617809294,0.5878234942255739
252,5,3,0.0,-1.0,0.024851845234632488,-0.4179053400158882,0.5826249285720487
253,5,4,0.0,-1.0,0.03740182699859142,-0.4203883206784724,0.5808171790406632
254,5,5,0.0,-1.0,0.037058561816513534,-0.4123093701559304,0.588857888976982
255,5,6,0.0,-1.0,0.052514529816597696,-0.4178240211815237,0.5845396874080574
256,5,7,0.0,-1.0,0.054021109009388085,-0.4156741528121053,0.5868176683693624
257,5,8,0.0,-1.0,0.03969705895108193,-0.40782070655476976,0.5935083588919855
258,5,9,0.0,-1.0,0.0494733709282234,-0.4108539615988368,0.591219645305183
259,5,10,0.0,-1.0,0.0666809567044763,-0.40818825428125693,0.5955564560624714
260,5,11,0.0,-1.0,0.0750053409995051,-0.41263395294652583,0.5921356891876017
261,5,12,0.0,-1.0,0.07221635892818254,-0.4063042712368005,0.5980717522576288
262,5,13,0.0,-1.0,0.08054656113565879,-0.41460673595569564,0.5909086410767954
263,5,14,0.0,-1.0,0.07071936431295317,-0.41118620842269477,0.593045453266839
264,5,15,0.0,-1.0,0.06853727685348837,-0.4127459516793488,0.591239947557238
265,5,16,0.0,-1.0,0.0717717245802845,-0.41655782694309934,0.5878400715760934
266,5,17,0.0,-1.0,0.08016139541167971,-0.4253658859360515,0.5801984267131431
267,5,18,0.0,-1.0,0.022111898331535554,-0.4163621510962456,0.5840565680829433
268,5,19,0.0,-1.0,-0.008477894745186084,-0.4064303827414777,0.5936301586271869
269,5,20,0.0,-1.0,-0.02619117676947572,-0.40369472051569877,0.5968801924016415
270,5,21,0.0,-1.0,0.011349363120259439,-0.4131616125646863,0.5869481246336126
271,5,22,0.0,-1.0,0.04034675890634767,-0.4098671425482177,0.5915104820698046
272,5,23,0.0,-1.0,0.03729830919803399,-0.40589564784073634,0.5952740084394837
273,5,24,0.0,-1.0,0.020600837641664867,-0.39809078693978645,0.6022616501806368
274,5,25,0.0,-1.0,0.033459386499321425,-0.4054615935128416,0.5954791745587754
275,5,26,0.0,-1.0,0.03676199082545159,-0.4055521854071855,0.5955834519558311
276,5,27,0.0,-1.0,0.04168177932310305,-0.4047123211439776,0.596745164475868
277,5,28,0.0,-1.0,0.051313742278672664,-0.40170156781588284,0.600494890986272
278,5,29,0.0,-1.0,0.06586229676510907,-0.40953902778327467,0.5941228844660806
279,5,30,0.0,-1.0,0.0716349898492715,-0.41452660922318696,0.5898395231572772
280,5,31,0.0,-1.0,0.06299707746513633,-0.4131222231673896,0.5902492327052493
281,5,32,0.0,-1.0,0.06639269683962626,-0.4137852603635579,0.589962465891399
282,5,33,0.0,-1.0,0.06556828653756672,-0.4151941677042814,0.5884701026276191
283,5,34,0.0,-1.0,0.08060366074403848,-0.42206921061637803,0.5835245902641263
284,5,35,0.0,-1.0,0.08414098210247861,-0.425127477611442,0.580997523115678
285,5,36,0.0,-1.0,0.031917823960172675,-0.41639846942398717,0.5844736897218021
286,5,37,0.0,-1.0,-0.009686632676073632,-0.41001042094927664,0.5900690927688477
287,5,38,0.0,-1.0,0.02285068794468631,-0.4144696847296868,0.5859760268475988
288,5,39,0.0,-1.0,0.04442985872492902,-0.4187979577966511,0.5828977836702252
289,5,40,0.0,-1.0,0.05115371261086065,-0.42064069264050186,0.5816131956360274
290,5,41,0.0,-1.0,0.06417509957981307,-0.4232767451508949,0.5802828242243817
291,5,42,0.0,-1.0,0.0692292060095324,-0.42501591842302455,0.5791367515808579
292,5,43,0.0,-1.0,0.07246693238087273,-0.42382807772010705,0.5807112365990527
293,5,44,0.0,-1.0,0.07303876588868541,-0.42075398533001634,0.5838326873630844
294,5,45,0.0,-1.0,0.07441621385106652,-0.4192882207822657,0.585460454177867
295,5,46,0.0,-1.0,0.07361744720203127,-0.41653063192509604,0.5880952576022626
296,5,47,0.0,-1.0,0.026350488165256498,-0.4109865348158289,0.5896025868284602
297,5,48,0.0,-1.0,0.030888782123194118,-0.4089693908326433,0.5918372224132163
298,5,49,0.0,-1.0,0.03590440981152275,-0.4134237477285488,0.5876740817602347
299,6,0,0.2,-1.0,0.05788201838731766,-0.47423073649406433,0.5446382644886758
300,6,1,0.2,-1.0,-0.0009805180132389096,-0.46365093290805814,0.5727682693649031
301,6,2,0.2,-1.0,-0.03579495422542095,-0.4533583518862724,0.5953287762998365
302,6,3,0.2,-1.0,-0.06836227030307054,-0.4472601262629031,0.6144425735096162
303,6,4,0.2,-1.0,-0.08380374402329324,-0.4452030821174382,0.6231726768830843
304,6,5,0.2,-1.0,-0.03801009643442928,-0.4547418618670105,0.5949413779566695
305,6,6,0.2,-1.0,0.0021925281797126016,-0.4672649448245465,0.5682732044718696
306,6,7,0.2,-1.0,0.018306200248002266,-0.4711028746357351,0.5592359127299515
307,6,8,0.2,-1.0,0.029486338972448782,-0.4719610709064754,0.5548873932927787
308,6,9,0.2,-1.0,0.04060081092077457,-0.47505573517873745,0.5486115042977594
309,6,10,0.2,-1.0,0.047365372014945485,-0.47476576726393305,0.5469628222265028
310,6,11,0.2,-1.0,-0.0007616934746165899,-0.4610163735601254,0.5751596362203056
311,6,12,0.2,-1.0,0.02022432955118399,-0.4673010882811808,0.5622165261104797
312,6,13,0.2,-1.0,0.03532536621301042,-0.47356676796614566,0.5515883272899174
313,6,14,0.2,-1.0,0.03542161863829758,-0.47198870000916326,0.5530659784597597
314,6,15,0.2,-1.0,0.04431445764750487,-0.4732644771772059,0.5492615944165338
315,6,16,0.2,-1.0,0.052717628896983185,-0.4775899172491036,0.5427747151420423
316,6,17,0.2,-1.0,0.052775807405040856,-0.4769630903468869,0.5433622840653521
317,6,18,0.2,-1.0,0.061288320826657944,-0.4805841746058503,0.5376185726041968
318,6,19,0.2,-1.0,0.06370000185074193,-0.4812584818888215,0.5363491885961774
319,6,20,0.2,-1.0,0.05550347391815233,-0.47471444617131897,0.5447973560057228
320,6,21,0.2,-1.0,0.06187264931038889,-0.4761390960941084,0.5417650889911868
321,6,22,0.2,-1.0,0.0605851701725037,-0.47611649470632844,0.5421166128192477
322,6,23,0.2,-1.0,0.06318496632376887,-0.4740262622234613,0.5434765186008053
323,6,24,0.2,-1.0,0.06785605204562052,-0.4764773186264607,0.5399426088886763
324,6,25,0.2,-1.0,0.07052324485502434,-0.4786227569334428,0.537213607153203
325,6,26,0.2,-1.0,0.07736426656648769,-0.48490648644635126,0.5294911244013618
326,6,27,0.2,-1.0,0.072767197049098,-0.4830401721023354,0.5323867483387674
327,6,28,0.2,-1.0,0.06866565721184587,-0.4806119986073159,0.535735574314683
328,6,29,0.2,-1.0,0.06518526637420458,-0.47933725529781857,0.5378333441907476
329,6,30,0.2,-1.0,0.06497107555176597,-0.4793688397577436,0.5378565008000229
330,6,31,0.2,-1.0,0.06269911231392668,-0.47802327262160393,0.5397325612597818
331,6,32,0.2,-1.0,0.06255847649033697,-0.48088939717171636,0.5369971977146635
332,6,33,0.2,-1.0,0.06318312814214908,-0.47996584486495086,0.5377307680726405
333,6,34,0.2,-1.0,0.03813022550210712,-0.46735490896375415,0.5566979584128268
334,6,35,0.2,-1.0,0.010592406351226071,-0.4584614860678713,0.5737065439783979
335,6,36,0.2,-1.0,0.04128458052992846,-0.4706678727632264,0.5526147711585067
336,6,37,0.2,-1.0,0.05194586604917066,-0.4742301580862055,0.5462178624376784
337,6,38,0.2,-1.0,0.05259462285100233,-0.4748995159356887,0.545397894731005
338,6,39,0.2,-1.0,0.05434780455272563,-0.4759886580707993,0.5438772366159966
339,6,40,0.2,-1.0,-0.003083598656964129,-0.46008804863707786,0.5768430144051163
340,6,41,0.2,-1.0,0.0186564711923815,-0.4655177146018703,0.564408352919061
341,6,42,0.2,-1.0,-0.026215050942024386,-0.454162926959476,0.5908564627539831
342,6,43,0.2,-1.0,-0.004848346887453949,-0.4594873975130288,0.5780283026546029
343,6,44,0.2,-1.0,0.027889214659832722,-0.47593262327598107,0.5516055998417746
344,6,45,0.2,-1.0,0.04713291093068517,-0.4795724448861738,0.5424142209071223
345,6,46,0.2,-1.0,0.051893239121139426,-0.4798945425064804,0.5407821183550463
346,6,47,0.2,-1.0,0.05601832089856293,-0.4843749509928633,0.5353502732608636
347,6,48,0.2,-1.0,0.06373161919538695,-0.48958681967602236,0.5282903427619592
348,6,49,0.2,-1.0,0.07016248323854965,-0.49452689749719936,0.521882015509815
349,7,0,0.4,-1.0,-0.08092689514160156,-0.1685527265071869,0.9605182179788022
350,7,1,0.4,-1.0,-0.11486556529998779,-0.15223855897784233,0.9918598747885919
351,7,2,0.4,-1.0,-0.10432003766298292,-0.12764887027442454,1.0076384241988197
352,7,3,0.4,-1.0,-0.09477513661980627,-0.10522143464535473,1.0224632594060605
353,7,4,0.4,-1.0,-0.08457665373086927,-0.12893367354944346,0.9967803561552937
354,7,5,0.4,-1.0,-0.07810038785576819,-0.12013502499870954,1.0013702387737802
355,7,6,0.4,-1.0,-0.11426099858987329,-0.11766773891437797,1.021261275885422
356,7,7,0.4,-1.0,-0.10078378424659966,-0.10069511348895355,1.0293365229442657
357,7,8,0.4,-1.0,-0.08986561431418774,-0.1026831749620486,1.0223237278786041
358,7,9,0.4,-1.0,-0.07109513211996994,-0.05494635003106932,1.0559626057899636
359,7,10,0.4,-1.0,-0.06389469931648323,-0.07767204928505418,1.0324181036401685
360,7,11,0.4,-1.0,-0.06846830518134737,-0.04477369628027676,1.0639172168348106
361,7,12,0.4,-1.0,-0.10259092936676555,-0.06146849656276821,1.0646309338103508
362,7,13,0.4,-1.0,-0.09385984403722751,-0.032296680782447684,1.0864378765383425
363,7,14,0.4,-1.0,-0.08137900912745084,-0.04015828767115603,1.0737885560737241
364,7,15,0.4,-1.0,-0.07617087064969837,-0.054621154011153285,1.0585272129229817
365,7,16,0.4,-1.0,-0.10112163453451603,-0.05116393591821608,1.0730390342856855
366,7,17,0.4,-1.0,-0.1263745965600636,-0.04887506786090425,1.0870643276459628
367,7,18,0.4,-1.0,-0.104693194173618,-0.02184588756334388,1.1006819195035011
368,7,19,0.4,-1.0,-0.10597561941543289,-0.007027090910276996,1.1144534649903235
369,7,20,0.4,-1.0,-0.09203686567345606,-0.04595426264031813,1.0734540261026262
370,7,21,0.4,-1.0,-0.11478584037760439,-0.043570157188543276,1.0861687279946999
371,7,22,0.4,-1.0,-0.10768218704638559,-0.045994248274821056,1.0806794979867644
372,7,23,0.4,-1.0,-0.08551041814689213,-0.027343710162938246,1.0870973389208385
373,7,24,0.4,-1.0,-0.08352377735677421,-0.05354452548334045,1.0628138164852388
374,7,25,0.4,-1.0,-0.10590397374006252,-0.06025693781709998,1.0672655965442153
375,7,26,0.4,-1.0,-0.12468446432869135,-0.07260106208200684,1.0655339399377701
376,7,27,0.4,-1.0,-0.15935986238245514,-0.057789566160170246,1.0957390005293959
377,7,28,0.4,-1.0,-0.16272024411228342,-0.04126314504434626,1.1116791039612313
378,7,29,0.4,-1.0,-0.13023738544470995,-0.019101748277177137,1.1150394904020808
379,7,30,0.4,-1.0,-0.14720829861264279,-0.05346795080761194,1.0933251310652676
380,7,31,0.4,-1.0,-0.11711989281903301,-0.024335512256245372,1.104234656308817
381,7,32,0.4,-1.0,-0.09935438105793214,-0.05660885881874401,1.0673994768319044
382,7,33,0.4,-1.0,-0.0904132634752193,-0.03236981884186871,1.0848102767214796
383,7,34,0.4,-1.0,-0.08290429460478219,-0.05410639478645508,1.0620316709644868
384,7,35,0.4,-1.0,-0.11133927735915455,-0.06442141208765158,1.066196581653799
385,7,36,0.4,-1.0,-0.15074295543890665,-0.060799315538029614,1.0887679866066118
386,7,37,0.4,-1.0,-0.1654001436659001,-0.06831721214077324,1.089821150304288
387,7,38,0.4,-1.0,-0.133510987427812,-0.05830878837242738,1.0823198749735703
388,7,39,0.4,-1.0,-0.10612336827008607,-0.0293648136291356,1.0946659439894255
389,7,40,0.4,-1.0,-0.09463041248800433,-0.037529382839144844,1.0821316619783614
390,7,41,0.4,-1.0,-0.08096233140446199,-0.05646771526737919,1.0590457669821334
391,7,42,0.4,-1.0,-0.07037712165924129,-0.06512870128435629,1.0465366604867252
392,7,43,0.4,-1.0,-0.06793592170326462,-0.08022529274064219,1.031963923271701
393,7,44,0.4,-1.0,-0.060254653859277425,-0.05016243244594873,1.055474183074186
394,7,45,0.4,-1.0,-0.09617399513492772,-0.05330684818099517,1.068838882689602
395,7,46,0.4,-1.0,-0.08496550048727643,-0.06453827868987524,1.0536983290768644
396,7,47,0.4,-1.0,-0.07376313957310911,-0.08286041017137549,1.0322773559703744
397,7,48,0.4,-1.0,-0.0670309078138673,-0.04917401295933929,1.0593337181857716
398,8,0,0.6,-1.0,-0.05777178704738617,0.09665446728467941,1.2787942541515254
399,8,1,0.6,-1.0,-0.04558354541659355,0.08817313462495803,1.2652663296840576
400,8,2,0.6,-1.0,-0.0350092338770628,0.10216670230031014,1.2720094994805167
401,8,3,0.6,-1.0,-0.025273160867393018,0.10602464275062085,1.2705341538395334
402,8,4,0.6,-1.0,-0.02376340636387467,0.1006728050366044,1.2651329617339875
403,8,5,0.6,-1.0,-0.021192552806362508,0.09999943162783981,1.2632810206932013
404,8,6,0.6,-1.0,-0.035532191408671435,0.10366964012433588,1.2735728643657924
405,8,7,0.6,-1.0,0.010703895231983816,0.11088761308823675,1.257513891775211
406,8,8,0.6,-1.0,-0.008212700119980942,0.13228244218552365,1.285296159439081
407,8,9,0.6,-1.0,-0.01269088957901611,0.12584235810564934,1.2817609533286678
408,8,10,0.6,-1.0,-0.10290227276024291,0.11097049619087462,1.3146585292227457
409,8,11,0.6,-1.0,-0.07721095218614685,0.1010378294560335,1.2926325756587296
410,8,12,0.6,-1.0,-0.0539517429128206,0.08975723414233479,1.2709145177486436
411,8,13,0.6,-1.0,-0.037301634615504876,0.0853600630663614,1.25863411680401
412,8,14,0.6,-1.0,-0.08254124562550673,0.09180192059794529,1.2875923212730729
413,8,15,0.6,-1.0,-0.1458658704005317,0.09977818165782715,1.3288445904164037
414,8,16,0.6,-1.0,-0.11408813597657733,0.1023109092731728,1.3133968199463375
415,8,17,0.6,-1.0,-0.08182982863315857,0.09072720449106073,1.2863039103690879
416,8,18,0.6,-1.0,-0.06741808337897302,0.08613478599643035,1.2748080919780724
417,8,19,0.6,-1.0,-0.083444519222291,0.08254358913559443,1.2802331948647336
418,8,20,0.6,-1.0,-0.08155033028757391,0.09622355026246218,1.2908202527327877
419,8,21,0.6,-1.0,-0.07302466730917564,0.09294136842656905,1.2835431576790737
420,8,22,0.6,-1.0,-0.15679729472052603,0.09591741945741715,1.3318322475321398
421,8,23,0.6,-1.0,-0.13461018098708077,0.10612347931145329,1.3278408298790736
422,8,24,0.6,-1.0,-0.1066199851067986,0.11789585945343065,1.3224987546063915
423,8,25,0.6,-1.0,-0.18486805045828103,0.11428771523768266,1.3629581684555832
424,8,26,0.6,-1.0,-0.15153671576537106,0.09698167580559046,1.329727879002558
425,8,27,0.6,-1.0,-0.11695025927593498,0.10400232843295666,1.3163733571677985
426,8,28,0.6,-1.0,-0.10478921728073688,0.10050128743266216,1.3068400531190267
427,8,29,0.6,-1.0,-0.13794869082885375,0.11750711740702993,1.3391752789502158
428,8,30,0.6,-1.0,-0.11398628394705229,0.11185959149554793,1.3213660222910106
429,8,31,0.6,-1.0,-0.18026129929852008,0.10922958446948525,1.356170330838041
430,8,32,0.6,-1.0,-0.12789722887220048,0.13629968807484863,1.3494485380772498
431,8,33,0.6,-1.0,-0.09857802118141892,0.1286054396805198,1.3273136366941336
432,8,34,0.6,-1.0,-0.1526657538383763,0.10644450370708322,1.3381797998717155
433,8,35,0.6,-1.0,-0.21566141423967405,0.09271034309235662,1.3635686402159888
434,8,36,0.6,-1.0,-0.191031723659941,0.10668994134939924,1.360328568442328
435,8,37,0.6,-1.0,-0.13865448048630943,0.1277662580449785,1.3481347018481769
436,8,38,0.6,-1.0,-0.12000113311056011,0.11348457939104074,1.3259900226706587
437,8,39,0.6,-1.0,-0.15713655062368115,0.10533599843256755,1.3397848430704262
438,8,40,0.6,-1.0,-0.12908988272642513,0.10792543791503864,1.3262996769483368
439,8,41,0.6,-1.0,-0.0946728701675613,0.11454019657711,1.31330508501756
440,8,42,0.6,-1.0,-0.0620058273970361,0.11933633286116388,1.3004482079539779
441,8,43,0.6,-1.0,-0.033373089083978805,0.12183505315433449,1.2882838803856742
442,8,44,0.6,-1.0,-0.02821793656971503,0.12049049524660263,1.28458426183956
443,8,45,0.6,-1.0,-0.03571936029691015,0.1252641019397651,1.2924234616295924
444,8,46,0.6,-1.0,-0.03626796505797863,0.11372820447102906,1.282664194866795
445,8,47,0.6,-1.0,-0.04880022487406206,0.13130808807562794,1.3041471243467764
446,8,48,0.6,-1.0,-0.05581227850869288,0.13430501576270365,1.310243341302367
447,9,0,0.8,-1.0,0.012072868645191193,0.11919023841619492,1.3687278597628958
448,9,1,0.8,-1.0,-0.003499459102749826,0.10677430629730224,1.3676844467413842
449,9,2,0.8,-1.0,-0.10565887849777937,0.07687951175495981,1.407084747639408
450,9,3,0.8,-1.0,-0.14887441866472362,0.04963790311105549,1.414956674263806
451,9,4,0.8,-1.0,-0.11939498753361402,0.05821119401436299,1.4018195583737723
452,9,5,0.8,-1.0,-0.08949216137040406,0.05004851738618686,1.3761534049677464
453,9,6,0.8,-1.0,-0.18674812466697022,0.05169801492497138,1.4421305683366217
454,9,7,0.8,-1.0,-0.1481481954510737,0.037194729121311186,1.4052607966687742
455,9,8,0.8,-1.0,-0.12479975328236917,0.031530842374015426,1.385391808276625
456,9,9,0.8,-1.0,-0.06630217759582469,0.05695277912733356,1.3666121030534824
457,9,10,0.8,-1.0,-0.04333955456953394,0.0503190825315533,1.3469936077916125
458,9,11,0.8,-1.0,-0.04552624436317686,0.06265022346899435,1.3579912103344418
459,9,12,0.8,-1.0,-0.01584944991736772,0.07990397406287855,1.3534411395133776
460,9,13,0.8,-1.0,-0.04239354886540188,0.08389372899996744,1.3727536220806345
461,9,14,0.8,-1.0,-0.019804224129020068,0.09417883448210612,1.3672257632623828
462,9,15,0.8,-1.0,-0.019502733850329343,0.09529276887262939,1.3679367603558414
463,9,16,0.8,-1.0,-0.015139913849725779,0.09049743304430995,1.3614836505177608
464,9,17,0.8,-1.0,-0.04506230270354561,0.08319517297392771,1.3738420863420353
465,9,18,0.8,-1.0,-0.04007667486461032,0.06367758488647123,1.3554109429399988
466,9,19,0.8,-1.0,-0.04152184964929441,0.06264100326294089,1.355494347185867
467,9,20,0.8,-1.0,-0.03784636985957715,0.07433723357554345,1.3624195502610872
468,9,21,0.8,-1.0,-0.03609372558385198,0.0602028143958772,1.3502158070522003
469,9,22,0.8,-1.0,-0.04343673244151518,0.05623150003846162,1.351669524441947
470,9,23,0.8,-1.0,-0.032395279243818235,0.06023789066103072,1.3479563367189407
471,9,24,0.8,-1.0,-0.030576617416900313,0.07197151390332857,1.3560901312301827
472,9,25,0.8,-1.0,-0.03505285519164139,0.07185760925544515,1.3587464831536864
473,9,26,0.8,-1.0,-0.029073575203229327,0.07017793385419499,1.3537517509531423
474,9,27,0.8,-1.0,-0.036993152246104215,0.08144015212618586,1.367505151557967
475,9,28,0.8,-1.0,-0.04857756862209099,0.084569122869117,1.3770889848697743
476,9,29,0.8,-1.0,-0.059926321540436145,0.07812299334490304,1.3790657951153162
477,9,30,0.8,-1.0,-0.07097878684988886,0.0834968356037021,1.3901688530195675
478,9,31,0.8,-1.0,-0.16930781941884643,0.06633248365627886,1.4410491367358322
479,9,32,0.8,-1.0,-0.21702630518765964,0.051293514849692703,1.462723678556098
480,9,33,0.8,-1.0,-0.18183388649646642,0.06349538204805562,1.447418463441135
481,9,34,0.8,-1.0,-0.15372992145475686,0.07298214988326585,1.4355805296277224
482,9,35,0.8,-1.0,-0.2108196657023813,0.05779902554542709,1.4631114704681696
483,9,36,0.8,-1.0,-0.26347343015525637,0.037802776210195045,1.4859375286181364
484,9,37,0.8,-1.0,-0.23447501531737772,0.021749897781888995,1.4539984219156463
485,9,38,0.8,-1.0,-0.1932974299793284,0.04516886178524916,1.4418799305243875
486,9,39,0.8,-1.0,-0.1556434826258211,0.06364123302410182,1.4298906036736656
487,9,40,0.8,-1.0,-0.2284630196633311,0.040764037650298034,1.463190337885392
488,9,41,0.8,-1.0,-0.18358773963050648,0.03980670245193409,1.4313080800496496
489,9,42,0.8,-1.0,-0.20530991041141372,0.046189333599727114,1.4509169989042263
490,9,43,0.8,-1.0,-0.17294485716456506,0.06089684135848734,1.4394873403706583
491,9,44,0.8,-1.0,-0.15181156291468972,0.05431673402085023,1.4203974890623032
492,9,45,0.8,-1.0,-0.12419046603871209,0.04927328111872953,1.398249775965123
493,9,46,0.8,-1.0,-0.10493920656803225,0.05230334617199616,1.387896718040921
494,9,47,0.8,-1.0,-0.08551437421574276,0.03768828671799582,1.3641600666103768
495,9,48,0.8,-1.0,-0.07857972728464858,0.04669126384594577,1.3665522086649273
496,10,0,1.0,-1.0,-0.022482454776763916,0.18582874536514282,1.565777820656745
497,10,1,1.0,-1.0,-0.029235949739813805,0.1735293373465538,1.5609284883843522
498,10,2,1.0,-1.0,-0.01886181179434061,0.1786437480151653,1.5579731949773983
499,10,3,1.0,-1.0,-0.08680263658985496,0.19402685154974458,1.6145711793291915
500,10,4,1.0,-1.0,-0.04862474700249732,0.16413806177824733,1.5667901221627822
501,10,5,1.0,-1.0,0.04615537116620689,0.150544256054908,1.4945138544342833
502,10,6,1.0,-1.0,0.053417992867883284,0.1467452735289782,1.4869573694586264
503,10,7,1.0,-1.0,0.04892144237408973,0.144396724145551,1.4880168967491096
504,10,8,1.0,-1.0,0.05933225372547861,0.14301526078448457,1.4803174305760947
505,10,9,1.0,-1.0,-0.060686506297385,0.15619750142302147,1.5690278923391356
506,10,10,1.0,-1.0,-0.10159653050336909,0.1464813696756385,1.589947938465404
507,10,11,1.0,-1.0,-0.2029058907016473,0.12071151318054353,1.64407325799678
508,10,12,1.0,-1.0,-0.08497759218107162,0.1335661763681041,1.5691235297900672
509,10,13,1.0,-1.0,-0.05965680403573661,0.16295398556323318,1.5733195844699321
510,10,14,1.0,-1.0,-0.054539259435180266,0.11789059404350348,1.536792904050847
511,10,15,1.0,-1.0,-0.13834685714345218,0.09949985652836082,1.5826349868729241
512,10,16,1.0,-1.0,-0.1883581801445358,0.08778346088300489,1.6110456300449845
513,10,17,1.0,-1.0,-0.139141406062618,0.12267193103570977,1.5993859470877465
514,10,18,1.0,-1.0,-0.090717449595891,0.11647136592186955,1.560824418625109
515,10,19,1.0,-1.0,-0.055718198286745735,0.12140736786844558,1.540160835401111
516,10,20,1.0,-1.0,-0.12012576600618924,0.08717528258960007,1.560971436876642
517,10,21,1.0,-1.0,-0.057254620427841296,0.10796369356553148,1.5314603745038242
518,10,22,1.0,-1.0,-0.02946907617098892,0.12618448555318787,1.5258106285817543
519,10,23,1.0,-1.0,-0.10227629777007066,0.12662440591945043,1.5761648354912148
520,10,24,1.0,-1.0,-0.07309465423572992,0.16916059293077046,1.5869683768152192
521,10,25,1.0,-1.0,-0.05155629474167281,0.15296312060364045,1.560478964447429
522,10,26,1.0,-1.0,-0.040432924188881884,0.13240760833507348,1.537806119493413
523,10,27,1.0,-1.0,0.02065046835899667,0.11402126589755116,1.4832966277846906
524,10,28,1.0,-1.0,-0.023404454725263306,0.1045310912781748,1.5057707692579467
525,10,29,1.0,-1.0,0.0012206284939304465,0.10656470733659018,1.4906527712612931
526,10,30,1.0,-1.0,0.026324238540464524,0.10762825707041804,1.4747490784247532
527,10,31,1.0,-1.0,0.011471019996418277,0.14252649167786546,1.5108131348689862
528,10,32,1.0,-1.0,0.025384250054011348,0.13978036586172735,1.4996583419054739
529,10,33,1.0,-1.0,0.0004488975440211339,0.16938216527908195,1.538361808838791
530,10,34,1.0,-1.0,-0.0035510785436309302,0.1584820894243956,1.5327085563678433
531,10,35,1.0,-1.0,-0.04960952986667294,0.1360689027597356,1.546716753967787
532,10,36,1.0,-1.0,-0.05016992963922835,0.17532241706479526,1.5761470950306302
533,10,37,1.0,-1.0,-0.034689027287572345,0.1879830683777755,1.5753999980771793
534,10,38,1.0,-1.0,-0.028042896839585704,0.185618579671484,1.5692557516875807
535,10,39,1.0,-1.0,-0.0015814634430654471,0.17809399088222905,1.5463087916925167
536,10,40,1.0,-1.0,-0.03113019690789514,0.1494676662882108,1.5441843797996988
537,10,41,1.0,-1.0,-0.015105528465056552,0.12208386439879307,1.5131131592397349
538,10,42,1.0,-1.0,0.007497200387914089,0.13629751379449861,1.5087192737860105
539,10,43,1.0,-1.0,-0.049824541496496025,0.15970435025902377,1.5643035983906808
540,10,44,1.0,-1.0,-0.042432286819897524,0.14909206725983074,1.5514759590931573
541,10,45,1.0,-1.0,-0.03480814540064106,0.2125077886231718,1.5940523941387148
542,10,46,1.0,-1.0,-0.023480651036630457,0.18754079341824692,1.567726308728282
543,10,47,1.0,-1.0,-0.02363136070868499,0.17196954816535204,1.5560635541176373
544,10,48,1.0,-1.0,0.00743318512508483,0.15820668658582926,1.5253300006369308
545,10,49,1.0,-1.0,-0.011649604860658965,0.1496085660127599,1.5313506385098878
546,11,0,-1.0,-0.8,-0.10745970904827118,0.14246249198913574,1.2980230043333472
547,11,1,-1.0,-0.8,-0.111257553845644,0.16508751511573788,1.311966862168667
548,11,2,-1.0,-0.8,-0.10217303685843944,0.17236474782228467,1.323475144667059
549,11,3,-1.0,-0.8,-0.11254570043832063,0.1972673400342464,1.334959655311535
550,11,4,-1.0,-0.8,-0.10074921731874345,0.18797675320208068,1.3359453712710627
551,11,5,-1.0,-0.8,-0.11171401837773619,0.19206756734937425,1.3316343504630443
552,11,6,-1.0,-0.8,-0.10503203729306904,0.17517917572322483,1.3236094888735208
553,11,7,-1.0,-0.8,-0.0979391469723053,0.17517961167498525,1.3284159956849464
554,11,8,-1.0,-0.8,-0.11056999603075254,0.15708949438972142,1.3065626782638131
555,11,9,-1.0,-0.8,-0.10662159738355605,0.14978312343925243,1.3039221417828333
556,11,10,-1.0,-0.8,-0.09707020066370178,0.15322699818411473,1.3129828378911075
557,11,11,-1.0,-0.8,-0.11849734524421618,0.15502726655581894,1.299663037177935
558,11,12,-1.0,-0.8,-0.11295634073687502,0.15639649515316398,1.3044311823090442
559,11,13,-1.0,-0.8,-0.12660343044868147,0.1403766861009186,1.2834055787108598
560,11,14,-1.0,-0.8,-0.12981878037959063,0.12838001035782792,1.2724404892222128
561,11,15,-1.0,-0.8,-0.12155702731010126,0.1796355196654118,1.3158069036368474
562,11,16,-1.0,-0.8,-0.1391361357241647,0.1523750038617374,1.28378531725385
563,11,17,-1.0,-0.8,-0.12829689095704194,0.1584095386834408,1.2955366278706926
564,11,18,-1.0,-0.8,-0.13074843175413117,0.16775123374859746,1.3008231007019497
565,11,19,-1.0,-0.8,-0.1668940023684634,0.21645244824926235,1.3142454804341377
566,11,20,-1.0,-0.8,-0.15333288140822382,0.19809916076688094,1.3088342692747823
567,11,21,-1.0,-0.8,-0.1370527288259094,0.1754792980386782,1.3023969647265161
568,11,22,-1.0,-0.8,-0.11638947587795233,0.17284210388101912,1.3142257482726807
569,11,23,-1.0,-0.8,-0.08260839552294236,0.17502033814754528,1.3387576389198845
570,11,24,-1.0,-0.8,-0.10009312788076911,0.18188740535057096,1.3318916079296748
571,11,25,-1.0,-0.8,-0.07201721406578422,0.13210018171800728,1.3152805023070064
572,11,26,-1.0,-0.8,-0.08929257388531744,0.11367564708742983,1.2900353499269173
573,11,27,-1.0,-0.8,-0.09423269462519593,0.12737595257687012,1.2963180816851205
574,11,28,-1.0,-0.8,-0.1284755671258131,0.14039698891112415,1.2821471576421257
575,11,29,-1.0,-0.8,-0.13015178968158875,0.14115645444977726,1.2815659876676733
576,11,30,-1.0,-0.8,-0.11739188771201431,0.14061416407040667,1.2898651423797882
577,11,31,-1.0,-0.8,-0.10707681043473165,0.1350409503154788,1.2929088913107087
578,11,32,-1.0,-0.8,-0.10395817423332826,0.13176768181333776,1.2927033559154522
579,11,33,-1.0,-0.8,-0.11083821033565566,0.1545561612678258,1.304525259706943
580,11,34,-1.0,-0.8,-0.10963812125315124,0.16421917058258073,1.3124263347116203
581,11,35,-1.0,-0.8,-0.08047358748130895,0.173081810614071,1.3388117991216886
582,11,36,-1.0,-0.8,-0.07857737282682487,0.17336368534805494,1.3403195595905715
583,11,37,-1.0,-0.8,-0.06518026752112627,0.17279085945774597,1.349151580985774
584,11,38,-1.0,-0.8,-0.09359871143089557,0.13753278145872191,1.3040440990355582
585,11,39,-1.0,-0.8,-0.10390088315596954,0.1357921094971681,1.2956467494675434
586,11,40,-1.0,-0.8,-0.11213977882319234,0.09091479353179027,1.2577857296383683
587,11,41,-1.0,-0.8,-0.1259748669896273,0.09078715384452186,1.2479670214345504
588,11,42,-1.0,-0.8,-0.12770897673603132,0.11041518944813856,1.260851873316129
589,11,43,-1.0,-0.8,-0.11833207303211454,0.12532263923505776,1.2781081018930995
590,11,44,-1.0,-0.8,-0.10525252218790605,0.1348022143063335,1.2939969972620213
591,11,45,-1.0,-0.8,-0.09044094179593949,0.1620993394665094,1.3239836930124749
592,11,46,-1.0,-0.8,-0.17688630825446447,0.11947060255294245,1.2340754995129088
593,11,47,-1.0,-0.8,-0.14574419770952543,0.12323136170367041,1.2578191932786509
594,11,48,-1.0,-0.8,-0.16229447543642456,0.12232534416279939,1.2459673295754432
595,11,49,-1.0,-0.8,-0.1584241735340662,0.11824267833861929,1.2455599094440621
596,12,0,-0.8,-0.8,-0.16519784927368164,-0.10173140466213226,0.9436910520937869
597,12,1,-0.8,-0.8,-0.1509067714214325,-0.11054240763187409,0.9469286092734771
598,12,2,-0.8,-0.8,-0.15687040388584136,-0.0754049332626164,0.9688414153710163
599,12,3,-0.8,-0.8,-0.13980000495910644,-0.08787199091725051,0.9710768943663302
600,12,4,-0.8,-0.8,-0.13504695168137548,-0.07541914718616753,0.983453084154324
601,12,5,-0.8,-0.8,-0.13825302511155602,0.010777127682287245,1.0465508155587797
602,12,6,-0.8,-0.8,-0.10646702679783103,-0.006189413634555415,1.0540983027898734
603,12,7,-0.8,-0.8,-0.11720596038255093,-0.01816841158999186,1.0380117211153403
604,12,8,-0.8,-0.8,-0.14284889398085177,0.004949952308205496,1.0391304065723281
605,12,9,-0.8,-0.8,-0.13330096750107376,0.004769447794265957,1.0450557229344721
606,12,10,-0.8,-0.8,-0.1283005632366029,-0.007425643408799977,1.0389197486207584
607,12,11,-0.8,-0.8,-0.13913717917439355,-0.04023908221041497,1.0069639120395777
608,12,12,-0.8,-0.8,-0.13633592909858533,0.08110228826283677,1.1030826085962215
609,12,13,-0.8,-0.8,-0.13661046515305972,0.08871268783783401,1.1090067251682414
610,12,14,-0.8,-0.8,-0.1412848530538886,0.06506326112491725,1.0873086454932261
611,12,15,-0.8,-0.8,-0.14108344155844116,0.06777622147738921,1.089590107127466
612,12,16,-0.8,-0.8,-0.1419265783509338,0.051947041294604444,1.076510283021737
613,12,17,-0.8,-0.8,-0.09517527313793768,0.012592821577331353,1.075678850435942
614,12,18,-0.8,-0.8,-0.1076291028085902,0.04365296312312151,1.0913880068353605
615,12,19,-0.8,-0.8,-0.1463371481891958,0.13586644732652012,1.1415433110789077
616,12,20,-0.8,-0.8,-0.14323223297571555,0.06602309726266595,1.0868946153121222
617,12,21,-0.8,-0.8,-0.14792966857893058,0.01908702758761219,1.046947599396404
618,12,22,-0.8,-0.8,-0.19493863593280267,-0.0002982759180825915,1.0028071109572612
619,12,23,-0.8,-0.8,-0.1759045613558885,-0.04407287941299015,0.98026574365085
620,12,24,-0.8,-0.8,-0.18282936661702964,-0.05747550739989175,0.9655269094237535
621,12,25,-0.8,-0.8,-0.16705654218280117,-0.07269970784487173,0.9641489178350652
622,12,26,-0.8,-0.8,-0.16427478401003937,-0.062041640499545046,0.9740272535212169
623,12,27,-0.8,-0.8,-0.15926169003742,-0.03408485293737951,0.9985847957753308
624,12,28,-0.8,-0.8,-0.2101844961642021,-0.03340410265571209,0.967239162973755
625,12,29,-0.8,-0.8,-0.1739842912196274,-0.046449793391152544,0.9796599315681075
626,12,30,-0.8,-0.8,-0.24560818517679062,-0.07398954044670564,0.9134776799264213
627,12,31,-0.8,-0.8,-0.20170922886462866,-0.043103264347945563,0.9648028375095573
628,12,32,-0.8,-0.8,-0.15614846453361014,-0.05774869953926845,0.9825893306758806
629,12,33,-0.8,-0.8,-0.15316593720222124,-0.03546775410309941,1.0014508773832294
630,12,34,-0.8,-0.8,-0.1562678759455008,-0.020658172842759462,1.0108237883511169
631,12,35,-0.8,-0.8,-0.1419170043479925,-0.034056725476015605,1.009822919602662
632,12,36,-0.8,-0.8,-0.11625973747452775,-0.053230860244910215,1.0125042689732022
633,12,37,-0.8,-0.8,-0.19552168306108786,0.009130671731455917,1.0099933067035132
634,12,38,-0.8,-0.8,-0.12482811922309331,-0.0013741462645166548,1.0457821584089848
635,12,39,-0.8,-0.8,-0.12716691931222152,-0.02641461083810164,1.0252505590306071
636,12,40,-0.8,-0.8,-0.1434660262673496,-0.029285917705937657,1.0124411367144084
637,12,41,-0.8,-0.8,-0.1480426882472216,-0.052485592185110945,0.9918800967046136
638,12,42,-0.8,-0.8,-0.1499808943606024,0.07137579131816252,1.0871157286101587
639,12,43,-0.8,-0.8,-0.12341510854021942,0.03129082792586184,1.0718262713449918
640,12,44,-0.8,-0.8,-0.12241714245378338,-0.0008825348167591576,1.0477152533018619
641,12,45,-0.8,-0.8,-0.13650319509118353,-0.024921797756779322,1.0202814463258612
642,12,46,-0.8,-0.8,-0.14416709614482212,-0.01161319614062676,1.0255098976990484
643,12,47,-0.8,-0.8,-0.1659636651563712,-0.021051977281043712,1.0043714930242267
644,12,48,-0.8,-0.8,-0.17324132507658477,-0.03678948650060976,0.9875812495727925
645,12,49,-0.8,-0.8,-0.15646591136784882,-0.06502843279152332,0.976892690031253
646,13,0,-0.6,-0.8,-0.13764767348766327,0.3069557547569275,1.199633576064312
647,13,1,-0.6,-0.8,-0.1371639236807823,0.2891379117965698,1.1834012947665562
648,13,2,-0.6,-0.8,-0.08880998224020004,0.2562985101342201,1.1734912768184678
649,13,3,-0.6,-0.8,-0.13090213409066198,0.2685022935569286,1.1669404265587477
650,13,4,-0.6,-0.8,-0.09197356827259061,0.3017748017817735,1.2132594813867934
651,13,5,-0.6,-0.8,-0.0959114280247688,0.30086822348803277,1.2107915319664755
652,13,6,-0.6,-0.8,-0.09288185738849637,0.303538475698024,1.2144817733962332
653,13,7,-0.6,-0.8,-0.08582248247990606,0.30079361794993575,1.2149588918323269
654,13,8,-0.6,-0.8,-0.10329744388789652,0.30020219086630845,1.2071281166617411
655,13,9,-0.6,-0.8,-0.13708970963052414,0.2813382059267818,1.176256031876948
656,13,10,-0.6,-0.8,-0.127204123520494,0.27418219118835147,1.1736282719337638
657,13,11,-0.6,-0.8,-0.210084103910673,0.25090406188036135,1.120907557874326
658,13,12,-0.6,-0.8,-0.1959468348403611,0.26477195614641497,1.1388583225631648
659,13,13,-0.6,-0.8,-0.17873009060878423,0.28822926338360616,1.1669238476622668
660,13,14,-0.6,-0.8,-0.16468464345277553,0.29605630496235824,1.1793383243554731
661,13,15,-0.6,-0.8,-0.15939807501811626,0.3147260071969479,1.198642618722942
662,13,16,-0.6,-0.8,-0.13129193211759319,0.31937775865152623,1.2135459692412864
663,13,17,-0.6,-0.8,-0.12996125059938066,0.31700763104824825,1.2118756016019623
664,13,18,-0.6,-0.8,-0.16618761307329877,0.3232289522779785,1.2040915522860076
665,13,19,-0.6,-0.8,-0.22577859978309928,0.2756637492701373,1.138900416135751
666,13,20,-0.6,-0.8,-0.18045819987160128,0.26641260447576376,1.1459717121464033
667,13,21,-0.6,-0.8,-0.14352301366638653,0.274160150723977,1.1671294994367913
668,13,22,-0.6,-0.8,-0.14297585015751976,0.29253860098732126,1.1842768545346882
669,13,23,-0.6,-0.8,-0.1162872048982048,0.31300757872888274,1.2135748590231759
670,13,24,-0.6,-0.8,-0.19959714342531013,0.2756007808792609,1.1477105416354978
671,13,25,-0.6,-0.8,-0.15463478508654746,0.2783832360152019,1.1667307223063617
672,13,26,-0.6,-0.8,-0.14481059213622866,0.30205204647685374,1.192357375192183
673,13,27,-0.6,-0.8,-0.19270429362953823,0.2807316690021127,1.154933215736696
674,13,28,-0.6,-0.8,-0.13930474651426855,0.30104612375630524,1.1935420743413563
675,13,29,-0.6,-0.8,-0.22246740910211749,0.26716092622015386,1.131973188569908
676,13,30,-0.6,-0.8,-0.1786483410195478,0.2752333638768738,1.1548437155388416
677,13,31,-0.6,-0.8,-0.23294416747859892,0.25313740475882507,1.1152705400440435
678,13,32,-0.6,-0.8,-0.21884848651945832,0.27432464910285265,1.1399341770025473
679,13,33,-0.6,-0.8,-0.2059377390579598,0.2898965015701017,1.1589475612095224
680,13,34,-0.6,-0.8,-0.1757937789862704,0.3210576508724782,1.1986330441492377
681,13,35,-0.6,-0.8,-0.13168317063488028,0.3189301931856935,1.2129820402170726
682,13,36,-0.6,-0.8,-0.1337134598561746,0.32138568866245004,1.214466549665431
683,13,37,-0.6,-0.8,-0.11735392100692148,0.32828836039299203,1.227184526371523
684,13,38,-0.6,-0.8,-0.1497284684673572,0.3218331463825315,1.2088234198721013
685,13,39,-0.6,-0.8,-0.1487101301418679,0.3381982832535234,1.2244010285187765
686,13,40,-0.6,-0.8,-0.16702069534926173,0.34986673022994286,1.2286840828893069
687,13,41,-0.6,-0.8,-0.146435080328067,0.34300767439586144,1.2297104049673007
688,13,42,-0.6,-0.8,-0.14103895907693695,0.3076264837442592,1.1989502344037692
689,13,43,-0.6,-0.8,-0.1446094159242065,0.30810017142108365,1.198026115728838
690,13,44,-0.6,-0.8,-0.13478076217269758,0.315379353636383,1.2085114983991387
691,13,45,-0.6,-0.8,-0.21284640262908838,0.27958657899669337,1.1469067483919613
692,13,46,-0.6,-0.8,-0.27053294779132775,0.25732084355175566,1.1074637261328557
693,13,47,-0.6,-0.8,-0.23938096851994273,0.281719256132782,1.1402467430140169
694,13,48,-0.6,-0.8,-0.19556615058206295,0.30031058001812133,1.1722841426270447
695,13,49,-0.6,-0.8,-0.19127485665217975,0.3188349442264148,1.191154009868926
696,14,0,-0.4,-0.8,-0.01919977366924286,0.16422921419143677,1.0366999517091682
697,14,1,-0.4,-0.8,-0.040915362536907196,0.14354931563138962,1.0095677728069892
698,14,2,-0.4,-0.8,-0.029479949921369552,0.15475642308592796,1.0241313074670193
699,14,3,-0.4,-0.8,-0.02509578004479408,0.15407741852104664,1.0250936028831736
700,14,4,-0.4,-0.8,-0.016841806888580318,0.1663622821494937,1.0395509902402986
701,14,5,-0.4,-0.8,-0.013202188828587529,0.17491153832152484,1.048839861122487
702,14,6,-0.4,-0.8,-0.016149343568384645,0.16939312288276848,1.0426237831238019
703,14,7,-0.4,-0.8,-0.017322011602729556,0.1658033256568387,1.038854420336936
704,14,8,-0.4,-0.8,-0.01856420173641741,0.16085351530576866,1.0337953114966374
705,14,9,-0.4,-0.8,-0.018045623491979537,0.1758009355933029,1.04789150757051
706,14,10,-0.4,-0.8,-0.01662008844171348,0.17605337134692978,1.048646909261715
707,14,11,-0.4,-0.8,-0.01407192391800948,0.17566544008439516,1.0492204396042917
708,14,12,-0.4,-0.8,-0.014372450558877464,0.17314563825259618,1.0467669464298242
709,14,13,-0.4,-0.8,-0.014414262487466665,0.16792153064579773,1.0418965641851345
710,14,14,-0.4,-0.8,-0.04006967316049623,0.1419392371765743,1.008364699258943
711,14,15,-0.4,-0.8,-0.03196322169388136,0.1494036640936513,1.0182427940233105
712,14,16,-0.4,-0.8,-0.041392652665966354,0.13574912059804453,1.0021105958236176
713,14,17,-0.4,-0.8,-0.030976711270983538,0.1488238109742647,1.018059336137195
714,14,18,-0.4,-0.8,-0.02492275696540163,0.15442698632841625,1.0254822331344304
715,14,19,-0.4,-0.8,-0.02196102753858765,0.1584654426039827,1.030324933875585
716,14,20,-0.4,-0.8,-0.018572634864913423,0.15988955327104534,1.0328963110364862
717,14,21,-0.4,-0.8,-0.04199514834716608,0.13291555270315908,0.9992491692678102
718,14,22,-0.4,-0.8,-0.03170746884290658,0.14434598870409718,1.0136215935385442
719,14,23,-0.4,-0.8,-0.05911048203787205,0.11669958386454218,0.9780305672696926
720,14,24,-0.4,-0.8,-0.06473899349626598,0.11265345143818123,0.9722840453817606
721,14,25,-0.4,-0.8,-0.04637848573962537,0.13404365191142045,0.9987420683158506
722,14,26,-0.4,-0.8,-0.033782321504034415,0.14906799561278222,1.0172735366357657
723,14,27,-0.4,-0.8,-0.05427547028054244,0.12725454928027927,0.9896092408676841
724,14,28,-0.4,-0.8,-0.06610438685886674,0.11255565835121409,0.9717222391525837
725,14,29,-0.4,-0.8,-0.07335206739992726,0.10656151858129297,0.9636143724770411
726,14,30,-0.4,-0.8,-0.054583934928214346,0.12557015300801133,0.9879232592407923
727,14,31,-0.4,-0.8,-0.032961964696313,0.14596572256791107,1.0146763363915712
728,14,32,-0.4,-0.8,-0.02592080167210652,0.15708253200546163,1.0275904922154666
729,14,33,-0.4,-0.8,-0.02274836395575193,0.1618415205775368,1.0331785458501206
730,14,34,-0.4,-0.8,-0.01722923225239427,0.16813772195270335,1.041059128632885
731,14,35,-0.4,-0.8,-0.011026186016727066,0.17178994955205393,1.0467455918297806
732,14,36,-0.4,-0.8,-0.02754191566235821,0.15527903143672575,1.0253209509666497
733,14,37,-0.4,-0.8,-0.024574983801532786,0.1585374352621625,1.0294357471870617
734,14,38,-0.4,-0.8,-0.015321835458539226,0.17790782045337689,1.0508477509034604
735,14,39,-0.4,-0.8,-0.011528257733765849,0.17829066677599342,1.0525981774829278
736,14,40,-0.4,-0.8,-0.034418270681628116,0.16053761655684742,1.0277560574533826
737,14,41,-0.4,-0.8,-0.02392709601524469,0.16701190998372933,1.0375658355795583
738,14,42,-0.4,-0.8,-0.03128162939371762,0.15879814308039597,1.0272522163504771
739,14,43,-0.4,-0.8,-0.06032202882881431,0.12924187170273638,0.9893793914492952
740,14,44,-0.4,-0.8,-0.06842023551782794,0.12025328552489084,0.9781672912817158
741,14,45,-0.4,-0.8,-0.062770260440554,0.17737342370584827,1.0339161990267023
742,14,46,-0.4,-0.8,-0.05190658472187523,0.17819714811568116,1.038286418259259
743,14,47,-0.4,-0.8,-0.041636234586885,0.1724253240921821,1.0363568879960472
744,14,48,-0.4,-0.8,-0.03228970219275881,0.17198845650644182,1.0392172163196995
745,14,49,-0.4,-0.8,-0.0247894132604904,0.17448943340901288,1.0442282510194913
746,15,0,-0.2,-0.8,0.13561850786209106,-0.5654078125953674,0.40947927567932757
747,15,1,-0.2,-0.8,0.1195328377187252,-0.5680765032768249,0.39482875112241483
748,15,2,-0.2,-0.8,0.12242015995085238,-0.5638255739212036,0.3996662596171737
749,15,3,-0.2,-0.8,0.11785828851908445,-0.5611981813907623,0.397567856033861
750,15,4,-0.2,-0.8,0.11867936922386288,-0.5654448852300643,0.395692610789811
751,15,5,-0.2,-0.8,0.11688259250216185,-0.5664779295277594,0.39363324914002534
752,15,6,-0.2,-0.8,0.11481153596843033,-0.5728232746150492,0.38822102948633747
753,15,7,-0.2,-0.8,0.11484253670357986,-0.5709172109145402,0.38936454277851024
754,15,8,-0.2,-0.8,0.10866878589896685,-0.5724352989161943,0.3834867827809768
755,15,9,-0.2,-0.8,0.10838149326677946,-0.572568664500659,0.3831764055320507
756,15,10,-0.2,-0.8,0.10506283006414849,-0.5696735746509648,0.3822480771708502
757,15,11,-0.2,-0.8,0.10467862743081206,-0.5669840233318777,0.3835694349081044
758,15,12,-0.2,-0.8,0.11278159976560959,-0.5697146832699517,0.38841170972743944
759,15,13,-0.2,-0.8,0.11097421315701167,-0.573537737710124,0.3846948368383324
760,15,14,-0.2,-0.8,0.11130966864202371,-0.5741800461292187,0.38458856113541445
761,15,15,-0.2,-0.8,0.10889661074203019,-0.5706791972970906,0.38471437025437466
762,15,16,-0.2,-0.8,0.11242196616893246,-0.5736437864203413,0.3858038625661771
763,15,17,-0.2,-0.8,0.11918288330391708,-0.5792534350325079,0.38808086649453505
764,15,18,-0.2,-0.8,0.07186326063780947,-0.5538877397058992,0.3667163442658273
765,15,19,-0.2,-0.8,0.024534954865537823,-0.5385997876023265,0.3445954396071108
766,15,20,-0.2,-0.8,0.05545834399047883,-0.5567242611593513,0.35276344853573105
767,15,21,-0.2,-0.8,0.079338147121155,-0.5677556292615886,0.3632729664821768
768,15,22,-0.2,-0.8,0.09212626960301262,-0.5723894524059483,0.3703300133235708
769,15,23,-0.2,-0.8,0.08397938696043396,-0.557725825035299,0.37328416531276876
770,15,24,-0.2,-0.8,0.04759996914612941,-0.5385895576940055,0.36005716777725716
771,15,25,-0.2,-0.8,0.05005649997416521,-0.5319835031833502,0.3665529917286162
772,15,26,-0.2,-0.8,0.07300762227710454,-0.5502604662740604,0.3700040493387173
773,15,27,-0.2,-0.8,0.08292732933238603,-0.5625867062365079,0.3693412321130511
774,15,28,-0.2,-0.8,0.09247241103999634,-0.5565219153452461,0.3805544493586905
775,15,29,-0.2,-0.8,0.10271395026690736,-0.5604977111659428,0.38600140160749136
776,15,30,-0.2,-0.8,0.07172121276788793,-0.5618931363472726,0.36128561552681615
777,15,31,-0.2,-0.8,0.03162000707520064,-0.5426109857673018,0.3462613641820238
778,15,32,-0.2,-0.8,0.059596845181913286,-0.5466898798068561,0.36270723596403104
779,15,33,-0.2,-0.8,0.07994455404131787,-0.5597352647169569,0.3689120442029823
780,15,34,-0.2,-0.8,0.0874183653785231,-0.5631181840468344,0.3724544421618993
781,15,35,-0.2,-0.8,0.09421586223397746,-0.5722510269342093,0.3720652742767122
782,15,36,-0.2,-0.8,0.048422356914161295,-0.5500225668888051,0.35242358672434065
783,15,37,-0.2,-0.8,0.06872214682844782,-0.5572569421945543,0.36212675171661624
784,15,38,-0.2,-0.8,0.0797983749763494,-0.5553803956918887,0.3716529045376382
785,15,39,-0.2,-0.8,0.0870636307536987,-0.5593258024741292,0.3746059228792542
786,15,40,-0.2,-0.8,0.09593704937275244,-0.5625666655145443,0.3794118152039196
787,15,41,-0.2,-0.8,0.07362152679625346,-0.5448713554868747,0.3741114341709132
788,15,42,-0.2,-0.8,0.08483670309885577,-0.5464811382443462,0.38131845050837504
789,15,43,-0.2,-0.8,0.09418730272842411,-0.5570697466955112,0.38152493635044166
790,15,44,-0.2,-0.8,0.10269841957882121,-0.5590121225811907,0.3869127683061638
791,15,45,-0.2,-0.8,0.10631163330034962,-0.5690387182840215,0.3836273326380896
792,15,46,-0.2,-0.8,0.10759467048257176,-0.5720890785640433,0.3828287729769913
793,15,47,-0.2,-0.8,0.10241226443615266,-0.5734985071192352,0.3778307874679043
794,15,48,-0.2,-0.8,0.1064706825939486,-0.5764718729693807,0.3793271712696277
795,15,49,-0.2,-0.8,0.10900918306006677,-0.5768292302794638,0.38117170366267544
796,16,0,0.0,-0.8,0.07542317360639572,-0.526116132736206,0.28407926334780587
797,16,1,0.0,-0.8,0.0793411612510681,-0.5281564176082612,0.2831853688950792
798,16,2,0.0,-0.8,0.08233828976750372,-0.5286684280633926,0.28354967094219624
799,16,3,0.0,-0.8,0.0809496002346277,-0.5283835343718528,0.28342255058211674
800,16,4,0.0,-0.8,0.02705621718019245,-0.5102042246401309,0.29105606041539395
801,16,5,0.0,-0.8,0.048881667097955925,-0.521887471475005,0.28237562908445474
802,16,6,0.0,-0.8,0.06008852354525028,-0.524560760595858,0.281917373117338
803,16,7,0.0,-0.8,0.06832617727207092,-0.527182545062822,0.2812433647555327
804,16,8,0.0,-0.8,0.07194185922643406,-0.5313116551020198,0.27815293957276815
805,16,9,0.0,-0.8,0.01816158611645901,-0.5134118277236737,0.2871630611672589
806,16,10,0.0,-0.8,0.04342924712448738,-0.5249888653440715,0.2784191510843696
807,16,11,0.0,-0.8,0.002374336976255928,-0.5075586446541954,0.2924509938307066
808,16,12,0.0,-0.8,0.03037146911115663,-0.5182527905596183,0.28337945614213517
809,16,13,0.0,-0.8,0.001846597389021036,-0.5027062151953597,0.29729951968576224
810,16,14,0.0,-0.8,0.02573364208832081,-0.5113820570595575,0.2897628984571736
811,16,15,0.0,-0.8,0.042778700455886984,-0.5170355415862062,0.2861798419492647
812,16,16,0.0,-0.8,0.05401658629914523,-0.5207716806297382,0.28440507367793905
813,16,17,0.0,-0.8,0.062384143033407925,-0.5252765405670221,0.2817175189171518
814,16,18,0.0,-0.8,0.06670700802519715,-0.528921645079731,0.2791653621528879
815,16,19,0.0,-0.8,0.07336982966343916,-0.5304114568593853,0.27939419195380777
816,16,20,0.0,-0.8,0.07823209158198285,-0.5294803265585429,0.28160460555922084
817,16,21,0.0,-0.8,0.0754322395635781,-0.5307555237112194,0.2796115354873558
818,16,22,0.0,-0.8,0.01945773861201565,-0.513718506404601,0.28694197526173476
819,16,23,0.0,-0.8,0.035783056378109974,-0.5174304092885949,0.2848262640954483
820,16,24,0.0,-0.8,0.0489098464666015,-0.5213887822104819,0.2828716736605927
821,16,25,0.0,-0.8,0.06618320218252582,-0.5292138012281387,0.2787568504924087
822,16,26,0.0,-0.8,0.05637736782500356,-0.5237702177387407,0.28192428098866995
823,16,27,0.0,-0.8,0.0660006571863934,-0.5272349687909434,0.28063650689016467
824,16,28,0.0,-0.8,0.07217008827511381,-0.5314176421112562,0.27810969887926423
825,16,29,0.0,-0.8,0.07620445187756159,-0.5318127928696792,0.2788036882007145
826,16,30,0.0,-0.8,0.08109397274363156,-0.5337296228573625,0.27834537208121013
827,16,31,0.0,-0.8,0.07795704933480105,-0.5304437171097729,0.2806027284018899
828,16,32,0.0,-0.8,0.08122250236802277,-0.531649820354908,0.28037281217421317
829,16,33,0.0,-0.8,0.08070209407223347,-0.534631276769569,0.2773686847079041
830,16,34,0.0,-0.8,0.08108974768111266,-0.528500884026479,0.2833501670255198
831,16,35,0.0,-0.8,0.08476770735156942,-0.5300422156603474,0.28295365262745015
832,16,36,0.0,-0.8,0.08980318354031132,-0.5249559830949642,0.2893334114982791
833,16,37,0.0,-0.8,0.08509610729935248,-0.5268402542599198,0.28610766185177255
834,16,38,0.0,-0.8,0.08441119364167983,-0.5267749917655894,0.28596705183763205
835,16,39,0.0,-0.8,0.08383662059789909,-0.5285104378565944,0.2841393343169759
836,16,40,0.0,-0.8,0.08393210782031425,-0.5312075282288946,0.281591888384558
837,16,41,0.0,-0.8,0.0795527627507264,-0.5274351542798033,0.28393703031437806
838,16,42,0.0,-0.8,0.08084642775928877,-0.5294151339853947,0.28240452297649166
839,16,43,0.0,-0.8,0.0806599005724304,-0.5287747287499509,0.28296495776865566
840,16,44,0.0,-0.8,0.07863747564611029,-0.5303597204509697,0.2808731616428879
841,16,45,0.0,-0.8,0.08097511397163107,-0.5302664405938312,0.2816259259241589
842,16,46,0.0,-0.8,0.08189981263331596,-0.5256389574990101,0.28632422348030956
843,16,47,0.0,-0.8,0.02739423470712122,-0.5080796915044188,0.29320284890727816
844,16,48,0.0,-0.8,0.044985688178852117,-0.5157980210011064,0.2877402943763916
845,17,0,0.2,-0.8,0.043864861130714417,-0.4564736485481262,0.3773440548512291
846,17,1,0.2,-0.8,0.042751216888427736,-0.45645535588264463,0.37782284511631997
847,17,2,0.2,-0.8,0.03992056056857109,-0.46302755296230313,0.37306280569262595
848,17,3,0.2,-0.8,0.03585718838870525,-0.4592913650870323,0.37818677463380307
849,17,4,0.2,-0.8,0.037440140177309504,-0.46312924965023994,0.3740422575950252
850,17,5,0.2,-0.8,0.036917664747089136,-0.463031376606822,0.37435771826294206
851,17,6,0.2,-0.8,0.003554200826540583,-0.4466640826509594,0.40427369751418063
852,17,7,0.2,-0.8,0.02072053798925727,-0.4568016204746901,0.38720311621636005
853,17,8,0.2,-0.8,0.025808530839525605,-0.4576959323345261,0.38407648023357777
854,17,9,0.2,-0.8,0.029632166479597547,-0.45731708785107195,0.38269671670567745
855,17,10,0.2,-0.8,0.03798036979456647,-0.4610876020406417,0.37564873760265444
856,17,11,0.2,-0.8,0.044665261802811745,-0.45613247490230324,0.3773244700620464
857,17,12,0.2,-0.8,0.04202903711638602,-0.4573767596027472,0.3772870392349701
858,17,13,0.2,-0.8,0.034011972771974666,-0.4557503719606849,0.38217774868280663
859,17,14,0.2,-0.8,0.03968957734984615,-0.4596260668471651,0.37623642298453974
860,17,15,0.2,-0.8,0.03117821982520541,-0.45549570989058785,0.38364566902960956
861,17,16,0.2,-0.8,0.03580751180363103,-0.4561454229554778,0.3810448048912123
862,17,17,0.2,-0.8,0.039662818727877566,-0.459989336242365,0.3759192242586125
863,17,18,0.2,-0.8,0.035175021670848905,-0.4578001717498511,0.3798262707286537
864,17,19,0.2,-0.8,0.032113574025843084,-0.4554626647471812,0.3832646962733319
865,17,20,0.2,-0.8,0.04108097896423884,-0.4595457020091611,0.37571849071798374
866,17,21,0.2,-0.8,0.038310564029344546,-0.4604798616847712,0.3760550465372069
867,17,22,0.2,-0.8,0.035621278760522644,-0.4594538523074907,0.37814288662426826
868,17,23,0.2,-0.8,0.03637151027161184,-0.4613477239332443,0.3761112159135744
869,17,24,0.2,-0.8,0.03771234550184818,-0.46123383884879865,0.3756325262056432
870,17,25,0.2,-0.8,0.03831630894218652,-0.4632581155665422,0.37354613193804426
871,17,26,0.2,-0.8,0.04262352773619034,-0.4629283385294073,0.3720008857365094
872,17,27,0.2,-0.8,0.04034379077306029,-0.46585747656943155,0.37032597952245316
873,17,28,0.2,-0.8,0.0436493631864135,-0.4656567398747328,0.3690947537194293
874,17,29,0.2,-0.8,0.04467505476526232,-0.4609519806333746,0.372933503521212
875,17,30,0.2,-0.8,0.049707045735481056,-0.4638139791071272,0.36825129021544506
876,17,31,0.2,-0.8,0.05892282590974755,-0.4696744124835629,0.3591904269567478
877,17,32,0.2,-0.8,0.057986491729781736,-0.4686022518597175,0.36054445496175014
878,17,33,0.2,-0.8,0.05480660738247235,-0.46393232573722704,0.3660909763217018
879,17,34,0.2,-0.8,0.04965295438158829,-0.4549380592580481,0.3763933807531519
880,17,35,0.2,-0.8,0.04872821202806456,-0.45475245778293316,0.37693370669542353
881,17,36,0.2,-0.8,0.05066107463491237,-0.4585867880301836,0.3726460732877056
882,17,37,0.2,-0.8,0.04786458264943553,-0.46167935539901395,0.37095288619399797
883,17,38,0.2,-0.8,0.0069153701842786346,-0.44590225742989875,0.4033198303633432
884,17,39,0.2,-0.8,0.02522956425017844,-0.44770623990609115,0.39326276026759405
885,17,40,0.2,-0.8,0.026889717984663556,-0.44576115036109787,0.3942744378385721
886,17,41,0.2,-0.8,-0.007419326915416146,-0.4347809626347799,0.42000919327084063
887,17,42,0.2,-0.8,-0.026134605268489437,-0.42752581751156693,0.43574519655454846
888,17,43,0.2,-0.8,-0.01201768695503054,-0.43435728789435013,0.42266546168067304
889,17,44,0.2,-0.8,-0.013430682176676437,-0.4336674408986799,0.42397193297684654
890,17,45,0.2,-0.8,-0.028264470048774214,-0.4266829895786685,0.4375731465213197
891,17,46,0.2,-0.8,-0.03225468633435195,-0.4211636260617345,0.4443638571519533
892,17,47,0.2,-0.8,-0.0014259755760770779,-0.43342055905143406,0.41827372635982957
893,17,48,0.2,-0.8,0.018427034158980924,-0.44529425422147895,0.3984782403251158
894,17,49,0.2,-0.8,0.011698856659365946,-0.433901278414897,0.41168628168744803
895,18,0,0.4,-0.8,-0.10305967181921005,-0.07071181386709213,0.8859629178717799
896,18,1,0.4,-0.8,-0.08558312989771366,-0.06060518771409988,0.8845878500615761
897,18,2,0.4,-0.8,-0.0683667292818427,-0.056340746730566015,0.8788608980216512
898,18,3,0.4,-0.8,-0.07616774851456283,-0.03956139645259826,0.8972193680982096
899,18,4,0.4,-0.8,-0.062191254323348384,-0.03638186621563508,0.8925992436795509
900,18,5,0.4,-0.8,-0.06767592057380824,-0.035993189712641746,0.8957829942849007
901,18,6,0.4,-0.8,-0.0717003688946925,-0.03435184510568249,0.8992876820620095
902,18,7,0.4,-0.8,-0.06925180797923541,-0.03770531804773834,0.8951482790155388
903,18,8,0.4,-0.8,-0.06212448946241791,-0.029560621904726213,0.8984074126367907
904,18,9,0.4,-0.8,-0.06955342203500844,-0.029017682427343497,0.9027148775524261
905,18,10,0.4,-0.8,-0.060632226587197025,-0.028265052549961943,0.8987529567608621
906,18,11,0.4,-0.8,-0.1261469705945279,-0.05489839534863493,0.9121441968898548
907,18,12,0.4,-0.8,-0.10660442077440202,-0.04282683311907711,0.911020989765139
908,18,13,0.4,-0.8,-0.09751430009132152,-0.04330507492329462,0.9055979728511976
909,18,14,0.4,-0.8,-0.09300002652434375,-0.044322399325311665,0.9022736072358857
910,18,15,0.4,-0.8,-0.09115667778868979,-0.047329457967478374,0.8987479218223277
911,18,16,0.4,-0.8,-0.0800630664779112,-0.04372008458604299,0.8957789114813529
912,18,17,0.4,-0.8,-0.07636985492382006,-0.033949651157666426,0.9020872328337224
913,18,18,0.4,-0.8,-0.07919672795307128,-0.032211629907356126,0.9050571724098144
914,18,19,0.4,-0.8,-0.07633678930719734,-0.03433641714557657,0.9017413481464416
915,18,20,0.4,-0.8,-0.1461101867000662,-0.06977246647967154,0.9118489933803533
916,18,21,0.4,-0.8,-0.12836506223363497,-0.05931405983493008,0.9098270720017989
917,18,22,0.4,-0.8,-0.11906923432129593,-0.05678535844870105,0.9065323344675149
918,18,23,0.4,-0.8,-0.11347062568152526,-0.05095221479427205,0.9081435282813964
919,18,24,0.4,-0.8,-0.10028876737951442,-0.045406650411923426,0.9053728370172518
920,18,25,0.4,-0.8,-0.09755375125348015,-0.048715520784743414,0.9011038253698346
921,18,26,0.4,-0.8,-0.10047336515622943,-0.04538532132391279,0.9054926297348945
922,18,27,0.4,-0.8,-0.08988867593592728,-0.03809004648664496,0.9058132766044992
923,18,28,0.4,-0.8,-0.08011692278037894,-0.03590410090384117,0.9024160916980968
924,18,29,0.4,-0.8,-0.07928279522771933,-0.03524283278314334,0.9025328374141559
925,18,30,0.4,-0.8,-0.07487365567287513,-0.026061110374377597,0.9080123312637675
926,18,31,0.4,-0.8,-0.11893749509772157,-0.0362168242523397,0.9233963739226395
927,18,32,0.4,-0.8,-0.169682850362503,-0.06537356307034964,0.9296314064364971
928,18,33,0.4,-0.8,-0.1423942846011623,-0.05668109114912839,0.9201709407622353
929,18,34,0.4,-0.8,-0.12257298716565498,-0.056768269033862985,0.9085570608553742
930,18,35,0.4,-0.8,-0.10076435950460404,-0.058946834985557875,0.8943851167858164
931,18,36,0.4,-0.8,-0.09613679034455277,-0.04795685622980254,0.9009553844809169
932,18,37,0.4,-0.8,-0.08619033771813471,-0.038264175874223705,0.9036716827736994
933,18,38,0.4,-0.8,-0.0852329292361179,-0.0341691574062519,0.9066134099399333
934,18,39,0.4,-0.8,-0.0785300305411187,-0.037286884131424516,0.9004011812784538
935,18,40,0.4,-0.8,-0.08179959129765402,-0.033159814109082045,0.9056349799294439
936,18,41,0.4,-0.8,-0.07569199954502125,-0.030924033279987686,0.9043012335596264
937,18,42,0.4,-0.8,-0.07616756368202604,-0.03476748906974073,0.901285939359705
938,18,43,0.4,-0.8,-0.07213290811544504,-0.029266359089641304,0.9038472371792068
939,18,44,0.4,-0.8,-0.07501616648511183,-0.02188901477821665,0.9116452510406808
940,18,45,0.4,-0.8,-0.1275808393972443,-0.046504116670664127,0.9198356311283865
941,18,46,0.4,-0.8,-0.11056788176418626,-0.04540912522024232,0.9110910767810472
942,18,47,0.4,-0.8,-0.10632187140072284,-0.03830459924243313,0.9146265472825291
943,18,48,0.4,-0.8,-0.09482153140961556,-0.041232204046762935,0.9058570064432302
944,18,49,0.4,-0.8,-0.08867407037239869,-0.042588227788450186,0.9013739178270962
945,19,0,0.6,-0.8,0.013088367879390717,0.2729957401752472,1.2230229443279892
946,19,1,0.6,-0.8,0.012532337009906767,0.26951339244842526,1.2202365146501644
947,19,2,0.6,-0.8,-0.04548247113823891,0.26994753658771514,1.249574068071536
948,19,3,0.6,-0.8,-0.032931454166769986,0.27277651375532147,1.245572829720801
949,19,4,0.6,-0.8,-0.06410077266842126,0.2729719575464725,1.2618631692619862
950,19,5,0.6,-0.8,-0.05686539522871374,0.2770401892417669,1.2615418014045017
951,19,6,0.6,-0.8,-0.010933940146818748,0.29504688482958075,1.2539409711777845
952,19,7,0.6,-0.8,-0.011460003802298002,0.29833903144831053,1.2570727760367415
953,19,8,0.6,-0.8,-0.02149125167169466,0.29159658612533623,1.2561188171287534
954,19,9,0.6,-0.8,-0.0020616917302887245,0.2865882418871616,1.2422368083648827
955,19,10,0.6,-0.8,-0.047764004065938434,0.2815161428475863,1.2606646549354263
956,19,11,0.6,-0.8,-0.01671751718326742,0.2924628254907469,1.2545180433456984
957,19,12,0.6,-0.8,-0.03620683194620444,0.2905841080343721,1.2625897313506684
958,19,13,0.6,-0.8,-0.0519000754157317,0.30617083863389477,1.2839733768934039
959,19,14,0.6,-0.8,-0.038175612641347306,0.31022444694420087,1.2805726981170245
960,19,15,0.6,-0.8,-0.006893918630561234,0.3131621532681214,1.2678525970866168
961,19,16,0.6,-0.8,-0.06156909962689548,0.2968610621621051,1.2809285160650155
962,19,17,0.6,-0.8,-0.06649005313850412,0.3097666778158036,1.2945234915299495
963,19,18,0.6,-0.8,-0.06489267726834494,0.31521305586830983,1.298376845243399
964,19,19,0.6,-0.8,-0.086540795823605,0.30415577393924537,1.3001916156680458
965,19,20,0.6,-0.8,-0.07586633821077127,0.305150540585406,1.2954354574746871
966,19,21,0.6,-0.8,-0.05091521056317175,0.2598952098097018,1.2438120706602143
967,19,22,0.6,-0.8,-0.09253524480537592,0.2613290369892049,1.2672901759479063
968,19,23,0.6,-0.8,-0.10975997911684923,0.2613344782857845,1.2767889812941324
969,19,24,0.6,-0.8,-0.09012609955425312,0.2791800375767673,1.2809775902763325
970,19,25,0.6,-0.8,-0.052915991998997075,0.2828824731897997,1.2644895188769623
971,19,26,0.6,-0.8,-0.09428041990608048,0.2637664078905365,1.2702851144610405
972,19,27,0.6,-0.8,-0.06917657686975648,0.2918789535228339,1.280623652825936
973,19,28,0.6,-0.8,-0.06815717432493901,0.2858385428413499,1.2749428813565389
974,19,29,0.6,-0.8,-0.09047294973846728,0.29755272460354604,1.2966784017655293
975,19,30,0.6,-0.8,-0.11788550638816275,0.2910915900733199,1.3060782741516355
976,19,31,0.6,-0.8,-0.11395799951317967,0.2794455193108607,1.2941942103985613
977,19,32,0.6,-0.8,-0.12545031344487412,0.29259886958583214,1.3115069374949964
978,19,33,0.6,-0.8,-0.13550641114429532,0.2955438468145213,1.3195400718157522
979,19,34,0.6,-0.8,-0.09252368392985194,0.29620464556423987,1.2966316661875856
980,19,35,0.6,-0.8,-0.1194469947388648,0.3022610857000521,1.316276368885897
981,19,36,0.6,-0.8,-0.15244026612635603,0.28093955762559175,1.317040880659409
982,19,37,0.6,-0.8,-0.1524113023477525,0.2807580589568794,1.3168753737164662
983,19,38,0.6,-0.8,-0.11355015900615963,0.28965058143152056,1.3024946138206355
984,19,39,0.6,-0.8,-0.10749336368659018,0.292614728715512,1.3016734633027738
985,19,40,0.6,-0.8,-0.0818735825595579,0.2772188130562951,1.2748929185602293
986,19,41,0.6,-0.8,-0.06909206259291618,0.27409175241806255,1.2654474626934726
987,19,42,0.6,-0.8,-0.04068736929326131,0.29288376414152684,1.266836701037696
988,19,43,0.6,-0.8,-0.031166320185266053,0.3189820660189876,1.2847146717494635
989,19,44,0.6,-0.8,-0.014499085245809434,0.3202194759374124,1.277693546996864
990,19,45,0.6,-0.8,-0.08271116909265223,0.3092483503011548,1.302507751627486
991,19,46,0.6,-0.8,-0.052737006821391895,0.31508678850247246,1.2920851929988624
992,19,47,0.6,-0.8,-0.04761823725671623,0.3300330475936298,1.3024530969985995
993,19,48,0.6,-0.8,-0.07676834263781446,0.3262941067595258,1.3139839437824086
994,19,49,0.6,-0.8,-0.07401870393619753,0.34283080673468924,1.3267868955027
995,20,0,0.8,-0.8,-0.13942715525627136,0.15926918387413025,1.3426543662325872
996,20,1,0.8,-0.8,-0.1332697533071041,0.1422783374786377,1.32622807153197
997,20,2,0.8,-0.8,-0.12450902722775936,0.07423751831054687,1.2724025227291094
998,20,3,0.8,-0.8,-0.18290967885404824,0.10958321487903594,1.339198663968364
999,20,4,0.8,-0.8,-0.1630905625782907,0.10343169115185737,1.3205045445983417
1000,20,5,0.8,-0.8,-0.15027497960068284,0.08425733419299124,1.298049910415302
1001,20,6,0.8,-0.8,-0.20911867943461981,0.07348435129153727,1.3346517977116987
1002,20,7,0.8,-0.8,-0.1753640310857631,0.012377186654007423,1.2693666477939893
1003,20,8,0.8,-0.8,-0.15489518700299224,-0.0053287855519878954,1.242307191170428
1004,20,9,0.8,-0.8,-0.14459897990803214,-0.01240759449341095,1.2298654520129226
1005,20,10,0.8,-0.8,-0.19428189834998255,-0.03805298581716157,1.2526610658149266
1006,20,11,0.8,-0.8,-0.17164942988487425,-0.023946271445579488,1.2435280472103634
1007,20,12,0.8,-0.8,-0.14481590348594028,0.1257246531304131,1.3227408003435055
1008,20,13,0.8,-0.8,-0.1798074445195878,0.0471232303062565,1.295237582708482
1009,20,14,0.8,-0.8,-0.18709289041633598,0.06388705026662755,1.3117367151714752
1010,20,15,0.8,-0.8,-0.17229306305679315,0.11993640597750233,1.3385203739619227
1011,20,16,0.8,-0.8,-0.1454975838329677,0.11551609665416321,1.3161061523550657
1012,20,17,0.8,-0.8,-0.1428635581738153,0.14237303754869945,1.3330636261000262
1013,20,18,0.8,-0.8,-0.13192573736950547,0.08130096524783664,1.2826445225854533
1014,20,19,0.8,-0.8,-0.12301454778106363,0.10783702722072686,1.294652047234487
1015,20,20,0.8,-0.8,-0.15722900018010483,0.08687736020600854,1.3049286612040452
1016,20,21,0.8,-0.8,-0.13712492455482245,0.050617796041381766,1.2656041083862597
1017,20,22,0.8,-0.8,-0.1358392840485556,0.023648574253388926,1.246672426677575
1018,20,23,0.8,-0.8,-0.12230723093972089,0.026698545625138362,1.2385802814442084
1019,20,24,0.8,-0.8,-0.10826251699246801,0.03743318613095051,1.2354088962796603
1020,20,25,0.8,-0.8,-0.07602456391456212,0.13514902618533448,1.2813753305558362
1021,20,26,0.8,-0.8,-0.08983115381421386,0.10103019040231159,1.2663549606310078
1022,20,27,0.8,-0.8,-0.0994795594959976,0.12143034212771034,1.287671290875394
1023,20,28,0.8,-0.8,-0.09032984391298543,0.10018288226016445,1.2661028601485498
1024,20,29,0.8,-0.8,-0.12376788328898604,0.06962570660945433,1.2686985346378417
1025,20,30,0.8,-0.8,-0.13147179533609607,0.04470296124786794,1.257442960236196
1026,20,31,0.8,-0.8,-0.12952018057006795,0.058639889400397355,1.265413065270206
1027,20,32,0.8,-0.8,-0.09984049876321095,0.04340866158041977,1.2333090016874522
1028,20,33,0.8,-0.8,-0.11803621824435508,0.052485623605485116,1.2528057457013957
1029,20,34,0.8,-0.8,-0.11219792309499263,0.03587993006850754,1.2372551508844696
1030,20,35,0.8,-0.8,-0.13173925896652078,0.07826023017030787,1.280421445696019
1031,20,36,0.8,-0.8,-0.12805994763093465,0.1076639816191125,1.2981329554114995
1032,20,37,0.8,-0.8,-0.11904340426009984,0.10388655066673255,1.2890506876729857
1033,20,38,0.8,-0.8,-0.11598051545935335,0.1319142651570738,1.3067075044953373
1034,20,39,0.8,-0.8,-0.10427908520442469,0.0975745858410031,1.2741117694636523
1035,20,40,0.8,-0.8,-0.08330198024093663,0.10154743086907479,1.2621450623459212
1036,20,41,0.8,-0.8,-0.07789535424178529,0.06420773877828567,1.2318909321703717
1037,20,42,0.8,-0.8,-0.08940774520979305,0.0957504613189943,1.2623054409263867
1038,20,43,0.8,-0.8,-0.11582412346722867,0.13455125809633067,1.3084799880525313
1039,20,44,0.8,-0.8,-0.12873905218805404,0.14373498941109908,1.3240815523591938
1040,20,45,0.8,-0.8,-0.1210541722378718,0.10247528403254778,1.289496966451034
1041,20,46,0.8,-0.8,-0.1152872575363627,0.17984354093150995,1.3408370999169272
1042,20,47,0.8,-0.8,-0.11340361864654,0.2115939499550431,1.3629484546901398
1043,20,48,0.8,-0.8,-0.10657910875381471,0.24352203797592303,1.3823255492720536
1044,20,49,0.8,-0.8,-0.10630747065276909,0.17246232448921112,1.3293141855528285
1045,21,0,1.0,-0.8,-0.1006583422422409,0.16995511949062347,1.4670588673170235
1046,21,1,1.0,-0.8,-0.1332231268286705,0.20142692178487775,1.5122997503322166
1047,21,2,1.0,-0.8,-0.1415842218697071,0.18699699088931082,1.5090982723621478
1048,21,3,1.0,-0.8,-0.15576995019614695,0.14441828118264674,1.4925582292186756
1049,21,4,1.0,-0.8,-0.13022099110633134,0.13605041807442902,1.4675114561442753
1050,21,5,1.0,-0.8,-0.18031113367483018,0.10329187739774584,1.486294246792844
1051,21,6,1.0,-0.8,-0.13335183029218015,0.12928142974992096,1.4656228528870217
1052,21,7,1.0,-0.8,-0.13117396667987552,0.15296395899011342,1.4790858156403215
1053,21,8,1.0,-0.8,-0.12798220102760505,0.16353231615630343,1.483488581052315
1054,21,9,1.0,-0.8,-0.13174301067333735,0.1830435272332558,1.4990719858109385
1055,21,10,1.0,-0.8,-0.09074913263856293,0.15894836668109597,1.4523483192100026
1056,21,11,1.0,-0.8,-0.12055433452504123,0.16192916223163395,1.4768038900864633
1057,21,12,1.0,-0.8,-0.11969321382308076,0.17252646219858023,1.4830780872084741
1058,21,13,1.0,-0.8,-0.11000194289867926,0.17916412534803094,1.4801576597131187
1059,21,14,1.0,-0.8,-0.13962874111542495,0.2314072049433287,1.5370603403852883
1060,21,15,1.0,-0.8,-0.14181804416484212,0.22477634328027635,1.5342473724035899
1061,21,16,1.0,-0.8,-0.100139985785232,0.18606608563854343,1.4773741278261407
1062,21,17,1.0,-0.8,-0.11073475302630882,0.19655909456745616,1.492267308676808
1063,21,18,1.0,-0.8,-0.08512007499696765,0.1803691712275652,1.462398471366422
1064,21,19,1.0,-0.8,-0.0880212660975592,0.16666648428428726,1.4554155308086691
1065,21,20,1.0,-0.8,-0.10958378498188015,0.18441731481305745,1.4833251921269541
1066,21,21,1.0,-0.8,-0.0962992046187515,0.16863098814076574,1.4629141933942207
1067,21,22,1.0,-0.8,-0.12460994658243024,0.2022766803879586,1.5064216129628658
1068,21,23,1.0,-0.8,-0.1280993040021256,0.23185118979467284,1.5288312259928374
1069,21,24,1.0,-0.8,-0.13405708580525683,0.2352816056447956,1.5355433816247517
1070,21,25,1.0,-0.8,-0.13516505833981807,0.2044991030162983,1.5157896152290367
1071,21,26,1.0,-0.8,-0.16921710762940706,0.16962320200666675,1.5189594460165612
1072,21,27,1.0,-0.8,-0.1500463903496067,0.17695439720596295,1.5089885997502521
1073,21,28,1.0,-0.8,-0.1317461373293976,0.2105658442289809,1.5172648565370004
1074,21,29,1.0,-0.8,-0.1336085890053914,0.2514379951713309,1.5461533852618574
1075,21,30,1.0,-0.8,-0.12416929364437304,0.2653296017001547,1.5487684659210683
1076,21,31,1.0,-0.8,-0.12502573532029101,0.21731432689680003,1.516776629844504
1077,21,32,1.0,-0.8,-0.11815548461193716,0.20509092995938996,1.5034890971518176
1078,21,33,1.0,-0.8,-0.13895191018840086,0.2008242536842042,1.5161994065703732
1079,21,34,1.0,-0.8,-0.11986020416560061,0.17525269195253151,1.4849931616120258
1080,21,35,1.0,-0.8,-0.12283880558987062,0.15281801147629964,1.4726266147031761
1081,21,36,1.0,-0.8,-0.10409684238995831,0.23304337865470948,1.5120213158410878
1082,21,37,1.0,-0.8,-0.09364590402162079,0.2046046522701916,1.4850225152320693
1083,21,38,1.0,-0.8,-0.15699359127880336,0.13501852673407352,1.4875798518386099
1084,21,39,1.0,-0.8,-0.15581853533089995,0.10974432511112261,1.4709015003345258
1085,21,40,1.0,-0.8,-0.14377251829714166,0.11221344161119876,1.4629931430693492
1086,21,41,1.0,-0.8,-0.13507105505672506,0.11709481797278695,1.4592632405361707
1087,21,42,1.0,-0.8,-0.16346883989716754,0.14721261337560954,1.5002904639933938
1088,21,43,1.0,-0.8,-0.22209858449440828,0.1415539424877741,1.5427406706370022
1089,21,44,1.0,-0.8,-0.22003978477417568,0.11973791483868802,1.5278792191870516
1090,21,45,1.0,-0.8,-0.1920519708648264,0.1253087849883313,1.509034210619262
1091,21,46,1.0,-0.8,-0.16136566423758442,0.13795558731035915,1.4928264768005446
1092,21,47,1.0,-0.8,-0.15176667110491993,0.16119130138748455,1.5001517198373888
1093,21,48,1.0,-0.8,-0.10325051283298374,0.16630440482433137,1.4665967055905815
1094,22,0,-1.0,-0.6,-0.3230380415916443,0.15991736948490143,1.0177189698423277
1095,22,1,-1.0,-0.6,-0.27629473358392714,0.12645463608205318,1.0254197437749417
1096,22,2,-1.0,-0.6,-0.22069151610136029,0.09610618773847818,1.044933269488628
1097,22,3,-1.0,-0.6,-0.20404081431031224,0.12397774991020559,1.075962270550801
1098,22,4,-1.0,-0.6,-0.179463673838973,0.13387645140923557,1.1008426356581795
1099,22,5,-1.0,-0.6,-0.13450024998068805,0.11582353933598843,1.1231621239834402
1100,22,6,-1.0,-0.6,-0.1437642915359735,0.08689782886964453,1.097710442582526
1101,22,7,-1.0,-0.6,-0.12012221145809884,0.08758428403222224,1.1166723200731223
1102,22,8,-1.0,-0.6,-0.11204401860363122,0.09014734125076296,1.1246195701360906
1103,22,9,-1.0,-0.6,-0.12694019026367648,0.08923224456267548,1.1123284219697567
1104,22,10,-1.0,-0.6,-0.11745919846262681,0.09330023222178116,1.122293846716182
1105,22,11,-1.0,-0.6,-0.12925262395477596,0.09804060260561034,1.1160025429073386
1106,22,12,-1.0,-0.6,-0.11920152282471867,0.08196960876459726,1.1139517515013082
1107,22,13,-1.0,-0.6,-0.1364836714965978,0.07792677624078982,1.0978365832564634
1108,22,14,-1.0,-0.6,-0.1325637207043186,0.07235022038357133,1.097497388374192
1109,22,15,-1.0,-0.6,-0.15633584995353328,0.07638070613240869,1.0813232900949663
1110,22,16,-1.0,-0.6,-0.13943310610948875,0.05486942232094178,1.0814015623954527
1111,22,17,-1.0,-0.6,-0.12527264130859783,0.06872022629091519,1.101060712719244
1112,22,18,-1.0,-0.6,-0.1519793041638975,0.04890632385975683,1.0678101505939765
1113,22,19,-1.0,-0.6,-0.1645365017319432,0.08271858223752772,1.0789364761053912
1114,22,20,-1.0,-0.6,-0.13866660598569092,0.0697581456595025,1.0910871593605456
1115,22,21,-1.0,-0.6,-0.20690828683532358,0.05687023121072382,1.0297926811457299
1116,22,22,-1.0,-0.6,-0.16251536581208265,0.0773921225723373,1.0771446514855496
1117,22,23,-1.0,-0.6,-0.1546694592764275,0.05582410665027528,1.069901388887611
1118,22,24,-1.0,-0.6,-0.11286878653280016,0.07793077776998839,1.116508812932351
1119,22,25,-1.0,-0.6,-0.1031636734558985,0.10110815281787905,1.1383619980291053
1120,22,26,-1.0,-0.6,-0.04414333406365829,0.10824231794062827,1.1896508507696084
1121,22,27,-1.0,-0.6,-0.09235838802947444,0.09106365212210518,1.14078142826082
1122,22,28,-1.0,-0.6,-0.02433490084216683,0.09133364218360138,1.195769455425881
1123,22,29,-1.0,-0.6,-0.04482976027949633,0.10020801246682967,1.1843316459381097
1124,22,30,-1.0,-0.6,-0.11856953203714676,0.0811674314177445,1.113960833906409
1125,22,31,-1.0,-0.6,-0.1468832227590258,0.07878197031274319,1.090207869551342
1126,22,32,-1.0,-0.6,-0.12772346070426727,0.06432093749879217,1.0964436460689688
1127,22,33,-1.0,-0.6,-0.12958852421951905,0.05789394986437649,1.0910731352381955
1128,22,34,-1.0,-0.6,-0.116331575862555,0.03409695916637602,1.0876345146424877
1129,22,35,-1.0,-0.6,-0.11407866377273382,0.07067317421521123,1.1111521590649105
1130,22,36,-1.0,-0.6,-0.09106406081763334,0.06758544453680279,1.1277565638446676
1131,22,37,-1.0,-0.6,-0.09873477773202656,0.08300591385453773,1.1308298188631267
1132,22,38,-1.0,-0.6,-0.1041574722472155,0.128935620320468,1.1549376490107524
1133,22,39,-1.0,-0.6,-0.05915149968468415,0.10705535942598202,1.1769125633786834
1134,22,40,-1.0,-0.6,-0.0821980590137073,0.0976031808455667,1.152827220707448
1135,22,41,-1.0,-0.6,-0.14310774288163186,0.12483844924766985,1.1223435827843355
1136,22,42,-1.0,-0.6,-0.12325749155988217,0.12252745343406415,1.1361000603255786
1137,22,43,-1.0,-0.6,-0.19279454598801277,0.11721671888442428,1.0798057542141726
1138,22,44,-1.0,-0.6,-0.1871513080098615,0.11669920522419724,1.083688491605902
1139,22,45,-1.0,-0.6,-0.13615784345059295,0.13015106416656252,1.1310808317425831
1140,22,46,-1.0,-0.6,-0.137555130408129,0.12257644974032614,1.1251346047494377
1141,22,47,-1.0,-0.6,-0.1618123378953781,0.10616626898435454,1.0960060932110256
1142,22,48,-1.0,-0.6,-0.14503917432040098,0.09810702345760057,1.1037714571629276
1143,22,49,-1.0,-0.6,-0.1549254828229257,0.09132175931725872,1.0918226570682508
1144,23,0,-0.8,-0.6,-0.25281354784965515,0.21648633480072021,0.9828850127727025
1145,23,1,-0.8,-0.6,-0.18815869726240636,0.2050846219062805,1.0111928738700715
1146,23,2,-0.8,-0.6,-0.16524234410375357,0.22931061983108517,1.044353094448193
1147,23,3,-0.8,-0.6,-0.11614033837988971,0.2567463940382003,1.0962109379533809
1148,23,4,-0.8,-0.6,-0.05813028322570024,0.21370770019292828,1.1011316442733106
1149,23,5,-0.8,-0.6,-0.07790254562932997,0.18052262353301046,1.0633157101517194
1150,23,6,-0.8,-0.6,-0.08398063760883732,0.17354376068890093,1.0540653096557986
1151,23,7,-0.8,-0.6,-0.12402624534886068,0.19275488322800394,1.0418257156832926
1152,23,8,-0.8,-0.6,-0.11982819292073141,0.2273198972749531,1.0710237623752876
1153,23,9,-0.8,-0.6,-0.11520881476190967,0.26315803601597487,1.101807951740567
1154,23,10,-0.8,-0.6,-0.1322089117321481,0.26744447938579635,1.0947167955169306
1155,23,11,-0.8,-0.6,-0.11153820475808549,0.27334011251116613,1.1120713086977545
1156,23,12,-0.8,-0.6,-0.08894067443520066,0.21697795622616384,1.083078180664788
1157,23,13,-0.8,-0.6,-0.09314503650841281,0.19871409250446717,1.0665777707124444
1158,23,14,-0.8,-0.6,-0.06262517662529167,0.21234535137021532,1.09709917511576
1159,23,15,-0.8,-0.6,-0.08280601684430054,0.21678430310331576,1.0869700121303747
1160,23,16,-0.8,-0.6,-0.06768977203890848,0.22852188080559127,1.1057697667010344
1161,23,17,-0.8,-0.6,-0.0833518735194963,0.24130739083893066,1.1051618266426984
1162,23,18,-0.8,-0.6,-0.08195084603004985,0.16890253507425262,1.0520483334716964
1163,23,19,-0.8,-0.6,-0.08809162194491756,0.19240189908276906,1.0652296974901692
1164,23,20,-0.8,-0.6,-0.11989302446914644,0.20955564998419718,1.057320125878185
1165,23,21,-0.8,-0.6,-0.10818356531193904,0.2252734859385306,1.076887322749058
1166,23,22,-0.8,-0.6,-0.09276984252166486,0.23996973948863648,1.0980544881304566
1167,23,23,-0.8,-0.6,-0.08605994018258864,0.23151066643030693,1.0959563848071063
1168,23,24,-0.8,-0.6,-0.0826662201448237,0.18724460273406776,1.0650454526710278
1169,23,25,-0.8,-0.6,-0.07527523171253686,0.1803122163672776,1.0649474845180538
1170,23,26,-0.8,-0.6,-0.10336447658085207,0.19763133382813847,1.0590169012786932
1171,23,27,-0.8,-0.6,-0.15479601950804756,0.1478032862813443,0.9876729880966868
1172,23,28,-0.8,-0.6,-0.13730272374503072,0.11945757003822118,0.9781548318344377
1173,23,29,-0.8,-0.6,-0.10383869588739254,0.12857123427131506,1.0076986676340274
1174,23,30,-0.8,-0.6,-0.08451334899918839,0.11973274771151057,1.0148578106753272
1175,23,31,-0.8,-0.6,-0.1312739758330546,0.13342780437711851,0.9925275006928377
1176,23,32,-0.8,-0.6,-0.0787220898813579,0.1250696862404623,1.0227257078659746
1177,23,33,-0.8,-0.6,-0.050813716151575386,0.1440991207227662,1.0559183630219744
1178,23,34,-0.8,-0.6,-0.05834653804578592,0.11864445740837737,1.0327147301130415
1179,23,35,-0.8,-0.6,-0.09943156124070035,0.15199897482396382,1.027763881211018
1180,23,36,-0.8,-0.6,-0.08331603757183077,0.1899581576991166,1.06661604756216
1181,23,37,-0.8,-0.6,-0.11618728405384446,0.19317674516893024,1.0472483848478524
1182,23,38,-0.8,-0.6,-0.15657676236136514,0.2190362623878282,1.0415439797913513
1183,23,39,-0.8,-0.6,-0.08675095298302798,0.20267979980345296,1.0737872527102985
1184,23,40,-0.8,-0.6,-0.07076270332822045,0.2305504498539866,1.1052606410298995
1185,23,41,-0.8,-0.6,-0.08246944760900922,0.23472836239744727,1.100736813505047
1186,23,42,-0.8,-0.6,-0.09237368793224823,0.19389463699387163,1.0634865735768546
1187,23,43,-0.8,-0.6,-0.12658895973021658,0.20483452345499054,1.0494003236621636
1188,23,44,-0.8,-0.6,-0.12577508237519275,0.20217943972247895,1.047888874384898
1189,23,45,-0.8,-0.6,-0.1213224795221377,0.21559982548285164,1.061040174606804
1190,23,46,-0.8,-0.6,-0.12198693297618249,0.20655205334315743,1.0536735423304067
1191,23,47,-0.8,-0.6,-0.09356918832530113,0.1776125842289431,1.0505835629946763
1192,23,48,-0.8,-0.6,-0.09691838702170721,0.18681222694808364,1.0551763999365986
1193,23,49,-0.8,-0.6,-0.10822438147093921,0.1834212561288067,1.0451327049450236
1194,24,0,-0.6,-0.6,-0.012951590120792389,0.5639880895614624,1.3036464659495108
1195,24,1,-0.6,-0.6,-0.02171059064567089,0.5409296482801438,1.2791165323362963
1196,24,2,-0.6,-0.6,-0.03466094139963388,0.5142564913630485,1.2494701996141564
1197,24,3,-0.6,-0.6,-0.08827088597044347,0.4716394135057926,1.1875511436247763
1198,24,4,-0.6,-0.6,-0.12756435896791515,0.43178026200234887,1.1347977546572043
1199,24,5,-0.6,-0.6,-0.08842151168074457,0.4570556881490349,1.1743420615643656
1200,24,6,-0.6,-0.6,-0.06507973099410905,0.4926605464740693,1.2165717257993243
1201,24,7,-0.6,-0.6,-0.09400379317266008,0.4372304995066791,1.1540707389196432
1202,24,8,-0.6,-0.6,-0.0741626061879951,0.47233964040327153,1.1943271198089822
1203,24,9,-0.6,-0.6,-0.062138882306054306,0.4875022364071374,1.2132418127139806
1204,24,10,-0.6,-0.6,-0.04739821346480106,0.5009310319709733,1.2318351641508558
1205,24,11,-0.6,-0.6,-0.07785603676552492,0.4728768311223952,1.1931885907522908
1206,24,12,-0.6,-0.6,-0.050444452136958064,0.4799244920012452,1.211712923349089
1207,24,13,-0.6,-0.6,-0.0686480464728108,0.4620273027537235,1.187533953329971
1208,24,14,-0.6,-0.6,-0.05084958397189792,0.4878668307863253,1.2186141394834218
1209,24,15,-0.6,-0.6,-0.039573625037948396,0.5181656145773137,1.2507486011889712
1210,24,16,-0.6,-0.6,-0.008164852328018418,0.5224848573014401,1.2689527559727944
1211,24,17,-0.6,-0.6,-0.04451174400929734,0.476239929519463,1.211139788973862
1212,24,18,-0.6,-0.6,-0.08006191853561885,0.45510039125448254,1.1762535628775896
1213,24,19,-0.6,-0.6,-0.10635436001137118,0.4432811377067968,1.1541757016046434
1214,24,20,-0.6,-0.6,-0.08225141610603187,0.4858978913559241,1.2030119810606423
1215,24,21,-0.6,-0.6,-0.061090485276087694,0.4968083330426222,1.222052365691298
1216,24,22,-0.6,-0.6,-0.10896620374412655,0.44365530609126125,1.153399578202584
1217,24,23,-0.6,-0.6,-0.1231572792435082,0.43161280631348153,1.1364875549201716
1218,24,24,-0.6,-0.6,-0.12014850187828882,0.42400224780566753,1.1308572251883569
1219,24,25,-0.6,-0.6,-0.0933060550041151,0.4537201528039483,1.1692155123503405
1220,24,26,-0.6,-0.6,-0.06797592973639631,0.46522264510401434,1.1906926114586605
1221,24,27,-0.6,-0.6,-0.08629852230500226,0.44990076205140195,1.1688373789121131
1222,24,28,-0.6,-0.6,-0.11888841774668028,0.4136309525043178,1.122014287989731
1223,24,29,-0.6,-0.6,-0.1346142330827714,0.38020419383737303,1.0850733494402631
1224,24,30,-0.6,-0.6,-0.10180737685101039,0.43533884399419026,1.1489658009024017
1225,24,31,-0.6,-0.6,-0.07739304244673018,0.4666328235397686,1.1877809614299701
1226,24,32,-0.6,-0.6,-0.10519299823154046,0.4391947073490386,1.1509820193127895
1227,24,33,-0.6,-0.6,-0.12974844915346626,0.4183922815249041,1.1217216054543433
1228,24,34,-0.6,-0.6,-0.1392767596232238,0.39560597395380065,1.0970401813952726
1229,24,35,-0.6,-0.6,-0.10825635580630498,0.4396691270553649,1.150097259085926
1230,24,36,-0.6,-0.6,-0.08383764537064213,0.4708460533140606,1.1887534842156398
1231,24,37,-0.6,-0.6,-0.05349921209932948,0.5203340266608153,1.246519732082124
1232,24,38,-0.6,-0.6,-0.07291202685559897,0.4953041821841466,1.2155299185719597
1233,24,39,-0.6,-0.6,-0.056335741370196896,0.520616595455691,1.2455329703071683
1234,24,40,-0.6,-0.6,-0.0825188953305215,0.4510066004157854,1.1714954407967153
1235,24,41,-0.6,-0.6,-0.10980014692122253,0.40987149815684104,1.122557944494625
1236,24,42,-0.6,-0.6,-0.1223212344771838,0.3827949797972826,1.092731886304295
1237,24,43,-0.6,-0.6,-0.1321272158948929,0.3898227239753158,1.0948305654320116
1238,24,44,-0.6,-0.6,-0.0934329975922749,0.44883135731754165,1.1647563453447698
1239,24,45,-0.6,-0.6,-0.10253996074158866,0.43473985138551613,1.1481084664369914
1240,24,46,-0.6,-0.6,-0.11138682359428448,0.4245507760853703,1.135097849938241
1241,24,47,-0.6,-0.6,-0.13508379514793423,0.40332740255274313,1.1058087331212765
1242,24,48,-0.6,-0.6,-0.1064019426857025,0.4410975197519318,1.1521818813963673
1243,24,49,-0.6,-0.6,-0.1282330878186438,0.41004854775426974,1.1147923969285227
1244,25,0,-0.4,-0.6,-0.07268615067005157,-0.20302046835422516,0.5145163792425728
1245,25,1,-0.4,-0.6,-0.057094068452715876,-0.1800696238875389,0.5421494246720767
1246,25,2,-0.4,-0.6,-0.044917264990508556,-0.18436280384659764,0.5466607975043414
1247,25,3,-0.4,-0.6,-0.029950290013104678,-0.1823237289637327,0.5580235257120857
1248,25,4,-0.4,-0.6,-0.019211724511906506,-0.18429123955518006,0.5637494871481169
1249,25,5,-0.4,-0.6,-0.024943102229125796,-0.18959164786621927,0.55597004601568
1250,25,6,-0.4,-0.6,-0.028550358171205964,-0.18891659794051943,0.5540436804653005
1251,25,7,-0.4,-0.6,-0.013908782192527128,-0.18978398732800927,0.563332588725847
1252,25,8,-0.4,-0.6,-0.013447596144597937,-0.18554554814817262,0.5667409051640693
1253,25,9,-0.4,-0.6,-0.016533195310180233,-0.18240083708668975,0.5669531296014846
1254,25,10,-0.4,-0.6,-0.014852783737919123,-0.18581530718022246,0.565585836067916
1255,25,11,-0.4,-0.6,-0.027025585036316486,-0.18556173034121157,0.557556269425134
1256,25,12,-0.4,-0.6,-0.018075072281149306,-0.17718231748865734,0.5697731505233569
1257,25,13,-0.4,-0.6,-0.004620666761011973,-0.1774847542239098,0.5786570228259021
1258,25,14,-0.4,-0.6,-0.008072078795401023,-0.16232733969837504,0.587507321652471
1259,25,15,-0.4,-0.6,-0.027908476094223495,-0.1662272655116027,0.5714988078273345
1260,25,16,-0.4,-0.6,-0.03834244293955187,-0.17566279870297052,0.5575466339092426
1261,25,17,-0.4,-0.6,-0.03237487639577244,-0.16784524630921954,0.5673675727802593
1262,25,18,-0.4,-0.6,-0.037639831735826905,-0.17475252546859293,0.5586951817760554
1263,25,19,-0.4,-0.6,-0.021239820782240394,-0.16983907857134695,0.5731471815209573
1264,25,20,-0.4,-0.6,-0.045914510950175236,-0.16466083881275184,0.5611565902837374
1265,25,21,-0.4,-0.6,-0.03946231781970373,-0.16849851737331775,0.5622996974754346
1266,25,22,-0.4,-0.6,-0.021783389505462228,-0.17258249313571053,0.5707306979899206
1267,25,23,-0.4,-0.6,-0.025109324107270903,-0.17188980344590143,0.5690530373039899
1268,25,24,-0.4,-0.6,-0.01746441947896384,-0.17519139959970728,0.5716605787865924
1269,25,25,-0.4,-0.6,-0.007875554206325332,-0.17849753598562607,0.5756960206212868
1270,25,26,-0.4,-0.6,-0.01925287130936742,-0.17838556329542607,0.5680907579285869
1271,25,27,-0.4,-0.6,-0.020282486090315698,-0.18009369007839704,0.5661331110982015
1272,25,28,-0.4,-0.6,-0.011938055164096078,-0.17205998254285018,0.5776891305633592
1273,25,29,-0.4,-0.6,-0.016628297966752574,-0.1717175674113237,0.5748040570350413
1274,25,30,-0.4,-0.6,-0.018551590752029307,-0.17801631561625225,0.5688348783292827
1275,25,31,-0.4,-0.6,-0.015771266840891758,-0.15667705536083137,0.5866574406147054
1276,25,32,-0.4,-0.6,-0.02989478798319668,-0.15550373107331025,0.5784071239635202
1277,25,33,-0.4,-0.6,-0.019683767970669657,-0.16433019813990513,0.5783153228108363
1278,25,34,-0.4,-0.6,-0.021764999857930213,-0.16498312417633476,0.5764558938755451
1279,25,35,-0.4,-0.6,-0.026263290506573028,-0.15735234215634067,0.5793238101592679
1280,25,36,-0.4,-0.6,-0.022421564363817426,-0.16302719043040173,0.5775038626369656
1281,25,37,-0.4,-0.6,-0.012480534605548814,-0.15809650548736975,0.5877499761991279
1282,25,38,-0.4,-0.6,-0.013468781108316008,-0.1703288856139631,0.5779477915137575
1283,25,39,-0.4,-0.6,-0.009824795197704787,-0.17074199041660582,0.5800854499416533
1284,25,40,-0.4,-0.6,-0.012067004163942286,-0.17208903595462607,0.577580992076938
1285,25,41,-0.4,-0.6,-0.0127961383600206,-0.1683424651151758,0.5798750364447115
1286,25,42,-0.4,-0.6,-0.015571986380956526,-0.17693213399927846,0.5716391491994648
1287,25,43,-0.4,-0.6,-0.010375900140026578,-0.15835796613173406,0.5889436520338708
1288,25,44,-0.4,-0.6,-0.002363626062307316,-0.1660237721907467,0.5886000783060307
1289,25,45,-0.4,-0.6,0.025831302524006873,-0.16539930588157567,0.608448898049383
1290,25,46,-0.4,-0.6,0.020048949981011505,-0.16456038008437668,0.6050196550298286
1291,25,47,-0.4,-0.6,0.0012508981724523374,-0.17158389563574672,0.5869775479205678
1292,25,48,-0.4,-0.6,-0.004126317817970116,-0.17189971091995632,0.5830830384728883
1293,26,0,-0.2,-0.6,-0.12152182310819626,-0.4109669625759125,0.20467611850442569
1294,26,1,-0.2,-0.6,-0.1329820103943348,-0.4025095462799072,0.20855188860653637
1295,26,2,-0.2,-0.6,-0.13341134421527387,-0.40307482004165646,0.2078787521148872
1296,26,3,-0.2,-0.6,-0.13661725563555957,-0.3984161838293075,0.21131352825862226
1297,26,4,-0.2,-0.6,-0.16774002283737063,-0.3906437076210975,0.21182720147604714
1298,26,5,-0.2,-0.6,-0.1533873463565856,-0.39028863926291457,0.21482922124767123
1299,26,6,-0.2,-0.6,-0.14146038735174388,-0.39726026727449887,0.21102200234718535
1300,26,7,-0.2,-0.6,-0.13736896406595184,-0.3967260461209654,0.21270389509312684
1301,26,8,-0.2,-0.6,-0.13753313704022757,-0.39320162224877947,0.21602703073590462
1302,26,9,-0.2,-0.6,-0.13760198671204144,-0.3910124113328889,0.21810392999480288
1303,26,10,-0.2,-0.6,-0.16730575723456945,-0.38900081387334506,0.2135171423003682
1304,26,11,-0.2,-0.6,-0.1613126235614749,-0.38451280444683045,0.21893251138893483
1305,26,12,-0.2,-0.6,-0.1869702464528255,-0.3819485612201193,0.21844039102573537
1306,26,13,-0.2,-0.6,-0.1700212476979852,-0.3781530206641802,0.22386336866493634
1307,26,14,-0.2,-0.6,-0.163147377255739,-0.37837873018472135,0.22466442316857235
1308,26,15,-0.2,-0.6,-0.15828684280139887,-0.38386686624767496,0.2201216004600085
1309,26,16,-0.2,-0.6,-0.15508526779091236,-0.38521357960678615,0.21943231201157326
1310,26,17,-0.2,-0.6,-0.1530587330640665,-0.3778573901556356,0.22704806022077367
1311,26,18,-0.2,-0.6,-0.18040424869725286,-0.3777118436268663,0.22315021383114528
1312,26,19,-0.2,-0.6,-0.16754286786306324,-0.38251303913595147,0.21989552876862853
1313,26,20,-0.2,-0.6,-0.15960723271242672,-0.38531626261950835,0.21845064143829826
1314,26,21,-0.2,-0.6,-0.15374177771002379,-0.38733430900550797,0.21763850591196773
1315,26,22,-0.2,-0.6,-0.14619607085022557,-0.3893807564066235,0.21738290770849486
1316,26,23,-0.2,-0.6,-0.14534170575761057,-0.38874179062450614,0.21821448200801802
1317,26,24,-0.2,-0.6,-0.15277445220426997,-0.38057619885646576,0.22444833898446215
1318,26,25,-0.2,-0.6,-0.15145637027853126,-0.3860686817688772,0.21936976297256872
1319,26,26,-0.2,-0.6,-0.1492377410600918,-0.3901757666713119,0.21587731660518214
1320,26,27,-0.2,-0.6,-0.14752075505149723,-0.38918712918681736,0.2172467206906944
1321,26,28,-0.2,-0.6,-0.1469859749309684,-0.38403296897119266,0.222378608111072
1322,26,29,-0.2,-0.6,-0.14534255059189852,-0.38452448249374016,0.22229965231729368
1323,26,30,-0.2,-0.6,-0.13950035307942904,-0.38511290908217355,0.22324128005510083
1324,26,31,-0.2,-0.6,-0.14197996491091802,-0.38895859849703257,0.21887164645077944
1325,26,32,-0.2,-0.6,-0.14780379100370553,-0.39052500995572764,0.21588009562632873
1326,26,33,-0.2,-0.6,-0.14490808481583695,-0.38858535360101315,0.21847487688672043
1327,26,34,-0.2,-0.6,-0.14377340777940342,-0.3900079362547637,0.21738927413449963
1328,26,35,-0.2,-0.6,-0.14241755081175517,-0.38927125166548976,0.21845444337240233
1329,26,36,-0.2,-0.6,-0.1369072449810418,-0.3818191743044613,0.22712016299102403
1330,26,37,-0.2,-0.6,-0.133334394228953,-0.3734982420309375,0.23610876594463073
1331,26,38,-0.2,-0.6,-0.1354942263690119,-0.37684119209774264,0.23229474461573354
1332,26,39,-0.2,-0.6,-0.14490003775251303,-0.3749977442184046,0.2316506441745435
1333,26,40,-0.2,-0.6,-0.14572728945299662,-0.3814656023970513,0.22517284482326566
1334,26,41,-0.2,-0.6,-0.1464281736953981,-0.37327062580524756,0.23297242260910303
1335,26,42,-0.2,-0.6,-0.14506147915132334,-0.3774752939291518,0.22920620821643958
1336,26,43,-0.2,-0.6,-0.1412222408235594,-0.37968630961412236,0.22801962008837748
1337,26,44,-0.2,-0.6,-0.1394030855185158,-0.37054456830306676,0.23732210428003184
1338,26,45,-0.2,-0.6,-0.14261526905104088,-0.37387373042303995,0.23329401436572783
1339,26,46,-0.2,-0.6,-0.14209894070847032,-0.3806231190218436,0.2268892870427897
1340,26,47,-0.2,-0.6,-0.14421044499552485,-0.38206375525571257,0.22496373312345103
1341,26,48,-0.2,-0.6,-0.1428681105138199,-0.3895360918871973,0.2180805113126236
1342,26,49,-0.2,-0.6,-0.14223500369319672,-0.39088175340718917,0.21694984640781986
1343,27,0,0.0,-0.6,-0.07696349918842316,-0.2943095266819,0.31523014716992154
1344,27,1,0.0,-0.6,-0.05193570852279662,-0.29270595908164976,0.3116519619763264
1345,27,2,0.0,-0.6,-0.04057940363883972,-0.286284042596817,0.3163295590504934
1346,27,3,0.0,-0.6,-0.03228830920159816,-0.286106556892395,0.31554972434949974
1347,27,4,0.0,-0.6,-0.037131049866974346,-0.2859649987697601,0.31622254325379856
1348,27,5,0.0,-0.6,-0.04866050039216875,-0.28544188660144804,0.3182996245729368
1349,27,6,0.0,-0.6,-0.05411924991150199,-0.29346148257684707,0.31127922493312693
1350,27,7,0.0,-0.6,-0.05337969053484647,-0.29266355792346,0.31193762195327196
1351,27,8,0.0,-0.6,-0.05493499002941801,-0.29583455971642014,0.3090865060018574
1352,27,9,0.0,-0.6,-0.07311626437765209,-0.301405162575191,0.3074164358867151
1353,27,10,0.0,-0.6,-0.07040329068326248,-0.2934429980055908,0.31453746805560723
1354,27,11,0.0,-0.6,-0.07830706390337452,-0.29526653247232176,0.3146338864277173
1355,27,12,0.0,-0.6,-0.09020972358005655,-0.31831688433893973,0.2957755430675641
1356,27,13,0.0,-0.6,-0.08079424872768112,-0.31203626617795144,0.2990833038205343
1357,27,14,0.0,-0.6,-0.08025204352876078,-0.31160564936701596,0.299352120365904
1358,27,15,0.0,-0.6,-0.0704270606104371,-0.3058002710566212,0.3025119028676123
1359,27,16,0.0,-0.6,-0.05812088433948019,-0.3019072288431428,0.30370600490009686
1360,27,17,0.0,-0.6,-0.046655180542000144,-0.30081874747180853,0.3027971726019648
1361,27,18,0.0,-0.6,-0.07332836264553627,-0.2837951494591707,0.32459598930643524
1362,27,19,0.0,-0.6,-0.05961622791417511,-0.286232686970243,0.3193806840693851
1363,27,20,0.0,-0.6,-0.03998712572306047,-0.28895051365447677,0.3136092364382874
1364,27,21,0.0,-0.6,-0.05593208681538457,-0.2957576707973763,0.30934090129525604
1365,27,22,0.0,-0.6,-0.038787136079831204,-0.29746346048338007,0.3050127860729229
1366,27,23,0.0,-0.6,-0.04235882532733112,-0.2951932525662179,0.3077359637160934
1367,27,24,0.0,-0.6,-0.04936173936224183,-0.29725150001240935,0.30674620707940636
1368,27,25,0.0,-0.6,-0.06163704659886499,-0.3020473143710217,0.3042612830889783
1369,27,26,0.0,-0.6,-0.07524792439185715,-0.3008381917950973,0.3084802061943515
1370,27,27,0.0,-0.6,-0.08521868895004386,-0.3105519042823936,0.301732373239785
1371,27,28,0.0,-0.6,-0.05124018169797595,-0.30188815678059633,0.30248343308041165
1372,27,29,0.0,-0.6,-0.05007861583580568,-0.3018840205612749,0.3022929125215154
1373,27,30,0.0,-0.6,-0.049142419749548,-0.29893825912079003,0.30504614280475884
1374,27,31,0.0,-0.6,-0.0658120449561228,-0.3048975867482081,0.3023518803783732
1375,27,32,0.0,-0.6,-0.0474750701660757,-0.30229355213209375,0.3014680934848665
1376,27,33,0.0,-0.6,-0.054481764421104514,-0.3029889287751423,0.30196661915611506
1377,27,34,0.0,-0.6,-0.0482283614324206,-0.30157187834789895,0.3023000473689301
1378,27,35,0.0,-0.6,-0.0335460787090333,-0.29712936161743975,0.30472276414966476
1379,27,36,0.0,-0.6,-0.03850582523155909,-0.2960769346868114,0.3063526206940755
1380,27,37,0.0,-0.6,-0.05685014027462493,-0.30501333654528673,0.3004148299691425
1381,27,38,0.0,-0.6,-0.0609085736043678,-0.30422840363208525,0.3019779653493668
1382,27,39,0.0,-0.6,-0.06258807819656514,-0.30121191732582303,0.30527296945594473
1383,27,40,0.0,-0.6,-0.06796764477193741,-0.303696905322351,0.30399856027849226
1384,27,41,0.0,-0.6,-0.07422212065130741,-0.30346980127020134,0.305678069139268
1385,27,42,0.0,-0.6,-0.06996602737018653,-0.2996931096178931,0.3083495960706556
1386,27,43,0.0,-0.6,-0.07910024495101403,-0.3061824097418635,0.30427886074521937
1387,27,44,0.0,-0.6,-0.07288173744900527,-0.30586760917591,0.3030274096273816
1388,27,45,0.0,-0.6,-0.0718228343812272,-0.3041118808140443,0.30448037475994333
1389,27,46,0.0,-0.6,-0.07334575097574308,-0.3016423492913504,0.3072407637709883
1390,27,47,0.0,-0.6,-0.06837964198062281,-0.30154222513234036,0.3061908209211255
1391,27,48,0.0,-0.6,-0.06241076314199589,-0.2986255723784048,0.3077688239250532
1392,28,0,0.2,-0.6,0.007230833172798157,-0.40318503975868225,0.27549243229904713
1393,28,1,0.2,-0.6,-0.01103333719074726,-0.3975155919790268,0.2924636813306356
1394,28,2,0.2,-0.6,-0.03374012421816587,-0.39548093169927595,0.31058411898891386
1395,28,3,0.2,-0.6,-0.04214397833123802,-0.39300679925084114,0.31855908619667506
1396,28,4,0.2,-0.6,-0.03823760237060486,-0.3998642249315977,0.31114543809209955
1397,28,5,0.2,-0.6,-0.030782350749112654,-0.39867725852996105,0.3062537177738396
1398,28,6,0.2,-0.6,-0.03143066149973496,-0.3944744966299235,0.3095171782271999
1399,28,7,0.2,-0.6,-0.03829913499371744,-0.39867454382872874,0.31195899897474416
1400,28,8,0.2,-0.6,-0.0499824286867338,-0.40109325378306115,0.3194606522605369
1401,28,9,0.2,-0.6,-0.025384734666189575,-0.40592086961286444,0.29743064312941164
1402,28,10,0.2,-0.6,-0.021077887259015157,-0.4021452919174435,0.2966848795360887
1403,28,11,0.2,-0.6,-0.03157592674539695,-0.39864868510469215,0.3068709205155465
1404,28,12,0.2,-0.6,-0.05679955186756796,-0.4034649293829311,0.3233760099664785
1405,28,13,0.2,-0.6,-0.06878052623687826,-0.4017334871338324,0.33399488230852187
1406,28,14,0.2,-0.6,-0.06396595108144532,-0.3965733552965086,0.33325729265186754
1407,28,15,0.2,-0.6,-0.017265295508932417,-0.40956039960133955,0.2889142606943887
1408,28,16,0.2,-0.6,-0.005522365983726523,-0.40655620410505483,0.2822409344687514
1409,28,17,0.2,-0.6,-0.024638587168337264,-0.40852251807972273,0.2951713416433187
1410,28,18,0.2,-0.6,-0.04910672779086922,-0.41339226476437974,0.3112500741854395
1411,28,19,0.2,-0.6,-0.05497012513520902,-0.40571139592390243,0.3205586161457881
1412,28,20,0.2,-0.6,-0.05753185087789903,-0.40376214123688825,0.323777626510121
1413,28,21,0.2,-0.6,-0.07176300077681608,-0.4047545289580611,0.3346280361141432
1414,28,22,0.2,-0.6,-0.07766727837256002,-0.40653486022444674,0.3384196770094775
1415,28,23,0.2,-0.6,-0.06635609418284878,-0.3996411510146109,0.33330052096432816
1416,28,24,0.2,-0.6,-0.07583172574731101,-0.404834821173103,0.33789434436710314
1417,28,25,0.2,-0.6,-0.08531401871209017,-0.4023088554978231,0.34711075737900077
1418,28,26,0.2,-0.6,-0.08095896117881209,-0.40064523203252767,0.3445000165138486
1419,28,27,0.2,-0.6,-0.0891721582521666,-0.4063269178882769,0.3480370667656971
1420,28,28,0.2,-0.6,-0.08566159261035602,-0.4030692504416775,0.3469643578442716
1421,28,29,0.2,-0.6,-0.07099678952929751,-0.4070446440179755,0.3326725557321135
1422,28,30,0.2,-0.6,-0.0650208015005406,-0.4014276796598958,0.3311600695030153
1423,28,31,0.2,-0.6,-0.04660926219149742,-0.3990798099650749,0.31809597759529296
1424,28,32,0.2,-0.6,-0.05093966456181823,-0.40111773139930423,0.3201950530757106
1425,28,33,0.2,-0.6,-0.04503316975979917,-0.3975203379858301,0.31786674536967063
1426,28,34,0.2,-0.6,-0.012219760647855592,-0.39889863445442275,0.29236789501196775
1427,28,35,0.2,-0.6,-0.0010560591340161097,-0.40764946559922843,0.2782485705242048
1428,28,36,0.2,-0.6,-0.007251445951468518,-0.4068220821410404,0.28332114251728097
1429,28,37,0.2,-0.6,-0.0032712878303574914,-0.4079928762885918,0.2796175102030272
1430,28,38,0.2,-0.6,-0.023438748524764495,-0.402693678639441,0.2980849858532783
1431,28,39,0.2,-0.6,-0.025515304520056167,-0.39884002684700137,0.3021961074727615
1432,28,40,0.2,-0.6,-0.01393147588772363,-0.39912863647345054,0.2934552454131888
1433,28,41,0.2,-0.6,-0.014030344254791244,-0.4030507261830801,0.29085736146578195
1434,28,42,0.2,-0.6,-0.02632303238105143,-0.40253013458795983,0.30036055455402877
1435,28,43,0.2,-0.6,-0.011732694656987541,-0.40419497252368275,0.2883926884851807
1436,28,44,0.2,-0.6,-0.009290160865523107,-0.402863562232299,0.2875154718112665
1437,28,45,0.2,-0.6,-0.015986150867398956,-0.3998569936436716,0.2944609318056712
1438,28,46,0.2,-0.6,-0.040852309720376595,-0.4017091903704019,0.31197608927801135
1439,28,47,0.2,-0.6,-0.03134433877434495,-0.3989712833893625,0.3064844987679783
1440,28,48,0.2,-0.6,-0.013904948943618076,-0.4015955227288236,0.2917527442609934
1441,29,0,0.4,-0.6,-0.1954456865787506,-0.10347085446119308,0.7753043002813395
1442,29,1,0.4,-0.6,-0.17338687777519224,-0.07916080616414546,0.7746263469830897
1443,29,2,0.4,-0.6,-0.1711224657297134,-0.07577630642801522,0.775236319946016
1444,29,3,0.4,-0.6,-0.17518045002222057,-0.08012358456477522,0.7753089947972632
1445,29,4,0.4,-0.6,-0.17548557813763616,-0.08251843851543962,0.7739320494209477
1446,29,5,0.4,-0.6,-0.14664066073358056,-0.049528974555097506,0.7757798410770984
1447,29,6,0.4,-0.6,-0.1256602043007016,-0.032553796875987195,0.7735074943562691
1448,29,7,0.4,-0.6,-0.13638728100716468,-0.043003534213661765,0.7732763918061449
1449,29,8,0.4,-0.6,-0.12879228658538636,-0.03572263278580877,0.7733241425834192
1450,29,9,0.4,-0.6,-0.12900675134800973,-0.04133088907214026,0.7693889253665537
1451,29,10,0.4,-0.6,-0.11915123569826455,-0.02790029622046564,0.7725387217425842
1452,29,11,0.4,-0.6,-0.10882691666982688,-0.013705698836345374,0.7763026720968447
1453,29,12,0.4,-0.6,-0.10134201906970622,-0.008946335173596174,0.7750408084672783
1454,29,13,0.4,-0.6,-0.11514305833971536,-0.021217799534265655,0.7748297917165763
1455,29,14,0.4,-0.6,-0.10805880188740516,-0.02129231723140192,0.7700820269754813
1456,29,15,0.4,-0.6,-0.10407643926002638,-0.012603514714969778,0.7740333891650113
1457,29,16,0.4,-0.6,-0.09654091113111019,-0.003380228034410386,0.7762139065535899
1458,29,17,0.4,-0.6,-0.09350856934299516,0.0032973470626001997,0.7794346649897869
1459,29,18,0.4,-0.6,-0.08910874357836755,0.008192737414082668,0.7804650978026145
1460,29,19,0.4,-0.6,-0.08354319539380191,0.0002956472059573202,0.7708235114901903
1461,29,20,0.4,-0.6,-0.08647508481838785,0.00422008003958462,0.7757189653941043
1462,29,21,0.4,-0.6,-0.09031010858008204,0.004877978290795075,0.7786407202278669
1463,29,22,0.4,-0.6,-0.09091756725561874,0.00259579035003995,0.7772526901772449
1464,29,23,0.4,-0.6,-0.10476462929424225,-0.012032347483912999,0.7749150220455349
1465,29,24,0.4,-0.6,-0.10211509513143305,-0.012573491329387749,0.7727803516186167
1466,29,25,0.4,-0.6,-0.0887673913995278,-0.01139304680735384,0.7650828113624232
1467,29,26,0.4,-0.6,-0.10627505567589367,-0.023755843566629888,0.7670539484438077
1468,29,27,0.4,-0.6,-0.10835719526651774,-0.01935584262136769,0.7717348479090357
1469,29,28,0.4,-0.6,-0.10649927253117453,-0.020917699144153853,0.7693359631780576
1470,29,29,0.4,-0.6,-0.09762552287393016,-0.018019266522535028,0.7657236676207158
1471,29,30,0.4,-0.6,-0.09140223050464433,-0.005114723064130385,0.7715987589803432
1472,29,31,0.4,-0.6,-0.09775959848408369,-0.011047456460533626,0.7711223744806289
1473,29,32,0.4,-0.6,-0.09676441579392678,-0.0065704606802629035,0.773907942158702
1474,29,33,0.4,-0.6,-0.10418107231986312,-0.012060112603699824,0.7745139539589854
1475,29,34,0.4,-0.6,-0.1066829456326589,-0.018503343233204843,0.7712755468870695
1476,29,35,0.4,-0.6,-0.09076987658004537,-0.004140812027569484,0.7719476948923141
1477,29,36,0.4,-0.6,-0.09275973456941447,0.00021305946491051745,0.7765744476643228
1478,29,37,0.4,-0.6,-0.10044362229595263,-0.014149967207637207,0.7704959961086798
1479,29,38,0.4,-0.6,-0.06210151421768243,-0.004096721596408629,0.7540812467197571
1480,29,39,0.4,-0.6,-0.0810148067814106,-0.015943370129488033,0.756635573601095
1481,29,40,0.4,-0.6,-0.0913527794956561,-0.014311754635051374,0.7644987080935971
1482,29,41,0.4,-0.6,-0.09587998283858867,-0.017339770373456517,0.7651077705581453
1483,29,42,0.4,-0.6,-0.0963967920846645,-0.010843104280508544,0.7703996514574585
1484,29,43,0.4,-0.6,-0.0928086615656647,-0.00014223959071823968,0.7763309279150105
1485,29,44,0.4,-0.6,-0.09085824479047289,-0.004181745386037949,0.7719722851307629
1486,29,45,0.4,-0.6,-0.09396513871916812,-0.003515376563012208,0.7744646307395916
1487,29,46,0.4,-0.6,-0.10113055408793764,-0.007997866710620844,0.7756277187282951
1488,29,47,0.4,-0.6,-0.12072961360771112,-0.028669236966389823,0.7730318048286262
1489,29,48,0.4,-0.6,-0.11640259927899693,-0.02829737249304144,0.7703995968589706
1490,29,49,0.4,-0.6,-0.0737929007855429,0.03164051077462731,0.7895881506750284
1491,30,0,0.6,-0.6,-0.039166394621133804,0.1624011993408203,0.9948815350428916
1492,30,1,0.6,-0.6,-0.027057790011167527,0.14055156260728835,0.9703700783174354
1493,30,2,0.6,-0.6,-0.013983896151185036,0.1369872210919857,0.9592321871089796
1494,30,3,0.6,-0.6,-0.015266801707446574,0.1319300644546747,0.9561772097973965
1495,30,4,0.6,-0.6,0.00390722746178508,0.12528408582657574,0.938809671139783
1496,30,5,0.6,-0.6,-0.004113827385827898,0.131813348441869,0.9489490467862087
1497,30,6,0.6,-0.6,-0.06866819557232409,0.10995575415758788,0.9752714128033371
1498,30,7,0.6,-0.6,-0.10294646648245975,0.10350277835496215,0.9945098762170875
1499,30,8,0.6,-0.6,-0.14746688742811032,0.0864308515693502,1.014836963155999
1500,30,9,0.6,-0.6,-0.11049831554355405,0.08783810264408881,0.9889029840379933
1501,30,10,0.6,-0.6,-0.07689109967692223,0.11437045930403675,0.9841273870531667
1502,30,11,0.6,-0.6,-0.04519338452399242,0.1233314710756614,0.9692692714008861
1503,30,12,0.6,-0.6,-0.08618395458168117,0.11303200786613742,0.9895772146563249
1504,30,13,0.6,-0.6,-0.11948220582161773,0.1042637027870846,1.0067978980695755
1505,30,14,0.6,-0.6,-0.07589255155074695,0.12043650381762411,0.9878560103956147
1506,30,15,0.6,-0.6,-0.05497832774285147,0.12298158509630996,0.9755506046337089
1507,30,16,0.6,-0.6,-0.03738454034342933,0.141797167481674,0.9780194731970522
1508,30,17,0.6,-0.6,-0.0357097878832638,0.1273606364381167,0.9660126447672651
1509,30,18,0.6,-0.6,-0.02364898560894666,0.13749732733928133,0.965836614072821
1510,30,19,0.6,-0.6,-0.007608300317498012,0.15242239696596144,0.9671232134897402
1511,30,20,0.6,-0.6,-0.006778520329217488,0.13192356133431052,0.9507324925388921
1512,30,21,0.6,-0.6,-0.003713245827351274,0.1414512401101877,0.9561483277443573
1513,30,22,0.6,-0.6,-0.010702570847547036,0.13079649991736042,0.952376582204365
1514,30,23,0.6,-0.6,-0.0184774571660292,0.13886069755615452,0.9635504633467438
1515,30,24,0.6,-0.6,-0.052929997623184545,0.1298709894279953,0.9793003844606682
1516,30,25,0.6,-0.6,-0.04046797280624852,0.1281213506601474,0.9697215711108538
1517,30,26,0.6,-0.6,-0.05637464044074954,0.1408066959360793,0.9897586722820133
1518,30,27,0.6,-0.6,-0.027906207812890597,0.16157670595503731,0.9870487753213061
1519,30,28,0.6,-0.6,-0.04699540709569616,0.15941264524837154,0.9976525560364462
1520,30,29,0.6,-0.6,-0.05187681568245285,0.14619345174576712,0.9908319990051578
1521,30,30,0.6,-0.6,-0.04037186157510812,0.14682148888152946,0.9837776462963538
1522,30,31,0.6,-0.6,-0.017661527358137516,0.1286995646467753,0.9552532742130682
1523,30,32,0.6,-0.6,-0.02977453844631718,0.12266570935424798,0.9585727394161333
1524,30,33,0.6,-0.6,-0.027474585784668767,0.13204039014223856,0.9641615469438938
1525,30,34,0.6,-0.6,-0.02178235156261576,0.13292966945758014,0.9611447305613936
1526,30,35,0.6,-0.6,-0.014651788890824287,0.13443364167862518,0.9577001595572685
1527,30,36,0.6,-0.6,-0.0024926585796732677,0.1405899373219149,0.9547098296890425
1528,30,37,0.6,-0.6,-0.005262608303654321,0.15187167061050888,0.9652221682479016
1529,30,38,0.6,-0.6,0.007635800310155065,0.1427448138880343,0.9500343170811048
1530,30,39,0.6,-0.6,0.013736500876869973,0.14691519158098376,0.9495194541548656
1531,30,40,0.6,-0.6,-0.002442701109838137,0.12344021168261064,0.9414366404596213
1532,30,41,0.6,-0.6,0.0006686117112495958,0.12724417246219025,0.9423811327527397
1533,30,42,0.6,-0.6,0.026179940859665563,0.14824005373105956,0.9429383003565375
1534,30,43,0.6,-0.6,0.021285186163716576,0.1320758949761578,0.9331912728689155
1535,30,44,0.6,-0.6,-0.004139288299785909,0.1327719627550733,0.9497047062467862
1536,30,45,0.6,-0.6,0.002665902601227363,0.13748168668270552,0.949045447861995
1537,30,46,0.6,-0.6,-0.011045035547433656,0.12920955598140071,0.9513793207768161
1538,30,47,0.6,-0.6,-0.014258267013721519,0.13918381726591803,0.9610962149038537
1539,30,48,0.6,-0.6,-0.02249471577003101,0.13358690149679095,0.9621067576985801
1540,31,0,0.8,-0.6,-0.030433135107159615,0.10834506154060364,1.091499847958243
1541,31,1,0.8,-0.6,-0.06487512122839689,0.12018267363309859,1.1254652632227937
1542,31,2,0.8,-0.6,-0.04551501283422112,0.15479295685887334,1.133405507597265
1543,31,3,0.8,-0.6,-0.08416505104862153,0.15400822077691553,1.1620138701818414
1544,31,4,0.8,-0.6,-0.0456757675865665,0.15944549322277304,1.136628770117803
1545,31,5,0.8,-0.6,-0.12704957742309197,0.12357999263808128,1.1760054952024923
1546,31,6,0.8,-0.6,-0.15368074430198408,0.10220107277257737,1.1843113225226487
1547,31,7,0.8,-0.6,-0.13543603596309478,0.12077497728682009,1.1809136908602442
1548,31,8,0.8,-0.6,-0.0937643492624537,0.13735174190612148,1.1586640165744897
1549,31,9,0.8,-0.6,-0.07158279156523575,0.1400097155186341,1.1433594979771755
1550,31,10,0.8,-0.6,-0.06884109752959351,0.13789748058010776,1.1399024276677803
1551,31,11,0.8,-0.6,-0.04699673870514272,0.13783976717494673,1.1233036087371604
1552,31,12,0.8,-0.6,-0.0268722865334879,0.14653516162029825,1.1140163938526952
1553,31,13,0.8,-0.6,-0.010583966011425994,0.15205777082854854,1.1057292872210713
1554,31,14,0.8,-0.6,0.001047694609329304,0.1527914924006665,1.0977339465097589
1555,31,15,0.8,-0.6,-0.016896534464721242,0.09555566666590203,1.0729015022132828
1556,31,16,0.8,-0.6,-0.020027187107875995,0.09046111132350483,1.0719986631736744
1557,31,17,0.8,-0.6,-0.0386546111575887,0.09004721555066947,1.086050973253612
1558,31,18,0.8,-0.6,-0.0394971978694685,0.11379564016130556,1.1019345539295777
1559,31,19,0.8,-0.6,-0.09223103606912904,0.0873863681787937,1.1263108988565385
1560,31,20,0.8,-0.6,-0.10020672737508404,0.10229847175322793,1.1417509778573778
1561,31,21,0.8,-0.6,-0.09893039535745553,0.10175790950367823,1.1404122146173654
1562,31,22,0.8,-0.6,-0.0768705418446183,0.11910979147053741,1.1340285884155101
1563,31,23,0.8,-0.6,-0.10788226599663137,0.12233958330460278,1.1601830383693106
1564,31,24,0.8,-0.6,-0.1178293350599085,0.09017297981997849,1.1483681597685047
1565,31,25,0.8,-0.6,-0.07188732661637785,0.10689039628877603,1.1224444497076713
1566,31,26,0.8,-0.6,-0.047365712041489136,0.12230984340928051,1.1134451759424526
1567,31,27,0.8,-0.6,-0.04379364385245471,0.11025918950215416,1.1029305643049612
1568,31,28,0.8,-0.6,-0.041052961834537584,0.12152533482216601,1.1081375787332937
1569,31,29,0.8,-0.6,-0.036339756738928274,0.1238819497375882,1.1061054497008962
1570,31,30,0.8,-0.6,-0.04041899077519885,0.12292868184888733,1.1085711339807536
1571,31,31,0.8,-0.6,-0.041461503706351696,0.12405190071951408,1.1100939677141282
1572,31,32,0.8,-0.6,-0.02874441354610825,0.14183596959753575,1.1122670132538315
1573,31,33,0.8,-0.6,-0.027116388940779494,0.15603501730889696,1.1205848777543355
1574,31,34,0.8,-0.6,-0.028717265133835563,0.13384956015757155,1.1069360787662337
1575,31,35,0.8,-0.6,-0.009301037761911135,0.1379760764591694,1.0952519614904035
1576,31,36,0.8,-0.6,0.03294338800376548,0.11692491881916522,1.0499319907646438
1577,31,37,0.8,-0.6,0.02695209595070407,0.13569943655539274,1.0671723023499682
1578,31,38,0.8,-0.6,0.031240809398435425,0.1451606873105576,1.0706330571430696
1579,31,39,0.8,-0.6,0.021458395353237795,0.15990847462429872,1.0879282696813166
1580,31,40,0.8,-0.6,-0.0017390269816954865,0.1463722929836312,1.0953798734316782
1581,31,41,0.8,-0.6,-0.0017409486717708859,0.14598748404152187,1.0951191145823869
1582,31,42,0.8,-0.6,-0.012175843288770274,0.14591215772287938,1.10273049629573
1583,31,43,0.8,-0.6,-0.040809597938447864,0.13563875785469834,1.117195221097646
1584,31,44,0.8,-0.6,-0.05278529123309529,0.14155662309825298,1.130110161977318
1585,31,45,0.8,-0.6,-0.11105845945169818,0.15283338453560982,1.1818568531805544
1586,31,46,0.8,-0.6,-0.1587089081998984,0.11516333218249619,1.1960691294236352
1587,31,47,0.8,-0.6,-0.17194798551772278,0.10856675472938078,1.2028091005889863
1588,31,48,0.8,-0.6,-0.16322877679210868,0.10513074404953063,1.193741614690661
1589,32,0,1.0,-0.6,-0.06700870394706726,0.15616758167743683,1.3077832335210233
1590,32,1,1.0,-0.6,-0.047855334356427186,0.15547589361667633,1.291798988842744
1591,32,2,1.0,-0.6,-0.05139196384698151,0.14716378331184385,1.289836726386282
1592,32,3,1.0,-0.6,-0.026248593162745228,0.17336997872591015,1.2850242406130041
1593,32,4,1.0,-0.6,-0.0669787047524005,0.12320046660378572,1.2889772966546165
1594,32,5,1.0,-0.6,-0.04385307731758802,0.13486477063052354,1.2765796011762254
1595,32,6,1.0,-0.6,-0.07700543912025168,0.08356543757683782,1.2756184473988372
1596,32,7,1.0,-0.6,-0.11414860902468674,0.10690506115274354,1.3194854635330426
1597,32,8,1.0,-0.6,-0.09107720382778066,0.12410358558398193,1.3094943556076244
1598,32,9,1.0,-0.6,-0.06206781386770558,0.14423329759847317,1.296869786257674
1599,32,10,1.0,-0.6,-0.0759353911241534,0.17146777401812707,1.3239333413061132
1600,32,11,1.0,-0.6,-0.08783580116951961,0.14402238978260243,1.317936283286846
1601,32,12,1.0,-0.6,-0.08594901538657296,0.11443480146248577,1.2998855140202958
1602,32,13,1.0,-0.6,-0.08199486358699205,0.1300533692501347,1.3052550734558004
1603,32,14,1.0,-0.6,-0.06543300847575964,0.11872539756930395,1.2851901387191167
1604,32,15,1.0,-0.6,-0.04451114843543501,0.13611555086340077,1.2778378783824025
1605,32,16,1.0,-0.6,-0.0562828335879176,0.13206372549867526,1.285165640189435
1606,32,17,1.0,-0.6,-0.04216590251550579,0.12854548939580843,1.2715692267764807
1607,32,18,1.0,-0.6,-0.07289136755682878,0.08074444995781369,1.2706332644497895
1608,32,19,1.0,-0.6,-0.09358870998772478,0.05627008619057546,1.275392760149281
1609,32,20,1.0,-0.6,-0.08752076860295482,0.07033328552547283,1.2775163935645353
1610,32,21,1.0,-0.6,-0.08033884391405904,0.07685465254040788,1.2748585169873408
1611,32,22,1.0,-0.6,-0.07219908252510535,0.07770575579361678,1.2684226283078819
1612,32,23,1.0,-0.6,-0.07840313743161335,0.08581317958682372,1.278003538382166
1613,32,24,1.0,-0.6,-0.08578072325810812,0.06513791343286351,1.2733138744570105
1614,32,25,1.0,-0.6,-0.0968475941369684,0.08989887627462845,1.2957758696044046
1615,32,26,1.0,-0.6,-0.0881861778581963,0.05983450158561478,1.2726078450034664
1616,32,27,1.0,-0.6,-0.06543835888200782,0.06144763381170876,1.254062147125211
1617,32,28,1.0,-0.6,-0.06734990699018684,0.08107764468214265,1.2661368733425844
1618,32,29,1.0,-0.6,-0.06634330189275695,0.1068540013028676,1.2793477309353471
1619,32,30,1.0,-0.6,-0.06059423888955083,0.124769388867959,1.2845819579169484
1620,32,31,1.0,-0.6,-0.03597624265813327,0.12824627405750874,1.2663291084985402
1621,32,32,1.0,-0.6,-0.11027653132443077,0.11406862117294157,1.3200787748288492
1622,32,33,1.0,-0.6,-0.09150175221458189,0.12013361170103727,1.3076576363058805
1623,32,34,1.0,-0.6,-0.06043340715156573,0.15932068447219733,1.3042572264972905
1624,32,35,1.0,-0.6,-0.06190718354454243,0.1409248114025909,1.2948422462274958
1625,32,36,1.0,-0.6,-0.06549005482762478,0.11554414930715388,1.2834611355799883
1626,32,37,1.0,-0.6,-0.05325969611027435,0.10587144153259156,1.2679158013928236
1627,32,38,1.0,-0.6,-0.04935736383590119,0.10784256264427672,1.2657772199433235
1628,32,39,1.0,-0.6,-0.1222294216147573,0.08939805565676648,1.3170681659964008
1629,32,40,1.0,-0.6,-0.09646260354459861,0.11826895134529561,1.3107785958881348
1630,32,41,1.0,-0.6,-0.09464885025698348,0.12180931091126564,1.311207377452984
1631,32,42,1.0,-0.6,-0.08750353788966818,0.10931108870974911,1.2983782828933772
1632,32,43,1.0,-0.6,-0.10131378049596565,0.14036147132724736,1.3270369819022234
1633,32,44,1.0,-0.6,-0.10794549214304577,0.12529109154787807,1.3242319966829108
1634,32,45,1.0,-0.6,-0.10875367591006321,0.13088183516515298,1.3279770219467124
1635,32,46,1.0,-0.6,-0.10365576822018557,0.10848996629294853,1.3114930754920024
1636,32,47,1.0,-0.6,-0.12856071884353112,0.09195898063961634,1.323803809861735
1637,32,48,1.0,-0.6,-0.11650310393614972,0.1089449511129536,1.322566491639496
1638,32,49,1.0,-0.6,-0.09659187637776516,0.07273368254912042,1.2865008165461103
1639,33,0,-0.5,-0.5,-0.11365962028503418,-0.2449914813041687,0.46291277105492146
1640,33,1,-0.5,-0.5,-0.11254415214061736,-0.24244111627340315,0.4652511285606126
1641,33,2,-0.5,-0.5,-0.10678915217518804,-0.23636480912566182,0.47341132719280826
1642,33,3,-0.5,-0.5,-0.08846076329052446,-0.22219909848272798,0.4965258142687315
1643,33,4,-0.5,-0.5,-0.08741665829867122,-0.21501511419862504,0.5014393273215196
1644,33,5,-0.5,-0.5,-0.07759725590303537,-0.19739633112683888,0.5196085628972482
1645,33,6,-0.5,-0.5,-0.0800764096560925,-0.20105158504520354,0.5154667559904353
1646,33,7,-0.5,-0.5,-0.09360783725460319,-0.225202394045116,0.49057956967184924
1647,33,8,-0.5,-0.5,-0.08710058083768649,-0.208768652142788,0.5052738151926184
1648,33,9,-0.5,-0.5,-0.07451542353078895,-0.18630533008097958,0.528622238227628
1649,33,10,-0.5,-0.5,-0.06976920249374331,-0.18007480861567998,0.5361442596961786
1650,33,11,-0.5,-0.5,-0.07951960034785802,-0.19380538595990815,0.520152773864358
1651,33,12,-0.5,-0.5,-0.07287106002204313,-0.17713111493283049,0.535428284937591
1652,33,13,-0.5,-0.5,-0.07984759494049237,-0.19245875524784598,0.5206819189303513
1653,33,14,-0.5,-0.5,-0.060773756693482596,-0.1538113020669801,0.5592551362175547
1654,33,15,-0.5,-0.5,-0.07304237396863712,-0.17900935152848244,0.5341608473414188
1655,33,16,-0.5,-0.5,-0.08394754854781755,-0.1980741077440557,0.5140611702647057
1656,33,17,-0.5,-0.5,-0.08918444489002555,-0.20381367580536047,0.5064541035081546
1657,33,18,-0.5,-0.5,-0.10926287692976228,-0.19119681381692616,0.4980310303003461
1658,33,19,-0.5,-0.5,-0.10806751450433891,-0.20777991537707136,0.48887999656749936
1659,33,20,-0.5,-0.5,-0.08780033578847042,-0.19240911838531452,0.514315772292273
1660,33,21,-0.5,-0.5,-0.08945704781275922,-0.207425870756149,0.504128095520784
1661,33,22,-0.5,-0.5,-0.07926864398800684,-0.1910573525050161,0.5219774261142913
1662,33,23,-0.5,-0.5,-0.06981764963565615,-0.18018264054985983,0.5360410413118115
1663,33,24,-0.5,-0.5,-0.07726822209267659,-0.20070883369259535,0.5179549770803763
1664,33,25,-0.5,-0.5,-0.07863733732040912,-0.1978010293351486,0.5185274451476319
1665,33,26,-0.5,-0.5,-0.08850342576042147,-0.21597096418885509,0.5000019237910167
1666,33,27,-0.5,-0.5,-0.1033042602840536,-0.2116783342449236,0.4904048254784652
1667,33,28,-0.5,-0.5,-0.1045891566249163,-0.21601592870373104,0.48682305595421355
1668,33,29,-0.5,-0.5,-0.1099192670206926,-0.23120155195666353,0.47372521983970833
1669,33,30,-0.5,-0.5,-0.10978395117863925,-0.23953245065799456,0.46916085622948617
1670,33,31,-0.5,-0.5,-0.13163966200233934,-0.22589554277592666,0.459154213832188
1671,33,32,-0.5,-0.5,-0.15791013720668362,-0.2537796121962233,0.4214854132662152
1672,33,33,-0.5,-0.5,-0.1287931437852572,-0.22503349090508168,0.4619535812445646
1673,33,34,-0.5,-0.5,-0.1139151357008828,-0.21067236297750552,0.48246451059729567
1674,33,35,-0.5,-0.5,-0.11345312810695858,-0.2199680547256952,0.47732208679717164
1675,33,36,-0.5,-0.5,-0.10487108724047425,-0.21650110614675083,0.4863110943773962
1676,33,37,-0.5,-0.5,-0.095032632675874,-0.21205752047563053,0.49689982905216973
1677,33,38,-0.5,-0.5,-0.08794752158619505,-0.20766401605670767,0.5052203207265639
1678,33,39,-0.5,-0.5,-0.07026274182923911,-0.19163244288966635,0.528927841334069
1679,33,40,-0.5,-0.5,-0.07787576839297805,-0.1949475837276767,0.5208126760970796
1680,33,41,-0.5,-0.5,-0.08816675014772868,-0.21640444723451865,0.5000330621391372
1681,33,42,-0.5,-0.5,-0.09675357433393794,-0.22851612914978775,0.486118475213882
1682,33,43,-0.5,-0.5,-0.0782277088320716,-0.19357529033785578,0.5213328766619013
1683,33,44,-0.5,-0.5,-0.08385691599741822,-0.19902482901708146,0.5135767906665729
1684,33,45,-0.5,-0.5,-0.08444262385057083,-0.2007416163115412,0.5120971715212134
1685,33,46,-0.5,-0.5,-0.09807373273154765,-0.22438897311291067,0.4873460397521532
1686,33,47,-0.5,-0.5,-0.1045801692351348,-0.23893242412528076,0.47382815633435815
1687,33,48,-0.5,-0.5,-0.0985034152568631,-0.23202405704661683,0.48271172925687
1688,34,0,-0.4,-0.5,-0.15486744046211243,-0.2646351754665375,0.3398331537288021
1689,34,1,-0.4,-0.5,-0.15347148478031158,-0.26313599944114685,0.34187843391645595
1690,34,2,-0.4,-0.5,-0.16099454015493392,-0.26626103222370145,0.3343015328904147
1691,34,3,-0.4,-0.5,-0.16879574194550512,-0.2708998796343803,0.32548774799379304
1692,34,4,-0.4,-0.5,-0.1645468077510595,-0.26716318169236175,0.33113621019127565
1693,34,5,-0.4,-0.5,-0.171038462819159,-0.26831990388333793,0.325728494984457
1694,34,6,-0.4,-0.5,-0.16525672015652057,-0.267221789907515,0.3305905360495596
1695,34,7,-0.4,-0.5,-0.16032933787478504,-0.2685004581468999,0.3332177428675343
1696,34,8,-0.4,-0.5,-0.16398198025605526,-0.2663523005068689,0.3321080443504577
1697,34,9,-0.4,-0.5,-0.1685215635302366,-0.26737895932140676,0.32816888200571065
1698,34,10,-0.4,-0.5,-0.20088066878337568,-0.2774887226863693,0.29859634390912965
1699,34,11,-0.4,-0.5,-0.19361462946428093,-0.27393559614725843,0.30610461587578436
1700,34,12,-0.4,-0.5,-0.18713135549411436,-0.27341090838050397,0.31089496016294876
1701,34,13,-0.4,-0.5,-0.17977912247468714,-0.27401416639442133,0.31554212379399865
1702,34,14,-0.4,-0.5,-0.18317787164651134,-0.2732885777748467,0.3137035293252029
1703,34,15,-0.4,-0.5,-0.16329470594666345,-0.2677926242210258,0.3315865823567568
1704,34,16,-0.4,-0.5,-0.1643272168830967,-0.2669504517217926,0.3314419295362967
1705,34,17,-0.4,-0.5,-0.16535300604275416,-0.2658300681641019,0.33150379899663435
1706,34,18,-0.4,-0.5,-0.1654556255960473,-0.2650993991505326,0.3319478209658596
1707,34,19,-0.4,-0.5,-0.1669334911303526,-0.26317599813420123,0.33227338957012087
1708,34,20,-0.4,-0.5,-0.19214356939969102,-0.27142047266359115,0.3089545210208732
1709,34,21,-0.4,-0.5,-0.18224233488921668,-0.2702495114618191,0.31654966071381735
1710,34,22,-0.4,-0.5,-0.1865534491387908,-0.27179650362626256,0.31246802369481774
1711,34,23,-0.4,-0.5,-0.19404421497717828,-0.2752569439749606,0.3048396736250726
1712,34,24,-0.4,-0.5,-0.18617022012208628,-0.2714644666431825,0.31297230671310533
1713,34,25,-0.4,-0.5,-0.18389137965613908,-0.27413935334910317,0.31259553338537693
1714,34,26,-0.4,-0.5,-0.18349090086938952,-0.2718911678592419,0.3144993311709408
1715,34,27,-0.4,-0.5,-0.1798266550626895,-0.2738340375522811,0.31563799579706325
1716,34,28,-0.4,-0.5,-0.1777083959687331,-0.2706775997469849,0.31937802128605786
1717,34,29,-0.4,-0.5,-0.17715382879535407,-0.2688503795934735,0.32107719170730836
1718,34,30,-0.4,-0.5,-0.16228918645672039,-0.2633231266191714,0.3354435470667645
1719,34,31,-0.4,-0.5,-0.15648810952628078,-0.26445017344711014,0.33879457137206487
1720,34,32,-0.4,-0.5,-0.1565151137392431,-0.26744573276112926,0.33669923826528303
1721,34,33,-0.4,-0.5,-0.16508193965718115,-0.27032948605824825,0.3285346862197364
1722,34,34,-0.4,-0.5,-0.16621007481391703,-0.26866556555853804,0.32889717188943013
1723,34,35,-0.4,-0.5,-0.16660734883370829,-0.2672599409578101,0.32960592334087746
1724,34,36,-0.4,-0.5,-0.1692991694807607,-0.26543883265957224,0.3290012377277188
1725,34,37,-0.4,-0.5,-0.16685335722562855,-0.2632979357971101,0.3322427188590736
1726,34,38,-0.4,-0.5,-0.1675302428096337,-0.2628423922571882,0.33209323829075665
1727,34,39,-0.4,-0.5,-0.1625851779642564,-0.2620359487652124,0.33614384927042235
1728,34,40,-0.4,-0.5,-0.14780348341902128,-0.2564388989531536,0.3506067496765172
1729,34,41,-0.4,-0.5,-0.15404493521519522,-0.25757038348778855,0.345349117351638
1730,34,42,-0.4,-0.5,-0.1600064013164005,-0.2598801059296264,0.33949151821138634
1731,34,43,-0.4,-0.5,-0.1844894450537893,-0.270931125873265,0.3145112849913555
1732,34,44,-0.4,-0.5,-0.2307111703497939,-0.29190628611619884,0.2682567829567219
1733,34,45,-0.4,-0.5,-0.1985787307918013,-0.2835126828998618,0.2956979644073619
1734,34,46,-0.4,-0.5,-0.18847978899776524,-0.2781929948225821,0.3064949383076416
1735,34,47,-0.4,-0.5,-0.2182657266947598,-0.30075962690578334,0.2696740112886416
1736,34,48,-0.4,-0.5,-0.18500865739634428,-0.2874810789391051,0.30230046179820724
1737,35,0,-0.3,-0.5,-0.06362717598676682,-0.30435416102409363,0.3068377523066176
1738,35,1,-0.3,-0.5,-0.056164222210645674,-0.3101609021425247,0.3090222801117736
1739,35,2,-0.3,-0.5,-0.0648872972279787,-0.30850303858518596,0.3032310492609086
1740,35,3,-0.3,-0.5,-0.06450865959376095,-0.30625935974717133,0.3049452526141424
1741,35,4,-0.3,-0.5,-0.06082935675159095,-0.3107271254867315,0.30500297968769624
1742,35,5,-0.3,-0.5,-0.09801299453698098,-0.30934331839948886,0.2777565851871677
1743,35,6,-0.3,-0.5,-0.08781007832930235,-0.3082912993229329,0.28596641196809475
1744,35,7,-0.3,-0.5,-0.07948085104080063,-0.29946633599776323,0.29806449881837915
1745,35,8,-0.3,-0.5,-0.0892760341788969,-0.3002681125780424,0.29034017397616707
1746,35,9,-0.3,-0.5,-0.08479030676662416,-0.30264111684822403,0.2920029808418402
1747,35,10,-0.3,-0.5,-0.07449509375875835,-0.3063610208923057,0.2972347842510046
1748,35,11,-0.3,-0.5,-0.07679599048207154,-0.28872131645938803,0.30734136067821
1749,35,12,-0.3,-0.5,-0.07132882515645986,-0.29782991248550744,0.30522655600380266
1750,35,13,-0.3,-0.5,-0.06714080644686893,-0.30576803929336777,0.303231691256302
1751,35,14,-0.3,-0.5,-0.06037087960668318,-0.308628634141977,0.30666775997949314
1752,35,15,-0.3,-0.5,-0.07718343666731853,-0.308275337883797,0.2939482385709413
1753,35,16,-0.3,-0.5,-0.07632507276612199,-0.3074516684892542,0.29513612628862074
1754,35,17,-0.3,-0.5,-0.06205619498545303,-0.3093542210020559,0.30489845423441175
1755,35,18,-0.3,-0.5,-0.06307128034152648,-0.3079692608347094,0.3049770859972457
1756,35,19,-0.3,-0.5,-0.05906190994861367,-0.30600856943541654,0.30932804329724706
1757,35,20,-0.3,-0.5,-0.10059872534312655,-0.31091737193395413,0.27479648573289384
1758,35,21,-0.3,-0.5,-0.09081028661635016,-0.3107750913478017,0.2820751712575326
1759,35,22,-0.3,-0.5,-0.10777497622424906,-0.30101584103544116,0.2766679513142439
1760,35,23,-0.3,-0.5,-0.09092455700673839,-0.30645521277971755,0.2849072226584875
1761,35,24,-0.3,-0.5,-0.08413561897423591,-0.30508191641520843,0.2908444434813979
1762,35,25,-0.3,-0.5,-0.08137338486177433,-0.3048671839579539,0.2930433632473134
1763,35,26,-0.3,-0.5,-0.07525830294990435,-0.3077587376595753,0.2957457241266507
1764,35,27,-0.3,-0.5,-0.07147623080425189,-0.31056457294949413,0.2968314237226899
1765,35,28,-0.3,-0.5,-0.05928629087794729,-0.3108007160201665,0.30616900368551003
1766,35,29,-0.3,-0.5,-0.0631137824373666,-0.3126797689162192,0.30199991563643247
1767,35,30,-0.3,-0.5,-0.06504078312934006,-0.31100346835590875,0.30153859216685647
1768,35,31,-0.3,-0.5,-0.06707068530673181,-0.31576716338094307,0.2969811504661191
1769,35,32,-0.3,-0.5,-0.06489442361958897,-0.3147916009440756,0.2992938073633062
1770,35,33,-0.3,-0.5,-0.0681526658584441,-0.3138476388941522,0.2973312763464823
1771,35,34,-0.3,-0.5,-0.06355254782784339,-0.3152646029098054,0.30005760209795745
1772,35,35,-0.3,-0.5,-0.06655973646525393,-0.31512957442524575,0.29777748553468986
1773,35,36,-0.3,-0.5,-0.06342768164911562,-0.3156432274987874,0.2999231257788836
1774,35,37,-0.3,-0.5,-0.05506554340031828,-0.31336544899219315,0.3079372398065343
1775,35,38,-0.3,-0.5,-0.05617383635337114,-0.31102549298258453,0.3084842984352815
1776,35,39,-0.3,-0.5,-0.06706575141754222,-0.30304696047858676,0.305039118703483
1777,35,40,-0.3,-0.5,-0.0605585228451543,-0.30591898380904786,0.3082201515602235
1778,35,41,-0.3,-0.5,-0.08910159128247867,-0.29952648633154805,0.2909772645451147
1779,35,42,-0.3,-0.5,-0.1193434149040522,-0.3061127120991826,0.26500770205423063
1780,35,43,-0.3,-0.5,-0.10422573834753228,-0.30769286238334537,0.27442594028968875
1781,35,44,-0.3,-0.5,-0.09074880749054089,-0.3104759919467307,0.2823214678256091
1782,35,45,-0.3,-0.5,-0.07473277808772658,-0.3090380904551263,0.29531639332264975
1783,35,46,-0.3,-0.5,-0.07346563173416251,-0.31130296033950056,0.29482942997984135
1784,35,47,-0.3,-0.5,-0.07028044554748233,-0.31174538164965293,0.2970031565961851
1785,35,48,-0.3,-0.5,-0.06391216670682695,-0.31536677321535733,0.2997113502388162
1786,36,0,-0.2,-0.5,0.01982228457927704,-0.249333456158638,0.3333999895006389
1787,36,1,-0.2,-0.5,0.025343017280101778,-0.25205330103635787,0.3350478189212209
1788,36,2,-0.2,-0.5,0.03725485011935234,-0.25709969535470006,0.33954443288314395
1789,36,3,-0.2,-0.5,0.042470896527171134,-0.25665167485177515,0.3435266263554199
1790,36,4,-0.2,-0.5,0.040862236668169495,-0.2526174834385514,0.34527196027634316
1791,36,5,-0.2,-0.5,0.038840835516303775,-0.25566414055332537,0.3416796115100683
1792,36,6,-0.2,-0.5,0.036708746013298627,-0.2548613552249819,0.34076969583770333
1793,36,7,-0.2,-0.5,0.03417370201158374,-0.2560586574473127,0.3381489336375579
1794,36,8,-0.2,-0.5,0.038578399635409266,-0.256949474410087,0.34057776022830094
1795,36,9,-0.2,-0.5,0.03548955846025394,-0.2561455299428195,0.33899901874588617
1796,36,10,-0.2,-0.5,0.03560908684865328,-0.2547376047551397,0.3400959928121799
1797,36,11,-0.2,-0.5,0.043438104637612746,-0.2545639707332685,0.34568910201476294
1798,36,12,-0.2,-0.5,0.03856118544310817,-0.254959994910169,0.3419883671917006
1799,36,13,-0.2,-0.5,0.037159394393954104,-0.25208787823776985,0.3430816207055661
1800,36,14,-0.2,-0.5,0.041073055882667894,-0.25504811995766963,0.3436824723620338
1801,36,15,-0.2,-0.5,0.04621053390064912,-0.2591068136242994,0.3444548653247341
1802,36,16,-0.2,-0.5,-0.000440266662325918,-0.25512943330244003,0.3158887171213745
1803,36,17,-0.2,-0.5,0.01614082892394014,-0.2574819074470306,0.32485671171065345
1804,36,18,-0.2,-0.5,0.028969813662361732,-0.2565856638033145,0.3341821578640154
1805,36,19,-0.2,-0.5,-0.007277917867586869,-0.2560697748000689,0.31087578822986794
1806,36,20,-0.2,-0.5,0.01299627780518919,-0.26360731995251646,0.31819634432044824
1807,36,21,-0.2,-0.5,0.019361640629384842,-0.26424307597977725,0.32202617378575377
1808,36,22,-0.2,-0.5,0.030825821242779244,-0.26718416890811886,0.3278471762260685
1809,36,23,-0.2,-0.5,0.03155010553939623,-0.2650868689707753,0.32984788995120046
1810,36,24,-0.2,-0.5,0.039172464151386796,-0.2659469253802583,0.33464056739612547
1811,36,25,-0.2,-0.5,0.042937862850669084,-0.2670759027092655,0.33655971283734193
1812,36,26,-0.2,-0.5,0.04133245704989646,-0.26533328745984036,0.3366152414852097
1813,36,27,-0.2,-0.5,0.04296985964869171,-0.26094749349312085,0.34085253932591797
1814,36,28,-0.2,-0.5,0.04491360078877505,-0.2599964722451495,0.34290576721031796
1815,36,29,-0.2,-0.5,0.028346269711240202,-0.2571219314257154,0.33336432785379627
1816,36,30,-0.2,-0.5,0.03569442065464343,-0.2562364147488171,0.3390760171734927
1817,36,31,-0.2,-0.5,0.042557232303766596,-0.25965275014129535,0.34146860976890103
1818,36,32,-0.2,-0.5,0.01674688585732751,-0.26613455366374134,0.3188608779999623
1819,36,33,-0.2,-0.5,-0.010342229309737074,-0.26483491804099835,0.30211369673681515
1820,36,34,-0.2,-0.5,0.0015519807913486451,-0.2655294291389756,0.3091919299736182
1821,36,35,-0.2,-0.5,0.012978425137699545,-0.2620176023790181,0.3193672355636467
1822,36,36,-0.2,-0.5,0.023255184400827317,-0.26663829014542284,0.3229559799540787
1823,36,37,-0.2,-0.5,0.02852699019126638,-0.2639697391598404,0.3285344263211284
1824,36,38,-0.2,-0.5,0.01644579594660581,-0.26373242032193006,0.3204233945733252
1825,36,39,-0.2,-0.5,0.03064063308368272,-0.26427662654880685,0.32978873604241343
1826,36,40,-0.2,-0.5,0.028438606186818104,-0.26391559142783083,0.32851186396756976
1827,36,41,-0.2,-0.5,0.03925765586582593,-0.2673608015898899,0.33371428277391507
1828,36,42,-0.2,-0.5,-0.008224143357262615,-0.25978011147646357,0.3073818049809
1829,36,43,-0.2,-0.5,0.012359123786459444,-0.2648056852770624,0.31687972976090634
1830,36,44,-0.2,-0.5,0.018745860161502217,-0.26406457876830736,0.3217378969434153
1831,36,45,-0.2,-0.5,0.03153082677869333,-0.26415865320929494,0.3304960886377915
1832,36,46,-0.2,-0.5,0.041482068244654266,-0.2646655588276985,0.3371882092920737
1833,36,47,-0.2,-0.5,0.0418651168553301,-0.26670588396484274,0.3360429724426147
1834,36,48,-0.2,-0.5,0.04221822996991752,-0.2708336029424889,0.33344700998821486
1835,37,0,-0.1,-0.5,0.03447540104389191,-0.43616706132888794,0.14885656702109423
1836,37,1,-0.1,-0.5,0.03217848911881447,-0.4364455819129944,0.14666395959509093
1837,37,2,-0.1,-0.5,0.030837622210383414,-0.43894412577152253,0.14438248911648072
1838,37,3,-0.1,-0.5,0.03498697141557931,-0.4443313799500465,0.1460153338188031
1839,37,4,-0.1,-0.5,0.03533990807160735,-0.4444050327479839,0.14631367366238834
1840,37,5,-0.1,-0.5,0.036387578534856434,-0.44380782593071455,0.1475097691857543
1841,37,6,-0.1,-0.5,0.020305837563119825,-0.4322506744081377,0.13807050977640353
1842,37,7,-0.1,-0.5,0.029168210685262826,-0.4422978282859146,0.14147072938298666
1843,37,8,-0.1,-0.5,0.030542105269438846,-0.44228057807913945,0.14273322288470744
1844,37,9,-0.1,-0.5,0.030969515326027847,-0.4408477815226919,0.14370803351073258
1845,37,10,-0.1,-0.5,0.03372187084722851,-0.4412834446197097,0.14604510474031496
1846,37,11,-0.1,-0.5,0.03345786126194233,-0.44056879385270087,0.14609267263191064
1847,37,12,-0.1,-0.5,0.03415999848858996,-0.44281661344339635,0.14583842049521936
1848,37,13,-0.1,-0.5,0.035142410322542374,-0.44589460971891015,0.14557082236923533
1849,37,14,-0.1,-0.5,0.03631513587351716,-0.44332330681937326,0.14762812678519752
1850,37,15,-0.1,-0.5,0.036016480775686636,-0.4430186100864427,0.14746986756311808
1851,37,16,-0.1,-0.5,0.006158254699318383,-0.4245602392797481,0.1302333772054392
1852,37,17,-0.1,-0.5,0.014878306298937539,-0.43002401814375,0.13451268822999093
1853,37,18,-0.1,-0.5,0.020058806445837317,-0.4324823818391519,0.13774159055025145
1854,37,19,-0.1,-0.5,0.02257310375039598,-0.430367766941604,0.14097096737876247
1855,37,20,-0.1,-0.5,0.025900764685127878,-0.4270432495946803,0.14551182075008223
1856,37,21,-0.1,-0.5,0.028705649470167974,-0.4312749915036145,0.1459050067625029
1857,37,22,-0.1,-0.5,0.030687160319501493,-0.4333147276340731,0.14671761797034785
1858,37,23,-0.1,-0.5,0.03259741407482826,-0.4366516677766209,0.14695266385749894
1859,37,24,-0.1,-0.5,0.03515090420141123,-0.44154841857755334,0.14724929296008166
1860,37,25,-0.1,-0.5,0.036038394639949116,-0.43907916456781726,0.1490563417167134
1861,37,26,-0.1,-0.5,0.005879353840194224,-0.4221730315409703,0.13140576315040317
1862,37,27,-0.1,-0.5,0.012930015177855348,-0.42623326764561953,0.13488780200712533
1863,37,28,-0.1,-0.5,0.021676277981132884,-0.43258202781519045,0.13910535430691975
1864,37,29,-0.1,-0.5,0.018481244500628543,-0.42643121974834325,0.13946386889131637
1865,37,30,-0.1,-0.5,0.024013650068944695,-0.43031311500090325,0.14225205567688645
1866,37,31,-0.1,-0.5,0.0282142787223202,-0.4349507066370305,0.14377173517526484
1867,37,32,-0.1,-0.5,0.03119015746629232,-0.4359799068106094,0.1459774974028834
1868,37,33,-0.1,-0.5,0.03347537033082242,-0.44017041014164837,0.1462711670411116
1869,37,34,-0.1,-0.5,0.03452706862116691,-0.4405183454411338,0.14709044639562574
1870,37,35,-0.1,-0.5,0.03377092550235376,-0.44300750812291867,0.14540565546124903
1871,37,36,-0.1,-0.5,0.033230621556700965,-0.4408788327801211,0.14575908525311812
1872,37,37,-0.1,-0.5,0.029305279014689913,-0.43526715249812487,0.14460358476458263
1873,37,38,-0.1,-0.5,0.03402234820597195,-0.43835650233126794,0.1475191873061866
1874,37,39,-0.1,-0.5,0.0335838578209378,-0.43758994085975467,0.14744376064185774
1875,37,40,-0.1,-0.5,0.03351227615729653,-0.43748537123572406,0.14742322304927896
1876,37,41,-0.1,-0.5,0.034775324882258755,-0.43915773624440135,0.14787213820062328
1877,37,42,-0.1,-0.5,0.03261291434847598,-0.4326975428658929,0.1487138385903765
1878,37,43,-0.1,-0.5,0.03283070688782433,-0.436095300169661,0.14740355271405378
1879,37,44,-0.1,-0.5,0.01595913187401304,-0.42869980533551383,0.13612581689072933
1880,37,45,-0.1,-0.5,0.020066404303071564,-0.4315937616402094,0.13818594316646368
1881,37,46,-0.1,-0.5,0.021877726437757775,-0.43280495311637013,0.13917382845682638
1882,37,47,-0.1,-0.5,0.02609655570534592,-0.4370715397007614,0.1409266918521266
1883,37,48,-0.1,-0.5,0.01304942511601654,-0.4220180058663234,0.13733668092729853
1884,37,49,-0.1,-0.5,0.014739576232019911,-0.4250912766585351,0.13702732277378712
1885,38,0,0.0,-0.5,-0.13112211227416992,-0.27285876870155334,0.26227113314853095
1886,38,1,0.0,-0.5,-0.13143982887268066,-0.2741979598999023,0.2612718697591566
1887,38,2,0.0,-0.5,-0.12886558279395102,-0.2739764648675918,0.26017874022021015
1888,38,3,0.0,-0.5,-0.12445798529684542,-0.2737883645892143,0.25818887291936504
1889,38,4,0.0,-0.5,-0.12174633676260707,-0.2738973332464695,0.2567967804085016
1890,38,5,0.0,-0.5,-0.1013206038536131,-0.2848377648109197,0.2378248351556706
1891,38,6,0.0,-0.5,-0.11173196639250216,-0.2806576546211838,0.24616071333625747
1892,38,7,0.0,-0.5,-0.10676271447481063,-0.28235661778110854,0.24241889164359368
1893,38,8,0.0,-0.5,-0.09974673748273594,-0.28775164937258774,0.2345181740985265
1894,38,9,0.0,-0.5,-0.0717691640275842,-0.3017313482234548,0.21085841501468994
1895,38,10,0.0,-0.5,-0.07421211075312775,-0.3101479770053197,0.2038411833207586
1896,38,11,0.0,-0.5,-0.07712911834387796,-0.3068818045572577,0.20795080742224864
1897,38,12,0.0,-0.5,-0.08889335631378661,-0.2978643193882005,0.2208186182664977
1898,38,13,0.0,-0.5,-0.09916942583852728,-0.2916499088733303,0.23074734124932994
1899,38,14,0.0,-0.5,-0.10670261097087069,-0.2851939029862717,0.239848090470348
1900,38,15,0.0,-0.5,-0.10324499988052768,-0.28709255448571486,0.23662018163239681
1901,38,16,0.0,-0.5,-0.10233142761831944,-0.28628018850201514,0.23695543653847137
1902,38,17,0.0,-0.5,-0.0963128753196381,-0.28936696298797826,0.2316083898161806
1903,38,18,0.0,-0.5,-0.09942145654398477,-0.2861448692631317,0.23583605102657754
1904,38,19,0.0,-0.5,-0.10877846336550306,-0.2829415199305728,0.2427903166565957
1905,38,20,0.0,-0.5,-0.10721794028412057,-0.2835351733368914,0.2415630516057017
1906,38,21,0.0,-0.5,-0.11005968855352727,-0.2822875733774499,0.2439504780695842
1907,38,22,0.0,-0.5,-0.114834737326424,-0.28060662239006334,0.24762970547962346
1908,38,23,0.0,-0.5,-0.11322481615543808,-0.2813150668387395,0.2462579115179403
1909,38,24,0.0,-0.5,-0.10642530101776432,-0.2853618203571784,0.23957439941927414
1910,38,25,0.0,-0.5,-0.10011728162336565,-0.29004713170527846,0.23260197115422948
1911,38,26,0.0,-0.5,-0.09703978636202962,-0.29170091242551405,0.22979388595337283
1912,38,27,0.0,-0.5,-0.09667130973772631,-0.29007325474095064,0.2311159460129595
1913,38,28,0.0,-0.5,-0.09476449034398295,-0.29159381421973507,0.22893983249236716
1914,38,29,0.0,-0.5,-0.09215636933098084,-0.2930179705500517,0.22657086512499222
1915,38,30,0.0,-0.5,-0.08968317701394252,-0.29467149368881573,0.22405996461504715
1916,38,31,0.0,-0.5,-0.0967431841868403,-0.28976013118397764,0.23143043474527544
1917,38,32,0.0,-0.5,-0.10464621608503358,-0.2843822608198732,0.23967027348018094
1918,38,33,0.0,-0.5,-0.10666719493799792,-0.28758881279470594,0.23768971985742954
1919,38,34,0.0,-0.5,-0.1013977482147353,-0.28994503271628863,0.23324792094160218
1920,38,35,0.0,-0.5,-0.10718646401754378,-0.285161635840283,0.24009260876463354
1921,38,36,0.0,-0.5,-0.1080766005139942,-0.28387091467285386,0.24164505602848635
1922,38,37,0.0,-0.5,-0.08505016520370806,-0.2940866503780381,0.22278653045845107
1923,38,38,0.0,-0.5,-0.07990347562556302,-0.2989932107493984,0.2163060210486077
1924,38,39,0.0,-0.5,-0.08938643016246342,-0.2919263646300629,0.22646097154532058
1925,38,40,0.0,-0.5,-0.09148535802442996,-0.29085229771407406,0.22828125657692624
1926,38,41,0.0,-0.5,-0.09907462618882873,-0.2859094635243254,0.23590366542912874
1927,38,42,0.0,-0.5,-0.09401437908902557,-0.29072974492276965,0.2294182711459226
1928,38,43,0.0,-0.5,-0.08248744199023995,-0.2960645919880835,0.2199859739326125
1929,38,44,0.0,-0.5,-0.0717622022086625,-0.2990322844275929,0.21339596146185355
1930,38,45,0.0,-0.5,-0.08264374148626837,-0.29344735793892224,0.22247242963850794
1931,38,46,0.0,-0.5,-0.09103733190144894,-0.28910977519389564,0.22970085484931005
1932,38,47,0.0,-0.5,-0.0967466242290741,-0.2859225572525025,0.23492352115748166
1933,38,48,0.0,-0.5,-0.09244314035018722,-0.2905718178515625,0.22892334454092603
1934,38,49,0.0,-0.5,-0.10177555745013861,-0.28521877861772915,0.2376746455824569
1935,39,0,0.1,-0.5,0.10122741013765335,-0.49380138516426086,0.006318968391110967
1936,39,1,0.1,-0.5,0.10006487816572189,-0.4967250913381577,0.00327555123907371
1937,39,2,0.1,-0.5,0.10196874231100082,-0.5027254942059517,0.0033621815765661886
1938,39,3,0.1,-0.5,0.09168267208337784,-0.5008934076726437,0.008365173096963448
1939,39,4,0.1,-0.5,0.0927495543718338,-0.504143138256669,0.008350721910162546
1940,39,5,0.1,-0.5,0.09271846430420876,-0.5041071908363699,0.008360010685127324
1941,39,6,0.1,-0.5,0.09093315329992771,-0.5016054367703496,0.009207884464207972
1942,39,7,0.1,-0.5,0.09204853598068952,-0.49926807472880774,0.007985079501983633
1943,39,8,0.1,-0.5,0.096411908086673,-0.49887438310030363,0.0037605075433197405
1944,39,9,0.1,-0.5,0.09709997906443964,-0.5001269696651923,0.002902799118534985
1945,39,10,0.1,-0.5,0.09702971059988183,-0.5038045429139653,0.0048267137790278854
1946,39,11,0.1,-0.5,0.09700946370996205,-0.5058023659452322,0.006527691618361299
1947,39,12,0.1,-0.5,0.09702043659653282,-0.5079189588273729,0.008460951895910323
1948,39,13,0.1,-0.5,0.10087246074295253,-0.5107605968665695,0.01079590814488612
1949,39,14,0.1,-0.5,0.10007268077941087,-0.5069711387481421,0.006971517621116986
1950,39,15,0.1,-0.5,0.09878153051702124,-0.5030421799648097,0.003277121727864279
1951,39,16,0.1,-0.5,0.09983609107174038,-0.5033651481429541,0.0033691375989695783
1952,39,17,0.1,-0.5,0.09576110855665099,-0.5028904004148506,0.005130557009396329
1953,39,18,0.1,-0.5,0.09682811941850586,-0.5070116168535057,0.007695686929938415
1954,39,19,0.1,-0.5,0.09687717882100623,-0.5092513255669089,0.009764171079047831
1955,39,20,0.1,-0.5,0.09630390171321945,-0.5086541498378304,0.009410390638074615
1956,39,21,0.1,-0.5,0.0977178195106874,-0.5061096178762884,0.0065219459044108695
1957,39,22,0.1,-0.5,0.0956809662572069,-0.5018520870895127,0.004699391349794669
1958,39,23,0.1,-0.5,0.09690317535937489,-0.5020041707519349,0.003688769884079831
1959,39,24,0.1,-0.5,0.09744418802041274,-0.502312724824206,0.0034468639351590744
1960,39,25,0.1,-0.5,0.09649297718728506,-0.5026662742344729,0.004405476966494874
1961,39,26,0.1,-0.5,0.09664106828140662,-0.5112781203462415,0.01176768544933455
1962,39,27,0.1,-0.5,0.09683195748445601,-0.5114559246770156,0.011885903566231289
1963,39,28,0.1,-0.5,0.07089835950694529,-0.4897048184841999,0.030869017506721438
1964,39,29,0.1,-0.5,0.08036950835857225,-0.49087533421308693,0.021647533989048888
1965,39,30,0.1,-0.5,0.08866198263060451,-0.49121165620181584,0.014345230028960704
1966,39,31,0.1,-0.5,0.09030574566169561,-0.4927377248091055,0.01211277045617622
1967,39,32,0.1,-0.5,0.09194501121074743,-0.49670443942127496,0.008703077841949437
1968,39,33,0.1,-0.5,0.09317307065389106,-0.5009958188432903,0.006899175274292965
1969,39,34,0.1,-0.5,0.09609305111888135,-0.506272026746364,0.007389355118464613
1970,39,35,0.1,-0.5,0.095290820288918,-0.5082388522170226,0.00948973442226938
1971,39,36,0.1,-0.5,0.09665083347934793,-0.5070512951770989,0.007806259030908147
1972,39,37,0.1,-0.5,0.09968480911279537,-0.5002624345771172,0.00041014290514832885
1973,39,38,0.1,-0.5,0.07588028324144454,-0.4803134527868219,0.031133918444192523
1974,39,39,0.1,-0.5,0.08058507853496233,-0.4871029008374941,0.023308246229630653
1975,39,40,0.1,-0.5,0.08546608840052,-0.49434415740394905,0.015595612904044643
1976,39,41,0.1,-0.5,0.0887019518339296,-0.5008125421388648,0.011327229011999274
1977,39,42,0.1,-0.5,0.08967059262857455,-0.5041553757477395,0.011133903369877081
1978,39,43,0.1,-0.5,0.08689502885725033,-0.48265533122639004,0.02173885469656905
1979,39,44,0.1,-0.5,0.09224615129381569,-0.48765235375617044,0.014580347647472413
1980,39,45,0.1,-0.5,0.08804785527572141,-0.48835800053554634,0.016685020678454066
1981,39,46,0.1,-0.5,0.09107884960819854,-0.49198311938161154,0.011994052657989791
1982,39,47,0.1,-0.5,0.09235206011150976,-0.4953201796742295,0.008966142025389466
1983,39,48,0.1,-0.5,0.09344435691088725,-0.49972310367151196,0.006561488237325587
1984,39,49,0.1,-0.5,0.09398858990743957,-0.5034042307937827,0.006908389001661386
1985,40,0,0.2,-0.5,0.062064528465270996,-0.38336068391799927,0.1806403176580049
1986,40,1,0.2,-0.5,0.0615400493144989,-0.3831727594137192,0.1811622534824408
1987,40,2,0.2,-0.5,0.06589625939726829,-0.385986849963665,0.17601935014325157
1988,40,3,0.2,-0.5,0.06478908102214335,-0.38477713337540626,0.1776465637270404
1989,40,4,0.2,-0.5,0.06466623528152703,-0.38454459339082236,0.1778909182284625
1990,40,5,0.2,-0.5,0.06103529948338865,-0.3832255776801705,0.18151433468958142
1991,40,6,0.2,-0.5,0.06496606288196145,-0.38396779331120845,0.1780383025156914
1992,40,7,0.2,-0.5,0.062045152112732815,-0.3823954805015236,0.1812797922054925
1993,40,8,0.2,-0.5,0.039854450486524244,-0.36940631876340474,0.20664294473293437
1994,40,9,0.2,-0.5,0.04774861228833232,-0.3734839362598029,0.1979565594882932
1995,40,10,0.2,-0.5,0.05198744743723416,-0.3759666216261781,0.19311135302454177
1996,40,11,0.2,-0.5,0.05602990057827155,-0.3775387051027336,0.1890083550412987
1997,40,12,0.2,-0.5,0.0564230253471214,-0.3796194572870853,0.18736547898246686
1998,40,13,0.2,-0.5,0.05431761136862585,-0.37944395797823327,0.18909552513292513
1999,40,14,0.2,-0.5,0.055640375404050584,-0.37914173126381756,0.18827220276873252
2000,40,15,0.2,-0.5,0.058779286893152635,-0.381137916685278,0.18458462736729297
2001,40,16,0.2,-0.5,0.06126184938983163,-0.381969711650207,0.1821521984568538
2002,40,17,0.2,-0.5,0.06417631705646941,-0.38387201729233666,0.17870025522112742
2003,40,18,0.2,-0.5,0.06345901285640061,-0.3842732981043152,0.1789863422214144
2004,40,19,0.2,-0.5,0.06313068917912407,-0.3833459757405484,0.1798370640899875
2005,40,20,0.2,-0.5,0.044756250590736804,-0.36872222819393624,0.2033088170764147
2006,40,21,0.2,-0.5,0.05097807860121985,-0.37171286502407014,0.19663448847472476
2007,40,22,0.2,-0.5,0.05667110995473565,-0.37615599742778355,0.18942150800454166
2008,40,23,0.2,-0.5,0.057943669221952265,-0.37797871190184107,0.18726771174779708
2009,40,24,0.2,-0.5,0.06089749965420195,-0.3795827266624731,0.1839832202145006
2010,40,25,0.2,-0.5,0.056557960295136565,-0.3775393233632856,0.18860603404189788
2011,40,26,0.2,-0.5,0.05392160603246992,-0.3802635308260788,0.18888017162839066
2012,40,27,0.2,-0.5,0.05284570616671774,-0.3788868174263386,0.19058538555380633
2013,40,28,0.2,-0.5,0.05219237455261283,-0.3781247486388667,0.1915741919850754
2014,40,29,0.2,-0.5,0.05648270437094344,-0.37977982211124783,0.18721673353704588
2015,40,30,0.2,-0.5,0.05707073566596648,-0.37931527946003596,0.18706570069063233
2016,40,31,0.2,-0.5,0.05421034644143441,-0.3779943384481054,0.19010524594403497
2017,40,32,0.2,-0.5,0.05593739504682681,-0.3798626461055683,0.18758202991398182
2018,40,33,0.2,-0.5,0.06033500843790533,-0.37931338041015117,0.18458485857747067
2019,40,34,0.2,-0.5,0.060431568518113626,-0.3802369719971354,0.18390902626768743
2020,40,35,0.2,-0.5,0.04098354189235178,-0.3691590140621259,0.20592619442483853
2021,40,36,0.2,-0.5,0.0464341708625033,-0.37155348432583374,0.20020232582944855
2022,40,37,0.2,-0.5,0.04875508204333705,-0.3739654954350584,0.19687488806002656
2023,40,38,0.2,-0.5,0.05171666248304551,-0.3755241200579817,0.1936031840453736
2024,40,39,0.2,-0.5,0.052365638738513326,-0.3751132364747455,0.19337168440312041
2025,40,40,0.2,-0.5,0.0543637546876552,-0.3759769025419425,0.19128942639824165
2026,40,41,0.2,-0.5,0.057318740694288176,-0.3793272014540423,0.18686857966489998
2027,40,42,0.2,-0.5,0.05754522385795377,-0.3797173843043439,0.18644374723832763
2028,40,43,0.2,-0.5,0.05911111043711129,-0.38101128952504937,0.18441256037145487
2029,40,44,0.2,-0.5,0.06084730669631298,-0.3834929908490302,0.18148651529789792
2030,40,45,0.2,-0.5,0.05950904698512569,-0.3839360069854344,0.18223215510307933
2031,40,46,0.2,-0.5,0.06078876225093137,-0.3824395074582397,0.18220932501463527
2032,40,47,0.2,-0.5,0.06123196922299655,-0.3805963073070257,0.1830677694036982
2033,40,48,0.2,-0.5,0.05703807438204859,-0.38006122526792546,0.1866103476783214
2034,41,0,0.3,-0.5,0.012213729321956635,-0.17852932214736938,0.43146765152187927
2035,41,1,0.3,-0.5,-0.004495082795619965,-0.17402203083038328,0.4460705009644317
2036,41,2,0.3,-0.5,-0.0026233461499214172,-0.17075739443302151,0.4471930041441929
2037,41,3,0.3,-0.5,-0.0004487338811159133,-0.16697581607103346,0.4485248585890416
2038,41,4,0.3,-0.5,0.0036619638696312904,-0.16500034082531928,0.44725943623891934
2039,41,5,0.3,-0.5,0.0032610250966250893,-0.16761017743766304,0.44557492452978953
2040,41,6,0.3,-0.5,-0.0007455791116207839,-0.16575342896395917,0.44963170885129444
2041,41,7,0.3,-0.5,-0.004241206154854595,-0.16293657608796952,0.4540643822872059
2042,41,8,0.3,-0.5,-0.001747246741197556,-0.16192271661340055,0.45315300998443814
2043,41,9,0.3,-0.5,0.0022678066678251474,-0.16651137914364733,0.4470560582153648
2044,41,10,0.3,-0.5,0.0024474658142709686,-0.16687512916598357,0.44666507605646716
2045,41,11,0.3,-0.5,0.010815901388707633,-0.16919102286886717,0.4393882363470511
2046,41,12,0.3,-0.5,0.011108247171827169,-0.1702514639587609,0.4383976982985591
2047,41,13,0.3,-0.5,0.005002960102450459,-0.17035751698056711,0.4423657086162235
2048,41,14,0.3,-0.5,0.006712352162285771,-0.17031801949290332,0.4412571275857884
2049,41,15,0.3,-0.5,0.007795994428772616,-0.16717267878098813,0.44289638361776357
2050,41,16,0.3,-0.5,-0.01873495681724427,-0.16459098749429452,0.46269987936819595
2051,41,17,0.3,-0.5,-0.019345312839240177,-0.16341575885960785,0.4639723916532597
2052,41,18,0.3,-0.5,-0.012090242696646094,-0.17033761524761248,0.45395771554967834
2053,41,19,0.3,-0.5,-0.013174968466153014,-0.16814497260772357,0.45629630732595733
2054,41,20,0.3,-0.5,-0.008149204282455828,-0.16558264895246644,0.4547426709487026
2055,41,21,0.3,-0.5,-0.016716046472336082,-0.16357451719816876,0.46205103567843264
2056,41,22,0.3,-0.5,-0.005703008510630984,-0.16233586847725953,0.4554902799505797
2057,41,23,0.3,-0.5,2.686015111887357e-05,-0.16517716950138817,0.44954444992002573
2058,41,24,0.3,-0.5,-0.012902032390834105,-0.16530946854921466,0.45817620378749885
2059,41,25,0.3,-0.5,-0.010357381640792735,-0.16971120759765904,0.45322443747609786
2060,41,26,0.3,-0.5,-0.0017509479992037945,-0.17384383298401454,0.4443326230437932
2061,41,27,0.3,-0.5,0.002681485685635392,-0.17177902313283178,0.44286262950235394
2062,41,28,0.3,-0.5,0.00513242812062318,-0.16853510992276433,0.44363933358072905
2063,41,29,0.3,-0.5,0.009124704368646049,-0.17165012567821575,0.43865940953746685
2064,41,30,0.3,-0.5,0.01077301548661249,-0.16936054315873386,0.43928885598316153
2065,41,31,0.3,-0.5,0.010510861602614522,-0.16742038220858455,0.44092308107009387
2066,41,32,0.3,-0.5,0.011190318871570765,-0.1683353567469827,0.4397868432521102
2067,41,33,0.3,-0.5,0.015907684878829317,-0.16742899557392776,0.4373921769943686
2068,41,34,0.3,-0.5,0.017361191105272608,-0.16761861123947983,0.4363050353683788
2069,41,35,0.3,-0.5,0.009163293897110587,-0.17044660016711632,0.43953547406118537
2070,41,36,0.3,-0.5,0.013239450316924707,-0.1738772943156089,0.4342667751710318
2071,41,37,0.3,-0.5,0.011470884524692295,-0.1744246987676608,0.4350268121041413
2072,41,38,0.3,-0.5,0.005508049885468123,-0.17267716633510502,0.4403018806690206
2073,41,39,0.3,-0.5,0.007926488361781345,-0.1700176869338983,0.4406759162209065
2074,41,40,0.3,-0.5,0.01995311067443873,-0.17662678034646942,0.42778090117490486
2075,41,41,0.3,-0.5,0.01063007695137709,-0.17333976636410298,0.43639644889048396
2076,41,42,0.3,-0.5,0.009384803800398854,-0.16948043055391687,0.4401140511832778
2077,41,43,0.3,-0.5,0.010693335016598624,-0.16721915327449105,0.44095514324153734
2078,41,44,0.3,-0.5,0.008047170128446047,-0.16682092384554567,0.4429952050046864
2079,41,45,0.3,-0.5,0.009084970683072862,-0.16623773252209362,0.44275140369564286
2080,41,46,0.3,-0.5,0.008575010946542422,-0.16447935951419904,0.444412673578072
2081,41,47,0.3,-0.5,0.007209710708067099,-0.16221818593013052,0.44701533242159114
2082,41,48,0.3,-0.5,0.008632736604972378,-0.16611944920626714,0.44313779389331465
2083,42,0,0.4,-0.5,-0.10750406235456467,0.15857595205307007,0.8314340971652494
2084,42,1,0.4,-0.5,-0.1353167302906513,0.13840434998273848,0.8331411139812731
2085,42,2,0.4,-0.5,-0.09732456929981706,0.17584872677922248,0.8391085917319311
2086,42,3,0.4,-0.5,-0.07654815799742935,0.1910154059976339,0.8394048118856704
2087,42,4,0.4,-0.5,-0.10672949175760149,0.15874257135540243,0.8310935886726866
2088,42,5,0.4,-0.5,-0.15801639948792753,0.1650589874754846,0.8681507696934831
2089,42,6,0.4,-0.5,-0.17190185105954853,0.15012138261987265,0.8658692391954532
2090,42,7,0.4,-0.5,-0.12584590294767092,0.16512678436652267,0.8478841624470893
2091,42,8,0.4,-0.5,-0.1384825693087386,0.1416956639344574,0.8376973215676559
2092,42,9,0.4,-0.5,-0.16361945475753392,0.13002276835228568,0.8453375529476126
2093,42,10,0.4,-0.5,-0.116335032372985,0.1667856513676037,0.843329692661969
2094,42,11,0.4,-0.5,-0.08974765846383531,0.20086530918398426,0.8550233625979885
2095,42,12,0.4,-0.5,-0.0987835337864992,0.21754172595504173,0.8738713532683675
2096,42,13,0.4,-0.5,-0.1392967241111741,0.1857664089055287,0.8724199242453307
2097,42,14,0.4,-0.5,-0.1345042070718946,0.17030265733162553,0.8573216431441547
2098,42,15,0.4,-0.5,-0.1290108640174706,0.15784051133386287,0.844160312144861
2099,42,16,0.4,-0.5,-0.11959897904857471,0.16113810220593605,0.8408844684121523
2100,42,17,0.4,-0.5,-0.15256458124006916,0.16515661910637294,0.8647317181542686
2101,42,18,0.4,-0.5,-0.12116286178767274,0.1996448064329709,0.8724182389630253
2102,42,19,0.4,-0.5,-0.12512951805430364,0.18046233079212304,0.8595289374762166
2103,42,20,0.4,-0.5,-0.08545490677124656,0.19857696011626896,0.8506916219838815
2104,42,21,0.4,-0.5,-0.06961726176218666,0.22618734161530854,0.8648054276352126
2105,42,22,0.4,-0.5,-0.06146543243759408,0.21360127900374376,0.8498100556774995
2106,42,23,0.4,-0.5,-0.052179415968194344,0.23105797511371678,0.8595998994897015
2107,42,24,0.4,-0.5,-0.05274894916812014,0.23165638833664748,0.8604084388048877
2108,42,25,0.4,-0.5,-0.042430021451509016,0.22196947398380462,0.8467492221703155
2109,42,26,0.4,-0.5,-0.03805839832685114,0.2332582603277486,0.8541445057386734
2110,42,27,0.4,-0.5,-0.04320454208794439,0.2379152150220876,0.8607840209300346
2111,42,28,0.4,-0.5,-0.023542963227830758,0.23328056880703005,0.846811097169713
2112,42,29,0.4,-0.5,-0.031145448791823488,0.22613952720373176,0.8444909774423656
2113,42,30,0.4,-0.5,-0.028721730128416608,0.22944240485575307,0.8461019701466528
2114,42,31,0.4,-0.5,-0.0873736541974966,0.1807330124126132,0.8372159297303008
2115,42,32,0.4,-0.5,-0.11643024494805901,0.17859417803907185,0.8527545111962972
2116,42,33,0.4,-0.5,-0.144086567038211,0.14344008987622114,0.8426418822319155
2117,42,34,0.4,-0.5,-0.1564286095219244,0.13208938596480743,0.8421103189866929
2118,42,35,0.4,-0.5,-0.11511932272435949,0.16705510686321615,0.8427991648289049
2119,42,36,0.4,-0.5,-0.14834939361716515,0.14765050728458654,0.848609590486871
2120,42,37,0.4,-0.5,-0.14035947168641927,0.1483118022832964,0.8439766297836938
2121,42,38,0.4,-0.5,-0.10400106366814722,0.1826806515204495,0.8485693514021169
2122,42,39,0.4,-0.5,-0.0676702933951128,0.2039994522753666,0.8451808872237274
2123,42,40,0.4,-0.5,-0.10946667136855283,0.1736760042484916,0.844627520233367
2124,42,41,0.4,-0.5,-0.13620325286661733,0.1420274964634003,0.8364886338736487
2125,42,42,0.4,-0.5,-0.1660229548974097,0.11923333348476838,0.8389469034268221
2126,42,43,0.4,-0.5,-0.1872073371821922,0.11233231340001787,0.848388660269819
2127,42,44,0.4,-0.5,-0.17033408003350073,0.12033008426333999,0.8426686040726936
2128,42,45,0.4,-0.5,-0.14853560370316088,0.147611550717889,0.8487001998074586
2129,42,46,0.4,-0.5,-0.16079593806939307,0.13393106218232426,0.8463809282791882
2130,42,47,0.4,-0.5,-0.11814952221149094,0.18014655420420167,0.8550311471308197
2131,42,48,0.4,-0.5,-0.08087209094210188,0.1913351539419722,0.8421295998378157
2132,43,0,0.5,-0.5,-0.10097423940896988,-0.1585889309644699,0.6911812746980154
2133,43,1,0.5,-0.5,-0.12125573828816413,-0.1908059760928154,0.6939449810870373
2134,43,2,0.5,-0.5,-0.1198312870413065,-0.18297952577471732,0.6961988261073884
2135,43,3,0.5,-0.5,-0.11967460783571005,-0.2015980478674173,0.6877792848239014
2136,43,4,0.5,-0.5,-0.12386761139407752,-0.21608317023366685,0.6854338500330406
2137,43,5,0.5,-0.5,-0.1221445661922544,-0.22757013229623435,0.6791773656856063
2138,43,6,0.5,-0.5,-0.13129383559010177,-0.23110663356052336,0.6861745764520988
2139,43,7,0.5,-0.5,-0.1409533725627981,-0.24345903916325715,0.6903872032321169
2140,43,8,0.5,-0.5,-0.13299569333733177,-0.2339588088414727,0.6866305143063898
2141,43,9,0.5,-0.5,-0.1262003306706621,-0.2421304184034626,0.6772175243190476
2142,43,10,0.5,-0.5,-0.13235723941643154,-0.24022237842128796,0.6836373972475925
2143,43,11,0.5,-0.5,-0.12790106662495315,-0.2179692036846507,0.688332128800497
2144,43,12,0.5,-0.5,-0.12515884637701874,-0.2312325589713911,0.6804847687939178
2145,43,13,0.5,-0.5,-0.14088122695592895,-0.23754011164111116,0.6925416522216533
2146,43,14,0.5,-0.5,-0.13492069199617204,-0.2299157713751152,0.6899780979689116
2147,43,15,0.5,-0.5,-0.12851776568546738,-0.2335704455206899,0.682656054893162
2148,43,16,0.5,-0.5,-0.13101027431009601,-0.24190450137864306,0.6817530731089589
2149,43,17,0.5,-0.5,-0.12617661098979782,-0.23519958553917733,0.6798649922222
2150,43,18,0.5,-0.5,-0.12789839683214832,-0.23935712574666013,0.6798463831215287
2151,43,19,0.5,-0.5,-0.125940095382611,-0.2533026420982846,0.6728005569284847
2152,43,20,0.5,-0.5,-0.14742435385622185,-0.2612069307504612,0.6900582757186247
2153,43,21,0.5,-0.5,-0.14823796211566848,-0.2577243711667222,0.6920331898503387
2154,43,22,0.5,-0.5,-0.1401222425323767,-0.2414681738895052,0.6903587404362358
2155,43,23,0.5,-0.5,-0.13406407776826917,-0.2375956280427487,0.6862166634077062
2156,43,24,0.5,-0.5,-0.14365580042548984,-0.24554195527018285,0.6921283738939618
2157,43,25,0.5,-0.5,-0.13338855209195222,-0.23918231841570955,0.6849868034846686
2158,43,26,0.5,-0.5,-0.12558943839441264,-0.23308124653153395,0.6801527522430504
2159,43,27,0.5,-0.5,-0.1417940017392175,-0.23613786208785514,0.693918416308435
2160,43,28,0.5,-0.5,-0.13888901569117662,-0.23367538557161746,0.6921762597931737
2161,43,29,0.5,-0.5,-0.1511728442546595,-0.24773711814479926,0.698328457573221
2162,43,30,0.5,-0.5,-0.14218746486165207,-0.24193298069435187,0.6921006620996236
2163,43,31,0.5,-0.5,-0.13738176329931276,-0.2534282155181813,0.6834128745415099
2164,43,32,0.5,-0.5,-0.14493107271989641,-0.25193799964011643,0.6909926516122897
2165,43,33,0.5,-0.5,-0.1410451792772643,-0.25928942960495405,0.6847484943937652
2166,43,34,0.5,-0.5,-0.13601405363949362,-0.25284797471161935,0.6823474188645319
2167,43,35,0.5,-0.5,-0.12945521383653635,-0.24950685714659468,0.6774663687907881
2168,43,36,0.5,-0.5,-0.1390720671059627,-0.25108844072107633,0.6858353091652202
2169,43,37,0.5,-0.5,-0.13976449081792008,-0.23889310232141525,0.6909959592695514
2170,43,38,0.5,-0.5,-0.14282075083897014,-0.24432633370098705,0.6918002177998764
2171,43,39,0.5,-0.5,-0.1338307044074123,-0.2434130696947978,0.6837969103857103
2172,43,40,0.5,-0.5,-0.14589541224793884,-0.25334024448662246,0.691391291927266
2173,43,41,0.5,-0.5,-0.1438233102133811,-0.2543819339437134,0.6890839492742129
2174,43,42,0.5,-0.5,-0.135772546017136,-0.2463048521631949,0.6845202395145447
2175,43,43,0.5,-0.5,-0.13327422332642086,-0.231940667010128,0.6876714680228173
2176,43,44,0.5,-0.5,-0.1351783783665729,-0.23138683698946796,0.6896409237327146
2177,43,45,0.5,-0.5,-0.14159557501494913,-0.23261335853400023,0.6950830870573894
2178,43,46,0.5,-0.5,-0.14783669010812064,-0.23879597439928385,0.6985126484468729
2179,43,47,0.5,-0.5,-0.1381079298477353,-0.23109044579858057,0.6924551093575441
2180,44,0,-1.0,-0.4,0.18716946244239807,0.12232448160648346,1.2969942932184606
2181,44,1,-1.0,-0.4,0.1112875834107399,0.19149061888456342,1.2588968366277382
2182,44,2,-1.0,-0.4,-0.042262630015611646,0.2118393678963184,1.1364894552842888
2183,44,3,-1.0,-0.4,-0.07531656865775585,0.20112422750890252,1.102900623400423
2184,44,4,-1.0,-0.4,-0.09403590491563081,0.17543291005045172,1.0732632368394863
2185,44,5,-1.0,-0.4,-0.13348016333386303,0.22853302525267,1.0704720412832753
2186,44,6,-1.0,-0.4,-0.17508662476404013,0.26991307434190803,1.0626690942233195
2187,44,7,-1.0,-0.4,-0.16394289348507374,0.2714777239931091,1.0723216957485644
2188,44,8,-1.0,-0.4,-0.15496344625740363,0.27135873378721126,1.0792633258818403
2189,44,9,-1.0,-0.4,-0.15969655793758608,0.27995319146896475,1.0809469077298715
2190,44,10,-1.0,-0.4,-0.15080380754964218,0.1876750127503231,1.0327129774933972
2191,44,11,-1.0,-0.4,-0.15305355411874916,0.19781893096568864,1.0366801610968743
2192,44,12,-1.0,-0.4,-0.17191057359651096,0.20279852918328717,1.024254931599938
2193,44,13,-1.0,-0.4,-0.15088870991103606,0.1383250027344059,1.0053774373465634
2194,44,14,-1.0,-0.4,-0.14128252623660295,0.16947969283777492,1.0303896448922598
2195,44,15,-1.0,-0.4,-0.16237353216338207,0.18682162404341113,1.0227305207460053
2196,44,16,-1.0,-0.4,-0.18108184488127266,0.23560712146955554,1.036640418682329
2197,44,17,-1.0,-0.4,-0.1572154377505853,0.2456420777811455,1.061668267853708
2198,44,18,-1.0,-0.4,-0.1440234735830597,0.1669715650878045,1.026719323571406
2199,44,19,-1.0,-0.4,-0.20684292005069854,0.14546834658594776,0.9626182372056485
2200,44,20,-1.0,-0.4,-0.21320967337089242,0.22806521417407485,1.006729820424857
2201,44,21,-1.0,-0.4,-0.20620174529570562,0.2704263360619128,1.0390318287988027
2202,44,22,-1.0,-0.4,-0.2841365429331139,0.2624859593236154,0.9753707682028842
2203,44,23,-1.0,-0.4,-0.27418493676170635,0.2884945062147174,1.0004160090239738
2204,44,24,-1.0,-0.4,-0.23501410547484408,0.26171767573978655,1.011471058018428
2205,44,25,-1.0,-0.4,-0.19086443706862743,0.283504258622709,1.0591876277391312
2206,44,26,-1.0,-0.4,-0.18931168146092525,0.27857427469987484,1.057203195275238
2207,44,27,-1.0,-0.4,-0.17455409198017102,0.28953095943201745,1.075552830446705
2208,44,28,-1.0,-0.4,-0.18038398584035858,0.309191409442111,1.0838463294643874
2209,44,29,-1.0,-0.4,-0.23148319514806548,0.2492431941979119,1.0060491064317556
2210,44,30,-1.0,-0.4,-0.19924640332212878,0.27423296176861645,1.0468029467515974
2211,44,31,-1.0,-0.4,-0.1911288685817081,0.25965832285513124,1.0437536156363494
2212,44,32,-1.0,-0.4,-0.19904487540850943,0.2849101804564471,1.0538648238281099
2213,44,33,-1.0,-0.4,-0.1587676939603779,0.2888485906530472,1.0872829317015098
2214,44,34,-1.0,-0.4,-0.1486250923142796,0.20123846518000826,1.042270082775516
2215,44,35,-1.0,-0.4,-0.14392455182931577,0.24538485935231652,1.0720945805486786
2216,44,36,-1.0,-0.4,-0.13741452578428615,0.27537015390028974,1.095526606298199
2217,44,37,-1.0,-0.4,-0.14699558773245672,0.30294615843039047,1.1053279282637982
2218,44,38,-1.0,-0.4,-0.14473188868189235,0.32219803306161265,1.1193987409300161
2219,44,39,-1.0,-0.4,-0.16224507456736828,0.33066536467163987,1.111622773344166
2220,44,40,-1.0,-0.4,-0.16729824618500416,0.3076099856359011,1.0927507046798048
2221,44,41,-1.0,-0.4,-0.1572562377969559,0.26138925379152816,1.071285579928646
2222,44,42,-1.0,-0.4,-0.16506583143513354,0.2838445651327074,1.0792397579308532
2223,44,43,-1.0,-0.4,-0.14395207692651615,0.2750473562336117,1.0901866719770583
2224,44,44,-1.0,-0.4,-0.1291822209519949,0.29474255049420445,1.1139976731453671
2225,44,45,-1.0,-0.4,-0.1474649975889886,0.2853864344252659,1.093878647213722
2226,44,46,-1.0,-0.4,-0.18074930500346176,0.29442189619992765,1.0739615780716805
2227,44,47,-1.0,-0.4,-0.17892586543113415,0.2994336529596469,1.0785963885302454
2228,44,48,-1.0,-0.4,-0.16956090775892435,0.2705390945888236,1.067357373747978
2229,45,0,-0.8,-0.4,-0.45160913467407227,0.03846748173236847,0.5600267204154402
2230,45,1,-0.8,-0.4,-0.46452566981315613,0.023533708881586787,0.5402997582576771
2231,45,2,-0.8,-0.4,-0.4707469642162323,0.02926952359266579,0.5409989699235123
2232,45,3,-0.8,-0.4,-0.45477879047393793,0.033061858783476054,0.5538233085015803
2233,45,4,-0.8,-0.4,-0.452709949016571,0.040240079153794794,0.5607331868236552
2234,45,5,-0.8,-0.4,-0.45625510334968566,0.030229024302167815,0.5506882669216139
2235,45,6,-0.8,-0.4,-0.4720802899599075,0.04957863891903776,0.5564640948031354
2236,45,7,-0.8,-0.4,-0.4718600628256797,0.05680156790563416,0.5624442112866063
2237,45,8,-0.8,-0.4,-0.4843993507063388,0.04372810115137961,0.544516664194944
2238,45,9,-0.8,-0.4,-0.44391120826852315,0.056065039116178814,0.5786143339918437
2239,45,10,-0.8,-0.4,-0.4430377875661492,0.0659748734480385,0.5869877373426
2240,45,11,-0.8,-0.4,-0.4388229972548234,0.05983450214190987,0.5847192460250368
2241,45,12,-0.8,-0.4,-0.46259637758124506,0.03307385037428732,0.5489937743720856
2242,45,13,-0.8,-0.4,-0.47084776718906607,0.034858247916505894,0.5453832488676533
2243,45,14,-0.8,-0.4,-0.46304876716578436,0.022809499119892034,0.5406514643044185
2244,45,15,-0.8,-0.4,-0.48018818674634994,0.00797882865431112,0.5183881948180643
2245,45,16,-0.8,-0.4,-0.47741667930986253,0.01195132157100778,0.5232245121662172
2246,45,17,-0.8,-0.4,-0.4672189697950486,0.029919334199284303,0.5436670377930086
2247,45,18,-0.8,-0.4,-0.3819921525051775,0.046784018290418734,0.6118386385044574
2248,45,19,-0.8,-0.4,-0.42573708874100513,0.02254358082380379,0.5644606314345233
2249,45,20,-0.8,-0.4,-0.4355517100044076,0.03535211860693037,0.5677622946764379
2250,45,21,-0.8,-0.4,-0.46163763895865173,0.03578104173828738,0.5517193160548058
2251,45,22,-0.8,-0.4,-0.4759390811787557,0.019932236070262434,0.5304324292482877
2252,45,23,-0.8,-0.4,-0.45654075964953084,0.03046413553891473,0.550693764053477
2253,45,24,-0.8,-0.4,-0.4475686464435448,0.03674620196418489,0.561208609965827
2254,45,25,-0.8,-0.4,-0.45780649777339033,0.04377193613487053,0.560383729480973
2255,45,26,-0.8,-0.4,-0.43961470124384056,0.031690401846382,0.5623470161793847
2256,45,27,-0.8,-0.4,-0.43010909018995563,0.040334981044082924,0.5750775431984763
2257,45,28,-0.8,-0.4,-0.45402745466090777,0.040992169158621986,0.5605096746601587
2258,45,29,-0.8,-0.4,-0.4474011345948803,0.036128345632428976,0.5608332138426336
2259,45,30,-0.8,-0.4,-0.4631441910040596,0.04088170176020517,0.5548409781201132
2260,45,31,-0.8,-0.4,-0.4561043824037465,0.044056860274969314,0.561649971921278
2261,45,32,-0.8,-0.4,-0.4706093978580223,0.045250431688456876,0.5538466535948483
2262,45,33,-0.8,-0.4,-0.483085397699224,0.0444130658549869,0.5458368238348233
2263,45,34,-0.8,-0.4,-0.4920684006543188,0.041839531472321626,0.5385573706182749
2264,45,35,-0.8,-0.4,-0.4883361721745987,0.0466719269630287,0.5446559941023753
2265,45,36,-0.8,-0.4,-0.44967973880949624,0.05137441604474005,0.5713695379177235
2266,45,37,-0.8,-0.4,-0.47002327300198976,0.03713021644723586,0.5476928578058388
2267,45,38,-0.8,-0.4,-0.4913816501693097,0.03441782634099841,0.5328828517554832
2268,45,39,-0.8,-0.4,-0.47541756083541287,0.046425462647759555,0.5519505897399686
2269,45,40,-0.8,-0.4,-0.43951506470621843,0.10737141134255979,0.6223946799431234
2270,45,41,-0.8,-0.4,-0.44939169723279127,0.08753826854963795,0.6005162323115685
2271,45,42,-0.8,-0.4,-0.45999786562662115,0.07945415871180879,0.5877735462612294
2272,45,43,-0.8,-0.4,-0.45088374530135145,0.06896537217285684,0.5846457727479416
2273,45,44,-0.8,-0.4,-0.44959298611085596,0.05048102471679961,0.5707172934234643
2274,45,45,-0.8,-0.4,-0.4416611729888189,0.05250450902596474,0.5772062418517134
2275,45,46,-0.8,-0.4,-0.43766601554350526,0.0461753978420372,0.5747681288412047
2276,45,47,-0.8,-0.4,-0.4507044163371874,0.04854604260249462,0.5685076579085843
2277,45,48,-0.8,-0.4,-0.46472315439760953,0.0677710360217737,0.5755174240090154
2278,45,49,-0.8,-0.4,-0.46715561861223165,0.0661593737850639,0.5727913616571824
2279,46,0,-0.6,-0.4,-0.04003458842635155,0.2820033133029938,0.8824340097226008
2280,46,1,-0.6,-0.4,-0.05066238455474377,0.28874440193176265,0.8809884601601894
2281,46,2,-0.6,-0.4,-0.0673303485289216,0.2999195450544357,0.8795591663711592
2282,46,3,-0.6,-0.4,-0.09806533816084265,0.2871468301415443,0.850946044663915
2283,46,4,-0.6,-0.4,-0.09974728240408001,0.29777201861739155,0.8585677442272641
2284,46,5,-0.6,-0.4,-0.0921574140557274,0.3217180569511652,0.8824857199002889
2285,46,6,-0.6,-0.4,-0.08820498967945946,0.3553168852805495,0.9123802550356473
2286,46,7,-0.6,-0.4,-0.10715069859570524,0.355572515306431,0.9021032423072141
2287,46,8,-0.6,-0.4,-0.16399572136543572,0.3097071409268087,0.8329369465152521
2288,46,9,-0.6,-0.4,-0.14523830254653758,0.3279701393872533,0.8583406813790497
2289,46,10,-0.6,-0.4,-0.1329380653087871,0.37711894864052764,0.9066756372450172
2290,46,11,-0.6,-0.4,-0.09690115424486037,0.4178175175979451,0.9601739116900746
2291,46,12,-0.6,-0.4,-0.09311665620152577,0.3651125308231811,0.9177842388290265
2292,46,13,-0.6,-0.4,-0.06276502701661087,0.37445432876044615,0.9425502233474119
2293,46,14,-0.6,-0.4,-0.06672480498865016,0.389653644503612,0.9528563962592842
2294,46,15,-0.6,-0.4,-0.06959833211283223,0.3776175738165985,0.9412837087753629
2295,46,16,-0.6,-0.4,-0.07037051324651872,0.3681468439651675,0.9330364232613877
2296,46,17,-0.6,-0.4,-0.07044360700472557,0.3750007352021538,0.9386458932558351
2297,46,18,-0.6,-0.4,-0.061227837719093306,0.4016009023339591,0.9658361400731809
2298,46,19,-0.6,-0.4,-0.05718071116735476,0.393881592689527,0.9617176111208731
2299,46,20,-0.6,-0.4,-0.06132175547491467,0.3736549372245878,0.9427174619240954
2300,46,21,-0.6,-0.4,-0.0680798678679036,0.38992022656788494,0.9523197946637912
2301,46,22,-0.6,-0.4,-0.05009059780418244,0.3754249277549291,0.9506230426447165
2302,46,23,-0.6,-0.4,-0.05706523479526795,0.39203107197941467,0.9602558920666815
2303,46,24,-0.6,-0.4,-0.04011009382758428,0.40336868055564945,0.9792231328616996
2304,46,25,-0.6,-0.4,-0.03732689592528067,0.43120456558000986,1.0037440171129952
2305,46,26,-0.6,-0.4,-0.05598309870860383,0.4291806754973765,0.991713154853246
2306,46,27,-0.6,-0.4,-0.0633429186086951,0.43214742404769513,0.9901869310168905
2307,46,28,-0.6,-0.4,-0.06534465427982497,0.40089832687164795,0.9629613017629343
2308,46,29,-0.6,-0.4,-0.07174019607952616,0.3914129749998432,0.9515213699314377
2309,46,30,-0.6,-0.4,-0.05973217067754236,0.41562911085739596,0.9783354097030459
2310,46,31,-0.6,-0.4,-0.06747374956155992,0.3175399449837049,0.8935590523592957
2311,46,32,-0.6,-0.4,-0.11006242451113088,0.29192453604542096,0.8478197871349679
2312,46,33,-0.6,-0.4,-0.10744586578934526,0.3084782181891006,0.8628736644355363
2313,46,34,-0.6,-0.4,-0.09481921041359896,0.3474783473311405,0.9021815282392079
2314,46,35,-0.6,-0.4,-0.08229734558408733,0.36497815560986385,0.9236923822082496
2315,46,36,-0.6,-0.4,-0.12027868867895695,0.35109003760598945,0.8912175834926888
2316,46,37,-0.6,-0.4,-0.10442089829531495,0.3615549997958341,0.9086058902298925
2317,46,38,-0.6,-0.4,-0.07644584333480427,0.37555053706277997,0.9357283743158432
2318,46,39,-0.6,-0.4,-0.05883692789978504,0.4077816060455314,0.9723006704052202
2319,46,40,-0.6,-0.4,-0.05565866715942526,0.4189136659989923,0.9833245034059522
2320,46,41,-0.6,-0.4,-0.0588929175939589,0.4230562920493999,0.9849967180209714
2321,46,42,-0.6,-0.4,-0.09356014368181431,0.3780917259639683,0.9283900376895327
2322,46,43,-0.6,-0.4,-0.08650587380996846,0.38095664608581137,0.9346493998806522
2323,46,44,-0.6,-0.4,-0.07551854691654494,0.37792238930535604,0.9382132158582538
2324,46,45,-0.6,-0.4,-0.06809909345433152,0.4040179216640254,0.9640349541074965
2325,46,46,-0.6,-0.4,-0.06823120654828871,0.44807066665529627,1.0010004522128086
2326,46,47,-0.6,-0.4,-0.07598587174063193,0.43176977636921,0.9830726155766476
2327,46,48,-0.6,-0.4,-0.13052915741196958,0.3676245770032735,0.899805736400791
2328,46,49,-0.6,-0.4,-0.12149860681528032,0.33118397025494495,0.8738384184948049
2329,47,0,-0.5,-0.4,-0.20469501614570618,0.06478025764226913,0.5506593514898288
2330,47,1,-0.5,-0.4,-0.20379193425178527,0.05972401425242424,0.5468869970063851
2331,47,2,-0.5,-0.4,-0.20331879615783688,0.06778297387063503,0.5539319880242433
2332,47,3,-0.5,-0.4,-0.19097944808006284,0.0690205568447709,0.561670708023733
2333,47,4,-0.5,-0.4,-0.18512062379121777,0.05443599766120314,0.5528662564598829
2334,47,5,-0.5,-0.4,-0.18976822697997092,0.057629328588023776,0.5528728202535157
2335,47,6,-0.5,-0.4,-0.18326774977362154,0.04727317753788083,0.5480626001455472
2336,47,7,-0.5,-0.4,-0.18601995328963994,0.05210776879737153,0.5504406456096583
2337,47,8,-0.5,-0.4,-0.19707905087799665,0.06315964935267529,0.5534238540264311
2338,47,9,-0.5,-0.4,-0.20211007380238755,0.061504693673364245,0.5492949939809799
2339,47,10,-0.5,-0.4,-0.19380263118571148,0.0641313915872756,0.5560348706021362
2340,47,11,-0.5,-0.4,-0.19815552373765183,0.07692097627092681,0.5644144801981122
2341,47,12,-0.5,-0.4,-0.2016781578265308,0.07923503048299249,0.5645016704667994
2342,47,13,-0.5,-0.4,-0.2093331731221949,0.07442416055952457,0.5563860964921944
2343,47,14,-0.5,-0.4,-0.2111114622953844,0.06938916643727286,0.5511649270280077
2344,47,15,-0.5,-0.4,-0.20678507519387387,0.073953867606202,0.5573215057289099
2345,47,16,-0.5,-0.4,-0.2042325085683289,0.07014151409895764,0.5554380723960539
2346,47,17,-0.5,-0.4,-0.19645205660646514,0.07687946083090784,0.565292290855644
2347,47,18,-0.5,-0.4,-0.20313336617539074,0.09079386140266515,0.5735925493491815
2348,47,19,-0.5,-0.4,-0.20059727745009281,0.08914616298428794,0.5735032336722683
2349,47,20,-0.5,-0.4,-0.19917350989308924,0.0898627141041173,0.5748582919463678
2350,47,21,-0.5,-0.4,-0.19123358564783013,0.07673471177576277,0.5679900386836159
2351,47,22,-0.5,-0.4,-0.20079099065111294,0.08984806367229228,0.5740010076289384
2352,47,23,-0.5,-0.4,-0.19855871645840356,0.09126073181559208,0.576371368170901
2353,47,24,-0.5,-0.4,-0.19281106485687338,0.08254042756508483,0.5720229943883925
2354,47,25,-0.5,-0.4,-0.20181523368392237,0.0897131939169316,0.5733525679364279
2355,47,26,-0.5,-0.4,-0.21052388771319086,0.09236388684367974,0.571155510043019
2356,47,27,-0.5,-0.4,-0.20373044706146504,0.09005112744111902,0.5726480206066474
2357,47,28,-0.5,-0.4,-0.20707579262785522,0.09591354735411566,0.5759642677405795
2358,47,29,-0.5,-0.4,-0.20649830763948643,0.09744736542703859,0.5775786741118367
2359,47,30,-0.5,-0.4,-0.2025463192243266,0.09956761144877976,0.5814176559201099
2360,47,31,-0.5,-0.4,-0.205535858472707,0.09719288061357591,0.5778493672041454
2361,47,32,-0.5,-0.4,-0.21003039153453257,0.0945975983858897,0.573331630178125
2362,47,33,-0.5,-0.4,-0.2126840932212828,0.11671148472076213,0.5912200848503126
2363,47,34,-0.5,-0.4,-0.2134552556405257,0.09815208962194015,0.574685474772716
2364,47,35,-0.5,-0.4,-0.21059311635204686,0.09795247411173902,0.5759453192594085
2365,47,36,-0.5,-0.4,-0.19536306505238982,0.0824157135119997,0.570551121966793
2366,47,37,-0.5,-0.4,-0.21156077614809254,0.06201863445979096,0.5446635699625786
2367,47,38,-0.5,-0.4,-0.1978553615209423,0.058575833198420364,0.5491658923815881
2368,47,39,-0.5,-0.4,-0.19460504924633837,0.062298184434468065,0.5540628910847909
2369,47,40,-0.5,-0.4,-0.19727518928811066,0.06549928293618178,0.5552764117398187
2370,47,41,-0.5,-0.4,-0.19901084741886035,0.0667982098380211,0.5554232968461926
2371,47,42,-0.5,-0.4,-0.1986324239636948,0.06642189376986404,0.5553123435273744
2372,47,43,-0.5,-0.4,-0.19974780124483932,0.07249051980580355,0.5598202159297814
2373,47,44,-0.5,-0.4,-0.20455721645991898,0.07506556592070883,0.5594405511486226
2374,47,45,-0.5,-0.4,-0.20664990087954827,0.08164604675947307,0.5639478655097538
2375,47,46,-0.5,-0.4,-0.19571987190272447,0.07813040187483106,0.566740749860006
2376,47,47,-0.5,-0.4,-0.20225600281256662,0.09062530710664939,0.5739030230227441
2377,47,48,-0.5,-0.4,-0.21395440116751946,0.09731502066112842,0.5737110024974342
2378,47,49,-0.5,-0.4,-0.20084168563942242,0.09018731624921261,0.5742641396279832
2379,48,0,-0.4,-0.4,-0.22248512506484985,0.016737211495637894,0.4529695732258427
2380,48,1,-0.4,-0.4,-0.21298808455467222,0.019375139474868772,0.4591829310069094
2381,48,2,-0.4,-0.4,-0.21290397763252256,0.014009065013378856,0.4543219425682451
2382,48,3,-0.4,-0.4,-0.20434787356853484,0.03581281612999737,0.4777159880936716
2383,48,4,-0.4,-0.4,-0.19978395341634747,0.023823933452181516,0.4687357377845928
2384,48,5,-0.4,-0.4,-0.2066178994095325,0.025291623204816132,0.46719332357918925
2385,48,6,-0.4,-0.4,-0.20976686415088175,0.018162189230604094,0.45939989385841246
2386,48,7,-0.4,-0.4,-0.2141064103037953,0.0201961859451713,0.45947933726448453
2387,48,8,-0.4,-0.4,-0.2022664603505122,-0.03109116901249813,0.41855976667959954
2388,48,9,-0.4,-0.4,-0.2014800260304919,-0.022989029873200145,0.4260838551984867
2389,48,10,-0.4,-0.4,-0.20327195772406037,-0.009321793920945644,0.4374144297149695
2390,48,11,-0.4,-0.4,-0.2028956788203478,-0.0059998793111553424,0.44055216323440705
2391,48,12,-0.4,-0.4,-0.19851304533034086,0.00016337498208707137,0.44802647196243633
2392,48,13,-0.4,-0.4,-0.1955719541446831,0.010891061449314931,0.45893604163452695
2393,48,14,-0.4,-0.4,-0.1990432526325709,0.011815536981558844,0.4582310015831605
2394,48,15,-0.4,-0.4,-0.2066147774417071,0.013342160881574184,0.45634371505058513
2395,48,16,-0.4,-0.4,-0.20971217900228578,0.01857478070329692,0.4597981098926694
2396,48,17,-0.4,-0.4,-0.2114942114035135,0.015791594087081612,0.45652719748976595
2397,48,18,-0.4,-0.4,-0.21454087777295627,0.0070647948675336665,0.447321845249897
2398,48,19,-0.4,-0.4,-0.2236830146943653,0.023433601864684378,0.45867602345813485
2399,48,20,-0.4,-0.4,-0.22851994497424233,0.03099804528649263,0.46385851755941104
2400,48,21,-0.4,-0.4,-0.21872767412654665,0.028865072858005054,0.4656016611279146
2401,48,22,-0.4,-0.4,-0.21479881130451434,0.014114075513848166,0.45364076958857
2402,48,23,-0.4,-0.4,-0.20810735152121515,0.021976733981090735,0.4635592222807683
2403,48,24,-0.4,-0.4,-0.20803671129712753,0.018260096014750565,0.46020800963030917
2404,48,25,-0.4,-0.4,-0.21275043719727302,0.020813063681968842,0.4605931320973177
2405,48,26,-0.4,-0.4,-0.19904862655801525,0.015165221106851255,0.46124138507393364
2406,48,27,-0.4,-0.4,-0.20720546016615693,0.01799039516676556,0.460310444201967
2407,48,28,-0.4,-0.4,-0.20906488794749423,0.020434976187153293,0.4617594462661215
2408,48,29,-0.4,-0.4,-0.20607748318777291,0.018900871205342354,0.4616100978351571
2409,48,30,-0.4,-0.4,-0.21011070392872955,0.014529786674538034,0.4559527265001062
2410,48,31,-0.4,-0.4,-0.21880910483640675,0.02217679149692371,0.45941635122056906
2411,48,32,-0.4,-0.4,-0.22625679255872538,0.022258071216440002,0.45660549803896355
2412,48,33,-0.4,-0.4,-0.21147054619535502,0.017538494235522607,0.4581285290399904
2413,48,34,-0.4,-0.4,-0.21211129854978408,0.013261336231105467,0.4539681664568202
2414,48,35,-0.4,-0.4,-0.2180662304322213,0.0199826113390039,0.45769563067203345
2415,48,36,-0.4,-0.4,-0.2157356903068426,0.013140247932819267,0.4523695395234821
2416,48,37,-0.4,-0.4,-0.21099795655196324,0.017213081240875935,0.4580267760579499
2417,48,38,-0.4,-0.4,-0.20208109497080037,0.015661875879174857,0.46037668058596526
2418,48,39,-0.4,-0.4,-0.2101163998776163,0.013016366699372204,0.4545748571544489
2419,48,40,-0.4,-0.4,-0.19177547741665837,-0.0012386939254163398,0.44985334391039977
2420,48,41,-0.4,-0.4,-0.1767021134904432,0.008344851590322347,0.46541106985111275
2421,48,42,-0.4,-0.4,-0.1761357422459111,0.004542808530220215,0.4623527763875844
2422,48,43,-0.4,-0.4,-0.19347010106360812,0.01155980048899072,0.46047374358720405
2423,48,44,-0.4,-0.4,-0.1802149786090963,0.01532869831052375,0.4698972050013855
2424,48,45,-0.4,-0.4,-0.1876487991685946,0.012369263859876658,0.46383342082139406
2425,48,46,-0.4,-0.4,-0.19644928902712416,0.007248642441731757,0.45528490937894783
2426,48,47,-0.4,-0.4,-0.19194162389863395,0.008606606153618739,0.45852769431989165
2427,48,48,-0.4,-0.4,-0.1990254794643343,0.00852616559051475,0.45528495019781784
2428,49,0,-0.3,-0.4,-0.08151419460773468,-0.3111017942428589,0.23587907525837434
2429,49,1,-0.3,-0.4,-0.08287779614329338,-0.3109589219093323,0.23467075871344018
2430,49,2,-0.3,-0.4,-0.0889705467969179,-0.3126920133829117,0.22837713249430533
2431,49,3,-0.3,-0.4,-0.08831062804907559,-0.31595009356737136,0.2277647403974339
2432,49,4,-0.3,-0.4,-0.07945073432102798,-0.3209315285384655,0.23429426320505006
2433,49,5,-0.3,-0.4,-0.07966781209371981,-0.3204059930354357,0.23426796403316325
2434,49,6,-0.3,-0.4,-0.0880107992422953,-0.31732082587450744,0.22754179192395393
2435,49,7,-0.3,-0.4,-0.09082475051012259,-0.31694466328004,0.22506104495629267
2436,49,8,-0.3,-0.4,-0.08277810634482537,-0.3215963186697691,0.23093827818114604
2437,49,9,-0.3,-0.4,-0.1193759780617162,-0.34352151049311663,0.18924813626067966
2438,49,10,-0.3,-0.4,-0.11182150831263493,-0.331362697931081,0.20030532686134875
2439,49,11,-0.3,-0.4,-0.11327384450345099,-0.32766365350918464,0.20024785684286533
2440,49,12,-0.3,-0.4,-0.11002857264693779,-0.3240113540405586,0.20460551684964198
2441,49,13,-0.3,-0.4,-0.09883164409569244,-0.32177508957586565,0.21584217388662946
2442,49,14,-0.3,-0.4,-0.09310388794183669,-0.32573037009618,0.2198226082795727
2443,49,15,-0.3,-0.4,-0.1128298268859382,-0.32081040703084984,0.20323303210395582
2444,49,16,-0.3,-0.4,-0.10980092444035976,-0.31550001774210573,0.20812480713582937
2445,49,17,-0.3,-0.4,-0.10250185897558428,-0.3173056639411567,0.21411181406992214
2446,49,18,-0.3,-0.4,-0.1303806263151432,-0.3100669958218895,0.19198613796246627
2447,49,19,-0.3,-0.4,-0.1189841874499982,-0.3118377729870353,0.2013437425524392
2448,49,20,-0.3,-0.4,-0.10788447495717861,-0.3131619049342703,0.21082985964308668
2449,49,21,-0.3,-0.4,-0.10050439671172043,-0.3152413603924276,0.2167545217970803
2450,49,22,-0.3,-0.4,-0.12910080437705257,-0.3129993931535674,0.1917697594935604
2451,49,23,-0.3,-0.4,-0.12191788071783122,-0.31201615922238973,0.19863131033653394
2452,49,24,-0.3,-0.4,-0.10837241460953369,-0.3095746784886776,0.2118911754958344
2453,49,25,-0.3,-0.4,-0.10198173587572525,-0.31131119873491336,0.2169722018983747
2454,49,26,-0.3,-0.4,-0.08099813104208672,-0.31490756315447077,0.23495221091824053
2455,49,27,-0.3,-0.4,-0.09017728704587077,-0.31329701810797084,0.22703078632731827
2456,49,28,-0.3,-0.4,-0.09235714829825181,-0.31198618241949894,0.22552602055622742
2457,49,29,-0.3,-0.4,-0.08843515609506739,-0.31229406297368617,0.22902404800846182
2458,49,30,-0.3,-0.4,-0.08475728041293999,-0.30970322877281875,0.23341579901387918
2459,49,31,-0.3,-0.4,-0.08189550284995582,-0.30823412093599417,0.2366232199879449
2460,49,32,-0.3,-0.4,-0.11503955891845387,-0.30655203746910736,0.20722665481606176
2461,49,33,-0.3,-0.4,-0.12347218215249411,-0.30580360731491535,0.2000875580062011
2462,49,34,-0.3,-0.4,-0.14643855267611844,-0.30192288586205607,0.1822093258366117
2463,49,35,-0.3,-0.4,-0.13018119247449828,-0.30489041984175097,0.1946387927091149
2464,49,36,-0.3,-0.4,-0.12157224280819669,-0.3043840557939422,0.2024323919804167
2465,49,37,-0.3,-0.4,-0.11178354734410605,-0.30481210861848074,0.21091744289182976
2466,49,38,-0.3,-0.4,-0.0986899132029298,-0.30502348303767435,0.22258995893916433
2467,49,39,-0.3,-0.4,-0.09824355578892013,-0.3078797609804141,0.22179224787562846
2468,49,40,-0.3,-0.4,-0.09418392325968351,-0.30631142415986923,0.2261366991174316
2469,49,41,-0.3,-0.4,-0.09409200575820172,-0.30738875260820514,0.22577631681853763
2470,49,42,-0.3,-0.4,-0.08216685030669069,-0.31090200835078324,0.23535023522663323
2471,49,43,-0.3,-0.4,-0.08517918568518823,-0.31247164334383165,0.231968091516502
2472,49,44,-0.3,-0.4,-0.088066255620787,-0.3112456010567008,0.22976782920674493
2473,49,45,-0.3,-0.4,-0.12229783922450603,-0.3175705149522226,0.19588945339022532
2474,49,46,-0.3,-0.4,-0.10841403219115538,-0.3158612035041611,0.20924750927315683
2475,49,47,-0.3,-0.4,-0.13270767300435166,-0.30898718214312115,0.19044698917512015
2476,49,48,-0.3,-0.4,-0.14388722219443104,-0.30369577927783376,0.183427648742153
2477,50,0,-0.2,-0.4,0.006171040236949921,-0.26157718896865845,0.2483291614897544
2478,50,1,-0.2,-0.4,0.007901849597692488,-0.2494710609316826,0.25667516545855146
2479,50,2,-0.2,-0.4,0.002236310467123984,-0.26533955708146095,0.24296699396908233
2480,50,3,-0.2,-0.4,-0.010820077307522297,-0.27255467139184475,0.22810382489991818
2481,50,4,-0.2,-0.4,-0.017747073882073163,-0.26195342633873225,0.22863286198217947
2482,50,5,-0.2,-0.4,-0.046190206368044016,-0.26414075499400497,0.20521985057665323
2483,50,6,-0.2,-0.4,-0.04373775413780659,-0.26904293898679316,0.2038814393492291
2484,50,7,-0.2,-0.4,-0.04722945497735813,-0.2716669529950246,0.199519949829826
2485,50,8,-0.2,-0.4,-0.030603931838404454,-0.2641875165892578,0.2171176145751446
2486,50,9,-0.2,-0.4,-0.04863723173329425,-0.26620529718548613,0.2020190835505016
2487,50,10,-0.2,-0.4,-0.055183699858312146,-0.27209971486673146,0.19321036132645378
2488,50,11,-0.2,-0.4,0.038086709586295446,-0.2687150319159207,0.27188421088115194
2489,50,12,-0.2,-0.4,0.0183074775291076,-0.26694391328276434,0.2556600808840253
2490,50,13,-0.2,-0.4,0.021728362348359176,-0.26679457337386275,0.25866416905388445
2491,50,14,-0.2,-0.4,0.008108933264689588,-0.25666185048727996,0.2526957720467399
2492,50,15,-0.2,-0.4,0.00466050743686543,-0.2608597077852106,0.247479179370573
2493,50,16,-0.2,-0.4,-0.013415683033673263,-0.2583616920856566,0.234254386525907
2494,50,17,-0.2,-0.4,-0.009353326614524728,-0.26069025337532675,0.23612149325628692
2495,50,18,-0.2,-0.4,0.01359446962766045,-0.2445688058722502,0.2641617942918692
2496,50,19,-0.2,-0.4,-0.0006661200616306529,-0.23229935038605729,0.2604947284921955
2497,50,20,-0.2,-0.4,0.00631119098608866,-0.24114759353760462,0.26038124848958005
2498,50,21,-0.2,-0.4,0.009240192924356681,-0.26071230979337795,0.2513613315092796
2499,50,22,-0.2,-0.4,0.0551145552874519,-0.23999866930745195,0.3011376132981406
2500,50,23,-0.2,-0.4,0.03874227794474756,-0.25057646991482874,0.2816474154352587
2501,50,24,-0.2,-0.4,-0.003543021035924788,-0.2485855857846146,0.24803562126412287
2502,50,25,-0.2,-0.4,0.04783440706440343,-0.2534462748191658,0.2879234059421774
2503,50,26,-0.2,-0.4,0.035133397620081636,-0.27062228488478385,0.26837717459724003
2504,50,27,-0.2,-0.4,0.07651850405217389,-0.23805084792064948,0.320452821710892
2505,50,28,-0.2,-0.4,0.06220989849186764,-0.2524503765215588,0.30087359846910017
2506,50,29,-0.2,-0.4,0.033624081047493,-0.2608499734001436,0.2719245136945662
2507,50,30,-0.2,-0.4,0.11831562694160386,-0.2658253397422984,0.34543838496973084
2508,50,31,-0.2,-0.4,0.14430023613943427,-0.24804697186892907,0.3763407702652906
2509,50,32,-0.2,-0.4,0.10199132853112258,-0.24772901610336676,0.33820883348138786
2510,50,33,-0.2,-0.4,0.15888520087155844,-0.228360852530215,0.3978172750758487
2511,50,34,-0.2,-0.4,0.08461332076536815,-0.23999246920290557,0.3265075072167154
2512,50,35,-0.2,-0.4,0.1010268760484759,-0.22527243023713506,0.3480616378441343
2513,50,36,-0.2,-0.4,0.06570779859360186,-0.24776949016173733,0.30622665194113247
2514,50,37,-0.2,-0.4,0.04581887354985167,-0.2579739229832494,0.2838984416055959
2515,50,38,-0.2,-0.4,0.04351614993189476,-0.25320812522054537,0.28433777409785027
2516,50,39,-0.2,-0.4,0.04636873336595586,-0.24413074027574633,0.2915352104074777
2517,50,40,-0.2,-0.4,0.0526363360124191,-0.24694025297714872,0.2953851797779962
2518,50,41,-0.2,-0.4,0.07730317861498914,-0.2263242452922217,0.3272007344785353
2519,50,42,-0.2,-0.4,0.042591372881959536,-0.24449517873008314,0.2881532988444566
2520,50,43,-0.2,-0.4,0.04202789597535278,-0.24535848481412215,0.2872133364752415
2521,50,44,-0.2,-0.4,0.03428069798128706,-0.2592580889470263,0.27330519748706245
2522,50,45,-0.2,-0.4,0.025116267264722096,-0.28082313064384645,0.2547164305197752
2523,50,46,-0.2,-0.4,0.053660243225680596,-0.2758868679061902,0.28239615534112167
2524,50,47,-0.2,-0.4,0.0481661897210387,-0.2732184083520135,0.27867549174883566
2525,50,48,-0.2,-0.4,0.026377851408290395,-0.27690365174225295,0.25768128097055587
2526,50,49,-0.2,-0.4,0.04051757603794065,-0.278385306210994,0.2695159329771809
2527,51,0,-0.1,-0.4,-0.13852500915527344,-0.2749260365962982,0.13087273456272103
2528,51,1,-0.1,-0.4,-0.1405697464942932,-0.2815429478883743,0.1252117307826532
2529,51,2,-0.1,-0.4,-0.13442818075418472,-0.28933092325925824,0.11590057884536646
2530,51,3,-0.1,-0.4,-0.13169314786791803,-0.2915328309834003,0.11300257685669528
2531,51,4,-0.1,-0.4,-0.12236866928637027,-0.2989005859822035,0.10354442949953822
2532,51,5,-0.1,-0.4,-0.12736913665384053,-0.29981904241353274,0.10385226961467021
2533,51,6,-0.1,-0.4,-0.12440427837744353,-0.30744476227995754,0.09571855009629707
2534,51,7,-0.1,-0.4,-0.11544233052514491,-0.3158467340104371,0.08555838795090724
2535,51,8,-0.1,-0.4,-0.12079747857657817,-0.3161220023376557,0.0864179009637903
2536,51,9,-0.1,-0.4,-0.11978505392278654,-0.31705154662727997,0.08527540252413872
2537,51,10,-0.1,-0.4,-0.11873998977327144,-0.31755958775460497,0.08454353191044836
2538,51,11,-0.1,-0.4,-0.11301452484040117,-0.3205060605788811,0.08055224553983548
2539,51,12,-0.1,-0.4,-0.10742410889681239,-0.32319161506585364,0.07716634881283248
2540,51,13,-0.1,-0.4,-0.10888541474929692,-0.32450035361910323,0.07602070243629352
2541,51,14,-0.1,-0.4,-0.10747096751624215,-0.3238406012845548,0.07652495912006035
2542,51,15,-0.1,-0.4,-0.11883189052488116,-0.3156754167154191,0.08640182548337351
2543,51,16,-0.1,-0.4,-0.12425944247943158,-0.3079831693462859,0.09516100920527878
2544,51,17,-0.1,-0.4,-0.11578338247906561,-0.31104274448997093,0.09034660187498518
2545,51,18,-0.1,-0.4,-0.11482475307246026,-0.31378227571718315,0.08748296567999539
2546,51,19,-0.1,-0.4,-0.11049274305166784,-0.31563534210175964,0.0850146643764207
2547,51,20,-0.1,-0.4,-0.1067226726786632,-0.3216179411514151,0.07866982571029041
2548,51,21,-0.1,-0.4,-0.10950902593964706,-0.31919475899462735,0.08136282042958715
2549,51,22,-0.1,-0.4,-0.11074666500075717,-0.3240381415131428,0.07671828174181054
2550,51,23,-0.1,-0.4,-0.10693035820115447,-0.32325443772573437,0.07705784316725649
2551,51,24,-0.1,-0.4,-0.1146444634526192,-0.31905603809823013,0.08225804081164513
2552,51,25,-0.1,-0.4,-0.11961340001726678,-0.3119248567280033,0.09023256797088328
2553,51,26,-0.1,-0.4,-0.11260926315241229,-0.31461605655946345,0.08630997227843101
2554,51,27,-0.1,-0.4,-0.10918698025084753,-0.3169256345377227,0.08358080403471527
2555,51,28,-0.1,-0.4,-0.05233629190560235,-0.3310834991099538,0.08379327636651814
2556,51,29,-0.1,-0.4,-0.0721916611050093,-0.3132256129397423,0.09112133647934534
2557,51,30,-0.1,-0.4,-0.07776848833145367,-0.30881062957738137,0.09386022261396075
2558,51,31,-0.1,-0.4,-0.08840203039116826,-0.313517903975308,0.0872563225896636
2559,51,32,-0.1,-0.4,-0.10379653400765872,-0.30968635776059034,0.09039340487568434
2560,51,33,-0.1,-0.4,-0.10958705677202255,-0.31545732864629566,0.08508451643613218
2561,51,34,-0.1,-0.4,-0.11061142641830082,-0.31999528223498597,0.0807053730261534
2562,51,35,-0.1,-0.4,-0.11821351678142293,-0.3151572751001194,0.08677568877274322
2563,51,36,-0.1,-0.4,-0.11674537471610844,-0.3169465020196609,0.08472479625914173
2564,51,37,-0.1,-0.4,-0.12759157765085474,-0.3080625353681923,0.095988502229111
2565,51,38,-0.1,-0.4,-0.12295808244469247,-0.3160632573465026,0.0870198271477067
2566,51,39,-0.1,-0.4,-0.11419482846166429,-0.32081123153663293,0.08045094285215579
2567,51,40,-0.1,-0.4,-0.11101927532130494,-0.32482830755122133,0.07597504704980769
2568,51,41,-0.1,-0.4,-0.11804243645431409,-0.3148932948762709,0.0869981653267777
2569,51,42,-0.1,-0.4,-0.09592915840400523,-0.3167662040927185,0.08333328586126121
2570,51,43,-0.1,-0.4,-0.10325893672523187,-0.3135419380244336,0.0865194611006677
2571,51,44,-0.1,-0.4,-0.10283275409094592,-0.3151560588780746,0.08489121768970288
2572,51,45,-0.1,-0.4,-0.10743188062793482,-0.31415778943624034,0.08616332145490173
2573,51,46,-0.1,-0.4,-0.10971703345219819,-0.31593298101532613,0.08462673584677988
2574,51,47,-0.1,-0.4,-0.11840167989580203,-0.3109978350885283,0.09088458165121503
2575,51,48,-0.1,-0.4,-0.10553164874686656,-0.3086930691223641,0.09147433937532477
2576,51,49,-0.1,-0.4,-0.03430331266543965,-0.3291597133194317,0.09661470355862033
2577,52,0,0.0,-0.4,0.06618212163448334,-0.21747511625289917,0.19415304893545768
2578,52,1,0.0,-0.4,0.06292802095413208,-0.21831687837839125,0.1922724434321673
2579,52,2,0.0,-0.4,0.062125173211097715,-0.2200859440863132,0.19033813244282427
2580,52,3,0.0,-0.4,0.06049255594611168,-0.22558676724135873,0.18460586417070676
2581,52,4,0.0,-0.4,0.05679120267927646,-0.22441230532675976,0.18454343451453833
2582,52,5,0.0,-0.4,0.05834520709365606,-0.22067434362575405,0.18857850944594867
2583,52,6,0.0,-0.4,0.05912706177726387,-0.22724463135404877,0.18259361114346498
2584,52,7,0.0,-0.4,0.06412245054946838,-0.21851548466366968,0.19247939622549667
2585,52,8,0.0,-0.4,0.06890771119728235,-0.22552360533970306,0.1875907379272862
2586,52,9,0.0,-0.4,0.06672288557146175,-0.2266787390660087,0.18572076607297067
2587,52,10,0.0,-0.4,0.06563606318014789,-0.22528236463920154,0.1866396123438358
2588,52,11,0.0,-0.4,0.06533110657656739,-0.2220426425206573,0.18957050025663114
2589,52,12,0.0,-0.4,0.05685874435829306,-0.21449125184690335,0.19402683435888649
2590,52,13,0.0,-0.4,0.05969662323066621,-0.21401072851670544,0.1953348303094734
2591,52,14,0.0,-0.4,0.059071916323188145,-0.21305451262292197,0.19605638614629975
2592,52,15,0.0,-0.4,0.05956809951553567,-0.2158387782951976,0.1935554547402324
2593,52,16,0.0,-0.4,0.06056046772582209,-0.22208507437969738,0.18793959404459765
2594,52,17,0.0,-0.4,0.06059750146675123,-0.22116378004973972,0.18882386170744098
2595,52,18,0.0,-0.4,0.061386611897802444,-0.2186013136201907,0.19150404575520552
2596,52,19,0.0,-0.4,0.06288113299741274,-0.2166318621958957,0.1938502278791111
2597,52,20,0.0,-0.4,0.06567799794290212,-0.2157323781359162,0.19562248306683164
2598,52,21,0.0,-0.4,0.06666013199418408,-0.2173516508535123,0.1944324886520237
2599,52,22,0.0,-0.4,0.06349056456318235,-0.21935038662124703,0.1914819432804163
2600,52,23,0.0,-0.4,0.06728345772307628,-0.22212951607821702,0.19017090401463171
2601,52,24,0.0,-0.4,0.06569996460752744,-0.22406791060291548,0.18779932222735551
2602,52,25,0.0,-0.4,0.06446154404812993,-0.22207985308156383,0.18923760022930675
2603,52,26,0.0,-0.4,0.05252404652430374,-0.20986538321246884,0.197256046711447
2604,52,27,0.0,-0.4,0.05465719128326208,-0.20961023602216566,0.19807996058791655
2605,52,28,0.0,-0.4,0.05732564272754333,-0.21203188263704764,0.19651524739596818
2606,52,29,0.0,-0.4,0.05707292829544404,-0.21850851093065016,0.19025372466479293
2607,52,30,0.0,-0.4,0.05665912878725668,-0.22093119412692275,0.18781877997618018
2608,52,31,0.0,-0.4,0.06135260891466954,-0.21764366659544226,0.19240055860987154
2609,52,32,0.0,-0.4,0.0484951432256374,-0.20657021485880633,0.19941629997631447
2610,52,33,0.0,-0.4,0.05639553412754647,-0.2084986361680521,0.19963273433740109
2611,52,34,0.0,-0.4,0.05874582768948394,-0.21392176945732683,0.19513118703276208
2612,52,35,0.0,-0.4,0.05928442303369505,-0.2198740296543504,0.18963124217122018
2613,52,36,0.0,-0.4,0.0646119124871596,-0.22028551023072057,0.19097643066169404
2614,52,37,0.0,-0.4,0.06404561971897611,-0.2221763587455574,0.1890055258297397
2615,52,38,0.0,-0.4,0.0623772486815086,-0.22264134183748924,0.18800801785636995
2616,52,39,0.0,-0.4,0.06323310895149525,-0.21923332469321344,0.19150722432624015
2617,52,40,0.0,-0.4,0.06511417517432799,-0.21701213210483328,0.19422774159592154
2618,52,41,0.0,-0.4,0.05320970756370287,-0.21111993285777125,0.196231885132533
2619,52,42,0.0,-0.4,0.05699643000752651,-0.212938909281625,0.19555164201394729
2620,52,43,0.0,-0.4,0.05461178897175834,-0.21663817930671925,0.1913217310779168
2621,52,44,0.0,-0.4,0.05640038152384312,-0.2176362556012208,0.19088619202859683
2622,52,45,0.0,-0.4,0.05796829124185726,-0.2181999178980007,0.19081821884137395
2623,52,46,0.0,-0.4,0.05407198177700538,-0.20931996599614122,0.19819852315546035
2624,52,47,0.0,-0.4,0.05190518930403102,-0.20471277075057873,0.2020674406840531
2625,52,48,0.0,-0.4,0.04557752390099958,-0.20619330322674861,0.19909381306084126
2626,53,0,0.1,-0.4,-0.08684340119361877,-0.3581296503543854,0.1914773687646809
2627,53,1,0.1,-0.4,-0.07956436425447463,-0.37122448086738585,0.18185541347857945
2628,53,2,0.1,-0.4,-0.07657443836331367,-0.3715830868482589,0.1788464515622081
2629,53,3,0.1,-0.4,-0.07793425320088862,-0.37641007584333414,0.17949117801127495
2630,53,4,0.1,-0.4,-0.07561107932478188,-0.3722193183243274,0.17779487466172889
2631,53,5,0.1,-0.4,-0.07486973848208783,-0.3704538185614347,0.17734825139931437
2632,53,6,0.1,-0.4,-0.07316659790660439,-0.37042529358988996,0.1756739419771521
2633,53,7,0.1,-0.4,-0.07263669278889744,-0.3755117871579349,0.17436484813541528
2634,53,8,0.1,-0.4,-0.07438928643533481,-0.3716265383116179,0.17668241721124187
2635,53,9,0.1,-0.4,-0.07440557859111055,-0.36240503747525227,0.17841156647184406
2636,53,10,0.1,-0.4,-0.07717252370951332,-0.36234769017978197,0.18112923450507856
2637,53,11,0.1,-0.4,-0.08023163942561973,-0.356479428748673,0.18541166083094246
2638,53,12,0.1,-0.4,-0.08198684938397506,-0.35794220048017306,0.18678348923059443
2639,53,13,0.1,-0.4,-0.0843299720819051,-0.3567210155177007,0.18934257076932018
2640,53,14,0.1,-0.4,-0.08572546898272419,-0.35555309178566163,0.19096983394941375
2641,53,15,0.1,-0.4,-0.07402828689677267,-0.37320656861359536,0.17607876818538742
2642,53,16,0.1,-0.4,-0.07809614637875481,-0.3693262130006776,0.18071834041912477
2643,53,17,0.1,-0.4,-0.07543522218434758,-0.3690263214696683,0.1781484940844905
2644,53,18,0.1,-0.4,-0.07603121543624125,-0.3669190027408268,0.17911264943499053
2645,53,19,0.1,-0.4,-0.07579537104853674,-0.36718427565343437,0.1788320000628593
2646,53,20,0.1,-0.4,-0.07536931892138798,-0.36830673713140766,0.17821015944723576
2647,53,21,0.1,-0.4,-0.07961754070650989,-0.37326269615746693,0.1815966529047897
2648,53,22,0.1,-0.4,-0.07929085787983753,-0.36995898572941627,0.1817901929634641
2649,53,23,0.1,-0.4,-0.07969715488748165,-0.3684514266435107,0.18244555340014557
2650,53,24,0.1,-0.4,-0.07119593128519741,-0.3721996765860578,0.17343847575012247
2651,53,25,0.1,-0.4,-0.07708461804658415,-0.3680747365027728,0.1799393909016922
2652,53,26,0.1,-0.4,-0.07852426401207019,-0.3661706030914231,0.18170124087702147
2653,53,27,0.1,-0.4,-0.0734260064810556,-0.3698884076261848,0.1760207025302818
2654,53,28,0.1,-0.4,-0.07602778104096941,-0.3610049723057976,0.18029529079562528
2655,53,29,0.1,-0.4,-0.07756094280883873,-0.3536685602792423,0.1835061053964197
2656,53,30,0.1,-0.4,-0.08166699459953747,-0.3529213356822555,0.18766805151855562
2657,53,31,0.1,-0.4,-0.08315904384416886,-0.356106486071634,0.188345097910431
2658,53,32,0.1,-0.4,-0.08608154765659355,-0.3566110375569675,0.1910731389812707
2659,53,33,0.1,-0.4,-0.08796387780036179,-0.3554891695710509,0.19316219449784677
2660,53,34,0.1,-0.4,-0.08063380328643276,-0.3630070780806484,0.18438288196536284
2661,53,35,0.1,-0.4,-0.08403468142429557,-0.35953619843372897,0.1884305792702886
2662,53,36,0.1,-0.4,-0.0857618898882041,-0.35308444038981635,0.19159475323811445
2663,53,37,0.1,-0.4,-0.08580363174413629,-0.3476718333876938,0.19303167250561729
2664,53,38,0.1,-0.4,-0.08817162331039201,-0.3515726424517003,0.1943032907039377
2665,53,39,0.1,-0.4,-0.08291565826799614,-0.35850209972095853,0.18756389249315453
2666,53,40,0.1,-0.4,-0.07510119593030512,-0.363706744577315,0.1788228989961838
2667,53,41,0.1,-0.4,-0.07325954229752629,-0.36390232027180847,0.17697997479632377
2668,53,42,0.1,-0.4,-0.0787511119622418,-0.36240790373509624,0.18266123214663724
2669,53,43,0.1,-0.4,-0.07609829476127028,-0.36906778077779057,0.17879432766124898
2670,53,44,0.1,-0.4,-0.07857546403461992,-0.3664244123533218,0.1817044755667829
2671,53,45,0.1,-0.4,-0.08115012259401887,-0.3562238818173005,0.18636446935769097
2672,53,46,0.1,-0.4,-0.08185465378346647,-0.3584942017033771,0.18653108693980316
2673,53,47,0.1,-0.4,-0.07292421951838159,-0.36606670079872533,0.17622217366360188
2674,53,48,0.1,-0.4,-0.07482335300707296,-0.36506638686629,0.178279449413586
2675,54,0,0.2,-0.4,0.08066495507955551,-0.22184158861637115,0.2144324427247492
2676,54,1,0.2,-0.4,0.03972178995609283,-0.22944740802049635,0.23404548969336259
2677,54,2,0.2,-0.4,0.043215936273336406,-0.2311147634685039,0.23044189236539847
2678,54,3,0.2,-0.4,0.05249363069236278,-0.2311886349469423,0.22417717537117327
2679,54,4,0.2,-0.4,0.05142044568210839,-0.23055542055815453,0.22536048780459983
2680,54,5,0.2,-0.4,0.06490810718044637,-0.22978491863444445,0.21730852130059805
2681,54,6,0.2,-0.4,0.07070821502937376,-0.2312813684004992,0.21256138480377554
2682,54,7,0.2,-0.4,0.0700703343788132,-0.23390067560085803,0.21088078047627956
2683,54,8,0.2,-0.4,0.023320622417086503,-0.24352068364447754,0.23601139572100624
2684,54,9,0.2,-0.4,0.010506865154631832,-0.23875651520369928,0.24881139351480622
2685,54,10,0.2,-0.4,0.016833278526514298,-0.2348739572695388,0.2466103360428504
2686,54,11,0.2,-0.4,0.013589865558102397,-0.23240276454210734,0.2506742339287679
2687,54,12,0.2,-0.4,0.023810029889075227,-0.22955179755711871,0.24514382570992488
2688,54,13,0.2,-0.4,0.039769354319025854,-0.2276054509617589,0.2353587481982355
2689,54,14,0.2,-0.4,0.04887901817641144,-0.22849269774520312,0.22858763281079678
2690,54,15,0.2,-0.4,0.05631035146531502,-0.2275092641202086,0.22449892886241854
2691,54,16,0.2,-0.4,0.032542861667195236,-0.23389883019340352,0.23586329046660043
2692,54,17,0.2,-0.4,0.04467907971823562,-0.2316394053346775,0.22906304397094535
2693,54,18,0.2,-0.4,0.03835706933020596,-0.23119349546361,0.23371793471899863
2694,54,19,0.2,-0.4,0.049472515201323536,-0.2325246362585785,0.225181085218402
2695,54,20,0.2,-0.4,0.052792239279575465,-0.23204053690922988,0.22333944133999606
2696,54,21,0.2,-0.4,0.053826075706600265,-0.23147620087489398,0.22308538054944715
2697,54,22,0.2,-0.4,0.05938038834890065,-0.2306661072168493,0.2201087059295965
2698,54,23,0.2,-0.4,0.05550402453812198,-0.23107060928698586,0.22229760676028398
2699,54,24,0.2,-0.4,0.06021334192048078,-0.23058727033624393,0.2196382998230621
2700,54,25,0.2,-0.4,0.058220371332003626,-0.22870602809769447,0.22235801742978098
2701,54,26,0.2,-0.4,0.06069305296576397,-0.22941223256158602,0.2202421664705055
2702,54,27,0.2,-0.4,0.06177385875667596,-0.22744319469389757,0.22109345802277264
2703,54,28,0.2,-0.4,0.06347838700175111,-0.2276259048924864,0.21988856150281622
2704,54,29,0.2,-0.4,0.06918417451035855,-0.22708217689416949,0.21682562981851483
2705,54,30,0.2,-0.4,0.07213048339959298,-0.22773464691952366,0.21453662891814756
2706,54,31,0.2,-0.4,0.07700684086236775,-0.23058612814168977,0.20935228007518547
2707,54,32,0.2,-0.4,0.07535378154146069,-0.23066064834033045,0.21026767653762465
2708,54,33,0.2,-0.4,0.08109058773735339,-0.23643217616880152,0.202222356126918
2709,54,34,0.2,-0.4,0.04936852539930167,-0.2388323296459809,0.220601131247604
2710,54,35,0.2,-0.4,0.056412296143645,-0.23589718237982257,0.2180531207059911
2711,54,36,0.2,-0.4,0.058497630460293853,-0.23363998757626853,0.21840003278153522
2712,54,37,0.2,-0.4,0.058115860355160864,-0.2318931714572347,0.21997957833731502
2713,54,38,0.2,-0.4,0.06368004542845841,-0.23184998652482883,0.21646606442139474
2714,54,39,0.2,-0.4,0.029962962578543514,-0.23448928370874522,0.23728967803575027
2715,54,40,0.2,-0.4,0.05102055246389502,-0.23299762926857648,0.22379604021983696
2716,54,41,0.2,-0.4,0.05727412360240634,-0.23255300746016389,0.22002084243111406
2717,54,42,0.2,-0.4,0.059393167646037845,-0.23199006028927244,0.21908359396864371
2718,54,43,0.2,-0.4,0.061000130430773014,-0.23096118545104877,0.2188494563949768
2719,54,44,0.2,-0.4,0.037537326215843936,-0.232589913138736,0.2332814985291227
2720,54,45,0.2,-0.4,0.038155991941092815,-0.2328533022704642,0.2326617749147041
2721,54,46,0.2,-0.4,0.04115371468323358,-0.2305342080565338,0.23227310864144768
2722,54,47,0.2,-0.4,0.038092587578897885,-0.2288180913190475,0.23562100088182042
2723,54,48,0.2,-0.4,0.05212641128105287,-0.22881287365777309,0.22621147288749502
2724,55,0,0.3,-0.4,-0.08206883817911148,-0.31267690658569336,0.3919208080097047
2725,55,1,0.3,-0.4,-0.08060538247227668,-0.34511052668094633,0.38454299037703327
2726,55,2,0.3,-0.4,-0.08512700282037257,-0.35908056467771526,0.3872947307781218
2727,55,3,0.3,-0.4,-0.07517757890373467,-0.3505455128252506,0.37842299350566094
2728,55,4,0.3,-0.4,-0.0840908369861543,-0.3566144883960485,0.3865334056376773
2729,55,5,0.3,-0.4,-0.09690603584147989,-0.3711046254864334,0.39795645987428996
2730,55,6,0.3,-0.4,-0.08418376424976437,-0.38492593301948896,0.38447937813158645
2731,55,7,0.3,-0.4,-0.08989283815371765,-0.3915630409472375,0.38998411188357285
2732,55,8,0.3,-0.4,-0.09396275840941509,-0.3696041763372453,0.39513359906453466
2733,55,9,0.3,-0.4,-0.09917627100070722,-0.3818764698885939,0.3995874843807412
2734,55,10,0.3,-0.4,-0.09399241086586599,-0.38717533436101104,0.3942010805016258
2735,55,11,0.3,-0.4,-0.09408624831558265,-0.3972954660721322,0.394095528539995
2736,55,12,0.3,-0.4,-0.09482676267231205,-0.38761061996692314,0.39502109976544575
2737,55,13,0.3,-0.4,-0.09355861282073745,-0.3912264952990584,0.39365639345769626
2738,55,14,0.3,-0.4,-0.09040300409005385,-0.39913110980920197,0.3904039710001709
2739,55,15,0.3,-0.4,-0.09448023266597996,-0.39931715959978636,0.39448082365967785
2740,55,16,0.3,-0.4,-0.09499745606286412,-0.4084925453292407,0.3950887414522255
2741,55,17,0.3,-0.4,-0.09596326874923865,-0.4122739027240826,0.3961534537103798
2742,55,18,0.3,-0.4,-0.10073065409126392,-0.41497617793175245,0.40101040265042465
2743,55,19,0.3,-0.4,-0.09480965862019616,-0.41319747152392927,0.39503017580233124
2744,55,20,0.3,-0.4,-0.10738924354851873,-0.408074072676156,0.40746924596663014
2745,55,21,0.3,-0.4,-0.09820745361227234,-0.41082315164216143,0.39835451136373395
2746,55,22,0.3,-0.4,-0.11960023125673241,-0.3921782897133176,0.41967312663847334
2747,55,23,0.3,-0.4,-0.10968528848355447,-0.4022474118424436,0.409691452754195
2748,55,24,0.3,-0.4,-0.10982740708217822,-0.41363135574729104,0.4100540421154395
2749,55,25,0.3,-0.4,-0.0999879131875243,-0.4024308693302631,0.3999952997496487
2750,55,26,0.3,-0.4,-0.10351540353032593,-0.4044881751462888,0.4035403630399139
2751,55,27,0.3,-0.4,-0.11146031612448742,-0.3930688851304402,0.4115186898533263
2752,55,28,0.3,-0.4,-0.12291840370501075,-0.3949762739001994,0.4229482403513701
2753,55,29,0.3,-0.4,-0.1295201675018022,-0.40287210246736793,0.42952976993842845
2754,55,30,0.3,-0.4,-0.12358116305313951,-0.39907719185521695,0.42358216826056605
2755,55,31,0.3,-0.4,-0.11085773818204514,-0.393534849518531,0.4109086019966167
2756,55,32,0.3,-0.4,-0.138731786795028,-0.3849854661065294,0.4389886296618582
2757,55,33,0.3,-0.4,-0.12227801872422056,-0.39241595716541683,0.4223461173059011
2758,55,34,0.3,-0.4,-0.12180199176262646,-0.3932929004816807,0.42185531339413923
2759,55,35,0.3,-0.4,-0.10528842970861574,-0.40058226048072354,0.4052888479627128
2760,55,36,0.3,-0.4,-0.10059202517661954,-0.40059449833019695,0.40059246630880363
2761,55,37,0.3,-0.4,-0.09708858171021395,-0.40660766356159134,0.3971435545774002
2762,55,38,0.3,-0.4,-0.09112777707219935,-0.4036668878304781,0.39114496553554334
2763,55,39,0.3,-0.4,-0.08498263684976667,-0.40248605301533885,0.3849906636989972
2764,55,40,0.3,-0.4,-0.08162559648005166,-0.3923195519386562,0.38170287550813425
2765,55,41,0.3,-0.4,-0.07863218392683663,-0.400624808950939,0.37863269944820005
2766,55,42,0.3,-0.4,-0.08430953288105644,-0.40318828632295406,0.3843227578909853
2767,55,43,0.3,-0.4,-0.08557142739315093,-0.41075210737091494,0.3857213157642543
2768,55,44,0.3,-0.4,-0.08087933507932704,-0.4053606199903441,0.38091705676846654
2769,55,45,0.3,-0.4,-0.09129990575871305,-0.38404348347367906,0.3916251098517975
2770,55,46,0.3,-0.4,-0.0914239268175066,-0.3978166272009158,0.391430016225144
2771,55,47,0.3,-0.4,-0.08490736201106612,-0.39732150960319446,0.38491668142745344
2772,56,0,0.4,-0.4,0.1750291883945465,0.18131791055202484,0.6233316767203384
2773,56,1,0.4,-0.4,0.16209742724895476,0.1701947048306465,0.6178346344601235
2774,56,2,0.4,-0.4,0.16142926126718518,0.20043686494231222,0.6460962979009193
2775,56,3,0.4,-0.4,0.15911312755942342,0.19157779540121553,0.638741554406761
2776,56,4,0.4,-0.4,0.11985118339359759,0.14461748789101836,0.6124471957342047
2777,56,5,0.4,-0.4,0.1443613132330775,0.13267066819712517,0.5908376925429594
2778,56,6,0.4,-0.4,0.1398679616396725,0.11654605761440096,0.5783498137100754
2779,56,7,0.4,-0.4,0.15080806629275975,0.14750485377202477,0.6015464942368793
2780,56,8,0.4,-0.4,0.13244674738735943,0.1397392901746733,0.6024145120611419
2781,56,9,0.4,-0.4,0.11274252355638834,0.12678428983467938,0.6000154546254451
2782,56,10,0.4,-0.4,0.11653646046301308,0.15081362969721043,0.6194733512485042
2783,56,11,0.4,-0.4,0.06877883275415905,0.11243407696913955,0.6101607533026943
2784,56,12,0.4,-0.4,0.09703462918645625,0.11469896474780533,0.5972462140730995
2785,56,13,0.4,-0.4,0.12291049083106258,0.12732660708339338,0.5956945078054406
2786,56,14,0.4,-0.4,0.045712002953119835,0.09363259787989583,0.607612645145857
2787,56,15,0.4,-0.4,0.06460114661669675,0.0820791735345428,0.5872756766686174
2788,56,16,0.4,-0.4,0.023348369356703362,0.060662061304203006,0.5950428434922074
2789,56,17,0.4,-0.4,0.050824332693912705,0.06890417434895628,0.5846321675725069
2790,56,18,0.4,-0.4,0.08591524752158788,0.1024488151936453,0.5925403308036706
2791,56,19,0.4,-0.4,0.1090653011652351,0.13914706444820812,0.6126357450305978
2792,56,20,0.4,-0.4,0.12179784363674764,0.1271218567615423,0.5960317874752147
2793,56,21,0.4,-0.4,0.1322491473984455,0.1379386138586175,0.6008897331033292
2794,56,22,0.4,-0.4,0.10134619895837849,0.11888110227064094,0.5986916494909578
2795,56,23,0.4,-0.4,0.12067484852627416,0.13470658372514505,0.6032691529697465
2796,56,24,0.4,-0.4,0.11664609236388257,0.10185187332303465,0.5763199976840094
2797,56,25,0.4,-0.4,0.1197626013160566,0.11132958621511657,0.5830874251431476
2798,56,26,0.4,-0.4,0.12829053233271576,0.10740101475031036,0.5755708684338391
2799,56,27,0.4,-0.4,0.1181079979354542,0.11872664637324809,0.5903731315749342
2800,56,28,0.4,-0.4,0.06349791138669661,0.08108767516347587,0.5870936951077856
2801,56,29,0.4,-0.4,0.08253537848105597,0.09656753592543774,0.5893751807221164
2802,56,30,0.4,-0.4,0.10262670878725644,0.11206851519144653,0.5921528844623422
2803,56,31,0.4,-0.4,0.04146132454186854,0.10029709892370257,0.6155056206004494
2804,56,32,0.4,-0.4,0.03580947031018261,0.08611040539869236,0.607402723201527
2805,56,33,0.4,-0.4,0.04228829534457114,0.09436205386251206,0.6102061159531704
2806,56,34,0.4,-0.4,0.0713944766335109,0.1267434502779543,0.6208383464297997
2807,56,35,0.4,-0.4,0.07825041869170402,0.11055472086840568,0.6034806675222326
2808,56,36,0.4,-0.4,0.09395356914620454,0.11130697889806418,0.5959020427118978
2809,56,37,0.4,-0.4,0.10132365012024439,0.12955066764928014,0.6079732490704609
2810,56,38,0.4,-0.4,0.12801993100542045,0.14249457859202203,0.6068554405556829
2811,56,39,0.4,-0.4,0.14378227140594274,0.14347369084996764,0.6008420566937572
2812,56,40,0.4,-0.4,0.1112694595482163,0.12377921618193335,0.5980886157533343
2813,56,41,0.4,-0.4,0.12397760033193714,0.13511278047183117,0.6021080077052705
2814,56,42,0.4,-0.4,0.14192402875133792,0.15182211021396788,0.6091886803420897
2815,56,43,0.4,-0.4,0.15387722910439877,0.12702064056067955,0.5816589842255663
2816,56,44,0.4,-0.4,0.14358596173621352,0.13696852065333232,0.5950490325942651
2817,56,45,0.4,-0.4,0.14387854255624605,0.13832372095233153,0.5961464832598414
2818,56,46,0.4,-0.4,0.085629794842716,0.08085547490648592,0.5745003164822235
2819,56,47,0.4,-0.4,0.08792036219706252,0.07583384735000645,0.5690444188419055
2820,56,48,0.4,-0.4,0.1258327266672162,0.09737725025245308,0.5679364602096124
2821,57,0,0.5,-0.4,-0.07820317149162292,0.07720373570919037,0.7496948131725188
2822,57,1,0.5,-0.4,-0.07079322710633278,0.07135316282510758,0.7402558424056469
2823,57,2,0.5,-0.4,-0.08631824158132076,0.04041715994477272,0.7333050901124522
2824,57,3,0.5,-0.4,-0.10535881362110375,0.056564017131924625,0.758228194522197
2825,57,4,0.5,-0.4,-0.11006113150939344,0.05496719670444726,0.7610320192052531
2826,57,5,0.5,-0.4,-0.12080518684245645,0.020821200157254926,0.7499930416425806
2827,57,6,0.5,-0.4,-0.12603980001827328,0.002070810836091631,0.7440341175868966
2828,57,7,0.5,-0.4,-0.13036543963267577,0.004481922502641375,0.7489767774201878
2829,57,8,0.5,-0.4,-0.13793487684468347,0.01639050482782438,0.7618017849845273
2830,57,9,0.5,-0.4,-0.15696217751083713,-0.018921242481957867,0.7594868808026084
2831,57,10,0.5,-0.4,-0.132898469218657,0.008137405486361488,0.7530847323485306
2832,57,11,0.5,-0.4,-0.10874296400878022,0.0274719368914956,0.7438415510442812
2833,57,12,0.5,-0.4,-0.10709692460053397,0.04352290606003363,0.7518505463583597
2834,57,13,0.5,-0.4,-0.10399683883018554,0.028874516745169474,0.7407736040317985
2835,57,14,0.5,-0.4,-0.1058648802256493,0.049195803882511116,0.7542208717056933
2836,57,15,0.5,-0.4,-0.09864211893987017,0.055023316420398316,0.7519432193025186
2837,57,16,0.5,-0.4,-0.10042017297782452,0.03156961136966696,0.7394299923430792
2838,57,17,0.5,-0.4,-0.09912072884824441,0.034652438449232034,0.7401813223700765
2839,57,18,0.5,-0.4,-0.11401752767414447,0.004912579736270285,0.7355077984085214
2840,57,19,0.5,-0.4,-0.13788989083186207,-0.03599333238918539,0.7344415340179332
2841,57,20,0.5,-0.4,-0.13107980492066135,-0.030250429417920797,0.7314208536296543
2842,57,21,0.5,-0.4,-0.13591231049741856,-0.03228847038185882,0.7345721446231667
2843,57,22,0.5,-0.4,-0.13062822122526055,0.020605386833296206,0.7580243035938379
2844,57,23,0.5,-0.4,-0.10406093855109134,0.044919405458333284,0.7502285617307716
2845,57,24,0.5,-0.4,-0.09455333741093101,0.02958850631944689,0.7335120692860138
2846,57,25,0.5,-0.4,-0.12236187670736606,0.002126838752454986,0.7409725366191096
2847,57,26,0.5,-0.4,-0.10105678409215177,0.028800098788915603,0.7383351423470126
2848,57,27,0.5,-0.4,-0.12371106126818512,0.04312123565328615,0.7650960184415946
2849,57,28,0.5,-0.4,-0.10540728122233765,0.04028674918827164,0.7485789187973428
2850,57,29,0.5,-0.4,-0.11397959038781713,0.0015665878444087837,0.7336393268396896
2851,57,30,0.5,-0.4,-0.1064365197878809,0.010905016234757566,0.7325354495854268
2852,57,31,0.5,-0.4,-0.09283820542327681,0.04374275916801835,0.7405165589799714
2853,57,32,0.5,-0.4,-0.10974792169374707,0.039809643301276974,0.7518145052808175
2854,57,33,0.5,-0.4,-0.09684142538696267,0.041028270598288404,0.7421089020654977
2855,57,34,0.5,-0.4,-0.11390612173232252,0.022721925261840442,0.7453687358599757
2856,57,35,0.5,-0.4,-0.11840092990504672,2.875768400880524e-06,0.7364930486640163
2857,57,36,0.5,-0.4,-0.11227504434779165,0.017170896644672112,0.7408861497817394
2858,57,37,0.5,-0.4,-0.1170662533821306,-0.008260051796142013,0.7309110397865265
2859,57,38,0.5,-0.4,-0.10451803571056811,0.015135751890626922,0.7333346766634999
2860,57,39,0.5,-0.4,-0.0880257230376208,0.024031690964342316,0.7249669826247236
2861,57,40,0.5,-0.4,-0.1108502655190729,-0.014955271982680943,0.7220785895307055
2862,57,41,0.5,-0.4,-0.1175123300426952,0.0143221919313353,0.7436291794177693
2863,57,42,0.5,-0.4,-0.13999420825557174,-0.01632462782634326,0.7461899073381187
2864,57,43,0.5,-0.4,-0.13304130431752784,-0.025322364047975537,0.7356117344459879
2865,57,44,0.5,-0.4,-0.1351480597031014,-0.038759209357766146,0.7306900619061687
2866,57,45,0.5,-0.4,-0.1301791188260245,-0.044517900894232076,0.7235283301910076
2867,57,46,0.5,-0.4,-0.1441103882589171,-0.05898696898927613,0.7288127877460534
2868,57,47,0.5,-0.4,-0.12986196894434696,-0.03890201521324343,0.7260288248682046
2869,57,48,0.5,-0.4,-0.12203286586494567,-0.03167406380236207,0.7229030927392854
2870,58,0,0.6,-0.4,0.09923005849123001,0.08193967491388321,0.6950081902933205
2871,58,1,0.6,-0.4,0.050154136121273035,0.11261697337031364,0.7517357483929339
2872,58,2,0.6,-0.4,0.06413561284542083,0.11254817850887774,0.7415229441583863
2873,58,3,0.6,-0.4,0.0721657728254795,0.09466567685455082,0.7233969195641451
2874,58,4,0.6,-0.4,0.07090000471174715,0.08691084047332404,0.7190472665857703
2875,58,5,0.6,-0.4,0.1081124684461951,0.06564826878033576,0.6773342261514763
2876,58,6,0.6,-0.4,0.10889016850534079,0.06570228068516401,0.6768068268169847
2877,58,7,0.6,-0.4,0.10292532900591789,0.0835232286645971,0.6934536330585566
2878,58,8,0.6,-0.4,0.0920568866206613,0.08998264067329978,0.7057543443654284
2879,58,9,0.6,-0.4,0.09487073584113367,0.08282868052592486,0.6987697104540832
2880,58,10,0.6,-0.4,0.0940583626389473,0.09353397056012776,0.7067904360646287
2881,58,11,0.6,-0.4,0.08474837104201104,0.0889911801634689,0.7103496430783387
2882,58,12,0.6,-0.4,0.08833938664996474,0.14438145614792125,0.7470928677557197
2883,58,13,0.6,-0.4,0.031394388812409774,0.12062158589552294,0.7709469351222447
2884,58,14,0.6,-0.4,0.05838407111797616,0.11131404299033995,0.7448421745429462
2885,58,15,0.6,-0.4,0.05386898490631301,0.09958166525706966,0.7401627698744971
2886,58,16,0.6,-0.4,0.05677296396087212,0.08187297286750597,0.7261523081723448
2887,58,17,0.6,-0.4,0.0671714474578045,0.08962071375561959,0.72362608420563
2888,58,18,0.6,-0.4,0.07551501724854504,0.10885213768044356,0.7307632962551904
2889,58,19,0.6,-0.4,0.08845340111469006,0.14513369817427269,0.7475631556706679
2890,58,20,0.6,-0.4,0.07880107963115317,0.11974295718693762,0.7360577804351194
2891,58,21,0.6,-0.4,0.09219979800603031,0.10552212715404052,0.7165289011529559
2892,58,22,0.6,-0.4,0.07447850918248164,0.08209343673467409,0.7131528020373448
2893,58,23,0.6,-0.4,0.09061744064919558,0.08874711538529237,0.7059350781539475
2894,58,24,0.6,-0.4,0.10327126458866084,0.07849237274749167,0.6897060151694145
2895,58,25,0.6,-0.4,0.107346761603235,0.07617267336583297,0.685162483038282
2896,58,26,0.6,-0.4,0.10214453351036226,0.05674003489981405,0.6756267645630227
2897,58,27,0.6,-0.4,0.11627919562732042,0.07446922734100836,0.6775742500099348
2898,58,28,0.6,-0.4,0.10447331305993003,0.06167529374165785,0.67726713660213
2899,58,29,0.6,-0.4,0.10298639983591121,0.05109714798492607,0.6712012780591251
2900,58,30,0.6,-0.4,0.09925628841379956,0.06854081136637619,0.6857658176148662
2901,58,31,0.6,-0.4,0.08691479313693218,0.06224912914492272,0.6906016846902102
2902,58,32,0.6,-0.4,0.08584926534518839,0.0764323046704164,0.7009555755393111
2903,58,33,0.6,-0.4,0.07716154934145678,0.10827505584856088,0.7291800723311653
2904,58,34,0.6,-0.4,0.0838352008841869,0.10459071320702781,0.7218295419980015
2905,58,35,0.6,-0.4,0.03683631816781617,0.07555997727500502,0.7370960755020911
2906,58,36,0.6,-0.4,0.05139271581663628,0.08725951712062927,0.7337518581125876
2907,58,37,0.6,-0.4,0.07797249173269429,0.09816207508754413,0.7215803298616863
2908,58,38,0.6,-0.4,0.1107918790042602,0.13365489606418385,0.7239558921242766
2909,58,39,0.6,-0.4,0.04779952240408879,0.10597764059951624,0.74895843692678
2910,58,40,0.6,-0.4,0.011207219269821989,0.07788271483441694,0.7583197398047133
2911,58,41,0.6,-0.4,0.03814188059654331,0.07745991367759657,0.7373279565489206
2912,58,42,0.6,-0.4,0.05668930775464125,0.08361325515373197,0.7273708056201593
2913,58,43,0.6,-0.4,0.06170485736507557,0.08302585330749107,0.7232396805677793
2914,58,44,0.6,-0.4,0.051307321589240104,0.08325196711223509,0.7311608024637387
2915,58,45,0.6,-0.4,0.021994614552193946,0.06763344864647418,0.7434858895094523
2916,58,46,0.6,-0.4,0.001758647973849222,0.13442422650675556,0.8021857447944465
2917,58,47,0.6,-0.4,0.04067501138732799,0.11058529756162967,0.7573254181477495
2918,58,48,0.6,-0.4,0.06468909554441946,0.11554235199278676,0.7431969329372303
2919,58,49,0.6,-0.4,0.05853565112682307,0.0945761735035008,0.7333411433282728
2920,59,0,0.8,-0.4,-0.20515960454940796,0.05326902121305466,1.1026325934822365
2921,59,1,0.8,-0.4,-0.19781660139560697,0.05170620083808898,1.0952974307904952
2922,59,2,0.8,-0.4,-0.24961648851633067,0.05467997312545776,1.1438656612236944
2923,59,3,0.8,-0.4,-0.2011325789391994,0.03927533734217286,1.0932654127020265
2924,59,4,0.8,-0.4,-0.2078778389126062,0.04135153912864625,1.1002767466698413
2925,59,5,0.8,-0.4,-0.18210308826178306,0.054812659634687004,1.0823035763302777
2926,59,6,0.8,-0.4,-0.1333944625243246,0.016712236771460616,1.0221909366386237
2927,59,7,0.8,-0.4,-0.07692242772472795,0.11171774651471114,1.0153068483688685
2928,59,8,0.8,-0.4,-0.03253893507286933,0.13583260685309106,0.9900695233059377
2929,59,9,0.8,-0.4,-0.06704584476287681,0.11352660146428181,1.0077093168826148
2930,59,10,0.8,-0.4,-0.09854946933045847,0.10687609435072662,1.031656204293996
2931,59,11,0.8,-0.4,-0.06848304426966512,0.10428744176691557,1.0042751725038936
2932,59,12,0.8,-0.4,-0.08605967034308992,0.058632402084927246,0.9977201108781438
2933,59,13,0.8,-0.4,-0.13491766898419674,0.054533674243949185,1.0395537065493772
2934,59,14,0.8,-0.4,-0.08281289338082425,0.08972476645976665,1.0095488851974903
2935,59,15,0.8,-0.4,-0.14840165137556438,0.05995241531873001,1.054050243911281
2936,59,16,0.8,-0.4,-0.1368585201751696,0.07485900655787167,1.0503308825955455
2937,59,17,0.8,-0.4,-0.13276625457962898,0.07147120718936804,1.0451497428077516
2938,59,18,0.8,-0.4,-0.1218877220997451,0.07451822781907,1.03684353722768
2939,59,19,0.8,-0.4,-0.10826668882315027,0.08114158259871139,1.027835395640451
2940,59,20,0.8,-0.4,-0.05311365421375897,0.0701855995052037,0.9741033851640293
2941,59,21,0.8,-0.4,-0.07836981263789422,0.0577979854698066,0.9905112433757342
2942,59,22,0.8,-0.4,-0.043737319389214324,0.0852479085692325,0.9733232746117352
2943,59,23,0.8,-0.4,-0.07915095497713599,0.07121147270083339,0.997470126691571
2944,59,24,0.8,-0.4,-0.11278291152598738,0.06805235781824527,1.0257902579148808
2945,59,25,0.8,-0.4,-0.12467290237225687,0.07846240696300225,1.0411273943463224
2946,59,26,0.8,-0.4,-0.10159885354115879,0.08907088784269898,1.0257050385183735
2947,59,27,0.8,-0.4,-0.11872543024114787,0.07805865360820975,1.0356623448119935
2948,59,28,0.8,-0.4,-0.13211168834531717,0.09216072258817434,1.0540656414135088
2949,59,29,0.8,-0.4,-0.135663275840631,0.08853612212565636,1.0555251339396874
2950,59,30,0.8,-0.4,-0.050852317060952994,0.07446583666164643,0.9742009523743183
2951,59,31,0.8,-0.4,-0.0793034681798497,0.06952829127938823,0.9968106166493483
2952,59,32,0.8,-0.4,-0.05565616842458997,0.08706349805794053,0.9845701243199937
2953,59,33,0.8,-0.4,0.037373605872737886,0.1263514833953115,0.9266309411475505
2954,59,34,0.8,-0.4,0.04290648123014297,0.10488625184836911,0.9100003975102531
2955,59,35,0.8,-0.4,-0.057468598343215105,0.06656689193149457,0.9761849526556394
2956,59,36,0.8,-0.4,-0.08047309883445222,0.07281378803064459,0.9993926935509537
2957,59,37,0.8,-0.4,-0.14517827885952395,0.07040124116527063,1.0557647969683774
2958,59,38,0.8,-0.4,-0.12644654080594342,0.07728864063551938,1.0421648811253432
2959,59,39,0.8,-0.4,-0.06920053507613473,0.07952205406438947,0.9926988317263048
2960,59,40,0.8,-0.4,-0.03240602177390588,0.09270994958051193,0.9672966863900087
2961,59,41,0.8,-0.4,-0.0474415073633829,0.07708009449380342,0.9725032261974965
2962,59,42,0.8,-0.4,-0.019476245580956085,0.0919270531079808,0.9557894865769144
2963,59,43,0.8,-0.4,-0.025388927402289034,0.1042417268970755,0.9672262406606048
2964,59,44,0.8,-0.4,-0.05548100550923141,0.08397920297716092,0.9828955283759783
2965,59,45,0.8,-0.4,-0.03838371004628514,0.06493005101376595,0.9586694934160764
2966,59,46,0.8,-0.4,-0.028216103078694762,0.054613826037900395,0.9447833848156293
2967,59,47,0.8,-0.4,-0.07475831861619167,0.03935609509226652,0.9788952417306724
2968,59,48,0.8,-0.4,-0.06398766764727044,0.04938158069823067,0.9738678015610799
2969,60,0,1.0,-0.4,0.14310398697853088,0.2280014157295227,1.0623824901090824
2970,60,1,1.0,-0.4,0.130377309769392,0.2609913259744644,1.0923155022141728
2971,60,2,1.0,-0.4,0.02735863633453843,0.22128127783536908,1.154132422428968
2972,60,3,1.0,-0.4,0.0328990296050906,0.20446278938651083,1.1404646205348488
2973,60,4,1.0,-0.4,0.05326548073366283,0.2202248017221689,1.1318061029353776
2974,60,5,1.0,-0.4,0.05542894202046095,0.21291409116595983,1.1260009621320846
2975,60,6,1.0,-0.4,-0.036474908408515166,0.16071115324524043,1.1784215006244785
2976,60,7,1.0,-0.4,-0.009076079986388246,0.18014070910949406,1.1639578074684505
2977,60,8,1.0,-0.4,0.01582277205255992,0.19291540747798708,1.1489793281147815
2978,60,9,1.0,-0.4,0.06717536122269588,0.19464543746056218,1.1062391255974775
2979,60,10,1.0,-0.4,-0.0649955313457349,0.13600918672655465,1.1922756938064478
2980,60,11,1.0,-0.4,-0.02747794824215862,0.1548015208594214,1.1676967336050244
2981,60,12,1.0,-0.4,-0.0018286231772220649,0.20978935282295424,1.1728186752577765
2982,60,13,1.0,-0.4,0.036189893977713425,0.20563241545961133,1.1382972121226225
2983,60,14,1.0,-0.4,-0.04865956498403322,0.1474722688965408,1.182967779968342
2984,60,15,1.0,-0.4,-0.09873574510468323,0.12476362147934095,1.2176194380835323
2985,60,16,1.0,-0.4,-0.03784706939932997,0.14773179790680407,1.173514661987228
2986,60,17,1.0,-0.4,-0.05720789407465961,0.12492637997779607,1.180354283971711
2987,60,18,1.0,-0.4,-0.01440188882094497,0.1398829431945021,1.149123485268602
2988,60,19,1.0,-0.4,-0.00240532500683578,0.17777078431146884,1.1569941723301593
2989,60,20,1.0,-0.4,-0.06975202322202442,0.11003628553855696,1.185118729813002
2990,60,21,1.0,-0.4,-0.021933915884676206,0.17460941202775432,1.1724013411909209
2991,60,22,1.0,-0.4,0.011373700579039416,0.2114041015419866,1.1624099686810787
2992,60,23,1.0,-0.4,0.03798415717087439,0.22831718578333196,1.1490243547483747
2993,60,24,1.0,-0.4,0.04397362092754817,0.19676428256507889,1.1269933657425835
2994,60,25,1.0,-0.4,0.06547790426746113,0.2244087939724656,1.1239296639036116
2995,60,26,1.0,-0.4,0.08616638244305622,0.17088366135316416,1.0774971161804587
2996,60,27,1.0,-0.4,0.06425740835845668,0.2081070255145443,1.1159786522564752
2997,60,28,1.0,-0.4,0.08393867276555438,0.20705842451587406,1.0989487185625313
2998,60,29,1.0,-0.4,-0.046229560934381714,0.15980355487202166,1.1865817772999472
2999,60,30,1.0,-0.4,-0.03817126486104123,0.15919856461042353,1.179195747043523
3000,60,31,1.0,-0.4,-0.016908646458198374,0.17108985297389756,1.166296195402863
3001,60,32,1.0,-0.4,-0.0029821006791460724,0.14724685359751732,1.142563877013069
3002,60,33,1.0,-0.4,0.055715528544220544,0.18636852131415294,1.1115310188297343
3003,60,34,1.0,-0.4,0.018840443781518192,0.15939643644581455,1.1294239451451011
3004,60,35,1.0,-0.4,-0.07634559652800135,0.0994720536152835,1.1865884608860342
3005,60,36,1.0,-0.4,-0.09559144643064678,0.09146391619008985,1.2007736666037012
3006,60,37,1.0,-0.4,-0.048110044220898915,0.12855167178445603,1.1738405064329982
3007,60,38,1.0,-0.4,-0.010407265130549726,0.17298451753152888,1.1615653656852187
3008,60,39,1.0,-0.4,-0.08629016009242241,0.1156230270533307,1.2024530834678169
3009,60,40,1.0,-0.4,-0.1518884782899383,0.07337543887575274,1.2453639518421598
3010,60,41,1.0,-0.4,-0.07760495115680238,0.15689694052811326,1.2129990243719189
3011,60,42,1.0,-0.4,0.011054833545745227,0.2617315472773026,1.1899164604774768
3012,60,43,1.0,-0.4,-0.04766660444922986,0.20499800395249498,1.2098049011574892
3013,60,44,1.0,-0.4,-0.09266694743525405,0.12954004060124774,1.2142214429903004
3014,60,45,1.0,-0.4,-0.1337452575699885,0.10435993637270523,1.2408695557875207
3015,60,46,1.0,-0.4,-0.05516927258128718,0.1432838684910412,1.1868190913371397
3016,60,47,1.0,-0.4,-0.11213552426465706,0.1017641822922441,1.2200871767881294
3017,60,48,1.0,-0.4,-0.1119505897642955,0.09884469089902925,1.2187206979924943
3018,61,0,-0.5,-0.3,-0.12006034702062607,-0.04604070633649826,0.4570005062843495
3019,61,1,-0.5,-0.3,-0.12063412517309188,-0.05625804513692856,0.4509197351454656
3020,61,2,-0.5,-0.3,-0.13232085362076756,-0.026478193700313565,0.458259897005623
3021,61,3,-0.5,-0.3,-0.13359840242564675,-0.03984211012721062,0.44936873318923815
3022,61,4,-0.5,-0.3,-0.13183650841265915,-0.06698676832020282,0.43570577535263955
3023,61,5,-0.5,-0.3,-0.13875863580867645,-0.045474387016147366,0.44190339540177154
3024,61,6,-0.5,-0.3,-0.15003542741413411,-0.03542097414098679,0.43872230737644535
3025,61,7,-0.5,-0.3,-0.13450080998930183,-0.04117058493886142,0.44786418030399305
3026,61,8,-0.5,-0.3,-0.13727223568891478,-0.0333210225935839,0.4502100709587136
3027,61,9,-0.5,-0.3,-0.13628907288724673,-0.029327505178773767,0.45337538304804914
3028,61,10,-0.5,-0.3,-0.11299903131952031,-0.020430674341337936,0.47741884923918604
3029,61,11,-0.5,-0.3,-0.12998938318293393,-0.017064769540888012,0.4657898680653074
3030,61,12,-0.5,-0.3,-0.12835981452803583,-0.02687564728882249,0.46120856399413884
3031,61,13,-0.5,-0.3,-0.13803896211622696,-0.032067837732617406,0.4503370254855504
3032,61,14,-0.5,-0.3,-0.12786746255682885,-0.05357628558308784,0.44632641917202376
3033,61,15,-0.5,-0.3,-0.13517495257148032,-0.05231840147039923,0.4409574690164573
3034,61,16,-0.5,-0.3,-0.13103902870160558,-0.04751330900612615,0.4470813432368774
3035,61,17,-0.5,-0.3,-0.13169488979994806,-0.055042161563001075,0.44232679865818586
3036,61,18,-0.5,-0.3,-0.14149373046093866,-0.05847167229977587,0.43227615985672974
3037,61,19,-0.5,-0.3,-0.14823617130591055,-0.0419387714446002,0.43627214999475616
3038,61,20,-0.5,-0.3,-0.1336114867334714,-0.037747155747442404,0.4505741858697782
3039,61,21,-0.5,-0.3,-0.13518297470247798,-0.04487182153775321,0.4451762003885617
3040,61,22,-0.5,-0.3,-0.13365697719301023,-0.04602505867639997,0.4457695381917529
3041,61,23,-0.5,-0.3,-0.12571865146708155,-0.04730031761995825,0.45160121493923594
3042,61,24,-0.5,-0.3,-0.13509496626999146,-0.03369404619738769,0.45174610642729146
3043,61,25,-0.5,-0.3,-0.14236285094839649,-0.0188266480670742,0.4549316258724555
3044,61,26,-0.5,-0.3,-0.14105993124937632,-0.020846185092574382,0.4547140038882371
3045,61,27,-0.5,-0.3,-0.1078354735962245,-0.010181973002217428,0.4876346014613657
3046,61,28,-0.5,-0.3,-0.11200049657167843,-0.022978175789419363,0.47674385758977744
3047,61,29,-0.5,-0.3,-0.11633872784156893,-0.021313786757203423,0.4741961379069163
3048,61,30,-0.5,-0.3,-0.11519420750822132,-0.03909973370686048,0.46491337568095087
3049,61,31,-0.5,-0.3,-0.12974581545114372,-0.038039018560036136,0.45355453583105926
3050,61,32,-0.5,-0.3,-0.13660389182829755,-0.04239910433094589,0.4454379338177638
3051,61,33,-0.5,-0.3,-0.12463472856585908,-0.06251438570599378,0.44418296229755116
3052,61,34,-0.5,-0.3,-0.12289933017346569,-0.05202558541105623,0.45132718229057533
3053,61,35,-0.5,-0.3,-0.13809903121011768,-0.04552706264122828,0.4424124625946434
3054,61,36,-0.5,-0.3,-0.13837491829407333,-0.05331633416677666,0.4377505347886345
3055,61,37,-0.5,-0.3,-0.13242198081263384,-0.062262218192275426,0.4377588983545223
3056,61,38,-0.5,-0.3,-0.1430333240430945,-0.05878725220415914,0.4308233947256605
3057,61,39,-0.5,-0.3,-0.1508969623367961,-0.04649058690923201,0.4314393971710303
3058,61,40,-0.5,-0.3,-0.13727137530492572,-0.041841770066623124,0.4452164943659594
3059,61,41,-0.5,-0.3,-0.12948046534511226,-0.0404298590100437,0.45239516316426326
3060,61,42,-0.5,-0.3,-0.13212636199073935,-0.03434381428198424,0.45376670498441535
3061,61,43,-0.5,-0.3,-0.1377464032226191,-0.048518008788282524,0.4409885035711924
3062,61,44,-0.5,-0.3,-0.13600323272122644,-0.04866351883599995,0.44233886710676845
3063,61,45,-0.5,-0.3,-0.1508103566434144,-0.03245336220977591,0.43990295568494736
3064,61,46,-0.5,-0.3,-0.14643411933842412,-0.026189666179791297,0.4471922750615554
3065,61,47,-0.5,-0.3,-0.14070566564425008,-0.04506200733938082,0.44055169821709617
3066,61,48,-0.5,-0.3,-0.13953438797331774,-0.044390357069281586,0.4418956290946313
3067,61,49,-0.5,-0.3,-0.14273191967721627,-0.04748648039745837,0.4374969243315777
3068,62,0,-0.4,-0.3,0.28739240765571594,-0.014267885126173496,0.7444133015825225
3069,62,1,-0.4,-0.3,0.28985412120819093,-0.016879610996693373,0.7456915335561408
3070,62,2,-0.4,-0.3,0.2935515427589417,-0.014141360213980079,0.7501525874138019
3071,62,3,-0.4,-0.3,0.2975100784301758,-0.02827333001140505,0.7485690968072091
3072,62,4,-0.4,-0.3,0.2928367968559265,-0.028039100259449327,0.7443020610379031
3073,62,5,-0.4,-0.3,0.2957157245588302,-0.028188291805917393,0.7469283594226446
3074,62,6,-0.4,-0.3,0.29458791672372814,-0.03266065744812693,0.7442598324071213
3075,62,7,-0.4,-0.3,0.29912169736056327,-0.03860502106228256,0.7463903018757444
3076,62,8,-0.4,-0.3,0.30175453000267505,-0.039293779443652914,0.7486168270991843
3077,62,9,-0.4,-0.3,0.2833602637161822,-0.015680172749028644,0.7401479677701427
3078,62,10,-0.4,-0.3,0.28814486236145176,-0.023518246507015055,0.7416100805740286
3079,62,11,-0.4,-0.3,0.291515431796899,-0.03037534824684894,0.7422203481758363
3080,62,12,-0.4,-0.3,0.29322081843691405,-0.025347641093511827,0.7456467135093156
3081,62,13,-0.4,-0.3,0.2662816944497241,-0.0011978194744245337,0.730215063830947
3082,62,14,-0.4,-0.3,0.27607187350036594,-0.010850313871264387,0.7353099476592446
3083,62,15,-0.4,-0.3,0.2845241497318876,-0.02554497817994351,0.7374949969785636
3084,62,16,-0.4,-0.3,0.28707500887440174,-0.021607257728912796,0.7413329796852256
3085,62,17,-0.4,-0.3,0.29107128694423606,-0.02882344594955132,0.7423720408969068
3086,62,18,-0.4,-0.3,0.2909427491857409,-0.03388474546324988,0.7404182678388675
3087,62,19,-0.4,-0.3,0.2958070273820221,-0.0344739596169814,0.7447492849783008
3088,62,20,-0.4,-0.3,0.2952619686659735,-0.031840568963203544,0.745183658923935
3089,62,21,-0.4,-0.3,0.29390419289028574,-0.02768286263292988,0.7454258193908464
3090,62,22,-0.4,-0.3,0.29875938231934257,-0.030739698178988417,0.7488429638556079
3091,62,23,-0.4,-0.3,0.29602250650159917,-0.033832200350557964,0.7451795938745198
3092,62,24,-0.4,-0.3,0.2975040866558023,-0.030239289589262645,0.7478521189264965
3093,62,25,-0.4,-0.3,0.298125834816395,-0.04383532942461535,0.7436397109414503
3094,62,26,-0.4,-0.3,0.2552382330969861,-0.016057267971727202,0.714115268835319
3095,62,27,-0.4,-0.3,0.266901166897329,-0.030789593737845684,0.7191880207907062
3096,62,28,-0.4,-0.3,0.2769354802001701,-0.02601885095071549,0.7302789291689862
3097,62,29,-0.4,-0.3,0.24965676418348454,-0.0032978984850866415,0.7142030861685782
3098,62,30,-0.4,-0.3,0.2656392974255781,-0.02711642763979792,0.7194033071520334
3099,62,31,-0.4,-0.3,0.27434552667725187,-0.02781460483747017,0.7272047708103975
3100,62,32,-0.4,-0.3,0.2810018099420435,-0.03355522264951571,0.7312703224674773
3101,62,33,-0.4,-0.3,0.2642966534645574,-0.010450799931485184,0.7246577006176965
3102,62,34,-0.4,-0.3,0.2281893807814371,0.015551034094314664,0.7029895826003091
3103,62,35,-0.4,-0.3,0.23631384499034244,0.018145054392014564,0.7114151987134458
3104,62,36,-0.4,-0.3,0.25645438401910337,0.0020414224449756078,0.722607347852542
3105,62,37,-0.4,-0.3,0.2555378715029246,0.015675904286779327,0.7275858557736404
3106,62,38,-0.4,-0.3,0.23850635269101664,0.029971418383731595,0.7187290862188316
3107,62,39,-0.4,-0.3,0.22676169082692604,0.03441558462590963,0.7103970722975399
3108,62,40,-0.4,-0.3,0.24792062981545865,0.02230023995710108,0.723656401351405
3109,62,41,-0.4,-0.3,0.2626069676929112,0.0025313871251631294,0.7284045811436595
3110,62,42,-0.4,-0.3,0.2728119089640555,-0.007662717103663885,0.7335781838461862
3111,62,43,-0.4,-0.3,0.27893583338520567,-0.01700832125523951,0.7355529594075749
3112,62,44,-0.4,-0.3,0.28098946266117836,-0.015615000595753256,0.7379847397756365
3113,62,45,-0.4,-0.3,0.2859728030057768,-0.024480573325428766,0.7392358493327327
3114,62,46,-0.4,-0.3,0.2861890518848513,-0.035434232296895365,0.7354253601603389
3115,62,47,-0.4,-0.3,0.28729185928196604,-0.0347423539058824,0.7367032772064028
3116,62,48,-0.4,-0.3,0.2714235249013069,-0.014672460516047649,0.7295350262865123
3117,63,0,-0.3,-0.3,-0.16136816143989563,-0.10094685852527618,0.24257151480235936
3118,63,1,-0.3,-0.3,-0.16825782656669616,-0.1008599281311035,0.23877346687787562
3119,63,2,-0.3,-0.3,-0.17570585787296294,-0.10227230697870252,0.23354929748260972
3120,63,3,-0.3,-0.3,-0.17216107940673828,-0.10053215306997297,0.23691815375219974
3121,63,4,-0.3,-0.3,-0.1908036101579666,-0.10550248714685438,0.22305410567974954
3122,63,5,-0.3,-0.3,-0.19689484637022017,-0.1063204287457466,0.21941387610233748
3123,63,6,-0.3,-0.3,-0.1942658547632694,-0.10722053699469564,0.21987185091674546
3124,63,7,-0.3,-0.3,-0.19435996083924767,-0.10628309405786988,0.22064917294582675
3125,63,8,-0.3,-0.3,-0.16765880175388573,-0.10430603687823055,0.2362420791381624
3126,63,9,-0.3,-0.3,-0.17416022729446196,-0.1047608986536877,0.232279906770037
3127,63,10,-0.3,-0.3,-0.18126481332479707,-0.1059698422281098,0.22747691460844963
3128,63,11,-0.3,-0.3,-0.1841921507385289,-0.10989128442304394,0.22260454103384228
3129,63,12,-0.3,-0.3,-0.1826414137429834,-0.10837073002445641,0.22471051350483218
3130,63,13,-0.3,-0.3,-0.17944272841441514,-0.10740123626521786,0.22721870416919224
3131,63,14,-0.3,-0.3,-0.1789234140495411,-0.10703581006181331,0.22780412257884938
3132,63,15,-0.3,-0.3,-0.1780918842838174,-0.1059858342170364,0.2291355171114453
3133,63,16,-0.3,-0.3,-0.20403871579966704,-0.1119374104451887,0.21113054174002985
3134,63,17,-0.3,-0.3,-0.19274456650814645,-0.11659672286890213,0.21246291458970362
3135,63,18,-0.3,-0.3,-0.18393865570983153,-0.11306445423511251,0.2200343925591119
3136,63,19,-0.3,-0.3,-0.18333204181882343,-0.11206877764685261,0.22120026401727663
3137,63,20,-0.3,-0.3,-0.1895445338321211,-0.09816804677880123,0.2300794370374015
3138,63,21,-0.3,-0.3,-0.18880200743702427,-0.10125966102327326,0.2277338707496534
3139,63,22,-0.3,-0.3,-0.1888550872804638,-0.10227273217153343,0.22682430219520894
3140,63,23,-0.3,-0.3,-0.18576192643655748,-0.10558014902391288,0.22549815055793787
3141,63,24,-0.3,-0.3,-0.18654065281638887,-0.10609302600267308,0.22466183037652662
3142,63,25,-0.3,-0.3,-0.20658767387611243,-0.11029630254735492,0.21145532743130455
3143,63,26,-0.3,-0.3,-0.1989745628410558,-0.10741856019418397,0.21747126226432062
3144,63,27,-0.3,-0.3,-0.19002487680333713,-0.1038377014250027,0.22488702742565556
3145,63,28,-0.3,-0.3,-0.2110761065752556,-0.1082506005183187,0.21136530231663073
3146,63,29,-0.3,-0.3,-0.21409555093744148,-0.11040029793488271,0.2081528798549829
3147,63,30,-0.3,-0.3,-0.19787221323856835,-0.10653077521577577,0.2187702579588851
3148,63,31,-0.3,-0.3,-0.19046296199149276,-0.10541645905433664,0.22329603019899347
3149,63,32,-0.3,-0.3,-0.2135827498037663,-0.1107167731199761,0.20807710376106509
3150,63,33,-0.3,-0.3,-0.20842702681614286,-0.10978045029758114,0.21111391831597082
3151,63,34,-0.3,-0.3,-0.1981915607686373,-0.10830357992970038,0.2170540848878335
3152,63,35,-0.3,-0.3,-0.1993454448625319,-0.10994854869471155,0.21506020927444489
3153,63,36,-0.3,-0.3,-0.22762072747661777,-0.10973029644706163,0.20357141052008526
3154,63,37,-0.3,-0.3,-0.21573318407932793,-0.10745725376400171,0.21017517787195625
3155,63,38,-0.3,-0.3,-0.2007685547689588,-0.10647887006496362,0.21747944145131134
3156,63,39,-0.3,-0.3,-0.22879856148699856,-0.11837748895651579,0.19508044844130654
3157,63,40,-0.3,-0.3,-0.21139189425645227,-0.11662259422139859,0.20366312713289456
3158,63,41,-0.3,-0.3,-0.20880698736982112,-0.1142903383143502,0.20689186546591545
3159,63,42,-0.3,-0.3,-0.20110108259850337,-0.1112811578708321,0.21306289502811568
3160,63,43,-0.3,-0.3,-0.17912388804031923,-0.11312588918985933,0.2225600317522668
3161,63,44,-0.3,-0.3,-0.17288879527381518,-0.11187227649636472,0.2270447064293777
3162,63,45,-0.3,-0.3,-0.1957434930564167,-0.11689364272557878,0.210706804148289
3163,63,46,-0.3,-0.3,-0.1875481310201527,-0.11251344085477022,0.21862441011281994
3164,63,47,-0.3,-0.3,-0.16844886932760364,-0.10880898967901427,0.23207693209094515
3165,63,48,-0.3,-0.3,-0.19657426154407778,-0.11423890416685431,0.21261248340651112
3166,64,0,-0.2,-0.3,-0.13031908869743347,-0.11517859995365143,0.19752057947223767
3167,64,1,-0.2,-0.3,-0.13437610864639282,-0.11690605655312539,0.19449906746130521
3168,64,2,-0.2,-0.3,-0.12574477791786193,-0.12371124260127545,0.19128921556547301
3169,64,3,-0.2,-0.3,-0.11375778824090957,-0.13175907684117555,0.18905747092996159
3170,64,4,-0.2,-0.3,-0.058823298037052135,-0.14064674195572732,0.21289509629500525
3171,64,5,-0.2,-0.3,-0.07829643630385397,-0.1364880346442014,0.20383306952223862
3172,64,6,-0.2,-0.3,-0.1003844727116823,-0.1313860016792342,0.19584160361538294
3173,64,7,-0.2,-0.3,-0.11715906186169384,-0.14430771652962043,0.17635959901251674
3174,64,8,-0.2,-0.3,-0.12725636488483547,-0.15286509463065556,0.16413505666923853
3175,64,9,-0.2,-0.3,-0.13570480434497534,-0.14607225346775438,0.16681613632024078
3176,64,10,-0.2,-0.3,-0.14060257496317463,-0.15198186180738715,0.15949113873508058
3177,64,11,-0.2,-0.3,-0.12949125553484922,-0.1520825112782287,0.16386295040614662
3178,64,12,-0.2,-0.3,-0.13217347770652488,-0.14163065323687168,0.17228257927198343
3179,64,13,-0.2,-0.3,-0.15251169439956466,-0.14417846012730995,0.1628971806296741
3180,64,14,-0.2,-0.3,-0.15355102107687238,-0.1562562923236064,0.15106211020490096
3181,64,15,-0.2,-0.3,-0.15265326519841363,-0.14566704615179304,0.16143225805236242
3182,64,16,-0.2,-0.3,-0.15156462266071724,-0.14256606389042262,0.1647162105469683
3183,64,17,-0.2,-0.3,-0.15520687184549234,-0.1401181565947291,0.16603803233155262
3184,64,18,-0.2,-0.3,-0.14497021732004287,-0.1360682341514895,0.17292166097980374
3185,64,19,-0.2,-0.3,-0.1568660887886113,-0.1385309731107164,0.16713102925837603
3186,64,20,-0.2,-0.3,-0.15466653873188477,-0.1355090568064497,0.17062354205458136
3187,64,21,-0.2,-0.3,-0.15338646917307602,-0.14029274590007387,0.16637075544785798
3188,64,22,-0.2,-0.3,-0.15027883633111871,-0.13391311263078795,0.17336968671766412
3189,64,23,-0.2,-0.3,-0.15711053896838892,-0.13283419913574102,0.1725801577417612
3190,64,24,-0.2,-0.3,-0.15232707939769952,-0.13181199495560753,0.17481393651412874
3191,64,25,-0.2,-0.3,-0.13900157329994728,-0.1315036650021551,0.17919772031917056
3192,64,26,-0.2,-0.3,-0.14294532499999604,-0.14426289944487555,0.1658592187027089
3193,64,27,-0.2,-0.3,-0.14653305057290752,-0.15027453317290962,0.1589856285883394
3194,64,28,-0.2,-0.3,-0.14286862751367183,-0.1589403740548342,0.15219005156041465
3195,64,29,-0.2,-0.3,-0.14628276088203732,-0.1489513272432759,0.16031607318052768
3196,64,30,-0.2,-0.3,-0.1486322154686453,-0.16030752590018432,0.14883761825488662
3197,64,31,-0.2,-0.3,-0.14836497744519725,-0.16069277625781836,0.1485687656978722
3198,64,32,-0.2,-0.3,-0.14858766742964039,-0.14887202333462018,0.15963362199517006
3199,64,33,-0.2,-0.3,-0.1510764240611952,-0.14099634300407016,0.16636008902594188
3200,64,34,-0.2,-0.3,-0.14864204581305912,-0.1361507115514613,0.17170972244855665
3201,64,35,-0.2,-0.3,-0.15259922125943373,-0.14753242596249538,0.15966588539225926
3202,64,36,-0.2,-0.3,-0.15305656299298515,-0.1561099045970294,0.1513540413504296
3203,64,37,-0.2,-0.3,-0.15348341836247698,-0.16329771354285647,0.1443998181780409
3204,64,38,-0.2,-0.3,-0.15194016537666022,-0.15169595457257268,0.15589688128427456
3205,64,39,-0.2,-0.3,-0.14913300612687855,-0.14183855398495004,0.16613998336119976
3206,64,40,-0.2,-0.3,-0.14926878568911406,-0.15352635026772127,0.15501027763136002
3207,64,41,-0.2,-0.3,-0.14431814919083014,-0.14361050087769342,0.16600645754084561
3208,64,42,-0.2,-0.3,-0.13730222780623125,-0.13530444354804017,0.17622609611826057
3209,64,43,-0.2,-0.3,-0.1417358096379306,-0.14676051364038548,0.16394223390665977
3210,64,44,-0.2,-0.3,-0.14470730753310385,-0.14182520725315723,0.16756057680953898
3211,64,45,-0.2,-0.3,-0.1436770843674491,-0.13572083237360058,0.17366610418090828
3212,64,46,-0.2,-0.3,-0.14342153281438602,-0.1318068372787346,0.17745439677634267
3213,64,47,-0.2,-0.3,-0.1360550440582412,-0.12928718748757406,0.18229597292945382
3214,64,48,-0.2,-0.3,-0.14235377630223275,-0.14277778115022594,0.1674571981333119
3215,64,49,-0.2,-0.3,-0.14144714846651363,-0.13767208141390372,0.17256531973486677
3216,65,0,-0.1,-0.3,0.16712957620620728,-0.3268139362335205,0.2684719681092296
3217,65,1,-0.1,-0.3,0.16320765912532806,-0.3277827769517898,0.2646698972633416
3218,65,2,-0.1,-0.3,0.10384964339435099,-0.32566420823335646,0.2054588248195953
3219,65,3,-0.1,-0.3,0.12253598744422195,-0.3229513100087642,0.2237164015866814
3220,65,4,-0.1,-0.3,0.13369143369123337,-0.3249715071827173,0.2350218337764401
3221,65,5,-0.1,-0.3,0.14114017738528548,-0.3259860318240523,0.24253630449763106
3222,65,6,-0.1,-0.3,0.08811770757078377,-0.332066446437031,0.1908311528257006
3223,65,7,-0.1,-0.3,0.11079764779436065,-0.33075550787201813,0.21302945707131934
3224,65,8,-0.1,-0.3,0.12371748975137103,-0.32699719483441014,0.22534055061080754
3225,65,9,-0.1,-0.3,0.14125221574160912,-0.33064866354415945,0.24319122553513112
3226,65,10,-0.1,-0.3,0.14969626687663218,-0.3329927971288074,0.2518665328194855
3227,65,11,-0.1,-0.3,0.15779177979517175,-0.33370983950566807,0.2599864515882707
3228,65,12,-0.1,-0.3,0.11337861364207402,-0.3344335163294284,0.2161390751498269
3229,65,13,-0.1,-0.3,0.12763155064568135,-0.3335212015371825,0.23008649200214645
3230,65,14,-0.1,-0.3,0.14259652289857117,-0.33169099194635093,0.24465770352273938
3231,65,15,-0.1,-0.3,0.15279037152903033,-0.33164135467986655,0.2547629236442428
3232,65,16,-0.1,-0.3,0.1466303286614391,-0.3314902096627779,0.24863256488291147
3233,65,17,-0.1,-0.3,0.15379857345061113,-0.3249715235578059,0.25502410253613933
3234,65,18,-0.1,-0.3,0.1537036789113842,-0.32629475660353174,0.2550626803709428
3235,65,19,-0.1,-0.3,0.15560332982323505,-0.3243964211847433,0.25676496564630635
3236,65,20,-0.1,-0.3,0.09943439870086666,-0.33244222876372276,0.2020558774011139
3237,65,21,-0.1,-0.3,0.11768667217398832,-0.33457249138613177,0.22041493688683989
3238,65,22,-0.1,-0.3,0.13097018322759474,-0.3425231855482036,0.2348519679486541
3239,65,23,-0.1,-0.3,0.140548001974717,-0.33366317917497174,0.24289205603764547
3240,65,24,-0.1,-0.3,0.14642013199620113,-0.3337727343908335,0.24872370020015983
3241,65,25,-0.1,-0.3,0.14806870382274057,-0.33141684722006015,0.2500501951719758
3242,65,26,-0.1,-0.3,0.1529239200837553,-0.33133888377517245,0.2548580683180496
3243,65,27,-0.1,-0.3,0.15621963722517074,-0.3305573860172316,0.25803537807828636
3244,65,28,-0.1,-0.3,0.1067600164126057,-0.3369402805521805,0.2100340179928356
3245,65,29,-0.1,-0.3,0.1248155950821925,-0.330416077741812,0.2268638128423224
3246,65,30,-0.1,-0.3,0.13672253425143582,-0.33171150590795395,0.23883713662111344
3247,65,31,-0.1,-0.3,0.0893739971484313,-0.3315872465975352,0.19199027304420288
3248,65,32,-0.1,-0.3,0.09101909464358277,-0.32970892496755594,0.19331558328593665
3249,65,33,-0.1,-0.3,0.06777578190993556,-0.32680026864504425,0.16990281750146705
3250,65,34,-0.1,-0.3,0.09211413877429467,-0.3258082411969396,0.19383990206009793
3251,65,35,-0.1,-0.3,0.1121019281154407,-0.3303966740369086,0.2142689564607847
3252,65,36,-0.1,-0.3,0.12502663930693,-0.3269297692894438,0.22663230323974967
3253,65,37,-0.1,-0.3,0.1375408085217785,-0.326003909071649,0.2389599108641172
3254,65,38,-0.1,-0.3,0.10268519430572765,-0.32871303853616657,0.20470888249592384
3255,65,39,-0.1,-0.3,0.11886154886534296,-0.33259541718222574,0.22127548168068747
3256,65,40,-0.1,-0.3,0.12293672952567873,-0.32947901834687104,0.2248772951951815
3257,65,41,-0.1,-0.3,0.1263174650615527,-0.3307342446322079,0.22839480901500264
3258,65,42,-0.1,-0.3,0.13043454153162753,-0.3266561718317255,0.2319711823214553
3259,65,43,-0.1,-0.3,0.1377117862699008,-0.3222809139959682,0.23875370669399612
3260,65,44,-0.1,-0.3,0.1425338458297951,-0.32800589232155364,0.2441454410340633
3261,65,45,-0.1,-0.3,0.11074035067308069,-0.32614174445426536,0.21235556551436352
3262,65,46,-0.1,-0.3,0.08266425345603311,-0.318143236358655,0.18356308593019438
3263,65,47,-0.1,-0.3,0.10117112845167098,-0.3208637867408839,0.20225014343551848
3264,65,48,-0.1,-0.3,0.11216185763467554,-0.32511368332569723,0.21364304558112754
3265,65,49,-0.1,-0.3,0.09337361671023013,-0.32711944835171547,0.19526602397369686
3266,66,0,0.0,-0.3,0.007591217756271362,-0.18173359334468842,0.118509786643056
3267,66,1,0.0,-0.3,-0.03295702338218689,-0.18317296952009202,0.1213866567665794
3268,66,2,0.0,-0.3,-0.012167711257934569,-0.18511796936392783,0.11552460413402804
3269,66,3,0.0,-0.3,0.002568265855312347,-0.1867443016320467,0.11328481452655684
3270,66,4,0.0,-0.3,0.005350637924671172,-0.19169049648493527,0.1084415874002255
3271,66,5,0.0,-0.3,0.0077336276018619525,-0.17299855531886218,0.12723669261254944
3272,66,6,0.0,-0.3,0.0018653567742109283,-0.17256289519016443,0.12745075613038986
3273,66,7,0.0,-0.3,0.01686486649290323,-0.18243285723528413,0.11877060570563128
3274,66,8,0.0,-0.3,0.011742996011604069,-0.19248838817676706,0.10815102695840696
3275,66,9,0.0,-0.3,-0.0011289093925551195,-0.18561352408846776,0.11439204652368164
3276,66,10,0.0,-0.3,-0.03244519351162482,-0.1839791614000439,0.12047209457564786
3277,66,11,0.0,-0.3,-0.008356475162174089,-0.1827743286618697,0.1175231411161707
3278,66,12,0.0,-0.3,0.003321677615874958,-0.18205428265634926,0.11799248188716159
3279,66,13,0.0,-0.3,0.0062310406262117285,-0.20295266012522206,0.09724716985113842
3280,66,14,0.0,-0.3,0.029230193653315938,-0.19270488957684076,0.11120541777147498
3281,66,15,0.0,-0.3,-0.014054200598570262,-0.1874011599827268,0.11347254878471856
3282,66,16,0.0,-0.3,-0.02751326532093762,-0.1824436198339781,0.12073310352326147
3283,66,17,0.0,-0.3,-0.03355009312082981,-0.18150300457737292,0.12315497014983379
3284,66,18,0.0,-0.3,-0.01894169145082194,-0.18591430656376493,0.11564745186057819
3285,66,19,0.0,-0.3,-0.0024241704769763436,-0.19043804467304654,0.10958877067276002
3286,66,20,0.0,-0.3,-0.009207533729025042,-0.19393309784341728,0.10646579925246052
3287,66,21,0.0,-0.3,-0.0013470827066538937,-0.19804979744241846,0.10195910176806418
3288,66,22,0.0,-0.3,-0.015849708886598222,-0.19657059975346275,0.10463677225119432
3289,66,23,0.0,-0.3,0.002801420231502979,-0.18212456780191502,0.11790871668879617
3290,66,24,0.0,-0.3,-0.0021891476135559775,-0.19415575558206805,0.10586688076861836
3291,66,25,0.0,-0.3,0.023319888165118742,-0.1925555488068159,0.10994601982899681
3292,66,26,0.0,-0.3,0.03991050559815339,-0.20037543469854263,0.10732149117769738
3293,66,27,0.0,-0.3,0.01756959013119936,-0.19399118359815723,0.10745491916286543
3294,66,28,0.0,-0.3,-0.021000361975203753,-0.18515052005799762,0.1167536648077395
3295,66,29,0.0,-0.3,-7.129989596164205e-05,-0.1879855565588326,0.11201446613321717
3296,66,30,0.0,-0.3,0.012256887577251898,-0.19292434311434184,0.10777489313646561
3297,66,31,0.0,-0.3,0.0016791725313598056,-0.19301849980719077,0.10699467745590951
3298,66,32,0.0,-0.3,0.002461944561119268,-0.20465007688300837,0.09538170164889194
3299,66,33,0.0,-0.3,0.009429231463512551,-0.2013202477096311,0.09912922837428453
3300,66,34,0.0,-0.3,0.013520854090699096,-0.20255904774061384,0.09837455297259523
3301,66,35,0.0,-0.3,0.024279211623007037,-0.208805056076587,0.0943715948483928
3302,66,36,0.0,-0.3,0.02940538775302349,-0.20736527707471303,0.09718985914358735
3303,66,37,0.0,-0.3,0.03121873240633969,-0.19894506669447515,0.10576723877667753
3304,66,38,0.0,-0.3,0.023937090741345434,-0.1997309296874601,0.10308671483028486
3305,66,39,0.0,-0.3,0.026834142610156937,-0.20182863709170407,0.10177272574169653
3306,66,40,0.0,-0.3,0.03801527364383844,-0.19678282723612733,0.10999520800281734
3307,66,41,0.0,-0.3,0.019885640296652865,-0.1906910254562994,0.11110306299019504
3308,66,42,0.0,-0.3,0.009935840758006239,-0.20242791571255225,0.09807666676516522
3309,66,43,0.0,-0.3,0.003621577699605946,-0.20007236638292658,0.0999932386981357
3310,66,44,0.0,-0.3,0.00546147712641659,-0.18947429147399952,0.11066056197931033
3311,66,45,0.0,-0.3,0.004480811104194242,-0.18847260058846316,0.11161737538417546
3312,66,46,0.0,-0.3,0.005499155820917232,-0.18610187149691945,0.11403080457160238
3313,66,47,0.0,-0.3,0.03308974981413066,-0.18503276004050032,0.1196344340341314
3314,66,48,0.0,-0.3,0.01845786927713996,-0.18402642950969633,0.11743322353798101
3315,66,49,0.0,-0.3,0.03662415738902322,-0.16388459490627436,0.14095649118889478
3316,67,0,0.1,-0.3,0.07528810948133469,-0.2986198961734772,0.024750398372116837
3317,67,1,0.1,-0.3,0.07106854990124703,-0.2978159755468368,0.029013768587149245
3318,67,2,0.1,-0.3,0.07011257864534855,-0.29673287361860273,0.03006546307680123
3319,67,3,0.1,-0.3,0.06864704420417547,-0.29620753589272497,0.031581491749755844
3320,67,4,0.1,-0.3,0.06476092498674989,-0.2943251381725073,0.03569308706949573
3321,67,5,0.1,-0.3,0.06946336217544972,-0.29462589574724435,0.031005922759163952
3322,67,6,0.1,-0.3,0.05092445951179415,-0.28698489394792914,0.05077205589451922
3323,67,7,0.1,-0.3,0.06445380284421667,-0.29222894240325986,0.036385731659672196
3324,67,8,0.1,-0.3,0.07023842919690526,-0.294671941501244,0.03023473671183177
3325,67,9,0.1,-0.3,0.04591253377175511,-0.28436739851200665,0.056301263149896946
3326,67,10,0.1,-0.3,0.05384724347813255,-0.2879224382481461,0.047706859385591736
3327,67,11,0.1,-0.3,0.06138673704183428,-0.2885841313847939,0.04026544588746163
3328,67,12,0.1,-0.3,0.05075685801030626,-0.287026200562152,0.05092353586378939
3329,67,13,0.1,-0.3,0.05745661566997568,-0.2885353621925939,0.0440610652425377
3330,67,14,0.1,-0.3,0.07073558114212256,-0.29342310527565285,0.02999436205863426
3331,67,15,0.1,-0.3,0.0711742743310238,-0.29365798959852796,0.029515141135956866
3332,67,16,0.1,-0.3,0.06873820181884702,-0.2940999636134016,0.031813683453544406
3333,67,17,0.1,-0.3,0.041610892433313874,-0.2829890448209003,0.06081661350765416
3334,67,18,0.1,-0.3,0.04854363284793679,-0.2857609141716807,0.053390160944823656
3335,67,19,0.1,-0.3,0.06078855825067589,-0.288429326235713,0.04088297512926619
3336,67,20,0.1,-0.3,0.06500269490302324,-0.29106174259744383,0.03612068395594449
3337,67,21,0.1,-0.3,0.0675294810282638,-0.2915420328036309,0.03355401334250103
3338,67,22,0.1,-0.3,0.06916165323289386,-0.2947136885045719,0.03128815623450799
3339,67,23,0.1,-0.3,0.07044318819902842,-0.29693106693855187,0.02971571089463791
3340,67,24,0.1,-0.3,0.07168205657009039,-0.2962720544932473,0.028562274030631368
3341,67,25,0.1,-0.3,0.05588745355489479,-0.2882192001997164,0.045658558866941104
3342,67,26,0.1,-0.3,0.06047082564153114,-0.2900750424843144,0.040756108832301394
3343,67,27,0.1,-0.3,0.058227021839643386,-0.2893787205682971,0.0431021261790175
3344,67,28,0.1,-0.3,0.033498542053001526,-0.283379632863079,0.06854692197934528
3345,67,29,0.1,-0.3,0.04675838831042069,-0.28500256940014373,0.055313580067660184
3346,67,30,0.1,-0.3,0.047246852895442365,-0.28755492074291955,0.054201241011162395
3347,67,31,0.1,-0.3,0.021796057191070518,-0.281606183172273,0.08033796841067296
3348,67,32,0.1,-0.3,0.034278131968382614,-0.2854282726890893,0.0673178963901047
3349,67,33,0.1,-0.3,0.03968890976172937,-0.2917216240399019,0.060876589213469855
3350,67,34,0.1,-0.3,0.023943877268667785,-0.28419362538288584,0.07768124151595429
3351,67,35,0.1,-0.3,0.040070534233436025,-0.2873443476683039,0.061251174707155846
3352,67,36,0.1,-0.3,0.04642427820854338,-0.2894428778318859,0.05460595932632304
3353,67,37,0.1,-0.3,0.056063994032393566,-0.29243538837033584,0.04458246257771321
3354,67,38,0.1,-0.3,0.0197545217807844,-0.285724247915334,0.08150542234853733
3355,67,39,0.1,-0.3,0.040978568954768604,-0.28651006499523973,0.06054343621780697
3356,67,40,0.1,-0.3,0.050518387520762265,-0.28831328288432495,0.05084298703348642
3357,67,41,0.1,-0.3,0.059118094568566856,-0.29101049934825873,0.041858587095986645
3358,67,42,0.1,-0.3,0.06513968211172169,-0.2909851434280585,0.03600707433664243
3359,67,43,0.1,-0.3,0.06721065785716675,-0.29267680185189615,0.033597175316924674
3360,67,44,0.1,-0.3,0.07298608687879136,-0.29493278241163035,0.02748505405139475
3361,67,45,0.1,-0.3,0.06845901481462562,-0.29576660079959904,0.03182381836382872
3362,67,46,0.1,-0.3,0.06901378855613002,-0.29730896669867346,0.031102844883918054
3363,67,47,0.1,-0.3,0.06832955278808862,-0.29402193290760015,0.032229714748407245
3364,68,0,0.2,-0.3,-0.03406819701194763,-0.32077187299728394,0.23498806684646611
3365,68,1,0.2,-0.3,-0.024489454180002212,-0.3155957192182541,0.22503053458579778
3366,68,2,0.2,-0.3,0.02310260511934757,-0.3272660544514656,0.1789863850713561
3367,68,3,0.2,-0.3,0.05753246112912892,-0.33454141613841054,0.14659505128335681
3368,68,4,0.2,-0.3,0.08441922778859734,-0.3385224830895662,0.12183142701442048
3369,68,5,0.2,-0.3,0.05295712960742413,-0.3318477376553416,0.15045226527723446
3370,68,6,0.2,-0.3,0.07891724357096105,-0.3366494966523945,0.12650778438233695
3371,68,7,0.2,-0.3,0.0986635475790642,-0.34139705450176894,0.10946594315440313
3372,68,8,0.2,-0.3,0.11477985705984628,-0.3438659451960304,0.09584724258256666
3373,68,9,0.2,-0.3,0.13101379382845857,-0.3475013534020528,0.0837584337065178
3374,68,10,0.2,-0.3,0.13354095832274326,-0.34651133635181197,0.0811178687459843
3375,68,11,0.2,-0.3,0.12510922636624353,-0.34673538956022865,0.08827697668593372
3376,68,12,0.2,-0.3,0.13085370421633447,-0.3474966357855362,0.08388766674277001
3377,68,13,0.2,-0.3,0.13210389328159616,-0.34787453904706767,0.08307739040488749
3378,68,14,0.2,-0.3,0.13457126536479003,-0.34882396446139585,0.08163760666318172
3379,68,15,0.2,-0.3,0.13928222241955285,-0.3504524319423207,0.07894362800887196
3380,68,16,0.2,-0.3,0.1358920455780635,-0.3497307630714851,0.08113555703781958
3381,68,17,0.2,-0.3,0.133901109751553,-0.35024316237727343,0.08302673459642568
3382,68,18,0.2,-0.3,0.1382430636083518,-0.3504610795622237,0.0797511112340584
3383,68,19,0.2,-0.3,0.14013076228268984,-0.3500809259406345,0.07805398623980145
3384,68,20,0.2,-0.3,0.13297376688974727,-0.3524076830381286,0.08508279007164077
3385,68,21,0.2,-0.3,0.1332507745391164,-0.35236840980488976,0.08484049413529336
3386,68,22,0.2,-0.3,0.13794075063628192,-0.3506228116757397,0.08008757390223252
3387,68,23,0.2,-0.3,0.14480305242770478,-0.35017434371756584,0.07459334949435606
3388,68,24,0.2,-0.3,0.14283702740831666,-0.3503881854740078,0.07620088366207148
3389,68,25,0.2,-0.3,0.14304147143000806,-0.3494568103600647,0.07543374621381331
3390,68,26,0.2,-0.3,0.14293800677045296,-0.3492716862593466,0.07539078284623632
3391,68,27,0.2,-0.3,0.14639594971764958,-0.34977815843463556,0.07315230183539294
3392,68,28,0.2,-0.3,0.14771472090224635,-0.3510990978061003,0.07310860555999822
3393,68,29,0.2,-0.3,0.14590637059627123,-0.3514592487161547,0.07466039793959726
3394,68,30,0.2,-0.3,0.14829789618782901,-0.35164120564675655,0.07307476759631266
3395,68,31,0.2,-0.3,0.14779158745301654,-0.35123954553277714,0.07315196078767516
3396,68,32,0.2,-0.3,0.1492415112243595,-0.3508382383705178,0.07183975684399561
3397,68,33,0.2,-0.3,0.1547148167481573,-0.34829941298610956,0.06620861814715473
3398,68,34,0.2,-0.3,0.15291137273841957,-0.3476835423135051,0.06701536409618239
3399,68,35,0.2,-0.3,0.1533547127546241,-0.34907873107952897,0.0677089703553403
3400,68,36,0.2,-0.3,0.15304194678971755,-0.34903435353213663,0.06789275799092477
3401,68,37,0.2,-0.3,0.15257992201126327,-0.34861013999225576,0.06790883231601452
3402,68,38,0.2,-0.3,0.14987006283952492,-0.3473215957229268,0.06893724698214534
3403,68,39,0.2,-0.3,0.14888332434502827,-0.34798020440553146,0.07010716471810967
3404,68,40,0.2,-0.3,0.14823720359410159,-0.34932596606761374,0.07150131481491703
3405,68,41,0.2,-0.3,0.14812675766670422,-0.3492902625195693,0.07155671351743936
3406,68,42,0.2,-0.3,0.15154346085356277,-0.35031126896686926,0.06985169984407587
3407,68,43,0.2,-0.3,0.12786814724143963,-0.3476132469584872,0.0864293090815409
3408,68,44,0.2,-0.3,0.1340397487910155,-0.3494713288592528,0.08245099828778718
3409,68,45,0.2,-0.3,0.1356432838819518,-0.3496762680444182,0.08129894535798071
3410,68,46,0.2,-0.3,0.12890693297062972,-0.3476466444336516,0.08558286572339911
3411,68,47,0.2,-0.3,0.12896771257174272,-0.3470820064387917,0.08521913627579773
3412,68,48,0.2,-0.3,0.13501660046514452,-0.3481406422982156,0.08087251483657104
3413,69,0,0.3,-0.3,0.09122278541326523,-0.21064798533916473,0.22709405068064994
3414,69,1,0.3,-0.3,0.06429840140044689,-0.21540057808160779,0.2504242515638431
3415,69,2,0.3,-0.3,0.04456116776913404,-0.20936382368206974,0.27104227247609075
3416,69,3,0.3,-0.3,0.05470040579512715,-0.21308494000136846,0.2602424226978396
3417,69,4,0.3,-0.3,0.06538677089326084,-0.20956078888922924,0.2514410829165151
3418,69,5,0.3,-0.3,0.07782488302428275,-0.2122823169367015,0.23886434335238677
3419,69,6,0.3,-0.3,0.0820724829060547,-0.21091723733897502,0.23543181881396644
3420,69,7,0.3,-0.3,0.07754739471434541,-0.21361392046639172,0.2386372065197758
3421,69,8,0.3,-0.3,0.047234752339236845,-0.21407353693187428,0.2669712109580449
3422,69,9,0.3,-0.3,0.059635404490907026,-0.21362914909678832,0.2554115554551021
3423,69,10,0.3,-0.3,0.06319253332459462,-0.21335294632942176,0.2521616310682799
3424,69,11,0.3,-0.3,0.09171358327995213,-0.21360620560428983,0.22549305776490253
3425,69,12,0.3,-0.3,0.032223274128152235,-0.21170460970726648,0.2819582431240357
3426,69,13,0.3,-0.3,0.04284866489128203,-0.20912370387781587,0.2727367051665086
3427,69,14,0.3,-0.3,0.042523262759140645,-0.21658059272019314,0.27065303939012547
3428,69,15,0.3,-0.3,0.052996317299270686,-0.21302830397083133,0.26186808736062644
3429,69,16,0.3,-0.3,0.029380720184688604,-0.21360328250423705,0.2840760239826664
3430,69,17,0.3,-0.3,0.04551746962319948,-0.20603669650660894,0.27127561753753376
3431,69,18,0.3,-0.3,0.015920284762936797,-0.20490819888427714,0.2995725876120896
3432,69,19,0.3,-0.3,0.01381026368585286,-0.21438384228925308,0.29872176290439995
3433,69,20,0.3,-0.3,0.03491505273056964,-0.21865086080418308,0.27728633525065216
3434,69,21,0.3,-0.3,-0.0014973116267615778,-0.2153203132276773,0.3131633411975662
3435,69,22,0.3,-0.3,0.01578572738724689,-0.21610052036916488,0.2963391223566697
3436,69,23,0.3,-0.3,-0.024681641717847008,-0.21656657460702153,0.335230226771695
3437,69,24,0.3,-0.3,0.024165188429686353,-0.21852341684064153,0.28761654486026056
3438,69,25,0.3,-0.3,0.018311653520219573,-0.22172044788452602,0.292362810257926
3439,69,26,0.3,-0.3,0.022299498110897473,-0.2265935058619264,0.28723871976302645
3440,69,27,0.3,-0.3,0.035111981484215446,-0.22219192590892095,0.27607926171116415
3441,69,28,0.3,-0.3,0.03811176990175713,-0.2242808091104611,0.2726148215577367
3442,69,29,0.3,-0.3,0.05081108597212164,-0.22227326365534553,0.26102980752623783
3443,69,30,0.3,-0.3,0.05993231431747664,-0.21671430401560526,0.2541043109917025
3444,69,31,0.3,-0.3,0.022305564157899544,-0.21539809597323142,0.29029585230005783
3445,69,32,0.3,-0.3,0.025401309133485383,-0.22059282168699165,0.285849507596633
3446,69,33,0.3,-0.3,0.040644461662213804,-0.22216637684372068,0.2707828801089843
3447,69,34,0.3,-0.3,0.049515375569908385,-0.21710579869575203,0.2638446430870887
3448,69,35,0.3,-0.3,0.03541222622276743,-0.21965380106567173,0.2765179952834655
3449,69,36,0.3,-0.3,0.03265797185100098,-0.22082715099989553,0.27881911705192225
3450,69,37,0.3,-0.3,0.03851439243592705,-0.22145434425430918,0.27302773302298966
3451,69,38,0.3,-0.3,0.028090813559557202,-0.22476176067501502,0.28212656437745665
3452,69,39,0.3,-0.3,0.004050475519483926,-0.22120806426820294,0.306258534863287
3453,69,40,0.3,-0.3,-0.019478147215535296,-0.2146224413882891,0.33068960380206597
3454,69,41,0.3,-0.3,-0.043929525207304,-0.21606650145847,0.35402309315458863
3455,69,42,0.3,-0.3,0.011065686152799802,-0.21330514733392872,0.30166046343056657
3456,69,43,0.3,-0.3,0.028963851764298193,-0.21645506152589333,0.28362008108575026
3457,69,44,0.3,-0.3,-0.004293777312688332,-0.2203688100015665,0.3145406640353367
3458,69,45,0.3,-0.3,0.01309459712495743,-0.21935322955497916,0.2980245154045257
3459,69,46,0.3,-0.3,0.036034126971892885,-0.216259430872144,0.27693043357736613
3460,69,47,0.3,-0.3,0.042764449543071445,-0.21855864844592332,0.26981998102778404
3461,69,48,0.3,-0.3,-0.015141660870692273,-0.2233336304159,0.324333159947521
3462,69,49,0.3,-0.3,-0.017079952911641993,-0.22600328119314947,0.32559977108810934
3463,70,0,0.4,-0.3,-0.07187239080667496,-0.2332957237958908,0.47656375614341623
3464,70,1,0.4,-0.3,-0.10634720548987389,-0.2317108780145645,0.5109314011576762
3465,70,2,0.4,-0.3,-0.14430607713758944,-0.2384533444046974,0.5477746766909531
3466,70,3,0.4,-0.3,-0.1019054771736264,-0.23971046420931813,0.5055135370519187
3467,70,4,0.4,-0.3,-0.09686093130633233,-0.23751659630835054,0.500774361160283
3468,70,5,0.4,-0.3,-0.12783417323477564,-0.2346082727846503,0.5318693377349797
3469,70,6,0.4,-0.3,-0.15338404629104582,-0.23503758862772578,0.5571840069319569
3470,70,7,0.4,-0.3,-0.14608399825723245,-0.23530504702142174,0.5499028733271955
3471,70,8,0.4,-0.3,-0.12607038647136978,-0.23484403609263804,0.5300899462872635
3472,70,9,0.4,-0.3,-0.09667180972686731,-0.22997789882937603,0.5015834738403077
3473,70,10,0.4,-0.3,-0.13427716094428227,-0.23705799393180682,0.5379719145406858
3474,70,11,0.4,-0.3,-0.1612650038671667,-0.246212450748946,0.5638364168980621
3475,70,12,0.4,-0.3,-0.14878351313973687,-0.2434192122622192,0.5516926044773662
3476,70,13,0.4,-0.3,-0.16910876310044184,-0.24450488191075145,0.5718080905071687
3477,70,14,0.4,-0.3,-0.1312988808584368,-0.2403391392117631,0.5346381197702057
3478,70,15,0.4,-0.3,-0.11696402158166061,-0.23521308638256033,0.5210078154749287
3479,70,16,0.4,-0.3,-0.1483798568256454,-0.2401163029305226,0.5516398503977249
3480,70,17,0.4,-0.3,-0.12636745635325008,-0.23817806575124068,0.5299855192946771
3481,70,18,0.4,-0.3,-0.10384813040055836,-0.23595931374427892,0.5079017109680197
3482,70,19,0.4,-0.3,-0.10881223517348967,-0.23277463535843346,0.5132340015172749
3483,70,20,0.4,-0.3,-0.10340828588985822,-0.2329504839009507,0.5078538568443504
3484,70,21,0.4,-0.3,-0.09120009937851026,-0.2330484589932883,0.4957419151863516
3485,70,22,0.4,-0.3,-0.07861623609342054,-0.23385633882869947,0.4831650705145983
3486,70,23,0.4,-0.3,-0.13961735676720255,-0.2411985407262322,0.5428116647025438
3487,70,24,0.4,-0.3,-0.1184161006678756,-0.23816855172241663,0.5220903958394449
3488,70,25,0.4,-0.3,-0.15098181063818247,-0.2392905289326852,0.5543163316477362
3489,70,26,0.4,-0.3,-0.1723222443105888,-0.2424413933432422,0.5752093049777418
3490,70,27,0.4,-0.3,-0.14159594163790126,-0.2405258602751717,0.544851665405047
3491,70,28,0.4,-0.3,-0.1380456142608955,-0.23825562852595225,0.5415768185900405
3492,70,29,0.4,-0.3,-0.15349266897531788,-0.2387936100421526,0.556866552040157
3493,70,30,0.4,-0.3,-0.12676677335922626,-0.23828793809222426,0.5303693167031814
3494,70,31,0.4,-0.3,-0.10630529310044938,-0.23476198734626247,0.5104909873019711
3495,70,32,0.4,-0.3,-0.13590616315619256,-0.23344004149486175,0.5400237437233639
3496,70,33,0.4,-0.3,-0.15028425088536018,-0.23032076653514988,0.554678242180736
3497,70,34,0.4,-0.3,-0.16522667926259726,-0.23087217954469003,0.5694381920025426
3498,70,35,0.4,-0.3,-0.1490363102177334,-0.2314054800408144,0.5533046883100976
3499,70,36,0.4,-0.3,-0.12034679474569225,-0.22950101825951946,0.5251008410091915
3500,70,37,0.4,-0.3,-0.14041890616710787,-0.2291183044846017,0.5450475290302589
3501,70,38,0.4,-0.3,-0.11935271909681024,-0.22938352964665604,0.5241315986643192
3502,70,39,0.4,-0.3,-0.10899375566435796,-0.231651895738068,0.5135621740953165
3503,70,40,0.4,-0.3,-0.09608582314863859,-0.23180139059573007,0.5007516293071231
3504,70,41,0.4,-0.3,-0.07599600973139743,-0.23315490480586604,0.48066669120267264
3505,70,42,0.4,-0.3,-0.11883407111652072,-0.2382298195106516,0.5224981804265251
3506,70,43,0.4,-0.3,-0.15035348924975755,-0.23992636786102362,0.55362243849735
3507,70,44,0.4,-0.3,-0.12331843902753604,-0.23607125123679018,0.5272087570826632
3508,70,45,0.4,-0.3,-0.11062548454662927,-0.23232632645207207,0.5150903916400998
3509,70,46,0.4,-0.3,-0.14035005298497813,-0.23283353286749414,0.5445085068829785
3510,70,47,0.4,-0.3,-0.11858614135851239,-0.23317597097591958,0.5228738249942544
3511,70,48,0.4,-0.3,-0.09108285010455888,-0.23318624596303184,0.49560714623109414
3512,70,49,0.4,-0.3,-0.08573519543229728,-0.2296023405626797,0.4908100554551679
3513,71,0,0.5,-0.3,-0.26955440640449524,0.22695103287696838,0.9326796746293332
3514,71,1,0.5,-0.3,-0.26851300299167635,0.2282579392194748,0.932560285512787
3515,71,2,0.5,-0.3,-0.310180786550045,0.20308367311954498,0.9536698008505369
3516,71,3,0.5,-0.3,-0.3081261598169803,0.19975784748792647,0.9501714562679229
3517,71,4,0.5,-0.3,-0.28950517159402367,0.1970352389514446,0.9329321758483992
3518,71,5,0.5,-0.3,-0.3202161197581887,0.13171353619992732,0.9268932303396251
3519,71,6,0.5,-0.3,-0.34040099415215846,0.14217484074026343,0.9496275168483764
3520,71,7,0.5,-0.3,-0.3393395455988556,0.13570500814947484,0.9456900797473913
3521,71,8,0.5,-0.3,-0.30762958810911745,0.17003744028829632,0.9344521105236353
3522,71,9,0.5,-0.3,-0.293909793102049,0.1878579366006073,0.9318251584323856
3523,71,10,0.5,-0.3,-0.3098313306791705,0.10579229746841703,0.9058113340173506
3524,71,11,0.5,-0.3,-0.2973229891574567,0.10401301655380249,0.8938402914301217
3525,71,12,0.5,-0.3,-0.27405480787767267,0.14432958018030545,0.8925186952785624
3526,71,13,0.5,-0.3,-0.2998632875276536,0.143149858970166,0.9144195296688626
3527,71,14,0.5,-0.3,-0.29839903126508505,0.16270005393137982,0.9227851066381209
3528,71,15,0.5,-0.3,-0.2842319876675343,0.1763406433828405,0.9175621063553956
3529,71,16,0.5,-0.3,-0.26547394191296647,0.17072254982763646,0.8986267716154507
3530,71,17,0.5,-0.3,-0.27378544307301667,0.18425457871975384,0.912823317473185
3531,71,18,0.5,-0.3,-0.28146517939950183,0.18669574447388765,0.9206305308335626
3532,71,19,0.5,-0.3,-0.2956615911653599,0.20485895168325027,0.9423162572886572
3533,71,20,0.5,-0.3,-0.20490426358696545,0.2788381944505225,0.9121094650193161
3534,71,21,0.5,-0.3,-0.2325737245478402,0.2567461330975587,0.9201252733280286
3535,71,22,0.5,-0.3,-0.21266330503609968,0.23551728770135308,0.8914413899814113
3536,71,23,0.5,-0.3,-0.2714617218199475,0.21791360737382298,0.9291865759557467
3537,71,24,0.5,-0.3,-0.2262466861244214,0.19052795989363636,0.8763857190439132
3538,71,25,0.5,-0.3,-0.21553566847297753,0.2318325976146705,0.8915364292852194
3539,71,26,0.5,-0.3,-0.2524017647488638,0.20513110734317827,0.906237193676661
3540,71,27,0.5,-0.3,-0.2681936113942272,0.20262499614661822,0.9180159646423873
3541,71,28,0.5,-0.3,-0.26742373429099964,0.22311868543301144,0.9287584976743442
3542,71,29,0.5,-0.3,-0.24727187321237895,0.25293768140089395,0.9295995546509983
3543,71,30,0.5,-0.3,-0.2560427122906498,0.2364199030865065,0.9270096521801373
3544,71,31,0.5,-0.3,-0.22695546284486415,0.23926075080317083,0.9051333616195959
3545,71,32,0.5,-0.3,-0.23579567824422015,0.235103093539648,0.9097970107878862
3546,71,33,0.5,-0.3,-0.23940052199595258,0.21756136821556182,0.9025424653704951
3547,71,34,0.5,-0.3,-0.23742508814496951,0.22868970021400514,0.9073635212735802
3548,71,35,0.5,-0.3,-0.20259676971072166,0.22676085670148893,0.8781339424944394
3549,71,36,0.5,-0.3,-0.2475609145425155,0.1716280068461984,0.8839006153371316
3550,71,37,0.5,-0.3,-0.2921502355042771,0.17013695536587858,0.9211572897231937
3551,71,38,0.5,-0.3,-0.28039599799241355,0.1842333504455681,0.9184224797805831
3552,71,39,0.5,-0.3,-0.3119548205553294,0.17934864612700308,0.9428922288187701
3553,71,40,0.5,-0.3,-0.29666557816795114,0.2135740716914061,0.9478577797071487
3554,71,41,0.5,-0.3,-0.2720981174279463,0.22535658973076006,0.9338817105550965
3555,71,42,0.5,-0.3,-0.21638045519574964,0.16889256964954377,0.8561899312997214
3556,71,43,0.5,-0.3,-0.2708448436557167,0.16505336524628447,0.9002646308266811
3557,71,44,0.5,-0.3,-0.20036141305558275,0.2270693464389244,0.8765319189012842
3558,71,45,0.5,-0.3,-0.22519853969985915,0.19091522354061996,0.8757343653681434
3559,71,46,0.5,-0.3,-0.2802842992782818,0.1847327596020988,0.9185910057972837
3560,71,47,0.5,-0.3,-0.2937015093135991,0.17035198134686588,0.922601253111878
3561,71,48,0.5,-0.3,-0.31677141862488895,0.08824845498556123,0.9043519298819397
3562,72,0,-1.0,-0.2,-0.26871100068092346,0.16223037242889404,0.8160848260046695
3563,72,1,-1.0,-0.2,-0.2790736794471741,0.09610549360513686,0.7793671939522331
3564,72,2,-1.0,-0.2,-0.26977397084236143,0.07150047523900864,0.7790651845091912
3565,72,3,-1.0,-0.2,-0.2778789058923721,0.03560982559807597,0.7595859822782102
3566,72,4,-1.0,-0.2,-0.27890675653219216,0.007951074245385815,0.7504792569116971
3567,72,5,-1.0,-0.2,-0.27814459077954284,-0.01683448639316485,0.7447313859343444
3568,72,6,-1.0,-0.2,-0.2624975869129895,0.018429962836084883,0.7691693298446948
3569,72,7,-1.0,-0.2,-0.28026475015774954,0.009981181601350192,0.7497405727931401
3570,72,8,-1.0,-0.2,-0.27828217300223224,-0.0037462233595398275,0.7479252413523851
3571,72,9,-1.0,-0.2,-0.28356973456057744,-0.012879662301604256,0.7404636020885585
3572,72,10,-1.0,-0.2,-0.268329982843985,0.10794316747732459,0.7938324813215007
3573,72,11,-1.0,-0.2,-0.2687381510147382,0.06014865774177758,0.7761579838577919
3574,72,12,-1.0,-0.2,-0.26731453269186123,0.10798758960549308,0.7947857254351939
3575,72,13,-1.0,-0.2,-0.2789018785022075,0.047205691414564765,0.7622946639557423
3576,72,14,-1.0,-0.2,-0.27849892919695995,0.06851094555282886,0.769845389056535
3577,72,15,-1.0,-0.2,-0.27205209336485103,0.07758503868179525,0.7790774085252822
3578,72,16,-1.0,-0.2,-0.2718084552016253,0.031951602794705866,0.7642411085219614
3579,72,17,-1.0,-0.2,-0.27073549714570005,0.017408641972725916,0.7609817558442213
3580,72,18,-1.0,-0.2,-0.26138673067906826,0.09115801648200525,0.7939285560922285
3581,72,19,-1.0,-0.2,-0.2749386428651564,0.10810392277569254,0.7878083515931975
3582,72,20,-1.0,-0.2,-0.2828943519989795,0.058823250844989974,0.7623844080074907
3583,72,21,-1.0,-0.2,-0.3032865586320661,0.08206403968775305,0.7516446912389682
3584,72,22,-1.0,-0.2,-0.30393243270199216,0.025916900263536206,0.7318117955245401
3585,72,23,-1.0,-0.2,-0.287206900178954,0.07445498726607935,0.7638059591203249
3586,72,24,-1.0,-0.2,-0.315599795621331,0.03319591999341154,0.7230380189555301
3587,72,25,-1.0,-0.2,-0.3090130155376462,-0.00976374318994708,0.7166957835103243
3588,72,26,-1.0,-0.2,-0.31096083378437234,-0.013048950950884212,0.7139507457238855
3589,72,27,-1.0,-0.2,-0.3003583909963583,-0.02813120770892339,0.720442407700156
3590,72,28,-1.0,-0.2,-0.27627905441587275,0.056277504941735806,0.7677565803145843
3591,72,29,-1.0,-0.2,-0.2762720471946952,0.018674112823247806,0.7560426689617404
3592,72,30,-1.0,-0.2,-0.26788892253537877,0.048944479948925895,0.773278723257953
3593,72,31,-1.0,-0.2,-0.26608657969047556,0.014264695553634112,0.7645510239814712
3594,72,32,-1.0,-0.2,-0.2741079935740128,-0.019874512259108343,0.7479066762150474
3595,72,33,-1.0,-0.2,-0.2730294681109474,0.0033487080308201283,0.7548753879236333
3596,72,34,-1.0,-0.2,-0.2825454653861364,-0.011885323833358122,0.7417062360714491
3597,72,35,-1.0,-0.2,-0.2906635678900846,0.02536616315677535,0.7442768849120809
3598,72,36,-1.0,-0.2,-0.29574925144170694,-0.008883030333475869,0.7297224218423272
3599,72,37,-1.0,-0.2,-0.297686448770349,-0.036379043045490604,0.7211214473273646
3600,72,38,-1.0,-0.2,-0.2926824507656786,-0.04343275094826493,0.7244386923201125
3601,72,39,-1.0,-0.2,-0.2791692815502649,0.03929090047518778,0.759511066220228
3602,72,40,-1.0,-0.2,-0.2906702480312303,0.01736424881963191,0.7418867256481942
3603,72,41,-1.0,-0.2,-0.2957731410977523,-0.016553225237888294,0.7277281003025424
3604,72,42,-1.0,-0.2,-0.2945659704587953,-0.02783712594025685,0.7261385716509297
3605,72,43,-1.0,-0.2,-0.30014675491129034,-0.015061855658335956,0.7238761509358735
3606,72,44,-1.0,-0.2,-0.30654489738893775,-0.01310436097642822,0.7181991083420726
3607,72,45,-1.0,-0.2,-0.28663439572062677,-0.0034502702951702486,0.7399474857149776
3608,72,46,-1.0,-0.2,-0.2912539165630401,-0.02609636119009963,0.7297694748196546
3609,72,47,-1.0,-0.2,-0.28608928074341244,0.0072980380385981244,0.7433982725592724
3610,72,48,-1.0,-0.2,-0.275642565537799,0.0566049118271377,0.7684658571689928
3611,72,49,-1.0,-0.2,-0.28145084694476524,0.031711128438674845,0.754985385553071
3612,73,0,-0.8,-0.2,0.22064310312271118,-0.12847568094730377,1.0231461636383676
3613,73,1,-0.8,-0.2,0.14632885288447142,-0.08750370470806955,0.9529919801635526
3614,73,2,-0.8,-0.2,0.05337036343291402,-0.05127843362279235,0.8662326947716266
3615,73,3,-0.8,-0.2,0.013409850342199204,-0.0531126659316942,0.8265660733077623
3616,73,4,-0.8,-0.2,0.042173670619912444,-0.06310050297202541,0.853227967059173
3617,73,5,-0.8,-0.2,0.08203991037918254,-0.07467470840509048,0.8908988900066414
3618,73,6,-0.8,-0.2,0.04742975394049472,-0.07579128139343577,0.8564840883761543
3619,73,7,-0.8,-0.2,0.08362552575353216,-0.08649233068216544,0.8908861098688052
3620,73,8,-0.8,-0.2,-0.01610833072206972,-0.09617759272090684,0.7907371506490422
3621,73,9,-0.8,-0.2,0.04176540608724834,-0.10443193454784613,0.8471730956655182
3622,73,10,-0.8,-0.2,0.07615233167871452,-0.10830850444704018,0.8809371366123616
3623,73,11,-0.8,-0.2,0.08830084769333632,-0.09455796013006373,0.8945369862586081
3624,73,12,-0.8,-0.2,-0.012011890035036589,-0.0746169596990959,0.7979011017922294
3625,73,13,-0.8,-0.2,-0.0028949976909303354,-0.021833773409993578,0.8167738909903177
3626,73,14,-0.8,-0.2,0.05359916382395222,-0.04798495041228313,0.8670294734218131
3627,73,15,-0.8,-0.2,0.08062660838518634,-0.060009840993363504,0.891684062891504
3628,73,16,-0.8,-0.2,0.03917194109904633,-0.056191131927366245,0.8514050371381846
3629,73,17,-0.8,-0.2,0.002789805493985671,-0.016072066446598997,0.8235902843928501
3630,73,18,-0.8,-0.2,0.06339125743862443,-0.04949012823335294,0.8764118238138173
3631,73,19,-0.8,-0.2,0.09117019313523686,-0.07046889512938634,0.9005346302401132
3632,73,20,-0.8,-0.2,0.08300085014665783,-0.05308034000363611,0.8951401498386539
3633,73,21,-0.8,-0.2,0.09602561794316035,-0.04889441054857436,0.9086775044942431
3634,73,22,-0.8,-0.2,0.11889025113797866,-0.06347049837567074,0.9289777168749557
3635,73,23,-0.8,-0.2,0.12827734926612852,-0.07724030435761177,0.9363593220739365
3636,73,24,-0.8,-0.2,0.08367567927132223,-0.06864417838033293,0.8933851677798387
3637,73,25,-0.8,-0.2,0.11745784351570528,-0.06827824982884902,0.9268654239406278
3638,73,26,-0.8,-0.2,0.12425212729513829,-0.08610096644380058,0.9312437836864335
3639,73,27,-0.8,-0.2,0.13907071916240582,-0.07104990121933674,0.9478828743909983
3640,73,28,-0.8,-0.2,0.11293787859464377,-0.07094674498884876,0.9220142693049072
3641,73,29,-0.8,-0.2,0.022170500673942592,-0.06392911966874498,0.8333544363910017
3642,73,30,-0.8,-0.2,0.043639842125440614,-0.022813269022742996,0.8620460085493379
3643,73,31,-0.8,-0.2,0.0762352162767107,-0.043542191352991325,0.890093927700958
3644,73,32,-0.8,-0.2,0.09508010048846982,-0.013456970430000267,0.9143121393548284
3645,73,33,-0.8,-0.2,0.12168627490030137,-0.024565057440209932,0.9382339838284216
3646,73,34,-0.8,-0.2,0.035461571381474384,-0.02454915485136308,0.8536855605658172
3647,73,35,-0.8,-0.2,0.029744598116665473,-0.0019062530393085739,0.8530634388418679
3648,73,36,-0.8,-0.2,0.08831683595213549,-0.018551254394280643,0.9066589481816756
3649,73,37,-0.8,-0.2,0.11123399396204232,-0.04247006514255147,0.9247502755491385
3650,73,38,-0.8,-0.2,0.1328414273423383,-0.046631014764395934,0.9453651010050509
3651,73,39,-0.8,-0.2,0.14976903046306972,-0.030286309769065482,0.9648129082255072
3652,73,40,-0.8,-0.2,0.0709004602988154,-0.05368081242364437,0.8831064015177862
3653,73,41,-0.8,-0.2,0.1048763266714129,-0.06606942919259522,0.9147341495577537
3654,73,42,-0.8,-0.2,0.08246049509030572,-0.06256036962226706,0.8930991979580967
3655,73,43,-0.8,-0.2,0.13006847955691211,-0.0840507453045147,0.9372681613763186
3656,73,44,-0.8,-0.2,0.1342962046517449,-0.08466074205961109,0.9413886245588985
3657,73,45,-0.8,-0.2,0.11786158477638782,-0.0702896193789283,0.9269814839839498
3658,73,46,-0.8,-0.2,0.034517446823539674,0.01990338481577359,0.863004558334609
3659,73,47,-0.8,-0.2,0.05656605811649128,-0.008095824251786019,0.8777998772993909
3660,73,48,-0.8,-0.2,0.07899066702736908,-0.033997529716442626,0.8945285981238738
3661,74,0,-0.6,-0.2,0.15218761563301086,-0.1378859281539917,0.7547478830927352
3662,74,1,-0.6,-0.2,0.14545388519763947,-0.14754781275987625,0.7472969469377808
3663,74,2,-0.6,-0.2,0.157174713909626,-0.11548620007932185,0.7618767155919365
3664,74,3,-0.6,-0.2,0.1457397684454918,-0.1106921171620488,0.7510683725055483
3665,74,4,-0.6,-0.2,0.12656111210584642,-0.06795029626116154,0.7384633869610594
3666,74,5,-0.6,-0.2,0.13130468609929086,-0.06609851730443536,0.7434622727340325
3667,74,6,-0.6,-0.2,0.13296923675239086,-0.03404422455831616,0.7515219367575593
3668,74,7,-0.6,-0.2,0.12766767215400934,-0.03465445622963681,0.7462167178124274
3669,74,8,-0.6,-0.2,0.1392030643440187,-0.06129547183328948,0.752103793681123
3670,74,9,-0.6,-0.2,0.13473415984827578,-0.03613164071967063,0.7527862411210626
3671,74,10,-0.6,-0.2,0.12338609153909295,-0.0278474272855709,0.7435885594361991
3672,74,11,-0.6,-0.2,0.11732864462751116,-0.015582748741955857,0.7406551876310019
3673,74,12,-0.6,-0.2,0.11521981342030144,-0.019554208163158008,0.7376313885001069
3674,74,13,-0.6,-0.2,0.11095014664903087,-0.002765558099364374,0.7378018271135778
3675,74,14,-0.6,-0.2,0.11438510509691996,-0.014726535210937851,0.7380191969991574
3676,74,15,-0.6,-0.2,0.13198805634830052,-0.027459508688202912,0.7520483599999931
3677,74,16,-0.6,-0.2,0.14047656604903497,-0.039486254808968294,0.7576742091842787
3678,74,17,-0.6,-0.2,0.11235097253799727,-0.028085784598307004,0.7328017504980526
3679,74,18,-0.6,-0.2,0.1410971536550542,-0.09997301353899771,0.7478170826987657
3680,74,19,-0.6,-0.2,0.15484095494146488,-0.08852973369480861,0.7630271866238403
3681,74,20,-0.6,-0.2,0.14243589879211524,-0.096291830404651,0.7496442144484766
3682,74,21,-0.6,-0.2,0.14036325145558234,-0.10580296435439217,0.7463315788778482
3683,74,22,-0.6,-0.2,0.14839627812462053,-0.07713893563611844,0.7584140229765073
3684,74,23,-0.6,-0.2,0.14136691395550866,-0.050491269972120494,0.7562921138438928
3685,74,24,-0.6,-0.2,0.1347641982423954,-0.01968225708339248,0.7565665307356186
3686,74,25,-0.6,-0.2,0.11948512980852376,-0.016262026070441242,0.7425755820651037
3687,74,26,-0.6,-0.2,0.11364537594377691,0.02734764863330145,0.7489837621370878
3688,74,27,-0.6,-0.2,0.11634760506313827,0.012681765004938977,0.7472532532182846
3689,74,28,-0.6,-0.2,0.11148764749520272,0.009455805589966273,0.7416781020318718
3690,74,29,-0.6,-0.2,0.11827660741515234,0.02057579770599664,0.7513820381759585
3691,74,30,-0.6,-0.2,0.1145769235936313,0.0039698051208297645,0.7431176630477623
3692,74,31,-0.6,-0.2,0.09886854556334577,0.006073631303342994,0.7286175852231214
3693,74,32,-0.6,-0.2,0.10498623392972145,0.021611681550525598,0.7389975151717789
3694,74,33,-0.6,-0.2,0.10034931415711795,0.030125082710234403,0.7371883853756364
3695,74,34,-0.6,-0.2,0.09264510249174107,0.04078739963491128,0.7333047182643359
3696,74,35,-0.6,-0.2,0.08503480342580406,0.04836914820237513,0.7286699634837458
3697,74,36,-0.6,-0.2,0.10441626222220529,0.017373028575723256,0.7371928540316196
3698,74,37,-0.6,-0.2,0.11894953129590777,0.011753507772377549,0.7494851410164926
3699,74,38,-0.6,-0.2,0.12625023637742658,-0.0125118473435402,0.7500608063515918
3700,74,39,-0.6,-0.2,0.11872067913583519,0.008918597500972745,0.7484693681101783
3701,74,40,-0.6,-0.2,0.12409734632194162,0.0061773887870380855,0.7528785311041346
3702,74,41,-0.6,-0.2,0.12781079345876062,-0.023762624252004552,0.7488445524176635
3703,74,42,-0.6,-0.2,0.12759751691176352,-0.014797908212208936,0.7507982161797784
3704,74,43,-0.6,-0.2,0.12585863674310543,-0.004125023883407248,0.7518229624075307
3705,74,44,-0.6,-0.2,0.12727287553985306,-0.0020940900948171345,0.7537191683056792
3706,74,45,-0.6,-0.2,0.1487287143892802,-0.021798938589748455,0.7696429730977634
3707,74,46,-0.6,-0.2,0.11974691818343897,-0.0002814956548012285,0.7469425059617648
3708,74,47,-0.6,-0.2,0.11820595268538703,-0.014980775081072041,0.7416548415956881
3709,74,48,-0.6,-0.2,0.11453605282199161,-0.02558111970530714,0.735515952638477
3710,74,49,-0.6,-0.2,0.11732716000600898,-0.01189190660848951,0.7415813571562297
3711,75,0,-0.5,-0.2,-0.3010272979736328,-0.0911870002746582,0.22678272654878445
3712,75,1,-0.5,-0.2,-0.29831504821777344,-0.09257811903953553,0.2285088188330666
3713,75,2,-0.5,-0.2,-0.29696962535381316,-0.09187351658940315,0.2300275406200594
3714,75,3,-0.5,-0.2,-0.30038623124361036,-0.08770953761041164,0.22903013911011136
3715,75,4,-0.5,-0.2,-0.3001960056722164,-0.08606447430998086,0.23000639157118657
3716,75,5,-0.5,-0.2,-0.29830635849535464,-0.096662031429857,0.22662537539209562
3717,75,6,-0.5,-0.2,-0.303290766325891,-0.09802404544998705,0.22157079662952317
3718,75,7,-0.5,-0.2,-0.30375991691461207,-0.09621322876785843,0.22199518934461812
3719,75,8,-0.5,-0.2,-0.30191133420186933,-0.09809540195864691,0.22276370130623446
3720,75,9,-0.5,-0.2,-0.29747044245762017,-0.11036360252421674,0.22147890515972113
3721,75,10,-0.5,-0.2,-0.30134987573080924,-0.09941950804953877,0.222661867487816
3722,75,11,-0.5,-0.2,-0.30055407403089174,-0.09804818736389848,0.22399296749108388
3723,75,12,-0.5,-0.2,-0.2992744257323374,-0.0975569409113417,0.2253560217090399
3724,75,13,-0.5,-0.2,-0.30177849701947973,-0.09378533267844745,0.22488512578221906
3725,75,14,-0.5,-0.2,-0.2921447885069738,-0.10724182717709063,0.22761341693813963
3726,75,15,-0.5,-0.2,-0.29307737076515383,-0.10067105347808025,0.2295282425032179
3727,75,16,-0.5,-0.2,-0.2927638410226911,-0.10506889709261134,0.22794459828406038
3728,75,17,-0.5,-0.2,-0.28932581773275995,-0.11231162887711278,0.2281947885122609
3729,75,18,-0.5,-0.2,-0.2907675633988023,-0.1055209223859436,0.22957462541160142
3730,75,19,-0.5,-0.2,-0.29410900186626787,-0.10748360768984244,0.22572192175017355
3731,75,20,-0.5,-0.2,-0.296648915189406,-0.09995777260483642,0.22662769238517833
3732,75,21,-0.5,-0.2,-0.29670256068759215,-0.1007568358963225,0.22622788168634655
3733,75,22,-0.5,-0.2,-0.2951689907244557,-0.10052564156153257,0.2277079057643428
3734,75,23,-0.5,-0.2,-0.2982642972302635,-0.10013122000762739,0.22510234780908972
3735,75,24,-0.5,-0.2,-0.2977431522491117,-0.10030865740704777,0.2254910114619015
3736,75,25,-0.5,-0.2,-0.2965441569365837,-0.10249790077755619,0.2256123654178307
3737,75,26,-0.5,-0.2,-0.2952865697219416,-0.10172466827178833,0.22708066708220565
3738,75,27,-0.5,-0.2,-0.2958373244694979,-0.10151483490985022,0.22667537542178492
3739,75,28,-0.5,-0.2,-0.2947925380135057,-0.10325249619727303,0.226870407825695
3740,75,29,-0.5,-0.2,-0.29232189117721064,-0.1060890005152571,0.22792426967840376
3741,75,30,-0.5,-0.2,-0.29372138719952046,-0.10700772725391422,0.22627069825625362
3742,75,31,-0.5,-0.2,-0.2927101200703497,-0.10490118057522796,0.22806332405109386
3743,75,32,-0.5,-0.2,-0.291502403430005,-0.1068260541925384,0.22836950749343962
3744,75,33,-0.5,-0.2,-0.29401556556254826,-0.10597198679632816,0.2264306836485434
3745,75,34,-0.5,-0.2,-0.29353584978363056,-0.10435005657087575,0.22754418692324846
3746,75,35,-0.5,-0.2,-0.29224439554777537,-0.1012301434332884,0.23003885703836646
3747,75,36,-0.5,-0.2,-0.29422750736630715,-0.10289937853597894,0.22753208436038705
3748,75,37,-0.5,-0.2,-0.29704010849942497,-0.10168083578197465,0.22552023326179899
3749,75,38,-0.5,-0.2,-0.2964532311362506,-0.09901256137980832,0.2272218076548543
3750,75,39,-0.5,-0.2,-0.29543537049708135,-0.10168919132874081,0.22696189712210132
3751,75,40,-0.5,-0.2,-0.2974427978640016,-0.0996625516981678,0.2260465077564495
3752,75,41,-0.5,-0.2,-0.29817255420601874,-0.098413408390637,0.2259516618007709
3753,75,42,-0.5,-0.2,-0.29534628647746203,-0.09766054790652695,0.22881544072321103
3754,75,43,-0.5,-0.2,-0.2962365752530802,-0.10312202422823341,0.22562108823030844
3755,75,44,-0.5,-0.2,-0.29672296685486,-0.1034548175265797,0.22503893988178217
3756,75,45,-0.5,-0.2,-0.29459544211383926,-0.1020649089764839,0.22755727730440428
3757,75,46,-0.5,-0.2,-0.29711654218861844,-0.10221745695133008,0.22521794595139977
3758,75,47,-0.5,-0.2,-0.2979789813655671,-0.10644834029497005,0.2226306470449646
3759,75,48,-0.5,-0.2,-0.29412289939409886,-0.1144659047471971,0.22293824706543267
3760,76,0,-0.4,-0.2,-0.3989408314228058,-0.23855489492416382,0.0385694407619326
3761,76,1,-0.4,-0.2,-0.39644164741039273,-0.23783982247114183,0.038006763053428975
3762,76,2,-0.4,-0.2,-0.3907867881655692,-0.2330688641965389,0.03432831268144748
3763,76,3,-0.4,-0.2,-0.385037287980318,-0.22886365796625613,0.03251143648282796
3764,76,4,-0.4,-0.2,-0.38259827935397617,-0.22478508156388993,0.030283991638668257
3765,76,5,-0.4,-0.2,-0.3824813533881306,-0.22226520221725105,0.028330940840124674
3766,76,6,-0.4,-0.2,-0.38752256019327036,-0.22666341601715978,0.02943848260075057
3767,76,7,-0.4,-0.2,-0.3856037848034411,-0.2248983241839662,0.02876069469181002
3768,76,8,-0.4,-0.2,-0.380909704664075,-0.22092157805029733,0.02832228458524354
3769,76,9,-0.4,-0.2,-0.3874820127577647,-0.22603458755060957,0.02888770938525794
3770,76,10,-0.4,-0.2,-0.3936801521126176,-0.22968834454806097,0.030353554640668256
3771,76,11,-0.4,-0.2,-0.38545601742472463,-0.2249218451032441,0.02885525589039205
3772,76,12,-0.4,-0.2,-0.3824319990863834,-0.22171550332850026,0.027932019993386428
3773,76,13,-0.4,-0.2,-0.3787840561740899,-0.21938808547995553,0.028740461565574
3774,76,14,-0.4,-0.2,-0.3784143238933198,-0.2162197609869584,0.02700040850536455
3775,76,15,-0.4,-0.2,-0.3819023337731678,-0.22370516469970952,0.029823821959939642
3776,76,16,-0.4,-0.2,-0.3781138933438999,-0.21935338574277286,0.029215667102956144
3777,76,17,-0.4,-0.2,-0.3435497506178677,-0.21127562481501544,0.05756535737988538
3778,76,18,-0.4,-0.2,-0.3517085409762543,-0.21037526012298652,0.049393431114488746
3779,76,19,-0.4,-0.2,-0.36561580972089935,-0.2192654610334439,0.039413583064478494
3780,76,20,-0.4,-0.2,-0.3786668770844757,-0.22547799800445853,0.033229964123424216
3781,76,21,-0.4,-0.2,-0.3794902975692862,-0.22233455497252097,0.030322932569541966
3782,76,22,-0.4,-0.2,-0.38053653446179225,-0.22274115366497638,0.029933034606786355
3783,76,23,-0.4,-0.2,-0.3836247202271135,-0.22186251658132972,0.027315186598469758
3784,76,24,-0.4,-0.2,-0.39279903208809475,-0.22639784837317378,0.027362389106241482
3785,76,25,-0.4,-0.2,-0.39685318733173774,-0.23021502780106007,0.030378451820130138
3786,76,26,-0.4,-0.2,-0.39484804576081745,-0.23211369654566483,0.032524331481364466
3787,76,27,-0.4,-0.2,-0.3911819139501442,-0.22713471868357366,0.028531589503905014
3788,76,28,-0.4,-0.2,-0.39237834071782157,-0.23136572483286172,0.032278450776089214
3789,76,29,-0.4,-0.2,-0.39284225244290477,-0.233480570814743,0.03423714316604297
3790,76,30,-0.4,-0.2,-0.3894800619013785,-0.23263635950407785,0.034289955661654624
3791,76,31,-0.4,-0.2,-0.39121747841530785,-0.23518745404466967,0.03626692167156352
3792,76,32,-0.4,-0.2,-0.37950506489540753,-0.23312456321109817,0.038952266338012936
3793,76,33,-0.4,-0.2,-0.38757631556934047,-0.2345083210664256,0.036676588686192245
3794,76,34,-0.4,-0.2,-0.3919417437287385,-0.23635029223144893,0.0372327710417189
3795,76,35,-0.4,-0.2,-0.390782782779192,-0.23473618972904076,0.03593828001153472
3796,76,36,-0.4,-0.2,-0.3925178741834944,-0.23669659827177336,0.03745160252184063
3797,76,37,-0.4,-0.2,-0.39593721397674775,-0.23788857275066005,0.03810577614158768
3798,76,38,-0.4,-0.2,-0.39487326818277124,-0.23869959284536102,0.03903769800490934
3799,76,39,-0.4,-0.2,-0.3892523842483637,-0.2343041965243264,0.03594842338023224
3800,76,40,-0.4,-0.2,-0.38876555742829183,-0.2300337377403111,0.03206615197604471
3801,76,41,-0.4,-0.2,-0.38413695461955066,-0.2245369490235797,0.02921811212463845
3802,76,42,-0.4,-0.2,-0.3844000943222093,-0.2219424769654697,0.02692265500533214
3803,76,43,-0.4,-0.2,-0.39159835809498156,-0.22707797515018563,0.02835144308380496
3804,76,44,-0.4,-0.2,-0.3873941521229385,-0.22421699264980005,0.027301467610736353
3805,76,45,-0.4,-0.2,-0.3806320015855061,-0.22473016778166743,0.03141179016059513
3806,76,46,-0.4,-0.2,-0.38055105596653604,-0.2291714219219978,0.035060423285636855
3807,76,47,-0.4,-0.2,-0.38792949530393267,-0.23206660822801256,0.03426316457752591
3808,76,48,-0.4,-0.2,-0.39239458768603475,-0.23406111918926958,0.034899887347827396
3809,77,0,-0.3,-0.2,-0.11614071577787399,-0.13343694806098938,0.19553740378277487
3810,77,1,-0.3,-0.2,-0.11412629634141921,-0.1364560782909393,0.19643539319054787
3811,77,2,-0.3,-0.2,-0.10345895618200301,-0.14927548438310623,0.2029811774269632
3812,77,3,-0.3,-0.2,-0.10072265809774397,-0.149606177598238,0.20555047149517555
3813,77,4,-0.3,-0.2,-0.10158199466466902,-0.1519913336366415,0.2041434223462507
3814,77,5,-0.3,-0.2,-0.08929090589821337,-0.13944153140097854,0.2192387977896573
3815,77,6,-0.3,-0.2,-0.07883809927481411,-0.13256085271713136,0.23121553779670048
3816,77,7,-0.3,-0.2,-0.09714699532950519,-0.1418436507240325,0.21102488589016252
3817,77,8,-0.3,-0.2,-0.10471174565409838,-0.15059362778055396,0.20144103827511417
3818,77,9,-0.3,-0.2,-0.09379263235349111,-0.14448986202767897,0.21354824721689614
3819,77,10,-0.3,-0.2,-0.08104421133054351,-0.14036029502952085,0.2269328795058783
3820,77,11,-0.3,-0.2,-0.13380333884534376,-0.16332550294839132,0.1701950319866713
3821,77,12,-0.3,-0.2,-0.09084295777265226,-0.1417891640300547,0.217106355820396
3822,77,13,-0.3,-0.2,-0.07813537923940814,-0.13967752468431954,0.2299189226084972
3823,77,14,-0.3,-0.2,-0.10052130784505761,-0.1480848193992324,0.20612359059713806
3824,77,15,-0.3,-0.2,-0.11395192062993753,-0.1491329819540583,0.19287649250796537
3825,77,16,-0.3,-0.2,-0.1417561108002855,-0.16157553050977808,0.1628421577008132
3826,77,17,-0.3,-0.2,-0.13235412303515826,-0.15710674989068482,0.1730461527114981
3827,77,18,-0.3,-0.2,-0.14739696666336047,-0.16528411892544012,0.1565020069594205
3828,77,19,-0.3,-0.2,-0.12014823880608072,-0.148055316073135,0.18720284771556356
3829,77,20,-0.3,-0.2,-0.12396041858961812,-0.15258694364995243,0.18231273168814968
3830,77,21,-0.3,-0.2,-0.10827280224501531,-0.14644728473881222,0.19906584757518014
3831,77,22,-0.3,-0.2,-0.11643634785014001,-0.15611610770664153,0.18873635154206483
3832,77,23,-0.3,-0.2,-0.10767319981414403,-0.14699572694608642,0.19949699504429633
3833,77,24,-0.3,-0.2,-0.09798596331388579,-0.14516448786473624,0.20932416107405127
3834,77,25,-0.3,-0.2,-0.10393362015721776,-0.14461610185535198,0.2037385615889906
3835,77,26,-0.3,-0.2,-0.09332096764610512,-0.13848438289962223,0.21563949907654353
3836,77,27,-0.3,-0.2,-0.1105637980740906,-0.1529672091110687,0.19518749452492046
3837,77,28,-0.3,-0.2,-0.1448929849534381,-0.15318622205981597,0.1620176407731184
3838,77,29,-0.3,-0.2,-0.1316422102638487,-0.14599711805612137,0.17680683420922003
3839,77,30,-0.3,-0.2,-0.1301645491969469,-0.15229013589045606,0.17640949941209919
3840,77,31,-0.3,-0.2,-0.12765195847713132,-0.15102207679465254,0.17917221988432633
3841,77,32,-0.3,-0.2,-0.08260398349974776,-0.13202988220493383,0.22777393376603283
3842,77,33,-0.3,-0.2,-0.08115509221225933,-0.12808836081890534,0.23035706525812633
3843,77,34,-0.3,-0.2,-0.10101830262431472,-0.1415533165682136,0.2073878749943792
3844,77,35,-0.3,-0.2,-0.09041021052938976,-0.14137257023494892,0.2176351427761397
3845,77,36,-0.3,-0.2,-0.108425917712446,-0.1445701943704388,0.19943192411559751
3846,77,37,-0.3,-0.2,-0.1018529670847626,-0.1381380112278691,0.20757926752919093
3847,77,38,-0.3,-0.2,-0.12630323829146425,-0.15235167601861174,0.1801136524705087
3848,77,39,-0.3,-0.2,-0.14449909014825563,-0.16328643909504345,0.15977615128373282
3849,77,40,-0.3,-0.2,-0.13526623028841792,-0.1540322706698103,0.17102703594216367
3850,77,41,-0.3,-0.2,-0.15905917192328994,-0.16810784776201904,0.14450407050778635
3851,77,42,-0.3,-0.2,-0.14867581182102677,-0.15781338341468315,0.1570946229090666
3852,77,43,-0.3,-0.2,-0.13608361460135598,-0.15159942089720188,0.170912835853961
3853,77,44,-0.3,-0.2,-0.1201866611754532,-0.1440515286271029,0.18831640467095573
3854,77,45,-0.3,-0.2,-0.14479058101186598,-0.16556723729580414,0.15898295157053033
3855,77,46,-0.3,-0.2,-0.16401816884762654,-0.1830641798284336,0.13703240641700867
3856,77,47,-0.3,-0.2,-0.1353569036827547,-0.1665738061541993,0.1680019630836103
3857,77,48,-0.3,-0.2,-0.13204136905811664,-0.16222426939331244,0.17215431313429475
3858,77,49,-0.3,-0.2,-0.10769868038514957,-0.1484422460578474,0.1990929419069707
3859,78,0,-0.2,-0.2,-0.1903528869152069,-0.13035281002521515,0.07031214590847416
3860,78,1,-0.2,-0.2,-0.20606083273887632,-0.13431816548109055,0.0659608753675847
3861,78,2,-0.2,-0.2,-0.22149166882038113,-0.1276587277650833,0.07546622752762505
3862,78,3,-0.2,-0.2,-0.22447879904508589,-0.13464449554681776,0.06978935137268165
3863,78,4,-0.2,-0.2,-0.21730614657998082,-0.13319409486651418,0.06901109816654195
3864,78,5,-0.2,-0.2,-0.21795639166295527,-0.13334177998602387,0.06903441385993726
3865,78,6,-0.2,-0.2,-0.2147490425739884,-0.12766134910315272,0.07382692375025028
3866,78,7,-0.2,-0.2,-0.21062219447731373,-0.13376653016379472,0.06707982962155905
3867,78,8,-0.2,-0.2,-0.2104438266633707,-0.14029326165258582,0.06061326686016117
3868,78,9,-0.2,-0.2,-0.21556596905342046,-0.14593173699754264,0.05626434445254778
3869,78,10,-0.2,-0.2,-0.21096062824374348,-0.1415870810153529,0.0594323520971911
3870,78,11,-0.2,-0.2,-0.20982436354629333,-0.13863505445139718,0.06214639700958317
3871,78,12,-0.2,-0.2,-0.22550700417131675,-0.13280112460803964,0.07187695121344384
3872,78,13,-0.2,-0.2,-0.22413285988250714,-0.13926510702457412,0.06535382277147343
3873,78,14,-0.2,-0.2,-0.22325934660807786,-0.14346593751132952,0.06113180372038439
3874,78,15,-0.2,-0.2,-0.22711994334720448,-0.13916014227801887,0.06661065691604075
3875,78,16,-0.2,-0.2,-0.21599999029699973,-0.14039887999965778,0.06171137006094809
3876,78,17,-0.2,-0.2,-0.0746039536742847,-0.10058368532813411,0.16002428583517067
3877,78,18,-0.2,-0.2,-0.11695992062528297,-0.1166201889740405,0.11767687822713527
3878,78,19,-0.2,-0.2,-0.14734615958757752,-0.11789222927479787,0.09754031435072998
3879,78,20,-0.2,-0.2,-0.16635184838294276,-0.12512423555167704,0.08208884338913065
3880,78,21,-0.2,-0.2,-0.18777270463847617,-0.12606236360548467,0.07494184964000755
3881,78,22,-0.2,-0.2,-0.19767809851388582,-0.13578017667387893,0.0642617844021579
3882,78,23,-0.2,-0.2,-0.20305201769266834,-0.13977914284486054,0.060298146310612845
3883,78,24,-0.2,-0.2,-0.20230574560439601,-0.1402940622128341,0.0597504432605911
3884,78,25,-0.2,-0.2,-0.20296779182149183,-0.14326657501956874,0.05681099627982189
3885,78,26,-0.2,-0.2,-0.2182221674384201,-0.14077507509460785,0.06196482160228623
3886,78,27,-0.2,-0.2,-0.22333095415662396,-0.13214563814371344,0.07175338211389319
3887,78,28,-0.2,-0.2,-0.21874013603688744,-0.13631546886065266,0.06638457806689405
3888,78,29,-0.2,-0.2,-0.21578613860083645,-0.13546219442197743,0.06644042836068609
3889,78,30,-0.2,-0.2,-0.22616242229810474,-0.13629020136332853,0.06887242396510808
3890,78,31,-0.2,-0.2,-0.22807614606529258,-0.139244955949142,0.0669286587008984
3891,78,32,-0.2,-0.2,-0.2231395355993196,-0.14363681924393581,0.060928205723564055
3892,78,33,-0.2,-0.2,-0.21919145469800425,-0.1372150531057076,0.0656525817462243
3893,78,34,-0.2,-0.2,-0.22221671143626226,-0.14387916976715023,0.06035834534732121
3894,78,35,-0.2,-0.2,-0.22123683313149745,-0.1465607187961879,0.057504433368525364
3895,78,36,-0.2,-0.2,-0.21909150157106888,-0.13982676553435522,0.06312926087240042
3896,78,37,-0.2,-0.2,-0.22204370271775203,-0.1439139451721825,0.060262512191723135
3897,78,38,-0.2,-0.2,-0.23416376193492763,-0.13237022551870967,0.07576905058093707
3898,78,39,-0.2,-0.2,-0.22643464561393267,-0.13910028373284775,0.06638950165616442
3899,78,40,-0.2,-0.2,-0.22476853856705908,-0.1446447315271551,0.06064393003795706
3900,78,41,-0.2,-0.2,-0.21605917662863233,-0.13238759907276412,0.06949340913449922
3901,78,42,-0.2,-0.2,-0.21755367711523182,-0.12517850349876966,0.07685302804021088
3902,78,43,-0.2,-0.2,-0.22019939856466952,-0.129915216817196,0.07293759343545014
3903,78,44,-0.2,-0.2,-0.22349900072531015,-0.13698304939033096,0.06725577372411677
3904,78,45,-0.2,-0.2,-0.2228110049764442,-0.12642278197837922,0.07703212939959846
3905,78,46,-0.2,-0.2,-0.20828148128788562,-0.12578635957244175,0.0746742750740341
3906,78,47,-0.2,-0.2,-0.21538491131405657,-0.12950391602995193,0.0721553418067814
3907,78,48,-0.2,-0.2,-0.20641788996337293,-0.12880188050605393,0.07148679270366093
3908,79,0,-0.1,-0.2,0.22833797335624695,-0.2009953260421753,0.3283394819719641
3909,79,1,-0.1,-0.2,0.22260695099830624,-0.20319669097661971,0.32262278850946596
3910,79,2,-0.1,-0.2,0.22366022050380702,-0.20040110453963278,0.3236604690434479
3911,79,3,-0.1,-0.2,0.22424968367815012,-0.20035427553951737,0.32424987721900267
3912,79,4,-0.1,-0.2,0.21708369056582444,-0.19797769606560467,0.31709013944941045
3913,79,5,-0.1,-0.2,0.21428131918251508,-0.19278243476465343,0.31436418503867203
3914,79,6,-0.1,-0.2,0.2197701027204394,-0.19516923781256373,0.31980658976505144
3915,79,7,-0.1,-0.2,0.2190565549479782,-0.19610118994329717,0.31908037541524004
3916,79,8,-0.1,-0.2,0.17545214650062735,-0.1946151071831588,0.2755047768777375
3917,79,9,-0.1,-0.2,0.19497693727333953,-0.1964235742719474,0.2949986175292148
3918,79,10,-0.1,-0.2,0.20415353978617715,-0.19696983326296524,0.30416863361450647
3919,79,11,-0.1,-0.2,0.21703147732675676,-0.19773167113636295,0.31703959205723736
3920,79,12,-0.1,-0.2,0.22069307754856768,-0.19680727986615948,0.32070897001709303
3921,79,13,-0.1,-0.2,0.22570293558931048,-0.19759428925996456,0.3257118200121992
3922,79,14,-0.1,-0.2,0.22842862496084954,-0.1999527946052929,0.3284286283532903
3923,79,15,-0.1,-0.2,0.23130128187452642,-0.20123517259524126,0.3313035843800131
3924,79,16,-0.1,-0.2,0.23060176056385456,-0.20317643554206788,0.3306170198744662
3925,79,17,-0.1,-0.2,0.2323324550910025,-0.2077627099537578,0.33242310445069756
3926,79,18,-0.1,-0.2,0.22813405084672175,-0.20586446840451247,0.32818645205850056
3927,79,19,-0.1,-0.2,0.2316922738318028,-0.20258010966797926,0.3317023085322296
3928,79,20,-0.1,-0.2,0.22169049838334992,-0.19907331347718019,0.3216918331230056
3929,79,21,-0.1,-0.2,0.22838326475427023,-0.1986706025022062,0.3283859556503297
3930,79,22,-0.1,-0.2,0.23407396700962216,-0.19617529229645475,0.33409586022961085
3931,79,23,-0.1,-0.2,0.22801558096099575,-0.19614689212468445,0.3280382108740968
3932,79,24,-0.1,-0.2,0.22903338713667865,-0.19892445765931432,0.32903514499512365
3933,79,25,-0.1,-0.2,0.22702053934589478,-0.1969804668833744,0.3270344794273569
3934,79,26,-0.1,-0.2,0.22543374225674884,-0.19831722459067425,0.32543809293367953
3935,79,27,-0.1,-0.2,0.22826440997546085,-0.20027936037986144,0.3282645288464157
3936,79,28,-0.1,-0.2,0.23209641384420412,-0.20214080289628172,0.332103313932911
3937,79,29,-0.1,-0.2,0.2346062968684865,-0.19883581333297734,0.33460832212399827
3938,79,30,-0.1,-0.2,0.2290492690960112,-0.19975885284996797,0.32904935745958713
3939,79,31,-0.1,-0.2,0.23303071222222643,-0.19833826694031295,0.33303485799538324
3940,79,32,-0.1,-0.2,0.23559913131656007,-0.19907618831791296,0.33560040281330666
3941,79,33,-0.1,-0.2,0.21470423107488185,-0.19906981428303788,0.3147056057681539
3942,79,34,-0.1,-0.2,0.22436503366232174,-0.19981354125228454,0.32436508725450663
3943,79,35,-0.1,-0.2,0.21553863244176089,-0.19908209496260534,0.3155399675364032
3944,79,36,-0.1,-0.2,0.22514477282607678,-0.19874274976516362,0.3251472035467537
3945,79,37,-0.1,-0.2,0.22412342366467797,-0.2019643323940557,0.32412937597488234
3946,79,38,-0.1,-0.2,0.22398259715063984,-0.20292239100990345,0.3239957771726177
3947,79,39,-0.1,-0.2,0.2357562267092519,-0.20179532168190037,0.3357610265560553
3948,79,40,-0.1,-0.2,0.2324972508664287,-0.20320307551340508,0.3325126787454538
3949,79,41,-0.1,-0.2,0.23465631115642682,-0.20182465450924011,0.33466128542289625
3950,79,42,-0.1,-0.2,0.23754086390878007,-0.1995312348591582,0.33754118941107447
3951,79,43,-0.1,-0.2,0.23582557546120553,-0.20422816057116855,0.3358521914111406
3952,79,44,-0.1,-0.2,0.23781345680271748,-0.20423869337020067,0.3378400481270509
3953,79,45,-0.1,-0.2,0.22562419848085058,-0.20367426854138,0.32564492762149777
3954,79,46,-0.1,-0.2,0.21772781246412223,-0.20344206171467993,0.31774645647447286
3955,79,47,-0.1,-0.2,0.22237751050249632,-0.2048486673242307,0.32241397124288546
3956,79,48,-0.1,-0.2,0.22257068270861236,-0.19969062133476329,0.3225708310716559
3957,80,0,0.0,-0.2,-0.04407449811697006,-0.2964715361595154,0.10606280532420156
3958,80,1,0.0,-0.2,-0.0448892593383789,-0.29577902555465696,0.1057764971066251
3959,80,2,0.0,-0.2,-0.044804699569940556,-0.294222582578659,0.10433291029845208
3960,80,3,0.0,-0.2,-0.059547845914959895,-0.29706433260440823,0.11387462674824007
3961,80,4,0.0,-0.2,-0.05277760930508374,-0.29591581116914745,0.10947748113742665
3962,80,5,0.0,-0.2,-0.04848667992010711,-0.29360733254313465,0.10541959417260109
3963,80,6,0.0,-0.2,-0.04357721367476879,-0.29306423640739915,0.10276149886873358
3964,80,7,0.0,-0.2,-0.041443202111114553,-0.29187519533976314,0.1007898334155897
3965,80,8,0.0,-0.2,-0.038159723578982195,-0.29078274596215364,0.0984767559785214
3966,80,9,0.0,-0.2,-0.03544157039311016,-0.2890398476514891,0.09583422865412008
3967,80,10,0.0,-0.2,-0.033759085934167495,-0.28930199859495687,0.0954700101401701
3968,80,11,0.0,-0.2,-0.059292969624761514,-0.2970993479348124,0.11377143585403432
3969,80,12,0.0,-0.2,-0.04984338763047719,-0.2948316844483048,0.10713268252865166
3970,80,13,0.0,-0.2,-0.043799771707580724,-0.29277709707874866,0.10259634371650746
3971,80,14,0.0,-0.2,-0.0364147576828086,-0.28999525119544234,0.09708336528380355
3972,80,15,0.0,-0.2,-0.03271398864164934,-0.2875913487551293,0.09350106646230648
3973,80,16,0.0,-0.2,-0.02589289255820204,-0.2860323294673738,0.08984432980780337
3974,80,17,0.0,-0.2,-0.024711442719079477,-0.28630077076674143,0.08976902826806134
3975,80,18,0.0,-0.2,-0.02631807430200199,-0.2863024539043948,0.09022613027768554
3976,80,19,0.0,-0.2,-0.01874410470355246,-0.28602356477611374,0.08804200791626672
3977,80,20,0.0,-0.2,-0.020173090343873556,-0.2855398082218883,0.08788636051549473
3978,80,21,0.0,-0.2,-0.02322274611804942,-0.28561132415509444,0.08870509997092632
3979,80,22,0.0,-0.2,-0.021251979137359475,-0.283727959643437,0.08638297195227643
3980,80,23,0.0,-0.2,-0.021256735911398022,-0.2829516878678833,0.08563195280815246
3981,80,24,0.0,-0.2,-0.02130550003876311,-0.2820971703199649,0.08481668294885776
3982,80,25,0.0,-0.2,-0.02009284359495854,-0.28257447550373005,0.08498391829309578
3983,80,26,0.0,-0.2,-0.021568823393153257,-0.28440502930456113,0.0871172951512434
3984,80,27,0.0,-0.2,-0.022017588317570065,-0.28524252925457155,0.08804012147332875
3985,80,28,0.0,-0.2,-0.02491448429239182,-0.285754902242612,0.08930081066930905
3986,80,29,0.0,-0.2,-0.023889824622955635,-0.2853856207482952,0.08866469393781991
3987,80,30,0.0,-0.2,-0.02541530533319781,-0.28522426437209614,0.0889331939319881
3988,80,31,0.0,-0.2,-0.026354005200964696,-0.28536020602394535,0.08933587388380364
3989,80,32,0.0,-0.2,-0.02493392148048852,-0.284459121226535,0.08806272536524008
3990,80,33,0.0,-0.2,-0.024730668618299777,-0.28503776991316276,0.08856087331385212
3991,80,34,0.0,-0.2,-0.02534406153640424,-0.28581720672810096,0.08948136356680456
3992,80,35,0.0,-0.2,-0.024151835593550327,-0.2851093804631115,0.08846986947742463
3993,80,36,0.0,-0.2,-0.031211467834391438,-0.28537561367506153,0.09090187640951425
3994,80,37,0.0,-0.2,-0.028462927119388946,-0.2841025244135465,0.08878835978288387
3995,80,38,0.0,-0.2,-0.025746819653628603,-0.2837305124260151,0.08759964288397266
3996,80,39,0.0,-0.2,-0.02342092280086163,-0.2835631588061665,0.08678329985952667
3997,80,40,0.0,-0.2,-0.023161147402201078,-0.2843673858316749,0.0874888252353247
3998,80,41,0.0,-0.2,-0.02213585829390266,-0.2844445341120568,0.08729762633548555
3999,80,42,0.0,-0.2,-0.0207701152211152,-0.2848177833659733,0.0873238458922623
4000,80,43,0.0,-0.2,-0.023394105379979387,-0.2845052618098556,0.08768365548995899
4001,80,44,0.0,-0.2,-0.023591874322931368,-0.2837434656241148,0.08700312964949182
4002,80,45,0.0,-0.2,-0.021631126400975663,-0.2837048881027129,0.08645469288397634
4003,80,46,0.0,-0.2,-0.02290045580069601,-0.28538353631308855,0.0884012395230301
4004,80,47,0.0,-0.2,-0.02460268645296758,-0.2867492861806137,0.09017056522806678
4005,80,48,0.0,-0.2,-0.026195754482519484,-0.28666329076698893,0.09053586869010595
4006,80,49,0.0,-0.2,-0.028397695756872794,-0.28692344808149367,0.09144460044571268
4007,81,0,0.1,-0.2,0.11655142158269882,-0.48727524280548096,0.2877516545310492
4008,81,1,0.1,-0.2,0.10147106796503066,-0.4873137950897216,0.2873175610536472
4009,81,2,0.1,-0.2,0.09497663259506224,-0.48783106267452236,0.28787489446012793
4010,81,3,0.1,-0.2,0.10089025339484213,-0.4879885063767433,0.2879898823851535
4011,81,4,0.1,-0.2,0.1040555425852537,-0.48745330595374103,0.28748191339525314
4012,81,5,0.1,-0.2,0.10728364034086464,-0.4880471129852533,0.28813918635922176
4013,81,6,0.1,-0.2,0.10900485978040098,-0.48793051140969984,0.28807128787908726
4014,81,7,0.1,-0.2,0.11137408714353142,-0.48831549632773985,0.28853976377799234
4015,81,8,0.1,-0.2,0.09901437874239055,-0.48853279892363477,0.2885344823482457
4016,81,9,0.1,-0.2,0.10763861736576713,-0.4876870574616474,0.2877884492230392
4017,81,10,0.1,-0.2,0.11375118693356384,-0.48761591448825176,0.2879444554232555
4018,81,11,0.1,-0.2,0.11590635334900287,-0.48789562378435436,0.28833470528371336
4019,81,12,0.1,-0.2,0.11650494996523744,-0.4879373631465075,0.2884100179763503
4020,81,13,0.1,-0.2,0.11682734101684014,-0.48809051663789604,0.28858153991963326
4021,81,14,0.1,-0.2,0.11797690164814177,-0.4888536404150666,0.28941249899391625
4022,81,15,0.1,-0.2,0.1196933842225755,-0.48741699351912326,0.2880908841766947
4023,81,16,0.1,-0.2,0.12255876556701653,-0.4864565448545606,0.2873434356200268
4024,81,17,0.1,-0.2,0.11985145540999406,-0.48721605654639333,0.28790127373798813
4025,81,18,0.1,-0.2,0.09999258763965888,-0.48215740999835355,0.28215741009571604
4026,81,19,0.1,-0.2,0.10607195534471517,-0.484795827238563,0.2848605480831026
4027,81,20,0.1,-0.2,0.10711848211005023,-0.4878640453002475,0.28795204698729626
4028,81,21,0.1,-0.2,0.10907629286448442,-0.48770613531143825,0.2878492650468392
4029,81,22,0.1,-0.2,0.11105722669402954,-0.48788837037394395,0.28810063529733543
4030,81,23,0.1,-0.2,0.1122610028937274,-0.4870021850798226,0.2872639664708276
4031,81,24,0.1,-0.2,0.1139368610529472,-0.48686682558592037,0.2872051735567311
4032,81,25,0.1,-0.2,0.11536809755999433,-0.4876574532546114,0.28806768099796
4033,81,26,0.1,-0.2,0.1048106033856373,-0.4884454070975639,0.28848551918703524
4034,81,27,0.1,-0.2,0.10724142223380909,-0.48946272250167333,0.28955328682998754
4035,81,28,0.1,-0.2,0.11116737371532154,-0.48900477430528655,0.2892204519167814
4036,81,29,0.1,-0.2,0.11209121740950764,-0.4896294925502377,0.28988176985342173
4037,81,30,0.1,-0.2,0.11428463511631423,-0.48928578076005036,0.2896382463528568
4038,81,31,0.1,-0.2,0.10054411403413487,-0.48553720180261173,0.2855377202286023
4039,81,32,0.1,-0.2,0.10556482586714735,-0.48553316935745505,0.2855873913362506
4040,81,33,0.1,-0.2,0.10939017429368869,-0.4862367242713107,0.28639070811539297
4041,81,34,0.1,-0.2,0.11072629512441182,-0.48691787929311725,0.28711830813299904
4042,81,35,0.1,-0.2,0.11357557276650683,-0.4868084552653902,0.28712956341634005
4043,81,36,0.1,-0.2,0.1142889412724484,-0.48755658407388036,0.2879113802664391
4044,81,37,0.1,-0.2,0.11637115570291443,-0.48722327269677845,0.2876894560419221
4045,81,38,0.1,-0.2,0.1149170561598658,-0.4875277555216866,0.2879144469452955
4046,81,39,0.1,-0.2,0.11692391805617447,-0.488330147997604,0.28882640676830834
4047,81,40,0.1,-0.2,0.11779757247306807,-0.48789448801204194,0.28844408437971103
4048,81,41,0.1,-0.2,0.11770296304580104,-0.4873188196069721,0.28786368128151346
4049,81,42,0.1,-0.2,0.11608934324393244,-0.4876338611953165,0.28808350364459895
4050,81,43,0.1,-0.2,0.11514282544440727,-0.4881479580838376,0.2885455785665842
4051,81,44,0.1,-0.2,0.11345254330824503,-0.4878622003145243,0.28817636490763693
4052,81,45,0.1,-0.2,0.11343678175701183,-0.48671991878976995,0.2870345953622975
4053,81,46,0.1,-0.2,0.11542351605996923,-0.4869888869718849,0.287403037724053
4054,81,47,0.1,-0.2,0.11472332744552496,-0.48641439809971027,0.28679257976783057
4055,81,48,0.1,-0.2,0.11507756375399888,-0.48674248729349257,0.28713861974317323
4056,82,0,0.2,-0.2,0.004842501133680344,-0.3180253803730011,0.22807112876457894
4057,82,1,0.2,-0.2,-0.008689999952912331,-0.3174198538064956,0.23945550348297565
4058,82,2,0.2,-0.2,-0.001979846023023128,-0.3202076444029808,0.23504411494950816
4059,82,3,0.2,-0.2,-0.0040507294572889796,-0.3173101109564304,0.23536856698518976
4060,82,4,0.2,-0.2,0.0055511557076126355,-0.3206945532172918,0.22886137337472828
4061,82,5,0.2,-0.2,0.00028840120729059114,-0.3242066593495011,0.23518506950719287
4062,82,6,0.2,-0.2,0.01394047057894245,-0.32741939763912553,0.22550798518700613
4063,82,7,0.2,-0.2,-0.0016105119001153852,-0.32404959617537554,0.23671734372432518
4064,82,8,0.2,-0.2,-0.011677270931790136,-0.3181149482025465,0.24240133666714944
4065,82,9,0.2,-0.2,0.0010998290658465002,-0.3186643415198358,0.23160851440733285
4066,82,10,0.2,-0.2,-0.0016612381422192175,-0.3218855763926052,0.23563392943634084
4067,82,11,0.2,-0.2,-0.0062854053555497745,-0.32175467846967376,0.23953678254488836
4068,82,12,0.2,-0.2,0.004779506635169342,-0.3234323422782055,0.23096879475351634
4069,82,13,0.2,-0.2,0.008198814578900843,-0.32283563539094745,0.22776366709999346
4070,82,14,0.2,-0.2,-0.013122563916807299,-0.32313732690905445,0.24613823053069378
4071,82,15,0.2,-0.2,-0.010310567916289416,-0.3254896737248345,0.24490445726617063
4072,82,16,0.2,-0.2,-0.01843716949283959,-0.3250325169143528,0.2516901414477362
4073,82,17,0.2,-0.2,-0.01895828470629371,-0.31833825530451687,0.24889088595213643
4074,82,18,0.2,-0.2,-0.011657099649601595,-0.3200197737941097,0.24331763999691974
4075,82,19,0.2,-0.2,-0.0067124664860023974,-0.3181368743449713,0.2380889852150372
4076,82,20,0.2,-0.2,0.004760338360673413,-0.3180983120748585,0.22817917694647205
4077,82,21,0.2,-0.2,0.014525799151484527,-0.31932362399343944,0.22054207404330625
4078,82,22,0.2,-0.2,0.01332657733297055,-0.32510302600553637,0.22471700835932587
4079,82,23,0.2,-0.2,0.008414211140225265,-0.3270541240384549,0.22988663494905762
4080,82,24,0.2,-0.2,0.009753904577399247,-0.3269460545706013,0.22871134120237105
4081,82,25,0.2,-0.2,0.00555624654930181,-0.3287768932887992,0.23322062837817473
4082,82,26,0.2,-0.2,-0.015865745010684502,-0.31220081556800566,0.24328387304370072
4083,82,27,0.2,-0.2,-0.004662235631443462,-0.3159609951205501,0.2352309143862871
4084,82,28,0.2,-0.2,0.001210417809359053,-0.32472752057902154,0.2346790411973763
4085,82,29,0.2,-0.2,-0.009693102763503518,-0.3233336256580998,0.24327429080064655
4086,82,30,0.2,-0.2,0.005372932842883658,-0.33265291478695613,0.23553447958134735
4087,82,31,0.2,-0.2,0.01410792013412638,-0.3306556828670054,0.2272152565790947
4088,82,32,0.2,-0.2,0.01578460925106353,-0.3292739909387275,0.22504905003578565
4089,82,33,0.2,-0.2,0.015278227431564553,-0.32929057827071856,0.2254732509421053
4090,82,34,0.2,-0.2,0.0029566186041556954,-0.32773484950595655,0.23482394667115516
4091,82,35,0.2,-0.2,0.002296196983222784,-0.32782409802807855,0.23542683314352356
4092,82,36,0.2,-0.2,-0.00643539045385993,-0.3283954943320497,0.2431069176239315
4093,82,37,0.2,-0.2,-0.00017968669427169924,-0.32691615517645484,0.2370223985402872
4094,82,38,0.2,-0.2,0.004565212891251708,-0.325020478039946,0.2320018877974453
4095,82,39,0.2,-0.2,-0.006116909709050649,-0.32228791029152876,0.2396633335983582
4096,82,40,0.2,-0.2,0.019311528604694133,-0.32345577297238826,0.21883704342588378
4097,82,41,0.2,-0.2,0.009339842166530636,-0.32381112329502726,0.2273334336094449
4098,82,42,0.2,-0.2,-0.012817274951716976,-0.3226131833259054,0.24561185892213508
4099,82,43,0.2,-0.2,-0.014996226625290016,-0.3195931668743145,0.24602012727852307
4100,82,44,0.2,-0.2,-0.013028935911906311,-0.31995738237751087,0.24448128992342838
4101,82,45,0.2,-0.2,-0.01127377058154025,-0.3143550324713865,0.24023671573527883
4102,82,46,0.2,-0.2,-0.013159364919463543,-0.31564947046766434,0.24251126751621294
4103,82,47,0.2,-0.2,-0.03127116220436476,-0.3146184499517165,0.2581157483314254
4104,82,48,0.2,-0.2,-0.01718555420706061,-0.31712653545722935,0.2467553246931901
4105,83,0,0.3,-0.2,-0.00442013144493103,-0.21382330358028412,0.30473381852170883
4106,83,1,0.3,-0.2,-0.007486176863312721,-0.2079923778772354,0.30759003083024156
4107,83,2,0.3,-0.2,0.0007107469812035559,-0.2015584236383438,0.29929331041101753
4108,83,3,0.3,-0.2,-0.003201650146394968,-0.21517023724317547,0.30358092290114524
4109,83,4,0.3,-0.2,-0.013538617238029838,-0.23844490843415256,0.31588680802471975
4110,83,5,0.3,-0.2,-0.021385238782800735,-0.2266792826670408,0.3224907065809893
4111,83,6,0.3,-0.2,-0.029578336428966373,-0.2277114988339543,0.33074129922177725
4112,83,7,0.3,-0.2,-0.021426907401240244,-0.21951768107025024,0.3220189383807814
4113,83,8,0.3,-0.2,-0.007398174558748267,-0.2109457201239043,0.3075929883971374
4114,83,9,0.3,-0.2,-0.03728889917161924,-0.2071046955916883,0.3373637179719439
4115,83,10,0.3,-0.2,-0.04042585811395251,-0.20440330051119335,0.3404543345707509
4116,83,11,0.3,-0.2,-0.04899047598208151,-0.2038276166708732,0.34901146539272737
4117,83,12,0.3,-0.2,-0.04515866462862107,-0.20301195330361774,0.3451718059617791
4118,83,13,0.3,-0.2,-0.05009240289164513,-0.20374518625794028,0.3501124347728207
4119,83,14,0.3,-0.2,-0.05186211656275441,-0.20427778358261509,0.3518881192998721
4120,83,15,0.3,-0.2,-0.016678909346661316,-0.20875188704828923,0.3167998218937267
4121,83,16,0.3,-0.2,-0.015834182669362366,-0.2090980395431355,0.31596519628901
4122,83,17,0.3,-0.2,-0.013916451229402084,-0.2104873706230049,0.3140915842474068
4123,83,18,0.3,-0.2,0.0003454765224217768,-0.2076067258447376,0.299751056242762
4124,83,19,0.3,-0.2,-0.02811411804153208,-0.21125167565256125,0.3283069823551776
4125,83,20,0.3,-0.2,-0.03826808284059742,-0.2094387483566685,0.3383997426701057
4126,83,21,0.3,-0.2,-0.009802064252246473,-0.20644763612536376,0.3098691514600286
4127,83,22,0.3,-0.2,-0.008608174365405577,-0.21718434296698816,0.3090862451296654
4128,83,23,0.3,-0.2,-0.012976700245490705,-0.22246300838247945,0.31378177391643874
4129,83,24,0.3,-0.2,0.022364555621737513,-0.2261772564381282,0.2788667938814925
4130,83,25,0.3,-0.2,0.015821360724385572,-0.21764288424759548,0.2847257810334601
4131,83,26,0.3,-0.2,0.02077302011256535,-0.21130459761139359,0.279455721401823
4132,83,27,0.3,-0.2,0.0496302261519788,-0.22430014390609287,0.25154625946446924
4133,83,28,0.3,-0.2,0.0301437425313245,-0.22328878189328447,0.2708593122952819
4134,83,29,0.3,-0.2,0.011605493688433915,-0.22177177142741475,0.2892151470822016
4135,83,30,0.3,-0.2,-0.009457131500348761,-0.22554396917571162,0.3105095982375969
4136,83,31,0.3,-0.2,-0.013582808839990416,-0.22433371376101846,0.3145255277801488
4137,83,32,0.3,-0.2,-0.0132686780367291,-0.2284028676328388,0.31455363219751314
4138,83,33,0.3,-0.2,-0.03152006919501198,-0.2327435446802903,0.33313315055289183
4139,83,34,0.3,-0.2,-0.031216245715544426,-0.2235349941369782,0.3320513474975331
4140,83,35,0.3,-0.2,-0.02665599512786474,-0.2200601050935013,0.3272713659477986
4141,83,36,0.3,-0.2,-0.04127155745438302,-0.2192452246722853,0.34181377181153333
4142,83,37,0.3,-0.2,0.006271472790955555,-0.22072427981536516,0.29445872965537956
4143,83,38,0.3,-0.2,0.03795727998354369,-0.21517994065492005,0.26248203312209734
4144,83,39,0.3,-0.2,0.015181778492896094,-0.21053434850361005,0.2850129677766701
4145,83,40,0.3,-0.2,0.0065342666314620115,-0.21207985986382005,0.29371424833647986
4146,83,41,0.3,-0.2,-0.01324053037915579,-0.21418831543502376,0.3135616975446755
4147,83,42,0.3,-0.2,0.0029346023983978613,-0.21619883882466967,0.29750672737177825
4148,83,43,0.3,-0.2,-0.005033729102109237,-0.2135609109722059,0.305335019603607
4149,83,44,0.3,-0.2,-0.0006785577417672216,-0.2157734735474722,0.3010920084516061
4150,83,45,0.3,-0.2,-0.013498731217471993,-0.2089913261499023,0.31362764294765
4151,83,46,0.3,-0.2,-0.007189180883945788,-0.20468829629780955,0.307224954999306
4152,83,47,0.3,-0.2,0.015508727974467243,-0.21276114623321565,0.2847773353198797
4153,83,48,0.3,-0.2,0.019926862143219447,-0.20788215516409705,0.28018403044958523
4154,84,0,0.4,-0.2,-0.039049677550792694,-0.08117778599262238,0.45484430072176363
4155,84,1,0.4,-0.2,-0.04506428427994251,-0.07758369520306586,0.46159286045361814
4156,84,2,0.4,-0.2,-0.06397595923393964,-0.07942469798028468,0.47938720696760356
4157,84,3,0.4,-0.2,-0.06806262453272938,-0.07803725270181894,0.48369156723369366
4158,84,4,0.4,-0.2,-0.09792799635641275,-0.09521681316122411,0.5088337703018556
4159,84,5,0.4,-0.2,-0.1224959107114747,-0.10475827031530438,0.5311054168275315
4160,84,6,0.4,-0.2,-0.12114670632399244,-0.10105536447205393,0.5304563416645179
4161,84,7,0.4,-0.2,-0.12170021440269535,-0.09768708344664945,0.5316380785849254
4162,84,8,0.4,-0.2,-0.11572302275873611,-0.08735762072063229,0.5278811815296363
4163,84,9,0.4,-0.2,-0.11122269358023179,-0.08398891958315888,0.5242205768671335
4164,84,10,0.4,-0.2,-0.11515435102630575,-0.08660049941046837,0.5274878691641064
4165,84,11,0.4,-0.2,-0.1116278779122655,-0.08673341789973439,0.5240156525121022
4166,84,12,0.4,-0.2,-0.12049063822919101,-0.09089535180124504,0.5318029040375811
4167,84,13,0.4,-0.2,-0.13404722955729345,-0.09903178902839624,0.5435080707998978
4168,84,14,0.4,-0.2,-0.1340852530085449,-0.09798302133542797,0.5437412265196094
4169,84,15,0.4,-0.2,-0.12710561761243971,-0.09390956054889908,0.5376760302091951
4170,84,16,0.4,-0.2,-0.12091967648554525,-0.0920738346729142,0.5319824870350663
4171,84,17,0.4,-0.2,-0.12595178614459512,-0.09320927432650564,0.5366838365728573
4172,84,18,0.4,-0.2,-0.11968592555603835,-0.09092404559286402,0.5310094397003352
4173,84,19,0.4,-0.2,-0.12617766038474457,-0.09511056746564682,0.5365302632147997
4174,84,20,0.4,-0.2,-0.13208253704635214,-0.09709307247266831,0.5419424895344508
4175,84,21,0.4,-0.2,-0.12667979018081763,-0.09402364503051801,0.5372360646843507
4176,84,22,0.4,-0.2,-0.12320536475710746,-0.08929470486933166,0.5347892258456468
4177,84,23,0.4,-0.2,-0.16233112286461265,-0.09566036155070784,0.5719292367888751
4178,84,24,0.4,-0.2,-0.15246335972997554,-0.09471565090787555,0.5624060437156456
4179,84,25,0.4,-0.2,-0.13832926543312377,-0.09045965693613392,0.5493609785744853
4180,84,26,0.4,-0.2,-0.13156490032106613,-0.0877329374904866,0.5432910238333227
4181,84,27,0.4,-0.2,-0.12811279001793247,-0.08721469997255052,0.5400218911144313
4182,84,28,0.4,-0.2,-0.12287446128400847,-0.08124241542042922,0.5361912589349215
4183,84,29,0.4,-0.2,-0.11619638439964135,-0.07978747479970397,0.5300092060354179
4184,84,30,0.4,-0.2,-0.12020876632000621,-0.08467043722667891,0.5328396274730965
4185,84,31,0.4,-0.2,-0.10300601758664778,-0.07821614443758149,0.5175387533354647
4186,84,32,0.4,-0.2,-0.11504863616500448,-0.08352010279545498,0.5280555501727187
4187,84,33,0.4,-0.2,-0.1257484718329897,-0.09176372369879998,0.5367742049896527
4188,84,34,0.4,-0.2,-0.08938537040522032,-0.08304451149233343,0.5031665997050297
4189,84,35,0.4,-0.2,-0.09593732902824118,-0.08426763533621741,0.5092620293663535
4190,84,36,0.4,-0.2,-0.09220531383746329,-0.07893469401547112,0.506875605334251
4191,84,37,0.4,-0.2,-0.08949253941292985,-0.06692989583158651,0.507257921342103
4192,84,38,0.4,-0.2,-0.07834243602356111,-0.06849412089328877,0.49608999419518995
4193,84,39,0.4,-0.2,-0.09728806792458451,-0.07593923957167703,0.5125295062513181
4194,84,40,0.4,-0.2,-0.10734937494131316,-0.07995662719719654,0.5213576503775638
4195,84,41,0.4,-0.2,-0.09491993520252577,-0.07432292914886407,0.5106275241294713
4196,84,42,0.4,-0.2,-0.10209971689695985,-0.07877872498382521,0.5165256268807524
4197,84,43,0.4,-0.2,-0.12079267965217837,-0.08564322544221653,0.5332002316827668
4198,84,44,0.4,-0.2,-0.10445486393096333,-0.07974394110003313,0.5185906183549401
4199,84,45,0.4,-0.2,-0.11693583846654096,-0.08513777268937667,0.5295431921513702
4200,84,46,0.4,-0.2,-0.13292548650896469,-0.10058688888061054,0.5421185671356893
4201,84,47,0.4,-0.2,-0.1342906754819268,-0.09679518032447104,0.544167033833539
4202,84,48,0.4,-0.2,-0.13344751110925274,-0.09766104615591886,0.5431753939406287
4203,84,49,0.4,-0.2,-0.15472559648630815,-0.10390630893711293,0.562987108963589
4204,85,0,0.5,-0.2,-0.19797563552856445,0.09506586194038391,0.7577821921067591
4205,85,1,0.5,-0.2,-0.22851197719573973,0.045116963237524024,0.7686429773207011
4206,85,2,0.5,-0.2,-0.25917167723178863,0.01296907819807529,0.7884779412129834
4207,85,3,0.5,-0.2,-0.2616646526455879,-0.008040248624980451,0.7854817561456685
4208,85,4,0.5,-0.2,-0.2528683500230312,0.016224124788492916,0.7833030222123181
4209,85,5,0.5,-0.2,-0.2996806591469049,-0.011372596639916301,0.8216261034752949
4210,85,6,0.5,-0.2,-0.30386073617166276,-0.026744904054172337,0.8223195312222893
4211,85,7,0.5,-0.2,-0.3331930841964304,-0.05006041661210582,0.8465769865873364
4212,85,8,0.5,-0.2,-0.36730682493977485,-0.0618001719287575,0.8782484392619404
4213,85,9,0.5,-0.2,-0.36408179153216796,-0.06875806202293222,0.8739918699515559
4214,85,10,0.5,-0.2,-0.37509042923101826,-0.09137401287615846,0.8818065912717803
4215,85,11,0.5,-0.2,-0.34581003818029493,-0.0703306550870576,0.8556919771136712
4216,85,12,0.5,-0.2,-0.3842263307489955,-0.06999453689288765,0.8937324120940935
4217,85,13,0.5,-0.2,-0.33959414665128806,-0.05337036587240466,0.8523019304773967
4218,85,14,0.5,-0.2,-0.3546783832009456,-0.0742406247179659,0.8638811024569931
4219,85,15,0.5,-0.2,-0.35315533827812223,-0.06515671933041675,0.8637457621164883
4220,85,16,0.5,-0.2,-0.36917159702131674,-0.08272632198574806,0.8770475361253669
4221,85,17,0.5,-0.2,-0.3834124974610872,-0.08812575405766432,0.8904681283322843
4222,85,18,0.5,-0.2,-0.35991980140822394,-0.08880754367660387,0.8670789048276918
4223,85,19,0.5,-0.2,-0.340218336917878,-0.08411447420026494,0.8481723343654435
4224,85,20,0.5,-0.2,-0.3394977788890844,-0.08213379556947889,0.8477316573695732
4225,85,21,0.5,-0.2,-0.3412592648005298,-0.07651005389799435,0.8502746129345532
4226,85,22,0.5,-0.2,-0.35004905332873937,-0.0738863536890033,0.8593532712749403
4227,85,23,0.5,-0.2,-0.34091106085802586,-0.06785585482150099,0.8512305723940646
4228,85,24,0.5,-0.2,-0.3106025817014558,-0.06665457908770289,0.8214971373896217
4229,85,25,0.5,-0.2,-0.3211367858859348,-0.06590715658786488,0.8320135286096224
4230,85,26,0.5,-0.2,-0.3795346412448797,-0.07597085216130628,0.8882366884245165
4231,85,27,0.5,-0.2,-0.36581000739058844,-0.07423322290122578,0.8748967088288214
4232,85,28,0.5,-0.2,-0.3574202720086246,-0.0775057044919138,0.8661260735501305
4233,85,29,0.5,-0.2,-0.32749987986011586,-0.06645104024381074,0.8382072391840018
4234,85,30,0.5,-0.2,-0.3386217896384626,-0.07500665300587259,0.8478855128195152
4235,85,31,0.5,-0.2,-0.3248474857181152,-0.07660188440928468,0.8340266600216301
4236,85,32,0.5,-0.2,-0.3455824914255627,-0.08429157227391726,0.8534624713789728
4237,85,33,0.5,-0.2,-0.32714875776322894,-0.05303252431830076,0.8401038664221846
4238,85,34,0.5,-0.2,-0.3577935255281781,-0.07547647838946397,0.8667847713661971
4239,85,35,0.5,-0.2,-0.3512077947158474,-0.07811609516153087,0.8598897580758182
4240,85,36,0.5,-0.2,-0.3259353502382041,-0.03405812359577959,0.8424404484102472
4241,85,37,0.5,-0.2,-0.3534497047118783,-0.05265742598681233,0.8660751887622828
4242,85,38,0.5,-0.2,-0.31631783716447237,-0.03780596213262286,0.8322750249722781
4243,85,39,0.5,-0.2,-0.34138295204239044,-0.05903584912125969,0.8531097021019816
4244,85,40,0.5,-0.2,-0.3643097500558482,-0.07562642155382328,0.8732125348717287
4245,85,41,0.5,-0.2,-0.37458689554423596,-0.09740608732705618,0.8805837545487925
4246,85,42,0.5,-0.2,-0.34456486285451404,-0.0752987445450198,0.85372138937742
4247,85,43,0.5,-0.2,-0.31100039428975523,-0.06299424946203429,0.8224914681737493
4248,85,44,0.5,-0.2,-0.20709152691120344,-0.023423447667819442,0.728805671124434
4249,85,45,0.5,-0.2,-0.20304669708796447,-0.013090454410993583,0.7274681000006701
4250,85,46,0.5,-0.2,-0.21634427944373757,-0.015412060429690747,0.7397444383884071
4251,85,47,0.5,-0.2,-0.29388832417812116,-0.024010709034429915,0.813161055265751
4252,85,48,0.5,-0.2,-0.30707870580137087,-0.05644122935823485,0.8197470085253076
4253,85,49,0.5,-0.2,-0.3091034289217613,-0.05853492914879639,0.8213773340943173
4254,86,0,0.6,-0.2,-0.19131377339363098,0.12568026781082153,0.8557132257969344
4255,86,1,0.6,-0.2,-0.21897551119327546,0.1330144688487053,0.8840924863366232
4256,86,2,0.6,-0.2,-0.23042488783597945,0.1363398988544941,0.8959520198642617
4257,86,3,0.6,-0.2,-0.27327827993035314,0.14997651891410352,0.9407967463747683
4258,86,4,0.6,-0.2,-0.28706991740167137,0.12715531762987375,0.9454753514568804
4259,86,5,0.6,-0.2,-0.2711908017364144,0.13358486804947256,0.9328731302924962
4260,86,6,0.6,-0.2,-0.26907599333295223,0.13536035298813878,0.9315361767231515
4261,86,7,0.6,-0.2,-0.2635596896644264,0.13446337973730416,0.9260675407326512
4262,86,8,0.6,-0.2,-0.26431140838117206,0.11901837013125076,0.9213071860888988
4263,86,9,0.6,-0.2,-0.2904476829035636,0.09880555540692565,0.9392453544896384
4264,86,10,0.6,-0.2,-0.28248057418708894,0.11518617430587837,0.9370775252299831
4265,86,11,0.6,-0.2,-0.2697242365037543,0.12202978453519106,0.9274283959906662
4266,86,12,0.6,-0.2,-0.26745357175952195,0.12967364564575265,0.9279872907490239
4267,86,13,0.6,-0.2,-0.2786105627040088,0.1365614374729619,0.9408666866718799
4268,86,14,0.6,-0.2,-0.2764905520234519,0.13067849732208628,0.9367945112870636
4269,86,15,0.6,-0.2,-0.2850001692342569,0.13475265433130526,0.9461948209150786
4270,86,16,0.6,-0.2,-0.269537325471388,0.13728273938910668,0.9326600702709185
4271,86,17,0.6,-0.2,-0.25641317967456845,0.1337314915813163,0.919141035311445
4272,86,18,0.6,-0.2,-0.2540126687558252,0.14099075848956988,0.9195718219751728
4273,86,19,0.6,-0.2,-0.25442549808723036,0.14000619270970482,0.9195907474863808
4274,86,20,0.6,-0.2,-0.2556182042432985,0.14059105935691835,0.9209151867280693
4275,86,21,0.6,-0.2,-0.2961880849769923,0.115521448439353,0.9501088716983944
4276,86,22,0.6,-0.2,-0.2751431873321383,0.12223677815019618,0.9325835831315458
4277,86,23,0.6,-0.2,-0.257176228127469,0.12747066504472168,0.9175991077434998
4278,86,24,0.6,-0.2,-0.26269597950886936,0.12934851746459375,0.9234255784939538
4279,86,25,0.6,-0.2,-0.2632714351049848,0.13195051024843948,0.9248938922505756
4280,86,26,0.6,-0.2,-0.2724332131964218,0.13400053669356096,0.934182032582419
4281,86,27,0.6,-0.2,-0.2973340394711073,0.12195610933045498,0.9533436498601848
4282,86,28,0.6,-0.2,-0.2881657769114676,0.12182592404661541,0.9446747443777719
4283,86,29,0.6,-0.2,-0.28477823663568813,0.12170056936089768,0.9414477066472059
4284,86,30,0.6,-0.2,-0.3144341344651721,0.1321103076722344,0.9728756563596473
4285,86,31,0.6,-0.2,-0.2798034205547968,0.12658843874040088,0.938463673851478
4286,86,32,0.6,-0.2,-0.26654012184921894,0.13460364674897976,0.9288979401377608
4287,86,33,0.6,-0.2,-0.2624440811783949,0.1390296500400741,0.9266881334979643
4288,86,34,0.6,-0.2,-0.2616494939622894,0.13755822648934796,0.9254109393756395
4289,86,35,0.6,-0.2,-0.26521696469469175,0.13600691585970512,0.9281708051328948
4290,86,36,0.6,-0.2,-0.2822425581504734,0.14439870020213535,0.9470809870928736
4291,86,37,0.6,-0.2,-0.28396310828555443,0.11463438441677856,0.9382886403805515
4292,86,38,0.6,-0.2,-0.2721167405019221,0.12253103881306228,0.9298461593519275
4293,86,39,0.6,-0.2,-0.26292554633806264,0.12586564233361427,0.9224038786650579
4294,86,40,0.6,-0.2,-0.27013695704830765,0.1360242842368396,0.9327650527427412
4295,86,41,0.6,-0.2,-0.27325478223487887,0.13600292852644902,0.9356665445950474
4296,86,42,0.6,-0.2,-0.27200427372522756,0.13754223918703543,0.9350541249737683
4297,86,43,0.6,-0.2,-0.25240541799353877,0.14217514986844004,0.9185199125834066
4298,86,44,0.6,-0.2,-0.25577073705634595,0.14127823349372345,0.921311232460865
4299,86,45,0.6,-0.2,-0.25662290343352934,0.14486381158803957,0.9234358923227538
4300,86,46,0.6,-0.2,-0.2819136242280021,0.10364868296337663,0.9327240552619853
4301,86,47,0.6,-0.2,-0.268538426572753,0.11745938000288383,0.9247375067473411
4302,86,48,0.6,-0.2,-0.26325686757790157,0.12311498955930017,0.9217460148535047
4303,86,49,0.6,-0.2,-0.26920608172336197,0.1319713795704774,0.9304430177924954
4304,87,0,0.8,-0.2,-0.02182837948203087,0.3608824610710144,0.9949829247073233
4305,87,1,0.8,-0.2,0.020955752208828927,0.24893059926107525,0.8991377107926347
4306,87,2,0.8,-0.2,0.04287234928458929,0.1476652497332543,0.8331346862002104
4307,87,3,0.8,-0.2,0.009802602384239429,0.19920639415550973,0.8853121891928093
4308,87,4,0.8,-0.2,0.009156223493441935,0.1227014790373854,0.854148771240743
4309,87,5,0.8,-0.2,0.03439365446601063,0.11726218325679189,0.828739023605608
4310,87,6,0.8,-0.2,0.017076358288761223,0.20364135706374326,0.8808494615328142
4311,87,7,0.8,-0.2,0.0013712701083872427,0.19149703823292746,0.8894255332254887
4312,87,8,0.8,-0.2,0.006995431563969214,0.21051816175316915,0.8929621529995639
4313,87,9,0.8,-0.2,0.011354848382076652,0.16342932851070763,0.8683559477496547
4314,87,10,0.8,-0.2,-0.028279418750563542,0.15022911364503921,0.8992815062984233
4315,87,11,0.8,-0.2,-0.021556605277231827,0.10350701757910603,0.8758263328962045
4316,87,12,0.8,-0.2,-0.026560289476752326,0.11962577784111031,0.8862068325173462
4317,87,13,0.8,-0.2,-0.03290297907601598,0.08263266172965317,0.8795502225740671
4318,87,14,0.8,-0.2,0.005233683681412915,0.06313095339508815,0.8371925681641139
4319,87,15,0.8,-0.2,-0.024557095818572176,0.06965430894355351,0.8675297404680622
4320,87,16,0.8,-0.2,-0.014615629799164387,0.014378871502501382,0.8423520195617599
4321,87,17,0.8,-0.2,0.005071463901899321,0.03402385655782206,0.8286606922868163
4322,87,18,0.8,-0.2,-0.018245489494630254,-0.006062990371196387,0.8409145288208961
4323,87,19,0.8,-0.2,0.002537200582385074,-0.0063834580947123385,0.8206304172734162
4324,87,20,0.8,-0.2,-0.020802660969245428,0.06479229577199482,0.8624569369854924
4325,87,21,0.8,-0.2,-0.03855798858517766,0.06940151386927668,0.8807705012630005
4326,87,22,0.8,-0.2,-0.06716266227444065,0.1519712944172797,0.935871185012484
4327,87,23,0.8,-0.2,-0.06040655006345149,0.17938511595528167,0.9403363747088024
4328,87,24,0.8,-0.2,-0.05816488291385993,0.14789050884823587,0.9259993371559417
4329,87,25,0.8,-0.2,-0.04145450743927814,0.14047597991870256,0.907727702007314
4330,87,26,0.8,-0.2,-0.04520654725060841,0.09223526868435232,0.8943017163006626
4331,87,27,0.8,-0.2,-0.03462555888213899,0.07841930011658611,0.879839263852627
4332,87,28,0.8,-0.2,-0.05533626072647899,0.055749370009443355,0.8927529664883688
4333,87,29,0.8,-0.2,-0.09087371255089752,0.06173938249103112,0.9285275849758076
4334,87,30,0.8,-0.2,-0.08731540190767187,0.127892778458062,0.9459610439270324
4335,87,31,0.8,-0.2,-0.07688336934460854,0.11601541345249039,0.9320891507644006
4336,87,32,0.8,-0.2,-0.11642705357143837,0.0977315462723503,0.9635780290995393
4337,87,33,0.8,-0.2,-0.09829577524710387,0.05836185527012652,0.9347117994790786
4338,87,34,0.8,-0.2,-0.08442581845794203,0.11861727037545178,0.9400670153433235
4339,87,35,0.8,-0.2,-0.07855580506157733,0.1628983942564457,0.9505553887918909
4340,87,36,0.8,-0.2,-0.04876679683926006,0.10719332330199982,0.9026476684167001
4341,87,37,0.8,-0.2,-0.04558587984384706,0.09880953965525859,0.896829204018402
4342,87,38,0.8,-0.2,-0.0552254390348904,0.07534058535157365,0.8984558918022456
4343,87,39,0.8,-0.2,-0.048321846638216454,0.1383893097523958,0.913322112093196
4344,87,40,0.8,-0.2,-0.026411092489824404,0.11938147182850811,0.8859795812193243
4345,87,41,0.8,-0.2,0.03157832190701763,0.11195757791312674,0.8293306974787921
4346,87,42,0.8,-0.2,-0.0015790601500215128,0.05670226006148753,0.841679891640324
4347,87,43,0.8,-0.2,0.007464300051347474,0.025207487959732093,0.8239121605646039
4348,87,44,0.8,-0.2,-0.005123710067559042,0.02494788977339728,0.83595797838555
4349,87,45,0.8,-0.2,-0.0020666651944737935,0.09890786974613272,0.8559537662820085
4350,87,46,0.8,-0.2,-0.028643755427429567,0.12186359681972941,0.8889581814498403
4351,87,47,0.8,-0.2,-0.035483417975903195,0.07243762473565693,0.8787802917022574
4352,87,48,0.8,-0.2,-0.019668184367418733,0.022248969149705256,0.8492647035832158
4353,88,0,1.0,-0.2,0.22828614711761475,0.198687344789505,0.8686160657194186
4354,88,1,1.0,-0.2,0.24641162157058716,0.20885036438703536,0.8573529404879203
4355,88,2,1.0,-0.2,0.25425314009189603,0.22616300120949742,0.8589256560743097
4356,88,3,1.0,-0.2,0.23676213592290876,0.2037930423468351,0.8634702416462732
4357,88,4,1.0,-0.2,0.21646414378285406,0.18194377413541074,0.8716705137715384
4358,88,5,1.0,-0.2,0.23004695400893688,0.1942087962608039,0.8650018890616992
4359,88,6,1.0,-0.2,0.2270098362138867,0.21581788043840225,0.877734756633442
4360,88,7,1.0,-0.2,0.2297195815682113,0.20388248042726959,0.8697430545945942
4361,88,8,1.0,-0.2,0.21432362065193947,0.2421153330159695,0.9015283360789605
4362,88,9,1.0,-0.2,0.18344703089033093,0.2655108074691651,0.9399250306446841
4363,88,10,1.0,-0.2,0.20103093226337598,0.26373610300250155,0.9237979997964256
4364,88,11,1.0,-0.2,0.048655945735264966,0.22350109797417234,1.0413494560281829
4365,88,12,1.0,-0.2,0.08998185204859813,0.2593125008264122,1.0193630378899916
4366,88,13,1.0,-0.2,0.11973457798537976,0.2663091800514118,0.9961483145570229
4367,88,14,1.0,-0.2,0.16526467587177113,0.24063393298112146,0.9438968822079405
4368,88,15,1.0,-0.2,0.19349788218673972,0.23633443292305817,0.9169696850995461
4369,88,16,1.0,-0.2,0.20201468679265017,0.24032575968333247,0.9114095318435812
4370,88,17,1.0,-0.2,0.18069821446209233,0.28169487872123433,0.9504132637815343
4371,88,18,1.0,-0.2,0.19743186428495602,0.23265843039631642,0.911761443502699
4372,88,19,1.0,-0.2,0.20321113900387136,0.2139542471579299,0.8979034512393839
4373,88,20,1.0,-0.2,0.20176369076203002,0.21190023619414466,0.898244404359219
4374,88,21,1.0,-0.2,0.16408959043683097,0.20437173087335397,0.9285810193761109
4375,88,22,1.0,-0.2,0.16980705866081555,0.21695948667581616,0.9290185861318204
4376,88,23,1.0,-0.2,0.11725982336902745,0.22244855283775938,0.9786179025713754
4377,88,24,1.0,-0.2,0.136230991443921,0.24704263173893398,0.972596532347316
4378,88,25,1.0,-0.2,0.13198698318267882,0.27502768133430394,0.9894937571294485
4379,88,26,1.0,-0.2,0.1286895871598076,0.23039182847782072,0.9718122048751129
4380,88,27,1.0,-0.2,0.13867057862947244,0.2676160085025516,0.9800781109311371
4381,88,28,1.0,-0.2,0.13913236113537253,0.2701541010018349,0.9808863187613549
4382,88,29,1.0,-0.2,0.16078281836215885,0.2593599718246174,0.9567115875073712
4383,88,30,1.0,-0.2,0.16668428486141523,0.2424306415521421,0.9434828846784509
4384,88,31,1.0,-0.2,0.1993240639953521,0.22558128636105088,0.9067532110765563
4385,88,32,1.0,-0.2,0.17415976676067657,0.24375673990166447,0.9375138052556526
4386,88,33,1.0,-0.2,0.15822717877134346,0.26644762955607354,0.9623694060378956
4387,88,34,1.0,-0.2,0.13974307633770766,0.2677536430135465,0.9792014324240725
4388,88,35,1.0,-0.2,0.1399633254620759,0.24603284254894328,0.9688180315118735
4389,88,36,1.0,-0.2,0.17312351228886144,0.2549327134952741,0.9437629467920859
4390,88,37,1.0,-0.2,0.19041935159231532,0.2596453511621612,0.9309643790828914
4391,88,38,1.0,-0.2,0.14409015265530065,0.16979589971246722,0.932379039997028
4392,88,39,1.0,-0.2,0.13729687736628451,0.2448324137790966,0.9706351292584156
4393,88,40,1.0,-0.2,0.022790140354023367,0.24086362885482882,1.0720540327037427
4394,88,41,1.0,-0.2,0.051938072602321896,0.27758864697747865,1.0615612718551761
4395,88,42,1.0,-0.2,0.08098095559304866,0.30223674074663126,1.047300218532616
4396,88,43,1.0,-0.2,0.09638233415542183,0.3228170518785455,1.0439648249636466
4397,88,44,1.0,-0.2,0.1548341105638017,0.2874436384734329,0.9756570510966951
4398,88,45,1.0,-0.2,0.16040960383222985,0.3070724640695027,0.9808335828032554
4399,88,46,1.0,-0.2,0.16817975642546557,0.2710968563045502,0.9559587677512184
4400,88,47,1.0,-0.2,0.16234993757392147,0.24479628119466784,0.9484204546755723
4401,88,48,1.0,-0.2,0.1632770525923334,0.23872727214811895,0.9447681779384308
4402,88,49,1.0,-0.2,0.16174544187959766,0.25875030201338783,0.9555744574898419
4403,89,0,-0.5,-0.1,-0.222063809633255,-0.18117816746234894,0.2895486501231264
4404,89,1,-0.5,-0.1,-0.20931415259838104,-0.1831464797258377,0.3023435115400965
4405,89,2,-0.5,-0.1,-0.181719096750021,-0.1829973167181015,0.32892444110468194
4406,89,3,-0.5,-0.1,-0.18679240502417085,-0.18190413308143616,0.32373953197959104
4407,89,4,-0.5,-0.1,-0.19746117701381444,-0.1794959442257881,0.3128087987288979
4408,89,5,-0.5,-0.1,-0.19417861240282652,-0.17847161347746848,0.3157285467511891
4409,89,6,-0.5,-0.1,-0.20694752728961407,-0.1732732141867876,0.30207402350903056
4410,89,7,-0.5,-0.1,-0.25252309776560217,-0.17530767166603803,0.2586813919695298
4411,89,8,-0.5,-0.1,-0.2646659665907524,-0.17440139930240747,0.24681506335477404
4412,89,9,-0.5,-0.1,-0.2769678004109434,-0.1727387257074784,0.2345938709154196
4413,89,10,-0.5,-0.1,-0.30261268489226695,-0.17030376427956714,0.20953370000388108
4414,89,11,-0.5,-0.1,-0.3064385274138599,-0.17012852592778013,0.2058738784268621
4415,89,12,-0.5,-0.1,-0.2725751850367173,-0.17324910128571852,0.2389298585364517
4416,89,13,-0.5,-0.1,-0.24637167030100116,-0.17700871174654148,0.2650616368144699
4417,89,14,-0.5,-0.1,-0.2272812938835905,-0.17801474324449446,0.28365787989991204
4418,89,15,-0.5,-0.1,-0.23427727533406817,-0.17602436447252018,0.27638428030070233
4419,89,16,-0.5,-0.1,-0.2377079735112067,-0.17600304477290735,0.2730816177891701
4420,89,17,-0.5,-0.1,-0.25183981725954147,-0.1753557544451306,0.25934911996336635
4421,89,18,-0.5,-0.1,-0.2359433029946505,-0.1777459402929688,0.27526418304133365
4422,89,19,-0.5,-0.1,-0.23595903400577833,-0.17774639120058824,0.2752492199223762
4423,89,20,-0.5,-0.1,-0.23877020039954194,-0.18025231920927393,0.27327905689562576
4424,89,21,-0.5,-0.1,-0.2163974886254359,-0.18334122989847995,0.2955945619576772
4425,89,22,-0.5,-0.1,-0.20405146992019035,-0.18203556781999583,0.30710807030091075
4426,89,23,-0.5,-0.1,-0.2365466451750979,-0.17802542321080583,0.2747646935756505
4427,89,24,-0.5,-0.1,-0.22972047401217116,-0.18138414383467266,0.2822665425372057
4428,89,25,-0.5,-0.1,-0.2559053873114113,-0.17852198613062858,0.25641349857113754
4429,89,26,-0.5,-0.1,-0.26566934412366416,-0.17924872311614704,0.24736858409865523
4430,89,27,-0.5,-0.1,-0.26924662468783445,-0.17998989712063396,0.24422429006822138
4431,89,28,-0.5,-0.1,-0.24673266683585118,-0.18058161242410287,0.26577761062389793
4432,89,29,-0.5,-0.1,-0.20074673426346648,-0.18024230462832572,0.30982469963843323
4433,89,30,-0.5,-0.1,-0.224659158314642,-0.1818915891028079,0.28726087701910347
4434,89,31,-0.5,-0.1,-0.21040830956673987,-0.1832607409520589,0.3013232452896375
4435,89,32,-0.5,-0.1,-0.2137856638704087,-0.17789193240946033,0.2966240033115705
4436,89,33,-0.5,-0.1,-0.22844830348015246,-0.17815086616776235,0.2825736749337753
4437,89,34,-0.5,-0.1,-0.2254730536117583,-0.18055077157011917,0.28610045629777325
4438,89,35,-0.5,-0.1,-0.04473174427967276,-0.13343119132631923,0.45649406263403497
4439,89,36,-0.5,-0.1,-0.09872056812559271,-0.15012587860901885,0.40439805408999335
4440,89,37,-0.5,-0.1,-0.13519387582302383,-0.15892790435727253,0.3695348510613948
4441,89,38,-0.5,-0.1,-0.15171702799749576,-0.16755593990567397,0.3547743418053738
4442,89,39,-0.5,-0.1,-0.15622986970629832,-0.16526163739659536,0.3499099652736877
4443,89,40,-0.5,-0.1,-0.19408001832962612,-0.16635883635171952,0.31303439163637625
4444,89,41,-0.5,-0.1,-0.1940832210874598,-0.17000952611488193,0.3138254441039705
4445,89,42,-0.5,-0.1,-0.2117001197047262,-0.17001403595095338,0.29667960194191073
4446,89,43,-0.5,-0.1,-0.23731306760659415,-0.17066393154422266,0.27202539526953057
4447,89,44,-0.5,-0.1,-0.25591393508916516,-0.1734205737738994,0.2548893637187415
4448,89,45,-0.5,-0.1,-0.2453576568651576,-0.17303352788293672,0.264908699578233
4449,89,46,-0.5,-0.1,-0.23684904781201135,-0.1765096909268997,0.27404772657910303
4450,89,47,-0.5,-0.1,-0.25704271758648806,-0.1764652965987733,0.25470607111275806
4451,89,48,-0.5,-0.1,-0.2316837153388772,-0.1710149960684287,0.27755496443217803
4452,90,0,-0.4,-0.1,0.032234013080596924,-0.025989510118961334,0.4385245656473409
4453,90,1,-0.4,-0.1,0.04419637247920036,-0.03227651417255401,0.44932937568814796
4454,90,2,-0.4,-0.1,0.05072986550629138,-0.03686320580542087,0.45513038400055006
4455,90,3,-0.4,-0.1,0.052851653121411796,-0.04330487222224473,0.45638685043341415
4456,90,4,-0.4,-0.1,0.06716325478330254,-0.03839574115499853,0.4712075883594945
4457,90,5,-0.4,-0.1,0.08196792992554605,-0.036449481918588274,0.48613964436685464
4458,90,6,-0.4,-0.1,0.1302011618497148,-0.02915775695758312,0.5349129793023052
4459,90,7,-0.4,-0.1,0.128593890283259,-0.02943587545079067,0.5332830360307614
4460,90,8,-0.4,-0.1,0.13003202864490604,-0.028284519741589347,0.5348617218479268
4461,90,9,-0.4,-0.1,0.1006121599403407,-0.023285650809117316,0.5064559468027934
4462,90,10,-0.4,-0.1,0.07492734090578258,-0.032321051527714445,0.47972535810206207
4463,90,11,-0.4,-0.1,0.07175809534653216,-0.043147135316092766,0.4751714940395251
4464,90,12,-0.4,-0.1,0.06720832561040851,-0.0404680679014636,0.4709858495316672
4465,90,13,-0.4,-0.1,0.05595690411537342,-0.038836593860379756,0.460040933679902
4466,90,14,-0.4,-0.1,0.07178481724407887,-0.03915925378977689,0.47569161247750175
4467,90,15,-0.4,-0.1,0.07158870289308458,-0.03324755319720112,0.4762896113191453
4468,90,16,-0.4,-0.1,0.08137351302015622,-0.031610122592607356,0.48620739851339645
4469,90,17,-0.4,-0.1,0.09148964975670464,-0.030813284481516927,0.4963354484843932
4470,90,18,-0.4,-0.1,0.08223404622154276,-0.03119976389951111,0.4871171807919364
4471,90,19,-0.4,-0.1,0.0851724110072234,-0.03228535240374625,0.4898750268197461
4472,90,20,-0.4,-0.1,0.10299260650254935,-0.03043099346099132,0.5077808669761525
4473,90,21,-0.4,-0.1,0.09792328366562082,-0.02954542571441813,0.5028831310096978
4474,90,22,-0.4,-0.1,0.08612527740247097,-0.027845052916760624,0.4914510369489666
4475,90,23,-0.4,-0.1,0.10808374687605035,-0.02725140129751838,0.5132654795062505
4476,90,24,-0.4,-0.1,0.10815624712110611,-0.030166962123501437,0.5129321833023027
4477,90,25,-0.4,-0.1,0.09840346969903246,-0.03417210788886914,0.5027318668911184
4478,90,26,-0.4,-0.1,0.09760744565147672,-0.030091009119677724,0.5024942158609315
4479,90,27,-0.4,-0.1,0.1005350978214836,-0.027854334295461303,0.505707802224875
4480,90,28,-0.4,-0.1,0.10464108280614087,-0.03134357537971815,0.509290022577897
4481,90,29,-0.4,-0.1,0.10930271426431883,-0.028600520509509404,0.5142831325529892
4482,90,30,-0.4,-0.1,0.12278292015904965,-0.026872915533800633,0.52787266655184
4483,90,31,-0.4,-0.1,0.12019633730252928,-0.02701351767314851,0.5252915913522839
4484,90,32,-0.4,-0.1,0.11216841798027596,-0.024656871908638533,0.5176804760921645
4485,90,33,-0.4,-0.1,0.11776828430791864,-0.02276511362951354,0.523497109741618
4486,90,34,-0.4,-0.1,0.12040332321216779,-0.022962479891706994,0.526074517834407
4487,90,35,-0.4,-0.1,0.12572216942631287,-0.020758795113991344,0.5316605759110744
4488,90,36,-0.4,-0.1,0.13462182847962934,-0.022243494327010165,0.5402467710790838
4489,90,37,-0.4,-0.1,0.12565482162251385,-0.02105836302002173,0.5315494083752474
4490,90,38,-0.4,-0.1,0.1573730593122047,-0.038776404022891627,0.5607254728932998
4491,90,39,-0.4,-0.1,0.1605650970973473,-0.031526115675075364,0.5647317070240536
4492,90,40,-0.4,-0.1,0.14517630390788422,-0.030465337507439114,0.5495928234890046
4493,90,41,-0.4,-0.1,0.13107483885413124,-0.03000114685372384,0.5356681098457658
4494,90,42,-0.4,-0.1,0.14845196119157472,-0.02812740532808612,0.553141232959321
4495,90,43,-0.4,-0.1,0.142668463765041,-0.024607427465688954,0.5478805540977439
4496,90,44,-0.4,-0.1,0.12850931022059836,-0.024598349291523533,0.5338609368734669
4497,90,45,-0.4,-0.1,0.14398436062976064,-0.02677891580850697,0.5488900725827961
4498,90,46,-0.4,-0.1,0.1453003378650649,-0.026272108530139636,0.5502619925602217
4499,90,47,-0.4,-0.1,0.1325358030059708,-0.02612370924412707,0.5376356459713776
4500,90,48,-0.4,-0.1,0.14404192008586136,-0.023257087962147094,0.5494279619374686
4501,91,0,-0.3,-0.1,-0.14377957582473755,0.10511468350887299,0.2578310577111378
4502,91,1,-0.3,-0.1,-0.15194172114133836,0.10665178373456,0.2542168634439198
4503,91,2,-0.3,-0.1,-0.16310517206788064,0.11124703340232371,0.2517250544460107
4504,91,3,-0.3,-0.1,-0.1318304403424263,0.1145074549987912,0.2725700809800677
4505,91,4,-0.3,-0.1,-0.13549234367012977,0.14619149054810404,0.29609630022923944
4506,91,5,-0.3,-0.1,-0.13324950166165828,0.1247560791672021,0.27985893557058156
4507,91,6,-0.3,-0.1,-0.13523924618297814,0.1428149063140675,0.29343684964002503
4508,91,7,-0.3,-0.1,-0.12445431538953183,0.12674397882077765,0.2867562018803346
4509,91,8,-0.3,-0.1,-0.14032062900040207,0.14543887982147505,0.29281008392958
4510,91,9,-0.3,-0.1,-0.04747056373339455,0.18193983740175068,0.3784985972170242
4511,91,10,-0.3,-0.1,-0.07123391812907748,0.17773056720291586,0.3598168814458641
4512,91,11,-0.3,-0.1,-0.06619281547871197,0.17582924550986792,0.3615903375538603
4513,91,12,-0.3,-0.1,-0.08583489740217601,0.15977117787154071,0.33667158481746584
4514,91,13,-0.3,-0.1,-0.09181666850077522,0.17440885860965735,0.34444233363158344
4515,91,14,-0.3,-0.1,-0.13818591868201086,0.1357654982951508,0.2859530854863181
4516,91,15,-0.3,-0.1,-0.18258614266637396,0.1425462641222336,0.2694711564038225
4517,91,16,-0.3,-0.1,-0.05617772387769225,0.19495016480804886,0.3826812015944317
4518,91,17,-0.3,-0.1,-0.09226090404505016,0.23847828608478092,0.39714365428528586
4519,91,18,-0.3,-0.1,-0.007148258737525712,0.2600769312303015,0.4641309500180897
4520,91,19,-0.3,-0.1,0.08438754876826111,0.2846374926750386,0.5437828504278271
4521,91,20,-0.3,-0.1,0.1391682233439061,0.2995928786644505,0.5937534817366423
4522,91,21,-0.3,-0.1,0.16070874275945835,0.3058486584538635,0.6139753083176892
4523,91,22,-0.3,-0.1,0.16228613574830936,0.3006251993378094,0.6117262636584797
4524,91,23,-0.3,-0.1,0.10727821996976704,0.2855947722812557,0.5608554866205513
4525,91,24,-0.3,-0.1,0.08077090281068126,0.2551987336947565,0.5207231710281576
4526,91,25,-0.3,-0.1,0.014828612987927474,0.26382586626329335,0.48113024901593754
4527,91,26,-0.3,-0.1,0.02123798892827065,0.2546884063649458,0.47853705304854366
4528,91,27,-0.3,-0.1,0.009647280610122898,0.2537452360627847,0.4701245903229903
4529,91,28,-0.3,-0.1,0.04159092127836052,0.2545079913185495,0.49230099878886274
4530,91,29,-0.3,-0.1,0.028951195788278303,0.2341605204852939,0.46890525979299985
4531,91,30,-0.3,-0.1,-0.027664755246712882,0.18095875257837415,0.3912854535824567
4532,91,31,-0.3,-0.1,-0.031705564382843054,0.1837201032262181,0.39048559660738397
4533,91,32,-0.3,-0.1,-0.037311120118916345,0.18954624824273528,0.39095073536779806
4534,91,33,-0.3,-0.1,-0.08742379277979753,0.18940569872442442,0.35908815398213684
4535,91,34,-0.3,-0.1,-0.05233493363881901,0.20159103115745874,0.39025009310736547
4536,91,35,-0.3,-0.1,0.0007231636224453025,0.2113508025630707,0.4328668887727037
4537,91,36,-0.3,-0.1,0.014854823536156124,0.2175924671567555,0.447211957687514
4538,91,37,-0.3,-0.1,0.04545828823301688,0.22676142305274338,0.47551493825571883
4539,91,38,-0.3,-0.1,-0.0016457951383049563,0.24316678121783009,0.4547292285416238
4540,91,39,-0.3,-0.1,-0.05649655177408245,0.21397005789049833,0.39732999704235145
4541,91,40,-0.3,-0.1,-0.0762894620989725,0.2436113128145323,0.410018461855187
4542,91,41,-0.3,-0.1,-0.0638703867143865,0.22708246592242023,0.40341062676174577
4543,91,42,-0.3,-0.1,-0.10264172206744879,0.21872695424647082,0.3748828633476516
4544,91,43,-0.3,-0.1,-0.14412016506292152,0.2027931958133346,0.3405616572235683
4545,91,44,-0.3,-0.1,-0.14771447911568888,0.21032443193456096,0.3456763412883703
4546,91,45,-0.3,-0.1,-0.1194893169829834,0.22657189650835985,0.373139799903919
4547,91,46,-0.3,-0.1,-0.12099837774045387,0.2216588871523904,0.3681114239678843
4548,91,47,-0.3,-0.1,-0.15315068026189985,0.21408215580300657,0.34671648836103375
4549,91,48,-0.3,-0.1,-0.050995378512774775,0.2350868105147413,0.4174763132238025
4550,92,0,-0.2,-0.1,-0.09322866797447205,-0.15557149052619934,0.12036738720188703
4551,92,1,-0.2,-0.1,-0.062420804053545,-0.15438927114009857,0.14793994718271403
4552,92,2,-0.2,-0.1,-0.04301908984780311,-0.1480534079670906,0.16417105764861162
4553,92,3,-0.2,-0.1,-0.028945294395089142,-0.12619965171813965,0.1730495133183984
4554,92,4,-0.2,-0.1,-0.027309729941189284,-0.12196699283719062,0.17408181452206362
4555,92,5,-0.2,-0.1,0.012813016522675753,-0.10909158564150333,0.21300712882661335
4556,92,6,-0.2,-0.1,-0.015513426240161061,-0.12078631027120351,0.1856538892464557
4557,92,7,-0.2,-0.1,-0.07836969626259058,-0.13758473021293283,0.12730492029938756
4558,92,8,-0.2,-0.1,0.011026744518499838,-0.1013350410585922,0.21103096748274727
4559,92,9,-0.2,-0.1,0.016833475362931574,-0.08985055971421056,0.2170708805346352
4560,92,10,-0.2,-0.1,-0.012518958953845083,-0.10159615866138615,0.1874878355366618
4561,92,11,-0.2,-0.1,0.02241927490087419,-0.09374498734132303,0.22250721118829128
4562,92,12,-0.2,-0.1,0.058320266741677604,-0.08691111615776118,0.25865165588050487
4563,92,13,-0.2,-0.1,0.05811548299264425,-0.10410736489331093,0.2581481609597342
4564,92,14,-0.2,-0.1,0.08120300816168446,-0.10208533472443379,0.28121074022891324
4565,92,15,-0.2,-0.1,0.07296006071238757,-0.09298627437787582,0.2730501549005471
4566,92,16,-0.2,-0.1,-0.008927721466935393,-0.10506017012542615,0.19113927107090078
4567,92,17,-0.2,-0.1,-0.05867979633850028,-0.10940493446789473,0.14163280960029406
4568,92,18,-0.2,-0.1,-0.053808792016203394,-0.11694441449186804,0.14716991022024137
4569,92,19,-0.2,-0.1,-0.03240903815319799,-0.1098205285576892,0.1678784479136278
4570,92,20,-0.2,-0.1,-0.04505181034886304,-0.112129119646106,0.15542218959837834
4571,92,21,-0.2,-0.1,0.02348697975935117,-0.07678607489599554,0.2246893776765848
4572,92,22,-0.2,-0.1,0.06492568509740733,-0.06708244726214446,0.26696288862420586
4573,92,23,-0.2,-0.1,0.060947551279010095,-0.06297843465315844,0.2635606587092278
4574,92,24,-0.2,-0.1,0.08258080558391333,-0.04791162024066132,0.2873414536581983
4575,92,25,-0.2,-0.1,0.010843641097231148,-0.08862473494894998,0.21115027266409028
4576,92,26,-0.2,-0.1,-0.04078423522470553,-0.09556347875755417,0.15927756425095335
4577,92,27,-0.2,-0.1,0.013673815331948683,-0.07203349172346761,0.21549622953474862
4578,92,28,-0.2,-0.1,0.027069693795308488,-0.07978539406747698,0.22796770853193737
4579,92,29,-0.2,-0.1,-0.046679683333609986,-0.10338694619778549,0.153357722033254
4580,92,30,-0.2,-0.1,-0.038267370526176826,-0.11768496421327818,0.16269665453149892
4581,92,31,-0.2,-0.1,0.00864006750292828,-0.09421723344569842,0.20872019106125794
4582,92,32,-0.2,-0.1,-0.04359658389533484,-0.10101523852399794,0.1564067111043182
4583,92,33,-0.2,-0.1,-0.06541213771175788,-0.10988153119123245,0.13495012906256196
4584,92,34,-0.2,-0.1,-0.06284903775980087,-0.1192324237969059,0.13849286107419514
4585,92,35,-0.2,-0.1,-0.1119560579849383,-0.1217723795635081,0.09069604311880985
4586,92,36,-0.2,-0.1,-0.12913778436930679,-0.1192620216512485,0.07343350108897184
4587,92,37,-0.2,-0.1,-0.039094910114270354,-0.08633577205540365,0.16148423785762073
4588,92,38,-0.2,-0.1,-0.0587791145468586,-0.08740698113502202,0.14178124915623708
4589,92,39,-0.2,-0.1,0.014067963914336429,-0.0714224382750471,0.21596705815603717
4590,92,40,-0.2,-0.1,-0.01190319800438169,-0.09011202734297472,0.18835652079034834
4591,92,41,-0.2,-0.1,0.047701047849226214,-0.07711057106266589,0.2487563769286768
4592,92,42,-0.2,-0.1,0.09812238801926151,-0.051412909809272676,0.3020557292479469
4593,92,43,-0.2,-0.1,0.10767742686059914,-0.06146728888994936,0.31008090690181167
4594,92,44,-0.2,-0.1,0.11097411970109532,-0.07226420419506767,0.31220854807772974
4595,92,45,-0.2,-0.1,0.01832002959517194,-0.08727088579500493,0.21869079923691478
4596,92,46,-0.2,-0.1,0.025834185066891585,-0.07745211093401257,0.22695701453394015
4597,92,47,-0.2,-0.1,0.048234893657913815,-0.07166638971013566,0.24984666477944767
4598,92,48,-0.2,-0.1,0.03169781592459053,-0.084058883790671,0.23224555343477465
4599,92,49,-0.2,-0.1,0.005008052924070749,-0.09302090317323745,0.2051268133527061
4600,93,0,-0.1,-0.1,0.05634564906358719,-0.2654971182346344,0.22766918571709024
4601,93,1,-0.1,-0.1,0.06205743998289108,-0.2737547099590302,0.23759905952413835
4602,93,2,-0.1,-0.1,0.059432228803634635,-0.27807432889938355,0.23901694959617473
4603,93,3,-0.1,-0.1,0.07970256137847899,-0.2835974607467651,0.2569066720788815
4604,93,4,-0.1,-0.1,0.0769148885667324,-0.28392760748863216,0.25520235616677145
4605,93,5,-0.1,-0.1,0.11011676128923892,-0.28862415012359616,0.28236168894615987
4606,93,6,-0.1,-0.1,0.09837040573710201,-0.29334265271472926,0.27700577472513255
4607,93,7,-0.1,-0.1,0.07320771703370212,-0.291033010639286,0.2578653222012153
4608,93,8,-0.1,-0.1,0.07174445924633203,-0.2993157850407314,0.2631025302961149
4609,93,9,-0.1,-0.1,0.08804881588847857,-0.3047279718212213,0.27798543055903074
4610,93,10,-0.1,-0.1,0.08991998519859706,-0.30226587373856184,0.2774546529742458
4611,93,11,-0.1,-0.1,0.08848024443242347,-0.29797329587926896,0.2733463524955229
4612,93,12,-0.1,-0.1,0.06683123831766224,-0.27923127818339366,0.24486019104349663
4613,93,13,-0.1,-0.1,0.046684970904113485,-0.26513240353031264,0.22087370007503979
4614,93,14,-0.1,-0.1,0.06314396268537158,-0.2819185776614578,0.24435695500446422
4615,93,15,-0.1,-0.1,0.09199028198408445,-0.29236328067108014,0.27177913850564217
4616,93,16,-0.1,-0.1,0.08805192822358163,-0.3028591327191076,0.27661409117424873
4617,93,17,-0.1,-0.1,0.06958386023738787,-0.30674922830109563,0.2674021859598617
4618,93,18,-0.1,-0.1,0.06162138162979646,-0.2963729675250385,0.2543301267536234
4619,93,19,-0.1,-0.1,0.06645266404003317,-0.2988984855955833,0.2593590116773285
4620,93,20,-0.1,-0.1,0.10608155661002089,-0.2770490418933029,0.2716909479724081
4621,93,21,-0.1,-0.1,0.1288401593091359,-0.29499944644605486,0.30065362566730924
4622,93,22,-0.1,-0.1,0.14815070197240404,-0.3030439557453469,0.3206331530801444
4623,93,23,-0.1,-0.1,0.14607151921271408,-0.2990300763919287,0.3164872254550412
4624,93,24,-0.1,-0.1,0.1816160649356781,-0.30620007380764014,0.3490359271882084
4625,93,25,-0.1,-0.1,0.16941785307807494,-0.3034687664652291,0.33761741436732956
4626,93,26,-0.1,-0.1,0.14439491201895413,-0.29896648114731866,0.31514525800160575
4627,93,27,-0.1,-0.1,0.09702185480416373,-0.29815855989920764,0.27943590701948245
4628,93,28,-0.1,-0.1,0.12088066520327714,-0.3011684354051686,0.2987591131062041
4629,93,29,-0.1,-0.1,0.13041894860490233,-0.30956918747557355,0.3114677129581182
4630,93,30,-0.1,-0.1,0.13004531025088678,-0.31274166629645433,0.3133366581602266
4631,93,31,-0.1,-0.1,0.12151270475425119,-0.31811652728074036,0.31087408679488554
4632,93,32,-0.1,-0.1,0.1081364028802162,-0.31808423900313443,0.3014655826217844
4633,93,33,-0.1,-0.1,0.0917350762789897,-0.3130277835587172,0.28660630845054624
4634,93,34,-0.1,-0.1,0.07422272459604505,-0.3007693509540613,0.26582304273366597
4635,93,35,-0.1,-0.1,0.09660287665483072,-0.30292737823696525,0.28254594661237475
4636,93,36,-0.1,-0.1,0.09320719641456703,-0.2979934358535221,0.27664132263177865
4637,93,37,-0.1,-0.1,0.06920001503235886,-0.29647604333923333,0.2592903405319812
4638,93,38,-0.1,-0.1,0.05346463290338469,-0.2879390974372253,0.24263655515542062
4639,93,39,-0.1,-0.1,0.07172428361812558,-0.28915881531146537,0.2554805021800989
4640,93,40,-0.1,-0.1,0.08257414678302932,-0.2955209989517446,0.2675103364444807
4641,93,41,-0.1,-0.1,0.12478353724576302,-0.3024017120816967,0.3024799029197136
4642,93,42,-0.1,-0.1,0.096026363243541,-0.29794056651920703,0.27857997587844197
4643,93,43,-0.1,-0.1,0.10240612858426235,-0.3052293132399662,0.28824869800472147
4644,93,44,-0.1,-0.1,0.11378740771337512,-0.3117497344273925,0.30090364857687607
4645,93,45,-0.1,-0.1,0.10758554515845489,-0.3152593489111483,0.29904572535380675
4646,93,46,-0.1,-0.1,0.08585713882570305,-0.3104027411276811,0.2807350878079166
4647,93,47,-0.1,-0.1,0.0756235187801459,-0.3081844320549865,0.2723680930262896
4648,93,48,-0.1,-0.1,0.07248856434096068,-0.30986505443434015,0.27165354019621074
4649,93,49,-0.1,-0.1,0.07040992519466498,-0.31076110985086425,0.27103466204605525
4650,94,0,0.0,-0.1,-0.12287244200706482,-0.16077324748039246,0.13708035823593595
4651,94,1,0.0,-0.1,-0.12079515159130097,-0.15582062900066374,0.13306919729973246
4652,94,2,0.0,-0.1,-0.11161433726549148,-0.17190341174602505,0.13276995482387305
4653,94,3,0.0,-0.1,-0.10126823285222053,-0.18815483266115185,0.13426291188011394
4654,94,4,0.0,-0.1,-0.08836976097822188,-0.19694726546406743,0.13117921686116452
4655,94,5,0.0,-0.1,-0.08883748337388038,-0.20046877678096292,0.13411216783001992
4656,94,6,0.0,-0.1,-0.09357441161406038,-0.18405585309964417,0.12578377061142093
4657,94,7,0.0,-0.1,-0.0982763174775481,-0.17155658378970026,0.12156718003063252
4658,94,8,0.0,-0.1,-0.11683332349084494,-0.17460185907622155,0.13861985014977055
4659,94,9,0.0,-0.1,-0.11115176725045714,-0.1692363841895062,0.13095187000778835
4660,94,10,0.0,-0.1,-0.10282732668875763,-0.1826917773976583,0.13195222303220344
4661,94,11,0.0,-0.1,-0.09005356069754934,-0.19297360703808675,0.12943622136009603
4662,94,12,0.0,-0.1,-0.08402471408690972,-0.19971541740321938,0.13039676777161768
4663,94,13,0.0,-0.1,-0.091775300759198,-0.1999878950365054,0.13572135050636827
4664,94,14,0.0,-0.1,-0.0938156854219091,-0.1783375801854697,0.12222176279410103
4665,94,15,0.0,-0.1,-0.09792427274334395,-0.1677022440780557,0.11904938910182379
4666,94,16,0.0,-0.1,-0.10116383271340107,-0.1582259455804576,0.11672352714000467
4667,94,17,0.0,-0.1,-0.10053173041191202,-0.16545059866102385,0.1199600336974768
4668,94,18,0.0,-0.1,-0.09334641332519601,-0.18077070723448485,0.12344010704725265
4669,94,19,0.0,-0.1,-0.08276745572253848,-0.19072806037795548,0.12280892747161462
4670,94,20,0.0,-0.1,-0.07828700692649035,-0.19612797089549305,0.12397355460739644
4671,94,21,0.0,-0.1,-0.08702277795311553,-0.1891592819660175,0.12458868906675703
4672,94,22,0.0,-0.1,-0.09143160640285133,-0.17259803815866387,0.116748506602409
4673,94,23,0.0,-0.1,-0.09820312362273537,-0.1638461051675619,0.1171331662439363
4674,94,24,0.0,-0.1,-0.09580974798353514,-0.15506801295330713,0.11050789048431844
4675,94,25,0.0,-0.1,-0.08978366990552744,-0.16608268669878853,0.11148106952767792
4676,94,26,0.0,-0.1,-0.08016776465144237,-0.17931312775755712,0.11277163971449396
4677,94,27,0.0,-0.1,-0.07585588515735205,-0.1897917481194074,0.11754434628404926
4678,94,28,0.0,-0.1,-0.07519542122538461,-0.19211157901595977,0.11890708289280509
4679,94,29,0.0,-0.1,-0.08204189475634596,-0.17782296956040125,0.11308088736126228
4680,94,30,0.0,-0.1,-0.08761401698371997,-0.163874036613309,0.1084255898084115
4681,94,31,0.0,-0.1,-0.09559849657383424,-0.15699664958342166,0.11130000274444181
4682,94,32,0.0,-0.1,-0.10136605506575905,-0.1610197672805883,0.1183152108503875
4683,94,33,0.0,-0.1,-0.0982810663064893,-0.17768041736813267,0.12527336204009148
4684,94,34,0.0,-0.1,-0.09395757911765606,-0.19272830300383087,0.1320097149895449
4685,94,35,0.0,-0.1,-0.08521601675664207,-0.19834654081857822,0.13012997964669237
4686,94,36,0.0,-0.1,-0.08843308918774499,-0.19794339571692182,0.13195953935903687
4687,94,37,0.0,-0.1,-0.08968730060428641,-0.17908629322060288,0.11957614170501911
4688,94,38,0.0,-0.1,-0.09013237805882278,-0.16431059073215562,0.11072351897793611
4689,94,39,0.0,-0.1,-0.08716508374813624,-0.15314706654910332,0.10208997261041076
4690,94,40,0.0,-0.1,-0.08704611995162963,-0.15947312508120992,0.10542333520411282
4691,94,41,0.0,-0.1,-0.07992697295387266,-0.17301896339522202,0.10825936458746589
4692,94,42,0.0,-0.1,-0.07343538516052339,-0.1843254306724318,0.11181920251801798
4693,94,43,0.0,-0.1,-0.06933322016697567,-0.18867795290226277,0.11256498012107609
4694,94,44,0.0,-0.1,-0.07412593141209095,-0.18044719631644263,0.10939106500480865
4695,94,45,0.0,-0.1,-0.08110182933517006,-0.16343685760717117,0.10296475913915187
4696,94,46,0.0,-0.1,-0.08538750029360646,-0.1535736202422218,0.10080256937324783
4697,94,47,0.0,-0.1,-0.08558441849280174,-0.15075859630668217,0.09950441089607914
4698,94,48,0.0,-0.1,-0.08438558236966671,-0.16390208595191277,0.1058508530946891
4699,94,49,0.0,-0.1,-0.07469443678207296,-0.17649227316415694,0.10691270616727976
4700,95,0,0.1,-0.1,0.07077134400606155,-0.08468285948038101,0.0329989261175231
4701,95,1,0.1,-0.1,0.08131618052721024,-0.08345156908035278,0.024958679371996716
4702,95,2,0.1,-0.1,0.06611285880208015,-0.08722357749938964,0.036215677689114975
4703,95,3,0.1,-0.1,0.06443652354180812,-0.08465461492538451,0.038732953681337036
4704,95,4,0.1,-0.1,0.07398505175858736,-0.0866109665930271,0.02925822529779302
4705,95,5,0.1,-0.1,0.07849391093179584,-0.08657931170761583,0.025350083653725257
4706,95,6,0.1,-0.1,0.08356370308227837,-0.0883133899900317,0.020167516205338652
4707,95,7,0.1,-0.1,0.08881737857817858,-0.09159448139002918,0.013989416176751101
4708,95,8,0.1,-0.1,0.08732861900162174,-0.09126890549552141,0.015388174279367842
4709,95,9,0.1,-0.1,0.08448014469625584,-0.08924291873618154,0.018883344671046767
4710,95,10,0.1,-0.1,0.07829797906853181,-0.08910551633686752,0.024283069962345052
4711,95,11,0.1,-0.1,0.07127393111809288,-0.08809675103799156,0.03109460353919355
4712,95,12,0.1,-0.1,0.06763878442502952,-0.08772385297678863,0.0346114440499846
4713,95,13,0.1,-0.1,0.06627173184712584,-0.08404752289180029,0.03731055612664895
4714,95,14,0.1,-0.1,0.06790563460739353,-0.08585408997979609,0.035073566403401896
4715,95,15,0.1,-0.1,0.06587577012763747,-0.08618256023240878,0.036815549786915466
4716,95,16,0.1,-0.1,0.06873004017581968,-0.08601906969645574,0.03425312831784001
4717,95,17,0.1,-0.1,0.06915106912272473,-0.08521081708023218,0.034210765377367114
4718,95,18,0.1,-0.1,0.06877090536427606,-0.08766073725128658,0.033578471629137456
4719,95,19,0.1,-0.1,0.06426536716034488,-0.08596172326855997,0.0383931920758544
4720,95,20,0.1,-0.1,0.07089118211376004,-0.08702320482171771,0.03187037012388426
4721,95,21,0.1,-0.1,0.07393922566607726,-0.08481161210026382,0.030163737929449312
4722,95,22,0.1,-0.1,0.07795459564988406,-0.08418514668107258,0.02713133683509349
4723,95,23,0.1,-0.1,0.07670073509738062,-0.10033052700174011,0.02330160923844769
4724,95,24,0.1,-0.1,0.06778586939342468,-0.0979405326265942,0.0322798949285715
4725,95,25,0.1,-0.1,0.0793906112487848,-0.09569849027526335,0.021053500673539303
4726,95,26,0.1,-0.1,0.0741575265410557,-0.09435024676057069,0.026452847599883887
4727,95,27,0.1,-0.1,0.06509701839467985,-0.0931183489375577,0.035574924403103524
4728,95,28,0.1,-0.1,0.06589776304331195,-0.08871245354903597,0.035921738130730414
4729,95,29,0.1,-0.1,0.07478849683082839,-0.09009641984447837,0.027086911820028366
4730,95,30,0.1,-0.1,0.08124968996359624,-0.0890967230552584,0.021689987888309146
4731,95,31,0.1,-0.1,0.07560237982372048,-0.08547954349596351,0.028391680601042583
4732,95,32,0.1,-0.1,0.07608279329488397,-0.08554063948209419,0.027948271559472528
4733,95,33,0.1,-0.1,0.07582766904795969,-0.08513905404558512,0.028375152833333007
4734,95,34,0.1,-0.1,0.07667422236060463,-0.08396021335309259,0.0283084202696093
4735,95,35,0.1,-0.1,0.08067725185293709,-0.08501750644336002,0.02445084270796371
4736,95,36,0.1,-0.1,0.07884633028126883,-0.08432457662028968,0.026328627778567065
4737,95,37,0.1,-0.1,0.08116469694705794,-0.084368591472328,0.024476714927766464
4738,95,38,0.1,-0.1,0.08421550357811046,-0.08498840602772852,0.02178298145068718
4739,95,39,0.1,-0.1,0.08619398017854168,-0.08531077678775979,0.02015885566914741
4740,95,40,0.1,-0.1,0.0810699345975267,-0.084725696176721,0.02432389223433931
4741,95,41,0.1,-0.1,0.07370534093344241,-0.0808166728231344,0.03254856582095699
4742,95,42,0.1,-0.1,0.07530289054726383,-0.08125826677373282,0.031003222084889787
4743,95,43,0.1,-0.1,0.07558135775298253,-0.0827440586932884,0.029900461527683865
4744,95,44,0.1,-0.1,0.08106801496246717,-0.08428516532717847,0.024604391605066788
4745,95,45,0.1,-0.1,0.08083473926195982,-0.08490005415695004,0.024399089811304574
4746,95,46,0.1,-0.1,0.08802778000420965,-0.09007213237297498,0.015553025662144776
4747,95,47,0.1,-0.1,0.08596669542144383,-0.08933336492069933,0.017626989002932216
4748,95,48,0.1,-0.1,0.0825593298688079,-0.08785909259301286,0.02125037899168134
4749,95,49,0.1,-0.1,0.0792819952676874,-0.08631657924043439,0.024828848619528034
4750,96,0,0.2,-0.1,0.042076967656612396,-0.15493260324001312,0.1672042913422241
4751,96,1,0.2,-0.1,0.04028362482786178,-0.14685018211603162,0.16644596739612688
4752,96,2,0.2,-0.1,0.01217157632112503,-0.16010933861136434,0.1972121936645567
4753,96,3,0.2,-0.1,0.024772803664207456,-0.15328828515112397,0.1831507894333243
4754,96,4,0.2,-0.1,0.03704039750099182,-0.1545712318524718,0.17185415733269588
4755,96,5,0.2,-0.1,0.03146172909259796,-0.15622353618875143,0.17766889086732288
4756,96,6,0.2,-0.1,0.031165922123432156,-0.1545562525180429,0.17742979045595314
4757,96,7,0.2,-0.1,0.032700916237401956,-0.1494940947206035,0.17446675568719924
4758,96,8,0.2,-0.1,0.03047505450719356,-0.1436351539192448,0.175050660672547
4759,96,9,0.2,-0.1,0.032093191919044965,-0.14761904786512206,0.17452870800964365
4760,96,10,0.2,-0.1,0.029219552968066352,-0.14721443392176892,0.1771868049798861
4761,96,11,0.2,-0.1,0.035859618401413156,-0.1491693645332021,0.17134669906341535
4762,96,12,0.2,-0.1,0.03383385208360304,-0.14907427308257754,0.17326128532351742
4763,96,13,0.2,-0.1,0.03692477888840799,-0.14891921405104233,0.17025456600034644
4764,96,14,0.2,-0.1,0.03561962508047477,-0.14291101989026073,0.16988897341118414
4765,96,15,0.2,-0.1,0.036012731532448515,-0.14512300995799543,0.17008206915227178
4766,96,16,0.2,-0.1,0.03463431301527797,-0.14481034333972978,0.17132944085052496
4767,96,17,0.2,-0.1,0.03962579937745636,-0.14148147770591768,0.16565203656456032
4768,96,18,0.2,-0.1,0.036452558888779615,-0.14157775002896522,0.16874974012276053
4769,96,19,0.2,-0.1,0.036252178577234916,-0.1413978096914869,0.1688997562696712
4770,96,20,0.2,-0.1,0.04197292797700107,-0.14118056694177855,0.163304606750111
4771,96,21,0.2,-0.1,0.041960343878019626,-0.14131634721811262,0.1633510742376721
4772,96,22,0.2,-0.1,0.03372336711723024,-0.1471454332546289,0.1728311618881215
4773,96,23,0.2,-0.1,0.033168981973001256,-0.14965728682211304,0.17406445562049244
4774,96,24,0.2,-0.1,0.04020474165933154,-0.14643630915236358,0.16640569520258272
4775,96,25,0.2,-0.1,0.04438196015536562,-0.14879815800335328,0.16308965187775235
4776,96,26,0.2,-0.1,0.041690321261940826,-0.14824787891251268,0.16549867734125245
4777,96,27,0.2,-0.1,0.04323782577780971,-0.14435436756848985,0.16291620296725876
4778,96,28,0.2,-0.1,0.05082588507004243,-0.14694265625881936,0.15638583548956683
4779,96,29,0.2,-0.1,0.045698556843274465,-0.14774299285218567,0.1615188184910107
4780,96,30,0.2,-0.1,0.04019240089258705,-0.14318089321239605,0.16553869116039296
4781,96,31,0.2,-0.1,0.03450205930670905,-0.14288765136886308,0.1709646718291741
4782,96,32,0.2,-0.1,0.023365023419465277,-0.14760437420151698,0.18293739747444782
4783,96,33,0.2,-0.1,0.028944059838497592,-0.1390736961642846,0.17546192862405885
4784,96,34,0.2,-0.1,0.04378674079055663,-0.14557830442944777,0.16272665481567597
4785,96,35,0.2,-0.1,0.03334825639280233,-0.1509365103142632,0.17426224987160643
4786,96,36,0.2,-0.1,0.03575501549290406,-0.1453648749041578,0.17039479690062745
4787,96,37,0.2,-0.1,0.037115999764529374,-0.1396969979140773,0.16765157075345002
4788,96,38,0.2,-0.1,0.03898478830300694,-0.14469667202169995,0.16710383265396073
4789,96,39,0.2,-0.1,0.039022038123111405,-0.142894226294306,0.16659477440611437
4790,96,40,0.2,-0.1,0.013472512432704701,-0.155330734538121,0.19456102847871545
4791,96,41,0.2,-0.1,0.03111182530536178,-0.15714660730059749,0.17829456042643407
4792,96,42,0.2,-0.1,0.04531546871731426,-0.15207116914060775,0.16321369695529223
4793,96,43,0.2,-0.1,0.04728888331461769,-0.1522613985199426,0.16140613041194163
4794,96,44,0.2,-0.1,0.047681801279645906,-0.14878443092118562,0.15993984607256945
4795,96,45,0.2,-0.1,0.040802587749742686,-0.14695406404145164,0.1659774086952412
4796,96,46,0.2,-0.1,0.03803026852759545,-0.14641538573210758,0.1684891152149099
4797,96,47,0.2,-0.1,0.042059618725647306,-0.1434955097142232,0.1638200946233031
4798,96,48,0.2,-0.1,0.045882755712657014,-0.14282107431017962,0.1599555231675433
4799,96,49,0.2,-0.1,0.04434754593888142,-0.1393995230876061,0.1605615423281037
4800,97,0,0.3,-0.1,-0.07959412038326263,-0.18538285791873932,0.3890783065861093
4801,97,1,0.3,-0.1,-0.07736330032348632,-0.18277580440044403,0.3863352096627672
4802,97,2,0.3,-0.1,-0.07575694680213926,-0.18795937627553938,0.3859146731401225
4803,97,3,0.3,-0.1,-0.10291904878616331,-0.16662682822346686,0.40839061462509885
4804,97,4,0.3,-0.1,-0.11680245568752287,-0.15344798353016376,0.4202153900211058
4805,97,5,0.3,-0.1,-0.10712386264681814,-0.15232586414307353,0.41047269774588496
4806,97,6,0.3,-0.1,-0.11019782514369486,-0.15222936854246255,0.4135095678348466
4807,97,7,0.3,-0.1,-0.11755561683274506,-0.1589967473331898,0.42170286855138944
4808,97,8,0.3,-0.1,-0.1089582567174041,-0.15976503886666563,0.41330220856907146
4809,97,9,0.3,-0.1,-0.11692254516791925,-0.14924258195877735,0.4198204860976446
4810,97,10,0.3,-0.1,-0.11172189753570295,-0.15627531997824176,0.41555003615575986
4811,97,11,0.3,-0.1,-0.10583148657205398,-0.15289537364964806,0.40926411526888007
4812,97,12,0.3,-0.1,-0.10033901389684166,-0.16040446438697561,0.40487038094404115
4813,97,13,0.3,-0.1,-0.0969261566735518,-0.16473917618210424,0.4021710267838479
4814,97,14,0.3,-0.1,-0.08207565823754155,-0.16236061571410015,0.38713131494351155
4815,97,15,0.3,-0.1,-0.07577672646137414,-0.1580462356692503,0.3802334988206543
4816,97,16,0.3,-0.1,-0.08809327365939454,-0.16153951189916976,0.3929421084389579
4817,97,17,0.3,-0.1,-0.08185149378964547,-0.16557535520594469,0.38744120911406604
4818,97,18,0.3,-0.1,-0.05520629861128798,-0.1538913174865723,0.35927119098749066
4819,97,19,0.3,-0.1,-0.05918144195994465,-0.16038920800672535,0.3642226855813687
4820,97,20,0.3,-0.1,-0.07930888441010822,-0.15543111984482005,0.38333776077982673
4821,97,21,0.3,-0.1,-0.09160967538518862,-0.1526625665742697,0.39513476659676783
4822,97,22,0.3,-0.1,-0.08944992829197852,-0.15116108197996805,0.3927960067974065
4823,97,23,0.3,-0.1,-0.08302837089880254,-0.16033827580333604,0.3877517768370767
4824,97,24,0.3,-0.1,-0.08696790718365473,-0.15779680880034563,0.3912603127044721
4825,97,25,0.3,-0.1,-0.0860067847205215,-0.16809361885475332,0.39196680826188773
4826,97,26,0.3,-0.1,-0.08048205723197353,-0.16901861525914122,0.3866913046963484
4827,97,27,0.3,-0.1,-0.09269785215339824,-0.16193590589502188,0.3975520840404805
4828,97,28,0.3,-0.1,-0.10017564277765388,-0.16027446657118313,0.40468945673559265
4829,97,29,0.3,-0.1,-0.09404372589431269,-0.16625488796619553,0.39957498432219873
4830,97,30,0.3,-0.1,-0.06449725632021272,-0.1524055513158598,0.3682452873747091
4831,97,31,0.3,-0.1,-0.06526955324316631,-0.15226442502842455,0.3689897243149382
4832,97,32,0.3,-0.1,-0.06665776596003004,-0.15932381322815295,0.37142594437482274
4833,97,33,0.3,-0.1,-0.07471790708972274,-0.15543834238831195,0.378796673296461
4834,97,34,0.3,-0.1,-0.07439642035475652,-0.1544128731758276,0.37832980366566976
4835,97,35,0.3,-0.1,-0.0847650748338093,-0.15172907492613946,0.38822681515395224
4836,97,36,0.3,-0.1,-0.07741192117751168,-0.14752482917673695,0.38039238640537787
4837,97,37,0.3,-0.1,-0.08504312281602987,-0.14796040786044912,0.3880185654708559
4838,97,38,0.3,-0.1,-0.11587008467670337,-0.14317120793378332,0.4181048678543104
4839,97,39,0.3,-0.1,-0.10745214042017101,-0.13961541183830484,0.4093734573566015
4840,97,40,0.3,-0.1,-0.0706119836058663,-0.13884710341323245,0.37264237525524824
4841,97,41,0.3,-0.1,-0.07149622072582569,-0.15392155447344164,0.3753890995359398
4842,97,42,0.3,-0.1,-0.08599577929440724,-0.16103063473222778,0.3907908392080287
4843,97,43,0.3,-0.1,-0.08561759203776231,-0.16195359641693718,0.3905626395317335
4844,97,44,0.3,-0.1,-0.09641405177189069,-0.15710336734918634,0.4005057989652876
4845,97,45,0.3,-0.1,-0.09111044394424767,-0.1651602426076682,0.3965012441077035
4846,97,46,0.3,-0.1,-0.09766378513192978,-0.16883427324228745,0.40357730756107624
4847,97,47,0.3,-0.1,-0.10181982922406088,-0.16534003313018164,0.4070976480982256
4848,97,48,0.3,-0.1,-0.09586031362906856,-0.16907753136697706,0.4018421247782022
4849,97,49,0.3,-0.1,-0.09909866862343783,-0.16122011155744698,0.403766825477412
4850,98,0,0.4,-0.1,0.10305977612733841,0.09582410752773285,0.35569731182928477
4851,98,1,0.4,-0.1,0.10388326346874235,0.0874510534107685,0.3504611520250555
4852,98,2,0.4,-0.1,0.0919733890891075,0.0692969202250242,0.35148519204502565
4853,98,3,0.4,-0.1,0.08082335385680198,0.057437803097069244,0.35589379495469126
4854,98,4,0.4,-0.1,0.0723150405794382,0.05355489777848123,0.3618791777129696
4855,98,5,0.4,-0.1,0.07045528302162885,0.05374741511173545,0.36364541540062767
4856,98,6,0.4,-0.1,0.07239333770373463,0.055024977099291966,0.36243464059818464
4857,98,7,0.4,-0.1,0.08342963022181688,0.06673097451525403,0.35779325997606765
4858,98,8,0.4,-0.1,0.08944126882684736,0.07267598175007334,0.3553360665359347
4859,98,9,0.4,-0.1,0.0941308947202837,0.0739120349695162,0.3518540968524488
4860,98,10,0.4,-0.1,0.09459373710136541,0.060093943654190816,0.3448232245839325
4861,98,11,0.4,-0.1,0.0825540261994466,0.03480036823956561,0.34488126298728394
4862,98,12,0.4,-0.1,0.0767764656515385,0.03628788814749195,0.35078175781020077
4863,98,13,0.4,-0.1,0.08289219773213324,0.0482454957869064,0.3500486898707981
4864,98,14,0.4,-0.1,0.086052203282517,0.05001305961256104,0.3479470320581623
4865,98,15,0.4,-0.1,0.07647539563314246,0.05073697166195923,0.35691708316715526
4866,98,16,0.4,-0.1,0.0740526303265024,0.05165952290183295,0.3595028493404236
4867,98,17,0.4,-0.1,0.018149011257238203,0.03611722923192076,0.4053863314143683
4868,98,18,0.4,-0.1,0.021356955464743484,0.033032656568396934,0.4013330822254419
4869,98,19,0.4,-0.1,0.034684407171849445,0.030450445637778635,0.3879082380286324
4870,98,20,0.4,-0.1,0.05802363700675052,0.033663365178280405,0.36716988988324345
4871,98,21,0.4,-0.1,0.07180105008587198,0.0390062978397621,0.35642292513789425
4872,98,22,0.4,-0.1,0.08522737299932509,0.0484855090947518,0.34803699964232776
4873,98,23,0.4,-0.1,0.08765860019001791,0.0533490964035291,0.34795559401026727
4874,98,24,0.4,-0.1,0.0881623656303823,0.0557364535115231,0.3485635568466477
4875,98,25,0.4,-0.1,0.09532434781648695,0.06214645437870902,0.3451358076193135
4876,98,26,0.4,-0.1,0.07729491346260493,0.05976943624746936,0.3600900521202187
4877,98,27,0.4,-0.1,0.07161146528747091,0.04720864933642244,0.3598741671335909
4878,98,28,0.4,-0.1,0.08173945262092834,0.0354653059252972,0.34589105962349
4879,98,29,0.4,-0.1,0.08955064291597345,0.04173302426101885,0.3412726966519003
4880,98,30,0.4,-0.1,0.11353911372411904,0.05364037893129871,0.32506184858287546
4881,98,31,0.4,-0.1,0.10742882056705216,0.056743069383893806,0.3319130681890521
4882,98,32,0.4,-0.1,0.05045457000107011,0.0396278923132778,0.3764013229851685
4883,98,33,0.4,-0.1,0.06134704147973963,0.04964965857715731,0.3702443066770709
4884,98,34,0.4,-0.1,0.08102806187311326,0.04785367629782286,0.35157333076785535
4885,98,35,0.4,-0.1,0.026015093611157534,0.035868397235116846,0.39790065540774217
4886,98,36,0.4,-0.1,0.05083022587551039,0.04217216669566337,0.37700458371893386
4887,98,37,0.4,-0.1,-0.01618443875375039,0.016692619615125977,0.4322344902173064
4888,98,38,0.4,-0.1,0.022990814455311964,0.03315552126897357,0.3998328636186389
4889,98,39,0.4,-0.1,0.044767902171187625,0.04488276775750605,0.38364157715364267
4890,98,40,0.4,-0.1,0.030874265966714533,0.048338883223644505,0.3978168319737739
4891,98,41,0.4,-0.1,0.043137985335321004,0.044111013086396575,0.384861639558064
4892,98,42,0.4,-0.1,0.017418095600179373,0.04405241809311577,0.40880314667657264
4893,98,43,0.4,-0.1,0.0416482325813175,0.03941985874291407,0.3845177320020335
4894,98,44,0.4,-0.1,0.06985354875472193,0.039900269471022515,0.3585648681451036
4895,98,45,0.4,-0.1,0.08021464589698019,0.042327157858698686,0.3500281311022426
4896,98,46,0.4,-0.1,0.07640610461854966,0.05144435295719145,0.3572791641990383
4897,98,47,0.4,-0.1,0.08719702763156911,0.05336194426298903,0.34837563845746955
4898,98,48,0.4,-0.1,0.0871766608651258,0.054643546375995236,0.3489599804321939
4899,99,0,0.5,-0.1,-0.24108916521072388,0.11604637652635574,0.7719385905646222
4900,99,1,0.5,-0.1,-0.2094171315431595,0.11008705347776412,0.739871094560325
4901,99,2,0.5,-0.1,-0.17704025000333787,0.08389413312077522,0.7015700623037044
4902,99,3,0.5,-0.1,-0.15469836059212683,0.061135434418916695,0.6742362876524753
4903,99,4,0.5,-0.1,-0.07425626694262025,0.15337839257419109,0.6276709886129475
4904,99,5,0.5,-0.1,-0.08213150879114864,0.12789273681432006,0.6251497364793335
4905,99,6,0.5,-0.1,-0.11733547415593265,0.1392108350548446,0.6620611084023637
4906,99,7,0.5,-0.1,-0.10354054069897829,0.12818822559588253,0.6452372048850039
4907,99,8,0.5,-0.1,-0.09446117348936109,0.0981888333490607,0.6266281995335113
4908,99,9,0.5,-0.1,-0.10093030827469462,0.06765524792639234,0.6238794094697946
4909,99,10,0.5,-0.1,-0.1586532686954616,0.1251519886014608,0.696072946130223
4910,99,11,0.5,-0.1,-0.13805563289564002,0.1211597047398908,0.6752974201568458
4911,99,12,0.5,-0.1,-0.20628367788641455,0.10933299516690731,0.7366525208769118
4912,99,13,0.5,-0.1,-0.1856464967025733,0.12031828570899437,0.7201744687631337
4913,99,14,0.5,-0.1,-0.23777900411937547,0.09443001345769514,0.7629684718601005
4914,99,15,0.5,-0.1,-0.23406288019793964,0.14294367807292108,0.7732205007629414
4915,99,16,0.5,-0.1,-0.24997994894171172,0.1574318721297206,0.7929319596300967
4916,99,17,0.5,-0.1,-0.2127461027708559,0.16784186910410473,0.761410712992813
4917,99,18,0.5,-0.1,-0.2021772815907832,0.1338700270958128,0.7401000772571358
4918,99,19,0.5,-0.1,-0.1721415845441207,0.11159893064848261,0.7046619168970768
4919,99,20,0.5,-0.1,-0.15303202018352044,0.10332644166952543,0.6839535519806595
4920,99,21,0.5,-0.1,-0.13444839747397289,0.14782129354958057,0.6811315310524683
4921,99,22,0.5,-0.1,-0.1292247497255974,0.12188952206948422,0.667202177508036
4922,99,23,0.5,-0.1,-0.11787638527659187,0.11242552700206951,0.6533726593641445
4923,99,24,0.5,-0.1,-0.15358965718503126,0.07744596656333129,0.67724922371963
4924,99,25,0.5,-0.1,-0.11951990561315148,0.048624970931008496,0.6370983404743504
4925,99,26,0.5,-0.1,-0.11690754538416971,0.05191305269076081,0.6353365211679141
4926,99,27,0.5,-0.1,-0.11745737783062535,0.04274206154040055,0.633741989748411
4927,99,28,0.5,-0.1,-0.10638793388370328,0.04440873170638173,0.6233459778909239
4928,99,29,0.5,-0.1,-0.1097651641125933,0.06794539057533802,0.6324707183583764
4929,99,30,0.5,-0.1,-0.09451038210479605,0.06938888405089182,0.6181708408445007
4930,99,31,0.5,-0.1,-0.12271037497343353,0.051583742767842826,0.6408945640049241
4931,99,32,0.5,-0.1,-0.1273227558409692,0.05167097545583104,0.6453974936360006
4932,99,33,0.5,-0.1,-0.1214902409029866,0.051268676671816296,0.6396345300870606
4933,99,34,0.5,-0.1,-0.14841688331753067,0.09702773176372387,0.677690476290746
4934,99,35,0.5,-0.1,-0.13507425496730244,0.09536730421501632,0.6644454024812851
4935,99,36,0.5,-0.1,-0.11200145355688657,0.06581147166384027,0.6340656301133744
4936,99,37,0.5,-0.1,-0.11449902013221369,0.10643072383209999,0.6482458557409337
4937,99,38,0.5,-0.1,-0.10629758192792822,0.07047266082464114,0.6298076578926982
4938,99,39,0.5,-0.1,-0.14422403541790152,0.10510540526657222,0.6760864109562404
4939,99,40,0.5,-0.1,-0.12006451301088623,0.0823332055418118,0.6463167939475039
4940,99,41,0.5,-0.1,-0.181578173524315,0.07904443778652914,0.7047025736628436
4941,99,42,0.5,-0.1,-0.15221577237081763,0.04087758731485682,0.6672570032130928
4942,99,43,0.5,-0.1,-0.1570919230085866,0.06545265485990935,0.6776019305486921
4943,99,44,0.5,-0.1,-0.15512707751508348,0.11042867629830266,0.6880928102386408
4944,99,45,0.5,-0.1,-0.13703142946025781,0.07239283455285388,0.6599457034676013
4945,99,46,0.5,-0.1,-0.19601985952797268,0.06147534023236304,0.714505374619741
4946,99,47,0.5,-0.1,-0.15664124438246005,0.05061830465354272,0.6736939939771269
4947,99,48,0.5,-0.1,-0.16805342698450823,0.12682889768531347,0.7055116796558935
4948,99,49,0.5,-0.1,-0.1300039873028711,0.10317472550606029,0.6619554313562047
4949,100,0,-1.0,0.0,-0.5049625635147095,0.04564450681209564,0.49713728941213764
4950,100,1,-1.0,0.0,-0.48768920898437496,0.07768436521291733,0.5181671614349845
4951,100,2,-1.0,0.0,-0.4881771439313888,0.12287615165114402,0.5263660177469907
4952,100,3,-1.0,0.0,-0.4757175071835517,0.13668351121246813,0.5418067132393231
4953,100,4,-1.0,0.0,-0.462743136948347,0.15744208716601132,0.5598508262986601
4954,100,5,-1.0,0.0,-0.46735314683735363,0.16255633727982638,0.5568996614955898
4955,100,6,-1.0,0.0,-0.4590469053351282,0.17367301123730836,0.568148365710697
4956,100,7,-1.0,0.0,-0.46421122011287796,0.1950402281301692,0.5701844501930926
4957,100,8,-1.0,0.0,-0.4859711430442398,0.1996780529749624,0.5514498985611633
4958,100,9,-1.0,0.0,-0.48571232173645945,0.17624402509059134,0.5436485743509644
4959,100,10,-1.0,0.0,-0.4805766239728839,0.16142618235099251,0.5439292747332347
4960,100,11,-1.0,0.0,-0.4485480205691275,0.14897585663500978,0.5712207029497114
4961,100,12,-1.0,0.0,-0.44647216017380276,0.1505782149961838,0.5736435027907953
4962,100,13,-1.0,0.0,-0.4573882257017934,0.13377374658106506,0.5588586161824679
4963,100,14,-1.0,0.0,-0.4541354650806795,0.1596566605009945,0.568733979752411
4964,100,15,-1.0,0.0,-0.4558322342421598,0.17035974683431965,0.57021136487388
4965,100,16,-1.0,0.0,-0.4472851990193318,0.17026407207496688,0.5783454897054607
4966,100,17,-1.0,0.0,-0.4531058805158866,0.19723900139146455,0.5813745794203646
4967,100,18,-1.0,0.0,-0.45556546210048526,0.20596835648883766,0.5820927159246808
4968,100,19,-1.0,0.0,-0.43473800789474,0.204447103988216,0.6010987756167662
4969,100,20,-1.0,0.0,-0.443836794692387,0.20607719015653925,0.5931149292007852
4970,100,21,-1.0,0.0,-0.45140486605830676,0.2173318146080096,0.5900760447817845
4971,100,22,-1.0,0.0,-0.4472849851201711,0.20935894299419955,0.5910372701321449
4972,100,23,-1.0,0.0,-0.4086757967616634,0.2865879980147934,0.6571126189182345
4973,100,24,-1.0,0.0,-0.42292013951359797,0.258528090834095,0.632343213080782
4974,100,25,-1.0,0.0,-0.4209269447302125,0.2079238569971241,0.6152706182226215
4975,100,26,-1.0,0.0,-0.4649673456174842,0.20783385171149393,0.5739815773810478
4976,100,27,-1.0,0.0,-0.4704932399546998,0.16563866410213662,0.5548094952136378
4977,100,28,-1.0,0.0,-0.4681429683734107,0.18738896262139643,0.5639029397005925
4978,100,29,-1.0,0.0,-0.47298412856443617,0.16553600259665047,0.5524019341934503
4979,100,30,-1.0,0.0,-0.4755678220181537,0.1665689030252931,0.5502493150907437
4980,100,31,-1.0,0.0,-0.4647855282338669,0.16471273901801567,0.5599864437490588
4981,100,32,-1.0,0.0,-0.4514978880046354,0.17175601067065083,0.57476490329949
4982,100,33,-1.0,0.0,-0.4482380904804649,0.16703386206769166,0.5764906901883952
4983,100,34,-1.0,0.0,-0.4616318663592822,0.14931911994556837,0.5586917279691089
4984,100,35,-1.0,0.0,-0.4593984886452537,0.13479579626200772,0.5571533907003928
4985,100,36,-1.0,0.0,-0.4706286175163077,0.10362942153786345,0.5394192410370322
4986,100,37,-1.0,0.0,-0.48683532955031006,0.11063094928068226,0.5249544608215876
4987,100,38,-1.0,0.0,-0.4927218935613462,0.1053975288663468,0.5181116832914682
4988,100,39,-1.0,0.0,-0.47407494159611463,0.13851071151255695,0.5438587907360191
4989,100,40,-1.0,0.0,-0.48051250795971034,0.12790369914483418,0.5350015052700714
4990,100,41,-1.0,0.0,-0.4741100189518479,0.1594887847558456,0.5495424866465942
4991,100,42,-1.0,0.0,-0.48728912097236343,0.15764831030359447,0.5364004429666983
4992,100,43,-1.0,0.0,-0.4879275700987834,0.1774303080319703,0.5419406680377993
4993,100,44,-1.0,0.0,-0.4814147779424013,0.18776877355332555,0.5515321793497177
4994,100,45,-1.0,0.0,-0.45971740189744176,0.1882396126014865,0.5721358558636298
4995,100,46,-1.0,0.0,-0.45233791800824,0.1912213726794733,0.5800856569688404
4996,100,47,-1.0,0.0,-0.4625142466300829,0.1831564838458309,0.5678355683209669
4997,100,48,-1.0,0.0,-0.4761624451370907,0.17746541046484773,0.5530820515947054
4998,101,0,-0.8,0.0,0.45634934306144714,0.055409520864486694,1.2575706289562276
4999,101,1,-0.8,0.0,0.4954569786787033,0.07924086302518844,1.2978782292574027
5000,101,2,-0.8,0.0,0.5223460033535957,0.12766639307141303,1.3284945090233125
5001,101,3,-0.8,0.0,0.5202019219100475,0.13336901257932185,1.3269214023940403
5002,101,4,-0.8,0.0,0.5291172269135713,0.14481301529556512,1.3369829513787435
5003,101,5,-0.8,0.0,0.5566877784535289,0.16272281802043317,1.3664115206297416
5004,101,6,-0.8,0.0,0.5631789548738301,0.18182981349469718,1.3752523201530782
5005,101,7,-0.8,0.0,0.5548080134869069,0.20621800359297837,1.370412572335139
5006,101,8,-0.8,0.0,0.5518896649217918,0.1966855402325226,1.3661225669239614
5007,101,9,-0.8,0.0,0.5555517364497403,0.16777165262641935,1.3658945192132907
5008,101,10,-0.8,0.0,0.5546113095947895,0.20007466246803302,1.3693070037956456
5009,101,11,-0.8,0.0,0.5629055986392653,0.18933497547193157,1.3759939693687655
5010,101,12,-0.8,0.0,0.5679589731208193,0.1888418061073487,1.380931924417584
5011,101,13,-0.8,0.0,0.5269819742340044,0.16949406651408527,1.3377628334370248
5012,101,14,-0.8,0.0,0.5537565998364227,0.16576653243527548,1.3638678362936372
5013,101,15,-0.8,0.0,0.5696854329596077,0.15775634909667585,1.3787404581508662
5014,101,16,-0.8,0.0,0.5490248318059325,0.16341852640607565,1.3588869016962957
5015,101,17,-0.8,0.0,0.5641880354166185,0.18191116995462803,1.376263299564482
5016,101,18,-0.8,0.0,0.5539441868281473,0.17578632794612964,1.3653079118420568
5017,101,19,-0.8,0.0,0.5462258036167698,0.2147277525460325,1.3632431632093696
5018,101,20,-0.8,0.0,0.536206299330979,0.1968643990136108,1.3506305438463841
5019,101,21,-0.8,0.0,0.5253392686310734,0.20821289160687173,1.341594866271798
5020,101,22,-0.8,0.0,0.5446200173004794,0.19631214198655794,1.3588750671112089
5021,101,23,-0.8,0.0,0.5529908578229973,0.1912401256961707,1.3664395511799623
5022,101,24,-0.8,0.0,0.5424598781708002,0.1742423699897685,1.3537204024457974
5023,101,25,-0.8,0.0,0.5447598804940963,0.17536550696904568,1.3561460825519522
5024,101,26,-0.8,0.0,0.5339569406645625,0.18957963243475134,1.347360960018233
5025,101,27,-0.8,0.0,0.5503089755630483,0.18735692261403203,1.3632450058362688
5026,101,28,-0.8,0.0,0.5365861049194328,0.17670679490885913,1.3482164912322732
5027,101,29,-0.8,0.0,0.5377259546150202,0.16729461382612829,1.3481462151658108
5028,101,30,-0.8,0.0,0.5378929223160549,0.18534002216209639,1.3506696100077324
5029,101,31,-0.8,0.0,0.5263186675189359,0.16444315819029776,1.3364740027717728
5030,101,32,-0.8,0.0,0.5378911303793287,0.18586590106943585,1.3507400971052985
5031,101,33,-0.8,0.0,0.5582155749321407,0.22309276512226994,1.3764156094138666
5032,101,34,-0.8,0.0,0.5779579873466787,0.22609379923018885,1.3963834075721648
5033,101,35,-0.8,0.0,0.5624384400158136,0.2563894035912668,1.3863527794564445
5034,101,36,-0.8,0.0,0.5481040499445106,0.21351780566056375,1.3649081957446418
5035,101,37,-0.8,0.0,0.5357359007284456,0.2239903147095031,1.3543862291010251
5036,101,38,-0.8,0.0,0.5513232736487974,0.23352613295629723,1.371352997837692
5037,101,39,-0.8,0.0,0.5189140143086366,0.19183764678101312,1.3327925044290276
5038,101,40,-0.8,0.0,0.5317041368745661,0.1951364082624753,1.3459250075685543
5039,101,41,-0.8,0.0,0.514170077842874,0.14892749493531066,1.3225817147704912
5040,101,42,-0.8,0.0,0.5021590930041491,0.1379562877481001,1.3094465398872246
5041,101,43,-0.8,0.0,0.5242952822915488,0.15840181599114062,1.3337350299099682
5042,101,44,-0.8,0.0,0.5296486639470102,0.15148839576083029,1.3382504636973824
5043,101,45,-0.8,0.0,0.5368601398113537,0.128682472617689,1.3430391700078723
5044,101,46,-0.8,0.0,0.5276356559505282,0.16197361480979547,1.3374796771711117
5045,101,47,-0.8,0.0,0.5308424626844279,0.17752334030719497,1.342630327691795
5046,101,48,-0.8,0.0,0.5530568278372294,0.1612235351063443,1.362628271990983
5047,101,49,-0.8,0.0,0.5352625818628077,0.1374577940066996,1.3423191899306661
5048,102,0,-0.6,0.0,0.24039152264595032,0.04606735333800316,0.8416532019654813
5049,102,1,-0.6,0.0,0.23123772442340848,0.05347601808607578,0.8329560846857106
5050,102,2,-0.6,0.0,0.23058504015207287,0.059378023110330094,0.8327047847544239
5051,102,3,-0.6,0.0,0.23234108194708822,0.07024206406250595,0.8352997212142541
5052,102,4,-0.6,0.0,0.2329203761965036,0.08644801954887807,0.8373945385344045
5053,102,5,-0.6,0.0,0.23102687141746278,0.09036792547825723,0.8359258477718823
5054,102,6,-0.6,0.0,0.23050081470623607,0.09059365651931986,0.8354273240858611
5055,102,7,-0.6,0.0,0.22841547844122345,0.11808914485920108,0.8367898487999114
5056,102,8,-0.6,0.0,0.21805994651831534,0.09283982893172944,0.8233111865714092
5057,102,9,-0.6,0.0,0.2314556435692523,0.1274973871930523,0.8411742215285811
5058,102,10,-0.6,0.0,0.23332213333882387,0.13940310138830125,0.8449017709704754
5059,102,11,-0.6,0.0,0.21885192275192583,0.1396009197916389,0.8306665324913466
5060,102,12,-0.6,0.0,0.20967797255617748,0.1382161214709342,0.8213903551157331
5061,102,13,-0.6,0.0,0.20678942771029132,0.1486707065832657,0.8203731831679207
5062,102,14,-0.6,0.0,0.18873420218517542,0.1562064343723088,0.804053537916472
5063,102,15,-0.6,0.0,0.19043243429981777,0.1366769962333342,0.8021620998853676
5064,102,16,-0.6,0.0,0.19463207474694824,0.14661319503942036,0.8080442829302776
5065,102,17,-0.6,0.0,0.1933658421629898,0.12453847865095964,0.8030810620203203
5066,102,18,-0.6,0.0,0.18567448262532177,0.1355794709710465,0.7972867649706445
5067,102,19,-0.6,0.0,0.18479857328446442,0.12104991890507243,0.7940792677662952
5068,102,20,-0.6,0.0,0.16516287290094508,0.15543133439880719,0.7807900625514016
5069,102,21,-0.6,0.0,0.15894230816887567,0.15751375998639539,0.775115482824174
5070,102,22,-0.6,0.0,0.17463466256746374,0.14823266190199486,0.7886899153061104
5071,102,23,-0.6,0.0,0.16534332147163255,0.13758240317638618,0.7776112893888696
5072,102,24,-0.6,0.0,0.1586109747255392,0.13893450123801956,0.7712285047949732
5073,102,25,-0.6,0.0,0.1721629594599389,0.13512866771136314,0.7838975652464926
5074,102,26,-0.6,0.0,0.17828104857451002,0.1379086862319729,0.7904050836808095
5075,102,27,-0.6,0.0,0.1564296677678068,0.1200130982418671,0.7658909752888636
5076,102,28,-0.6,0.0,0.1522193537631102,0.09837789992529851,0.7586251823987278
5077,102,29,-0.6,0.0,0.1719134291544484,0.08986547775096784,0.777126853351748
5078,102,30,-0.6,0.0,0.1489824534331211,0.12453507613061829,0.7592652374088756
5079,102,31,-0.6,0.0,0.1690353221309298,0.138223012404077,0.7813583863011139
5080,102,32,-0.6,0.0,0.17661754058087664,0.15452726988146992,0.7918418285711548
5081,102,33,-0.6,0.0,0.17771650191544847,0.16931745971943143,0.7959342683396934
5082,102,34,-0.6,0.0,0.18720009312510041,0.1683508703708017,0.8050006224660781
5083,102,35,-0.6,0.0,0.18622112442886513,0.15913887418504108,0.8021650938398349
5084,102,36,-0.6,0.0,0.1748740833886959,0.09932643317219499,0.7812141738564286
5085,102,37,-0.6,0.0,0.1644487076324173,0.12658267418668484,0.7748580515198417
5086,102,38,-0.6,0.0,0.1528814579372966,0.11254302005060583,0.7612466230256133
5087,102,39,-0.6,0.0,0.14408328724183186,0.14340963004094012,0.7577771838351229
5088,102,40,-0.6,0.0,0.12569525032832504,0.1482071884139692,0.7406746701802783
5089,102,41,-0.6,0.0,0.11596886324600374,0.12425552212844498,0.7266710727125356
5090,102,42,-0.6,0.0,0.12167970344822801,0.145313178822946,0.7361640539368597
5091,102,43,-0.6,0.0,0.10933416961412466,0.16102898193189105,0.7273824971802532
5092,102,44,-0.6,0.0,0.11941965138064409,0.14931364706110972,0.7347511143178601
5093,102,45,-0.6,0.0,0.13496771455409734,0.13436371034052386,0.7471486787068189
5094,102,46,-0.6,0.0,0.13920865357341194,0.12554192728764305,0.7497934442397535
5095,102,47,-0.6,0.0,0.14913973540361003,0.1154593085833047,0.7579849570401286
5096,102,48,-0.6,0.0,0.17231657734718614,0.09889643529170333,0.778622758823988
5097,103,0,-0.5,0.0,0.09723459929227829,-0.020396050065755844,0.597582768702456
5098,103,1,-0.5,0.0,0.09654785990715026,-0.04004226885735988,0.5978902344536547
5099,103,2,-0.5,0.0,0.09933263346552848,-0.06551379222422837,0.6029026973802032
5100,103,3,-0.5,0.0,0.09038081143796443,-0.06854738773033023,0.5943469078566839
5101,103,4,-0.5,0.0,0.07729367178827523,-0.07963252923674881,0.5827600906028403
5102,103,5,-0.5,0.0,0.07546941199406981,-0.08232014256965368,0.5813274894699962
5103,103,6,-0.5,0.0,0.06434480032278597,-0.09454004431541635,0.5722087675232931
5104,103,7,-0.5,0.0,0.05537600990799516,-0.09748287250939122,0.5638664937855483
5105,103,8,-0.5,0.0,0.06775419164366736,-0.10827955131968038,0.5779872692049068
5106,103,9,-0.5,0.0,0.08651202891336926,-0.10637097103067361,0.5960798130603697
5107,103,10,-0.5,0.0,0.10357348006811672,-0.09900191008913205,0.6116390471861929
5108,103,11,-0.5,0.0,0.10691450180900944,-0.10108435159829636,0.615274945568342
5109,103,12,-0.5,0.0,0.12063256700441237,-0.09726128284270728,0.6282074023494911
5110,103,13,-0.5,0.0,0.11316623573227223,-0.10671601953997825,0.6223834360493068
5111,103,14,-0.5,0.0,0.11429580325192658,-0.09680569156037003,0.6218767368308701
5112,103,15,-0.5,0.0,0.12188518734787418,-0.09390583027222117,0.6289352042951768
5113,103,16,-0.5,0.0,0.13113914613336483,-0.07603899635049555,0.6357031939104472
5114,103,17,-0.5,0.0,0.1403578130313467,-0.06432951599877076,0.6435809314600032
5115,103,18,-0.5,0.0,0.11328728601695078,-0.07928723347549337,0.618391268196952
5116,103,19,-0.5,0.0,0.09464852361632073,-0.08979407128349232,0.6013899249877195
5117,103,20,-0.5,0.0,0.077076579323678,-0.09680433470665117,0.5851396906909618
5118,103,21,-0.5,0.0,0.04977278375018451,-0.10568408746581365,0.5598385839649754
5119,103,22,-0.5,0.0,0.04837487016491263,-0.09038620199106893,0.5557739322231253
5120,103,23,-0.5,0.0,0.031414545819764515,-0.10078003310898873,0.5408863416488491
5121,103,24,-0.5,0.0,0.038299277992967395,-0.08952262513456695,0.5456925994538814
5122,103,25,-0.5,0.0,0.06000046993329777,-0.07939219582907922,0.5656002537871401
5123,103,26,-0.5,0.0,0.06927652379397807,-0.0796835817514141,0.5748262639647652
5124,103,27,-0.5,0.0,0.08590956210461238,-0.07771855004954295,0.5910416127375652
5125,103,28,-0.5,0.0,0.11301993107355521,-0.0807353641671893,0.6183135409487933
5126,103,29,-0.5,0.0,0.11449790565063375,-0.08648880275667406,0.6205545818469944
5127,103,30,-0.5,0.0,0.12190831996523213,-0.09173397736555822,0.628637479828623
5128,103,31,-0.5,0.0,0.13699315794573236,-0.08261618998412829,0.6423283569306047
5129,103,32,-0.5,0.0,0.12252223035480782,-0.08740243703857241,0.6286279609484501
5130,103,33,-0.5,0.0,0.13519234337956054,-0.07946044403825823,0.6401431677795013
5131,103,34,-0.5,0.0,0.14814472809419274,-0.08061614472627875,0.653138998488701
5132,103,35,-0.5,0.0,0.14808630774904952,-0.08097364790511295,0.6531252513468278
5133,103,36,-0.5,0.0,0.14411252619169915,-0.08466324981143589,0.6496528398042187
5134,103,37,-0.5,0.0,0.12937327615360353,-0.09103377107047399,0.6359228476880128
5135,103,38,-0.5,0.0,0.1338663625156676,-0.08664583151821645,0.639760944141112
5136,103,39,-0.5,0.0,0.1279589401389218,-0.09022541234591648,0.6344076414525511
5137,103,40,-0.5,0.0,0.13179680076177316,-0.0918860152144167,0.638443605375444
5138,103,41,-0.5,0.0,0.12182512960687059,-0.09534774301899007,0.6290927466673073
5139,103,42,-0.5,0.0,0.10194718000589156,-0.10834193383571278,0.6116194749550632
5140,103,43,-0.5,0.0,0.1093773217013363,-0.10422425303301949,0.6182260226844101
5141,103,44,-0.5,0.0,0.11021505914207486,-0.09921736353048898,0.6182285205566848
5142,103,45,-0.5,0.0,0.10158302247974604,-0.09790363742298336,0.6094975431915355
5143,103,46,-0.5,0.0,0.10838632163720657,-0.09768534186850503,0.6161788233712817
5144,103,47,-0.5,0.0,0.10072353471440207,-0.09556439929564159,0.6082773377107701
5145,103,48,-0.5,0.0,0.09847506798690052,-0.09329718489797464,0.6057035345049689
5146,103,49,-0.5,0.0,0.11084703447590116,-0.09238215111241822,0.6177932998763911
5147,104,0,-0.4,0.0,0.03191317617893219,0.5793030858039856,0.7225932860046468
5148,104,1,-0.4,0.0,0.06245351880788803,0.560823756456375,0.7269020173748572
5149,104,2,-0.4,0.0,0.09168852999806404,0.5606030410528182,0.7456764581031943
5150,104,3,-0.4,0.0,0.07801909391582011,0.5571410368084907,0.7341037999112534
5151,104,4,-0.4,0.0,0.12680439552813766,0.4611314721047878,0.7001179227196623
5152,104,5,-0.4,0.0,0.13485098263427614,0.49076016654551025,0.7258864337433424
5153,104,6,-0.4,0.0,0.1672962692038566,0.4503347648877501,0.7243110226409092
5154,104,7,-0.4,0.0,0.16657998270386903,0.4699083707321703,0.73608882187198
5155,104,8,-0.4,0.0,0.1717219230991216,0.504220239233207,0.7623017821076837
5156,104,9,-0.4,0.0,0.11355012846222798,0.5468843523044009,0.7502107898710701
5157,104,10,-0.4,0.0,0.10484284817737237,0.5585346182550026,0.7528792872334202
5158,104,11,-0.4,0.0,0.1294333474009566,0.5630140873050216,0.772841854355785
5159,104,12,-0.4,0.0,0.12780929484154113,0.5515307645578053,0.7633929761104972
5160,104,13,-0.4,0.0,0.14828583910792797,0.5598791979159122,0.7836338925960578
5161,104,14,-0.4,0.0,0.1511976621579211,0.5560671845757608,0.7829620530590042
5162,104,15,-0.4,0.0,0.18825919542926117,0.44729656346425917,0.7390014186008155
5163,104,16,-0.4,0.0,0.19762597560835177,0.450064950758714,0.74814120767625
5164,104,17,-0.4,0.0,0.20094237184491362,0.49844030887101987,0.7807525061029443
5165,104,18,-0.4,0.0,0.1808400007007184,0.5172643069937868,0.777777262269715
5166,104,19,-0.4,0.0,0.15473859547002747,0.5384336593906611,0.7730754910543195
5167,104,20,-0.4,0.0,0.18569786177969516,0.5365360894016793,0.7943002961876281
5168,104,21,-0.4,0.0,0.18549240210481066,0.5490965547908007,0.8026882205474228
5169,104,22,-0.4,0.0,0.16719217330395483,0.5500658424619894,0.7901135313995589
5170,104,23,-0.4,0.0,0.21610293945794812,0.43782109124927143,0.7558241461817867
5171,104,24,-0.4,0.0,0.21254374298242584,0.4959806270641872,0.788166619116735
5172,104,25,-0.4,0.0,0.20319858192355927,0.5102032171755981,0.7900353486084806
5173,104,26,-0.4,0.0,0.1922223210261866,0.5209266963550414,0.7887280269503685
5174,104,27,-0.4,0.0,0.18209876298394037,0.5563472565079008,0.8052088174450784
5175,104,28,-0.4,0.0,0.16355769535541895,0.5621049919967842,0.7959643823827899
5176,104,29,-0.4,0.0,0.15659388890314352,0.5574970308414593,0.787781503058664
5177,104,30,-0.4,0.0,0.18418820493731672,0.5379753305941866,0.7941620206959086
5178,104,31,-0.4,0.0,0.14675078670501351,0.5694300190708073,0.7894219210165949
5179,104,32,-0.4,0.0,0.1660933824005102,0.5544662713280044,0.792397983110779
5180,104,33,-0.4,0.0,0.2099762700136167,0.5284829276293025,0.8070720257668229
5181,104,34,-0.4,0.0,0.21314691399484512,0.5108986026289715,0.7981018232717162
5182,104,35,-0.4,0.0,0.18770176595911128,0.5303925542404112,0.7916499398756534
5183,104,36,-0.4,0.0,0.2049100667091739,0.5082371868549684,0.7900767221658599
5184,104,37,-0.4,0.0,0.17576606287526808,0.533943816671891,0.7852404463099396
5185,104,38,-0.4,0.0,0.20353335092243952,0.47752310758340955,0.7695978326059559
5186,104,39,-0.4,0.0,0.21185250843409875,0.5183573022271794,0.801908838241192
5187,104,40,-0.4,0.0,0.20962508952012582,0.5388400553017776,0.8136285116501537
5188,104,41,-0.4,0.0,0.2031680127459133,0.5597628592297379,0.8228888808173955
5189,104,42,-0.4,0.0,0.21108537279905426,0.5556253301294108,0.8259206017108279
5190,104,43,-0.4,0.0,0.19542748783368946,0.5532907143269004,0.8128127138697513
5191,104,44,-0.4,0.0,0.1867737575177089,0.5484634743654544,0.803190902105145
5192,104,45,-0.4,0.0,0.17863651341821896,0.560085411326753,0.8053048383325726
5193,104,46,-0.4,0.0,0.2030410414798886,0.5783501831885842,0.8355521719817486
5194,104,47,-0.4,0.0,0.2080641768480024,0.5604629077253408,0.826958713662165
5195,104,48,-0.4,0.0,0.22448628519706693,0.5538689246193932,0.8347178601529235
5196,105,0,-0.3,0.0,-0.08289571106433868,0.024015557020902634,0.21842852206908175
5197,105,1,-0.3,0.0,-0.08113237768411637,0.01942371828481555,0.21972782466091126
5198,105,2,-0.3,0.0,-0.1150009898841381,0.02999953803606331,0.1874155970729917
5199,105,3,-0.3,0.0,-0.12252052803337574,0.034415694962255654,0.18078551664690065
5200,105,4,-0.3,0.0,-0.09788888085037468,0.034004503635782744,0.20495172785665897
5201,105,5,-0.3,0.0,-0.10331244341239332,0.03939689214403741,0.20059439181345995
5202,105,6,-0.3,0.0,-0.07468685396207868,0.03831915518405754,0.2285484006321758
5203,105,7,-0.3,0.0,-0.08023718964443056,0.036510522763271165,0.2227750234829419
5204,105,8,-0.3,0.0,-0.06451019612421408,0.0437604545754565,0.23952124146744627
5205,105,9,-0.3,0.0,-0.09143177844314646,0.04416000137146922,0.21319195286060144
5206,105,10,-0.3,0.0,-0.13747343047519733,0.05627457377902297,0.1719933529399064
5207,105,11,-0.3,0.0,-0.14620289094092595,0.0546572242360725,0.16322059586988716
5208,105,12,-0.3,0.0,-0.19507218520630898,0.06899636402000882,0.12558003251058938
5209,105,13,-0.3,0.0,-0.2010060775732264,0.06775837878375181,0.11996247151855641
5210,105,14,-0.3,0.0,-0.16425666237063064,0.05424084966870397,0.14617908018435438
5211,105,15,-0.3,0.0,-0.1504539364768147,0.04473830591981187,0.15609465439871809
5212,105,16,-0.3,0.0,-0.17974502344282028,0.052940975446911676,0.13139256549758951
5213,105,17,-0.3,0.0,-0.1740446259532977,0.049350002853660195,0.1352781543077113
5214,105,18,-0.3,0.0,-0.17896773506882052,0.05783190043172427,0.13413924802948646
5215,105,19,-0.3,0.0,-0.21535894833780905,0.0713678732313795,0.11071350846239103
5216,105,20,-0.3,0.0,-0.2157046744619241,0.07429027228143395,0.1123598970416927
5217,105,21,-0.3,0.0,-0.224939575252543,0.08155574270100004,0.11083955309717004
5218,105,22,-0.3,0.0,-0.23398564092350707,0.09158171149698321,0.1128942225492377
5219,105,23,-0.3,0.0,-0.28094773871126666,0.08489605464364287,0.08700763618367392
5220,105,24,-0.3,0.0,-0.2576010601490341,0.07317642159241078,0.08457221043319174
5221,105,25,-0.3,0.0,-0.2578476065137706,0.07517436992013798,0.08618590470319182
5222,105,26,-0.3,0.0,-0.27301692919106335,0.08189890901862623,0.08622944629719771
5223,105,27,-0.3,0.0,-0.2676220145753993,0.09388445500963259,0.09931074882716061
5224,105,28,-0.3,0.0,-0.2666417951238534,0.10311240235073695,0.10837406216941041
5225,105,29,-0.3,0.0,-0.27219255530801084,0.11184710458290904,0.11525202290579645
5226,105,30,-0.3,0.0,-0.2826102945683069,0.10000889735182752,0.10150951386214709
5227,105,31,-0.3,0.0,-0.2677788596783446,0.10177149539920131,0.10675035905989948
5228,105,32,-0.3,0.0,-0.29562980463147726,0.11488218919448762,0.11496528172312329
5229,105,33,-0.3,0.0,-0.29365072618949806,0.10419286336708959,0.10438613918789087
5230,105,34,-0.3,0.0,-0.29714319189111266,0.08989882302628185,0.08994420344903695
5231,105,35,-0.3,0.0,-0.31156139727238724,0.09940013768913704,0.10007024172804503
5232,105,36,-0.3,0.0,-0.3084933639472995,0.09947256259967537,0.09983450275975546
5233,105,37,-0.3,0.0,-0.28933015531643147,0.08586491305624201,0.08652530774130465
5234,105,38,-0.3,0.0,-0.2980209325397088,0.08467387021875707,0.08469699525859993
5235,105,39,-0.3,0.0,-0.30710215809453045,0.08458498297043074,0.08488262480453677
5236,105,40,-0.3,0.0,-0.28080739487961887,0.07324050341581503,0.07571345608218458
5237,105,41,-0.3,0.0,-0.29221159653692613,0.08357628417188565,0.08393839708073655
5238,105,42,-0.3,0.0,-0.2963496983625533,0.095345730210565,0.09541558033901064
5239,105,43,-0.3,0.0,-0.3111327487632264,0.1108078040059961,0.11136564786170089
5240,105,44,-0.3,0.0,-0.3193118710203211,0.12219338855779072,0.12371003423142658
5241,105,45,-0.3,0.0,-0.3157823212164907,0.12890467563415695,0.12986722859646965
5242,105,46,-0.3,0.0,-0.30103042712338646,0.11860632363360712,0.11861079961764258
5243,105,47,-0.3,0.0,-0.3050301908788037,0.11349613367896391,0.11360754895846686
5244,105,48,-0.3,0.0,-0.3275632160440948,0.12759122430847863,0.13053448356365438
5245,105,49,-0.3,0.0,-0.3239277529989785,0.12832914417680846,0.13054082353322358
5246,106,0,-0.2,0.0,0.010209053754806519,-0.03963952511548996,0.2139138570356598
5247,106,1,-0.2,0.0,0.003658027574419975,-0.04603892154991626,0.2087969695493269
5248,106,2,-0.2,0.0,0.004941059686243534,-0.03363289276137948,0.20768247258933262
5249,106,3,-0.2,0.0,0.027100091900676488,-0.029813345646485682,0.22904865710135158
5250,106,4,-0.2,0.0,0.04158112432397902,-0.024451247969456014,0.2428153684528672
5251,106,5,-0.2,0.0,0.06171257141318172,-0.02664111192865297,0.2630650468619781
5252,106,6,-0.2,0.0,0.07953087007165327,-0.020827723649295044,0.28030572843848
5253,106,7,-0.2,0.0,0.017025626307847715,-0.021686522836492767,0.21810645966374148
5254,106,8,-0.2,0.0,-0.023465494688068002,-0.03155056928346993,0.17933173168137195
5255,106,9,-0.2,0.0,0.01573251881897458,-0.0237485881126206,0.2170357461648245
5256,106,10,-0.2,0.0,0.04547511899560695,-0.018191544080366356,0.2461482608549882
5257,106,11,-0.2,0.0,0.020013029176622663,-0.024548776825480425,0.22137835361909408
5258,106,12,-0.2,0.0,0.03812493096693458,-0.01806405194466207,0.23880911356283457
5259,106,13,-0.2,0.0,0.03345678173137576,-0.013025491273705416,0.2338198716090927
5260,106,14,-0.2,0.0,0.03700976044777045,-0.011847208655539131,0.23730567397438565
5261,106,15,-0.2,0.0,0.043435615843436186,-0.011625357998325508,0.24371304439783742
5262,106,16,-0.2,0.0,0.045597385398676735,-0.009687473691294449,0.24578837006902032
5263,106,17,-0.2,0.0,0.040820425969850534,-0.008149314364297092,0.24095827209064313
5264,106,18,-0.2,0.0,0.0629943734464487,-0.009294362616640357,0.26315855608537553
5265,106,19,-0.2,0.0,0.06253952739042128,-0.013713714953731913,0.2628974503874429
5266,106,20,-0.2,0.0,0.05831523085814177,-0.014670682061245038,0.25873149674022533
5267,106,21,-0.2,0.0,0.050361998792757795,-0.012895507310550405,0.25069388614065025
5268,106,22,-0.2,0.0,0.03154952108004604,-0.00976935762793292,0.23175552002241748
5269,106,23,-0.2,0.0,0.004563328826400044,-0.021776803876373454,0.20571918891442262
5270,106,24,-0.2,0.0,0.02074911101935375,-0.01886511284911563,0.22155374629792393
5271,106,25,-0.2,0.0,0.037185174802885926,-0.01996621757410716,0.23802406809079651
5272,106,26,-0.2,0.0,0.040763257996204026,-0.017677974806615964,0.24141138580069096
5273,106,27,-0.2,0.0,0.04829099410690245,-0.0288174825156455,0.24995772653217466
5274,106,28,-0.2,0.0,0.045511504697225126,-0.024238780390104384,0.24670512239006165
5275,106,29,-0.2,0.0,0.05123009108622387,-0.017960460192825902,0.25187127029006384
5276,106,30,-0.2,0.0,0.03296646625979404,-0.013770086319304065,0.23337306973774172
5277,106,31,-0.2,0.0,0.012076563694363458,-0.015711730272312548,0.21265777045892142
5278,106,32,-0.2,0.0,0.009745163163344001,-0.00941595262340477,0.2099564088905695
5279,106,33,-0.2,0.0,0.037625892915884605,-0.006309766649442311,0.2377096509173363
5280,106,34,-0.2,0.0,-0.007688557335742349,-0.013919685264891561,0.1928145446212025
5281,106,35,-0.2,0.0,0.00559391313760914,-0.012642567299382212,0.2059822604671436
5282,106,36,-0.2,0.0,0.027722161400105617,-0.013740655491554166,0.2281363373206323
5283,106,37,-0.2,0.0,0.02098333137378121,-0.009223259932659465,0.221175724863376
5284,106,38,-0.2,0.0,0.03873145911099034,-0.010553714689169007,0.23896462178113909
5285,106,39,-0.2,0.0,0.047951138100038586,-0.00941227441860991,0.24812971969281641
5286,106,40,-0.2,0.0,0.04657480543524765,-0.009571414433008732,0.246760504638969
5287,106,41,-0.2,0.0,0.054165484736060296,-0.007086801313879997,0.2542642648583928
5288,106,42,-0.2,0.0,0.062375683397836126,-0.008047044722702143,0.262499055554969
5289,106,43,-0.2,0.0,0.04911465537304743,-0.008222544039464222,0.24925031946240936
5290,106,44,-0.2,0.0,0.04351128279396439,-0.005586237557603278,0.24357534952866652
5291,106,45,-0.2,0.0,-0.0021914052718879674,-0.0157761125202093,0.19843670495793056
5292,106,46,-0.2,0.0,0.024398370789706574,-0.014715887031662407,0.2248803818571182
5293,106,47,-0.2,0.0,0.009403597757273818,-0.01539469786752816,0.2099687202326161
5294,106,48,-0.2,0.0,-0.008242950452826685,-0.015713141185926288,0.19239976314165758
5295,107,0,-0.1,0.0,0.09785590320825577,-0.1767253279685974,0.2652900299294397
5296,107,1,-0.1,0.0,0.09408086836338042,-0.1771167740225792,0.2627503284581186
5297,107,2,-0.1,0.0,0.08679884210228918,-0.17741170302033424,0.2576212719853142
5298,107,3,-0.1,0.0,0.09341576148569582,-0.18060523115098476,0.2646278638204832
5299,107,4,-0.1,0.0,0.10582927678674459,-0.18165470848232507,0.2745252707791267
5300,107,5,-0.1,0.0,0.046116462054401626,-0.19284241182431577,0.24194672198960332
5301,107,6,-0.1,0.0,0.06531422162233291,-0.18551928299643097,0.24848781908598183
5302,107,7,-0.1,0.0,0.07496383192067294,-0.17999895561321821,0.2510218446713648
5303,107,8,-0.1,0.0,0.08287616924790009,-0.1766119316618539,0.2542350638368318
5304,107,9,-0.1,0.0,0.09237316473765397,-0.17223658221767624,0.2582109113984281
5305,107,10,-0.1,0.0,0.09464029006272809,-0.16654910386070007,0.2561707370339266
5306,107,11,-0.1,0.0,0.09993995574590742,-0.1713040472897398,0.2632889335340945
5307,107,12,-0.1,0.0,0.051322370824555805,-0.18552751553880723,0.23941369830059167
5308,107,13,-0.1,0.0,0.05367872495466289,-0.18145389357188627,0.23778701814036937
5309,107,14,-0.1,0.0,0.06689662526358835,-0.1868193144528617,0.2505113565829139
5310,107,15,-0.1,0.0,0.0787348273219344,-0.18190737182398484,0.25502241160672756
5311,107,16,-0.1,0.0,0.07927964513253906,-0.17883822699536772,0.25322776821212917
5312,107,17,-0.1,0.0,0.08340234601821717,-0.1710689079374564,0.25080070133055804
5313,107,18,-0.1,0.0,0.08399592246640078,-0.1711129941669449,0.2512651114998632
5314,107,19,-0.1,0.0,0.08884254256109243,-0.16754137512933626,0.25245121956759686
5315,107,20,-0.1,0.0,0.08662061131451419,-0.1663672812364895,0.2500106494400272
5316,107,21,-0.1,0.0,0.08900322060304605,-0.16703802906549764,0.2522378253799571
5317,107,22,-0.1,0.0,0.08797241403025792,-0.16778982822253063,0.25196637650946413
5318,107,23,-0.1,0.0,0.0883855937158434,-0.16334496191052228,0.2493405472465736
5319,107,24,-0.1,0.0,0.09140092733152289,-0.16208938932056566,0.2508132474844198
5320,107,25,-0.1,0.0,0.0938149292951157,-0.16014138234600164,0.2514149740118098
5321,107,26,-0.1,0.0,0.09369589361347072,-0.16152075192393178,0.2522043863710409
5322,107,27,-0.1,0.0,0.09477932061710077,-0.16377309593302924,0.25448106155772876
5323,107,28,-0.1,0.0,0.09673206696083825,-0.1641078426730637,0.25619307211064624
5324,107,29,-0.1,0.0,0.09445558843433335,-0.1614997167392972,0.25277486896488754
5325,107,30,-0.1,0.0,0.08181392500990263,-0.16400013668369073,0.24485168604642227
5326,107,31,-0.1,0.0,0.0836416087561403,-0.16571614754320751,0.24735820589401403
5327,107,32,-0.1,0.0,0.08748206336393832,-0.16337198891724247,0.24867635763372317
5328,107,33,-0.1,0.0,0.08802579901979779,-0.16530208602487612,0.2503567070026464
5329,107,34,-0.1,0.0,0.09207888115104526,-0.16598111312049324,0.25385828033955354
5330,107,35,-0.1,0.0,0.09713414056161584,-0.1685830662083664,0.25938797116902196
5331,107,36,-0.1,0.0,0.09144773975155432,-0.16912991470122604,0.25545482008140474
5332,107,37,-0.1,0.0,0.09409609736600692,-0.16583383546488473,0.25529229521806746
5333,107,38,-0.1,0.0,0.09443373070279183,-0.16310153480720413,0.25378452728933537
5334,107,39,-0.1,0.0,0.10332994347099062,-0.16131923947181626,0.2595514649076006
5335,107,40,-0.1,0.0,0.11216239909031506,-0.16720125275266595,0.27012801133873365
5336,107,41,-0.1,0.0,0.1105620649535354,-0.16701590258070526,0.26875768809904677
5337,107,42,-0.1,0.0,0.10906826639724047,-0.16238162434828368,0.26472123439636386
5338,107,43,-0.1,0.0,0.10955905719783493,-0.16267495365651904,0.265288784159444
5339,107,44,-0.1,0.0,0.10916131524176012,-0.16300537346004168,0.2651776905595767
5340,107,45,-0.1,0.0,0.10918547140112944,-0.1624702573889405,0.26486816717254136
5341,107,46,-0.1,0.0,0.10994660877770185,-0.16293672300892445,0.26575544066329926
5342,107,47,-0.1,0.0,0.11717307882021068,-0.1655994887576715,0.27310682313163037
5343,107,48,-0.1,0.0,0.11616656329787908,-0.16636623589181412,0.27277409615435755
5344,107,49,-0.1,0.0,0.11358375427712994,-0.17145386739163057,0.27388765714186586
5345,108,0,0.0,0.0,-0.047268323600292206,-0.1997855007648468,0.20530109773657457
5346,108,1,0.0,0.0,-0.04844508357346057,-0.19957486689090728,0.20537052762498065
5347,108,2,0.0,0.0,-0.04760839294642209,-0.19796426028013225,0.2036084660008048
5348,108,3,0.0,0.0,-0.07069625954702496,-0.19729334762692446,0.2095772557597288
5349,108,4,0.0,0.0,-0.059532959641143676,-0.19345569914281363,0.20240869747732892
5350,108,5,0.0,0.0,-0.05785977735299616,-0.19055962328106157,0.19915000341541145
5351,108,6,0.0,0.0,-0.05743644685472174,-0.18747597768697136,0.19607699415530894
5352,108,7,0.0,0.0,-0.056823687485333146,-0.18593611304318006,0.19442522879769755
5353,108,8,0.0,0.0,-0.057932451826366874,-0.1858391273920592,0.19465957527040978
5354,108,9,0.0,0.0,-0.05705891320946133,-0.18771537852619086,0.19619577699806884
5355,108,10,0.0,0.0,-0.05589222338189305,-0.18943027206891572,0.19750384454656789
5356,108,11,0.0,0.0,-0.05292351592056686,-0.19210191601558183,0.19925873801229432
5357,108,12,0.0,0.0,-0.05122430283755972,-0.19207413120896177,0.19878732625816842
5358,108,13,0.0,0.0,-0.04972199970237057,-0.19308699256858616,0.1993862180632949
5359,108,14,0.0,0.0,-0.04506228888160137,-0.19442056130048604,0.19957445862545872
5360,108,15,0.0,0.0,-0.04305331872789366,-0.1979582429674653,0.20258591809958468
5361,108,16,0.0,0.0,-0.038468867248016715,-0.20063303654622747,0.20428771157635836
5362,108,17,0.0,0.0,-0.03747432993750044,-0.20224569163384237,0.20568822326209127
5363,108,18,0.0,0.0,-0.040329913763505094,-0.2026204963044677,0.20659517774343275
5364,108,19,0.0,0.0,-0.042112741448294425,-0.19943130807692286,0.20382916776939314
5365,108,20,0.0,0.0,-0.04372978161222528,-0.19686430650582049,0.20166271092066215
5366,108,21,0.0,0.0,-0.04482415656559421,-0.19263644785027792,0.19778272435222888
5367,108,22,0.0,0.0,-0.04565615890640941,-0.18763734141229352,0.19311203157328366
5368,108,23,0.0,0.0,-0.047920095490944864,-0.18564513144361108,0.19173014989974035
5369,108,24,0.0,0.0,-0.0431454810473052,-0.18618755511668314,0.1911212657323389
5370,108,25,0.0,0.0,-0.04501603698540818,-0.18660064071972066,0.19195375146863347
5371,108,26,0.0,0.0,-0.043049462105496365,-0.18696026227266813,0.19185253674798627
5372,108,27,0.0,0.0,-0.04767212194796855,-0.18788322910640495,0.1938368875897254
5373,108,28,0.0,0.0,-0.015902934430216925,-0.1931637473253578,0.19381727633074006
5374,108,29,0.0,0.0,-0.029741910915297886,-0.18931471190290838,0.1916367433656049
5375,108,30,0.0,0.0,-0.034021148060268,-0.1860797521174553,0.1891642478467649
5376,108,31,0.0,0.0,-0.04395147664562273,-0.18453168041412255,0.1896936302984119
5377,108,32,0.0,0.0,-0.049686593088018746,-0.1841129721883233,0.19069961735859003
5378,108,33,0.0,0.0,-0.052070216055468216,-0.18424363863252666,0.19146024594316233
5379,108,34,0.0,0.0,-0.04819107105436806,-0.1873890459760839,0.19348652118737894
5380,108,35,0.0,0.0,-0.044588172411640675,-0.18605363221539756,0.19132187323866715
5381,108,36,0.0,0.0,-0.043109195215507476,-0.18597898231050958,0.19090988600222245
5382,108,37,0.0,0.0,-0.03927409679750889,-0.18731068464389555,0.1913837695862034
5383,108,38,0.0,0.0,-0.041032514937144535,-0.18677510444909115,0.19122919997750318
5384,108,39,0.0,0.0,-0.037992643008326894,-0.18946823415371622,0.1932398837613126
5385,108,40,0.0,0.0,-0.04076605891961533,-0.19347220466582965,0.19772042266314885
5386,108,41,0.0,0.0,-0.040589214603553955,-0.192515966437601,0.19674826981586616
5387,108,42,0.0,0.0,-0.04574375387858899,-0.19589530924920245,0.2011652634147993
5388,108,43,0.0,0.0,-0.04196902141751931,-0.1975586156047861,0.20196733735538486
5389,108,44,0.0,0.0,-0.04162022762544414,-0.19726604799412054,0.20160887142884473
5390,108,45,0.0,0.0,-0.03949424194925251,-0.19780780331281475,0.2017119783220305
5391,108,46,0.0,0.0,-0.04012776647849138,-0.1964160230675474,0.20047316967670176
5392,108,47,0.0,0.0,-0.04182964118212738,-0.19595548250708925,0.2003703321502754
5393,108,48,0.0,0.0,-0.03909713537815407,-0.19425333556437258,0.19814879351805914
5394,108,49,0.0,0.0,-0.040775051170848176,-0.19399258605472874,0.1982315016393374
5395,109,0,0.1,0.0,0.0538053885102272,-0.12255994975566864,0.1309766521743592
5396,109,1,0.1,0.0,0.04783174693584442,-0.12405042201280594,0.13457352573712641
5397,109,2,0.1,0.0,0.04576050400733947,-0.1261149947345257,0.13728406616365674
5398,109,3,0.1,0.0,0.040817566335201255,-0.1289834517389536,0.14191297078485557
5399,109,4,0.1,0.0,0.03773009561896323,-0.13101548023074866,0.1450606667974374
5400,109,5,0.1,0.0,0.03767845256507396,-0.1313360844744742,0.1453724264080708
5401,109,6,0.1,0.0,0.03946311554676294,-0.13084523382638394,0.14417069603211904
5402,109,7,0.1,0.0,0.030230409621757267,-0.13872675301629453,0.1552833144416739
5403,109,8,0.1,0.0,0.03196523135273993,-0.1367989608784388,0.15278313206079666
5404,109,9,0.1,0.0,0.03543619594731468,-0.13374159191031348,0.1485102629465667
5405,109,10,0.1,0.0,0.033397424938589104,-0.13626318442608282,0.15166924023923747
5406,109,11,0.1,0.0,0.032713657225784495,-0.1336006962999677,0.1495880943650444
5407,109,12,0.1,0.0,0.0378054180979051,-0.1345698367179913,0.1482471145496034
5408,109,13,0.1,0.0,0.0386480266320231,-0.14025673284481344,0.15308826128886013
5409,109,14,0.1,0.0,0.03754637337001818,-0.1392650441333181,0.1526276776888524
5410,109,15,0.1,0.0,0.0364746656257993,-0.13803904704284353,0.1519547518699247
5411,109,16,0.1,0.0,0.03554347697569531,-0.13872222519340294,0.15296567955914792
5412,109,17,0.1,0.0,0.029619289244925188,-0.1407015749960693,0.15732252748021824
5413,109,18,0.1,0.0,0.031432597303391145,-0.13866408918347822,0.1546907183435468
5414,109,19,0.1,0.0,0.02753142086148307,-0.14107014912200774,0.15859534020790458
5415,109,20,0.1,0.0,0.02400507427489789,-0.14281787896636092,0.1617781669089309
5416,109,21,0.1,0.0,0.03574086182380937,-0.13278379487135086,0.14751533147298196
5417,109,22,0.1,0.0,0.03939398966377631,-0.1289715907275344,0.14250178842268993
5418,109,23,0.1,0.0,0.04004242086909173,-0.12784696756897027,0.14120820943493498
5419,109,24,0.1,0.0,0.042186375907573806,-0.12496181922523536,0.13768758620435165
5420,109,25,0.1,0.0,0.04467946118718345,-0.12432336527265955,0.13607593897254383
5421,109,26,0.1,0.0,0.05381648941461416,-0.1381303410004625,0.14564651645300172
5422,109,27,0.1,0.0,0.05044616652068416,-0.13574701827662533,0.14450894568672978
5423,109,28,0.1,0.0,0.04946325570122245,-0.1343747590713515,0.14356370850533148
5424,109,29,0.1,0.0,0.046326647399297254,-0.13432231548557377,0.1446489309217506
5425,109,30,0.1,0.0,0.0462105315316733,-0.1338132903197486,0.1442196366113243
5426,109,31,0.1,0.0,0.041844198005627734,-0.1336767797324414,0.14577921232207386
5427,109,32,0.1,0.0,0.04309797160631597,-0.13294114443236077,0.14460701476173773
5428,109,33,0.1,0.0,0.04339474500183588,-0.13037488873602388,0.1421329184472682
5429,109,34,0.1,0.0,0.04456213159039644,-0.14065966418446108,0.1511902721152584
5430,109,35,0.1,0.0,0.042215368448421546,-0.1373756109450529,0.1490339629952791
5431,109,36,0.1,0.0,0.04000346279055638,-0.13677007905065902,0.14935072480790867
5432,109,37,0.1,0.0,0.03843034521875316,-0.1364825970529906,0.14972749142429026
5433,109,38,0.1,0.0,0.042302631102962035,-0.13833595858212058,0.14988603608900686
5434,109,39,0.1,0.0,0.04414166751908651,-0.1339323948555889,0.1451138852739518
5435,109,40,0.1,0.0,0.03989537006005817,-0.13322690293327882,0.14615736110579805
5436,109,41,0.1,0.0,0.03767513818313302,-0.13333656455670934,0.14718365346830156
5437,109,42,0.1,0.0,0.027335257189857312,-0.13919993436253664,0.15702479604890016
5438,109,43,0.1,0.0,0.0284397727252753,-0.1367160279268187,0.1543118220347907
5439,109,44,0.1,0.0,0.03104183134448508,-0.12936119701464108,0.1465931387118211
5440,109,45,0.1,0.0,0.034012272605383254,-0.1291063827892084,0.14499254547603427
5441,109,46,0.1,0.0,0.03411732142603268,-0.13178084610243215,0.14733200173605734
5442,109,47,0.1,0.0,0.03672025246227889,-0.12934034936465522,0.14399045948328934
5443,109,48,0.1,0.0,0.03743600696289118,-0.13218305320527543,0.14624162464707535
5444,110,0,0.2,0.0,0.09070802479982376,-0.14836294949054718,0.1842723544775249
5445,110,1,0.2,0.0,0.08901076316833496,-0.1589501067996025,0.19386528091455799
5446,110,2,0.2,0.0,0.08603686526417732,-0.16382731452584265,0.1995669939232554
5447,110,3,0.2,0.0,0.08708101440966129,-0.16761747716367242,0.20210471532714266
5448,110,4,0.2,0.0,0.08201600934714079,-0.16978017144352195,0.20674991817595884
5449,110,5,0.2,0.0,0.08591064515665173,-0.17265408493146298,0.20694398742677272
5450,110,6,0.2,0.0,0.07883489819435774,-0.1660892732932716,0.20558849335178933
5451,110,7,0.2,0.0,0.07888797034271508,-0.15810544814628208,0.19916188506148397
5452,110,8,0.2,0.0,0.08252004088574215,-0.1578721361177493,0.19678707314218805
5453,110,9,0.2,0.0,0.08009346560765798,-0.16182201651455264,0.20140492054271675
5454,110,10,0.2,0.0,0.0805930539001092,-0.16496156586612173,0.20364266986539203
5455,110,11,0.2,0.0,0.08035615765257131,-0.16656296852611935,0.2050801587084655
5456,110,12,0.2,0.0,0.07764123482746299,-0.16689339163271988,0.20694219382528173
5457,110,13,0.2,0.0,0.0770002066817849,-0.17061180092551192,0.21032673575028482
5458,110,14,0.2,0.0,0.07415088085421703,-0.16400834473332282,0.20672865774230226
5459,110,15,0.2,0.0,0.07392486058336642,-0.15469551520200928,0.1995636319636889
5460,110,16,0.2,0.0,0.05847226143741113,-0.15433254843609184,0.20940065971581642
5461,110,17,0.2,0.0,0.06395617393259656,-0.16009974483608858,0.21009486168785424
5462,110,18,0.2,0.0,0.05963806696060415,-0.163449877528069,0.21544682571459856
5463,110,19,0.2,0.0,0.0672733440610387,-0.16580896260281633,0.21238874093548735
5464,110,20,0.2,0.0,0.07073922214198436,-0.16612509168543577,0.21048965480506093
5465,110,21,0.2,0.0,0.0753592183699392,-0.1753274772976906,0.21511636093269318
5466,110,22,0.2,0.0,0.07457646020821014,-0.16914318026011682,0.21057179241866436
5467,110,23,0.2,0.0,0.07895007011294261,-0.1637198399964357,0.2036105879715493
5468,110,24,0.2,0.0,0.08102701176106857,-0.16010964711749245,0.19947348453012215
5469,110,25,0.2,0.0,0.08294806702166745,-0.16353619804154418,0.20111002730805647
5470,110,26,0.2,0.0,0.08187996647021138,-0.16913474397976605,0.20629809485833697
5471,110,27,0.2,0.0,0.08059125876310144,-0.16863771933300878,0.2066328334646245
5472,110,28,0.2,0.0,0.08067820112027597,-0.17195501387703924,0.20929935137344804
5473,110,29,0.2,0.0,0.08245558513286223,-0.17574336302689667,0.2114294660506463
5474,110,30,0.2,0.0,0.08148978358663873,-0.1702019797830618,0.20739668588580557
5475,110,31,0.2,0.0,0.083274609042311,-0.1633193710394885,0.2007437018961229
5476,110,32,0.2,0.0,0.0835157310815384,-0.15799087020394503,0.1962898366530175
5477,110,33,0.2,0.0,0.07825951631826271,-0.16241950206802397,0.2029799005298017
5478,110,34,0.2,0.0,0.08236648464375214,-0.17083410460742587,0.2074172973309833
5479,110,35,0.2,0.0,0.0810357302618169,-0.1724724663028577,0.20952147648136116
5480,110,36,0.2,0.0,0.08082989172483486,-0.17366938739127133,0.21062424082515777
5481,110,37,0.2,0.0,0.08258229192536573,-0.18010270907853393,0.21499745111727966
5482,110,38,0.2,0.0,0.08428355318813573,-0.1771082542346124,0.2115599909737073
5483,110,39,0.2,0.0,0.08360765436049636,-0.1674580338998976,0.20393472299018855
5484,110,40,0.2,0.0,0.06185159450898006,-0.15915164196322756,0.21074683171830283
5485,110,41,0.2,0.0,0.06901577146143321,-0.16547220985771494,0.2110400918333745
5486,110,42,0.2,0.0,0.07034872419539513,-0.16973946122802192,0.21359058503534487
5487,110,43,0.2,0.0,0.07024893500241036,-0.1701766907168808,0.21399870310671892
5488,110,44,0.2,0.0,0.07057464581214067,-0.17395878248367386,0.2168238462666295
5489,110,45,0.2,0.0,0.07284369715092454,-0.1765096290813642,0.21754166155632482
5490,110,46,0.2,0.0,0.07075080403314542,-0.17262844718841014,0.21565234855377782
5491,110,47,0.2,0.0,0.07208183869757809,-0.16371851547701266,0.20776623474710532
5492,110,48,0.2,0.0,0.07333967487540831,-0.16071363855302506,0.2046257842443607
5493,111,0,0.3,0.0,0.05885641276836395,-0.01677541807293892,0.241726383157618
5494,111,1,0.3,0.0,0.06332794800400735,-0.011549519095569848,0.23695369080757694
5495,111,2,0.3,0.0,0.08803806386888027,-0.006156773390248418,0.2120513339430614
5496,111,3,0.3,0.0,0.10931987044960259,-0.0059303700579330315,0.19077232790522938
5497,111,4,0.3,0.0,0.10017290820106863,-0.003643498992640524,0.19986030546791406
5498,111,5,0.3,0.0,0.10065310151971875,-0.0010367588865291316,0.199349594438254
5499,111,6,0.3,0.0,0.09708134324469415,0.00046265682716947125,0.2029191841860137
5500,111,7,0.3,0.0,0.08765352536025418,-6.015243488950603e-05,0.21234648315958435
5501,111,8,0.3,0.0,0.03221912918635151,-0.020707107828566256,0.26858030286739154
5502,111,9,0.3,0.0,0.06494696454906025,-0.01171334005028623,0.23534470848063352
5503,111,10,0.3,0.0,0.06212419432096174,-0.008950050061110977,0.23804411843930942
5504,111,11,0.3,0.0,0.04179166146302961,-0.014700587982550289,0.2586264746251926
5505,111,12,0.3,0.0,0.06177024540036241,-0.01200425402073117,0.2385320064293213
5506,111,13,0.3,0.0,0.0762939490150464,-0.007063241513059896,0.2238175297601921
5507,111,14,0.3,0.0,0.07367632424729434,-0.0059319967198277045,0.22640140191990837
5508,111,15,0.3,0.0,0.08903619567680515,-0.00247172749092511,0.21097828364858937
5509,111,16,0.3,0.0,0.07549424786458124,-0.0023979657135678543,0.2245185582116844
5510,111,17,0.3,0.0,0.06991306169194775,-0.007176422193109119,0.23019882757187793
5511,111,18,0.3,0.0,0.06646156317347246,-0.005424445410069214,0.23360142568782583
5512,111,19,0.3,0.0,0.06442698915250868,-0.006869080137607923,0.23567313742064272
5513,111,20,0.3,0.0,0.06359866912775675,-0.004237078125877409,0.23643929891033896
5514,111,21,0.3,0.0,0.07859371089865175,-0.00164889981664445,0.22141242901931935
5515,111,22,0.3,0.0,0.09496545581768537,0.0010920612256024459,0.20503745244654692
5516,111,23,0.3,0.0,0.08017053680743186,-0.00020089701878965647,0.2198295549900987
5517,111,24,0.3,0.0,0.08760437676298405,0.0008811721839253254,0.21239745110207453
5518,111,25,0.3,0.0,0.09634287646702377,0.0035085533742031357,0.2036873435255749
5519,111,26,0.3,0.0,0.08727045202159896,0.0029319351536526905,0.21274975164930288
5520,111,27,0.3,0.0,0.08094994764261254,-0.004058336671616014,0.21908764349984314
5521,111,28,0.3,0.0,0.07363774506760602,-0.003064650086807969,0.22638299966700834
5522,111,29,0.3,0.0,0.07186404084125236,-0.009185035603020026,0.22832078473128659
5523,111,30,0.3,0.0,0.06399246305695526,-0.008339563959580066,0.23615483442216156
5524,111,31,0.3,0.0,0.11110471561878867,-0.007416010491668165,0.18904080425419068
5525,111,32,0.3,0.0,0.09909379817774853,-0.01153979938709069,0.20123734469659832
5526,111,33,0.3,0.0,0.08083309244525108,-0.009073546267805795,0.21935465030171086
5527,111,34,0.3,0.0,0.07599893369265567,-0.007986614838074455,0.22414339991041232
5528,111,35,0.3,0.0,0.06279514467310626,-0.007711045694233544,0.23733015741020175
5529,111,36,0.3,0.0,0.05339759925915999,-0.0066220366284917755,0.24669129579345708
5530,111,37,0.3,0.0,0.07777968285421472,-0.0029153671876062624,0.22223944006006666
5531,111,38,0.3,0.0,0.06520516218302606,-0.0043441231615422935,0.2348350213906387
5532,111,39,0.3,0.0,0.05269118924032222,-0.004662954350010071,0.24735276635331246
5533,111,40,0.3,0.0,0.05402969042821129,-0.0030822184647489185,0.24598962023123253
5534,111,41,0.3,0.0,0.07370314080769201,-0.0008167990608272963,0.22629833327050605
5535,111,42,0.3,0.0,0.05562770943321849,-0.004987527261851292,0.24442318184870107
5536,111,43,0.3,0.0,0.06446469010248428,-0.005609070354674898,0.2356020880186813
5537,111,44,0.3,0.0,0.09707103497718028,0.0009239854258475209,0.20293106857822427
5538,111,45,0.3,0.0,0.08133261530452943,0.0001867704862256103,0.21866746445864196
5539,111,46,0.3,0.0,0.06482590352691991,-0.008468445113129469,0.23532651829864745
5540,111,47,0.3,0.0,0.06885287270584153,-0.010802178263245955,0.23139939825240002
5541,111,48,0.3,0.0,0.08496422021534952,-0.006270761707877372,0.21512719270233988
5542,112,0,0.4,0.0,-0.12192125618457794,0.021916404366493225,0.5223812079675565
5543,112,1,0.4,0.0,-0.10334316231310367,0.03479926213622093,0.50454467363414
5544,112,2,0.4,0.0,-0.06587085288017987,0.06455445535480975,0.4703221547720906
5545,112,3,0.4,0.0,-0.03404039852693676,0.08315341495722531,0.4419338841642159
5546,112,4,0.4,0.0,-0.020421316961571564,0.09321907163932919,0.43063195314909064
5547,112,5,0.4,0.0,-0.0005297358017042203,0.10492746830873191,0.41404570142324015
5548,112,6,0.4,0.0,0.014023630656141792,0.11492049307251721,0.4027213396629199
5549,112,7,0.4,0.0,0.021258905466533827,0.11741326776581332,0.39652325547923994
5550,112,8,0.4,0.0,0.026125056252177543,0.11766849775320418,0.3919545240534076
5551,112,9,0.4,0.0,0.0341778441207679,0.12354758603815524,0.3861215556634783
5552,112,10,0.4,0.0,0.034194202051157786,0.11871253705433012,0.38458620394765186
5553,112,11,0.4,0.0,0.03712872175168645,0.11557787288713157,0.38083304646351124
5554,112,12,0.4,0.0,0.034100960000894034,0.1183458287580946,0.38456188404040725
5555,112,13,0.4,0.0,0.0372486543786318,0.1203034607912001,0.38217988098335737
5556,112,14,0.4,0.0,0.03687620336733794,0.11988546494061031,0.3824021657691615
5557,112,15,0.4,0.0,0.0499352504555958,0.12901247968663765,0.373081155767055
5558,112,16,0.4,0.0,0.05063954073401334,0.12904154609911636,0.37243046480946146
5559,112,17,0.4,0.0,0.05432983765749563,0.13296059067935842,0.3703597977746737
5560,112,18,0.4,0.0,0.055192716874916364,0.12962678727630544,0.3683682484629724
5561,112,19,0.4,0.0,0.054950403740770926,0.12908978919174907,0.3684065655661245
5562,112,20,0.4,0.0,0.06121238872362883,0.13320661298424646,0.3640344040019905
5563,112,21,0.4,0.0,0.053981866821324796,0.13094415861759037,0.3699661081295476
5564,112,22,0.4,0.0,0.0322672703308594,0.12043748665725604,0.38695290238249147
5565,112,23,0.4,0.0,0.037279666951289994,0.11739362685097049,0.3812444145586818
5566,112,24,0.4,0.0,0.0385035227176486,0.11985413368293596,0.38084736634042343
5567,112,25,0.4,0.0,0.040100388507630126,0.12364219173813129,0.3805458210651742
5568,112,26,0.4,0.0,0.039076399253219346,0.12669348151998702,0.3825141616145431
5569,112,27,0.4,0.0,0.03548730737217961,0.12073011226516851,0.3839860193995923
5570,112,28,0.4,0.0,0.02859338252121298,0.11877991302751821,0.38993787100749633
5571,112,29,0.4,0.0,0.025272935528177637,0.11512480408708577,0.39201287397706625
5572,112,30,0.4,0.0,0.02092680477006538,0.11027696466974643,0.39478791303509364
5573,112,31,0.4,0.0,0.031240704904320953,0.11570542569530565,0.3864856572433109
5574,112,32,0.4,0.0,-0.02313547802445672,0.08170246303355486,0.4309511865962721
5575,112,33,0.4,0.0,0.002388917597788899,0.0984123011846647,0.4096090256250698
5576,112,34,0.4,0.0,0.003698671345771184,0.10456095807686583,0.4098630710945537
5577,112,35,0.4,0.0,0.015393231699270588,0.11041527212713753,0.40014234784841357
5578,112,36,0.4,0.0,0.03306475214419942,0.1209439283086679,0.38635334852144093
5579,112,37,0.4,0.0,-0.019835763150645034,0.08604182286999376,0.42856185469903396
5580,112,38,0.4,0.0,-0.007280695768132722,0.10027595747271403,0.4194434798544899
5581,112,39,0.4,0.0,0.004441589035238384,0.10818295053771591,0.41008536583498456
5582,112,40,0.4,0.0,0.021742635163020982,0.1171353286553623,0.39597893791540884
5583,112,41,0.4,0.0,0.026021001969423217,0.12299653721197853,0.39368571111241996
5584,112,42,0.4,0.0,0.03429361682559294,0.12850351962090617,0.38762651257294933
5585,112,43,0.4,0.0,0.03893352027731806,0.12900599025536336,0.38342085011263644
5586,112,44,0.4,0.0,0.034807501318041174,0.12357841757927468,0.385534935362504
5587,112,45,0.4,0.0,0.032642845220753135,0.12317625065243135,0.38745795628983304
5588,112,46,0.4,0.0,0.0347216029814601,0.1233309638074748,0.38553707209828053
5589,112,47,0.4,0.0,0.037865704784413576,0.1267543615997035,0.3836768379194109
5590,112,48,0.4,0.0,0.03772367317749488,0.1273001410037417,0.3839914880249028
5591,113,0,0.5,0.0,-0.1549294888973236,0.3604385256767273,0.7475617474291487
5592,113,1,0.5,0.0,-0.19393218755722044,0.3385855585336685,0.7721282674371568
5593,113,2,0.5,0.0,-0.17768096119165416,0.29459764719009396,0.7389446927149442
5594,113,3,0.5,0.0,-0.16404836806654927,0.2847370804548263,0.7225202004911596
5595,113,4,0.5,0.0,-0.1318508086413145,0.26848562517166136,0.6865274760011436
5596,113,5,0.5,0.0,-0.12930098682314156,0.27505986562252044,0.6867879306546227
5597,113,6,0.5,0.0,-0.12538059931764003,0.2788490530810356,0.6847318368581096
5598,113,7,0.5,0.0,-0.17170244919497069,0.2924158308777332,0.7325921091592765
5599,113,8,0.5,0.0,-0.1634158524579486,0.29305664536468023,0.7252604985003019
5600,113,9,0.5,0.0,-0.1602144919727918,0.30931006954092066,0.7290787985741327
5601,113,10,0.5,0.0,-0.15417881290378904,0.29955788215185003,0.7195031924957056
5602,113,11,0.5,0.0,-0.14632324860676044,0.2828551802250679,0.7055074731494713
5603,113,12,0.5,0.0,-0.19987727543044825,0.27894108705213216,0.7534164391024215
5604,113,13,0.5,0.0,-0.20300933160613094,0.3093030248954235,0.7680432810296292
5605,113,14,0.5,0.0,-0.17748502996326565,0.272087604444428,0.7300805642644066
5606,113,15,0.5,0.0,-0.16450257176888738,0.27087241157774383,0.7175900858020601
5607,113,16,0.5,0.0,-0.15772394242200183,0.25262462021329973,0.7045707793920031
5608,113,17,0.5,0.0,-0.1714085880082751,0.2479440524676768,0.7157274238181458
5609,113,18,0.5,0.0,-0.15664786599212221,0.26167875211929575,0.7068678725353982
5610,113,19,0.5,0.0,-0.15227869800223243,0.2607563056255053,0.7024680425406905
5611,113,20,0.5,0.0,-0.14634916341349813,0.25645582401685607,0.6953681260436759
5612,113,21,0.5,0.0,-0.13390897471936278,0.23205224590254708,0.6750472820907955
5613,113,22,0.5,0.0,-0.13736022146008622,0.24314390164342542,0.6821634765992957
5614,113,23,0.5,0.0,-0.16422418795052715,0.2392927142899127,0.7060132965962972
5615,113,24,0.5,0.0,-0.16591904589947545,0.2545980416779343,0.7129294064056461
5616,113,25,0.5,0.0,-0.15245296106330095,0.25646620314630236,0.7010490565977175
5617,113,26,0.5,0.0,-0.1448746878098853,0.2640146744739876,0.6968264571006921
5618,113,27,0.5,0.0,-0.12457601286311798,0.23429357734762687,0.6670747156281207
5619,113,28,0.5,0.0,-0.17975004156567548,0.24479749311218799,0.722485938716145
5620,113,29,0.5,0.0,-0.1590105371981514,0.267712679072689,0.7113121443322001
5621,113,30,0.5,0.0,-0.15295075417724813,0.2722828513335483,0.7074479758335338
5622,113,31,0.5,0.0,-0.1424323246262202,0.2649228213395583,0.6949125074361238
5623,113,32,0.5,0.0,-0.13292293476732678,0.28876184093119056,0.6956830040560542
5624,113,33,0.5,0.0,-0.137631440255746,0.29906712439669114,0.7042833226035691
5625,113,34,0.5,0.0,-0.1394260723050369,0.2963636500329679,0.7047674190854099
5626,113,35,0.5,0.0,-0.13574796210320325,0.27954987912214135,0.6944952168557965
5627,113,36,0.5,0.0,-0.16735492749426834,0.28544586261297694,0.7258387835695655
5628,113,37,0.5,0.0,-0.14098913219958395,0.25370033385485213,0.6893699492986616
5629,113,38,0.5,0.0,-0.14207860751125112,0.2689638143925951,0.6961368196527186
5630,113,39,0.5,0.0,-0.14253513759594189,0.25216125888669094,0.6902439449417551
5631,113,40,0.5,0.0,-0.13990120313917317,0.256028389037952,0.6892199110387992
5632,113,41,0.5,0.0,-0.13861282721805873,0.2498034050771729,0.685731787418078
5633,113,42,0.5,0.0,-0.14658485590372294,0.2649825947976505,0.6987758949976266
5634,113,43,0.5,0.0,-0.13778256716596748,0.25169351013973124,0.6856502213426835
5635,113,44,0.5,0.0,-0.14206261475471024,0.24055028377704157,0.6856448353855447
5636,113,45,0.5,0.0,-0.13847175963432745,0.26690779619527494,0.6920158665235738
5637,113,46,0.5,0.0,-0.1549945136844894,0.2006103775916382,0.6850272524171871
5638,113,47,0.5,0.0,-0.153117482628211,0.20455130909010955,0.6844002368242497
5639,113,48,0.5,0.0,-0.15024332884554986,0.2185336200583739,0.6859834763344956
5640,113,49,0.5,0.0,-0.14966917016628828,0.23943170743506492,0.6923854224272953
5641,114,0,0.6,0.0,-0.05048132315278053,0.03987682983279228,0.6517024730105798
5642,114,1,0.6,0.0,-0.05566623322665691,0.05210811980068683,0.6577335824958275
5643,114,2,0.6,0.0,-0.060367098785936824,0.060594679526984684,0.6631413275810316
5644,114,3,0.6,0.0,-0.08383928680047392,0.05945397019758819,0.6864189280199349
5645,114,4,0.6,0.0,-0.07105556438900529,0.05764934465549885,0.673527295242483
5646,114,5,0.6,0.0,-0.06271227292593567,0.05867611871842294,0.6653047749674718
5647,114,6,0.6,0.0,-0.06961114744010939,0.07524324685015901,0.6738253742421799
5648,114,7,0.6,0.0,-0.06608147313460074,0.08073815962448752,0.6709569131268484
5649,114,8,0.6,0.0,-0.057004901997099844,0.07442363085888351,0.6612067135763506
5650,114,9,0.6,0.0,-0.054191676166947055,0.07227020226696895,0.6581715059935581
5651,114,10,0.6,0.0,-0.052645868481304994,0.07210974279985663,0.6566174264001667
5652,114,11,0.6,0.0,-0.0558344498224802,0.08673080199720547,0.6615444486873377
5653,114,12,0.6,0.0,-0.05170025489861002,0.08340619678927917,0.6570158414359315
5654,114,13,0.6,0.0,-0.0487205872286753,0.07370873215738356,0.6528946143831837
5655,114,14,0.6,0.0,-0.049185421818949505,0.06931466679831737,0.6528753594183265
5656,114,15,0.6,0.0,-0.0512156046709621,0.07122061078491088,0.6550985721000638
5657,114,16,0.6,0.0,-0.05408053895799744,0.07402264845688733,0.6582558043254585
5658,114,17,0.6,0.0,-0.05869077106990317,0.07638052990658795,0.6631044542464443
5659,114,18,0.6,0.0,-0.05887212986722121,0.07996040233410001,0.6637063729219417
5660,114,19,0.6,0.0,-0.06958545937619776,0.05761013708542406,0.6720592349659628
5661,114,20,0.6,0.0,-0.07164167375502506,0.06416868862928383,0.6747000507817185
5662,114,21,0.6,0.0,-0.06708218400971355,0.06625361083144946,0.6703642153123737
5663,114,22,0.6,0.0,-0.05932067728745325,0.06495544822749,0.662512615542693
5664,114,23,0.6,0.0,-0.05067219712034035,0.06580118296757888,0.6539909049714253
5665,114,24,0.6,0.0,-0.05126609816537914,0.06699077333759154,0.6547024471711754
5666,114,25,0.6,0.0,-0.05742533470263711,0.06965429988528907,0.6611049782004248
5667,114,26,0.6,0.0,-0.06969775086193722,0.07381914491373234,0.6737539192207581
5668,114,27,0.6,0.0,-0.06850224612041919,0.07163930266541792,0.6723298615668003
5669,114,28,0.6,0.0,-0.06522795324046637,0.07612343659609344,0.669569270032384
5670,114,29,0.6,0.0,-0.06754505843086499,0.07540702592757195,0.6717906106776936
5671,114,30,0.6,0.0,-0.06686540839189709,0.07873579104740216,0.6714974294079998
5672,114,31,0.6,0.0,-0.061539975831708255,0.07583331235248998,0.6658722331542046
5673,114,32,0.6,0.0,-0.06224527222003605,0.07704959156711308,0.6667124118677021
5674,114,33,0.6,0.0,-0.061244110847117963,0.07615344961305047,0.6656148451003501
5675,114,34,0.6,0.0,-0.06576417079490594,0.07672978483511715,0.6701711654458673
5676,114,35,0.6,0.0,-0.07704044663553954,0.09275397340468164,0.6833645190985608
5677,114,36,0.6,0.0,-0.07004412634722257,0.08745913506555673,0.6757279271710087
5678,114,37,0.6,0.0,-0.07208142391330306,0.08487038896188817,0.677418942229899
5679,114,38,0.6,0.0,-0.0638516468111715,0.0774774145086008,0.668357508174212
5680,114,39,0.6,0.0,-0.053438460453135654,0.06659183228508415,0.6568228785041282
5681,114,40,0.6,0.0,-0.05212026256983281,0.06809901597248562,0.655666312105913
5682,114,41,0.6,0.0,-0.049680191706273566,0.06885382042828135,0.6533186053397457
5683,114,42,0.6,0.0,-0.05194118335987878,0.07028300344499004,0.6557186951230898
5684,114,43,0.6,0.0,-0.05266013692420747,0.0744931640295827,0.6568976220211666
5685,114,44,0.6,0.0,-0.05398573841076511,0.07661593749603138,0.6584583114541644
5686,114,45,0.6,0.0,-0.05084770327602816,0.07708575980004026,0.655396786094981
5687,114,46,0.6,0.0,-0.05624619383669391,0.07745828836456385,0.6608016747568938
5688,114,47,0.6,0.0,-0.07204654545922623,0.05869978608818663,0.6746052357864403
5689,114,48,0.6,0.0,-0.05876143704541208,0.05135842595986792,0.6607604095700738
5690,115,0,0.8,0.0,-0.0687350481748581,0.02844710648059845,0.86920067981709
5691,115,1,0.8,0.0,-0.13620480448007583,0.052682333439588544,0.9376859091338726
5692,115,2,0.8,0.0,-0.08095836549997329,0.06206246964633464,0.8831417733767251
5693,115,3,0.8,0.0,-0.06309553098678589,0.048941449217498295,0.8644820189343853
5694,115,4,0.8,0.0,-0.06950384505987167,0.06840022938922047,0.8721900755881137
5695,115,5,0.8,0.0,-0.036203028409481045,0.049091581112220874,0.8376428165138678
5696,115,6,0.8,0.0,-0.03379437628304958,0.07396154505436867,0.8370683198330164
5697,115,7,0.8,0.0,-0.14042257281185389,0.07997712623772694,0.9438172260428986
5698,115,8,0.8,0.0,-0.09280427752364515,0.0523615480245488,0.894338420105077
5699,115,9,0.8,0.0,-0.0412847324798523,0.05621990343401194,0.8431611225891683
5700,115,10,0.8,0.0,-0.017401596875291366,0.06660850416946959,0.8201110067557749
5701,115,11,0.8,0.0,-0.05538553265721689,0.05081249366755273,0.8568934116866495
5702,115,12,0.8,0.0,-0.07135164924059076,0.055959079547608793,0.8731466745158646
5703,115,13,0.8,0.0,-0.07497973423516387,0.042788742855160856,0.8760253488554788
5704,115,14,0.8,0.0,-0.06496456341863616,0.033613289762267066,0.8656174381437992
5705,115,15,0.8,0.0,-0.025185248790628317,0.02634296048617364,0.825605624005086
5706,115,16,0.8,0.0,-0.005826003180854144,0.021238650949102645,0.8061058414976087
5707,115,17,0.8,0.0,-0.034903507211644286,0.012956277622442842,0.8350040308190937
5708,115,18,0.8,0.0,-0.03062188145536898,0.011389438916557014,0.8306999634472672
5709,115,19,0.8,0.0,-0.05182547382427358,0.0021872036546658332,0.8518282818243212
5710,115,20,0.8,0.0,-0.06986546773055366,0.03310646529228822,0.8704952440962814
5711,115,21,0.8,0.0,-0.05445773185131371,0.02167680840975975,0.8547326479919467
5712,115,22,0.8,0.0,-0.02541624999628657,0.024900439251471104,0.8257917519767611
5713,115,23,0.8,0.0,-0.016338996813797312,0.023664263023243325,0.8166819179236127
5714,115,24,0.8,0.0,0.0004616452671365439,0.025838802251531866,0.7999557640211914
5715,115,25,0.8,0.0,-0.018748047312886165,0.01583352597586307,0.8189011329357729
5716,115,26,0.8,0.0,0.032437853363599924,0.05504758296829854,0.7695335504964876
5717,115,27,0.8,0.0,-0.01474934230922403,0.040558009036090734,0.8157582012399781
5718,115,28,0.8,0.0,-0.03480038531099875,0.03863944320022537,0.8356941365632616
5719,115,29,0.8,0.0,0.00781263742613213,0.02355578341903916,0.792537502175276
5720,115,30,0.8,0.0,-0.014531458828477147,0.0336090476232354,0.8152245491294948
5721,115,31,0.8,0.0,0.006878285319070362,0.03251056454005925,0.7937877494047961
5722,115,32,0.8,0.0,-0.0053246901955979675,0.055402728736362476,0.8072281703397566
5723,115,33,0.8,0.0,0.011627531988546816,0.05056759017107202,0.7899925502776461
5724,115,34,0.8,0.0,-0.04708210045080593,0.028393156783562093,0.847557818827887
5725,115,35,0.8,0.0,-0.04112934311019229,0.0371375750449765,0.8419487937643269
5726,115,36,0.8,0.0,-0.04436759867122564,0.03292946079504766,0.8450094621210253
5727,115,37,0.8,0.0,-0.05334143790101563,0.05771623394283249,0.855291045960097
5728,115,38,0.8,0.0,-0.014380618351170302,0.03827299290870444,0.8152794695883273
5729,115,39,0.8,0.0,-0.018028858085203388,0.06507899840456616,0.8206134831292521
5730,115,40,0.8,0.0,0.007927739922394601,0.08119972880530019,0.796223499491506
5731,115,41,0.8,0.0,-0.010842476648158657,0.04249601684603454,0.8119553148940514
5732,115,42,0.8,0.0,0.014875141478134415,0.07541434154724432,0.7887384651327611
5733,115,43,0.8,0.0,-0.0003075198455778222,0.062027221595950394,0.8027076071274604
5734,115,44,0.8,0.0,0.011708818148882267,0.05074905402759237,0.7899230683230662
5735,115,45,0.8,0.0,0.012173957963702832,0.05021753579983776,0.7894249004258642
5736,115,46,0.8,0.0,0.02226711053445183,0.05766708621806666,0.7798678991914673
5737,115,47,0.8,0.0,-0.012623144764145515,0.04610900658963855,0.8139302279035058
5738,115,48,0.8,0.0,-0.030368830020137835,0.04037124830006674,0.831349644589037
5739,115,49,0.8,0.0,-0.0025642257714626644,0.036629049899810355,0.8033996662836687
5740,116,0,1.0,0.0,-0.09808817505836487,0.14630833268165588,1.1077922947985765
5741,116,1,1.0,0.0,-0.06125070527195929,0.1483710095286369,1.0715722168425132
5742,116,2,1.0,0.0,-0.04710748754441737,0.13980945914983747,1.056399912599084
5743,116,3,1.0,0.0,-0.054712274409830564,0.1508691502511501,1.0654480195149183
5744,116,4,1.0,0.0,-0.06346693497523664,0.1891592875152826,1.080158857686643
5745,116,5,1.0,0.0,-0.09536670648194848,0.17721583143085237,1.1096096938017619
5746,116,6,1.0,0.0,-0.14079234204884616,0.17500600801554317,1.1541378906000912
5747,116,7,1.0,0.0,-0.16386231622633707,0.16146258523715432,1.1750087904195439
5748,116,8,1.0,0.0,-0.14840386995748836,0.17046277927812958,1.1609862219908382
5749,116,9,1.0,0.0,-0.13243925404899626,0.16488221332649308,1.1443796609440813
5750,116,10,1.0,0.0,-0.14850127878434774,0.17006959201548438,1.161024915106302
5751,116,11,1.0,0.0,-0.1215405905281814,0.19451398826795574,1.138283351294487
5752,116,12,1.0,0.0,-0.14689407754189954,0.1755743659934444,1.1602553094447294
5753,116,13,1.0,0.0,-0.09684876159601438,0.19387263617721495,1.11385088987396
5754,116,14,1.0,0.0,-0.04829031615496794,0.18145456555749084,1.0638789152464392
5755,116,15,1.0,0.0,-0.039611951731928025,0.156633994482811,1.0513454324871105
5756,116,16,1.0,0.0,-0.05939259912202902,0.12321556252936422,1.0665339909838578
5757,116,17,1.0,0.0,-0.0842210039490571,0.12031385302434294,1.0908760739120942
5758,116,18,1.0,0.0,-0.06633056074339919,0.125123648344705,1.0736464931020926
5759,116,19,1.0,0.0,-0.10430459389061869,0.12256589427536789,1.1110855207982169
5760,116,20,1.0,0.0,-0.07245118564645249,0.11740787254236384,1.0788587276049657
5761,116,21,1.0,0.0,-0.04929833836750049,0.14172037639740676,1.0588256079199352
5762,116,22,1.0,0.0,-0.07126330345051587,0.13892476150360206,1.0802338425908276
5763,116,23,1.0,0.0,-0.017107353919982617,0.13738783371723243,1.0263443799483791
5764,116,24,1.0,0.0,-0.07267392220096568,0.1406766982932248,1.0818591760542062
5765,116,25,1.0,0.0,-0.10190173317390427,0.1178357621969333,1.1081844144474269
5766,116,26,1.0,0.0,-0.11210404913205327,0.1284410237927323,1.1194965442951728
5767,116,27,1.0,0.0,-0.12620465265119965,0.13617367503656544,1.1344074177411632
5768,116,28,1.0,0.0,-0.09701244808220294,0.10275724041292585,1.1018145768252423
5769,116,29,1.0,0.0,-0.10854604883877833,0.11424192891002358,1.1144171394577302
5770,116,30,1.0,0.0,-0.1077768246901222,0.13113467766678794,1.1155114508633708
5771,116,31,1.0,0.0,-0.07302476002777929,0.12096840701188172,1.0798219719600384
5772,116,32,1.0,0.0,-0.11469280246698577,0.10939015391647683,1.1200474318731206
5773,116,33,1.0,0.0,-0.13277359273694558,0.12955681642120984,1.140158314043873
5774,116,34,1.0,0.0,-0.025225500530638517,0.15422214778421456,1.0367602412349128
5775,116,35,1.0,0.0,-0.04399460150465047,0.16420919148634566,1.0568298758738102
5776,116,36,1.0,0.0,-0.08435827211107087,0.1739879564837365,1.0982279687283028
5777,116,37,1.0,0.0,-0.069519809890744,0.20987134391834578,1.0899167879920124
5778,116,38,1.0,0.0,-0.058262091533611046,0.1965110128158248,1.0763527454022654
5779,116,39,1.0,0.0,-0.1071472874873766,0.19022329425054207,1.1233699381175304
5780,116,40,1.0,0.0,-0.08751879030125559,0.16442190898126552,1.09987803115225
5781,116,41,1.0,0.0,-0.10772224094033295,0.14482080146537554,1.1171488833682586
5782,116,42,1.0,0.0,-0.10208241495382822,0.12701018048729928,1.1093769581606958
5783,116,43,1.0,0.0,-0.08932709330841328,0.12975604758048556,1.0970278702473633
5784,116,44,1.0,0.0,-0.08663136034376519,0.14027773686020722,1.095648464034502
5785,116,45,1.0,0.0,0.054977322733233684,0.08424677022733693,0.9487704563497878
5786,116,46,1.0,0.0,0.04713571849572779,0.10876096236613277,0.9590512425837632
5787,116,47,1.0,0.0,0.015174256495393165,0.09966062221462346,0.9898555372828944
5788,116,48,1.0,0.0,0.008146694016684882,0.09534519761278601,0.996425454962815
5789,116,49,1.0,0.0,-0.08135809948189968,0.10830593600503663,1.0867683815280205
5790,117,0,-0.5,0.1,0.07229482382535934,0.13116881251335144,0.5731429666765453
5791,117,1,-0.5,0.1,0.07955922931432724,0.1674814611673355,0.5834746334543565
5792,117,2,-0.5,0.1,0.07900332361459732,0.16036235272884367,0.5821412735614194
5793,117,3,-0.5,0.1,0.08171281158924101,0.17011312431097028,0.585922900531892
5794,117,4,-0.5,0.1,0.085249369174242,0.17940273384451863,0.5906112242929621
5795,117,5,-0.5,0.1,0.08510938995182513,0.15078101928174492,0.587308871147959
5796,117,6,-0.5,0.1,0.08479044411748646,0.164522083725512,0.5883391562860737
5797,117,7,-0.5,0.1,0.07101621952572464,0.18237200527209635,0.5769269193008737
5798,117,8,-0.5,0.1,0.06777833808306157,0.16243338166845855,0.5712006375547236
5799,117,9,-0.5,0.1,0.0675335562347403,0.13969063764235487,0.5689197519588398
5800,117,10,-0.5,0.1,0.06779179153674061,0.14596856687262433,0.5696495656777283
5801,117,11,-0.5,0.1,0.07450953771157315,0.1642741395796969,0.57809374148167
5802,117,12,-0.5,0.1,0.07927998979527032,0.18036352730154434,0.5848278405629768
5803,117,13,-0.5,0.1,0.07651942651218963,0.17669102694046107,0.5815979390946348
5804,117,14,-0.5,0.1,0.07997089625917628,0.19886929195936642,0.5883378089161181
5805,117,15,-0.5,0.1,0.06887894050345747,0.18403484653702662,0.5750522623039038
5806,117,16,-0.5,0.1,0.0686633134707426,0.17235989036053317,0.5732485654761924
5807,117,17,-0.5,0.1,0.07192766257894341,0.17015248848321962,0.5762140425774107
5808,117,18,-0.5,0.1,0.0752625280334613,0.1777248955699409,0.5804895654107893
5809,117,19,-0.5,0.1,0.0782151472667697,0.1889517827682518,0.5850172443495854
5810,117,20,-0.5,0.1,0.0775354925761511,0.19306824720869223,0.5849862766114055
5811,117,21,-0.5,0.1,0.08136099172422519,0.1978198039718353,0.5895331345629886
5812,117,22,-0.5,0.1,0.07645616918755035,0.1949912253748892,0.5842303038122969
5813,117,23,-0.5,0.1,0.08037986028161369,0.19564368780573832,0.5882078690714593
5814,117,24,-0.5,0.1,0.07732550097084745,0.18925343373700418,0.5841839688874437
5815,117,25,-0.5,0.1,0.07491376131577981,0.18366838190455342,0.5809700776122498
5816,117,26,-0.5,0.1,0.07206287076932773,0.17860410993744308,0.5774379050702354
5817,117,27,-0.5,0.1,0.072937843587039,0.18530341903184414,0.5792533520944776
5818,117,28,-0.5,0.1,0.07938175541185007,0.19931672755748225,0.5878324853874989
5819,117,29,-0.5,0.1,0.07684367074982192,0.19221716543743148,0.5841683199947114
5820,117,30,-0.5,0.1,0.07650768406282968,0.18030946447945032,0.582074496837358
5821,117,31,-0.5,0.1,0.07483418114944075,0.16280327038116726,0.5782547765373997
5822,117,32,-0.5,0.1,0.0680888551431362,0.14526571812533567,0.5698894038102845
5823,117,33,-0.5,0.1,0.06854654183688014,0.16095694787911832,0.5718049665134196
5824,117,34,-0.5,0.1,0.07161642816157712,0.15716679465103728,0.5744679132509258
5825,117,35,-0.5,0.1,0.07421797136012814,0.1649663453293841,0.5778813932446673
5826,117,36,-0.5,0.1,0.07833057451924554,0.1847095761194925,0.5845014676714719
5827,117,37,-0.5,0.1,0.07820100427743404,0.1912916150139342,0.5853636137643726
5828,117,38,-0.5,0.1,0.07897692237052943,0.18921403860177588,0.5858100556676108
5829,117,39,-0.5,0.1,0.07828170701491373,0.19735129219877912,0.586418798096424
5830,117,40,-0.5,0.1,0.07385625467935478,0.18290877222827806,0.5798145096037327
5831,117,41,-0.5,0.1,0.071209205621158,0.16171402847635957,0.5745333566444469
5832,117,42,-0.5,0.1,0.07706913764632983,0.17350211919454483,0.5817313393225156
5833,117,43,-0.5,0.1,0.07490076935043007,0.1528562617975019,0.577325453285166
5834,117,44,-0.5,0.1,0.078355414132526,0.17839533029737864,0.583644423316835
5835,117,45,-0.5,0.1,0.08494906919417314,0.18363197701295172,0.5908973862949678
5836,117,46,-0.5,0.1,0.08818601700715495,0.18191344827397632,0.5938624450248344
5837,117,47,-0.5,0.1,0.0847048363897859,0.17650358977902708,0.5896885151897432
5838,117,48,-0.5,0.1,0.08496007609064989,0.18320406349591556,0.5908478711159171
5839,118,0,-0.4,0.1,0.18973100185394287,-0.2646654546260834,0.6933711476152604
5840,118,1,-0.4,0.1,0.18987311422824857,-0.25877864062786105,0.6904146608090737
5841,118,2,-0.4,0.1,0.1926197901368141,-0.26309786170721056,0.6950095487388286
5842,118,3,-0.4,0.1,0.1968158946931362,-0.26291203549504283,0.6984943504893393
5843,118,4,-0.4,0.1,0.20175185169279575,-0.2624473247498274,0.7024765862532468
5844,118,5,-0.4,0.1,0.2000849858507514,-0.2660755228498578,0.7029319161009076
5845,118,6,-0.4,0.1,0.19876911152496934,-0.264056221450299,0.700757719395991
5846,118,7,-0.4,0.1,0.19543888406322896,-0.26436636950915154,0.6980761533555943
5847,118,8,-0.4,0.1,0.19530547326263337,-0.2627569156332966,0.69712350866703
5848,118,9,-0.4,0.1,0.19290239081600888,-0.2616833698959062,0.6945128545207773
5849,118,10,-0.4,0.1,0.19009486760768998,-0.25724638517177467,0.689809345033276
5850,118,11,-0.4,0.1,0.18813788938772275,-0.255726615695491,0.6873482392845803
5851,118,12,-0.4,0.1,0.1936582598465295,-0.2656042497116667,0.6972062800142009
5852,118,13,-0.4,0.1,0.1811318080985872,-0.259337762448275,0.683255300678499
5853,118,14,-0.4,0.1,0.1403154740189542,-0.22004900785004966,0.627990588217792
5854,118,15,-0.4,0.1,0.1601501143593113,-0.23143854824901727,0.6508607085100204
5855,118,16,-0.4,0.1,0.1710858102274899,-0.23761357428372676,0.6634168585315134
5856,118,17,-0.4,0.1,0.13538112058670074,-0.21720798952597917,0.6222972383835438
5857,118,18,-0.4,0.1,0.1486852026989214,-0.22571477890265956,0.6380795944522634
5858,118,19,-0.4,0.1,0.1624674965845651,-0.23613654494461497,0.6552537383040336
5859,118,20,-0.4,0.1,0.17024593342691408,-0.24124595964078063,0.6645519013298283
5860,118,21,-0.4,0.1,0.1764047627900523,-0.24244447659340268,0.6704555690844741
5861,118,22,-0.4,0.1,0.1828441689092057,-0.24183362402141823,0.6756904259667138
5862,118,23,-0.4,0.1,0.1830239821249938,-0.23871607556278024,0.6742740863903464
5863,118,24,-0.4,0.1,0.19163346391342947,-0.25151736221744775,0.6881821063951864
5864,118,25,-0.4,0.1,0.18925333391622712,-0.24007490453545163,0.6803458181147182
5865,118,26,-0.4,0.1,0.13025019948380398,-0.20606786881085967,0.6122440807153922
5866,118,27,-0.4,0.1,0.14364187488246008,-0.22147342872557751,0.631578699373479
5867,118,28,-0.4,0.1,0.15822363693020375,-0.23177433528856833,0.6493749597757488
5868,118,29,-0.4,0.1,0.16562444824925204,-0.2348995363995381,0.6573345540422292
5869,118,30,-0.4,0.1,0.17612223626440562,-0.24760937585427995,0.6728663383615662
5870,118,31,-0.4,0.1,0.18251525820181824,-0.2567871533413355,0.6830966980064715
5871,118,32,-0.4,0.1,0.1812386356057747,-0.25193867989438146,0.679484500137172
5872,118,33,-0.4,0.1,0.17571957504584557,-0.24113355910420575,0.6691973806270252
5873,118,34,-0.4,0.1,0.18073608792904927,-0.24758707369315736,0.6768095578681709
5874,118,35,-0.4,0.1,0.19289216520347932,-0.26023571311894733,0.6937513160823454
5875,118,36,-0.4,0.1,0.19152968312671895,-0.25304807209595614,0.6888761189289899
5876,118,37,-0.4,0.1,0.19341766565799492,-0.25630716769434214,0.6921700106659836
5877,118,38,-0.4,0.1,0.18929182103109204,-0.2461901083784902,0.6834562469341043
5878,118,39,-0.4,0.1,0.1769151829439629,-0.22592271344247683,0.6626135702270012
5879,118,40,-0.4,0.1,0.1775358954996626,-0.2288529925889597,0.6645991282911162
5880,118,41,-0.4,0.1,0.18169435540353576,-0.2359495349072196,0.6717368629997256
5881,118,42,-0.4,0.1,0.18634482399285557,-0.24167111030617797,0.6786305329419456
5882,118,43,-0.4,0.1,0.18580606900615002,-0.23995598214844477,0.6773026061391998
5883,118,44,-0.4,0.1,0.18739379272931567,-0.24780953765497332,0.6826440816565369
5884,118,45,-0.4,0.1,0.18634641446919864,-0.2485293953459462,0.6821105901399686
5885,118,46,-0.4,0.1,0.1925558526791745,-0.25525884590434034,0.6908916602026887
5886,118,47,-0.4,0.1,0.18283877031349435,-0.24325254890641468,0.6764047194626135
5887,118,48,-0.4,0.1,0.18411095022599205,-0.2465910398296975,0.6791987566715226
5888,118,49,-0.4,0.1,0.18605668401328934,-0.24999860508568328,0.682613697810538
5889,119,0,-0.3,0.1,-0.19166052341461182,-0.04721833020448685,0.1827858827562818
5890,119,1,-0.3,0.1,-0.17850655913352967,-0.04384680688381194,0.1882885021031375
5891,119,2,-0.3,0.1,-0.16771531075239182,-0.03631315667182206,0.18994871858260315
5892,119,3,-0.3,0.1,-0.1842750279009342,-0.038159713666886086,0.18022312739447593
5893,119,4,-0.3,0.1,-0.20389055088460445,-0.035621760402992364,0.16622360874458078
5894,119,5,-0.3,0.1,-0.18466604463964698,-0.022875028934739527,0.16852357103615204
5895,119,6,-0.3,0.1,-0.18577967781719562,-0.031365229845706374,0.17407787226399252
5896,119,7,-0.3,0.1,-0.2041881828430086,-0.028274886098965626,0.16010730998498277
5897,119,8,-0.3,0.1,-0.2122818424548658,-0.035294868649269374,0.1612426018331881
5898,119,9,-0.3,0.1,-0.21932715932251678,-0.033238820032137295,0.15575843600438102
5899,119,10,-0.3,0.1,-0.23418065837825502,-0.026823511323184134,0.14288592917380558
5900,119,11,-0.3,0.1,-0.22396848750376316,-0.033827854862407095,0.15391778854160723
5901,119,12,-0.3,0.1,-0.20370922293846336,-0.018943055912272803,0.1530338665030215
5902,119,13,-0.3,0.1,-0.1951434564054923,-0.021927911029350426,0.16081452118066977
5903,119,14,-0.3,0.1,-0.20863250156468566,-0.024141970863207345,0.15414035389906366
5904,119,15,-0.3,0.1,-0.22089784922359873,-0.025800276809121087,0.1486030279055713
5905,119,16,-0.3,0.1,-0.19505592890094658,0.003925377320021947,0.14227997463432207
5906,119,17,-0.3,0.1,-0.22120326554037786,-0.007634437771102397,0.13339451846234732
5907,119,18,-0.3,0.1,-0.24527833617409425,-0.009682264641197945,0.1225751184731111
5908,119,19,-0.3,0.1,-0.25250877370115365,-0.01648101280201544,0.1257904722892458
5909,119,20,-0.3,0.1,-0.2629485080716349,-0.01787139710335283,0.12355759510938209
5910,119,21,-0.3,0.1,-0.2656102801416453,-0.02117929660363837,0.12596457739098196
5911,119,22,-0.3,0.1,-0.2475995409029618,-0.00949500053781957,0.12138765693577531
5912,119,23,-0.3,0.1,-0.2491378596699761,-0.011204032262276445,0.12228366248334428
5913,119,24,-0.3,0.1,-0.25906489967242563,-0.012375613605804824,0.11959916794070821
5914,119,25,-0.3,0.1,-0.27152757322048127,-0.006559221305280236,0.11029753728847597
5915,119,26,-0.3,0.1,-0.24259611798006778,-0.02184644301780116,0.13469135587352501
5916,119,27,-0.3,0.1,-0.22894435408587197,-0.0188124492780232,0.13843880568582198
5917,119,28,-0.3,0.1,-0.20674219228836355,-0.022312737182885855,0.15380970182777895
5918,119,29,-0.3,0.1,-0.17412172430365003,0.0008544584877517684,0.1602347611913321
5919,119,30,-0.3,0.1,-0.169361871198079,-0.006018399195168534,0.16824452937547008
5920,119,31,-0.3,0.1,-0.18998328069913656,-0.014010173129445198,0.15843610100835934
5921,119,32,-0.3,0.1,-0.16288570914713332,0.0023327903864938833,0.16834254539412508
5922,119,33,-0.3,0.1,-0.1673100133521701,0.005320563468358037,0.1630056080585895
5923,119,34,-0.3,0.1,-0.18464166599992332,-0.0072089980670662895,0.15748433093427888
5924,119,35,-0.3,0.1,-0.16729936773517123,-0.0031192809470193105,0.16805666873562505
5925,119,36,-0.3,0.1,-0.16357103231009715,-0.0057069830498981036,0.1725886134437727
5926,119,37,-0.3,0.1,-0.19261999894896953,-0.013792378523083655,0.15645820539575434
5927,119,38,-0.3,0.1,-0.17424275307659173,-0.0038574713942333945,0.16309892555795422
5928,119,39,-0.3,0.1,-0.15819255193236176,-0.0040665575858302334,0.17589542556650198
5929,119,40,-0.3,0.1,-0.14585342284156771,0.00551867869521745,0.18079791847573376
5930,119,41,-0.3,0.1,-0.15680919382254008,-0.002380402302564208,0.17602657114590908
5931,119,42,-0.3,0.1,-0.15689977710739578,-0.0046702333326883285,0.1772950409284829
5932,119,43,-0.3,0.1,-0.153089253045192,-0.000521443318577907,0.17800934845583166
5933,119,44,-0.3,0.1,-0.17070944463804308,-0.00830983524210911,0.16866258659221395
5934,119,45,-0.3,0.1,-0.19679304707960743,-0.012764750379138814,0.15286452845307708
5935,119,46,-0.3,0.1,-0.19303161625307322,-0.023278249100317096,0.16321691647212802
5936,119,47,-0.3,0.1,-0.19422255066006444,-0.030003396006255026,0.16759997542369093
5937,119,48,-0.3,0.1,-0.22036286468186322,-0.03152580969758836,0.1537566646955034
5938,119,49,-0.3,0.1,-0.22850017043366866,-0.02889864732086266,0.14740110891429062
5939,120,0,-0.2,0.1,0.1313747763633728,0.15881960093975067,0.3365545837818687
5940,120,1,-0.2,0.1,0.12982215285301207,0.15805853754281995,0.3348931863956129
5941,120,2,-0.2,0.1,0.1317333197593689,0.15894303664565085,0.3369291869333707
5942,120,3,-0.2,0.1,0.12989568722248077,0.15764020444452762,0.33489335260109265
5943,120,4,-0.2,0.1,0.13397579201459883,0.15838487936109302,0.3390407406047066
5944,120,5,-0.2,0.1,0.12983664414167403,0.1573439349247515,0.33478431667462477
5945,120,6,-0.2,0.1,0.13211899080491066,0.15899403111730512,0.33731783196377557
5946,120,7,-0.2,0.1,0.12799396395714283,0.15725908082342294,0.33295441539205156
5947,120,8,-0.2,0.1,0.12230479291103123,0.15625414531560045,0.32717718196508055
5948,120,9,-0.2,0.1,0.1237905412884085,0.15724470214835715,0.3288119075579452
5949,120,10,-0.2,0.1,0.12436818808119197,0.15698838877433874,0.3293362990837341
5950,120,11,-0.2,0.1,0.12316765671829868,0.15592618290015098,0.32797114550304163
5951,120,12,-0.2,0.1,0.1319084326436355,0.15886295142173396,0.3370876068769544
5952,120,13,-0.2,0.1,0.13461642185918132,0.15914475234031417,0.33980325411514045
5953,120,14,-0.2,0.1,0.09743724692911056,0.12432610733485037,0.2984303526098432
5954,120,15,-0.2,0.1,0.11090648273959858,0.13521657407505383,0.31289462778880056
5955,120,16,-0.2,0.1,0.11904492149983417,0.14372291976368576,0.3220269486355095
5956,120,17,-0.2,0.1,0.07387240808868607,0.11104804334451063,0.2740951571517417
5957,120,18,-0.2,0.1,0.09373845117454668,0.12588751654015493,0.294876993356617
5958,120,19,-0.2,0.1,0.1048884522916422,0.1359916919284121,0.3070054889226945
5959,120,20,-0.2,0.1,0.11643417799483557,0.14399453656565536,0.3194778681706983
5960,120,21,-0.2,0.1,0.07466947497733009,0.11163527168019584,0.2749158053502819
5961,120,22,-0.2,0.1,0.09180999023979208,0.12549317159283935,0.29292144373809426
5962,120,23,-0.2,0.1,0.10459195828721635,0.13658585741738621,0.3067813325745337
5963,120,24,-0.2,0.1,0.11547732134064037,0.1452994348231365,0.3187130042460791
5964,120,25,-0.2,0.1,0.11231074403305846,0.147635419779657,0.31592267100679355
5965,120,26,-0.2,0.1,0.08385964576806622,0.12404895745669511,0.28487655370410175
5966,120,27,-0.2,0.1,0.10302879652464586,0.13626352445352372,0.3051909152136848
5967,120,28,-0.2,0.1,0.11030295857547659,0.1428845559283873,0.3132523124222213
5968,120,29,-0.2,0.1,0.08209581035505986,0.12523827943278815,0.28322255730892165
5969,120,30,-0.2,0.1,0.10286074579449374,0.1365645432983977,0.3050599894607901
5970,120,31,-0.2,0.1,0.1156139621186685,0.14515398970848317,0.31882762720761537
5971,120,32,-0.2,0.1,0.12175320926645417,0.15092201155547497,0.32575785321940987
5972,120,33,-0.2,0.1,0.1342736287945242,0.15644711738315162,0.33900610019338395
5973,120,34,-0.2,0.1,0.13716209658221523,0.15964777360201732,0.34239762888693104
5974,120,35,-0.2,0.1,0.09377289101248268,0.12712692929196953,0.29502268012246713
5975,120,36,-0.2,0.1,0.11058370669022896,0.13758335658929766,0.3128494007569144
5976,120,37,-0.2,0.1,0.1118564129326243,0.1426471134455543,0.3147589531251518
5977,120,38,-0.2,0.1,0.11631215754324685,0.14778815828781117,0.31990168658855916
5978,120,39,-0.2,0.1,0.08439235364618046,0.11482626632963172,0.2847785613168438
5979,120,40,-0.2,0.1,0.09704676998312771,0.12788475161075777,0.29835271564006727
5980,120,41,-0.2,0.1,0.11528419765689821,0.14051111016368995,0.31787619498611197
5981,120,42,-0.2,0.1,0.11580100103220536,0.14494335782117934,0.3189830366417398
5982,120,43,-0.2,0.1,0.11905468315681651,0.14844179393958154,0.32271116845312536
5983,120,44,-0.2,0.1,0.07918988769313279,0.1219212213603434,0.28004916235552874
5984,120,45,-0.2,0.1,0.09249196845831878,0.13230287379159966,0.2942703302540339
5985,120,46,-0.2,0.1,0.10476727266092782,0.13913141779397037,0.3072691952405034
5986,120,47,-0.2,0.1,0.11516170586432795,0.14373091275101774,0.3181812275627685
5987,120,48,-0.2,0.1,0.1245452117890124,0.15151452114407332,0.32860818672680403
5988,121,0,-0.1,0.1,-0.10901981592178345,-0.141527459025383,0.24169582235223042
5989,121,1,-0.1,0.1,-0.10427906066179274,-0.14675780683755874,0.24679490593492656
5990,121,2,-0.1,0.1,-0.10733135059475897,-0.13121242657303808,0.23132862966640294
5991,121,3,-0.1,0.1,-0.10345621566474436,-0.12012641464173793,0.22015354607579585
5992,121,4,-0.1,0.1,-0.10709242336302995,-0.1299749799981713,0.2300843190969775
5993,121,5,-0.1,0.1,-0.10182162392780184,-0.13557035296067593,0.23557739600341918
5994,121,6,-0.1,0.1,-0.10223684323878585,-0.13139430158568915,0.23140511289512117
5995,121,7,-0.1,0.1,-0.0984406081749603,-0.1400003466135606,0.2400054126004104
5996,121,8,-0.1,0.1,-0.1110775928238554,-0.12713997594400656,0.2274099420311588
5997,121,9,-0.1,0.1,-0.10630682780123415,-0.12659386766273864,0.2266816202061233
5998,121,10,-0.1,0.1,-0.10140187463803751,-0.13941321006043117,0.23941731433616265
5999,121,11,-0.1,0.1,-0.10181965947300756,-0.12860338848269337,0.22861063051915792
6000,121,12,-0.1,0.1,-0.09819195979938303,-0.13353798561300284,0.2335449843896164
6001,121,13,-0.1,0.1,-0.10095910598708963,-0.13752348215484433,0.23752541855400894
6002,121,14,-0.1,0.1,-0.1043506255637769,-0.13106660861544478,0.23110756274912192
6003,121,15,-0.1,0.1,-0.10884297277766614,-0.12621299622596172,0.22638577214364317
6004,121,16,-0.1,0.1,-0.1121015918291281,-0.133513375507778,0.23382674155415878
6005,121,17,-0.1,0.1,-0.10721593702094448,-0.1404813479094607,0.2405895850602044
6006,121,18,-0.1,0.1,-0.10906714968859835,-0.13434410199485536,0.23451944768664842
6007,121,19,-0.1,0.1,-0.1088678972530939,-0.14046968592677136,0.24063314287814033
6008,121,20,-0.1,0.1,-0.10273537095646107,-0.14815941355061069,0.2481744885923057
6009,121,21,-0.1,0.1,-0.09966611007235476,-0.14734584620597038,0.24734607156336916
6010,121,22,-0.1,0.1,-0.10575391349760116,-0.13805590417684566,0.2381254313045824
6011,121,23,-0.1,0.1,-0.11988375483251804,-0.1302411165604096,0.2310981078702805
6012,121,24,-0.1,0.1,-0.114201369422754,-0.13527403868619312,0.235702253220443
6013,121,25,-0.1,0.1,-0.11275016171401364,-0.14213575937518075,0.24247122013123318
6014,121,26,-0.1,0.1,-0.10808251556620932,-0.1472439176114203,0.24737599288071754
6015,121,27,-0.1,0.1,-0.10863149295058006,-0.13923084034425626,0.23938650263198832
6016,121,28,-0.1,0.1,-0.10421544329190559,-0.14386671439540213,0.24390314543309177
6017,121,29,-0.1,0.1,-0.1062001259238026,-0.14132108895989537,0.2414007239803989
6018,121,30,-0.1,0.1,-0.10300249554488568,-0.1446435558429221,0.2446619798721616
6019,121,31,-0.1,0.1,-0.14531109520238097,-0.13736565339978554,0.24165170962016047
6020,121,32,-0.1,0.1,-0.12763269570379474,-0.1441085840254149,0.24566759384736028
6021,121,33,-0.1,0.1,-0.1212131001436344,-0.1478294857832178,0.2487357023856407
6022,121,34,-0.1,0.1,-0.10464861343488513,-0.1458043560330738,0.24584830902754057
6023,121,35,-0.1,0.1,-0.08821070524682395,-0.1257284118196635,0.22603606653232325
6024,121,36,-0.1,0.1,-0.08946540139954144,-0.11813132349877435,0.21838555826565026
6025,121,37,-0.1,0.1,-0.08921602545170583,-0.12814699181874806,0.2284017162435566
6026,121,38,-0.1,0.1,-0.09052873154075958,-0.12998924452336777,0.2301841817385731
6027,121,39,-0.1,0.1,-0.0936122131815991,-0.13557586330960694,0.2356624518129775
6028,121,40,-0.1,0.1,-0.09586568099558442,-0.14360316426707656,0.24363824460573213
6029,121,41,-0.1,0.1,-0.09427845498532117,-0.1464759164234732,0.2465423157475121
6030,121,42,-0.1,0.1,-0.0929731064977948,-0.1343332104113215,0.23443854361851
6031,121,43,-0.1,0.1,-0.08862743588883606,-0.14144454156940775,0.24171222945503607
6032,121,44,-0.1,0.1,-0.09287425323147822,-0.141163300761679,0.24126855141372475
6033,121,45,-0.1,0.1,-0.09973860443307433,-0.14319752941764335,0.24319766989526834
6034,121,46,-0.1,0.1,-0.09845542473069262,-0.13914753003086505,0.2391525179307675
6035,121,47,-0.1,0.1,-0.09880291068285704,-0.1413690130136023,0.24137198152642683
6036,121,48,-0.1,0.1,-0.10866225014737249,-0.12925773795993398,0.2294213263672787
6037,122,0,0.0,0.1,-0.09936142712831497,-0.07425198704004288,0.20059024948481102
6038,122,1,0.0,0.1,-0.06197226271033287,-0.06938952095806598,0.18037009495989512
6039,122,2,0.0,0.1,-0.06711614437401295,-0.07231700044125318,0.184926270380128
6040,122,3,0.0,0.1,-0.07564094354957342,-0.07341271524503826,0.18919176025854423
6041,122,4,0.0,0.1,-0.07064020157530904,-0.10194200942330062,0.21394067693760516
6042,122,5,0.0,0.1,-0.0715473931478709,-0.11943346578467637,0.23080310953826152
6043,122,6,0.0,0.1,-0.07723821242780238,-0.10745592413358017,0.22136779783238594
6044,122,7,0.0,0.1,-0.08046078511170074,-0.09841197131681925,0.2141056942321189
6045,122,8,0.0,0.1,-0.08256148278379508,-0.09409284993038515,0.21092281250153552
6046,122,9,0.0,0.1,-0.0797630924559121,-0.09721219522573707,0.21273175800496882
6047,122,10,0.0,0.1,-0.08538915763333829,-0.0938076338467271,0.21178457729163883
6048,122,11,0.0,0.1,-0.08712654794280503,-0.08908563508670425,0.20819321015002432
6049,122,12,0.0,0.1,-0.0822526314806674,-0.0890746658827526,0.20619099074442857
6050,122,13,0.0,0.1,-0.08664377796314297,-0.08492355565726398,0.2042152435462437
6051,122,14,0.0,0.1,-0.08713933167222636,-0.08007764284163461,0.20005304440493174
6052,122,15,0.0,0.1,-0.08462503538682509,-0.07812516167804422,0.19720540012142362
6053,122,16,0.0,0.1,-0.08536008139757428,-0.0776557958874243,0.1970987704390737
6054,122,17,0.0,0.1,-0.08765895985777854,-0.07909216018787982,0.1993943205914071
6055,122,18,0.0,0.1,-0.08199975044777964,-0.10383822493344916,0.21971340654934454
6056,122,19,0.0,0.1,-0.07912254662191551,-0.0981912235996451,0.21340135542180072
6057,122,20,0.0,0.1,-0.08142600662125127,-0.0911122572329569,0.20773562385628505
6058,122,21,0.0,0.1,-0.08376353700587236,-0.08687137373634674,0.20478584046228276
6059,122,22,0.0,0.1,-0.07720439239085075,-0.0868617593332524,0.2021826780551657
6060,122,23,0.0,0.1,-0.07104872798043738,-0.11255488538335526,0.22411492821311452
6061,122,24,0.0,0.1,-0.07942775035483415,-0.10148722375942801,0.21657762780285428
6062,122,25,0.0,0.1,-0.07614830683875026,-0.10504122984269731,0.2187246455473509
6063,122,26,0.0,0.1,-0.08122390966460664,-0.09741773866913349,0.21347385564147772
6064,122,27,0.0,0.1,-0.07873137839229793,-0.08996961404195568,0.2056382362373321
6065,122,28,0.0,0.1,-0.07910277330194238,-0.0893606359513382,0.20521866189982266
6066,122,29,0.0,0.1,-0.07537226645469691,-0.08957267456514098,0.2040068074655811
6067,122,30,0.0,0.1,-0.07692689411664026,-0.08647498048627097,0.20171927370925152
6068,122,31,0.0,0.1,-0.07792336169855607,-0.08340836977063222,0.1992753883456885
6069,122,32,0.0,0.1,-0.0808041199722267,-0.08181805253594142,0.1989650975232801
6070,122,33,0.0,0.1,-0.08133501989393072,-0.08226276252069388,0.19958732440418397
6071,122,34,0.0,0.1,-0.07914705800934677,-0.10259962647536218,0.217510609946943
6072,122,35,0.0,0.1,-0.0827265323156797,-0.09623132743999534,0.212956364116783
6073,122,36,0.0,0.1,-0.0773543711670516,-0.09115926095838964,0.20621726840594048
6074,122,37,0.0,0.1,-0.08242439675507889,-0.08732663262185389,0.20465837014371455
6075,122,38,0.0,0.1,-0.08100573334817648,-0.08685168442932618,0.20365529899649645
6076,122,39,0.0,0.1,-0.08181355326977563,-0.0847079070654064,0.20201601033361
6077,122,40,0.0,0.1,-0.08178694745625092,-0.0855611024869069,0.20278566894721117
6078,122,41,0.0,0.1,-0.08143353229271892,-0.08633423631397974,0.20335158667781117
6079,122,42,0.0,0.1,-0.08157279775396253,-0.09199730703737005,0.20860749565394582
6080,122,43,0.0,0.1,-0.07846330930887346,-0.10991660559827054,0.22410147749088988
6081,122,44,0.0,0.1,-0.08558324854641237,-0.09924734570838784,0.2168501722470951
6082,122,45,0.0,0.1,-0.08657750951000406,-0.09429632258197111,0.21271277846390005
6083,122,46,0.0,0.1,-0.08565082949125616,-0.08913989605750947,0.20762939308581943
6084,122,47,0.0,0.1,-0.08686197038696898,-0.08586053495181019,0.2051563802373198
6085,122,48,0.0,0.1,-0.08408886060461089,-0.10639495513042499,0.22286725641303126
6086,123,0,0.1,0.1,0.09924716502428055,0.027186449617147446,0.07281744214030643
6087,123,1,0.1,0.1,0.10469035506248472,0.03139444217085838,0.0687657036294974
6088,123,2,0.1,0.1,0.10627503857016561,0.03241004899144172,0.06788061274323012
6089,123,3,0.1,0.1,0.10951914082467554,0.03304454533755778,0.0676287435273964
6090,123,4,0.1,0.1,0.10645051656514404,0.029546275798976413,0.07074840222754925
6091,123,5,0.1,0.1,0.09990563269302247,0.027956460088640445,0.07204360171554643
6092,123,6,0.1,0.1,0.10135846453996,0.02835397675047814,0.07165890086637777
6093,123,7,0.1,0.1,0.08297566381756512,0.026932636554910235,0.07502444683747693
6094,123,8,0.1,0.1,0.06202058161660863,0.02663844899248227,0.08260964463650303
6095,123,9,0.1,0.1,0.07840384384746733,0.029749108261245497,0.07349545394549775
6096,123,10,0.1,0.1,0.07586749606856473,0.0307305470451361,0.07335281084366735
6097,123,11,0.1,0.1,0.05952437420159715,0.021314835963522617,0.08848520397908168
6098,123,12,0.1,0.1,0.06430917297431922,0.020031221576047593,0.08757191705333545
6099,123,13,0.1,0.1,0.07438636616111166,0.02065498034880445,0.08337679762308729
6100,123,14,0.1,0.1,0.08204151125419394,0.02216556239136179,0.07987932771303373
6101,123,15,0.1,0.1,0.09188367552725255,0.02577151989048405,0.07467089113112099
6102,123,16,0.1,0.1,0.09444453432179932,0.026709741300085965,0.0735005116934705
6103,123,17,0.1,0.1,0.08843635971160939,0.024511679298696763,0.07636887022224499
6104,123,18,0.1,0.1,0.06013191820053802,0.014254133280031374,0.09456118445708692
6105,123,19,0.1,0.1,0.04682566381104769,0.01524462080313637,0.10005490658603339
6106,123,20,0.1,0.1,0.06268397157018966,0.018692423089541117,0.08946176859879645
6107,123,21,0.1,0.1,0.07597012573716949,0.022871743817069117,0.0807849166547027
6108,123,22,0.1,0.1,0.0863344391481731,0.02539416248625178,0.0758470734077643
6109,123,23,0.1,0.1,0.08725082642909462,0.024109133372882615,0.07695430503978314
6110,123,24,0.1,0.1,0.08730082126412395,0.024694906352088576,0.0763683590886071
6111,123,25,0.1,0.1,0.08748394711184027,0.02278216560650667,0.078225606602443
6112,123,26,0.1,0.1,0.06048747735080386,0.019888174661528667,0.08932605445873547
6113,123,27,0.1,0.1,0.03993790893058067,0.019372839346500356,0.1005395137181221
6114,123,28,0.1,0.1,0.05944434462795714,0.02266704132703988,0.08732209159067177
6115,123,29,0.1,0.1,0.07034296478993735,0.02330397480113937,0.08223028650536955
6116,123,30,0.1,0.1,0.0078007909687055,-0.0007288226051276568,0.13655398144840603
6117,123,31,0.1,0.1,0.03090215331536382,0.005137720406631434,0.11735997829798674
6118,123,32,0.1,0.1,0.050551708532922415,0.010896190345690511,0.10190496761161587
6119,123,33,0.1,0.1,0.06475833599317775,0.014863297257109585,0.09214246054833264
6120,123,34,0.1,0.1,0.07524222439710392,0.01861673587491003,0.0850657576963699
6121,123,35,0.1,0.1,0.08245603133568033,0.019837437155355225,0.08205990079397034
6122,123,36,0.1,0.1,0.0829364905509373,0.020701163791374808,0.08111392469089768
6123,123,37,0.1,0.1,0.08070208900442861,0.0195635480413134,0.08271899523383425
6124,123,38,0.1,0.1,0.06370842845529119,0.019017024552872436,0.08874300241402015
6125,123,39,0.1,0.1,0.07277523476782302,0.020440126807724893,0.08408900798747747
6126,123,40,0.1,0.1,0.04106757764252029,0.01440030758168779,0.10392467342758424
6127,123,41,0.1,0.1,0.05930684936009249,0.018702749507730577,0.09091301032638292
6128,123,42,0.1,0.1,0.0683837853607901,0.018828979748461407,0.08711096117474701
6129,123,43,0.1,0.1,0.07253731274765308,0.0170580098791238,0.08737032056901098
6130,123,44,0.1,0.1,0.07655146582835021,0.017618471243413432,0.0856536632904357
6131,123,45,0.1,0.1,0.08168988356728525,0.01781941076209396,0.08419566266304346
6132,123,46,0.1,0.1,0.08184496984697798,0.016299961255870014,0.08564637532100235
6133,123,47,0.1,0.1,0.08875185721190962,0.019784762608823402,0.08100003102409335
6134,123,48,0.1,0.1,0.09241741852115129,0.021843035299054837,0.07852392420879237
6135,123,49,0.1,0.1,0.09266938760186606,0.021376956621736724,0.07896404769382041
6136,124,0,0.2,0.1,-0.03992468863725662,-0.0619283989071846,0.28945580420908623
6137,124,1,0.2,0.1,-0.001007869839668274,-0.08871708437800407,0.27571416661756015
6138,124,2,0.2,0.1,-0.019647606462240216,-0.0853703211992979,0.28741472997416473
6139,124,3,0.2,0.1,0.01560506917536259,-0.1035689203813672,0.274666699581617
6140,124,4,0.2,0.1,0.03837317936867476,-0.11637171826884149,0.27007397063397554
6141,124,5,0.2,0.1,0.05689066324904561,-0.12501718953736124,0.2666702417829759
6142,124,6,0.2,0.1,0.0649247049986571,-0.12877750991623846,0.2656774065726598
6143,124,7,0.2,0.1,0.07240625453884153,-0.13402290760665012,0.2665462158153396
6144,124,8,0.2,0.1,0.07909993070390149,-0.13720788740547707,0.26624126014419874
6145,124,9,0.2,0.1,0.02067956096548266,-0.12281407444082247,0.28601036978482514
6146,124,10,0.2,0.1,0.04755059541893898,-0.12989262064180557,0.2758467654018752
6147,124,11,0.2,0.1,0.06858061192575125,-0.13230004980084545,0.2668976745857582
6148,124,12,0.2,0.1,0.08074066819449385,-0.13765086434028617,0.26589607282617195
6149,124,13,0.2,0.1,0.08496774904122038,-0.13970476082185357,0.2658773986658243
6150,124,14,0.2,0.1,0.08944315061502713,-0.1410249807820083,0.26517137535356083
6151,124,15,0.2,0.1,0.06361146287990749,-0.13195441930192242,0.2690811879181651
6152,124,16,0.2,0.1,0.042609975231798464,-0.12313943915653497,0.2730619512191841
6153,124,17,0.2,0.1,0.024296996340332805,-0.11328512225709148,0.27633691188701426
6154,124,18,0.2,0.1,0.046584403903906405,-0.12354902481946597,0.2711282198946726
6155,124,19,0.2,0.1,0.06690451574736575,-0.13065255273520227,0.26629871950820283
6156,124,20,0.2,0.1,0.012743551787630897,-0.11762993223863336,0.28710235945269386
6157,124,21,0.2,0.1,0.04075225217126541,-0.125298514775219,0.27589720177711813
6158,124,22,0.2,0.1,0.06336747250048232,-0.13082616763139537,0.26823341930919703
6159,124,23,0.2,0.1,0.07294284426929093,-0.13526298171060622,0.2673802374629484
6160,124,24,0.2,0.1,0.08001674623919601,-0.13708696858132022,0.2657182941652859
6161,124,25,0.2,0.1,0.0858414517158583,-0.13957446383665895,0.265382926860349
6162,124,26,0.2,0.1,0.09123667130073115,-0.14067693349780266,0.2641114310052689
6163,124,27,0.2,0.1,0.03588779354532702,-0.12015446854574618,0.2745920725878319
6164,124,28,0.2,0.1,0.053515367052039506,-0.12858525100410179,0.27149394959465845
6165,124,29,0.2,0.1,0.07665433053052097,-0.13280303754550354,0.2634604495313995
6166,124,30,0.2,0.1,0.08364898383332262,-0.13362346723377203,0.26099326314169063
6167,124,31,0.2,0.1,0.09216547229686457,-0.13577703033178692,0.25926645250983527
6168,124,32,0.2,0.1,0.03460225764075273,-0.11713153472545496,0.2729514912026813
6169,124,33,0.2,0.1,0.05722403662613579,-0.12430883890094285,0.26589364589328596
6170,124,34,0.2,0.1,0.06976877918887221,-0.12909870109946872,0.2635268216319175
6171,124,35,0.2,0.1,0.017854518589711765,-0.1132762889901195,0.28047058997973856
6172,124,36,0.2,0.1,-0.002014629589383199,-0.10414412469541787,0.2872015567781519
6173,124,37,0.2,0.1,0.023450812664821668,-0.11556274489177297,0.2786340118039926
6174,124,38,0.2,0.1,0.0473894034097954,-0.12384706245789052,0.27091973269336606
6175,124,39,0.2,0.1,0.059704540221815816,-0.12954292699546002,0.2690218789764416
6176,124,40,0.2,0.1,0.07546018747910643,-0.134592459632906,0.2656008038755831
6177,124,41,0.2,0.1,0.08315215067960172,-0.13560130966083891,0.2629855452390968
6178,124,42,0.2,0.1,0.0881591202301596,-0.13770301779770533,0.26269965180378163
6179,124,43,0.2,0.1,0.09273551012456119,-0.1378002519256331,0.2608728245795884
6180,124,44,0.2,0.1,0.09690653183823614,-0.13686687731668554,0.25832959711844555
6181,124,45,0.2,0.1,0.09730210954086037,-0.13637210069842776,0.25771811479472123
6182,124,46,0.2,0.1,0.048172198612443956,-0.11715988340102979,0.26497187819262635
6183,124,47,0.2,0.1,0.0026271249008840737,-0.1056959960906341,0.2850734898804331
6184,124,48,0.2,0.1,0.02833953212766513,-0.11493057696362774,0.2750681172801872
6185,124,49,0.2,0.1,0.0410684721941557,-0.12458573611416726,0.27513266508475914
6186,125,0,0.3,0.1,0.0854545459151268,-0.10293480008840561,0.2953172615263212
6187,125,1,0.3,0.1,0.08572396934032439,-0.10188148096203804,0.2943982840824518
6188,125,2,0.3,0.1,0.05712787866592406,-0.09587390966713427,0.3120151531730515
6189,125,3,0.3,0.1,0.057404767394065845,-0.1008174034282565,0.3149286846300197
6190,125,4,0.3,0.1,0.06671277373433111,-0.09966519833877681,0.30706533729223245
6191,125,5,0.3,0.1,0.07504376875936983,-0.09938260866098104,0.3005972897589827
6192,125,6,0.3,0.1,0.062883113327682,-0.10070986640477925,0.3106587652351004
6193,125,7,0.3,0.1,0.07193868100855945,-0.09636651962416692,0.3009514499872429
6194,125,8,0.3,0.1,0.07874366584569155,-0.09386051314664012,0.29417046751990866
6195,125,9,0.3,0.1,0.07411168550655203,-0.09822630268647758,0.30053152530382216
6196,125,10,0.3,0.1,0.07723860690636902,-0.0998983064554149,0.2993024743913056
6197,125,11,0.3,0.1,0.07559840629250236,-0.10619287495646973,0.3047483830002699
6198,125,12,0.3,0.1,0.04390372230187355,-0.10098461646222939,0.325545879263285
6199,125,13,0.3,0.1,0.06394427866243033,-0.0938380967762938,0.3054431392879143
6200,125,14,0.3,0.1,0.079073808792749,-0.09039936814018186,0.2916509923684871
6201,125,15,0.3,0.1,0.08731118121987905,-0.08770635473048355,0.2836727150084922
6202,125,16,0.3,0.1,0.08385523677341568,-0.09182739529133802,0.28899188267931586
6203,125,17,0.3,0.1,0.0870533455345104,-0.093021310529954,0.28740825312914303
6204,125,18,0.3,0.1,0.09303067681721339,-0.09295987239807121,0.28296609884334323
6205,125,19,0.3,0.1,0.08918784673285526,-0.09416906616022676,0.2866066820900459
6206,125,20,0.3,0.1,0.09845054900338679,-0.09124267306577506,0.277841575719652
6207,125,21,0.3,0.1,0.10124311749123832,-0.09095133314188261,0.27562059061917693
6208,125,22,0.3,0.1,0.09273848044661989,-0.09532023075977122,0.2847934866383472
6209,125,23,0.3,0.1,0.08781488091202395,-0.09659333276382495,0.2892601999058401
6210,125,24,0.3,0.1,0.09034333944634866,-0.09789781916481242,0.28830446084772565
6211,125,25,0.3,0.1,0.04301082441430678,-0.09325341362594952,0.32154364905296545
6212,125,26,0.3,0.1,0.0065800688609974865,-0.09004443595993093,0.3495885347504195
6213,125,27,0.3,0.1,0.034254571980421554,-0.08673296592763365,0.3247919843183322
6214,125,28,0.3,0.1,0.05369436500502563,-0.08744588897120863,0.30951967162441263
6215,125,29,0.3,0.1,0.05661081205430682,-0.09220869078084168,0.31013299988964277
6216,125,30,0.3,0.1,0.05814595745440462,-0.09981468457670048,0.3137184821908537
6217,125,31,0.3,0.1,0.06642855339750943,-0.09790147341374282,0.3061382267004734
6218,125,32,0.3,0.1,0.06840091465367583,-0.09794225566544737,0.3046625558075348
6219,125,33,0.3,0.1,0.07540459074494833,-0.09563967303505562,0.2978556353734266
6220,125,34,0.3,0.1,0.07256170209787603,-0.09770830076187566,0.30135817815809074
6221,125,35,0.3,0.1,0.07492096019367,-0.09702076311781803,0.2991283257394171
6222,125,36,0.3,0.1,0.07364374130771294,-0.09821061250679056,0.3008730675209841
6223,125,37,0.3,0.1,0.07367007022960995,-0.10120057086128643,0.30283148255222286
6224,125,38,0.3,0.1,0.06809367622042506,-0.10204340208555317,0.30757451021705545
6225,125,39,0.3,0.1,0.07066331848078336,-0.10010701350658674,0.3043651266895928
6226,125,40,0.3,0.1,0.07434803203941738,-0.09466557828190601,0.2980159358361775
6227,125,41,0.3,0.1,0.07306203588188637,-0.09549251262666655,0.2995299017646846
6228,125,42,0.3,0.1,0.07464459405381146,-0.0988957037034165,0.30057371798087845
6229,125,43,0.3,0.1,0.08638201933331355,-0.09528615073877292,0.2894293045537711
6230,125,44,0.3,0.1,0.08260282846151734,-0.0974110377089421,0.29365395962297836
6231,125,45,0.3,0.1,0.02506730387907486,-0.10010873835080544,0.34004631237622923
6232,125,46,0.3,0.1,0.04228227214227997,-0.09787151806111709,0.32491778177249214
6233,125,47,0.3,0.1,0.06068452038712916,-0.09604845235535406,0.3093653090656222
6234,125,48,0.3,0.1,0.06566693943583302,-0.09608740238201849,0.305552373000599
6235,125,49,0.3,0.1,0.06549734466562998,-0.09698056717213553,0.30625616598254235
6236,126,0,0.4,0.1,-0.051291510462760925,-0.0015751933678984642,0.4625813953494955
6237,126,1,0.4,0.1,-0.050507327541708946,-0.0029537837021052834,0.46212155732810445
6238,126,2,0.4,0.1,-0.0931084806099534,-0.02165830877609551,0.5078943962515403
6239,126,3,0.4,0.1,-0.06307543149217963,-0.011337040252052247,0.47627176253033887
6240,126,4,0.4,0.1,-0.04764642063714564,-0.0030995588705874967,0.45936568978163583
6241,126,5,0.4,0.1,-0.04821959009524434,-0.0071192692934628566,0.4608419889713982
6242,126,6,0.4,0.1,-0.08143920510539784,-0.020899218355954624,0.4963872774473557
6243,126,7,0.4,0.1,-0.06970150959164462,-0.012642623285192901,0.48301953241379353
6244,126,8,0.4,0.1,-0.06968348457584175,-0.012520514214850523,0.4829735415139005
6245,126,9,0.4,0.1,-0.062391984352653966,-0.01023714918580844,0.47535100321152074
6246,126,10,0.4,0.1,-0.06270788065833849,-0.012341975483606615,0.4761505038103924
6247,126,11,0.4,0.1,-0.05065157293349605,-0.005295959010042001,0.4627894544728505
6248,126,12,0.4,0.1,-0.03534169589826534,0.0005516532984653367,0.44655611724535405
6249,126,13,0.4,0.1,-0.04257644704723705,0.0014166726295248148,0.4534231841408092
6250,126,14,0.4,0.1,-0.04611267255466227,0.002428622131483439,0.45665817675042697
6251,126,15,0.4,0.1,-0.056256154176639823,-0.0022315540257039877,0.4675692129113808
6252,126,16,0.4,0.1,-0.04495687104556274,0.0038176880935768035,0.45523362597058015
6253,126,17,0.4,0.1,-0.05095063345735587,0.002617537615766905,0.4613456597775762
6254,126,18,0.4,0.1,-0.05288711401794078,-0.0025543446375434122,0.4643534555137232
6255,126,19,0.4,0.1,-0.07135080768745745,-0.023806489509687143,0.4873393384001858
6256,126,20,0.4,0.1,-0.08303731016176068,-0.023690295245887557,0.4986224344595055
6257,126,21,0.4,0.1,-0.07883465048968777,-0.02147497253482461,0.494002825358234
6258,126,22,0.4,0.1,-0.07652854154616584,-0.0184561202544018,0.49103085782243994
6259,126,23,0.4,0.1,-0.06528223031339042,-0.013582286292824253,0.4789451843425383
6260,126,24,0.4,0.1,-0.06420411163572366,-0.01101287859557487,0.4772937423365063
6261,126,25,0.4,0.1,-0.06306038084926929,-0.010202962016213854,0.4759932868743187
6262,126,26,0.4,0.1,-0.08402693816335904,-0.020943388838176175,0.4989081881182734
6263,126,27,0.4,0.1,-0.08429290884552731,-0.02373147790533599,0.49984907740507123
6264,126,28,0.4,0.1,-0.07603519036047492,-0.02034242261257378,0.49101099900287054
6265,126,29,0.4,0.1,-0.06331817916602873,-0.012258026443815483,0.47672381904702926
6266,126,30,0.4,0.1,-0.06274155418673842,-0.004040939240433153,0.4742934355535502
6267,126,31,0.4,0.1,-0.055566511287488365,-0.001782567873119477,0.46679817622769204
6268,126,32,0.4,0.1,-0.06118993705902345,-0.009211394540631189,0.47394439203562205
6269,126,33,0.4,0.1,-0.05310394786274128,-0.004151142484460661,0.4649200447922419
6270,126,34,0.4,0.1,-0.06002658800018812,-0.006727864604502988,0.47224495629930446
6271,126,35,0.4,0.1,-0.0566731466552922,-0.0017536091883153218,0.46787194814275246
6272,126,36,0.4,0.1,-0.05731372302680375,0.0005247241166314136,0.4680076620961547
6273,126,37,0.4,0.1,-0.07377717630203975,-0.011973217165971153,0.48682934807510503
6274,126,38,0.4,0.1,-0.06675673899844775,-0.013151888202183491,0.4802761738876753
6275,126,39,0.4,0.1,-0.04570211161630196,-0.002020508329458169,0.45722921649762444
6276,126,40,0.4,0.1,-0.05960916064798623,-0.004956060563545418,0.4714407228916113
6277,126,41,0.4,0.1,-0.04371644166940304,-0.001387128472839489,0.4551523156348046
6278,126,42,0.4,0.1,-0.035176334038214845,-0.00313063478058605,0.4472296608423759
6279,126,43,0.4,0.1,-0.0346020504369198,0.00015048845698217503,0.445924732661639
6280,126,44,0.4,0.1,-0.0309738674435716,0.004970461153614977,0.44132650914331656
6281,126,45,0.4,0.1,-0.037485790110785844,0.0011589968741336676,0.44851238605838534
6282,126,46,0.4,0.1,-0.038766608436913645,0.004102184709487304,0.4491241784370167
6283,126,47,0.4,0.1,-0.034392455031482326,0.0013979085764334214,0.44544267579721164
6284,126,48,0.4,0.1,-0.0436984682252065,-0.004288586011853623,0.45578990760847965
6285,126,49,0.4,0.1,-0.031278842207693947,-0.0012872745438702554,0.44301303786743607
6286,127,0,0.5,0.1,-0.22097724676132202,0.2812891900539398,0.7434204468387655
6287,127,1,0.5,0.1,-0.1931252062320709,0.29492744505405427,0.7200133751185128
6288,127,2,0.5,0.1,-0.1970271176099777,0.2800467783212662,0.7199053028472153
6289,127,3,0.5,0.1,-0.2122494940161705,0.28391352611780163,0.7356109887810093
6290,127,4,0.5,0.1,-0.19145113825201984,0.29084448737502094,0.7173048828437238
6291,127,5,0.5,0.1,-0.2182435613828897,0.30551137333929534,0.7470667560799236
6292,127,6,0.5,0.1,-0.1787346115083098,0.3326476252483725,0.717499540343437
6293,127,7,0.5,0.1,-0.15905721657071706,0.3257960732266485,0.6966636788282529
6294,127,8,0.5,0.1,-0.1985353675565713,0.32098643271521976,0.7326572617340201
6295,127,9,0.5,0.1,-0.20473573634595824,0.3234937578626213,0.739325312624041
6296,127,10,0.5,0.1,-0.21508721829155888,0.33846053512209817,0.7537991486959089
6297,127,11,0.5,0.1,-0.21207892025003694,0.28815680466016047,0.7365184124001112
6298,127,12,0.5,0.1,-0.17954849289996327,0.31565998897298114,0.7129483747414239
6299,127,13,0.5,0.1,-0.188444283217192,0.3312650574618653,0.7262499968311691
6300,127,14,0.5,0.1,-0.20901586177647136,0.31831850085276886,0.7418668748941638
6301,127,15,0.5,0.1,-0.22585047378033413,0.3080574108315802,0.755080655618376
6302,127,16,0.5,0.1,-0.1668627364260257,0.31941894026669937,0.7020331762683074
6303,127,17,0.5,0.1,-0.21354580342527335,0.30873731009613625,0.7434506562052314
6304,127,18,0.5,0.1,-0.230389288006517,0.30075579745288494,0.7574769978326805
6305,127,19,0.5,0.1,-0.23637699152708538,0.3093602260341352,0.7655604338623734
6306,127,20,0.5,0.1,-0.2445477808115516,0.29958413146665436,0.7708341089006797
6307,127,21,0.5,0.1,-0.25211359612329237,0.30647968522619723,0.7799414861927915
6308,127,22,0.5,0.1,-0.19914048201370638,0.2893144527111258,0.7243185594720536
6309,127,23,0.5,0.1,-0.2196928034282712,0.2913623270713949,0.7446994504688612
6310,127,24,0.5,0.1,-0.21199097226459693,0.29773139875397725,0.738937650035164
6311,127,25,0.5,0.1,-0.2040695090420965,0.30970071201409843,0.7346347814948586
6312,127,26,0.5,0.1,-0.23912144378121164,0.2975808422905223,0.7650743087422653
6313,127,27,0.5,0.1,-0.19902951590922302,0.27571212935441847,0.7207752885015873
6314,127,28,0.5,0.1,-0.22595524341756879,0.2634405278324672,0.7441262134769996
6315,127,29,0.5,0.1,-0.19542473242309039,0.2789799837481689,0.7180873157550005
6316,127,30,0.5,0.1,-0.2152918465926095,0.2949019976206817,0.7413698230157453
6317,127,31,0.5,0.1,-0.1638864815578551,0.32021680230138083,0.6994574328800243
6318,127,32,0.5,0.1,-0.20403192820568716,0.28391808398531043,0.7276584484150826
6319,127,33,0.5,0.1,-0.21323382325663054,0.27408052771862657,0.7341706319160867
6320,127,34,0.5,0.1,-0.22865939664230464,0.28756152096096094,0.7524120150956631
6321,127,35,0.5,0.1,-0.23560341963340842,0.286352224666798,0.7588409204929774
6322,127,36,0.5,0.1,-0.2512314005535742,0.2912912152839171,0.7752038094736652
6323,127,37,0.5,0.1,-0.26552819199257394,0.297102799797329,0.7904953677431419
6324,127,38,0.5,0.1,-0.24926413785244333,0.2983955825855244,0.7750855149344587
6325,127,39,0.5,0.1,-0.20679270534294558,0.3053063183866874,0.7360072096763018
6326,127,40,0.5,0.1,-0.22812942977750694,0.3031095525513147,0.7559272166324696
6327,127,41,0.5,0.1,-0.1960962796827463,0.31489975776503865,0.7285135115257866
6328,127,42,0.5,0.1,-0.12545924551628182,0.334549795273555,0.6679916723018806
6329,127,43,0.5,0.1,-0.14713843481877947,0.3289112522984831,0.6864317265748717
6330,127,44,0.5,0.1,-0.1855201162099605,0.31555291040238753,0.7186103860308849
6331,127,45,0.5,0.1,-0.23900586625335968,0.32606035089937757,0.7728084837821257
6332,127,46,0.5,0.1,-0.17105008842824745,0.3205904337914143,0.706376925344991
6333,127,47,0.5,0.1,-0.20380938626920375,0.3078592043326246,0.7338617724247701
6334,127,48,0.5,0.1,-0.26879347070372733,0.3216895257278445,0.8001185202294218
6335,127,49,0.5,0.1,-0.28341898215831957,0.32880370680400867,0.8161473138185483
6336,128,0,-1.0,0.2,-0.6938034892082214,-0.10709670186042786,0.43366425667169334
6337,128,1,-1.0,0.2,-0.6937908291816711,-0.12195024788379669,0.4443152241434978
6338,128,2,-1.0,0.2,-0.7071966421604157,-0.12453424513339995,0.43709985429698034
6339,128,3,-1.0,0.2,-0.72685500228405,-0.11984119421243666,0.42060263823766486
6340,128,4,-1.0,0.2,-0.72698127399683,-0.11522752244472503,0.41702232033193815
6341,128,5,-1.0,0.2,-0.7251861812627316,-0.09988460679292678,0.4067596493757813
6342,128,6,-1.0,0.2,-0.7324980403352975,-0.11385433144974708,0.4123855475089104
6343,128,7,-1.0,0.2,-0.7153618567942023,-0.1261482416324377,0.4328874542968128
6344,128,8,-1.0,0.2,-0.7299259586762296,-0.13320870003231286,0.42891493978897205
6345,128,9,-1.0,0.2,-0.730275102311535,-0.13638403972774288,0.4311678821719083
6346,128,10,-1.0,0.2,-0.7386222774763052,-0.12736050980838814,0.4189071701626524
6347,128,11,-1.0,0.2,-0.7483077612008056,-0.13531418431090192,0.4192667233061029
6348,128,12,-1.0,0.2,-0.7498021996557493,-0.12424303493699244,0.40955156574264645
6349,128,13,-1.0,0.2,-0.7425045265334691,-0.1109402865793364,0.4037174515348485
6350,128,14,-1.0,0.2,-0.7463200793171417,-0.1150248232919216,0.40446772608919945
6351,128,15,-1.0,0.2,-0.7475832535677298,-0.11803614282675264,0.4060310357886101
6352,128,16,-1.0,0.2,-0.7456212762690783,-0.12371833800124499,0.4117063242716353
6353,128,17,-1.0,0.2,-0.747215309400165,-0.13017036443147223,0.4158275716573704
6354,128,18,-1.0,0.2,-0.7513939470660316,-0.13581434783970528,0.41782322311046055
6355,128,19,-1.0,0.2,-0.7494742265768983,-0.13222685931468653,0.41609836481214846
6356,128,20,-1.0,0.2,-0.7475477570295033,-0.13116577600281687,0.4164167457924604
6357,128,21,-1.0,0.2,-0.7460369189381388,-0.12761378819136693,0.4145214599457202
6358,128,22,-1.0,0.2,-0.7340662105738969,-0.1135535061267238,0.4111405861294752
6359,128,23,-1.0,0.2,-0.7310413158637181,-0.11154236435245024,0.41157917653670856
6360,128,24,-1.0,0.2,-0.7336738671552465,-0.114394934500708,0.41203614389486
6361,128,25,-1.0,0.2,-0.7268673336489924,-0.10542947830539709,0.4097421379915885
6362,128,26,-1.0,0.2,-0.7370051850069314,-0.10479701556014254,0.40257607157853803
6363,128,27,-1.0,0.2,-0.7441114263169094,-0.10153226800832214,0.3954752467497923
6364,128,28,-1.0,0.2,-0.7287925058109052,-0.09846363240133865,0.40327911521740045
6365,128,29,-1.0,0.2,-0.7305556417953709,-0.09599516631718277,0.4002666619285713
6366,128,30,-1.0,0.2,-0.74110114346109,-0.10150389585980832,0.3974081241441816
6367,128,31,-1.0,0.2,-0.7395088597050659,-0.10423785522443395,0.4005200453456964
6368,128,32,-1.0,0.2,-0.7438954717653936,-0.10928017772638439,0.40155168747837955
6369,128,33,-1.0,0.2,-0.7447671537316404,-0.12696279003404126,0.41478726099181573
6370,128,34,-1.0,0.2,-0.7494104793967399,-0.12989436129657211,0.41427695742274273
6371,128,35,-1.0,0.2,-0.7120241248519336,-0.104194765443101,0.4188849006472756
6372,128,36,-1.0,0.2,-0.7076087700066745,-0.0899451865336757,0.4117776615736431
6373,128,37,-1.0,0.2,-0.7178818240480072,-0.09618057017594801,0.40903984567793544
6374,128,38,-1.0,0.2,-0.7112296877604238,-0.10535092744776764,0.42027072480028177
6375,128,39,-1.0,0.2,-0.7265978853713531,-0.10972552066529205,0.4131326838133266
6376,128,40,-1.0,0.2,-0.7341521184213698,-0.11601454512118387,0.41296523929744267
6377,128,41,-1.0,0.2,-0.740646771629395,-0.12547733681487402,0.41617255297094996
6378,128,42,-1.0,0.2,-0.7426607553440523,-0.11970040160378964,0.41040447564045657
6379,128,43,-1.0,0.2,-0.7377181610459819,-0.1231389042792003,0.4161856731122105
6380,128,44,-1.0,0.2,-0.7440737101133976,-0.12084752673309013,0.41041613182946673
6381,128,45,-1.0,0.2,-0.7352671532717764,-0.10774419256131525,0.40594330662303696
6382,128,46,-1.0,0.2,-0.7446875926078551,-0.11882834815637738,0.4084555556685412
6383,128,47,-1.0,0.2,-0.7452535102123852,-0.1289796221113158,0.4160809606598402
6384,128,48,-1.0,0.2,-0.7516341257640108,-0.13119491254281668,0.41397545528600027
6385,128,49,-1.0,0.2,-0.7504803631687034,-0.13609680355086096,0.4185942074629416
6386,129,0,-0.8,0.2,0.3482571542263031,0.5230522155761719,1.1928357918089822
6387,129,1,-0.8,0.2,0.3114756643772125,0.5144110947847367,1.1550898185970226
6388,129,2,-0.8,0.2,0.3203021615743637,0.43978561073541644,1.1456762511041017
6389,129,3,-0.8,0.2,0.33058464139699933,0.46444181379675864,1.1610990932073375
6390,129,4,-0.8,0.2,0.3413426521122455,0.39153926316797727,1.1573030453885216
6391,129,5,-0.8,0.2,0.3935998012512922,0.38548619171708814,1.2079261620086026
6392,129,6,-0.8,0.2,0.39055809785157436,0.3949346555720865,1.2064112500731112
6393,129,7,-0.8,0.2,0.3445067136134803,0.406111196618852,1.1629176423453143
6394,129,8,-0.8,0.2,0.3372920890701085,0.4356141499272027,1.1614419156838496
6395,129,9,-0.8,0.2,0.33869909127916775,0.45189005912480024,1.166226488451492
6396,129,10,-0.8,0.2,0.332528485022546,0.47395966596202144,1.1651929745589293
6397,129,11,-0.8,0.2,0.3480830850340851,0.4875048448916004,1.1835344549177795
6398,129,12,-0.8,0.2,0.3655913724001794,0.49150612703889685,1.2014903534839352
6399,129,13,-0.8,0.2,0.3513824430552705,0.4986621630822723,1.1894875442109116
6400,129,14,-0.8,0.2,0.34279938054216985,0.4723320200884911,1.1748000482350371
6401,129,15,-0.8,0.2,0.37768623390290296,0.39160780920497584,1.1931715794774587
6402,129,16,-0.8,0.2,0.39082586577480244,0.44017968545097513,1.2148055498315924
6403,129,17,-0.8,0.2,0.4053808288540606,0.44006616253472247,1.229054394631519
6404,129,18,-0.8,0.2,0.3609772747493103,0.4468192305681289,1.1869237402051485
6405,129,19,-0.8,0.2,0.3441924719031076,0.47239408021788065,1.176169608388811
6406,129,20,-0.8,0.2,0.31944842414168456,0.4778656074199496,1.1534184280217474
6407,129,21,-0.8,0.2,0.28024247282023784,0.48193903328531906,1.1164288685691723
6408,129,22,-0.8,0.2,0.30891065592858086,0.47074103845246384,1.1414830496920547
6409,129,23,-0.8,0.2,0.30556277092998246,0.4835671637968364,1.141349804770721
6410,129,24,-0.8,0.2,0.2899101034769765,0.4883524704139729,1.1274090565784163
6411,129,25,-0.8,0.2,0.2809856622595137,0.48968952692676676,1.1191291364367624
6412,129,26,-0.8,0.2,0.2996955426956198,0.4887100384433107,1.136962520456392
6413,129,27,-0.8,0.2,0.3082767097848144,0.49308919390631967,1.146376265035224
6414,129,28,-0.8,0.2,0.3026280142951251,0.5012457751871673,1.143038737303565
6415,129,29,-0.8,0.2,0.3082428422234226,0.505066355918752,1.1494640833244845
6416,129,30,-0.8,0.2,0.31569895870121695,0.4823515083376912,1.1508720783421367
6417,129,31,-0.8,0.2,0.3071118643745051,0.45798444511384195,1.1367729123090018
6418,129,32,-0.8,0.2,0.257998085578778,0.44152030481222565,1.0852151891329893
6419,129,33,-0.8,0.2,0.23196281054849327,0.43961935136046315,1.0594171397053922
6420,129,34,-0.8,0.2,0.26439856431349545,0.4307066602044146,1.0891142579065365
6421,129,35,-0.8,0.2,0.2781592384877314,0.45743579087386416,1.108467649487028
6422,129,36,-0.8,0.2,0.28652679851966667,0.48678523592562395,1.1237376274942084
6423,129,37,-0.8,0.2,0.32712624323290884,0.4486215671369199,1.1542210584762127
6424,129,38,-0.8,0.2,0.3015790760154089,0.45010572396994974,1.1296146838092602
6425,129,39,-0.8,0.2,0.3062734281762632,0.4730003099272344,1.1394604280576082
6426,129,40,-0.8,0.2,0.3221392942489122,0.4728346054197138,1.1548312940044436
6427,129,41,-0.8,0.2,0.3351485082621032,0.48005039484387135,1.1691836294876379
6428,129,42,-0.8,0.2,0.29836842361889854,0.4692696372048044,1.130893156546396
6429,129,43,-0.8,0.2,0.31353754064104755,0.4731114802323966,1.1465407690316307
6430,129,44,-0.8,0.2,0.32724658730092904,0.46639520210963803,1.1582967116799678
6431,129,45,-0.8,0.2,0.29811992205902216,0.4747483422166071,1.1319690873754842
6432,129,46,-0.8,0.2,0.29622717967040335,0.4883803032700393,1.133524251510415
6433,129,47,-0.8,0.2,0.24624893754010296,0.46195950130670477,1.0785451402832666
6434,129,48,-0.8,0.2,0.30060919406512804,0.4458768895669226,1.1277393505964912
6435,129,49,-0.8,0.2,0.3426405379945993,0.45785426020447517,1.171373646013169
6436,130,0,-0.6,0.2,0.15504765510559082,0.3574969470500946,0.771299066387709
6437,130,1,-0.6,0.2,0.1683112770318985,0.32910192012786865,0.7790824886974993
6438,130,2,-0.6,0.2,0.1603010269999504,0.32236185073852536,0.7700844591168792
6439,130,3,-0.6,0.2,0.18194635620713234,0.2847105804085731,0.7865214468905274
6440,130,4,-0.6,0.2,0.2054487510293722,0.28432586392760273,0.8098509380508935
6441,130,5,-0.6,0.2,0.22297752207905053,0.28753635307848446,0.8276198493013898
6442,130,6,-0.6,0.2,0.23589964424046872,0.26918686493724575,0.8387580327610501
6443,130,7,-0.6,0.2,0.27737556696068344,0.21810207883658997,0.8775622888193104
6444,130,8,-0.6,0.2,0.2567728972444114,0.26672713641425067,0.8593673883657842
6445,130,9,-0.6,0.2,0.24983605456416047,0.2736902175234761,0.8530249514497428
6446,130,10,-0.6,0.2,0.25313191809698904,0.2856223212203288,0.8574177812286171
6447,130,11,-0.6,0.2,0.21157524251849924,0.3141093232795231,0.8195579979039137
6448,130,12,-0.6,0.2,0.20318298523364495,0.32602934688282437,0.8130106420241624
6449,130,13,-0.6,0.2,0.21149322280602278,0.3136558111008674,0.8194137502245745
6450,130,14,-0.6,0.2,0.1865480981520974,0.31319393841899124,0.7946513565089308
6451,130,15,-0.6,0.2,0.209386406300119,0.3205825149012971,0.8183193127400471
6452,130,16,-0.6,0.2,0.18446060277060272,0.32583666556034063,0.7944893351698074
6453,130,17,-0.6,0.2,0.19704440315489888,0.31355382699834805,0.8050926979090791
6454,130,18,-0.6,0.2,0.20718293841627677,0.3065299033060397,0.8141823606347223
6455,130,19,-0.6,0.2,0.1908362082557202,0.31017056576950425,0.7984732067203366
6456,130,20,-0.6,0.2,0.2081421554427767,0.31238445074141175,0.8159191186460492
6457,130,21,-0.6,0.2,0.21180817368020582,0.2943056484217058,0.8172674385892477
6458,130,22,-0.6,0.2,0.24438413001768766,0.2329047488280363,0.8450250182812125
6459,130,23,-0.6,0.2,0.23519942673416022,0.2468896475410222,0.8365146271665495
6460,130,24,-0.6,0.2,0.2262784069643394,0.264938939301474,0.8288263217665852
6461,130,25,-0.6,0.2,0.23804875891468755,0.2620127867478253,0.840339995501035
6462,130,26,-0.6,0.2,0.23200036959591788,0.28239722446329246,0.8360705219100828
6463,130,27,-0.6,0.2,0.2421363871665825,0.288662556578803,0.8467908499323038
6464,130,28,-0.6,0.2,0.24855798055335093,0.3059437867393708,0.8551460298156441
6465,130,29,-0.6,0.2,0.25802212952298864,0.27893583302432606,0.8616454261971153
6466,130,30,-0.6,0.2,0.240343108764351,0.26150725511028383,0.8425910531681043
6467,130,31,-0.6,0.2,0.23135832100485007,0.27217766005913224,0.8344856334986331
6468,130,32,-0.6,0.2,0.2142490188733932,0.29336763174716496,0.8195846383347833
6469,130,33,-0.6,0.2,0.22292126996510597,0.2951666675604254,0.8284057648130772
6470,130,34,-0.6,0.2,0.24365355122323196,0.2566541750051388,0.845553670701679
6471,130,35,-0.6,0.2,0.22646216932698837,0.2638705236884421,0.8289265112933156
6472,130,36,-0.6,0.2,0.23511230715747003,0.28856143297957637,0.8397950303361342
6473,130,37,-0.6,0.2,0.21687047022625533,0.28660950024470766,0.8214490675996299
6474,130,38,-0.6,0.2,0.2002739939752351,0.2876381096410906,0.805058323163321
6475,130,39,-0.6,0.2,0.20783500607452704,0.29044987480021606,0.8128828801806603
6476,130,40,-0.6,0.2,0.17339570313641764,0.2860003084353999,0.7781625580049825
6477,130,41,-0.6,0.2,0.11085086408222253,0.29547041150815057,0.7172332608294028
6478,130,42,-0.6,0.2,0.1610107405987896,0.2887516135476106,0.766168516851236
6479,130,43,-0.6,0.2,0.18358894177330157,0.2933680762997718,0.789131945457363
6480,130,44,-0.6,0.2,0.19550579380628302,0.2741873746222273,0.7989575924495013
6481,130,45,-0.6,0.2,0.21658742143855275,0.247182705459417,0.8179494021919294
6482,130,46,-0.6,0.2,0.23833655218186028,0.2653411417406745,0.8408790873414226
6483,130,47,-0.6,0.2,0.21811541745991936,0.2853415670435988,0.8225545692238754
6484,130,48,-0.6,0.2,0.21688651920310653,0.3034648134021912,0.8234127475744577
6485,131,0,-0.5,0.2,0.08039476722478867,0.04486341029405594,0.6007707110766195
6486,131,1,-0.5,0.2,0.08308139294385909,0.03271477846428752,0.6066038708593966
6487,131,2,-0.5,0.2,0.07928398668766021,0.027927593635395168,0.6043002980843671
6488,131,3,-0.5,0.2,0.07357237109541892,0.02802653324883431,0.5987989129502785
6489,131,4,-0.5,0.2,0.07238733205497264,0.0267028337826021,0.5980461234018576
6490,131,5,-0.5,0.2,0.040059533499777304,0.0183798015501257,0.5697808317317886
6491,131,6,-0.5,0.2,0.04950783252534269,0.016090265241296028,0.579466693215164
6492,131,7,-0.5,0.2,0.0545388971256405,0.012333908979020172,0.5854331303781982
6493,131,8,-0.5,0.2,0.07389214859813778,0.009367744295790946,0.6047254378124521
6494,131,9,-0.5,0.2,0.0739347972818934,0.007391795323090363,0.6053916682940642
6495,131,10,-0.5,0.2,0.08446994318009476,0.005400678473519907,0.6160146186735422
6496,131,11,-0.5,0.2,0.08214794397760175,0.007431136582509018,0.6131712614231469
6497,131,12,-0.5,0.2,0.08223632410452882,0.0055850838347780065,0.6138373536485737
6498,131,13,-0.5,0.2,0.0771374099423516,0.009357739866490676,0.6078092310123124
6499,131,14,-0.5,0.2,0.08176077182879246,0.0112742797200887,0.611606894282597
6500,131,15,-0.5,0.2,0.08246776628547049,0.010002065887352429,0.6126727623525134
6501,131,16,-0.5,0.2,0.07284140703715081,0.01190779761295559,0.6029311355495847
6502,131,17,-0.5,0.2,0.07932262725975152,0.010446827327954067,0.6095450038554819
6503,131,18,-0.5,0.2,0.07085575213176236,0.014120874927464232,0.6003560101137086
6504,131,19,-0.5,0.2,0.06695626934468306,0.020849043690379633,0.5945876524919537
6505,131,20,-0.5,0.2,0.07072833733826567,0.018084466774514637,0.5990192787128089
6506,131,21,-0.5,0.2,0.05936790198036812,0.017881678266799372,0.5882682490810093
6507,131,22,-0.5,0.2,0.042039723276735816,0.011628985439298693,0.5738385667908251
6508,131,23,-0.5,0.2,0.034739235049236844,0.00839087602291574,0.5680317824667107
6509,131,24,-0.5,0.2,0.038255894486133576,0.008579288207052638,0.5712804012500221
6510,131,25,-0.5,0.2,0.03573850444239082,0.011295969037007235,0.5680008419393864
6511,131,26,-0.5,0.2,0.03130419185655506,0.015155384390010098,0.5625403773991269
6512,131,27,-0.5,0.2,0.03911483254659209,0.013817224423257073,0.5703585088286137
6513,131,28,-0.5,0.2,0.034202992684042685,0.012809305664516778,0.5660505219840255
6514,131,29,-0.5,0.2,0.029990174458898466,0.01378687383595318,0.5617516474197124
6515,131,30,-0.5,0.2,0.03566118892086958,0.01568721806808558,0.5664839899764167
6516,131,31,-0.5,0.2,0.048752070429299174,0.01656938819153083,0.5785979814593825
6517,131,32,-0.5,0.2,0.061187879665356604,0.020580502943635788,0.5891716152423312
6518,131,33,-0.5,0.2,0.03084519977029483,0.005453435646999443,0.5653715520086949
6519,131,34,-0.5,0.2,0.055804492108617466,0.00413383604686061,0.5893065311277624
6520,131,35,-0.5,0.2,0.07667892649850841,0.0035414842515728833,0.6092245338769172
6521,131,36,-0.5,0.2,0.08329150088188167,0.011110765330461597,0.6131134625622586
6522,131,37,-0.5,0.2,0.09730864470491787,0.02476242985797679,0.6224835925777532
6523,131,38,-0.5,0.2,0.09421185512048985,0.021008738802432304,0.6205848856931901
6524,131,39,-0.5,0.2,0.08665283546936602,0.0176446646127517,0.6143411248715511
6525,131,40,-0.5,0.2,0.08535536669954123,0.01658563758769537,0.6134180741248717
6526,131,41,-0.5,0.2,0.0949107488521449,0.022401430950435335,0.6208542911410638
6527,131,42,-0.5,0.2,0.08983984926044529,0.01944660491333468,0.6168553933077884
6528,131,43,-0.5,0.2,0.08865017455905387,0.01837396018316591,0.6160333159399342
6529,131,44,-0.5,0.2,0.08578179338040745,0.016195202772340885,0.6139417830217025
6530,131,45,-0.5,0.2,0.0805682308070258,0.019389617997572023,0.6080128129484303
6531,131,46,-0.5,0.2,0.08065043629355002,0.02246850007843538,0.6071839611125203
6532,131,47,-0.5,0.2,0.08378927502833543,0.026955755222341365,0.6088959092396496
6533,131,48,-0.5,0.2,0.08926580688021496,0.02512909550761249,0.6146657826788283
6534,131,49,-0.5,0.2,0.09065487646523455,0.022541781693762006,0.6167370609397378
6535,132,0,-0.4,0.2,-0.0608077198266983,0.06882026046514511,0.3636750293786968
6536,132,1,-0.4,0.2,-0.06183463260531426,0.06749743074178696,0.3631979440542173
6537,132,2,-0.4,0.2,-0.0555308124423027,0.06551974907517433,0.36978907375078585
6538,132,3,-0.4,0.2,-0.05527383339405059,0.06568986625969409,0.36996667683478157
6539,132,4,-0.4,0.2,-0.06304722752571104,0.06632821948379276,0.36249871142458295
6540,132,5,-0.4,0.2,-0.06225692327797411,0.07326961342230437,0.3607367139005849
6541,132,6,-0.4,0.2,-0.061797118233501896,0.060981135304912906,0.3656602712577275
6542,132,7,-0.4,0.2,-0.06820451143662332,0.06857337506145386,0.35687701519395604
6543,132,8,-0.4,0.2,-0.07262878265277682,0.06554467805793984,0.3539069758367951
6544,132,9,-0.4,0.2,-0.07826833677696483,0.06617946803569567,0.3484525762502983
6545,132,10,-0.4,0.2,-0.0738773363499354,0.06974473661184152,0.35117292803764316
6546,132,11,-0.4,0.2,-0.06820131327886952,0.07407778696417697,0.35488980296101225
6547,132,12,-0.4,0.2,-0.05938935965623161,0.07209068077146928,0.36383568030210856
6548,132,13,-0.4,0.2,-0.056791692929744626,0.06990695050495807,0.36703697847621586
6549,132,14,-0.4,0.2,-0.05203634646544449,0.06805314606226047,0.3721406675508381
6550,132,15,-0.4,0.2,-0.04755466757125372,0.06849464292384774,0.3761799719423348
6551,132,16,-0.4,0.2,-0.03967944611643453,0.07234811371108207,0.38226418302540227
6552,132,17,-0.4,0.2,-0.03866687286073257,0.07202243218698322,0.3833273883139285
6553,132,18,-0.4,0.2,-0.04473803435983263,0.07176628521993511,0.3776969020746801
6554,132,19,-0.4,0.2,-0.04944584353919229,0.06667671594361789,0.37505108276543775
6555,132,20,-0.4,0.2,-0.05094745081075808,0.06668966805277496,0.37364331480623003
6556,132,21,-0.4,0.2,-0.050348631789149306,0.06818356073634585,0.37367319003625155
6557,132,22,-0.4,0.2,-0.05504062232862216,0.06282622349476548,0.37123256484868394
6558,132,23,-0.4,0.2,-0.06325947563095104,0.06026373381466679,0.36458250758883154
6559,132,24,-0.4,0.2,-0.07347188119262703,0.051831172804392464,0.3585730242564319
6560,132,25,-0.4,0.2,-0.06909758281627469,0.04324388896947102,0.3661541861613052
6561,132,26,-0.4,0.2,-0.07012474241200507,0.04361526533332961,0.3650669401705815
6562,132,27,-0.4,0.2,-0.07381876649101966,0.044457092683089255,0.36136933061625065
6563,132,28,-0.4,0.2,-0.06789393078931447,0.037859805162152385,0.3695725693130212
6564,132,29,-0.4,0.2,-0.061199370360908834,0.04314706714429509,0.373347973329548
6565,132,30,-0.4,0.2,-0.05798835613884185,0.05678809974625344,0.3707851303799827
6566,132,31,-0.4,0.2,-0.05623441404094654,0.060133579431218345,0.3711298878997685
6567,132,32,-0.4,0.2,-0.058171073359183964,0.06492923412796826,0.3675474484766146
6568,132,33,-0.4,0.2,-0.05358600736494139,0.048401522448697484,0.378133247267726
6569,132,34,-0.4,0.2,-0.052479603609290645,0.03814533576267675,0.3833632197315392
6570,132,35,-0.4,0.2,-0.05106584440131272,0.032687800823930906,0.3869734059809557
6571,132,36,-0.4,0.2,-0.05270159378470479,0.032540704324343604,0.38556296329895473
6572,132,37,-0.4,0.2,-0.05080557112271635,0.027939544851729434,0.3892833792814206
6573,132,38,-0.4,0.2,-0.05103320276799335,0.026175578400099687,0.3898624823125513
6574,132,39,-0.4,0.2,-0.05738947592421148,0.0327609074366322,0.3812491118532674
6575,132,40,-0.4,0.2,-0.06822689882487695,0.031504472303048925,0.3721076907525998
6576,132,41,-0.4,0.2,-0.0719609777937278,0.03966307331657341,0.36512673162661435
6577,132,42,-0.4,0.2,-0.07178547874758258,0.030619116669398067,0.3693435468487416
6578,132,43,-0.4,0.2,-0.07380498798657188,0.03675353594804909,0.36476375078659534
6579,132,44,-0.4,0.2,-0.07214366392670185,0.04333531903951937,0.36336427915228076
6580,132,45,-0.4,0.2,-0.06784108626310703,0.045724699978140014,0.36623819048770384
6581,132,46,-0.4,0.2,-0.06873114723190937,0.0443091254024455,0.36603101131903887
6582,132,47,-0.4,0.2,-0.07207595256723653,0.04225863440951946,0.36389080684050673
6583,132,48,-0.4,0.2,-0.06333080319991095,0.04594728223368396,0.3702409862848862
6584,132,49,-0.4,0.2,-0.03206164287429321,0.03873873748202531,0.4017260626761168
6585,133,0,-0.3,0.2,0.18832841515541077,0.30245980620384216,0.4989615746082298
6586,133,1,-0.3,0.2,0.19301304519176482,0.302210396528244,0.5034966016645177
6587,133,2,-0.3,0.2,0.17873719245195385,0.2953043234348297,0.4881313486164863
6588,133,3,-0.3,0.2,0.18486641582846638,0.29417262041568754,0.4939270428254566
6589,133,4,-0.3,0.2,0.1710269810348749,0.2916483560681343,0.47986022760051694
6590,133,5,-0.3,0.2,0.15912047456830739,0.3015505090987682,0.47021709461274036
6591,133,6,-0.3,0.2,0.15796826781621573,0.28826833476078506,0.4663970768004738
6592,133,7,-0.3,0.2,0.1470179863398641,0.29692257838066816,0.45740470735586414
6593,133,8,-0.3,0.2,0.15042773538209583,0.2781338386499035,0.45715428636688127
6594,133,9,-0.3,0.2,0.1706667617694965,0.28092984506827623,0.4775739109890313
6595,133,10,-0.3,0.2,0.17311379244084174,0.2824686070734205,0.48024757339354257
6596,133,11,-0.3,0.2,0.18183280479022373,0.2842019876159985,0.4891347733401282
6597,133,12,-0.3,0.2,0.1747719567594524,0.2706596638979943,0.48000124898522595
6598,133,13,-0.3,0.2,0.18672868362112016,0.2787142634745143,0.4930524786814115
6599,133,14,-0.3,0.2,0.18324518328637102,0.28315456392854366,0.49034741629953
6600,133,15,-0.3,0.2,0.20402675060442244,0.2812911567861134,0.5105401232973538
6601,133,16,-0.3,0.2,0.18941689463066863,0.2728619126917924,0.4948108275604257
6602,133,17,-0.3,0.2,0.1905292843990074,0.2815892084349596,0.4972683156868589
6603,133,18,-0.3,0.2,0.17574443048723365,0.26040720529721006,0.47956417046255817
6604,133,19,-0.3,0.2,0.1911034250114508,0.26860847186203873,0.49587266154651216
6605,133,20,-0.3,0.2,0.20977508770405284,0.28334853627094875,0.5165439173411922
6606,133,21,-0.3,0.2,0.2295411360550455,0.29493197604483834,0.5379831733895085
6607,133,22,-0.3,0.2,0.23687019672016024,0.30295089645312756,0.5466520787547104
6608,133,23,-0.3,0.2,0.2316301535389205,0.30072584086843895,0.5410880844839131
6609,133,24,-0.3,0.2,0.23461156979947945,0.3050389243556261,0.544832732307128
6610,133,25,-0.3,0.2,0.22507582532390713,0.31204244170340295,0.5368967601713039
6611,133,26,-0.3,0.2,0.15602457845128906,0.26579301428423996,0.46074628254635125
6612,133,27,-0.3,0.2,0.17853525804223747,0.271756095788267,0.4838852451483985
6613,133,28,-0.3,0.2,0.09947472282965472,0.2797966839581437,0.4073666222833497
6614,133,29,-0.3,0.2,0.11351766216857873,0.28254437637297264,0.4216757415315348
6615,133,30,-0.3,0.2,0.1132035850949342,0.29278438820816644,0.4234927926546923
6616,133,31,-0.3,0.2,0.137520250641016,0.30101340685351985,0.4490297073525672
6617,133,32,-0.3,0.2,0.1621236541607931,0.29232386422003315,0.4712557348610661
6618,133,33,-0.3,0.2,0.1622163054463534,0.28004754354845984,0.46909649566866224
6619,133,34,-0.3,0.2,0.17733515778999406,0.2833539360682572,0.48455828495700043
6620,133,35,-0.3,0.2,0.19528183177982383,0.29174645739240285,0.5037077578668346
6621,133,36,-0.3,0.2,0.1783326316387676,0.27312628376692516,0.4838900286925014
6622,133,37,-0.3,0.2,0.19744657913425126,0.2946406191959678,0.5063693769316674
6623,133,38,-0.3,0.2,0.18369994667872774,0.29797270401937653,0.49352232892734693
6624,133,39,-0.3,0.2,0.189680956556335,0.269380151760936,0.4945715768948896
6625,133,40,-0.3,0.2,0.18457746597901425,0.2691784766044737,0.48949053326898817
6626,133,41,-0.3,0.2,0.18415849571369894,0.26685518391018753,0.4887525596735191
6627,133,42,-0.3,0.2,0.2077244670734799,0.2718254323498403,0.5127797063040723
6628,133,43,-0.3,0.2,0.20079836409113777,0.2724318084108031,0.506009257174233
6629,133,44,-0.3,0.2,0.2056364249445536,0.2755949322274364,0.5112560884812813
6630,133,45,-0.3,0.2,0.2105521412571546,0.2762546714865889,0.516215327034943
6631,133,46,-0.3,0.2,0.20157849354706142,0.25866629071102615,0.5049977414352763
6632,133,47,-0.3,0.2,0.1453385151347851,0.22826908897306772,0.4462348422678606
6633,133,48,-0.3,0.2,0.11188266876786299,0.26331255544883386,0.41672030489142087
6634,133,49,-0.3,0.2,0.07580816986575269,0.27853544847929146,0.3839265518373141
6635,134,0,-0.2,0.2,-0.013665176928043365,-0.1641337126493454,0.4090403732849038
6636,134,1,-0.2,0.2,-0.021435675024986264,-0.16112932115793227,0.40286425102479784
6637,134,2,-0.2,0.2,-0.019623344168066974,-0.16080392137169836,0.4033797313280705
6638,134,3,-0.2,0.2,0.0019325854703784,-0.14861673031747338,0.4028776411418207
6639,134,4,-0.2,0.2,-0.0334292295448482,-0.1385419176533818,0.37730153932690497
6640,134,5,-0.2,0.2,-0.03652461444444954,-0.13203853662416337,0.3700997047905493
6641,134,6,-0.2,0.2,-0.06351812285756318,-0.12426757496519383,0.35181921914831604
6642,134,7,-0.2,0.2,-0.059046315742558975,-0.11962182449645248,0.34932227498427215
6643,134,8,-0.2,0.2,-0.08073302538704744,-0.11826680714033556,0.33987993727289967
6644,134,9,-0.2,0.2,-0.06130076922037511,-0.1321333803723232,0.35993063078377474
6645,134,10,-0.2,0.2,-0.04906174673577961,-0.14032714869508972,0.3722968230288618
6646,134,11,-0.2,0.2,-0.07979405913510493,-0.12909063288719336,0.3503571219103561
6647,134,12,-0.2,0.2,-0.09639195000758766,-0.1239490495364429,0.34011412014027725
6648,134,13,-0.2,0.2,-0.08948598704677521,-0.12938890957518348,0.34743402367953824
6649,134,14,-0.2,0.2,-0.08323311439513355,-0.1332940550901368,0.3531563856597911
6650,134,15,-0.2,0.2,-0.10257604461860093,-0.1354297925611846,0.3492915298426175
6651,134,16,-0.2,0.2,-0.061468878829141475,-0.13614691006207053,0.3635733992980411
6652,134,17,-0.2,0.2,-0.05705603980577192,-0.13991977468077846,0.36875253080492926
6653,134,18,-0.2,0.2,-0.07074345515657803,-0.1379538087691978,0.36182873192501874
6654,134,19,-0.2,0.2,-0.05686377939127423,-0.14457033386352466,0.3731175319238841
6655,134,20,-0.2,0.2,-0.058416053598918286,-0.1347145149346785,0.363427875081785
6656,134,21,-0.2,0.2,-0.0764087520162845,-0.13009995062804394,0.35247804751900413
6657,134,22,-0.2,0.2,-0.010925960290869972,-0.11142080389220835,0.3643239075174713
6658,134,23,-0.2,0.2,-0.024971301827737324,-0.1194477007183584,0.3642552383674433
6659,134,24,-0.2,0.2,-0.03765035999987129,-0.1256171547149824,0.36384603481809746
6660,134,25,-0.2,0.2,-0.07028206619840385,-0.11849103028005806,0.3438942842191597
6661,134,26,-0.2,0.2,-0.06389221899961496,-0.12737499632535887,0.35454155788550024
6662,134,27,-0.2,0.2,-0.0693851920195276,-0.13137646189003147,0.35618897731194765
6663,134,28,-0.2,0.2,-0.07675819829697392,-0.1319392827100383,0.35407941071610294
6664,134,29,-0.2,0.2,-0.10346498255845395,-0.11800501966106679,0.33233447326763305
6665,134,30,-0.2,0.2,-0.07553012237391413,-0.13093464033344834,0.35356822058675125
6666,134,31,-0.2,0.2,-0.08029032047399956,-0.13184968053874985,0.35278126062177406
6667,134,32,-0.2,0.2,-0.07580557447737807,-0.13578864180747996,0.3580199258390602
6668,134,33,-0.2,0.2,-0.06103611631886609,-0.13650514255556495,0.3640695976514447
6669,134,34,-0.2,0.2,-0.05565687716590874,-0.14037611086582263,0.36971723513739574
6670,134,35,-0.2,0.2,-0.06401546836307902,-0.13899048467070443,0.36524832859548023
6671,134,36,-0.2,0.2,-0.04548575993168235,-0.1364157225659828,0.3702029021678275
6672,134,37,-0.2,0.2,-0.05579861140302336,-0.13660179557203633,0.3661895810309398
6673,134,38,-0.2,0.2,-0.06498201708233417,-0.13585829026758242,0.36198155595640336
6674,134,39,-0.2,0.2,-0.03680270079935831,-0.13952495258134304,0.37671016961551096
6675,134,40,-0.2,0.2,-0.03644969999706417,-0.1443702466364422,0.38123426839608
6676,134,41,-0.2,0.2,-0.025801945059905136,-0.15033449937433033,0.3912534010034609
6677,134,42,-0.2,0.2,-0.013454287579245147,-0.14445842997899672,0.3917281108194335
6678,134,43,-0.2,0.2,-0.017598822061132134,-0.14568222301870298,0.39085341117180855
6679,134,44,-0.2,0.2,-0.020408976553119736,-0.14792365795740284,0.3915403012068589
6680,134,45,-0.2,0.2,-0.03227730113741384,-0.14457237349409022,0.38322450898800897
6681,134,46,-0.2,0.2,-0.06061238510344066,-0.12075726204634418,0.34973436825971027
6682,134,47,-0.2,0.2,-0.049572154373462456,-0.13161131401324766,0.3641354148135473
6683,134,48,-0.2,0.2,-0.054905005190148765,-0.13403975577776778,0.3641910432162514
6684,135,0,-0.1,0.2,0.28699010610580444,0.1602729856967926,0.38902387830212815
6685,135,1,-0.1,0.2,0.2901288092136383,0.16023320406675337,0.39215033576072317
6686,135,2,-0.1,0.2,0.2852791839838028,0.1601024495065212,0.3873394688727249
6687,135,3,-0.1,0.2,0.28286905843019483,0.1599230074435472,0.38496088273432916
6688,135,4,-0.1,0.2,0.2821543249547481,0.15724239274710414,0.3845388680739726
6689,135,5,-0.1,0.2,0.28263510993540286,0.15591979838803408,0.3851657974553678
6690,135,6,-0.1,0.2,0.28693535637849565,0.16308423551099,0.38869235094552795
6691,135,7,-0.1,0.2,0.28872072496410006,0.16419158647977855,0.39036655145574484
6692,135,8,-0.1,0.2,0.2880266503381436,0.17165558029578606,0.38906051907255845
6693,135,9,-0.1,0.2,0.2827433632931504,0.16829430751558677,0.384054336104761
6694,135,10,-0.1,0.2,0.2818868538722371,0.1677409553010223,0.3832469375289593
6695,135,11,-0.1,0.2,0.2833563711930794,0.16460483624888164,0.3849869152988119
6696,135,12,-0.1,0.2,0.28153531140909965,0.15637257991281042,0.38402154319191883
6697,135,13,-0.1,0.2,0.2760605252859837,0.15716476498676163,0.3784922403920711
6698,135,14,-0.1,0.2,0.2815127130304269,0.16126999389174554,0.3834735500356997
6699,135,15,-0.1,0.2,0.27901047857285977,0.16239533217479865,0.3808714401346889
6700,135,16,-0.1,0.2,0.27894268010235834,0.16316908125292318,0.38072834328286104
6701,135,17,-0.1,0.2,0.2776010732047151,0.1620631229574257,0.3795020120171908
6702,135,18,-0.1,0.2,0.282265190296836,0.15676390908026114,0.3847025282873719
6703,135,19,-0.1,0.2,0.27937795202873855,0.15418423709575724,0.38213441956465743
6704,135,20,-0.1,0.2,0.27932061986784035,0.15317867694410753,0.3821993837640596
6705,135,21,-0.1,0.2,0.28191005354783855,0.15471277086614718,0.3845857799289191
6706,135,22,-0.1,0.2,0.27827929274204716,0.1590928168502987,0.38048471841936915
6707,135,23,-0.1,0.2,0.2800989873327249,0.16238914797557177,0.3819552543968553
6708,135,24,-0.1,0.2,0.2801195024432941,0.16503933031257934,0.38172383284611716
6709,135,25,-0.1,0.2,0.20957723059133115,0.14468417809633277,0.3144803679937373
6710,135,26,-0.1,0.2,0.22661126115434166,0.15314488085468117,0.3299550243638542
6711,135,27,-0.1,0.2,0.24532936832267999,0.15156662444920987,0.34870928363521536
6712,135,28,-0.1,0.2,0.253528339412523,0.1523597090090926,0.35672382047387086
6713,135,29,-0.1,0.2,0.26282311968276784,0.15841977586864736,0.3651979342974842
6714,135,30,-0.1,0.2,0.2637590810119005,0.15869497858845705,0.3660966727688609
6715,135,31,-0.1,0.2,0.20570283319763583,0.14466557599459548,0.31067043744951245
6716,135,32,-0.1,0.2,0.22740198701966371,0.15026004054296135,0.33115876052312415
6717,135,33,-0.1,0.2,0.23908745518569147,0.15643565413061464,0.3418744718392056
6718,135,34,-0.1,0.2,0.2551446536170522,0.1632108200559276,0.3570450514343159
6719,135,35,-0.1,0.2,0.25902897569447314,0.16074029219930175,0.3611691155744339
6720,135,36,-0.1,0.2,0.2660399200224547,0.15720559933731318,0.36853301585899134
6721,135,37,-0.1,0.2,0.2667509700052507,0.16068203643227172,0.3688525128813758
6722,135,38,-0.1,0.2,0.2693313330049114,0.16119572894459155,0.3713642484021939
6723,135,39,-0.1,0.2,0.27036070314490374,0.16432203018347055,0.3720752181538253
6724,135,40,-0.1,0.2,0.27047391177426283,0.16266878013388059,0.372350022535271
6725,135,41,-0.1,0.2,0.27444138635046633,0.1646788005551002,0.3761036279302362
6726,135,42,-0.1,0.2,0.2725284989296709,0.16085629852257283,0.374579379945223
6727,135,43,-0.1,0.2,0.2673872765832663,0.15267876867601748,0.3704223399435937
6728,135,44,-0.1,0.2,0.2676616469873452,0.15250541427636777,0.370716633479679
6729,135,45,-0.1,0.2,0.27203130045507595,0.15274256131284678,0.37502073813265985
6730,135,46,-0.1,0.2,0.27348962846678465,0.154546651868654,0.3762452782808127
6731,135,47,-0.1,0.2,0.2746643274654684,0.15981822862232017,0.37681286207638914
6732,135,48,-0.1,0.2,0.27380758074331446,0.1643793886681696,0.37550091261250335
6733,135,49,-0.1,0.2,0.27146049721226806,0.16743957440517446,0.37288481103968496
6734,136,0,0.0,0.2,-0.12233974039554596,-0.09202634543180466,0.31661711657190184
6735,136,1,0.0,0.2,-0.13160966485738754,-0.09370364919304848,0.3218430322893245
6736,136,2,0.0,0.2,-0.14294866725802421,-0.09231279663741587,0.3253937500150127
6737,136,3,0.0,0.2,-0.0886831055432558,-0.061999735280871375,0.27660179770934773
6738,136,4,0.0,0.2,-0.050092085872590536,-0.04787789172828196,0.25288864402089084
6739,136,5,0.0,0.2,-0.02871196545377373,-0.050647529918253414,0.25228666475725675
6740,136,6,0.0,0.2,-0.014632869800433511,-0.05425301697930693,0.25467374721725083
6741,136,7,0.0,0.2,-0.0015851153218284196,-0.05798158551212847,0.257986455175335
6742,136,8,0.0,0.2,0.007842942297610197,-0.061654987717367105,0.2617725049375109
6743,136,9,0.0,0.2,0.01452863460193752,-0.05057206794548812,0.25099291316265276
6744,136,10,0.0,0.2,0.020192098088934768,-0.035134107838820886,0.23599951164015448
6745,136,11,0.0,0.2,0.028140152769796374,-0.02285768522399269,0.22462728253999711
6746,136,12,0.0,0.2,0.03612897514726582,-0.019962521770391085,0.22290987826649034
6747,136,13,0.0,0.2,-0.02684197223585741,-0.05104314999297783,0.2524740672463358
6748,136,14,0.0,0.2,-0.009668028130941858,-0.05676745649735994,0.2569494064676241
6749,136,15,0.0,0.2,0.0009261784033285682,-0.05806178990595148,0.2580634519181247
6750,136,16,0.0,0.2,0.008711657618822154,-0.05522831765825375,0.25537695102168106
6751,136,17,0.0,0.2,0.01743771079852089,-0.047328207806849244,0.24794216288247722
6752,136,18,0.0,0.2,0.022607637550152673,-0.03624972675370438,0.23732896718858207
6753,136,19,0.0,0.2,0.03142490851283285,-0.022214822291226028,0.2244258276601895
6754,136,20,0.0,0.2,0.035228969724775835,-0.02017375488278626,0.222974354236209
6755,136,21,0.0,0.2,0.036575008879364566,-0.026559099792819726,0.22949238979421183
6756,136,22,0.0,0.2,-0.015008288507478706,-0.04918843226389791,0.2496399877785267
6757,136,23,0.0,0.2,0.003688495090234188,-0.050910726455148984,0.25093783621901516
6758,136,24,0.0,0.2,0.012391839932838614,-0.053591585345176704,0.25389417058058095
6759,136,25,0.0,0.2,0.01925923914512761,-0.04661182409125118,0.24736270954625203
6760,136,26,0.0,0.2,0.021972033565844467,-0.03770995318311735,0.2387232542115209
6761,136,27,0.0,0.2,-0.02176369430629039,-0.04654839461637336,0.2475071095499453
6762,136,28,0.0,0.2,0.0005069947103129128,-0.024371430555134604,0.2243720033627054
6763,136,29,0.0,0.2,0.014353667011025192,-0.023471785158320973,0.22393228109968907
6764,136,30,0.0,0.2,0.024224688874794887,-0.03158606941430101,0.23284961476851548
6765,136,31,0.0,0.2,0.027057567176202627,-0.03621878535499007,0.23776338342158912
6766,136,32,0.0,0.2,0.02898595209507722,-0.045637131906200265,0.24734143605542955
6767,136,33,0.0,0.2,0.034381307988484745,-0.04109125219151792,0.2435304215540086
6768,136,34,0.0,0.2,0.036105329027160044,-0.03390080188866249,0.23667103732463513
6769,136,35,0.0,0.2,0.04169550360368572,-0.027473952526689112,0.23126373277900575
6770,136,36,0.0,0.2,0.04308037335464177,-0.02323548647477068,0.2273543511569613
6771,136,37,0.0,0.2,0.0397305338318365,-0.02814830387035694,0.23158187294666102
6772,136,38,0.0,0.2,0.03755458063032746,-0.04054157044569433,0.2434555270245486
6773,136,39,0.0,0.2,0.0368622075150665,-0.049614662172951754,0.25232182211334925
6774,136,40,0.0,0.2,0.027695106113074165,-0.054272710998645335,0.25577652445291976
6775,136,41,0.0,0.2,0.033388865392290114,-0.05588228012507521,0.2580514631118993
6776,136,42,0.0,0.2,0.03410177497130413,-0.04434114226470146,0.24670939353703691
6777,136,43,0.0,0.2,0.03463988922678674,-0.030461505783238287,0.2330502683403768
6778,136,44,0.0,0.2,0.03543312967668247,-0.025163252602365405,0.2279341944534896
6779,136,45,0.0,0.2,0.043071499562215704,-0.021640918238950525,0.2257871801328479
6780,136,46,0.0,0.2,0.04674540884014599,-0.036682923246219676,0.24125492617562927
6781,136,47,0.0,0.2,0.04670348687670273,-0.041585592032627704,0.24605855799828946
6782,136,48,0.0,0.2,0.04583290911308079,-0.046746709392278894,0.2509673169033882
6783,137,0,0.1,0.2,-0.01903517171740532,-0.02514714002609253,0.25467745633982036
6784,137,1,0.1,0.2,-0.033966556563973425,-0.022496334090828893,0.25971456825035066
6785,137,2,0.1,0.2,-0.015761655084788793,-0.01982273837551474,0.24844073155358323
6786,137,3,0.1,0.2,-0.002325565923005337,-0.01820247059874236,0.24100381660226533
6787,137,4,0.1,0.2,0.012026045306399469,-0.01864426451493054,0.23567929715973485
6788,137,5,0.1,0.2,0.00550702239941806,-0.013256897228937591,0.2332539968179275
6789,137,6,0.1,0.2,0.019362585426468404,-0.010068606499420475,0.22501380416701544
6790,137,7,0.1,0.2,-0.02117179366273768,-0.017847419470062662,0.24927916429017993
6791,137,8,0.1,0.2,-0.024078801871599366,-0.01909924532737093,0.25179362258984056
6792,137,9,0.1,0.2,-0.006399260134382174,-0.014676908087343272,0.239597532172361
6793,137,10,0.1,0.2,0.01200124390957933,-0.014545905070629922,0.2318916265328205
6794,137,11,0.1,0.2,0.000761852290498485,-0.012013339390594804,0.2340894402581295
6795,137,12,0.1,0.2,0.01728228821196863,-0.009649752233840356,0.22537799017463633
6796,137,13,0.1,0.2,0.02157282025304532,-0.011628887052925557,0.22569361612221348
6797,137,14,0.1,0.2,0.00048471983254916653,-0.015399397236023833,0.23727661350510007
6798,137,15,0.1,0.2,0.04822507646865325,-0.01563985367649808,0.22176832325717374
6799,137,16,0.1,0.2,0.029583836252795388,-0.014879949772346118,0.22612348160029538
6800,137,17,0.1,0.2,-0.006683526179477862,-0.017877822263828582,0.24259455928053253
6801,137,18,0.1,0.2,-0.011411420920391583,-0.01549050802429931,0.24258743528895158
6802,137,19,0.1,0.2,-0.02162854963861882,-0.017383126577817314,0.2490962219864872
6803,137,20,0.1,0.2,-0.03634919043407922,-0.019460832166431383,0.25836826157098197
6804,137,21,0.1,0.2,-0.05834337195970872,-0.021892966142724575,0.2725969769956868
6805,137,22,0.1,0.2,-0.09120797648879668,-0.02478894235491895,0.29511109582322265
6806,137,23,0.1,0.2,-0.0593698595901027,-0.02337361995637516,0.274398480750503
6807,137,24,0.1,0.2,-0.07005772118347747,-0.024978931739748217,0.2820197657272902
6808,137,25,0.1,0.2,-0.06458441962504888,-0.03118137811260868,0.2837831227704691
6809,137,26,0.1,0.2,-0.038843371319702794,-0.027918655859889722,0.26687899027162054
6810,137,27,0.1,0.2,-0.03803178505952365,-0.034490189632995424,0.27210002337529615
6811,137,28,0.1,0.2,-0.04761963224210982,-0.03186712245330855,0.2748707301588755
6812,137,29,0.1,0.2,-0.05563024650076083,-0.02958260507514031,0.27736067886233523
6813,137,30,0.1,0.2,-0.05315516595086789,-0.026655543812026238,0.27354933814243315
6814,137,31,0.1,0.2,-0.06348657998272712,-0.0259640266771483,0.27890429036965286
6815,137,32,0.1,0.2,-0.06526459281623616,-0.02473909943727228,0.2789624499006856
6816,137,33,0.1,0.2,-0.05341779557353435,-0.02704147140283685,0.27401614867632884
6817,137,34,0.1,0.2,-0.0678333611015511,-0.029350432361856207,0.28420003153274637
6818,137,35,0.1,0.2,-0.08488128130702402,-0.029846164160953533,0.29497516396678375
6819,137,36,0.1,0.2,-0.07404627061434346,-0.030439457969656185,0.2887809690822964
6820,137,37,0.1,0.2,-0.06882029545390039,-0.023732329984509363,0.2802792315485391
6821,137,38,0.1,0.2,-0.07619069581685861,-0.024774636607371156,0.2855990170753474
6822,137,39,0.1,0.2,-0.07554482416133959,-0.021791156707159347,0.2828556212687585
6823,137,40,0.1,0.2,-0.07169708209310587,-0.023467264552480147,0.28181111817289056
6824,137,41,0.1,0.2,-0.05930694564384451,-0.01974886163269114,0.27141898444883045
6825,137,42,0.1,0.2,-0.03034226782065194,-0.019129720980289,0.25496458851677795
6826,137,43,0.1,0.2,-0.00014844145237498385,-0.01965239704455305,0.2414060600994883
6827,137,44,0.1,0.2,0.00521891912717258,-0.01936416891777275,0.23896462478033564
6828,137,45,0.1,0.2,0.0068690980039938735,-0.021089728398071036,0.23990421611493726
6829,137,46,0.1,0.2,0.008445497671170345,-0.01833155127844454,0.23675069837348262
6830,137,47,0.1,0.2,-0.012812214669006745,-0.018853336679308302,0.24621815277146553
6831,137,48,0.1,0.2,-0.0272314745222453,-0.017367126587935367,0.2518656702097376
6832,137,49,0.1,0.2,0.016880657163814046,-0.015365391155814782,0.23084860160117177
6833,138,0,0.2,0.2,0.12226752191781998,0.07565616071224213,0.14664149657452477
6834,138,1,0.2,0.2,0.1306083135306835,0.07705926224589348,0.14117234555882366
6835,138,2,0.2,0.2,0.13180792458355425,0.07390718586742877,0.14335116646010726
6836,138,3,0.2,0.2,0.13303921907395122,0.07226812466233967,0.14421920177112998
6837,138,4,0.2,0.2,0.13239053192213177,0.0700855966605246,0.14645406231588176
6838,138,5,0.2,0.2,0.14248076887659727,0.07701689514897762,0.1357693118043433
6839,138,6,0.2,0.2,0.09582953421486168,0.055375940290518094,0.17823468963348427
6840,138,7,0.2,0.2,0.10493479706594272,0.06130895111083909,0.16814458020069847
6841,138,8,0.2,0.2,0.1123026507737661,0.06526531194829888,0.16076150417838608
6842,138,9,0.2,0.2,0.11489967364566496,0.06706932128100358,0.15783735581384842
6843,138,10,0.2,0.2,0.12657558620917678,0.07376443478902314,0.14603616834421818
6844,138,11,0.2,0.2,0.13241388887826122,0.07674331434973174,0.1405705978291658
6845,138,12,0.2,0.2,0.13336301687821212,0.07502362879997158,0.1416318498004624
6846,138,13,0.2,0.2,0.13296843459631127,0.07519982533673411,0.1416626780646571
6847,138,14,0.2,0.2,0.13452818118828125,0.0770988657465972,0.13925246087336293
6848,138,15,0.2,0.2,0.13420324311960052,0.07749775807797693,0.13905399128360274
6849,138,16,0.2,0.2,0.13443877151028133,0.07943700633960811,0.13723596511642566
6850,138,17,0.2,0.2,0.13256852423440485,0.07904071775836242,0.1384852045683516
6851,138,18,0.2,0.2,0.13751679278119155,0.08256714187496647,0.13302115377549095
6852,138,19,0.2,0.2,0.13762975068581723,0.08290100271208704,0.13267337021930198
6853,138,20,0.2,0.2,0.13936249248370364,0.08253952535284097,0.13218876813906993
6854,138,21,0.2,0.2,0.1359793303661484,0.08041333924337997,0.1356451826320629
6855,138,22,0.2,0.2,0.13560680556069382,0.08064350028259895,0.13561879484381306
6856,138,23,0.2,0.2,0.13215643346746164,0.07921764381325581,0.13853204353461512
6857,138,24,0.2,0.2,0.13170870966024772,0.0793037579885864,0.1386769020851925
6858,138,25,0.2,0.2,0.1327651876053741,0.08043554017963217,0.1371720818894169
6859,138,26,0.2,0.2,0.133423934031434,0.07997085986550195,0.13725657376343703
6860,138,27,0.2,0.2,0.12754673064175742,0.07578507797530173,0.14380133203242565
6861,138,28,0.2,0.2,0.13129321247633743,0.07610886758195971,0.14166734042695273
6862,138,29,0.2,0.2,0.13408673164454613,0.07782960013488263,0.13881702182549788
6863,138,30,0.2,0.2,0.13501100192512333,0.07773137741444042,0.1384672738943984
6864,138,31,0.2,0.2,0.13569603378605524,0.07803916342268657,0.13787474652554146
6865,138,32,0.2,0.2,0.1340490650189139,0.08051688035376062,0.13647615801039026
6866,138,33,0.2,0.2,0.13467703061665615,0.08149593861930601,0.1353155678138202
6867,138,34,0.2,0.2,0.131509507031797,0.07710368339641017,0.14069275838420844
6868,138,35,0.2,0.2,0.14461314582039023,0.08497900399661248,0.1276617920034207
6869,138,36,0.2,0.2,0.14295356504367165,0.08308407061464915,0.13009085396470788
6870,138,37,0.2,0.2,0.14320126098963082,0.08211503947990269,0.1308547311716047
6871,138,38,0.2,0.2,0.14118873721163194,0.07923262360346309,0.13432618446328815
6872,138,39,0.2,0.2,0.0962939304814786,0.06235872660931342,0.1723370795725346
6873,138,40,0.2,0.2,0.10894441603563579,0.0685308771173107,0.15992263642972823
6874,138,41,0.2,0.2,0.11478916405895995,0.07098993165174755,0.15461075091012144
6875,138,42,0.2,0.2,0.12278714298687132,0.07387273338452718,0.14788479526990064
6876,138,43,0.2,0.2,0.12612748705980406,0.07513649765562036,0.1450794347445713
6877,138,44,0.2,0.2,0.12812008951650122,0.07380911040045532,0.14522693327699335
6878,138,45,0.2,0.2,0.12750846690120538,0.07419526780065297,0.14519591252773978
6879,138,46,0.2,0.2,0.13355627439744838,0.0771530329494822,0.1396644048620055
6880,138,47,0.2,0.2,0.13281052259235876,0.07582666764819657,0.14118584327638295
6881,138,48,0.2,0.2,0.13189505202909813,0.07621920881782794,0.14127975157043468
6882,139,0,0.3,0.2,-0.051532045006752014,-0.0927940160036087,0.45749657318295905
6883,139,1,0.3,0.2,-0.07528515607118606,-0.104031939804554,0.48298485358103566
6884,139,2,0.3,0.2,-0.05841255240142345,-0.10183475777506829,0.46857633179668523
6885,139,3,0.3,0.2,-0.048800942853093145,-0.09728869105875491,0.458304116899068
6886,139,4,0.3,0.2,-0.04606358611434698,-0.09172354751676319,0.45261753590651704
6887,139,5,0.3,0.2,-0.05430787660375237,-0.0884760044981539,0.4568943823190199
6888,139,6,0.3,0.2,-0.046049111278221005,-0.08780981685505805,0.45009385476208036
6889,139,7,0.3,0.2,-0.05303535807525664,-0.08911364510705617,0.456312024648062
6890,139,8,0.3,0.2,-0.049458131083616456,-0.08760834921931607,0.4525920325426798
6891,139,9,0.3,0.2,-0.05376511506451983,-0.08673097498888539,0.45537282379901606
6892,139,10,0.3,0.2,-0.06290388265798165,-0.09126696949573691,0.4653339398404856
6893,139,11,0.3,0.2,-0.05890920459414294,-0.09066456929604844,0.4618459797231732
6894,139,12,0.3,0.2,-0.04057130567162573,-0.08858760409586076,0.4463984985242056
6895,139,13,0.3,0.2,-0.08692136949648993,-0.0932476026229333,0.4854918151906756
6896,139,14,0.3,0.2,-0.06492424763684844,-0.069475610504656,0.45363731236548094
6897,139,15,0.3,0.2,-0.06977427383474272,-0.07548356291162597,0.46111192461754347
6898,139,16,0.3,0.2,-0.0556225669001364,-0.07718854189470747,0.45088900834502055
6899,139,17,0.3,0.2,-0.0682326919466631,-0.08573826033263143,0.4660919102883086
6900,139,18,0.3,0.2,-0.07078228385659688,-0.08970094809802487,0.4705381401659258
6901,139,19,0.3,0.2,-0.07194631714611097,-0.08995098931501785,0.47160962568984205
6902,139,20,0.3,0.2,-0.13272763384672195,-0.08763487184084788,0.5196027565299126
6903,139,21,0.3,0.2,-0.10083720140461656,-0.08789566661741469,0.49351228645999357
6904,139,22,0.3,0.2,-0.09163254163626008,-0.08797475004273944,0.4861126457218072
6905,139,23,0.3,0.2,-0.08031182352080167,-0.08694651164466942,0.4764193359371152
6906,139,24,0.3,0.2,-0.07130706562958115,-0.08733539115884267,0.4695003343969578
6907,139,25,0.3,0.2,-0.11465747235271699,-0.08871474223384115,0.50526925669498
6908,139,26,0.3,0.2,-0.10129004125433522,-0.09787681698733763,0.4997642397255068
6909,139,27,0.3,0.2,-0.08258730355149657,-0.09450703263237016,0.482812010112351
6910,139,28,0.3,0.2,-0.0972098527180384,-0.09464599519936001,0.4945623616727288
6911,139,29,0.3,0.2,-0.07744745835453881,-0.09279036378838051,0.47769528043056225
6912,139,30,0.3,0.2,-0.06477875508222411,-0.08941949803813497,0.4656470616292808
6913,139,31,0.3,0.2,-0.06841156058656574,-0.09212814052332381,0.47017648650208316
6914,139,32,0.3,0.2,-0.10799335659745515,-0.09656676794688163,0.5043911447261121
6915,139,33,0.3,0.2,-0.12861295694949454,-0.10381580394427159,0.5253694981546734
6916,139,34,0.3,0.2,-0.11339086451520083,-0.10155796211306378,0.5116924968947748
6917,139,35,0.3,0.2,-0.11536129078142535,-0.1048276108100105,0.5152134258651953
6918,139,36,0.3,0.2,-0.1039893764516799,-0.10260373151459913,0.5047538356589049
6919,139,37,0.3,0.2,-0.09788575537828224,-0.10307727612367307,0.5001688811146605
6920,139,38,0.3,0.2,-0.09323000895459783,-0.09940721889453852,0.49424136074249714
6921,139,39,0.3,0.2,-0.08144654958184096,-0.0964959870783727,0.48312662992373995
6922,139,40,0.3,0.2,-0.06988880624487868,-0.09390816690581724,0.4724401968071717
6923,139,41,0.3,0.2,-0.07473913245479673,-0.09593206392169375,0.47749890455364097
6924,139,42,0.3,0.2,-0.08395154018358673,-0.09714701595413947,0.4855050301488112
6925,139,43,0.3,0.2,-0.04673518158405423,-0.09060874532417242,0.452414333335071
6926,139,44,0.3,0.2,-0.05830496641185462,-0.09501127193897017,0.4641272449732393
6927,139,45,0.3,0.2,-0.050908437267249876,-0.09255765853693419,0.4568661892873633
6928,139,46,0.3,0.2,-0.06155811064115588,-0.09739115868865682,0.46815143771709616
6929,139,47,0.3,0.2,-0.09929295200973745,-0.09778049239915075,0.4981044902208082
6930,139,48,0.3,0.2,-0.07899352831849453,-0.08924699181895478,0.4767598103695571
6931,139,49,0.3,0.2,-0.12044908946997222,-0.08911353074716245,0.5102588269664907
6932,140,0,0.4,0.2,-0.0208379328250885,0.10904082655906677,0.430555614221382
6933,140,1,0.4,0.2,-0.0191815122961998,0.10864213854074477,0.4290214436381212
6934,140,2,0.4,0.2,-0.021088318154215812,0.10993247330188749,0.43061297129958975
6935,140,3,0.4,0.2,-0.02234838496893644,0.11208203852176665,0.4314020470933779
6936,140,4,0.4,0.2,-0.020710060510784382,0.12025367760658262,0.4282013906449426
6937,140,5,0.4,0.2,-0.0235748178359121,0.12134886960983274,0.4308150724108631
6938,140,6,0.4,0.2,-0.025100766245760017,0.12054435090780255,0.43246255518298315
6939,140,7,0.4,0.2,-0.030364678961005056,0.1168129535872936,0.43833074451614584
6940,140,8,0.4,0.2,-0.01725863184866942,0.1199940462560892,0.42485964563217377
6941,140,9,0.4,0.2,-0.021037541691823262,0.12063997524539707,0.42845142670196
6942,140,10,0.4,0.2,-0.02497811231022519,0.11103124669484352,0.4341910121218957
6943,140,11,0.4,0.2,-0.023620584896244697,0.11753676658773857,0.4315722243294181
6944,140,12,0.4,0.2,-0.018749610089984204,0.12233928916983908,0.4258901524538454
6945,140,13,0.4,0.2,-0.02001760860543317,0.12345982794655534,0.4269346430972752
6946,140,14,0.4,0.2,-0.020583621881232722,0.12038124296352486,0.42805341894063764
6947,140,15,0.4,0.2,-0.02176911811558231,0.12355365937252495,0.4286411459383338
6948,140,16,0.4,0.2,-0.016258563114896186,0.14388650367369013,0.42002370865992894
6949,140,17,0.4,0.2,-0.014949424052820938,0.13174782118992834,0.4205251293728947
6950,140,18,0.4,0.2,-0.017565548508575,0.13548537388700027,0.42251996909467754
6951,140,19,0.4,0.2,-0.015573509844588542,0.17344007300019704,0.41642138730711853
6952,140,20,0.4,0.2,-0.015146229236039631,0.1625390647319586,0.4168329561347792
6953,140,21,0.4,0.2,-0.022313606985508577,0.13454912964774585,0.42735535456453355
6954,140,22,0.4,0.2,-0.020881555178433084,0.13433268323532133,0.4259735672321571
6955,140,23,0.4,0.2,-0.022810134665736153,0.12404765321308346,0.4295778962638767
6956,140,24,0.4,0.2,-0.02443721417446734,0.11427201796020844,0.43300835520899306
6957,140,25,0.4,0.2,-0.01925680269004763,0.12320085344624565,0.42623277151489253
6958,140,26,0.4,0.2,-0.023514531656516617,0.11901195679643184,0.4311886149542699
6959,140,27,0.4,0.2,-0.02314744785238218,0.12140028858360549,0.43038549842986695
6960,140,28,0.4,0.2,-0.023604165776235243,0.12494478105429639,0.4302020166781738
6961,140,29,0.4,0.2,-0.01906836592611041,0.1322747830077676,0.42450559517705455
6962,140,30,0.4,0.2,-0.01693867576042271,0.13192560220432953,0.4224594453673608
6963,140,31,0.4,0.2,-0.023885253840124798,0.12034911524525158,0.431303804603346
6964,140,32,0.4,0.2,-0.026697558925951853,0.1148617831656298,0.4351084034572332
6965,140,33,0.4,0.2,-0.025667108532273504,0.11059884428503838,0.43495408255285656
6966,140,34,0.4,0.2,-0.02494706954115491,0.11087941318418491,0.43419176743232984
6967,140,35,0.4,0.2,-0.022267730503158792,0.11171766850119963,0.43139750379337205
6968,140,36,0.4,0.2,-0.019663201176339302,0.11571811251775715,0.42804280040568615
6969,140,37,0.4,0.2,-0.01970252864782983,0.11901104677771931,0.4274452281841771
6970,140,38,0.4,0.2,-0.028725751054857987,0.11445956985492292,0.4371760913029861
6971,140,39,0.4,0.2,-0.028856107437414298,0.11034794144071289,0.43812675390837397
6972,140,40,0.4,0.2,-0.030825217257600686,0.10794162446822725,0.440550919112204
6973,140,41,0.4,0.2,-0.022932356505059363,0.1133229279140254,0.43172293546245594
6974,140,42,0.4,0.2,-0.020062377687219992,0.12117166623808284,0.42739479097424765
6975,140,43,0.4,0.2,-0.019381548658159324,0.11562696857984997,0.42778463247987497
6976,140,44,0.4,0.2,-0.021803133735162877,0.1165365436138242,0.4299814323674114
6977,140,45,0.4,0.2,-0.015511801103127006,0.13327380477617887,0.4208354096140344
6978,140,46,0.4,0.2,-0.01258118220325351,0.13422185104550416,0.41779181034112445
6979,140,47,0.4,0.2,-0.0370829431981765,0.11197537278158512,0.4458585361207312
6980,140,48,0.4,0.2,-0.0321242542455242,0.1116112201563133,0.44107136328434
6981,141,0,0.5,0.2,0.09560266882181168,0.5647392272949219,0.5445841582269337
6982,141,1,0.5,0.2,0.08044032454490661,0.5226400256156921,0.5292701648471012
6983,141,2,0.5,0.2,-0.02228230297565461,0.4593323630094528,0.5831226959273837
6984,141,3,0.5,0.2,0.07327356594800949,0.432267715871334,0.4858433300507629
6985,141,4,0.5,0.2,0.0663709937095642,0.44190148933529844,0.4965384634034571
6986,141,5,0.5,0.2,0.05065015991449355,0.4769830713337659,0.5278587884940027
6987,141,6,0.5,0.2,0.02641532324695586,0.4328977472351192,0.5277535473329182
6988,141,7,0.5,0.2,-0.0027683953239441006,0.45307530807816376,0.5628704743504239
6989,141,8,0.5,0.2,0.003435352359638208,0.4685078570560055,0.5645112209575687
6990,141,9,0.5,0.2,0.04197598421583366,0.46427598362374356,0.5287984441688075
6991,141,10,0.5,0.2,0.04352537067539348,0.4419278635148767,0.5166218910982283
6992,141,11,0.5,0.2,0.05508704747025964,0.4419640246525599,0.506452489928518
6993,141,12,0.5,0.2,-0.004320722463872453,0.3934780290173128,0.5401602899315224
6994,141,13,0.5,0.2,0.07258558059712003,0.4310372006210331,0.48586137321699535
6995,141,14,0.5,0.2,0.056224434817689906,0.45561778266418484,0.5121300645998369
6996,141,15,0.5,0.2,0.04445570207774716,0.5116584281467592,0.5519525189763943
6997,141,16,0.5,0.2,0.08911189981299691,0.4911073253790772,0.5035598333511566
6998,141,17,0.5,0.2,0.07132083037096895,0.4818658783404196,0.5130440564380917
6999,141,18,0.5,0.2,0.12084107002634849,0.4675159631230151,0.46403263323218846
7000,141,19,0.5,0.2,0.10391661083413492,0.452989882691741,0.4699850337164993
7001,141,20,0.5,0.2,0.11905075300732583,0.43535424920402765,0.4477878419549564
7002,141,21,0.5,0.2,0.09653483189443281,0.4280994679206407,0.4634797828817704
7003,141,22,0.5,0.2,0.08702889805147719,0.42616121887879144,0.4708439528860043
7004,141,23,0.5,0.2,0.12314985600686837,0.454051743386205,0.4544868747777148
7005,141,24,0.5,0.2,0.14219439412458476,0.4885542107687505,0.4596611623231284
7006,141,25,0.5,0.2,0.10570162281108512,0.42814987094663365,0.4555475539027483
7007,141,26,0.5,0.2,0.11300452770092914,0.4377642694515381,0.45419967350032797
7008,141,27,0.5,0.2,0.0844434810669142,0.4507315661888992,0.48533858151946097
7009,141,28,0.5,0.2,0.09900098235345309,0.40181266312471753,0.44891932811028123
7010,141,29,0.5,0.2,0.0790333915119916,0.4302906715002676,0.4798402638815758
7011,141,30,0.5,0.2,0.06947113030710665,0.4309533105481579,0.4885637515127316
7012,141,31,0.5,0.2,0.054326517060311566,0.4547354426316658,0.5133371203491361
7013,141,32,0.5,0.2,0.0883807151242478,0.3887321976256934,0.452824776378512
7014,141,33,0.5,0.2,0.12495728692482594,0.39898587060002455,0.4245614364603043
7015,141,34,0.5,0.2,0.03762538584817924,0.42042245819588075,0.5122268480753033
7016,141,35,0.5,0.2,0.042324945051716106,0.4538743182827403,0.5233723582741457
7017,141,36,0.5,0.2,0.13838838170317058,0.47393412186369877,0.45365500725605096
7018,141,37,0.5,0.2,0.16251175345225205,0.49638887599672776,0.44915997414337483
7019,141,38,0.5,0.2,0.11254287939638047,0.5125717267284406,0.49781934941949246
7020,141,39,0.5,0.2,0.08171058597126706,0.5179157496912011,0.5253917184256136
7021,141,40,0.5,0.2,0.1375518682735301,0.5298819709813505,0.4900926065250822
7022,141,41,0.5,0.2,0.15259140036463698,0.536130332777613,0.4834008023512092
7023,141,42,0.5,0.2,0.12407551294934721,0.5259096430548027,0.4975302155652512
7024,141,43,0.5,0.2,0.1302005932774184,0.4680916741257505,0.4567545806534631
7025,141,44,0.5,0.2,0.10881841681721074,0.4835238508717137,0.4831240058561769
7026,141,45,0.5,0.2,0.15165333799149178,0.49672600394836486,0.45759339850093433
7027,141,46,0.5,0.2,0.15519715643066076,0.481581224366486,0.44517073898587667
7028,141,47,0.5,0.2,0.12853233821487958,0.5133029375027834,0.4859495389440941
7029,141,48,0.5,0.2,0.07409288202829732,0.4907018529858046,0.515659229014998
7030,142,0,0.6,0.2,-0.3397272825241089,0.1364564746618271,0.9418732107521423
7031,142,1,0.6,0.2,-0.30422189831733704,0.12483929991722106,0.9073402736755058
7032,142,2,0.6,0.2,-0.30709047615528107,0.14098650395870208,0.9090080993295003
7033,142,3,0.6,0.2,-0.25540065169334414,0.12151364585757253,0.8589938199451543
7034,142,4,0.6,0.2,-0.25844370007514955,0.1393786298304796,0.860581510793686
7035,142,5,0.6,0.2,-0.24989841854572298,0.12773134275764225,0.8529654627627864
7036,142,6,0.6,0.2,-0.2784506006360054,0.13544334943237898,0.8808195155026189
7037,142,7,0.6,0.2,-0.27334730687975883,0.11023081573446689,0.8779487598247558
7038,142,8,0.6,0.2,-0.2516226242409944,0.10122366138120559,0.8573318256019967
7039,142,9,0.6,0.2,-0.2891886938908457,0.171025777573129,0.8896606313131711
7040,142,10,0.6,0.2,-0.2858978705117237,0.1610941626631402,0.8867517697507511
7041,142,11,0.6,0.2,-0.2995584803378971,0.12746352296096364,0.9024782546128529
7042,142,12,0.6,0.2,-0.3219259608079467,0.14287045239126278,0.923694355521151
7043,142,13,0.6,0.2,-0.30360605516062494,0.11926170559824421,0.9072059165954832
7044,142,14,0.6,0.2,-0.27297608890750424,0.10003596852690616,0.8786808632220213
7045,142,15,0.6,0.2,-0.28276424196395167,0.11438435084948387,0.8869062781769302
7046,142,16,0.6,0.2,-0.25917086512767296,0.09227193096906555,0.8658983267921054
7047,142,17,0.6,0.2,-0.28119057474182163,0.11861268321416207,0.8849410852409443
7048,142,18,0.6,0.2,-0.2621291164592135,0.09491885153272747,0.8685094479681525
7049,142,19,0.6,0.2,-0.2559039273683885,0.1040322945860356,0.861267283348818
7050,142,20,0.6,0.2,-0.24715035112472986,0.12311688179206162,0.8506319599427997
7051,142,21,0.6,0.2,-0.24145171509425667,0.12726273169221397,0.8445896631121795
7052,142,22,0.6,0.2,-0.2509992959734656,0.13594432543785712,0.8534066622606981
7053,142,23,0.6,0.2,-0.26769528884150584,0.12639008124420978,0.8708119971710186
7054,142,24,0.6,0.2,-0.23963869977911906,0.2108270725789165,0.8397085039865909
7055,142,25,0.6,0.2,-0.25633949695273656,0.17358030064182947,0.8567469489618518
7056,142,26,0.6,0.2,-0.2695048676011075,0.14561544734531867,0.8712039912382572
7057,142,27,0.6,0.2,-0.25672491274813575,0.1360220741709665,0.8591104417458131
7058,142,28,0.6,0.2,-0.24991955278096428,0.11491390784943271,0.8541679514456446
7059,142,29,0.6,0.2,-0.249442998989865,0.12258167370413658,0.8529636602923647
7060,142,30,0.6,0.2,-0.23428716669193045,0.12447838945168696,0.8376983885424754
7061,142,31,0.6,0.2,-0.23860331661301645,0.12390503013218353,0.8420486726273814
7062,142,32,0.6,0.2,-0.2392704735274956,0.1395502041464988,0.8414446538862771
7063,142,33,0.6,0.2,-0.2576495255085917,0.15923075780075396,0.8586179824081331
7064,142,34,0.6,0.2,-0.2706719409959678,0.15357068313520275,0.8719090034528935
7065,142,35,0.6,0.2,-0.264730595556499,0.16480604502909169,0.8654464843986552
7066,142,36,0.6,0.2,-0.24920784046781164,0.15401509141273248,0.8504519787323582
7067,142,37,0.6,0.2,-0.2855964713034279,0.15877114946388068,0.8865556542606972
7068,142,38,0.6,0.2,-0.27914044448893,0.15745960971037548,0.8801690780425013
7069,142,39,0.6,0.2,-0.2557597531121225,0.1436383496743838,0.8576137771012939
7070,142,40,0.6,0.2,-0.2652958354621009,0.14136923449393907,0.8672799141752805
7071,142,41,0.6,0.2,-0.2839251264818721,0.13033985811481633,0.8866657569757939
7072,142,42,0.6,0.2,-0.27235576345739254,0.14141571921712984,0.8743207054577722
7073,142,43,0.6,0.2,-0.2936391371881191,0.14127971660916785,0.8955662896714155
7074,142,44,0.6,0.2,-0.26787516543037265,0.11218356455144629,0.8723067287976671
7075,142,45,0.6,0.2,-0.27365802574293413,0.15604128693882763,0.8747632333374761
7076,142,46,0.6,0.2,-0.2975895831356011,0.13421331796786087,0.8999971929324779
7077,142,47,0.6,0.2,-0.30103155082053873,0.12300819846608865,0.9043149855429259
7078,142,48,0.6,0.2,-0.2908037004263287,0.10871499960455337,0.8954686951482096
7079,143,0,0.8,0.2,-0.15610536932945251,-0.05144957825541496,0.9886174020648407
7080,143,1,0.8,0.2,-0.10761657357215881,-0.010958364233374592,0.9318107512058911
7081,143,2,0.8,0.2,-0.20362513661384582,-0.02233196701854467,1.0279566714611543
7082,143,3,0.8,0.2,-0.2695542114973068,-0.04042857671156525,1.0962445492823099
7083,143,4,0.8,0.2,-0.2689704603552818,-0.037089697634801265,1.094947199565689
7084,143,5,0.8,0.2,-0.2353064213812351,-0.032681402296759185,1.0611314815459987
7085,143,6,0.8,0.2,-0.19955092059910293,-0.01716260794466361,1.0228693177331316
7086,143,7,0.8,0.2,-0.23570413163441414,-0.007352135955700648,1.0562565770540733
7087,143,8,0.8,0.2,-0.19558788701689833,-0.006027632681614718,1.0166821657741238
7088,143,9,0.8,0.2,-0.26079117710746935,-0.02003583546445826,1.0833714461428234
7089,143,10,0.8,0.2,-0.23240532049288676,-0.018553340958319516,1.055284941911929
7090,143,11,0.8,0.2,-0.16696819673603003,0.002499768591191682,0.9869315249324355
7091,143,12,0.8,0.2,-0.15360267765758095,0.010909009595102487,0.9721694654164023
7092,143,13,0.8,0.2,-0.12996603613303462,0.021395508109103137,0.9469616638938422
7093,143,14,0.8,0.2,-0.11016511291905692,0.017367840215314772,0.9283076206530777
7094,143,15,0.8,0.2,-0.0808798962280265,0.024889680652146084,0.8981163708121606
7095,143,16,0.8,0.2,-0.12294100179389893,-0.004474290673109713,0.9453199608273365
7096,143,17,0.8,0.2,-0.1973604959038997,-0.022924086376946144,1.0219702085074052
7097,143,18,0.8,0.2,-0.1890716355295651,-0.03017092945421207,1.015500545039216
7098,143,19,0.8,0.2,-0.22852513004105995,-0.03522036539088813,1.0550794109547406
7099,143,20,0.8,0.2,-0.18607344196372425,-0.026749452868226064,1.0118083550367758
7100,143,21,0.8,0.2,-0.13884735226674116,-0.009431436676170453,0.9619230101866341
7101,143,22,0.8,0.2,-0.16654799962073827,-0.009051866935312963,0.9888972234969571
7102,143,23,0.8,0.2,-0.24958656637689652,-0.025064929648870377,1.0734459384974608
7103,143,24,0.8,0.2,-0.23610630717053838,-0.03023764146093915,1.0613791270342876
7104,143,25,0.8,0.2,-0.2350261902841168,-0.01722427318525387,1.0575753398386873
7105,143,26,0.8,0.2,-0.21193471026644767,-0.022064132015133412,1.03601367586035
7106,143,27,0.8,0.2,-0.26939118733562983,-0.03574459901865041,1.0950675903877225
7107,143,28,0.8,0.2,-0.1960749683915632,-0.031605198666363965,1.022646718425058
7108,143,29,0.8,0.2,-0.20912747191362974,-0.023026843615558748,1.0334791858300352
7109,143,30,0.8,0.2,-0.12748754918457444,-0.01538285328570098,0.952167489143532
7110,143,31,0.8,0.2,-0.13012222677386764,-0.012615401308721932,0.9541135496430427
7111,143,32,0.8,0.2,-0.09041628947796299,-0.005905923348109564,0.9139137912503242
7112,143,33,0.8,0.2,-0.08485988574881664,-0.002173051737008938,0.9076623602728408
7113,143,34,0.8,0.2,-0.09228451508642752,-0.011319753131847493,0.9169665718698399
7114,143,35,0.8,0.2,-0.06428672009063822,0.02308623058487312,0.882207467851923
7115,143,36,0.8,0.2,-0.10993499947932506,0.003715902880058042,0.9308647324179975
7116,143,37,0.8,0.2,-0.11418896317822734,0.00044526628718549646,0.9357155294981883
7117,143,38,0.8,0.2,-0.04998084858298401,0.007637080852648042,0.871476296648819
7118,143,39,0.8,0.2,-0.04806205673682759,0.019650831061723127,0.8670265709961982
7119,143,40,0.8,0.2,0.01369272142084789,0.04979527986713807,0.8005251990391956
7120,143,41,0.8,0.2,-0.0047812199483052275,0.04852932229804984,0.8189115814207115
7121,143,42,0.8,0.2,-0.04241839598842608,0.03177918682736748,0.8590500543531643
7122,143,43,0.8,0.2,-0.04360388937949839,0.031334847044644905,0.8602996315224543
7123,143,44,0.8,0.2,-0.10728092845630438,0.01605331886032095,0.9257402792591648
7124,143,45,0.8,0.2,-0.1627295325144753,0.0010781581625661178,0.9830656396881834
7125,143,46,0.8,0.2,-0.16272017130864042,-0.002284042669065332,0.9837423250847135
7126,143,47,0.8,0.2,-0.19115679997929597,0.0013698667296178392,1.0108638543286668
7127,143,48,0.8,0.2,-0.13378188289314571,0.003693379965264109,0.9541933210251111
7128,143,49,0.8,0.2,-0.17098900272426054,0.006511494404114242,0.9900795145891986
7129,144,0,1.0,0.2,0.1628279685974121,0.06036917120218277,0.8487365778105129
7130,144,1,1.0,0.2,0.12103631794452666,0.04818832017481327,0.8919775448428399
7131,144,2,1.0,0.2,0.06219251319766042,0.053589335046708576,0.9491675116198327
7132,144,3,1.0,0.2,0.05860474611818789,0.10562080857530234,0.9461143988996157
7133,144,4,1.0,0.2,0.04799477466791867,0.09151902548633513,0.958165993391031
7134,144,5,1.0,0.2,0.06936264506176112,0.1125122649124637,0.9347406004861394
7135,144,6,1.0,0.2,0.06755006268458066,0.12794791607617959,0.9352295912754764
7136,144,7,1.0,0.2,0.04501596099024562,0.1099973851342175,0.9592158179711501
7137,144,8,1.0,0.2,-0.0031050726362081005,0.10325597661032491,1.0077594915504962
7138,144,9,1.0,0.2,-0.021592364133557494,0.11042860901460994,1.0255115760141613
7139,144,10,1.0,0.2,-0.01478243983766692,0.10681725148632291,1.0190517282373115
7140,144,11,1.0,0.2,-0.10437123062100886,0.09687055024496628,1.1091760448324413
7141,144,12,1.0,0.2,-0.04115264944554185,0.1451948166995678,1.042594095304623
7142,144,13,1.0,0.2,-0.06216613633061022,0.1319566010710203,1.064343368140801
7143,144,14,1.0,0.2,-0.02289716455178657,0.17399119908547622,1.023227768863363
7144,144,15,1.0,0.2,-0.005377023537815006,0.13470279390568887,1.0074952528828507
7145,144,16,1.0,0.2,0.05583907725025984,0.14162015965053187,0.9459640869540822
7146,144,17,1.0,0.2,0.05491888491438668,0.1632100734643948,0.9457969194208456
7147,144,18,1.0,0.2,0.05839526258596568,0.19003484303484047,0.9416574673807312
7148,144,19,1.0,0.2,0.021868387082041817,0.16592688047201215,0.978724899889573
7149,144,20,1.0,0.2,0.05452139124589667,0.19528406737563553,0.9454903699309223
7150,144,21,1.0,0.2,0.04109920995158209,0.1817764497282334,0.959073940288228
7151,144,22,1.0,0.2,-0.07017280006701174,0.1698302124477982,1.0705979815431248
7152,144,23,1.0,0.2,-0.07545671652760202,0.17035230608545657,1.075865295879917
7153,144,24,1.0,0.2,-0.0585608503838804,0.19687652019892177,1.0585654585766116
7154,144,25,1.0,0.2,-0.07197869197868294,0.18334861298167535,1.0721080098320142
7155,144,26,1.0,0.2,-0.07740696557800064,0.17715760906373143,1.0776490821689964
7156,144,27,1.0,0.2,-0.04974736001996261,0.22675730474674977,1.0500883168696773
7157,144,28,1.0,0.2,-0.064474232830958,0.19272796642302464,1.064499072255773
7158,144,29,1.0,0.2,-0.049289097499697905,0.18318047406338941,1.0494238927070716
7159,144,30,1.0,0.2,-0.011468055673733001,0.14334423303548796,1.013053554151378
7160,144,31,1.0,0.2,-0.019781486794160058,0.12584503811559095,1.0224740775101275
7161,144,32,1.0,0.2,-0.0110225629045212,0.12992152398201534,1.0134483783119048
7162,144,33,1.0,0.2,0.0318613801535417,0.09272885284956194,0.9740633892356165
7163,144,34,1.0,0.2,0.024962025423399065,0.13406151506796604,0.9772650283631213
7164,144,35,1.0,0.2,0.02038521719742419,0.12848051544474154,0.9822220519599363
7165,144,36,1.0,0.2,0.05693037417469443,0.10947036603602381,0.9474048415434309
7166,144,37,1.0,0.2,-0.04040031557424253,0.09044256112633971,1.0461527847592527
7167,144,38,1.0,0.2,-0.013625880306962827,0.08879575392763991,1.0197077079107462
7168,144,39,1.0,0.2,-0.09194502746880312,0.09058741959743524,1.097412892107703
7169,144,40,1.0,0.2,-0.05082920701378763,0.11954267584253328,1.0539048359903305
7170,144,41,1.0,0.2,-0.03172147703917748,0.12853571508405887,1.0341935748216815
7171,144,42,1.0,0.2,0.00848943960739823,0.1693699699029803,0.9919835634292514
7172,144,43,1.0,0.2,0.017197183573758167,0.1798177271057999,0.9830100203530628
7173,144,44,1.0,0.2,-0.003966351709603374,0.20512826107729326,1.0039794492053948
7174,144,45,1.0,0.2,-0.01477831453411517,0.19685290161721106,1.0147831945183812
7175,144,46,1.0,0.2,0.003449253288605649,0.1678014616943055,0.9970707781497062
7176,144,47,1.0,0.2,0.04177459819454867,0.17440296605663075,0.9585672270696076
7177,144,48,1.0,0.2,0.006419539156926106,0.1773511074662765,0.9938385706452227
7178,145,0,-0.5,0.3,0.02145128697156906,0.6385547518730164,0.621715983950956
7179,145,1,-0.5,0.3,0.009810224920511245,0.6356056988239288,0.6103586245123435
7180,145,2,-0.5,0.3,0.0033926831185817703,0.6235061985254287,0.5983815287103195
7181,145,3,-0.5,0.3,0.011444776907563209,0.61811356061697,0.6023055680254282
7182,145,4,-0.5,0.3,-0.0025588909700512887,0.6444911779940128,0.6050800184014078
7183,145,5,-0.5,0.3,-0.026639708672016857,0.6389328057950734,0.5821901856354451
7184,145,6,-0.5,0.3,-0.02964492343945801,0.6073516955743431,0.5618709485448566
7185,145,7,-0.5,0.3,-0.0268260932679817,0.6270303195257126,0.5751889914637888
7186,145,8,-0.5,0.3,-0.034109141697594665,0.6297824428357082,0.5707983456987582
7187,145,9,-0.5,0.3,-0.04873203673867027,0.6205970915272014,0.5535569254934217
7188,145,10,-0.5,0.3,-0.037497489722920926,0.6244179795662486,0.5649385785007486
7189,145,11,-0.5,0.3,-0.042885283480731076,0.628683526648675,0.5630157411198214
7190,145,12,-0.5,0.3,-0.03305126070524573,0.600447388026631,0.5552564795668623
7191,145,13,-0.5,0.3,-0.010470002022204038,0.6163434724742782,0.5828488753503993
7192,145,14,-0.5,0.3,-0.02352145365255283,0.6100262700035401,0.5684611624567543
7193,145,15,-0.5,0.3,-0.024859709277391874,0.6223246185938477,0.5741528155636215
7194,145,16,-0.5,0.3,-0.025031782601523705,0.6485395004622113,0.5891303683575767
7195,145,17,-0.5,0.3,-0.026665283679936144,0.6261110781819005,0.5747992597305227
7196,145,18,-0.5,0.3,-0.04007524739502039,0.6104960297975207,0.5549221229855362
7197,145,19,-0.5,0.3,-0.040026414082037574,0.6114540655218845,0.5554991761221069
7198,145,20,-0.5,0.3,-0.045110725988855974,0.6189001293144921,0.5555371671519247
7199,145,21,-0.5,0.3,-0.040374911244648405,0.5833627346966276,0.5399533883846976
7200,145,22,-0.5,0.3,-0.04052120930568019,0.6102840736180073,0.5544339144017973
7201,145,23,-0.5,0.3,-0.020879950032938993,0.6185408119627503,0.5753470875622186
7202,145,24,-0.5,0.3,-0.030102702363746,0.6226351895916529,0.5699973121767296
7203,145,25,-0.5,0.3,-0.02874221706796849,0.6114478555611418,0.5648749106728388
7204,145,26,-0.5,0.3,-0.029419362364574424,0.6344537748003157,0.577326133130611
7205,145,27,-0.5,0.3,-0.0181457406509468,0.6021270224623786,0.5687391888685069
7206,145,28,-0.5,0.3,-0.040305225984253915,0.6154868531645372,0.5575403481157666
7207,145,29,-0.5,0.3,-0.045216447120109096,0.6056252131754879,0.5479369041218332
7208,145,30,-0.5,0.3,-0.013757381293812623,0.5987460798945334,0.5706847680625459
7209,145,31,-0.5,0.3,-0.016759435998943906,0.59805050600056,0.5677636364044889
7210,145,32,-0.5,0.3,-0.023360177097005864,0.5869164504204084,0.5563331468633199
7211,145,33,-0.5,0.3,-0.006202826104659094,0.577078964940282,0.5662229258511206
7212,145,34,-0.5,0.3,-0.00891113027082759,0.5827166742504643,0.5666542119062729
7213,145,35,-0.5,0.3,-0.024702135929493253,0.5805454348022445,0.5519182915779892
7214,145,36,-0.5,0.3,-0.003789831644614239,0.5804053491499317,0.569957622118676
7215,145,37,-0.5,0.3,-0.009048345796688189,0.5993358991843863,0.5750091367147947
7216,145,38,-0.5,0.3,-0.010398930985427551,0.6193250468980951,0.5845320285122816
7217,145,39,-0.5,0.3,-0.002469013805277801,0.647480175507881,0.6068604078327079
7218,145,40,-0.5,0.3,-0.003072310956876834,0.6368810553639852,0.6003548730550051
7219,145,41,-0.5,0.3,-0.00456020696043268,0.6476777149739669,0.605260590173033
7220,145,42,-0.5,0.3,0.01349707594359411,0.6265364733787342,0.6085271690312948
7221,145,43,-0.5,0.3,0.0026245900053893058,0.6173660053031021,0.5944347397319022
7222,145,44,-0.5,0.3,-0.02622424769983886,0.5777497098099651,0.5491888243283028
7223,145,45,-0.5,0.3,-0.03220972017457424,0.6277995212550981,0.571209481743976
7224,145,46,-0.5,0.3,-0.020898065886966754,0.6321774018380261,0.5829927011230164
7225,145,47,-0.5,0.3,-0.016709641337842404,0.6328708812396974,0.5868326800316166
7226,145,48,-0.5,0.3,-0.013676610344961744,0.616949226395376,0.5804888038870288
7227,146,0,-0.4,0.3,-0.07867361605167389,0.4477340877056122,0.3536608625385577
7228,146,1,-0.4,0.3,-0.046242349594831464,0.3788987696170807,0.3624492944775512
7229,146,2,-0.4,0.3,-0.044167257249355316,0.4140236288309097,0.3736553609212847
7230,146,3,-0.4,0.3,-0.05617229971289634,0.42304562598466866,0.3651817541426151
7231,146,4,-0.4,0.3,-0.06858795814812182,0.4238901848495006,0.3538117004657626
7232,146,5,-0.4,0.3,-0.0737136888322234,0.4314248909980058,0.3517602291750914
7233,146,6,-0.4,0.3,-0.06324614835003017,0.4496564363738894,0.3685107943455957
7234,146,7,-0.4,0.3,-0.07584617760333716,0.4422732777109444,0.3540019577982341
7235,146,8,-0.4,0.3,-0.07447091821419506,0.44584424005920587,0.3567067779658197
7236,146,9,-0.4,0.3,-0.07395701938381906,0.44858508005621456,0.3583037136625785
7237,146,10,-0.4,0.3,-0.08959661556738396,0.44053007052757037,0.3407329772559538
7238,146,11,-0.4,0.3,-0.09295178819120373,0.43632172664495694,0.33594972470660217
7239,146,12,-0.4,0.3,-0.08850610760742735,0.44671006783192024,0.3443142300299572
7240,146,13,-0.4,0.3,-0.09972021634902573,0.4288734351500001,0.32676644680388656
7241,146,14,-0.4,0.3,-0.10130090051758499,0.429647623343556,0.3256219560629139
7242,146,15,-0.4,0.3,-0.1082686096301451,0.4134671888652466,0.31302077738723705
7243,146,16,-0.4,0.3,-0.1073327582984708,0.41340323004445584,0.31387004786965117
7244,146,17,-0.4,0.3,-0.1369092827376405,0.3845689415864627,0.27634874957321115
7245,146,18,-0.4,0.3,-0.12155351348079002,0.40592970191962874,0.297915336301564
7246,146,19,-0.4,0.3,-0.0963558073108368,0.4346857489910637,0.33217472320322255
7247,146,20,-0.4,0.3,-0.08599929977809201,0.4430644745863318,0.34505634848313066
7248,146,21,-0.4,0.3,-0.12307501314628488,0.3870249762799131,0.290277100096528
7249,146,22,-0.4,0.3,-0.12313340341035382,0.3904204003280452,0.29125755115124113
7250,146,23,-0.4,0.3,-0.12418133879193366,0.3947829884873068,0.29165004504919084
7251,146,24,-0.4,0.3,-0.10034441170734255,0.4195558535864318,0.3226252837608965
7252,146,25,-0.4,0.3,-0.10193167380839052,0.41661761556737176,0.3200693602007025
7253,146,26,-0.4,0.3,-0.09940239167853815,0.42066401887209004,0.3239116045759199
7254,146,27,-0.4,0.3,-0.07984293526561295,0.4379945561666245,0.34863023912300295
7255,146,28,-0.4,0.3,-0.08480704842314983,0.4364161516989537,0.3434471766779843
7256,146,29,-0.4,0.3,-0.07621069290055935,0.4440975058114218,0.3544059911641007
7257,146,30,-0.4,0.3,-0.07994224008391174,0.44063007509956564,0.34959088618700274
7258,146,31,-0.4,0.3,-0.08558220851946781,0.4283004440205779,0.3395873253455919
7259,146,32,-0.4,0.3,-0.07654425359736121,0.44606710932018756,0.3549073404510589
7260,146,33,-0.4,0.3,-0.07870885481317008,0.44235563400341743,0.3514158882406707
7261,146,34,-0.4,0.3,-0.08366528277511809,0.4372770496812221,0.3448371234234022
7262,146,35,-0.4,0.3,-0.10662166116079479,0.4126806294942627,0.3142734063888875
7263,146,36,-0.4,0.3,-0.10516594783672245,0.41554824960403747,0.31666783275472615
7264,146,37,-0.4,0.3,-0.09095768859332785,0.42840592380882475,0.3346568862413804
7265,146,38,-0.4,0.3,-0.09593293976030937,0.42419384143317557,0.3284522604165428
7266,146,39,-0.4,0.3,-0.08738658540317945,0.43865050628876057,0.3419811542760993
7267,146,40,-0.4,0.3,-0.06870783839631749,0.4580513122535423,0.367062274886847
7268,146,41,-0.4,0.3,-0.07428757306740752,0.4542648055155747,0.3603973019864015
7269,146,42,-0.4,0.3,-0.07882144669457525,0.45144255365925734,0.35509225584656534
7270,146,43,-0.4,0.3,-0.08943485949272885,0.441094873191897,0.34111357307990336
7271,146,44,-0.4,0.3,-0.07551601269527754,0.4555261060490099,0.35983083203074634
7272,146,45,-0.4,0.3,-0.08286574450213846,0.4466448672042013,0.3493978435644971
7273,146,46,-0.4,0.3,-0.07840544782037928,0.4433377139963711,0.35209197128778197
7274,146,47,-0.4,0.3,-0.08432950190076009,0.4395434774198734,0.3451380092957786
7275,146,48,-0.4,0.3,-0.0897249572272911,0.43481758853465535,0.33829925265348426
7276,146,49,-0.4,0.3,-0.09463889846772651,0.428609113240929,0.331339261690524
7277,147,0,-0.3,0.3,-0.162154883146286,0.21765170991420746,0.1605693529926178
7278,147,1,-0.3,0.3,-0.1592503860592842,0.21573786437511444,0.16404438827502493
7279,147,2,-0.3,0.3,-0.16311931386590003,0.21706330478191377,0.16004629845841392
7280,147,3,-0.3,0.3,-0.16082935623824596,0.21746347784996034,0.1618046525093918
7281,147,4,-0.3,0.3,-0.1580922629907727,0.22084347265958787,0.1624917279238344
7282,147,5,-0.3,0.3,-0.15729650443121787,0.2196038112103939,0.16379204748535076
7283,147,6,-0.3,0.3,-0.15935210595257576,0.21601409331381322,0.16381533085116406
7284,147,7,-0.3,0.3,-0.16984863228409733,0.23191646169418095,0.14688344599225617
7285,147,8,-0.3,0.3,-0.16648168765273164,0.22602522970791455,0.15264143071862737
7286,147,9,-0.3,0.3,-0.1639314302001052,0.22045080186018404,0.15761576891947246
7287,147,10,-0.3,0.3,-0.16214764473195442,0.2173913049177561,0.16070926655342124
7288,147,11,-0.3,0.3,-0.16042273293086784,0.21498330923252934,0.16343087588194458
7289,147,12,-0.3,0.3,-0.15723064775371776,0.2088949555618916,0.16936120294474977
7290,147,13,-0.3,0.3,-0.14242225601844943,0.19594412765148755,0.18883423939668623
7291,147,14,-0.3,0.3,-0.14699656764865984,0.20285566255321535,0.18123761367129584
7292,147,15,-0.3,0.3,-0.14843375484288482,0.20352306289880776,0.1796667082780061
7293,147,16,-0.3,0.3,-0.14998286167878433,0.21060245162632574,0.17463408443173453
7294,147,17,-0.3,0.3,-0.16294971744287973,0.22441578654915645,0.15651119216199583
7295,147,18,-0.3,0.3,-0.16216396240441278,0.22087638153562333,0.15893181009146148
7296,147,19,-0.3,0.3,-0.15786028517915598,0.21569719216973154,0.16525937775938174
7297,147,20,-0.3,0.3,-0.15700735876504235,0.2157915230713824,0.16594566289598178
7298,147,21,-0.3,0.3,-0.16822457373818314,0.22785124453760958,0.15023383733784923
7299,147,22,-0.3,0.3,-0.16558109564062345,0.22552165578802863,0.1536732429726532
7300,147,23,-0.3,0.3,-0.16225650101635328,0.22266499532958173,0.15796827042045974
7301,147,24,-0.3,0.3,-0.16257668766194014,0.22269502315511516,0.15767443108808776
7302,147,25,-0.3,0.3,-0.1606437142985006,0.21486165844910488,0.16330557726714295
7303,147,26,-0.3,0.3,-0.15983092818735617,0.21312631474394797,0.16490726449367138
7304,147,27,-0.3,0.3,-0.15995076024388277,0.2133926497352266,0.16466518355788376
7305,147,28,-0.3,0.3,-0.16095937447447084,0.20958631659711402,0.16585213201224677
7306,147,29,-0.3,0.3,-0.15859023838926306,0.20876759188985328,0.1682856885429709
7307,147,30,-0.3,0.3,-0.1584033655800647,0.20430191088051447,0.17090269494707738
7308,147,31,-0.3,0.3,-0.15916217181829198,0.2078083039306759,0.16832885275875595
7309,147,32,-0.3,0.3,-0.16048291593415845,0.2102472222535025,0.16589327249604569
7310,147,33,-0.3,0.3,-0.15946559795475318,0.2125527809740849,0.16552019294811568
7311,147,34,-0.3,0.3,-0.15746111554022052,0.21116843625676862,0.16795350636442855
7312,147,35,-0.3,0.3,-0.16976331489762458,0.22452924413820663,0.1505238490632156
7313,147,36,-0.3,0.3,-0.16656742167707836,0.22215714091398706,0.1544790072100008
7314,147,37,-0.3,0.3,-0.1615852521912812,0.21795419826146833,0.1609041826487729
7315,147,38,-0.3,0.3,-0.16121116130944005,0.21064176044688432,0.16506737024956286
7316,147,39,-0.3,0.3,-0.16999228491959112,0.21195593890823983,0.1570151670188532
7317,147,40,-0.3,0.3,-0.16833034293059504,0.206781200986054,0.16132775050305873
7318,147,41,-0.3,0.3,-0.16584418957772648,0.21036156335936237,0.161346926817447
7319,147,42,-0.3,0.3,-0.1628160419239596,0.20669038120534394,0.16590998557354178
7320,147,43,-0.3,0.3,-0.1658744101247983,0.209071178401892,0.16204235389734176
7321,147,44,-0.3,0.3,-0.16378585787269054,0.2115877910611721,0.16239153674044046
7322,147,45,-0.3,0.3,-0.15960032497005466,0.20495162019236726,0.1695472301530469
7323,147,46,-0.3,0.3,-0.16035998690038683,0.20650597638262003,0.16804899794591854
7324,147,47,-0.3,0.3,-0.15968760827717018,0.20974640904328107,0.166833084103734
7325,147,48,-0.3,0.3,-0.15687523171976986,0.20473942558887218,0.17192811385113135
7326,147,49,-0.3,0.3,-0.15322023649983652,0.21014794688071636,0.17209790940890154
7327,148,0,-0.2,0.3,-0.3036414086818695,0.05356380343437195,0.267343113940298
7328,148,1,-0.2,0.3,-0.31289432346820834,0.05201283730566501,0.272475248660371
7329,148,2,-0.2,0.3,-0.3114315691590309,0.047761752046644686,0.27575555902977233
7330,148,3,-0.2,0.3,-0.2860395576655864,0.03333365193754435,0.2802030454371553
7331,148,4,-0.2,0.3,-0.2856195336848497,0.043478153052181,0.2704332866159996
7332,148,5,-0.2,0.3,-0.28846790357321495,0.04983884874142706,0.26534349730425705
7333,148,6,-0.2,0.3,-0.2869324135256111,0.042455478243134906,0.2718205753955359
7334,148,7,-0.2,0.3,-0.28369191917087727,0.05463391454266681,0.2592467034065428
7335,148,8,-0.2,0.3,-0.2851570381980565,0.0555234761324825,0.25888316259851685
7336,148,9,-0.2,0.3,-0.2918163333319623,0.02290418723236635,0.2919115080291996
7337,148,10,-0.2,0.3,-0.29562208113949484,0.03824756726928334,0.2786717036979113
7338,148,11,-0.2,0.3,-0.29897114078717124,0.0335882749876921,0.2842015023407646
7339,148,12,-0.2,0.3,-0.2956898978189795,0.044038726906486476,0.27326311472326253
7340,148,13,-0.2,0.3,-0.29917950924091713,0.03557933724359243,0.28240903304569953
7341,148,14,-0.2,0.3,-0.28805984404779694,0.04329000686113932,0.27139373005114953
7342,148,15,-0.2,0.3,-0.2937468294597472,0.037637380184267245,0.2786083493191287
7343,148,16,-0.2,0.3,-0.29749385744410395,0.03463156006740928,0.2827109144543031
7344,148,17,-0.2,0.3,-0.3013231631224786,0.05166572121188223,0.2682094282577684
7345,148,18,-0.2,0.3,-0.3049012425813878,0.042670322593883925,0.27788996665776716
7346,148,19,-0.2,0.3,-0.3051026584994458,0.0347435852595025,0.2853200560504535
7347,148,20,-0.2,0.3,-0.3010427202387813,0.01941630730981604,0.29822280247645755
7348,148,21,-0.2,0.3,-0.30266569375226043,0.026670324484194152,0.29197492390821617
7349,148,22,-0.2,0.3,-0.3098962011283676,0.03572724387127099,0.2862119226278341
7350,148,23,-0.2,0.3,-0.2786613495789198,0.020196736231988234,0.29065008916704044
7351,148,24,-0.2,0.3,-0.28820605021214085,0.025802233331284813,0.28803597438538453
7352,148,25,-0.2,0.3,-0.10173134862429815,0.05978924329977961,0.25953407382787275
7353,148,26,-0.2,0.3,-0.16129362981848758,0.05468095076214484,0.24835381819411084
7354,148,27,-0.2,0.3,-0.15603595357073335,0.02804487633200335,0.27548580120890087
7355,148,28,-0.2,0.3,-0.1969428078994462,0.030085316362423627,0.2699319967449443
7356,148,29,-0.2,0.3,-0.2314832669164455,0.03171292927733069,0.2701280222647823
7357,148,30,-0.2,0.3,-0.23574708930313598,0.03616042674392167,0.2662502109099557
7358,148,31,-0.2,0.3,-0.2587495289461017,0.033688706716565216,0.27271452488212733
7359,148,32,-0.2,0.3,-0.2735230067920029,0.0320884389603809,0.2778169128516521
7360,148,33,-0.2,0.3,-0.27821145332713304,0.03390445791654515,0.2773515259525896
7361,148,34,-0.2,0.3,-0.2828640194118178,0.03370530320287654,0.27888942478221374
7362,148,35,-0.2,0.3,-0.2883890167838444,0.03186262512362636,0.2823300729529315
7363,148,36,-0.2,0.3,-0.29197273723048733,0.03225383390893187,0.2831024440907109
7364,148,37,-0.2,0.3,-0.29697655588620836,0.03154431517856073,0.2854345933913737
7365,148,38,-0.2,0.3,-0.2950594143585737,0.03666142389332976,0.27997053045648135
7366,148,39,-0.2,0.3,-0.29813433404380707,0.03283195021856833,0.2846210012318751
7367,148,40,-0.2,0.3,-0.30374527177145316,0.02421750703753338,0.29465075061761786
7368,148,41,-0.2,0.3,-0.30458945175658825,0.03256636813790514,0.28715797197656584
7369,148,42,-0.2,0.3,-0.3007892171388449,0.04004070802388231,0.2788140953685549
7370,148,43,-0.2,0.3,-0.30653768876114557,0.028677532921983277,0.29148955430318285
7371,148,44,-0.2,0.3,-0.3043658948862885,0.036261610086289475,0.2836374064359146
7372,148,45,-0.2,0.3,-0.30542511958351076,0.030496171814073325,0.28939034062329555
7373,148,46,-0.2,0.3,-0.30867539895503954,0.02755114119878256,0.2933235807092957
7374,148,47,-0.2,0.3,-0.3068404221241719,0.030069307259138332,0.29030579512512783
7375,148,48,-0.2,0.3,-0.3076229648384981,0.02839569912849976,0.29214995946007766
7376,148,49,-0.2,0.3,-0.3008972823237849,0.04651988786011317,0.272823072394501
7377,149,0,-0.1,0.3,0.09411931782960892,0.4119246304035187,0.224074613567885
7378,149,1,-0.1,0.3,0.11977566406130791,0.40771957933902736,0.24475467367665502
7379,149,2,-0.1,0.3,0.11810309551656245,0.407967166006565,0.24336365630347506
7380,149,3,-0.1,0.3,0.09473145011812446,0.40341533634066573,0.22048825242075967
7381,149,4,-0.1,0.3,0.08802436965331434,0.4047055908948182,0.21521250973900014
7382,149,5,-0.1,0.3,0.07841322818733751,0.4090594220396876,0.20910580462497366
7383,149,6,-0.1,0.3,0.08563976908262819,0.4090126840040981,0.21528095396209315
7384,149,7,-0.1,0.3,0.07667877869978919,0.4078480662342041,0.2069941937188248
7385,149,8,-0.1,0.3,0.07357619720720016,0.40240446756335996,0.20153255621325325
7386,149,9,-0.1,0.3,0.07450745788828465,0.3996725273235344,0.20096632942284673
7387,149,10,-0.1,0.3,0.03539169469308011,0.39780244971042794,0.16702164578648182
7388,149,11,-0.1,0.3,0.019003876270669764,0.38915181379823033,0.1486942112893411
7389,149,12,-0.1,0.3,0.022163082416129753,0.38848300432081717,0.1508411772661824
7390,149,13,-0.1,0.3,0.04607471300034806,0.38996409732541426,0.1715557069459092
7391,149,14,-0.1,0.3,0.06887647962578494,0.3995346769780784,0.19602657292298045
7392,149,15,-0.1,0.3,0.03146224860554786,0.39699797645843105,0.16337359102822346
7393,149,16,-0.1,0.3,0.02991018271390692,0.3955175347223406,0.16124594572327772
7394,149,17,-0.1,0.3,0.045579625945894583,0.40239918698531063,0.1779860134555499
7395,149,18,-0.1,0.3,0.06225170333894696,0.4011828842636264,0.19121608537018026
7396,149,19,-0.1,0.3,0.07563472561835075,0.40749868353341234,0.20592115919557683
7397,149,20,-0.1,0.3,0.099566947827331,0.4215018274396056,0.23364430388152063
7398,149,21,-0.1,0.3,0.08567746255468749,0.4194935466256316,0.22080495416978163
7399,149,22,-0.1,0.3,0.09450553920437887,0.41252463398224143,0.2247091409667697
7400,149,23,-0.1,0.3,0.06323107204436258,0.39682458476714505,0.18978773167958446
7401,149,24,-0.1,0.3,0.05890829473852413,0.4017175728633458,0.18867514612665795
7402,149,25,-0.1,0.3,0.05977397215449321,0.4059427048949518,0.19170701316979413
7403,149,26,-0.1,0.3,0.04986851450262919,0.4030494338603499,0.18187841394229115
7404,149,27,-0.1,0.3,0.047935639326978904,0.4023485027186252,0.17988932539710747
7405,149,28,-0.1,0.3,0.05032484919195018,0.40139859415119133,0.181326322359498
7406,149,29,-0.1,0.3,0.04278119239464649,0.3974520827126271,0.1728680922746178
7407,149,30,-0.1,0.3,0.04836966776131266,0.4019194012238817,0.18000311846586683
7408,149,31,-0.1,0.3,0.043113977743139575,0.40231785930672936,0.1759276980994622
7409,149,32,-0.1,0.3,0.04210586470670054,0.40295399656132613,0.17548105935396172
7410,149,33,-0.1,0.3,0.04537730699394727,0.40220987599258645,0.17771162072085295
7411,149,34,-0.1,0.3,0.04165172974199264,0.3977027730228058,0.1720785994690927
7412,149,35,-0.1,0.3,0.05463759208670403,0.40310799054871854,0.185860277093758
7413,149,36,-0.1,0.3,0.051698766136823116,0.40204410434563553,0.18282646110215423
7414,149,37,-0.1,0.3,0.05056390577481251,0.4052235451992324,0.1836885521377463
7415,149,38,-0.1,0.3,0.05161113952346884,0.4030275054136097,0.18330467669799402
7416,149,39,-0.1,0.3,0.04369867682778607,0.40399484387551005,0.1773816148160463
7417,149,40,-0.1,0.3,0.038404646398888416,0.40382255202591394,0.17301724900707138
7418,149,41,-0.1,0.3,0.048499159284021924,0.4060305968944428,0.1824677719101462
7419,149,42,-0.1,0.3,0.03231765388181858,0.40879031233161073,0.1712988429207803
7420,149,43,-0.1,0.3,0.04148670252275205,0.40862721849003003,0.17837701530085778
7421,149,44,-0.1,0.3,0.035297576847456054,0.40075554106596106,0.1686923630645082
7422,149,45,-0.1,0.3,0.039563841356781634,0.4055973704434841,0.17501105810445042
7423,149,46,-0.1,0.3,0.023749864686293656,0.39726828545770904,0.1574012336856302
7424,149,47,-0.1,0.3,0.01790201451593069,0.39731039014765923,0.15287314040603858
7425,149,48,-0.1,0.3,-0.00932647883544962,0.39302157844222096,0.12990266162115552
7426,149,49,-0.1,0.3,-0.0026563820218584965,0.3969457411724483,0.13738361144092004
7427,150,0,0.0,0.3,0.0077218711376190186,0.06278733909130096,0.23733831083339962
7428,150,1,0.0,0.3,0.005606764927506446,0.05825347267091274,0.24181153671532182
7429,150,2,0.0,0.3,0.01579571645706892,0.05412633586674929,0.24638052555488774
7430,150,3,0.0,0.3,0.02393983023241162,0.06306038556620479,0.23814595600092017
7431,150,4,0.0,0.3,0.012555952636525033,0.055947210447862744,0.2443755634976428
7432,150,5,0.0,0.3,0.012531606145389375,0.05669638389330357,0.2436261290649627
7433,150,6,0.0,0.3,0.008152269151192154,0.05641295188950375,0.24372342829424234
7434,150,7,0.0,0.3,0.004883709031807256,0.046577271913496775,0.25346978069330695
7435,150,8,0.0,0.3,0.024101192737546375,0.05444691649725605,0.24673302233198924
7436,150,9,0.0,0.3,0.022802502154756352,0.06147062182580826,0.2396168156801276
7437,150,10,0.0,0.3,0.013294893669698767,0.05968896180499372,0.2406785185180646
7438,150,11,0.0,0.3,0.014307558504074704,0.05810203990415875,0.2423207158475658
7439,150,12,0.0,0.3,0.012868846185138744,0.05646224395685692,0.24387752217181932
7440,150,13,0.0,0.3,0.010889571963739042,0.05278502122439255,0.24745469991207986
7441,150,14,0.0,0.3,0.006296932514800778,0.05305319156362728,0.24702707858857603
7442,150,15,0.0,0.3,-0.0003007025804063618,0.052359469863572525,0.24764071270349045
7443,150,16,0.0,0.3,-0.003964854642764594,0.05074309229151325,0.24928843958903374
7444,150,17,0.0,0.3,-0.006065353359293049,0.046118668774834684,0.25395377306910644
7445,150,18,0.0,0.3,0.019145008450887825,0.04848448678061365,0.25224310642433
7446,150,19,0.0,0.3,0.007509801356295306,0.04446062975569068,0.2556496956017535
7447,150,20,0.0,0.3,1.0153877831398442e-06,0.04275182409495561,0.2572481759070483
7448,150,21,0.0,0.3,0.000717507661349359,0.04351061611262275,0.25649038746933667
7449,150,22,0.0,0.3,-0.00208858643702989,0.043568600915085465,0.2564399045194637
7450,150,23,0.0,0.3,0.0009526459245619416,0.04489981784576956,0.25510196092813386
7451,150,24,0.0,0.3,-0.001760569363026215,0.045993384549104656,0.2540127168023307
7452,150,25,0.0,0.3,-0.01751430246177502,0.038218138769625064,0.2623670971367443
7453,150,26,0.0,0.3,-0.016554554691515677,0.03779690062875639,0.26272517694526465
7454,150,27,0.0,0.3,-0.017440962814710158,0.03935957207890911,0.261223314140973
7455,150,28,0.0,0.3,-0.014981758461788428,0.04337771935491556,0.25705923054831514
7456,150,29,0.0,0.3,-0.01694780072219828,0.04728976604600901,0.25327789144416096
7457,150,30,0.0,0.3,-0.01652231004291138,0.0463740521627874,0.25416354605938
7458,150,31,0.0,0.3,-0.01700032458223256,0.04222819092579162,0.2583317955445891
7459,150,32,0.0,0.3,-0.0130541861689304,0.03973027460669709,0.26059689509439365
7460,150,33,0.0,0.3,-0.014937056198254254,0.041518063719338805,0.25891316504046213
7461,150,34,0.0,0.3,-0.015391552613352257,0.04148970788984163,0.2589680888038698
7462,150,35,0.0,0.3,-0.01780492220453636,0.03933240197487736,0.2612749737630769
7463,150,36,0.0,0.3,-0.03297168049109529,0.03364958644580488,0.26838344679748344
7464,150,37,0.0,0.3,-0.03922555245980407,0.029627388183972748,0.27320320859389075
7465,150,38,0.0,0.3,-0.033982223804964115,0.033110512122801,0.2690442162063408
7466,150,39,0.0,0.3,-0.03204585302653058,0.03431731683781121,0.26760834222508456
7467,150,40,0.0,0.3,-0.028779372643902904,0.035417283385388666,0.2661433189485401
7468,150,41,0.0,0.3,-0.028161745940677826,0.035977484401638136,0.26552019259806686
7469,150,42,0.0,0.3,-0.028766985160631687,0.038699248812201,0.26287948190480753
7470,150,43,0.0,0.3,-0.025870818814402743,0.03886820953798459,0.26241019655498443
7471,150,44,0.0,0.3,-0.023795960217253512,0.03958828704753037,0.2614966691288831
7472,150,45,0.0,0.3,-0.024624013536845943,0.036511816904335824,0.26463628752254864
7473,150,46,0.0,0.3,-0.022573734863174665,0.037947760723802175,0.26302271691879114
7474,150,47,0.0,0.3,-0.020214941233894126,0.038669797472100365,0.2621108898965528
7475,150,48,0.0,0.3,-0.020165699264755473,0.03858203702604635,0.26219459718363375
7476,150,49,0.0,0.3,-0.02070594569439236,0.040386655523430355,0.26043775612880926
7477,151,0,0.1,0.3,-0.11084897071123123,-0.029509220272302628,0.39119511077523256
7478,151,1,0.1,0.3,-0.10998717024922369,-0.027180708572268484,0.3887696332420115
7479,151,2,0.1,0.3,-0.107157931253314,-0.02720393996685743,0.38726841700684506
7480,151,3,0.1,0.3,-0.0979493711069226,-0.034460540194064374,0.38864869286867737
7481,151,4,0.1,0.3,-0.08253737452849744,-0.0427542201232165,0.38833020551076286
7482,151,5,0.1,0.3,-0.08774950816489754,-0.04052937515933066,0.38885747152724875
7483,151,6,0.1,0.3,-0.09570243755956737,-0.0322321844719462,0.38558743297176795
7484,151,7,0.1,0.3,-0.10089550549771559,-0.03281785806872732,0.3887502164354873
7485,151,8,0.1,0.3,-0.09012090533465464,-0.04222693252166908,0.3914910369196973
7486,151,9,0.1,0.3,-0.08869272479060514,-0.043618516329135104,0.39201865919001755
7487,151,10,0.1,0.3,-0.08412975525905943,-0.04285592483206979,0.3891708518944026
7488,151,11,0.1,0.3,-0.07568827439581532,-0.044688468453358346,0.3868804854795614
7489,151,12,0.1,0.3,-0.07412562338972713,-0.04747420469318779,0.38866187830558385
7490,151,13,0.1,0.3,-0.07882763691668945,-0.04537926781750188,0.3889295082188558
7491,151,14,0.1,0.3,-0.09835706823614901,-0.03769191658003654,0.3916393200927846
7492,151,15,0.1,0.3,-0.09620366738720104,-0.03861346457255351,0.3913501724619722
7493,151,16,0.1,0.3,-0.1008887630953228,-0.03202700979706374,0.38806987820848476
7494,151,17,0.1,0.3,-0.10465802546120533,-0.03005610587236989,0.38835800546572025
7495,151,18,0.1,0.3,-0.10933149215622537,-0.027332714348300258,0.38854392221598033
7496,151,19,0.1,0.3,-0.10647586832374985,-0.030582574188197424,0.3897654712220434
7497,151,20,0.1,0.3,-0.1064615718518839,-0.028658779611825284,0.38812752294508174
7498,151,21,0.1,0.3,-0.10770531822210569,-0.029510001471089856,0.3895103853393691
7499,151,22,0.1,0.3,-0.106220283908409,-0.03475021902850595,0.39317237267501076
7500,151,23,0.1,0.3,-0.10789968387477941,-0.03527030953657556,0.39449773004668154
7501,151,24,0.1,0.3,-0.10136849951083801,-0.026053602198504906,0.3832234649677225
7502,151,25,0.1,0.3,-0.09250452806487419,-0.036610171610932,0.3877684888659998
7503,151,26,0.1,0.3,-0.09401730157886262,-0.03829109511313271,0.38997894602758487
7504,151,27,0.1,0.3,-0.10671049674916286,-0.03526296542660596,0.3938660755293952
7505,151,28,0.1,0.3,-0.10544602646825327,-0.03245854021214784,0.39081549451318653
7506,151,29,0.1,0.3,-0.10207740194676646,-0.03504508260659713,0.39126779033855635
7507,151,30,0.1,0.3,-0.09319056852613716,-0.036540485959655415,0.3880490876904791
7508,151,31,0.1,0.3,-0.08482150558400531,-0.03979397977787699,0.38680607236653713
7509,151,32,0.1,0.3,-0.08507725250361228,-0.04243047600764942,0.38924570683966603
7510,151,33,0.1,0.3,-0.09137378837810461,-0.03741310992385187,0.3879066042576137
7511,151,34,0.1,0.3,-0.08988992715182456,-0.040297377317961715,0.38969281420525126
7512,151,35,0.1,0.3,-0.10215435068817721,-0.03264044159712559,0.3892506196373864
7513,151,36,0.1,0.3,-0.11042436807064462,-0.033228057909444136,0.39410576404821834
7514,151,37,0.1,0.3,-0.11243669136460396,-0.0325158991435216,0.3945835412446452
7515,151,38,0.1,0.3,-0.1178368157234494,-0.03295349683496676,0.39788303474660025
7516,151,39,0.1,0.3,-0.10710042325265137,-0.036384803298049426,0.39502572220210513
7517,151,40,0.1,0.3,-0.10531946445827534,-0.03352326819802649,0.39165527305900744
7518,151,41,0.1,0.3,-0.11255173432556186,-0.03288294803255527,0.39495480356067214
7519,151,42,0.1,0.3,-0.11039522472430442,-0.03606965469129493,0.39649585545263494
7520,151,43,0.1,0.3,-0.11614821382747513,-0.03695886710053014,0.40032652729800533
7521,151,44,0.1,0.3,-0.11555619358887767,-0.03354288466409573,0.3971338924148529
7522,151,45,0.1,0.3,-0.10306371846705026,-0.03724393352215499,0.39366018906559647
7523,151,46,0.1,0.3,-0.11352730611201664,-0.036980500052784956,0.3989357941715432
7524,151,47,0.1,0.3,-0.10963591906890847,-0.037063141824096986,0.39693674576712756
7525,151,48,0.1,0.3,-0.11708071213390334,-0.03539568358451464,0.39951758427844763
7526,151,49,0.1,0.3,-0.1180103743274821,-0.03628602446767923,0.4007702753033031
7527,152,0,0.2,0.3,-0.11748923361301422,0.020052611827850342,0.42328471931382944
7528,152,1,0.2,0.3,-0.139004810154438,0.014818490203469991,0.4430042379455019
7529,152,2,0.2,0.3,-0.10743149340152738,0.046150468746200206,0.3986899894063899
7530,152,3,0.2,0.3,-0.09619369262456891,0.06662182988878339,0.3770889468481376
7531,152,4,0.2,0.3,-0.11046549238562581,0.04727340666586532,0.40032430970467703
7532,152,5,0.2,0.3,-0.12319840481340882,0.03918271821930072,0.4153105625305053
7533,152,6,0.2,0.3,-0.11152400740307568,0.044967485527553586,0.40260252188307283
7534,152,7,0.2,0.3,-0.1167169811112225,0.05350447013204385,0.4013348880537187
7535,152,8,0.2,0.3,-0.12580450189588246,0.04887865553257428,0.411352042784221
7536,152,9,0.2,0.3,-0.13343844780062084,0.04219232063959334,0.4214807208033193
7537,152,10,0.2,0.3,-0.12034457999581208,0.049484550883662756,0.40666772699422976
7538,152,11,0.2,0.3,-0.1321408009000607,0.05752654890339021,0.41123094011666217
7539,152,12,0.2,0.3,-0.11792174019690269,0.06471261445765009,0.39551787151174506
7540,152,13,0.2,0.3,-0.1299980017224266,0.052616822792679235,0.412428318021427
7541,152,14,0.2,0.3,-0.1354562245682398,0.04798358631781052,0.4195749651335382
7542,152,15,0.2,0.3,-0.1271497301273409,0.047686969904660356,0.4131450242690619
7543,152,16,0.2,0.3,-0.14016544018278562,0.040495408170413395,0.4278494593608698
7544,152,17,0.2,0.3,-0.14714269077641795,0.036365269685878346,0.43590287770017233
7545,152,18,0.2,0.3,-0.14763140345716597,0.032998887544439026,0.43833456026431
7546,152,19,0.2,0.3,-0.15407214825921142,0.028021790079172503,0.44647422416599897
7547,152,20,0.2,0.3,-0.1612830488473278,0.021310035040554638,0.4562823007234858
7548,152,21,0.2,0.3,-0.1674704392764043,0.015077600000206692,0.4649895673707484
7549,152,22,0.2,0.3,-0.17128841658524172,0.010697064230251156,0.4706923378762091
7550,152,23,0.2,0.3,-0.1760824939217572,0.007183074467465768,0.4766338155363447
7551,152,24,0.2,0.3,-0.17655073547606498,0.011817044426162882,0.47417282953669715
7552,152,25,0.2,0.3,-0.17553267936876793,0.012172723268629997,0.47314832188699824
7553,152,26,0.2,0.3,-0.16979206942200625,0.01341655017794502,0.46784211900952244
7554,152,27,0.2,0.3,-0.15337061847126457,0.006915323382148469,0.4590963097945296
7555,152,28,0.2,0.3,-0.14212952082766275,0.011565044484407233,0.4474900362969528
7556,152,29,0.2,0.3,-0.1562537443418227,0.006863656520405778,0.46135197650617626
7557,152,30,0.2,0.3,-0.1404957427824781,0.0034024171997522885,0.4515611553000781
7558,152,31,0.2,0.3,-0.13663503507491667,0.006103565781423539,0.446876113577672
7559,152,32,0.2,0.3,-0.1420772372265826,0.01530885184047258,0.4450459370323042
7560,152,33,0.2,0.3,-0.14922461797854494,0.016587393124563945,0.4497560889395397
7561,152,34,0.2,0.3,-0.13249983735921814,0.003108051814401564,0.4457588706255285
7562,152,35,0.2,0.3,-0.14572089904179159,0.005310386751776031,0.45427404525314063
7563,152,36,0.2,0.3,-0.1573962240968246,8.068368760701409e-05,0.46656581239516565
7564,152,37,0.2,0.3,-0.16526042607306132,0.0049899170314229475,0.469516909075915
7565,152,38,0.2,0.3,-0.15996988297318498,0.014283249741839355,0.45957847863647033
7566,152,39,0.2,0.3,-0.15873884237379388,0.019119821713599452,0.4556174179966015
7567,152,40,0.2,0.3,-0.16173267318407086,0.016299711325131874,0.45971336791863837
7568,152,41,0.2,0.3,-0.16330330339590282,0.016218217497919116,0.46100042336036284
7569,152,42,0.2,0.3,-0.14976426921550134,0.004611803318160653,0.4578091641271532
7570,152,43,0.2,0.3,-0.1529741046188731,0.00259739363076142,0.46156151140093066
7571,152,44,0.2,0.3,-0.15878812175501597,0.008549724446905613,0.4622468814740309
7572,152,45,0.2,0.3,-0.16345283429877408,0.011476115980765294,0.46405171523156435
7573,152,46,0.2,0.3,-0.1601146998876285,0.015512817719891417,0.45892870247657475
7574,152,47,0.2,0.3,-0.17474864622074027,0.011286263108025316,0.4730667708837791
7575,152,48,0.2,0.3,-0.16524384011906743,0.02063563439532044,0.45983422177413885
7576,152,49,0.2,0.3,-0.19801682942169557,0.06377392392653967,0.4628392329091856
7577,153,0,0.3,0.3,-0.10422223061323166,0.16287875175476074,0.4268463991206546
7578,153,1,0.3,0.3,-0.11484147384762763,0.1653737872838974,0.43613950242365485
7579,153,2,0.3,0.3,-0.13412071458995342,0.17106092870235443,0.4528643052208808
7580,153,3,0.3,0.3,-0.11387897814065218,0.17200952053070068,0.4332174643080904
7581,153,4,0.3,0.3,-0.10811133533045648,0.16759424453973767,0.42905261461062216
7582,153,5,0.3,0.3,-0.12906027331478892,0.1692713209211826,0.44853395152502534
7583,153,6,0.3,0.3,-0.10809712083309142,0.16983994898736474,0.42835137318779615
7584,153,7,0.3,0.3,-0.10482119599797798,0.16854138861376045,0.42563078746353816
7585,153,8,0.3,0.3,-0.1067344407823973,0.16829736514086124,0.427526010141382
7586,153,9,0.3,0.3,-0.10997264011811267,0.16517366457220134,0.43157352371328894
7587,153,10,0.3,0.3,-0.09233830071367558,0.17299493692085494,0.41238286610216013
7588,153,11,0.3,0.3,-0.10336823053970351,0.1710532111846978,0.4234775126904728
7589,153,12,0.3,0.3,-0.10351442199419031,0.16732883126005552,0.4247652619649214
7590,153,13,0.3,0.3,-0.1062005793653832,0.16224677035535887,0.4289229102697852
7591,153,14,0.3,0.3,-0.1098774644158318,0.15931767988729337,0.43334864835170017
7592,153,15,0.3,0.3,-0.12478458391581218,0.1624315345085611,0.4465053475941793
7593,153,16,0.3,0.3,-0.13231570973861184,0.16433267192620685,0.45310318559184937
7594,153,17,0.3,0.3,-0.11272738321033693,0.1682918273171291,0.4332331192361836
7595,153,18,0.3,0.3,-0.11991442203904493,0.16757521102153794,0.4403004049196132
7596,153,19,0.3,0.3,-0.1153151996162505,0.1649241020135728,0.43672899291107947
7597,153,20,0.3,0.3,-0.107567591722695,0.16504366535910497,0.42933035541683123
7598,153,21,0.3,0.3,-0.1086778993697182,0.16340196616727085,0.4309021330652854
7599,153,22,0.3,0.3,-0.12296484497227776,0.1703052778154073,0.4424025102154842
7600,153,23,0.3,0.3,-0.13630785555568292,0.1741156072792034,0.45410508161689006
7601,153,24,0.3,0.3,-0.14088239280033973,0.17060231307781082,0.4594791025304262
7602,153,25,0.3,0.3,-0.13160918558989174,0.1655357122197294,0.4520698328508827
7603,153,26,0.3,0.3,-0.11244383239495698,0.16984388260465666,0.4324933869738007
7604,153,27,0.3,0.3,-0.10493937207881172,0.16721515228246908,0.4261545621519851
7605,153,28,0.3,0.3,-0.10484067550834508,0.16411619095928154,0.42703674561502036
7606,153,29,0.3,0.3,-0.10099542877153102,0.16332764323799487,0.4236468659137523
7607,153,30,0.3,0.3,-0.08702717715256293,0.16671761301531465,0.4093338863751897
7608,153,31,0.3,0.3,-0.08082493762798126,0.16739962894878635,0.4032499119928923
7609,153,32,0.3,0.3,-0.07815128375529161,0.16970964153024848,0.3999674623215636
7610,153,33,0.3,0.3,-0.058342494608037046,0.1824180942335656,0.37714035584325595
7611,153,34,0.3,0.3,-0.06400770210102266,0.1731046371749293,0.38549194582425866
7612,153,35,0.3,0.3,-0.061148083175346715,0.17708534133075432,0.3814917447298228
7613,153,36,0.3,0.3,-0.06689055455286089,0.17531936558233827,0.38749701885162474
7614,153,37,0.3,0.3,-0.08178671583325811,0.1700173336714803,0.4033070665542773
7615,153,38,0.3,0.3,-0.09013267029676639,0.16969711759837558,0.4113178109382779
7616,153,39,0.3,0.3,-0.09507926224219462,0.1677422843913879,0.41662900378135614
7617,153,40,0.3,0.3,-0.0832506778884268,0.1722227395354164,0.40399023551785596
7618,153,41,0.3,0.3,-0.08244261584021997,0.1698605430667516,0.40397850519748063
7619,153,42,0.3,0.3,-0.07131756031450476,0.1733467528006873,0.3923235598635979
7620,153,43,0.3,0.3,-0.08945967136577558,0.17261567355662671,0.4097628609864123
7621,153,44,0.3,0.3,-0.10308471237747921,0.16468731958696306,0.42519031836695886
7622,153,45,0.3,0.3,-0.09122981146564421,0.16821838547110896,0.4128282443187296
7623,153,46,0.3,0.3,-0.08543700437658266,0.17009262035811182,0.4067402262233421
7624,153,47,0.3,0.3,-0.08156533934314315,0.17112200958894655,0.40274265306823354
7625,153,48,0.3,0.3,-0.0816375432247667,0.16974657428619142,0.4032532322360458
7626,154,0,0.4,0.3,-0.13481411337852478,0.3653760254383087,0.5387951007302942
7627,154,1,0.4,0.3,-0.12366839051246642,0.37388475239276886,0.5288549327160121
7628,154,2,0.4,0.3,-0.10513716846704481,0.38208188265562054,0.5117626348486128
7629,154,3,0.4,0.3,-0.09284130123257635,0.3892897064983844,0.5008644526088737
7630,154,4,0.4,0.3,-0.08003016681373117,0.3956292864531278,0.48946289080864236
7631,154,5,0.4,0.3,-0.07494809339076278,0.4001808164313435,0.48539868911686535
7632,154,6,0.4,0.3,-0.07141118101021646,0.4051068811075389,0.4829864988150305
7633,154,7,0.4,0.3,-0.06520470141091643,0.4094128252982645,0.47789808594989003
7634,154,8,0.4,0.3,-0.06210688438120572,0.4125014890575095,0.475604202707106
7635,154,9,0.4,0.3,-0.05635298297079565,0.4176135544519204,0.47126531089945306
7636,154,10,0.4,0.3,-0.05153794317136717,0.4225044766245687,0.46786094185824956
7637,154,11,0.4,0.3,-0.049255674680902146,0.4238581362788759,0.4660166296984145
7638,154,12,0.4,0.3,-0.05982025729674449,0.4182031812665281,0.47477011393091295
7639,154,13,0.4,0.3,-0.06301701900304203,0.4126020653722874,0.4765123136001506
7640,154,14,0.4,0.3,-0.06625939370054594,0.405481820163601,0.4780420866398972
7641,154,15,0.4,0.3,-0.06079695371390396,0.40576667825403945,0.4727794652699156
7642,154,16,0.4,0.3,-0.06345426289559115,0.40329074529822856,0.47482505395183106
7643,154,17,0.4,0.3,-0.06257149985754983,0.4055577761690948,0.4744626819784966
7644,154,18,0.4,0.3,-0.06627946036981688,0.4031531147890084,0.4775532433702466
7645,154,19,0.4,0.3,-0.0675951451713741,0.4012979132843966,0.4784417279289209
7646,154,20,0.4,0.3,-0.061852784202340264,0.4074595952072807,0.47418937027053454
7647,154,21,0.4,0.3,-0.05762381416766853,0.41173614251885293,0.47106742706151766
7648,154,22,0.4,0.3,-0.057008995051645306,0.4108374648470822,0.47025755195620517
7649,154,23,0.4,0.3,-0.05515882562083418,0.4107278896595438,0.4684337969115733
7650,154,24,0.4,0.3,-0.05505662283140113,0.410744250740387,0.46833835958073067
7651,154,25,0.4,0.3,-0.05540955833679817,0.41184104149346007,0.4689416641618224
7652,154,26,0.4,0.3,-0.054807767798110515,0.41099437341454736,0.4681558037439972
7653,154,27,0.4,0.3,-0.07924034483305938,0.3905886122162558,0.487726977702666
7654,154,28,0.4,0.3,-0.07310016032010941,0.3965966081622036,0.48286091828119154
7655,154,29,0.4,0.3,-0.09578181955382664,0.3844510300161395,0.5029230448795223
7656,154,30,0.4,0.3,-0.0913505326431573,0.39075408759130714,0.4996615357852204
7657,154,31,0.4,0.3,-0.08833131536892119,0.39249712594041797,0.49701427733736014
7658,154,32,0.4,0.3,-0.08073145167565092,0.3920089270411203,0.4894572210984704
7659,154,33,0.4,0.3,-0.07664885681445421,0.39457699120211487,0.4859412927168991
7660,154,34,0.4,0.3,-0.07229837768378372,0.39876118522999204,0.4825137607061241
7661,154,35,0.4,0.3,-0.07774670640798172,0.40196467196427044,0.488506611841084
7662,154,36,0.4,0.3,-0.07321375463525684,0.4015735052907226,0.4839921843925184
7663,154,37,0.4,0.3,-0.09292384284619651,0.3899051461635659,0.5010557355753489
7664,154,38,0.4,0.3,-0.08794032964625867,0.3935758054070712,0.49683216145181425
7665,154,39,0.4,0.3,-0.08109403976264833,0.39621947466027024,0.4906217100771663
7666,154,40,0.4,0.3,-0.0698110698901044,0.40522379856391644,0.48145040157372826
7667,154,41,0.4,0.3,-0.09073779160476711,0.39128123449046137,0.49915513007403467
7668,154,42,0.4,0.3,-0.09504590826519221,0.38892752834887406,0.5029697372490207
7669,154,43,0.4,0.3,-0.0843211260001016,0.394815180064358,0.49351481382086493
7670,154,44,0.4,0.3,-0.10274742370765473,0.3815432244070196,0.5093174545324142
7671,154,45,0.4,0.3,-0.09006347795968002,0.38874588384921116,0.4980341798813767
7672,154,46,0.4,0.3,-0.08481719025424442,0.393698785526418,0.4937885887453718
7673,154,47,0.4,0.3,-0.08757026642477436,0.3919636544346852,0.49616738953553535
7674,154,48,0.4,0.3,-0.0947898651653642,0.391706924213174,0.5032168226709041
7675,154,49,0.4,0.3,-0.09038407905358872,0.3932254983993789,0.49916684439278314
7676,155,0,0.5,0.3,0.041826315224170685,0.4247451722621918,0.4748520647778473
7677,155,1,0.5,0.3,0.0033917732536792727,0.4032915860414505,0.5072365154630367
7678,155,2,0.5,0.3,-0.03013351954519749,0.38866024225950235,0.537496220547542
7679,155,3,0.5,0.3,-0.02727771007269621,0.37160806563496585,0.5321179367428689
7680,155,4,0.5,0.3,-0.0739210291929543,0.3397269755095243,0.5752943423440163
7681,155,5,0.5,0.3,-0.05156937102071941,0.33238486018210645,0.5525192758784138
7682,155,6,0.5,0.3,-0.04620814300293475,0.35049477613469954,0.5485371982824937
7683,155,7,0.5,0.3,0.029259026212490352,0.3749152240907222,0.47666482480142797
7684,155,8,0.5,0.3,0.016684706249930188,0.3759970180619308,0.48925373777521797
7685,155,9,0.5,0.3,0.03173620742298008,0.3813940036992216,0.47528513891852675
7686,155,10,0.5,0.3,0.0007150527756987837,0.3605961088428883,0.5029486523808095
7687,155,11,0.5,0.3,0.007406085217506208,0.3875002154571803,0.500304959585447
7688,155,12,0.5,0.3,-0.0035990975656535603,0.37267507733942007,0.5088159961471646
7689,155,13,0.5,0.3,0.01571662881464775,0.39106594259966065,0.4927711329899656
7690,155,14,0.5,0.3,0.06883501073662152,0.40074695959488604,0.44277894917679056
7691,155,15,0.5,0.3,0.01832036989590125,0.3927311457232638,0.4905245472393513
7692,155,16,0.5,0.3,0.01676456702115553,0.4047339459186,0.4944549353722051
7693,155,17,0.5,0.3,0.058840223159926056,0.44300492306030215,0.4637589424701876
7694,155,18,0.5,0.3,0.058022853339290456,0.4310202359123378,0.4609881781443717
7695,155,19,0.5,0.3,0.05420867937128056,0.4314870726341351,0.46477817485096273
7696,155,20,0.5,0.3,0.09977135992173568,0.41490502495487935,0.41639660072913454
7697,155,21,0.5,0.3,0.09671864340987753,0.433006069434129,0.4246486395592077
7698,155,22,0.5,0.3,0.07790623382926846,0.4200087219086388,0.43882256183375207
7699,155,23,0.5,0.3,0.11445593231261378,0.4169253876532087,0.40288431888916826
7700,155,24,0.5,0.3,0.08416041235465231,0.40974999065274775,0.43007862432505406
7701,155,25,0.5,0.3,0.04341518456972535,0.38439333256634417,0.46431877871043675
7702,155,26,0.5,0.3,0.0604677476253691,0.39707386962162095,0.4501243573067688
7703,155,27,0.5,0.3,0.07185379484659511,0.40174442559590584,0.440069427621486
7704,155,28,0.5,0.3,0.10347545418695861,0.4141790928550308,0.41263613593265985
7705,155,29,0.5,0.3,0.07130784694343185,0.402206255344095,0.44070747749923467
7706,155,30,0.5,0.3,0.11727507743033333,0.4327165219617679,0.40508275889944484
7707,155,31,0.5,0.3,0.1558940180436253,0.45155907505780024,0.37600409578957616
7708,155,32,0.5,0.3,0.13048338247406835,0.42083413584848933,0.3887716797994124
7709,155,33,0.5,0.3,0.09408929494170196,0.416980021483446,0.4224308534034797
7710,155,34,0.5,0.3,0.10449330789847663,0.4177135629462414,0.4126524280779018
7711,155,35,0.5,0.3,0.10538733872873031,0.3924236190423418,0.40529159600524384
7712,155,36,0.5,0.3,0.0832345717765064,0.372346939094219,0.4229982290253881
7713,155,37,0.5,0.3,0.08457802743037736,0.37804563146148856,0.4226896448741781
7714,155,38,0.5,0.3,0.11078641322477795,0.41758278321147274,0.40658692433253374
7715,155,39,0.5,0.3,0.10647755245424206,0.41713996745789267,0.41058700502870277
7716,155,40,0.5,0.3,0.07696923629482415,0.3957005730504885,0.43372067822871463
7717,155,41,0.5,0.3,0.05322564590700346,0.397583376751797,0.4573071603348207
7718,155,42,0.5,0.3,0.09793702129631751,0.38056215541613064,0.41005475211167913
7719,155,43,0.5,0.3,0.059805693587925625,0.37075420248445246,0.4458443501568884
7720,155,44,0.5,0.3,0.0023389221756523956,0.34656908432201006,0.49983520083711774
7721,155,45,0.5,0.3,-0.008794647646923236,0.3417341453203442,0.5105034107229612
7722,155,46,0.5,0.3,0.02165059866002643,0.3463655680078484,0.4805912147126719
7723,155,47,0.5,0.3,0.061386653135657415,0.3731097498298438,0.44466470915479955
7724,155,48,0.5,0.3,0.09519209548364885,0.3887274506819771,0.41441766379275147
7725,156,0,-1.0,0.4,-0.4848797023296356,0.10743745416402817,0.5924033797152325
7726,156,1,-1.0,0.4,-0.4638967990875244,0.10493291243910789,0.6119405430189025
7727,156,2,-1.0,0.4,-0.45337638318538664,0.11129622735083103,0.6181805940025554
7728,156,3,-1.0,0.4,-0.4338469420075416,0.1101650106832385,0.6360295638619791
7729,156,4,-1.0,0.4,-0.4297076612651347,0.11524322038367389,0.6374321729855995
7730,156,5,-1.0,0.4,-0.4427325442391633,0.11279909942381082,0.6269221439237334
7731,156,6,-1.0,0.4,-0.4441046903998255,0.11174728044552354,0.6261862546926638
7732,156,7,-1.0,0.4,-0.41962150765750994,0.10612717169600648,0.6505385719456843
7733,156,8,-1.0,0.4,-0.4283153575987213,0.10528137314969842,0.6431814669049515
7734,156,9,-1.0,0.4,-0.4631559246412332,0.1015449515984275,0.6142287661484069
7735,156,10,-1.0,0.4,-0.4789782400470962,0.10144978080233659,0.6004963844415669
7736,156,11,-1.0,0.4,-0.44522158651345894,0.10253067731686938,0.6294974868958605
7737,156,12,-1.0,0.4,-0.4412002180432851,0.10703363561510995,0.6309409536365288
7738,156,13,-1.0,0.4,-0.45015862883040325,0.10867386590158906,0.6222511147907953
7739,156,14,-1.0,0.4,-0.4583648374739916,0.11020985664428448,0.6142857449678462
7740,156,15,-1.0,0.4,-0.44412513491953826,0.10604454125017745,0.6288137064004252
7741,156,16,-1.0,0.4,-0.4478816970409134,0.1049600383295176,0.6260057503289738
7742,156,17,-1.0,0.4,-0.424177791571103,0.10411544675206047,0.6473939176194544
7743,156,18,-1.0,0.4,-0.4390012980767466,0.10454431026381683,0.6340454306728021
7744,156,19,-1.0,0.4,-0.43954183289288123,0.10475992008489074,0.6334667014653186
7745,156,20,-1.0,0.4,-0.44668713450645453,0.10509451792745979,0.6269963081845983
7746,156,21,-1.0,0.4,-0.4387013392463379,0.10438596006509099,0.6343846208496015
7747,156,22,-1.0,0.4,-0.4390909367571808,0.10312961471471689,0.6346266641793185
7748,156,23,-1.0,0.4,-0.4410114343602832,0.10432546737467696,0.6323698646829647
7749,156,24,-1.0,0.4,-0.4830953994341257,0.1165682423300824,0.5895116006848593
7750,156,25,-1.0,0.4,-0.46998897525303496,0.11487108208051292,0.6018390035443579
7751,156,26,-1.0,0.4,-0.45821392469448896,0.11229233112054741,0.6134393646702155
7752,156,27,-1.0,0.4,-0.44089703811198605,0.10677104509157313,0.6313314042471182
7753,156,28,-1.0,0.4,-0.4401885801264951,0.10908478097515961,0.6308886514124822
7754,156,29,-1.0,0.4,-0.44707835451727274,0.10819039287644985,0.6252001222432122
7755,156,30,-1.0,0.4,-0.4401393077291609,0.10882892240817202,0.6310503871926311
7756,156,31,-1.0,0.4,-0.4437845954360855,0.10647792215957638,0.6289123837657824
7757,156,32,-1.0,0.4,-0.4455599761350556,0.1053195279545593,0.6278855952068688
7758,156,33,-1.0,0.4,-0.45285319819455566,0.11755095593083953,0.6157492064318953
7759,156,34,-1.0,0.4,-0.46056289647105986,0.12731047243241805,0.6044435185430674
7760,156,35,-1.0,0.4,-0.4749455593214289,0.12498989144220984,0.5927163954921904
7761,156,36,-1.0,0.4,-0.4938878158261477,0.11562736091493095,0.5805319464331263
7762,156,37,-1.0,0.4,-0.48133579171409896,0.11315169389282631,0.592701030599235
7763,156,38,-1.0,0.4,-0.46779706372516827,0.10855198421741005,0.6067799529344731
7764,156,39,-1.0,0.4,-0.4533721904515051,0.11314908328717085,0.6173211567658896
7765,156,40,-1.0,0.4,-0.4531001846384184,0.11240694983944885,0.6179070889245254
7766,156,41,-1.0,0.4,-0.4573113034440898,0.11040188814105503,0.6151244490034669
7767,156,42,-1.0,0.4,-0.4251096762410478,0.1035714314523472,0.6468143324037303
7768,156,43,-1.0,0.4,-0.44427956064881613,0.10348816849789952,0.6298765537257304
7769,156,44,-1.0,0.4,-0.44380166872580057,0.10248788591823334,0.6307694045668403
7770,156,45,-1.0,0.4,-0.46659514428146126,0.10432575074455089,0.6098721191994995
7771,156,46,-1.0,0.4,-0.4506251820393126,0.10560329307451508,0.6232833317664674
7772,156,47,-1.0,0.4,-0.4516993439125423,0.10519428734515371,0.6225303347467241
7773,156,48,-1.0,0.4,-0.47348872553797394,0.10611449906402809,0.6029782830218797
7774,157,0,-0.8,0.4,-0.21748435497283936,0.13496771454811096,0.6399738971499234
7775,157,1,-0.8,0.4,-0.21210336983203887,0.11687604486942291,0.6525194416503047
7776,157,2,-0.8,0.4,-0.21904660671949383,0.10118106260895729,0.6532990146232018
7777,157,3,-0.8,0.4,-0.21426045981049535,0.09339129208028316,0.6611351667500456
7778,157,4,-0.8,0.4,-0.21341539383828634,0.10553207193762063,0.6563481247350703
7779,157,5,-0.8,0.4,-0.18975547326236958,0.0991949979113042,0.6803543427470826
7780,157,6,-0.8,0.4,-0.19324467739304896,0.0975148705693632,0.6779743911376995
7781,157,7,-0.8,0.4,-0.19916488143393096,0.10601240740585174,0.6689032398647843
7782,157,8,-0.8,0.4,-0.19945772974503126,0.10918200405893219,0.6672526696283582
7783,157,9,-0.8,0.4,-0.19894083382853328,0.09785629262248918,0.6727279845127344
7784,157,10,-0.8,0.4,-0.2061146192701451,0.09874106337432235,0.6659255156107767
7785,157,11,-0.8,0.4,-0.2045436496601755,0.11355788283410587,0.6607702714608942
7786,157,12,-0.8,0.4,-0.22726465131306428,0.1289123827318752,0.6336515413629602
7787,157,13,-0.8,0.4,-0.21842314010684336,0.12142448861105072,0.6448534403326069
7788,157,14,-0.8,0.4,-0.22384627703902377,0.11441363907945136,0.6430495175533805
7789,157,15,-0.8,0.4,-0.21636046698544498,0.1070508709745048,0.6530346826120679
7790,157,16,-0.8,0.4,-0.22791378211575597,0.12792529968793262,0.6334881871376924
7791,157,17,-0.8,0.4,-0.21252274372298016,0.1143200870937362,0.6532553400324453
7792,157,18,-0.8,0.4,-0.20665790638012632,0.1012434881041823,0.6643118947161573
7793,157,19,-0.8,0.4,-0.22490299245196643,0.12518023001921819,0.6373872245840771
7794,157,20,-0.8,0.4,-0.21485082259113233,0.10852773073753566,0.6537244400902302
7795,157,21,-0.8,0.4,-0.203824982695125,0.10165934124001458,0.666657183211739
7796,157,22,-0.8,0.4,-0.19929424420658717,0.09243993884211794,0.674863390815338
7797,157,23,-0.8,0.4,-0.2623676483528294,0.09282980782906423,0.6191946967602326
7798,157,24,-0.8,0.4,-0.24881285104031703,0.09662767073695011,0.6291597915798436
7799,157,25,-0.8,0.4,-0.23620137344810108,0.097196061162441,0.6399680591071306
7800,157,26,-0.8,0.4,-0.22592197795419808,0.09104415885985127,0.6519350329370536
7801,157,27,-0.8,0.4,-0.21199190177317698,0.07915675010448855,0.6698461872578203
7802,157,28,-0.8,0.4,-0.21181496670303113,0.10262849486188405,0.659083792444227
7803,157,29,-0.8,0.4,-0.23257755421916798,0.11935413469296116,0.6330326482021587
7804,157,30,-0.8,0.4,-0.2251078459453991,0.11216160394345713,0.6429245142611552
7805,157,31,-0.8,0.4,-0.21174383421566959,0.11547554101861013,0.6534519755436771
7806,157,32,-0.8,0.4,-0.23607426764447303,0.08999316788138492,0.6435188167978747
7807,157,33,-0.8,0.4,-0.22308460689897505,0.0904575062542665,0.6547120941537874
7808,157,34,-0.8,0.4,-0.2295669225068948,0.09811346515264666,0.645390870574102
7809,157,35,-0.8,0.4,-0.23690604816361693,0.1118450512386619,0.6325409655432321
7810,157,36,-0.8,0.4,-0.23772381003041165,0.09920010615667513,0.6376794570494428
7811,157,37,-0.8,0.4,-0.225741699126734,0.10598076437410281,0.6451510730362985
7812,157,38,-0.8,0.4,-0.23885025814290994,0.12797105747607943,0.6236094758396166
7813,157,39,-0.8,0.4,-0.2286073065259189,0.1250517979930174,0.6341026131017264
7814,157,40,-0.8,0.4,-0.2260500945171407,0.14077324380171619,0.6297753608493014
7815,157,41,-0.8,0.4,-0.2264453759058797,0.14659182028755174,0.6270411568349593
7816,157,42,-0.8,0.4,-0.21037773273240906,0.1091277136926774,0.6574656683047592
7817,157,43,-0.8,0.4,-0.21497501817639636,0.09771599885497953,0.6585057681645246
7818,157,44,-0.8,0.4,-0.22125653148797328,0.09612033627104884,0.6536718231447274
7819,157,45,-0.8,0.4,-0.21117772663409531,0.0970786869840869,0.662172931711254
7820,157,46,-0.8,0.4,-0.20358350180926435,0.08694795715033353,0.6735831209631439
7821,157,47,-0.8,0.4,-0.20688303224583227,0.09659301254206437,0.6662158340029142
7822,157,48,-0.8,0.4,-0.2240590615931931,0.07369316092766798,0.6619547701756444
7823,158,0,-0.6,0.4,-0.3026277720928192,0.18890084326267242,0.3646821847934048
7824,158,1,-0.6,0.4,-0.3231471359729767,0.2075299873948097,0.3371827606391044
7825,158,2,-0.6,0.4,-0.33805263102054595,0.23339412793517111,0.31044152544680675
7826,158,3,-0.6,0.4,-0.35054260534048076,0.2383427374511957,0.2972575689281741
7827,158,4,-0.6,0.4,-0.35269980757832525,0.23872757028192276,0.29523919414428956
7828,158,5,-0.6,0.4,-0.355547663475871,0.23185229052558537,0.2966995062914634
7829,158,6,-0.6,0.4,-0.3365311154068112,0.21265396003542836,0.3232868568921197
7830,158,7,-0.6,0.4,-0.347275879963082,0.21833227393262528,0.31124370442295735
7831,158,8,-0.6,0.4,-0.34024831442901426,0.21093660614950516,0.32127232226140423
7832,158,9,-0.6,0.4,-0.3367243841509844,0.20535651609742778,0.32741431814508254
7833,158,10,-0.6,0.4,-0.32833596812234095,0.19542763765465115,0.3400752823296372
7834,158,11,-0.6,0.4,-0.32391263070287346,0.18947888806529467,0.3471935685689363
7835,158,12,-0.6,0.4,-0.3301384907544397,0.2230845756982499,0.32268297371903576
7836,158,13,-0.6,0.4,-0.33554755380814466,0.23502818220439686,0.3116902259674528
7837,158,14,-0.6,0.4,-0.33455401372656857,0.23466583670683894,0.31272505045250915
7838,158,15,-0.6,0.4,-0.3331670890075161,0.26263771064138147,0.3001136466849911
7839,158,16,-0.6,0.4,-0.3452405751621262,0.26562187199730686,0.2880275088064202
7840,158,17,-0.6,0.4,-0.3578901643169795,0.2654944309339653,0.2769637533039965
7841,158,18,-0.6,0.4,-0.33228371225088954,0.23036348016282032,0.3169362074434449
7842,158,19,-0.6,0.4,-0.3452135848760911,0.23743855986847556,0.30222895154059615
7843,158,20,-0.6,0.4,-0.35670845304252863,0.23897035145459428,0.2917555904033655
7844,158,21,-0.6,0.4,-0.36558153545881816,0.23851265566138918,0.28465800339948705
7845,158,22,-0.6,0.4,-0.37313917101639366,0.235859993990381,0.28001388769124796
7846,158,23,-0.6,0.4,-0.37411875004423156,0.2386795488270954,0.27757274190418957
7847,158,24,-0.6,0.4,-0.35909611614939313,0.21618892501701764,0.3030201190361892
7848,158,25,-0.6,0.4,-0.3559109016525519,0.2082081767483244,0.310424856282921
7849,158,26,-0.6,0.4,-0.3615183175591072,0.21059300827926225,0.30454641907686003
7850,158,27,-0.6,0.4,-0.3660156954021462,0.2137684864755678,0.2990498811699179
7851,158,28,-0.6,0.4,-0.365581376362229,0.21233691871855115,0.3002824057188077
7852,158,29,-0.6,0.4,-0.36936243783023875,0.21114275724177975,0.29809519155103426
7853,158,30,-0.6,0.4,-0.3545484472057307,0.2089908541176696,0.3110160101663825
7854,158,31,-0.6,0.4,-0.3552541832247137,0.20582369363842262,0.31241791366889826
7855,158,32,-0.6,0.4,-0.34985242586166965,0.20448853798286612,0.31748785902356746
7856,158,33,-0.6,0.4,-0.35839675973437146,0.21116984694504287,0.30664140687390795
7857,158,34,-0.6,0.4,-0.421050375475559,0.2558857020389287,0.2297648776341825
7858,158,35,-0.6,0.4,-0.40794735356355843,0.25216687387783066,0.2423609955877679
7859,158,36,-0.6,0.4,-0.39629515154093103,0.24391830580027019,0.25662650009301496
7860,158,37,-0.6,0.4,-0.39482475817253904,0.24450216722104728,0.25744214079654526
7861,158,38,-0.6,0.4,-0.38780762106215455,0.23521494390695935,0.26866283775559424
7862,158,39,-0.6,0.4,-0.39064117416764144,0.2440982159524237,0.2610296615772257
7863,158,40,-0.6,0.4,-0.3898857683094083,0.2462736753209782,0.2603454882617474
7864,158,41,-0.6,0.4,-0.3748145297275203,0.22798265678773788,0.28336983323501996
7865,158,42,-0.6,0.4,-0.3773621843829107,0.23030044251842624,0.2799384517214293
7866,158,43,-0.6,0.4,-0.36915156926731724,0.22932759155744636,0.28708895655410377
7867,158,44,-0.6,0.4,-0.3508050787470174,0.2199962706460558,0.30740763061382875
7868,158,45,-0.6,0.4,-0.3585696611419322,0.21986258126952268,0.3012276516988451
7869,158,46,-0.6,0.4,-0.3670069580803813,0.22661331214865654,0.2904284784710625
7870,158,47,-0.6,0.4,-0.3689965400965364,0.23001688364001538,0.286804564703603
7871,158,48,-0.6,0.4,-0.37534947452047923,0.2343388666708936,0.2791262612046899
7872,159,0,-0.5,0.4,-0.1483917534351349,0.21521207690238953,0.39720893189245804
7873,159,1,-0.5,0.4,-0.1512378454208374,0.21318867206573486,0.3956431633571636
7874,159,2,-0.5,0.4,-0.15488708019256592,0.21053291141986846,0.3937012891432334
7875,159,3,-0.5,0.4,-0.1572978228330612,0.21447910910844803,0.3896957572160044
7876,159,4,-0.5,0.4,-0.1709391614794731,0.2225525521457195,0.3738564326019146
7877,159,5,-0.5,0.4,-0.1753577300608158,0.2127930129820108,0.3747519972189871
7878,159,6,-0.5,0.4,-0.1716441398948431,0.21017030265706774,0.37927942846759655
7879,159,7,-0.5,0.4,-0.16678644371658563,0.22053003431106205,0.37847158767261346
7880,159,8,-0.5,0.4,-0.16907327827653287,0.22111167097609455,0.3761828404002582
7881,159,9,-0.5,0.4,-0.1711237213987976,0.2152760556257253,0.3772035819710171
7882,159,10,-0.5,0.4,-0.17238348994505492,0.20821668472305332,0.37962273071985386
7883,159,11,-0.5,0.4,-0.1737064619034177,0.20919315553199025,0.37798773114933915
7884,159,12,-0.5,0.4,-0.1730968345620982,0.2108541669998918,0.3776795277939023
7885,159,13,-0.5,0.4,-0.170667424062205,0.21324158060431952,0.3786009149341776
7886,159,14,-0.5,0.4,-0.1739236394380717,0.21014924291289183,0.37731830446436176
7887,159,15,-0.5,0.4,-0.16963079133338052,0.20828629245819083,0.3819659143096864
7888,159,16,-0.5,0.4,-0.17289722702000956,0.2114355479411582,0.37756161970127533
7889,159,17,-0.5,0.4,-0.1748277983940253,0.21328039619451858,0.37496822684402553
7890,159,18,-0.5,0.4,-0.17408207747475568,0.2054203565636105,0.3795836269690826
7891,159,19,-0.5,0.4,-0.17445745056068285,0.20096914231808766,0.3815641935573199
7892,159,20,-0.5,0.4,-0.17514045575893689,0.19380789530299353,0.3847712405103746
7893,159,21,-0.5,0.4,-0.1717659193053418,0.19197299751058788,0.3886037126613657
7894,159,22,-0.5,0.4,-0.16929499362331643,0.2008575163353572,0.3860356590299979
7895,159,23,-0.5,0.4,-0.17343840438222297,0.20168594901247447,0.38206143295484746
7896,159,24,-0.5,0.4,-0.1734981626934487,0.20225429156560237,0.38171562054594455
7897,159,25,-0.5,0.4,-0.17158620093928523,0.20465391311443817,0.3821200296699887
7898,159,26,-0.5,0.4,-0.1698715853121551,0.20030241512634236,0.38582884234940423
7899,159,27,-0.5,0.4,-0.16725494237727626,0.20118911079927798,0.3876145547281881
7900,159,28,-0.5,0.4,-0.17946089248250616,0.21487686742002923,0.370156579928458
7901,159,29,-0.5,0.4,-0.1771389192171244,0.20685062752225608,0.3762259395268125
7902,159,30,-0.5,0.4,-0.17479830007544594,0.19916524203857805,0.3822181911411892
7903,159,31,-0.5,0.4,-0.1723663306688667,0.19459792225131112,0.38669604966027366
7904,159,32,-0.5,0.4,-0.17057459429093005,0.19180743916827542,0.38969890981661304
7905,159,33,-0.5,0.4,-0.16484177820515097,0.19634514070350595,0.39218150817161174
7906,159,34,-0.5,0.4,-0.16435137886645418,0.20461087139208184,0.3883772759148148
7907,159,35,-0.5,0.4,-0.1719353412507913,0.2157803624692693,0.3762489802938854
7908,159,36,-0.5,0.4,-0.16987884049050597,0.20944295077286104,0.38117183653314035
7909,159,37,-0.5,0.4,-0.16896455142004102,0.20396664216253516,0.38472528588795174
7910,159,38,-0.5,0.4,-0.1699844922341105,0.20210454694324087,0.3848023462850998
7911,159,39,-0.5,0.4,-0.16919551074525094,0.19836616647566702,0.38741168404271675
7912,159,40,-0.5,0.4,-0.16318126714243752,0.20298529657351713,0.3902071913355763
7913,159,41,-0.5,0.4,-0.16587523556957626,0.20454403703251894,0.3870948096593798
7914,159,42,-0.5,0.4,-0.17057797666437413,0.2113558467367052,0.37961228380936657
7915,159,43,-0.5,0.4,-0.17887249240510553,0.2165088719424736,0.3698538497973661
7916,159,44,-0.5,0.4,-0.17044600302440943,0.21726089878956395,0.37682809878482465
7917,159,45,-0.5,0.4,-0.17085640945160502,0.21408425534621814,0.3780213847248059
7918,159,46,-0.5,0.4,-0.16141661378430205,0.21344862913488505,0.38657486130495106
7919,159,47,-0.5,0.4,-0.1744213775881212,0.21251222515880475,0.37570348026937345
7920,159,48,-0.5,0.4,-0.17911095850285458,0.21826485710686033,0.36877830618861873
7921,159,49,-0.5,0.4,-0.1831366012775063,0.22134063285730193,0.3637603371971708
7922,160,0,-0.4,0.4,-0.209859699010849,0.042812637984752655,0.4046432325439983
7923,160,1,-0.4,0.4,-0.17758558094501495,0.04522393941879272,0.4187293003422223
7924,160,2,-0.4,0.4,-0.1872803422808647,0.044257636964321126,0.4144903878720891
7925,160,3,-0.4,0.4,-0.17009212544560431,0.06671106246113775,0.40489399435889806
7926,160,4,-0.4,0.4,-0.17176855385005474,0.05691546250283717,0.41206382136913877
7927,160,5,-0.4,0.4,-0.148292662409842,0.08735812340408562,0.4013745467741331
7928,160,6,-0.4,0.4,-0.1553247612670362,0.09590946429929137,0.3903037616418484
7929,160,7,-0.4,0.4,-0.18062802248882354,0.08777637313577234,0.38158571473447034
7930,160,8,-0.4,0.4,-0.18224689926287502,0.07417300277988999,0.39189238956390327
7931,160,9,-0.4,0.4,-0.16067303439882077,0.07267778991489234,0.40548394009981137
7932,160,10,-0.4,0.4,-0.17330372288460208,0.07460533966799612,0.39657645798831975
7933,160,11,-0.4,0.4,-0.16300998596593014,0.06702169947948083,0.40870382353166435
7934,160,12,-0.4,0.4,-0.1266838570711115,0.0702604082344792,0.42828718444895936
7935,160,13,-0.4,0.4,-0.14946900925973744,0.06154974813095482,0.4210871053731255
7936,160,14,-0.4,0.4,-0.14061303273198786,0.062229895198168614,0.4258758533731831
7937,160,15,-0.4,0.4,-0.14833467935274489,0.11684952082502403,0.3788266456751746
7938,160,16,-0.4,0.4,-0.13969654554451816,0.09417593585041453,0.4016045898821712
7939,160,17,-0.4,0.4,-0.1522471894823285,0.08799160196990868,0.3984102101612221
7940,160,18,-0.4,0.4,-0.16912300517180962,0.14194495849040914,0.3462608715829915
7941,160,19,-0.4,0.4,-0.17706551443550567,0.1189860700126433,0.3587040753892333
7942,160,20,-0.4,0.4,-0.1738888333609651,0.09446518113108084,0.3801023351942588
7943,160,21,-0.4,0.4,-0.15712214780446543,0.0802708539408855,0.40151759354579536
7944,160,22,-0.4,0.4,-0.16268221130785998,0.07050186282691245,0.40606496429790895
7945,160,23,-0.4,0.4,-0.1543435122924284,0.0788984603723667,0.4042935922124624
7946,160,24,-0.4,0.4,-0.10579785917699984,0.09458367873515161,0.42406842485592994
7947,160,25,-0.4,0.4,-0.11925209611803746,0.08131055180728267,0.4247144333825899
7948,160,26,-0.4,0.4,-0.12098106727108676,0.06805699481218934,0.433633166990599
7949,160,27,-0.4,0.4,-0.15823242653979583,0.06248129757299935,0.41517518478931453
7950,160,28,-0.4,0.4,-0.1797341566552878,0.08566430555222869,0.38382804815219007
7951,160,29,-0.4,0.4,-0.17724028755119564,0.084101122046579,0.38654105937468586
7952,160,30,-0.4,0.4,-0.19104457865381025,0.07856877421095804,0.3833802303486837
7953,160,31,-0.4,0.4,-0.2377079405303463,0.07692237091390673,0.36154925941397376
7954,160,32,-0.4,0.4,-0.2607016965290869,0.05949326641489931,0.3678978838844678
7955,160,33,-0.4,0.4,-0.2559479070880687,0.05572086449455129,0.37320119053492695
7956,160,34,-0.4,0.4,-0.26420802327246196,0.07419626477553085,0.35296959476672807
7957,160,35,-0.4,0.4,-0.2631526620842567,0.1077950631006116,0.3226622367786494
7958,160,36,-0.4,0.4,-0.2771504394372588,0.09980972797637065,0.3243550738744181
7959,160,37,-0.4,0.4,-0.24349684273324407,0.08500627461746747,0.3517304156094967
7960,160,38,-0.4,0.4,-0.24216234315023222,0.11096428432636252,0.329324112167325
7961,160,39,-0.4,0.4,-0.23120567242314197,0.09570208558441155,0.34797808226927235
7962,160,40,-0.4,0.4,-0.18638304052757068,0.08248735475838848,0.3826832701628998
7963,160,41,-0.4,0.4,-0.18390455369755415,0.07449977354020344,0.39070147086750534
7964,160,42,-0.4,0.4,-0.17886227038724573,0.12136053471830813,0.35572720878610176
7965,160,43,-0.4,0.4,-0.19101980395174367,0.1061063108379357,0.36061922143676106
7966,160,44,-0.4,0.4,-0.20991956042189835,0.09846375418447445,0.35644730473202546
7967,160,45,-0.4,0.4,-0.17576400133825942,0.08397975760618936,0.38749267954178307
7968,160,46,-0.4,0.4,-0.15112395991882008,0.07773853603545888,0.4071753117307806
7969,160,47,-0.4,0.4,-0.18019383387764518,0.08831192090591633,0.3813977049154439
7970,160,48,-0.4,0.4,-0.18563835388322825,0.08297352839645336,0.38269661485736517
7971,160,49,-0.4,0.4,-0.14232366540660568,0.08840665016964686,0.4043358864458951
7972,161,0,-0.3,0.4,-0.013392090797424316,0.2870660424232483,0.3080554696664538
7973,161,1,-0.3,0.4,-0.01547825038433075,0.2794270128011703,0.309015325261403
7974,161,2,-0.3,0.4,-0.016203951984643937,0.27749941021203994,0.30910611667764254
7975,161,3,-0.3,0.4,-0.023627126097679137,0.27367987224459644,0.3038729012353185
7976,161,4,-0.3,0.4,-0.02175739130973816,0.2825310845404863,0.3020230047363885
7977,161,5,-0.3,0.4,-0.021958481819629668,0.277525044824779,0.30382100071788587
7978,161,6,-0.3,0.4,-0.025413575977921484,0.2758510044637024,0.3013480999606673
7979,161,7,-0.3,0.4,-0.024879787487375734,0.2879227441545218,0.29707312670594144
7980,161,8,-0.3,0.4,-0.0302198498306787,0.2857587098476413,0.29297167405921165
7981,161,9,-0.3,0.4,-0.03880070678399813,0.2744749944982912,0.28979578634400976
7982,161,10,-0.3,0.4,-0.03780511615082391,0.27946772506878675,0.28857267094577155
7983,161,11,-0.3,0.4,-0.04042586503608363,0.27674490046235056,0.2873509197902476
7984,161,12,-0.3,0.4,-0.06753960125375127,0.2777068305235355,0.262666054688961
7985,161,13,-0.3,0.4,-0.05718743042061562,0.2893759063636138,0.26682510009108085
7986,161,14,-0.3,0.4,-0.055476677319773876,0.2951823508966378,0.2660420923427974
7987,161,15,-0.3,0.4,-0.045703902175981,0.2865643943707037,0.2784495322190509
7988,161,16,-0.3,0.4,-0.042936244886786476,0.2740312096230111,0.28626894756845
7989,161,17,-0.3,0.4,-0.03880516414559833,0.2687104437476739,0.2923348933294494
7990,161,18,-0.3,0.4,-0.028573896932620465,0.26098789181395776,0.3049532679750647
7991,161,19,-0.3,0.4,-0.024048219013823133,0.26529453182477836,0.30707482571150074
7992,161,20,-0.3,0.4,-0.00913073065085127,0.28795177428902546,0.3117045664354071
7993,161,21,-0.3,0.4,-0.015525265753686825,0.28871750714666594,0.3054663117925819
7994,161,22,-0.3,0.4,-0.019412835145288982,0.291486217753101,0.3008394887954907
7995,161,23,-0.3,0.4,-0.02047858155569036,0.2858104446760873,0.3019461506861642
7996,161,24,-0.3,0.4,-0.015309779959523871,0.29079247687880616,0.30491770118010664
7997,161,25,-0.3,0.4,-0.012484122199140923,0.303206916871042,0.3033715229371536
7998,161,26,-0.3,0.4,-0.017339976596460794,0.30547140872047307,0.2980475522459146
7999,161,27,-0.3,0.4,-0.07766035335991604,0.26115966970618737,0.26212889154790314
8000,161,28,-0.3,0.4,-0.07014458088987743,0.26602756276157813,0.26604910756079037
8001,161,29,-0.3,0.4,-0.06712554614980591,0.2714483271648399,0.26600008241491996
8002,161,30,-0.3,0.4,-0.060299383897261825,0.28423213376869144,0.26619275762458755
8003,161,31,-0.3,0.4,-0.04731994691895833,0.2886436362066722,0.27612940622525156
8004,161,32,-0.3,0.4,-0.04932149674877696,0.2882542665103276,0.27445732080857005
8005,161,33,-0.3,0.4,-0.04764373425115765,0.29148427930568055,0.27469864670308786
8006,161,34,-0.3,0.4,-0.04590314988224441,0.2864968776798852,0.2782951095800645
8007,161,35,-0.3,0.4,-0.03353764891376211,0.2945416003532832,0.286572257210031
8008,161,36,-0.3,0.4,-0.0631150851232318,0.28401838154070946,0.2637540496686452
8009,161,37,-0.3,0.4,-0.05419210701761201,0.2838682183358208,0.27186046230545863
8010,161,38,-0.3,0.4,-0.04959330995087115,0.28901870490244974,0.27389844519984047
8011,161,39,-0.3,0.4,-0.040455691292315736,0.2755825724084413,0.2878245029024639
8012,161,40,-0.3,0.4,-0.03326876706590355,0.28275098444178354,0.29136383144088784
8013,161,41,-0.3,0.4,-0.01523509718673498,0.28883344162313396,0.30569437936541366
8014,161,42,-0.3,0.4,-0.022555528142928574,0.27098819474543906,0.3059730067491086
8015,161,43,-0.3,0.4,-0.03941951110086406,0.2531850060037379,0.299093352746321
8016,161,44,-0.3,0.4,-0.037047958397717226,0.24777724734426765,0.30383472910267667
8017,161,45,-0.3,0.4,-0.035585450844661054,0.24277371341026682,0.3076282805592133
8018,161,46,-0.3,0.4,-0.028114370283173477,0.23692060531999468,0.3170436635791863
8019,161,47,-0.3,0.4,-0.018423996362766492,0.23542517240125,0.3261440168138512
8020,161,48,-0.3,0.4,-0.02173305677431485,0.2397174852162067,0.3211276634573602
8021,161,49,-0.3,0.4,-0.07444424518883588,0.20631241321053354,0.2973050282197748
8022,162,0,-0.2,0.4,0.22775313258171082,0.47871387004852295,0.4349351857133226
8023,162,1,-0.2,0.4,0.23241026997566222,0.481812098622322,0.440081652720735
8024,162,2,-0.2,0.4,0.2327243334054947,0.4890352043509482,0.44178910843868124
8025,162,3,-0.2,0.4,0.22068589252233503,0.49348396530747407,0.43094764407863123
8026,162,4,-0.2,0.4,0.23369754081368443,0.4988530310958623,0.4448207264333318
8027,162,5,-0.2,0.4,0.23772304264485833,0.5011849962750077,0.44926591850867764
8028,162,6,-0.2,0.4,0.23596718217378854,0.502823844964832,0.44792870752599134
8029,162,7,-0.2,0.4,0.23495703750662206,0.5025758075623422,0.44688859995932284
8030,162,8,-0.2,0.4,0.2454451637433821,0.5043377349313196,0.45750164680902167
8031,162,9,-0.2,0.4,0.2474436861154236,0.5022120017484095,0.458969656454514
8032,162,10,-0.2,0.4,0.2575354050908246,0.5028002596967107,0.46894193702988024
8033,162,11,-0.2,0.4,0.2617803384780517,0.5028875466138999,0.47310350691273834
8034,162,12,-0.2,0.4,0.25271759618756584,0.5047267553374783,0.46467291203745026
8035,162,13,-0.2,0.4,0.2563730769614993,0.5073216352875959,0.4688222677903752
8036,162,14,-0.2,0.4,0.17583345835729766,0.45833689628155544,0.38033403987622716
8037,162,15,-0.2,0.4,0.2017741225732071,0.47028991739628767,0.4078763514314692
8038,162,16,-0.2,0.4,0.21315629937260266,0.478213680907832,0.42049436095198217
8039,162,17,-0.2,0.4,0.23111204763855775,0.4893933923913265,0.44028260949342496
8040,162,18,-0.2,0.4,0.24184655668759708,0.4950800750962155,0.4519608393843298
8041,162,19,-0.2,0.4,0.23860791589515462,0.49538610875784156,0.4488601270216077
8042,162,20,-0.2,0.4,0.24023720508801874,0.496436779202274,0.4506759912915469
8043,162,21,-0.2,0.4,0.21119316439024163,0.4791787029811502,0.41874704231437565
8044,162,22,-0.2,0.4,0.22232542548710194,0.4874851895427835,0.4312915758535036
8045,162,23,-0.2,0.4,0.23321699678792415,0.49261229784680327,0.44300564784031055
8046,162,24,-0.2,0.4,0.2429691255681286,0.4917692987717692,0.4523751213358828
8047,162,25,-0.2,0.4,0.23253083531208818,0.4925085916139933,0.44231296953421717
8048,162,26,-0.2,0.4,0.22833194348120278,0.4934844145986216,0.43841486012592146
8049,162,27,-0.2,0.4,0.22410364954702566,0.49685366937209596,0.4350224578455067
8050,162,28,-0.2,0.4,0.2213463863365129,0.4982630927570919,0.43265276224361127
8051,162,29,-0.2,0.4,0.2294763025087707,0.49326180055198887,0.4394856742361508
8052,162,30,-0.2,0.4,0.22603422378597804,0.4930795127562728,0.4360836565750498
8053,162,31,-0.2,0.4,0.23386374396650694,0.4962519671607447,0.4444121842512284
8054,162,32,-0.2,0.4,0.23475041883983305,0.4998047954104247,0.4460593277450064
8055,162,33,-0.2,0.4,0.2293240957305696,0.5024978224817248,0.4413898308619791
8056,162,34,-0.2,0.4,0.2309445632489628,0.5016104224392108,0.4427616678780065
8057,162,35,-0.2,0.4,0.2357525512669955,0.5013117780434919,0.44737496834985
8058,162,36,-0.2,0.4,0.23461777166189074,0.5041921310726287,0.4469324418990003
8059,162,37,-0.2,0.4,0.23668007688684187,0.5015696228715218,0.4483367906386462
8060,162,38,-0.2,0.4,0.23651274686926646,0.4995013285498525,0.4477096074047752
8061,162,39,-0.2,0.4,0.24288358442099722,0.4986380295132094,0.4537348677541096
8062,162,40,-0.2,0.4,0.24174975461242876,0.5006422846835996,0.45306921675001904
8063,162,41,-0.2,0.4,0.23393414889310593,0.49872896219546614,0.4450238797545341
8064,162,42,-0.2,0.4,0.22920642924481982,0.498239601668502,0.44030577811456717
8065,162,43,-0.2,0.4,0.23364524784209378,0.4990049893774088,0.44480353966403163
8066,162,44,-0.2,0.4,0.17085954641069406,0.45625507499597934,0.3751019016570684
8067,162,45,-0.2,0.4,0.19121922022437854,0.4654606944926155,0.39665801491514874
8068,162,46,-0.2,0.4,0.20681259708042005,0.4743134395902654,0.41354440686225247
8069,162,47,-0.2,0.4,0.2210534530232801,0.47766033526636265,0.42815550676887415
8070,162,48,-0.2,0.4,0.22689813794149138,0.48680159649713806,0.4356334896818248
8071,162,49,-0.2,0.4,0.23111565108117682,0.4915297492446976,0.44072485702980746
8072,163,0,-0.1,0.4,-0.07955986261367798,0.20268569886684418,0.19837019092604974
8073,163,1,-0.1,0.4,-0.08159241154789924,0.20226262509822843,0.19859231794222476
8074,163,2,-0.1,0.4,-0.10333442889153957,0.19062408208847043,0.2094024675531029
8075,163,3,-0.1,0.4,-0.07683294928818941,0.20740585207939144,0.19398251996494134
8076,163,4,-0.1,0.4,-0.08294694216772913,0.1987717089653015,0.20194957760336144
8077,163,5,-0.1,0.4,-0.08615989972360431,0.19452370865344998,0.2059418720930569
8078,163,6,-0.1,0.4,-0.06763202466016262,0.20889070594549175,0.19383097817844502
8079,163,7,-0.1,0.4,-0.06615626724771334,0.21261944149899478,0.19041237341821263
8080,163,8,-0.1,0.4,-0.0425616682921665,0.23349489909884927,0.17613378601359111
8081,163,9,-0.1,0.4,-0.05278468350056528,0.23025063574050186,0.17619345271219808
8082,163,10,-0.1,0.4,-0.056496100163843266,0.230076419113219,0.17540414089279868
8083,163,11,-0.1,0.4,-0.056993669594794724,0.23033785796036138,0.17502796032748655
8084,163,12,-0.1,0.4,-0.06116111196858599,0.22394315434603757,0.18028996679000156
8085,163,13,-0.1,0.4,-0.04956684107530157,0.23261432174023194,0.17481838806489003
8086,163,14,-0.1,0.4,-0.052799359375870505,0.23172567512813547,0.17476884415252633
8087,163,15,-0.1,0.4,-0.04193200050815482,0.24281505900975403,0.1675678914323745
8088,163,16,-0.1,0.4,-0.04626301405645586,0.24218741417774992,0.1667107552085399
8089,163,17,-0.1,0.4,-0.07125563059719428,0.21848525059813861,0.18377661174041027
8090,163,18,-0.1,0.4,-0.07197324478755808,0.21895647463019907,0.18320004663226452
8091,163,19,-0.1,0.4,-0.06558261382968517,0.22530568233898635,0.17805241108685874
8092,163,20,-0.1,0.4,-0.061061902695634995,0.23020827138662286,0.17419932987013156
8093,163,21,-0.1,0.4,-0.0778147793785903,0.21340003614592515,0.18791415732818714
8094,163,22,-0.1,0.4,-0.05152947548859528,0.23338141146776648,0.17352563439124616
8095,163,23,-0.1,0.4,-0.05222853263897943,0.23035889538560606,0.17623909177199254
8096,163,24,-0.1,0.4,-0.049436601186576216,0.2335883922448159,0.17392377783164267
8097,163,25,-0.1,0.4,-0.05531137812072824,0.23286202479891782,0.17300917802182084
8098,163,26,-0.1,0.4,-0.06516014227821781,0.22405824612225056,0.1793580676848761
8099,163,27,-0.1,0.4,-0.057857072181384236,0.23160166229259443,0.17359155079594882
8100,163,28,-0.1,0.4,-0.057577509387151726,0.23090575218017925,0.17433454148718824
8101,163,29,-0.1,0.4,-0.07597285319633426,0.2080681920634828,0.19342989086825502
8102,163,30,-0.1,0.4,-0.04908753277348478,0.2269466519764051,0.1803871962786341
8103,163,31,-0.1,0.4,-0.056413917134611795,0.22259943041083113,0.18267651384376166
8104,163,32,-0.1,0.4,-0.07790569849142064,0.20624176906559694,0.19501387185013658
8105,163,33,-0.1,0.4,-0.07227904122203628,0.20642094138174927,0.1955538378326995
8106,163,34,-0.1,0.4,-0.06645980057409433,0.2150802749001659,0.18793682371618328
8107,163,35,-0.1,0.4,-0.06810653288268763,0.20429795149192947,0.198283849657551
8108,163,36,-0.1,0.4,-0.07110032941274447,0.20629914119102571,0.19584487142477355
8109,163,37,-0.1,0.4,-0.06655532026053292,0.2142630533375403,0.18872403121587067
8110,163,38,-0.1,0.4,-0.0625971679402647,0.22153843752529645,0.18233897314343217
8111,163,39,-0.1,0.4,-0.060582234055725756,0.2248208852449109,0.17955913376493626
8112,163,40,-0.1,0.4,-0.05105264032994669,0.23553874118003593,0.17159064564048002
8113,163,41,-0.1,0.4,-0.06367624383748047,0.22198628848802388,0.18168185585804447
8114,163,42,-0.1,0.4,-0.05958788389569849,0.22802062557347552,0.1766636475231004
8115,163,43,-0.1,0.4,-0.06516738738839259,0.2232036814922646,0.18019503083947386
8116,163,44,-0.1,0.4,-0.05893211046215992,0.22855310371361065,0.17629693643772767
8117,163,45,-0.1,0.4,-0.05971198514650236,0.22848654400894364,0.17618169520932553
8118,163,46,-0.1,0.4,-0.0687337762602665,0.21602827139807265,0.18660968268480685
8119,163,47,-0.1,0.4,-0.05514831990420307,0.22887783229031924,0.17690242929105246
8120,163,48,-0.1,0.4,-0.06518119380169748,0.21622829174772037,0.18704114525696194
8121,163,49,-0.1,0.4,-0.06334253227914916,0.2205511453255275,0.18315474709568733
8122,164,0,0.0,0.4,-0.19334667921066284,0.2213834673166275,0.26322386690727956
8123,164,1,0.0,0.4,-0.19523860216140745,0.22444818168878555,0.2625577130581275
8124,164,2,0.0,0.4,-0.19884136855602264,0.2303004555404186,0.2614112186556298
8125,164,3,0.0,0.4,-0.22017769593000408,0.22714973635971542,0.2799204019459125
8126,164,4,0.0,0.4,-0.22779233062863347,0.21887670510262247,0.29102404341859295
8127,164,5,0.0,0.4,-0.24152855538547036,0.21900317556932564,0.3018209626924223
8128,164,6,0.0,0.4,-0.22128218237811323,0.2106017265825718,0.29126879374818626
8129,164,7,0.0,0.4,-0.2156637954411685,0.22033838390076899,0.2806940843043858
8130,164,8,0.0,0.4,-0.19124828461691198,0.21493852656220713,0.26612714126875203
8131,164,9,0.0,0.4,-0.2138069091113321,0.20898298387522224,0.286706984276552
8132,164,10,0.0,0.4,-0.19631537124617282,0.20575184896942283,0.2761739835073546
8133,164,11,0.0,0.4,-0.18720322080028423,0.2030019371981364,0.2717596044773523
8134,164,12,0.0,0.4,-0.19186605572005766,0.2033031698557197,0.2747766844664593
8135,164,13,0.0,0.4,-0.1719991345356947,0.20657893931316545,0.2588347136653972
8136,164,14,0.0,0.4,-0.17668791963713687,0.20273169518324777,0.2648271229141275
8137,164,15,0.0,0.4,-0.18531448689937713,0.2066983123478207,0.26778163025861224
8138,164,16,0.0,0.4,-0.18605395986127937,0.20613190163173667,0.2687022804983039
8139,164,17,0.0,0.4,-0.1905098605497843,0.213617089791088,0.2665194105213382
8140,164,18,0.0,0.4,-0.19488988854894201,0.22060150740751833,0.2648884440723562
8141,164,19,0.0,0.4,-0.20402534481770207,0.21557437466329776,0.27502573081225673
8142,164,20,0.0,0.4,-0.20356357965688393,0.2180836822661013,0.2730049040229595
8143,164,21,0.0,0.4,-0.2081926317182614,0.2149835440765396,0.27852335784320387
8144,164,22,0.0,0.4,-0.21000029303801093,0.21504140191032517,0.2798388930855544
8145,164,23,0.0,0.4,-0.22282364329417964,0.21058322096792675,0.2924535727081772
8146,164,24,0.0,0.4,-0.2242287025104393,0.20731933587242635,0.29564226585209014
8147,164,25,0.0,0.4,-0.22984624283267063,0.21714531303857393,0.2937092642189826
8148,164,26,0.0,0.4,-0.22387766504016618,0.22555344695836543,0.2838182671568986
8149,164,27,0.0,0.4,-0.23102132742215165,0.21843586739394233,0.2938305429544095
8150,164,28,0.0,0.4,-0.22598736271486955,0.21827043358033116,0.289992971325001
8151,164,29,0.0,0.4,-0.23345274080493442,0.21469363256773996,0.29805810171890257
8152,164,30,0.0,0.4,-0.25170464460810893,0.223543170880647,0.3073959021525026
8153,164,31,0.0,0.4,-0.25680335066052884,0.23683145011858148,0.3042563665412435
8154,164,32,0.0,0.4,-0.2448183595233443,0.22532765424030224,0.30074317537210526
8155,164,33,0.0,0.4,-0.24083442085636633,0.2202203219040636,0.3005361058600113
8156,164,34,0.0,0.4,-0.2296520572459408,0.21643375073205257,0.2940010803850814
8157,164,35,0.0,0.4,-0.22802540174017305,0.21772439777882474,0.2919246118501478
8158,164,36,0.0,0.4,-0.24298259871823558,0.23578218668721224,0.2932712626376828
8159,164,37,0.0,0.4,-0.2569505947861679,0.24061775937691798,0.3023678335851872
8160,164,38,0.0,0.4,-0.26430250948901224,0.24470372711132793,0.3065497494621425
8161,164,39,0.0,0.4,-0.2684794815616277,0.23772372901596206,0.31371136438466063
8162,164,40,0.0,0.4,-0.24835186765248843,0.22424490720143223,0.30425072359998145
8163,164,41,0.0,0.4,-0.25757915075578974,0.22733798155265264,0.31009545549457185
8164,164,42,0.0,0.4,-0.2618345996456452,0.2317752239143257,0.3112184648453086
8165,164,43,0.0,0.4,-0.26053219700872654,0.2315479872549358,0.3102468473265396
8166,164,44,0.0,0.4,-0.23833181327098438,0.22058454558723647,0.2983151999130681
8167,164,45,0.0,0.4,-0.2454837034728098,0.22797300203473803,0.2997591311364287
8168,164,46,0.0,0.4,-0.23618876530827854,0.2211464707919161,0.29626629536286436
8169,164,47,0.0,0.4,-0.22739275709660095,0.218124254088376,0.2911807907999829
8170,164,48,0.0,0.4,-0.23085859309742718,0.21360972124193292,0.29671034026881066
8171,165,0,0.1,0.4,-0.0038290023803710938,0.13719159364700317,0.28257515847134373
8172,165,1,0.1,0.4,-0.002009809762239456,0.13970468938350677,0.2795704741503741
8173,165,2,0.1,0.4,-0.0015781057626008984,0.1408922329545021,0.27830728792761095
8174,165,3,0.1,0.4,-0.006119087256491184,0.1359845562279224,0.28454422368116683
8175,165,4,0.1,0.4,-0.00421505639180541,0.1386900553554296,0.2813248391964272
8176,165,5,0.1,0.4,-0.0032969758258014916,0.14128285712152716,0.2785764261992683
8177,165,6,0.1,0.4,-0.0005988420786485072,0.14395785079702733,0.2750958182089328
8178,165,7,0.1,0.4,0.0003124132286094132,0.1458081197978407,0.2730405224815768
8179,165,8,0.1,0.4,-0.00022095720753990096,0.14650670881757585,0.2725859294572866
8180,165,9,0.1,0.4,0.0014406184698130117,0.1472591051159562,0.27127829185985425
8181,165,10,0.1,0.4,0.003574173722812513,0.1482926261513216,0.26954506492057445
8182,165,11,0.1,0.4,0.0011429614095929122,0.14688137436530468,0.27173839022497775
8183,165,12,0.1,0.4,0.002257833469741543,0.14802245681718026,0.2702706298998812
8184,165,13,0.1,0.4,0.001801888607127567,0.14648518929545604,0.27186877041633106
8185,165,14,0.1,0.4,0.0013351285939695136,0.14515854794547126,0.2732744454478487
8186,165,15,0.1,0.4,0.006391381088862537,0.14892566020424777,0.2679568951124852
8187,165,16,0.1,0.4,0.005195752560872636,0.1475948201675706,0.26962236579842613
8188,165,17,0.1,0.4,0.0031980531124722574,0.14545241146700036,0.2723326857892402
8189,165,18,0.1,0.4,-0.0005458332900289565,0.14288232281398291,0.2760778232917653
8190,165,19,0.1,0.4,0.0034315887627145935,0.1441383459986653,0.273478781694654
8191,165,20,0.1,0.4,-0.010555000357230613,0.13114686252424956,0.2906964355380747
8192,165,21,0.1,0.4,-0.009626193470438398,0.1343331303122132,0.2873965691244861
8193,165,22,0.1,0.4,-0.007826842902775659,0.13597950251358173,0.28519020169591325
8194,165,23,0.1,0.4,-0.00815353356507742,0.13779095945775702,0.28363844549830686
8195,165,24,0.1,0.4,-0.008535956779073938,0.13825194732958213,0.28335860140589497
8196,165,25,0.1,0.4,-0.005442563501264538,0.14099677639831992,0.27964406668795977
8197,165,26,0.1,0.4,-0.0023300353835881945,0.14270316875319605,0.2768990709830077
8198,165,27,0.1,0.4,-0.0042567129339379905,0.1407321003222331,0.27944463851559254
8199,165,28,0.1,0.4,-0.010929408387235998,0.13375811378168118,0.28842689822939616
8200,165,29,0.1,0.4,-0.008801608931148588,0.13590084979936418,0.28563289593935887
8201,165,30,0.1,0.4,-0.014230198915588037,0.1307589471737887,0.2924709949230206
8202,165,31,0.1,0.4,-0.012281749600222729,0.131043125418846,0.2914532409800065
8203,165,32,0.1,0.4,-0.012087331854140475,0.130920846720156,0.2914912703529524
8204,165,33,0.1,0.4,-0.015805320094014207,0.1267638706880131,0.29676397106703156
8205,165,34,0.1,0.4,-0.015523655394702653,0.12806096748532086,0.2954598997508355
8206,165,35,0.1,0.4,-0.012576569841298114,0.13122385495121142,0.29140024060477393
8207,165,36,0.1,0.4,-0.010802358695064837,0.13179679788401127,0.29018980050590976
8208,165,37,0.1,0.4,-0.009843925973511136,0.13306414886390447,0.28865279609770966
8209,165,38,0.1,0.4,-0.00845023032378701,0.13479645861042236,0.2865211524876582
8210,165,39,0.1,0.4,-0.01125275157835169,0.13109799990054852,0.29100766380155674
8211,165,40,0.1,0.4,-0.0136488700316574,0.12899246204195242,0.2938726787055156
8212,165,41,0.1,0.4,-0.010544135256047851,0.13304460666386758,0.28893803465580054
8213,165,42,0.1,0.4,-0.01375358189980692,0.1307175426211549,0.29232331286954455
8214,165,43,0.1,0.4,-0.00988229036418949,0.13407728304153832,0.2877307928085734
8215,165,44,0.1,0.4,-0.006970622704047442,0.13689368675927624,0.28402050311345045
8216,165,45,0.1,0.4,-0.005924340706003642,0.1388946423684181,0.2817729116468044
8217,165,46,0.1,0.4,-0.002484366183134968,0.1407806480753655,0.278743103455828
8218,165,47,0.1,0.4,-0.00380024566675935,0.1416715242842599,0.2784027520806814
8219,165,48,0.1,0.4,-0.0017892329950928653,0.143362080143475,0.2760870693495323
8220,166,0,0.2,0.4,0.03273326903581619,0.1810435652732849,0.2755359860266512
8221,166,1,0.2,0.4,0.034488598257303237,0.1846985578536987,0.27156718339502933
8222,166,2,0.2,0.4,0.02886021666228771,0.18343901753425595,0.27602080459162387
8223,166,3,0.2,0.4,0.024860605575144287,0.18309696400165557,0.27878438712525544
8224,166,4,0.2,0.4,0.025233461692184204,0.18519525496959682,0.27691952152145893
8225,166,5,0.2,0.4,0.021749522749558086,0.1821408975934982,0.2814885808365536
8226,166,6,0.2,0.4,0.02630809225120395,0.18319709014606472,0.27779917303431606
8227,166,7,0.2,0.4,0.02290146469309702,0.17732021101512907,0.2845174504844949
8228,166,8,0.2,0.4,0.02600606673423789,0.17785241079071043,0.2821762573371292
8229,166,9,0.2,0.4,0.02919704790338913,0.18075869043883894,0.27792157214403135
8230,166,10,0.2,0.4,0.024201656160727416,0.1824601614689037,0.2796938309022324
8231,166,11,0.2,0.4,0.010659338627837788,0.17291598488396837,0.2956637210921656
8232,166,12,0.2,0.4,0.021893321341482683,0.18246772317741813,0.2811445899219559
8233,166,13,0.2,0.4,0.035415613607908805,0.1897759934272185,0.2669871779385184
8234,166,14,0.2,0.4,0.032361567288082704,0.18563993175864918,0.2721265936628477
8235,166,15,0.2,0.4,-0.012102162650615669,0.15744723086584103,0.32220982793160863
8236,166,16,0.2,0.4,0.008668941688563936,0.16924571487824064,0.2997584260310765
8237,166,17,0.2,0.4,0.016931936594266252,0.17461498474542259,0.2903658398304316
8238,166,18,0.2,0.4,0.020939670817745715,0.1780549032174028,0.285170523499
8239,166,19,0.2,0.4,0.02613775156109044,0.18692274986482996,0.2750090834088921
8240,166,20,0.2,0.4,0.027919367258925798,0.191334436527333,0.2704682264960786
8241,166,21,0.2,0.4,0.02979751026990582,0.19626615756154947,0.2654738519422548
8242,166,22,0.2,0.4,0.029904199316638694,0.1966551499503913,0.2651069773729308
8243,166,23,0.2,0.4,0.03352003010330259,0.19256809054381088,0.26597664829350326
8244,166,24,0.2,0.4,0.03821350409142535,0.1930295655031652,0.26270064905550544
8245,166,25,0.2,0.4,0.03884199998266153,0.19151053281920705,0.26351424799224693
8246,166,26,0.2,0.4,0.048306442737983235,0.19502500312137888,0.25500134246743783
8247,166,27,0.2,0.4,0.04746431853203435,0.19698764961586196,0.25393138547526717
8248,166,28,0.2,0.4,0.04455729794581653,0.19774275230505128,0.2550890586972352
8249,166,29,0.2,0.4,0.046484880203564415,0.20407006338235378,0.24890848131212573
8250,166,30,0.2,0.4,0.0366102315864877,0.19504747824368524,0.2621101917066444
8251,166,31,0.2,0.4,0.03380102197501473,0.1931720254376367,0.26532981618755014
8252,166,32,0.2,0.4,0.04082471401613343,0.19373025489731477,0.26054554191690266
8253,166,33,0.2,0.4,0.04062368164246253,0.19176612988132924,0.2622253906809991
8254,166,34,0.2,0.4,0.04023447243223071,0.19326926158381583,0.2612711656595661
8255,166,35,0.2,0.4,0.04587131018931305,0.1961157219664172,0.2555864860512665
8256,166,36,0.2,0.4,0.04799893888678397,0.1997290405570607,0.2514215181239249
8257,166,37,0.2,0.4,0.04252051239204775,0.19698690643483383,0.2569321022685996
8258,166,38,0.2,0.4,0.03673777130737562,0.1960521274745642,0.26124565072998673
8259,166,39,0.2,0.4,0.03738752482579411,0.19445638495267678,0.26208966932903693
8260,166,40,0.2,0.4,0.03686893393369896,0.19301160371608408,0.2635449504583901
8261,166,41,0.2,0.4,0.037909929323600405,0.1916616950175644,0.2639659832910949
8262,166,42,0.2,0.4,0.03771765386848119,0.19063964094907407,0.2648911470923155
8263,166,43,0.2,0.4,0.0430457082793308,0.1948277282151903,0.2583221066786131
8264,166,44,0.2,0.4,0.043117347477240844,0.1980727473103332,0.2557083925908052
8265,166,45,0.2,0.4,0.04174656786804839,0.19925721947772593,0.25562044658703675
8266,166,46,0.2,0.4,0.02809281754294843,0.19187339916920962,0.2699421444563653
8267,166,47,0.2,0.4,0.03360219523767498,0.19595906578071326,0.2632886861731817
8268,166,48,0.2,0.4,0.03662635840795345,0.1946308434982815,0.2624260604613685
8269,166,49,0.2,0.4,0.03272216489389871,0.18954765147823124,0.26883464270088414
8270,167,0,0.3,0.4,0.03647775202989578,0.37883785367012024,0.26437059521154077
8271,167,1,0.3,0.4,0.01824626326560974,0.3732796728610992,0.28301792177563945
8272,167,2,0.3,0.4,0.010752094164490699,0.37353681266307825,0.2904559369581842
8273,167,3,0.3,0.4,0.010226994417607783,0.3680284978747367,0.2915314249140199
8274,167,4,0.3,0.4,0.005077356610447167,0.3720104856550693,0.29624783289865
8275,167,5,0.3,0.4,0.004265119418129324,0.38057877960622305,0.2963719004803879
8276,167,6,0.3,0.4,-0.0013880577194318178,0.38351741870218514,0.30183842833895524
8277,167,7,0.3,0.4,0.007102579866316169,0.3896616340476453,0.2930798193863448
8278,167,8,0.3,0.4,0.0017595476867023853,0.38434590881652886,0.29865099692922636
8279,167,9,0.3,0.4,0.00205088477560725,0.378952445486298,0.2986916048602734
8280,167,10,0.3,0.4,0.011721604812743189,0.3776591105554278,0.2891427821560047
8281,167,11,0.3,0.4,0.012926747773112202,0.37691022041496064,0.2880003299744777
8282,167,12,0.3,0.4,0.006934710231239536,0.3781145022127976,0.29388133503276653
8283,167,13,0.3,0.4,0.013254475117495116,0.38514810940322924,0.2871298916769929
8284,167,14,0.3,0.4,-0.001251213064254006,0.3865866402634815,0.3015496834554893
8285,167,15,0.3,0.4,-0.00602879958085465,0.3796089706713145,0.30670738538545533
8286,167,16,0.3,0.4,-0.02666729873133275,0.3744721077408323,0.3276632377054549
8287,167,17,0.3,0.4,-0.026693434628335642,0.3688073549437672,0.3281791908925103
8288,167,18,0.3,0.4,-0.021117110578955815,0.36730105932928175,0.3227776625288133
8289,167,19,0.3,0.4,-0.02492701502652876,0.3631284503088786,0.3270123488045595
8290,167,20,0.3,0.4,-0.02099246178476352,0.3604417093160227,0.32342080774817333
8291,167,21,0.3,0.4,-0.011631001294511922,0.3655483328594498,0.3135295812783594
8292,167,22,0.3,0.4,-0.02041254228115167,0.36494952363824973,0.3223239568264457
8293,167,23,0.3,0.4,-0.010996549080134034,0.3645474786176214,0.31301075830092523
8294,167,24,0.3,0.4,-0.012377326066518247,0.36342377088762823,0.31451138989955285
8295,167,25,0.3,0.4,-0.012218871029870801,0.36521952584990114,0.31415013100311256
8296,167,26,0.3,0.4,-0.01031184588259455,0.3623487866414167,0.31258767660040065
8297,167,27,0.3,0.4,-0.006297717750769828,0.3512688429698153,0.31014999204389926
8298,167,28,0.3,0.4,-0.004198245761286598,0.34012191753400983,0.3100354132741098
8299,167,29,0.3,0.4,-0.008010696287198828,0.3472084858275407,0.3125020527867713
8300,167,30,0.3,0.4,-0.0236756039318152,0.28530181405741645,0.3433971031315564
8301,167,31,0.3,0.4,-0.018822854668865144,0.3094182140674101,0.33144090363433093
8302,167,32,0.3,0.4,-0.044781745610315275,0.3220974950921669,0.3534731282247791
8303,167,33,0.3,0.4,-0.033230436639363634,0.3419542863222454,0.33824817631322246
8304,167,34,0.3,0.4,-0.036676956298413416,0.3520423529522365,0.34007544576567367
8305,167,35,0.3,0.4,-0.03167566076688347,0.35023094818827727,0.33538888243856074
8306,167,36,0.3,0.4,-0.023202278127676886,0.35718991681025475,0.32602517664995306
8307,167,37,0.3,0.4,-0.031424607621912806,0.344517768689595,0.33603652856277416
8308,167,38,0.3,0.4,-0.028244441053369894,0.354217726874373,0.3314218303235149
8309,167,39,0.3,0.4,-0.020539105644593113,0.3660810780739934,0.32232873206100965
8310,167,40,0.3,0.4,-0.017866145568627746,0.3591089203508005,0.32048551744740855
8311,167,41,0.3,0.4,-0.01648560372320517,0.35417383593180907,0.3197861389698534
8312,167,42,0.3,0.4,-0.02228307048608256,0.35001795964739113,0.32613583348008096
8313,167,43,0.3,0.4,-0.01577227946709171,0.356176652849823,0.3187987111568803
8314,167,44,0.3,0.4,-0.009024698740377052,0.36396565123277586,0.31111852841426646
8315,167,45,0.3,0.4,0.0001474068122170203,0.3606746729087271,0.30242033495165904
8316,167,46,0.3,0.4,-0.009498547947412403,0.3626679942121115,0.31174192826391456
8317,167,47,0.3,0.4,-0.012297435234192976,0.3699922169821465,0.31373580461194017
8318,167,48,0.3,0.4,-0.009812547804060358,0.3753746622705363,0.3107896749171911
8319,168,0,0.4,0.4,-0.05777876451611519,0.3960840404033661,0.45779551328236423
8320,168,1,0.4,0.4,-0.035839824751019475,0.43233635723590846,0.437037747612592
8321,168,2,0.4,0.4,-0.01458290737122297,0.462070263326168,0.4192036553678366
8322,168,3,0.4,0.4,0.012733727794140578,0.48412686172127717,0.3962984916086531
8323,168,4,0.4,0.4,-7.111508771777061e-06,0.48460050531327714,0.4088556404855543
8324,168,5,0.4,0.4,0.026887482081465422,0.5005543676581978,0.38642480754041764
8325,168,6,0.4,0.4,0.015676907298196104,0.49937499595651025,0.3969630076030206
8326,168,7,0.4,0.4,0.005437234906415266,0.49793696227747497,0.40653588301456844
8327,168,8,0.4,0.4,-0.005666204757847303,0.4946160751199206,0.4165540437371052
8328,168,9,0.4,0.4,0.0010200732179974125,0.5002153879732725,0.41137343857085096
8329,168,10,0.4,0.4,-0.0060608097404294976,0.4981060700050578,0.41774415876094617
8330,168,11,0.4,0.4,-0.013598034748736783,0.49439112777532235,0.42423227052018864
8331,168,12,0.4,0.4,-0.011468241590770716,0.4977467010867075,0.42291906011805025
8332,168,13,0.4,0.4,-0.014034419740198895,0.49485424412449525,0.424760907285537
8333,168,14,0.4,0.4,-0.013342168569039494,0.4936907368621451,0.4238274442401388
8334,168,15,0.4,0.4,-0.003339418667187127,0.5005774313613629,0.41569039723096096
8335,168,16,0.4,0.4,-0.004365271556716047,0.4963991542740066,0.41569708897931973
8336,168,17,0.4,0.4,-0.0009600444235787963,0.49165758391801306,0.4113028931503472
8337,168,18,0.4,0.4,0.005120686539126404,0.4989335857869054,0.407084176302624
8338,168,19,0.4,0.4,0.0026441204485089355,0.49995394211298283,0.40973465262052783
8339,168,20,0.4,0.4,-0.008001307491883283,0.49303037785391246,0.41847307932378164
8340,168,21,0.4,0.4,-3.884970257406629e-05,0.49700893167684634,0.4116331061715538
8341,168,22,0.4,0.4,-0.001129958206184781,0.49699009004057554,0.41268913353343156
8342,168,23,0.4,0.4,-0.00850658413930501,0.49205614705855416,0.4187504788014328
8343,168,24,0.4,0.4,0.005273857881480101,0.5038702717024319,0.4081638894063352
8344,168,25,0.4,0.4,0.010293329923249831,0.5108211737293763,0.4051575264623201
8345,168,26,0.4,0.4,0.007510870315858012,0.5108621012164288,0.40784570906941875
8346,168,27,0.4,0.4,0.018905339124560157,0.5185296996131732,0.3991020298597285
8347,168,28,0.4,0.4,0.008505666740667678,0.49849323576556004,0.4036938573544802
8348,168,29,0.4,0.4,-0.012315064031330446,0.48912853203322937,0.42183836626077353
8349,168,30,0.4,0.4,-0.011724799425317237,0.491431789015477,0.42175476583482546
8350,168,31,0.4,0.4,-0.01408190919522382,0.4906365806761598,0.42388538224315736
8351,168,32,0.4,0.4,-0.02916174680486079,0.4841990485223383,0.4373434402076548
8352,168,33,0.4,0.4,-0.02019887850032577,0.4844672958158031,0.42860450482392964
8353,168,34,0.4,0.4,-0.01630089436712295,0.49276979725279435,0.42651221545600665
8354,168,35,0.4,0.4,-0.027702850881414623,0.485705174729254,0.4362053480041958
8355,168,36,0.4,0.4,-0.026874916204053072,0.4801686191633525,0.43433765849023037
8356,168,37,0.4,0.4,-0.051974316948420335,0.4666024862580128,0.4568552006453904
8357,168,38,0.4,0.4,-0.05296240087314106,0.4601574116147398,0.45693965769775924
8358,168,39,0.4,0.4,-0.0382986544089969,0.47168519211190807,0.4441221422366357
8359,168,40,0.4,0.4,-0.04876647491874488,0.4689605978992035,0.4540340439588337
8360,168,41,0.4,0.4,-0.05154227634008263,0.4679486317939078,0.4566261533082042
8361,168,42,0.4,0.4,-0.044228296417145666,0.4745878541921139,0.45044658654568964
8362,168,43,0.4,0.4,-0.035951097837789964,0.480280718715806,0.4432813480212095
8363,168,44,0.4,0.4,-0.04018937997241107,0.475843265710546,0.44667537562992676
8364,168,45,0.4,0.4,-0.0615256032998711,0.4645534053850089,0.46601826643181204
8365,168,46,0.4,0.4,-0.039740952716146416,0.47596177327489253,0.4462536235088409
8366,168,47,0.4,0.4,-0.021218888219309007,0.49109140840668253,0.4309559101326072
8367,168,48,0.4,0.4,-0.013156708905377493,0.49773783947278205,0.4245599502759654
8368,168,49,0.4,0.4,-0.006866507262483192,0.5017027658787807,0.4193850346869406
8369,169,0,0.5,0.4,0.06452331691980362,0.7575150728225708,0.5634331981715827
8370,169,1,0.5,0.4,0.05369528383016586,0.7383527994155883,0.5600629576644054
8371,169,2,0.5,0.4,0.04781609624624252,0.7169664669036864,0.5522119375343068
8372,169,3,0.5,0.4,0.04824199125170708,0.7133939383029937,0.5498191148307626
8373,169,4,0.5,0.4,0.054085332319140436,0.7157353423357009,0.5463777971813767
8374,169,5,0.5,0.4,0.0599480211392045,0.7257746819281577,0.5475170202694107
8375,169,6,0.5,0.4,0.06405427706822753,0.7349436595575809,0.549759882512657
8376,169,7,0.5,0.4,0.06428325605203211,0.7315001587247609,0.5474864712403044
8377,169,8,0.5,0.4,0.06500399785505384,0.7361465642971825,0.5497417889981494
8378,169,9,0.5,0.4,0.06512588211980119,0.7300659264212968,0.5459478126949773
8379,169,10,0.5,0.4,0.06436027476549802,0.721510024027058,0.5414338978603683
8380,169,11,0.5,0.4,0.06292617393088798,0.7102087416343092,0.5359692088366962
8381,169,12,0.5,0.4,0.06753740286615215,0.7053710296416819,0.5294103924784379
8382,169,13,0.5,0.4,0.0774485546156834,0.7225448004668134,0.531587125788945
8383,169,14,0.5,0.4,0.0769558863802303,0.6724150080070519,0.5031662336204793
8384,169,15,0.5,0.4,0.07649352444951578,0.6912200678398148,0.5139716555860052
8385,169,16,0.5,0.4,0.07163884670159609,0.7008855263697062,0.5234743333095844
8386,169,17,0.5,0.4,0.07615500665143106,0.7144942705049979,0.5277795226864331
8387,169,18,0.5,0.4,0.07334711833302658,0.7142219600032178,0.5298755717930355
8388,169,19,0.5,0.4,0.07212559882256525,0.698734400656351,0.5218416860681576
8389,169,20,0.5,0.4,0.061070489907435535,0.6843643412893712,0.5229934927195907
8390,169,21,0.5,0.4,0.06232058616173304,0.6913306750986963,0.5257726044130401
8391,169,22,0.5,0.4,0.06051786793454911,0.6925916161829027,0.5279719673101191
8392,169,23,0.5,0.4,0.06587207180489199,0.7086185277189467,0.5326466499381998
8393,169,24,0.5,0.4,0.07205782511393594,0.7234181148290592,0.5364082233204457
8394,169,25,0.5,0.4,0.06793711706988272,0.7274200248455971,0.5421090365192003
8395,169,26,0.5,0.4,0.06853073351079801,0.7256829926784016,0.5405877723780753
8396,169,27,0.5,0.4,0.04017392281439111,0.720883871375583,0.5607196092245099
8397,169,28,0.5,0.4,0.04342806452137573,0.7081826028042472,0.5508488440015985
8398,169,29,0.5,0.4,0.03998621557688355,0.7147514311243499,0.5573877871411463
8399,169,30,0.5,0.4,0.050504069061825155,0.7279113115309261,0.5563923257557644
8400,169,31,0.5,0.4,0.057106169186258944,0.7245974190043417,0.5491069383982967
8401,169,32,0.5,0.4,0.06282318307514712,0.7259626917943264,0.545321231659239
8402,169,33,0.5,0.4,0.05814038610944158,0.702783526284837,0.5356470686720818
8403,169,34,0.5,0.4,0.06452171109658782,0.7171626517299217,0.5387332250368445
8404,169,35,0.5,0.4,0.06847597903787705,0.7277219415094833,0.541862207220677
8405,169,36,0.5,0.4,0.06714401342218845,0.7269304359227882,0.5424461402286082
8406,169,37,0.5,0.4,0.06398921274564674,0.7247768198439802,0.5436776520238166
8407,169,38,0.5,0.4,0.06880494077399778,0.7350547898304987,0.5460685774600798
8408,169,39,0.5,0.4,0.029030396626162375,0.7089813045605788,0.5632777413231124
8409,169,40,0.5,0.4,0.03561078097426642,0.7100775862099069,0.5583954299751145
8410,169,41,0.5,0.4,0.042655853035078684,0.704149706865642,0.5492455852799616
8411,169,42,0.5,0.4,0.06837679875037905,0.7326519018349106,0.5449365794763219
8412,169,43,0.5,0.4,0.06807438286641523,0.7251219717816451,0.5406144978368717
8413,169,44,0.5,0.4,0.07125618012497326,0.7263636030464526,0.5388269336943838
8414,169,45,0.5,0.4,0.07977325410867382,0.7324630525108585,0.5358378479048033
8415,169,46,0.5,0.4,0.07627811689036343,0.7137280041453726,0.5272243306326211
8416,169,47,0.5,0.4,0.07972549186348991,0.7228926851485412,0.5299908945555767
8417,169,48,0.5,0.4,0.08952151959478907,0.7450300697380272,0.5362260082271272
8418,170,0,0.6,0.4,-0.005189221352338791,0.43515831232070923,0.6062096176788113
8419,170,1,0.6,0.4,0.021700457111001013,0.4094199150800705,0.5783762582486776
8420,170,2,0.6,0.4,0.02703207831829786,0.43039277166128154,0.5737734394737211
8421,170,3,0.6,0.4,0.03894605930522084,0.4177247790396213,0.5613338508954756
8422,170,4,0.6,0.4,0.0513492630135268,0.4291205222934484,0.5494230028078942
8423,170,5,0.6,0.4,0.033783858577199274,0.362549061166346,0.5674533387224426
8424,170,6,0.6,0.4,0.03754478558088466,0.3845877997189462,0.5626663346467036
8425,170,7,0.6,0.4,0.06561010683506316,0.3405123493549019,0.5376907461507087
8426,170,8,0.6,0.4,0.06993587859919378,0.33583576172925556,0.5339335373145926
8427,170,9,0.6,0.4,0.08495171227967238,0.2939861509525405,0.5258456759102417
8428,170,10,0.6,0.4,0.0658465546989525,0.36180362158283974,0.5355173820252392
8429,170,11,0.6,0.4,0.06864043755698793,0.37128801084842056,0.5321347225286748
8430,170,12,0.6,0.4,0.08106310072896893,0.4021752452462915,0.5189414582753181
8431,170,13,0.6,0.4,0.0892139892513614,0.35218062231212877,0.5130195334087813
8432,170,14,0.6,0.4,0.08447044909144866,0.3336468106556834,0.5197821308934498
8433,170,15,0.6,0.4,0.0875956723998169,0.31581482154470986,0.5192738576271145
8434,170,16,0.6,0.4,0.07983204940330246,0.3247165729963741,0.525587567594001
8435,170,17,0.6,0.4,0.08904463428815088,0.37910518996464937,0.5113824193655301
8436,170,18,0.6,0.4,0.07590287740023847,0.39073213405195284,0.5241790602996083
8437,170,19,0.6,0.4,0.012897215987189022,0.38251113818832616,0.5873632089968363
8438,170,20,0.6,0.4,0.03126176013892927,0.4000067765387283,0.5687382399014421
8439,170,21,0.6,0.4,0.03357908273778584,0.3130931624184718,0.5730492596021656
8440,170,22,0.6,0.4,0.043618329132890286,0.34720098851993375,0.5588812926643268
8441,170,23,0.6,0.4,0.05011243093580693,0.3648044518154093,0.5510127632127422
8442,170,24,0.6,0.4,0.05692129982510688,0.3737432694499552,0.5437130589592539
8443,170,25,0.6,0.4,0.061703699649370086,0.36405236673806124,0.5394952634716179
8444,170,26,0.6,0.4,0.05834231200287487,0.37322498169261026,0.5423190505336798
8445,170,27,0.6,0.4,0.07022160212922912,0.3866877105305837,0.5299456273066496
8446,170,28,0.6,0.4,0.06859140042970752,0.37958343749534806,0.5318006541193474
8447,170,29,0.6,0.4,0.0669539075211398,0.3845365777383666,0.5332703386979469
8448,170,30,0.6,0.4,0.061794693348904306,0.3816512857217882,0.5385179917357111
8449,170,31,0.6,0.4,0.06811103553043792,0.3128753998912876,0.5389773339098834
8450,170,32,0.6,0.4,0.046513382408290026,0.33367064389847256,0.5574468757953129
8451,170,33,0.6,0.4,0.05498594534326418,0.35626576995138104,0.546765948694065
8452,170,34,0.6,0.4,0.06687960296223736,0.393782466239717,0.5331566518986347
8453,170,35,0.6,0.4,0.08115918451095742,0.34215308101066993,0.5220556080092358
8454,170,36,0.6,0.4,0.07866376374643629,0.33376311967534156,0.5255271596655826
8455,170,37,0.6,0.4,0.0721432674838812,0.34660499192112315,0.530550428282116
8456,170,38,0.6,0.4,0.07149041679894899,0.37065381534679276,0.5293236987789691
8457,170,39,0.6,0.4,0.07778712974168045,0.34198797255206587,0.5254252346357684
8458,170,40,0.6,0.4,0.06703245099707472,0.35994813200447895,0.5344703550433048
8459,170,41,0.6,0.4,0.06682227024860005,0.3521045560601329,0.5353246352009722
8460,170,42,0.6,0.4,0.07140389833449098,0.36988522017738046,0.5294532450176672
8461,170,43,0.6,0.4,0.06348311605571848,0.3634941735199945,0.5377574194042049
8462,170,44,0.6,0.4,0.06485087143146394,0.371327157897979,0.5359167115157643
8463,170,45,0.6,0.4,0.05821748998497305,0.3123017030539721,0.5488344736306353
8464,170,46,0.6,0.4,0.062067688740432905,0.2858501756497052,0.5499103144115983
8465,170,47,0.6,0.4,0.033947472762066576,0.33698225905651635,0.5695495582177826
8466,170,48,0.6,0.4,0.02971421007682772,0.36353745781489555,0.5714502595772418
8467,170,49,0.6,0.4,0.03987520289479617,0.3586059938487991,0.5616522519116178
8468,171,0,0.8,0.4,-0.07295939326286316,0.33820632100105286,0.8751437373655205
8469,171,1,0.8,0.4,-0.030622089654207228,0.3238906919956207,0.8341017219658687
8470,171,2,0.8,0.4,0.01144152872264385,0.254160216152668,0.8019312346927994
8471,171,3,0.8,0.4,-0.023530225507915017,0.29411262521147724,0.8303096822660342
8472,171,4,0.8,0.4,-0.05488698024228214,0.17968724543154235,0.8828190408080864
8473,171,5,0.8,0.4,-0.0662218082653731,0.18585643829911944,0.8922991012729262
8474,171,6,0.8,0.4,-0.08141619231254607,0.24065926833358403,0.8957030606393706
8475,171,7,0.8,0.4,-0.07123492507800981,0.23916946167136127,0.8859552791957194
8476,171,8,0.8,0.4,-0.08746556236411995,0.2629821987953725,0.8979805132792218
8477,171,9,0.8,0.4,-0.09875101701265679,0.1844918620491882,0.9242278658990493
8478,171,10,0.8,0.4,-0.08263310416631175,0.23066907071405668,0.8987291917942248
8479,171,11,0.8,0.4,-0.1394456986274778,0.26565621058477773,0.949002884307583
8480,171,12,0.8,0.4,-0.13662917162781174,0.22413998476896352,0.9529957765390471
8481,171,13,0.8,0.4,-0.09027587917510321,0.2709278677161889,0.8995836572399994
8482,171,14,0.8,0.4,-0.10321217460378562,0.2927144259193986,0.9095616673751724
8483,171,15,0.8,0.4,-0.06565843078554857,0.27772710203981543,0.8742512112463329
8484,171,16,0.8,0.4,-0.09391581254346004,0.2527443308224211,0.9059634164910695
8485,171,17,0.8,0.4,-0.09315615510940532,0.24534281561900684,0.9064473300145314
8486,171,18,0.8,0.4,-0.09979497672319398,0.26629643965850924,0.9096744704476893
8487,171,19,0.8,0.4,-0.1500078449332713,0.22588118891282338,0.9658324211834942
8488,171,20,0.8,0.4,-0.07589463435399524,0.2906213103359383,0.8826976312660787
8489,171,21,0.8,0.4,-0.07033632303229564,0.2963239549634664,0.8764896106080173
8490,171,22,0.8,0.4,-0.08361031287378187,0.33626166277393366,0.8859061805006478
8491,171,23,0.8,0.4,-0.0889765162907668,0.3117735316881067,0.8933438062847123
8492,171,24,0.8,0.4,-0.08903699370720383,0.29376446717679183,0.8953618065420111
8493,171,25,0.8,0.4,-0.10352777318903682,0.27329476137548464,0.9123687053044043
8494,171,26,0.8,0.4,-0.09941825905168268,0.26878524841579643,0.9089392255529872
8495,171,27,0.8,0.4,-0.12409910407768635,0.276942227435102,0.9322566006984433
8496,171,28,0.8,0.4,-0.13453365756049618,0.30830578794717084,0.9390212913653172
8497,171,29,0.8,0.4,-0.16013090387068593,0.290325388843293,0.966374602780886
8498,171,30,0.8,0.4,-0.12232147283909402,0.3085183609268392,0.9268472309650538
8499,171,31,0.8,0.4,-0.10940955966006097,0.2887306780734586,0.9161913605809096
8500,171,32,0.8,0.4,-0.12798606875045362,0.297689534205521,0.9336088984183929
8501,171,33,0.8,0.4,-0.07632402892661376,0.31811480411373316,0.8801414596412924
8502,171,34,0.8,0.4,-0.06980229301777083,0.31404051464734395,0.8740395082952862
8503,171,35,0.8,0.4,-0.05025869179237503,0.2892562587793325,0.8574403881250471
8504,171,36,0.8,0.4,-0.0595373928341074,0.25775209146886646,0.8712284414328635
8505,171,37,0.8,0.4,-0.0749790833746356,0.27487821931346956,0.8838800011004241
8506,171,38,0.8,0.4,-0.07589988524203237,0.26732229777468536,0.8858916308639533
8507,171,39,0.8,0.4,-0.11474599172810032,0.2747412176112861,0.9232821843554272
8508,171,40,0.8,0.4,-0.05029829080996434,0.27518516340120347,0.8594102203194531
8509,171,41,0.8,0.4,-0.0878675358024067,0.3090919165887892,0.8925094065394145
8510,171,42,0.8,0.4,-0.11299427087791544,0.26533738338499485,0.9228719082134295
8511,171,43,0.8,0.4,-0.09414637625199006,0.2727932432739382,0.9031496559935839
8512,171,44,0.8,0.4,-0.025591839134564122,0.2127138683809749,0.8465683551506108
8513,171,45,0.8,0.4,-0.01725257078400163,0.2742834217081207,0.8268654198299007
8514,171,46,0.8,0.4,0.012513945274416252,0.33570677327223786,0.7901062620877856
8515,171,47,0.8,0.4,0.015249509454771428,0.31483161351060585,0.7893585918124815
8516,171,48,0.8,0.4,-0.023738612543838036,0.32850710680765904,0.8268352529813052
8517,171,49,0.8,0.4,-0.0547294843871472,0.2989314351626048,0.8606842314571642
8518,172,0,1.0,0.4,0.2111930251121521,0.3337491452693939,0.7915842465488141
8519,172,1,1.0,0.4,0.14407731145620345,0.2663365468382835,0.8662964662718851
8520,172,2,1.0,0.4,0.11447882562875747,0.27022503867745395,0.8949800505296712
8521,172,3,1.0,0.4,0.05861748245358467,0.24830408035218712,0.9535264528998777
8522,172,4,1.0,0.4,0.06419975326359272,0.20860597537904974,0.9551721177110049
8523,172,5,1.0,0.4,0.04624161396056413,0.22325752410158511,0.9699963720175717
8524,172,6,1.0,0.4,0.06658218767783045,0.19141809233035145,0.9564388242681362
8525,172,7,1.0,0.4,0.08013814589956103,0.18580579918229428,0.9444707440111806
8526,172,8,1.0,0.4,0.012360914857239412,0.1557766381713022,1.017386855116843
8527,172,9,1.0,0.4,0.03247538831605079,0.15545193788097186,0.9979517167179727
8528,172,10,1.0,0.4,0.033482980616306196,0.1509607176550241,0.9980860248040948
8529,172,11,1.0,0.4,0.03535812057176277,0.14460055514152925,0.9978791670241727
8530,172,12,1.0,0.4,0.007993367885384278,0.1288141949850644,1.0284059991078334
8531,172,13,1.0,0.4,-0.09627885689101287,0.12245109088369485,1.1308672464166238
8532,172,14,1.0,0.4,-0.16472328453096913,0.09687069987261089,1.2035230376375559
8533,172,15,1.0,0.4,-0.22380933388256247,0.09305928031109427,1.2617138705353226
8534,172,16,1.0,0.4,-0.18066432482926298,0.1280702726607706,1.2115750181211755
8535,172,17,1.0,0.4,-0.10649424453427168,0.13367749537980855,1.138093664710704
8536,172,18,1.0,0.4,-0.027750301975953982,0.19152946770359486,1.0486804308499378
8537,172,19,1.0,0.4,-0.024722407667104287,0.22554246634362723,1.0394669036696316
8538,172,20,1.0,0.4,0.03577294221939174,0.23992325201713055,0.9774243623938476
8539,172,21,1.0,0.4,0.022082832232068673,0.22323275093791986,0.9937648853507693
8540,172,22,1.0,0.4,0.02202488183226733,0.21782165208648316,0.9947986138931281
8541,172,23,1.0,0.4,0.07152070939016922,0.23457446304394275,0.9431009497230584
8542,172,24,1.0,0.4,0.09447325008740831,0.24070378566983766,0.9194313344166504
8543,172,25,1.0,0.4,0.11110576010089682,0.20983326929452417,0.9090084461615379
8544,172,26,1.0,0.4,0.07026352608143384,0.2438495789801049,0.9427581158066045
8545,172,27,1.0,0.4,0.036640503125959296,0.22765083257203075,0.9786550749526204
8546,172,28,1.0,0.4,0.00859822003275311,0.20970599254659156,1.0094995287739879
8547,172,29,1.0,0.4,0.014023147451491247,0.24095285614812312,0.9987223576795021
8548,172,30,1.0,0.4,0.12200752566191332,0.20836103286682323,0.8986636070956622
8549,172,31,1.0,0.4,-0.03492688070781089,0.164957784895471,1.0612815325317044
8550,172,32,1.0,0.4,-0.052243055420447784,0.1766702024132608,1.0756819447079575
8551,172,33,1.0,0.4,-0.019635976416002288,0.19115123168562043,1.0408051366265674
8552,172,34,1.0,0.4,-0.024759088077635966,0.22051715563887286,1.0403582459987852
8553,172,35,1.0,0.4,-0.05495285231167474,0.23997038699992249,1.0670215544390342
8554,172,36,1.0,0.4,-0.05099225445892491,0.2680775678998771,1.0592394663266023
8555,172,37,1.0,0.4,-0.01210108755046382,0.31080038744137484,1.0160242036002098
8556,172,38,1.0,0.4,0.032797796024779696,0.3366680182869043,0.9692734615588273
8557,172,39,1.0,0.4,0.0301296626485687,0.35553560520195604,0.9708890532285012
8558,172,40,1.0,0.4,0.007948557706684971,0.3137491196939205,0.9957937931669488
8559,172,41,1.0,0.4,0.009052793304530554,0.2875229940200049,0.9973101038953618
8560,172,42,1.0,0.4,0.027768554125513076,0.26718720274855084,0.9812610373702555
8561,172,43,1.0,0.4,0.03669171088337879,0.2742890768685199,0.9714762457596999
8562,172,44,1.0,0.4,-0.006262404845357075,0.29437373354104956,1.011790954481813
8563,172,45,1.0,0.4,-0.043719414063632576,0.29007052771098873,1.0494925936713766
8564,172,46,1.0,0.4,-0.005494114738541903,0.2686983125834984,1.0140308416869108
8565,172,47,1.0,0.4,0.000675320488923149,0.2432694533666497,1.011540547545132
8566,172,48,1.0,0.4,0.015533953809638172,0.23889408354365504,0.9975612825380316
8567,172,49,1.0,0.4,-0.03830204016692485,0.2514699219771482,1.048871922921132
8568,173,0,-0.5,0.5,0.09194963425397873,0.23355506360530853,0.6491511947333921
8569,173,1,-0.5,0.5,0.10980088189244269,0.18964967355132104,0.6842327386815121
8570,173,2,-0.5,0.5,0.12328607015311716,0.151085242703557,0.7143017801364856
8571,173,3,-0.5,0.5,0.11072763399034737,0.14844767009466883,0.704682399085797
8572,173,4,-0.5,0.5,0.11408972384557126,0.13852262277081606,0.7125812818066579
8573,173,5,-0.5,0.5,0.1345874970100075,0.12328350986115633,0.7379814396744377
8574,173,6,-0.5,0.5,0.12647093792351335,0.14605565976650264,0.7195432106872334
8575,173,7,-0.5,0.5,0.12100310968075767,0.16858357616350572,0.7039046158548343
8576,173,8,-0.5,0.5,0.12983842584192953,0.14266986846585933,0.7241417441145387
8577,173,9,-0.5,0.5,0.09191358064502618,0.1393127673840712,0.6931500319008527
8578,173,10,-0.5,0.5,0.09431650248590209,0.15353927302194967,0.6879296042948249
8579,173,11,-0.5,0.5,0.1005213959037877,0.13842994174841378,0.7009699379875639
8580,173,12,-0.5,0.5,0.09842646912870126,0.14101210823693208,0.6978442128343092
8581,173,13,-0.5,0.5,0.10183394285337251,0.14165185802903604,0.7004409222942921
8582,173,14,-0.5,0.5,0.10446676917480711,0.14889512647796455,0.6990384161457467
8583,173,15,-0.5,0.5,0.11589200412556627,0.12524722375200337,0.7209456318276625
8584,173,16,-0.5,0.5,0.09277903021104701,0.12372591098555227,0.7021176316840376
8585,173,17,-0.5,0.5,0.09697541854291455,0.12953230192547846,0.7025852017094601
8586,173,18,-0.5,0.5,0.08865740257557737,0.14195005064408048,0.68899731773121
8587,173,19,-0.5,0.5,0.09524966404477313,0.12778202966491425,0.7020458531932127
8588,173,20,-0.5,0.5,0.09648099802879183,0.1225603751137657,0.705868437772709
8589,173,21,-0.5,0.5,0.09015886295898141,0.15174260112209736,0.6852522888704863
8590,173,22,-0.5,0.5,0.08914816917324431,0.14932553927892978,0.6856151563684973
8591,173,23,-0.5,0.5,0.10519544858675257,0.13086424194332136,0.7088883825160344
8592,173,24,-0.5,0.5,0.0931167056685561,0.14637559697816094,0.6905343184488898
8593,173,25,-0.5,0.5,0.08275018983762579,0.15514939757240337,0.6771408433630814
8594,173,26,-0.5,0.5,0.07898302398698312,0.14848756454822187,0.6773347284336984
8595,173,27,-0.5,0.5,0.07538238406979786,0.17253160241947307,0.6620426265066339
8596,173,28,-0.5,0.5,0.06949253398738924,0.1718324540515146,0.6572790004870298
8597,173,29,-0.5,0.5,0.06700858486685987,0.17444718409792392,0.6538221250879249
8598,173,30,-0.5,0.5,0.06119466209506676,0.16176714222084548,0.6552411119927152
8599,173,31,-0.5,0.5,0.06704444481796999,0.16709377620931215,0.6575454024152974
8600,173,32,-0.5,0.5,0.0662877510558256,0.18285738009235286,0.649046422344158
8601,173,33,-0.5,0.5,0.07912934898331582,0.15875339562311486,0.6721904847977198
8602,173,34,-0.5,0.5,0.08815377434389167,0.1544795636160205,0.6821357887062818
8603,173,35,-0.5,0.5,0.08033501367973746,0.15264602777124653,0.6763457031176843
8604,173,36,-0.5,0.5,0.07475027896806818,0.16467404309643155,0.6654181997414604
8605,173,37,-0.5,0.5,0.0702172639021442,0.15681437959882608,0.6655254300942874
8606,173,38,-0.5,0.5,0.0709195363456424,0.16166859286456398,0.6636394036186877
8607,173,39,-0.5,0.5,0.06560917591592581,0.15616670441826544,0.6619177252732316
8608,173,40,-0.5,0.5,0.08257144443073508,0.14906488939663026,0.6801065649736903
8609,173,41,-0.5,0.5,0.0793852021427457,0.14947537739255207,0.6771666881323121
8610,173,42,-0.5,0.5,0.07256930342237683,0.1543961769483956,0.6687881650638493
8611,173,43,-0.5,0.5,0.06887255325560145,0.17482248140372142,0.6552529286069466
8612,173,44,-0.5,0.5,0.06680175687125385,0.1582173584411354,0.6618758234467363
8613,173,45,-0.5,0.5,0.06708784344470245,0.1494491805590061,0.6666892073474083
8614,173,46,-0.5,0.5,0.06780137156320631,0.15370122064846825,0.6650723585666594
8615,173,47,-0.5,0.5,0.07190833637526745,0.1756022158144777,0.6575051844662541
8616,173,48,-0.5,0.5,0.07517616877543708,0.15664908667556499,0.6698637733210491
8617,173,49,-0.5,0.5,0.07444425300470436,0.15412464406198698,0.670534086870593
8618,174,0,-0.4,0.5,0.13457444310188293,0.1590382158756256,0.6340542354175743
8619,174,1,-0.4,0.5,0.12753629311919212,0.14205672591924667,0.6375091591636841
8620,174,2,-0.4,0.5,0.1259847681969404,0.15490531846880912,0.6290868903389286
8621,174,3,-0.4,0.5,0.1290913980081677,0.17299276389181611,0.6219899033853772
8622,174,4,-0.4,0.5,0.14044065998122093,0.1861194998845458,0.6249776598516665
8623,174,5,-0.4,0.5,0.14793537267334758,0.1821407145835459,0.6334569424610793
8624,174,6,-0.4,0.5,0.15229681080382315,0.18865730480395254,0.6340079187802098
8625,174,7,-0.4,0.5,0.13800552077155187,0.18063937108943606,0.625652580653848
8626,174,8,-0.4,0.5,0.15269588242910914,0.19422391043961862,0.6316421102182233
8627,174,9,-0.4,0.5,0.14850438006381023,0.20367766907615037,0.6234292090954099
8628,174,10,-0.4,0.5,0.15775115149579325,0.1996625452594141,0.6334737040437722
8629,174,11,-0.4,0.5,0.17381544411334707,0.20018308337026097,0.6474213059518211
8630,174,12,-0.4,0.5,0.17672300785886563,0.19516149940933067,0.6523311576462868
8631,174,13,-0.4,0.5,0.17369582966044667,0.1878406221468418,0.6531235581047885
8632,174,14,-0.4,0.5,0.16938117544405246,0.18677352869107505,0.6498505561117046
8633,174,15,-0.4,0.5,0.1655942885119399,0.19632692091182793,0.6419612435032342
8634,174,16,-0.4,0.5,0.16097092644642555,0.1968822336868559,0.6376274465334996
8635,174,17,-0.4,0.5,0.16830362092842194,0.1944938872926712,0.6452154604950959
8636,174,18,-0.4,0.5,0.16506530590824953,0.21445018472982405,0.6331172852971362
8637,174,19,-0.4,0.5,0.13632642575682072,0.19872717704275322,0.6151514844472986
8638,174,20,-0.4,0.5,0.14087988877303012,0.20091045898327578,0.6180660220597152
8639,174,21,-0.4,0.5,0.15060897927288835,0.20597628157824815,0.6241956384423761
8640,174,22,-0.4,0.5,0.15658744655612347,0.20133172254804152,0.6316583931366587
8641,174,23,-0.4,0.5,0.15528786418630944,0.1938234855406519,0.6341046207993352
8642,174,24,-0.4,0.5,0.16294555233375216,0.19874449449490758,0.6384845922099311
8643,174,25,-0.4,0.5,0.15865665134309914,0.19490492904581502,0.6365377101244075
8644,174,26,-0.4,0.5,0.15559563556873232,0.20235801284589877,0.6302993437883827
8645,174,27,-0.4,0.5,0.1565230346093019,0.20755810818627435,0.6286812770699769
8646,174,28,-0.4,0.5,0.15881933167165596,0.2160801619002071,0.626808997954376
8647,174,29,-0.4,0.5,0.1602725662411278,0.21325713155629167,0.6293860668029956
8648,174,30,-0.4,0.5,0.16528354131526923,0.20896435956729797,0.6358043929417323
8649,174,31,-0.4,0.5,0.1692859126164816,0.21105823592743617,0.638415063519765
8650,174,32,-0.4,0.5,0.1625211522106341,0.2102879258342677,0.6327425484364001
8651,174,33,-0.4,0.5,0.1710517217305112,0.22740967379447474,0.6327760700533924
8652,174,34,-0.4,0.5,0.1628270910889671,0.21779197915897427,0.6296155187816429
8653,174,35,-0.4,0.5,0.1684619602260526,0.21684305245830576,0.6350801974279909
8654,174,36,-0.4,0.5,0.17087564087790996,0.21544333758560588,0.6378647909017897
8655,174,37,-0.4,0.5,0.18334876151698754,0.20583085193063255,0.6533232471290614
8656,174,38,-0.4,0.5,0.17860934690905161,0.2076489218242745,0.6482730360280523
8657,174,39,-0.4,0.5,0.16387902885070227,0.20881285634810193,0.634625489407542
8658,174,40,-0.4,0.5,0.1643615249054983,0.21364091492714607,0.632855004244591
8659,174,41,-0.4,0.5,0.16498584829570334,0.21905122508521363,0.6309843285696839
8660,174,42,-0.4,0.5,0.16447212992073135,0.20969977097651202,0.6347464126943425
8661,174,43,-0.4,0.5,0.16122313527835136,0.20718176048853582,0.6330196908171625
8662,174,44,-0.4,0.5,0.16080904932817724,0.20603616850873838,0.6331836416343972
8663,174,45,-0.4,0.5,0.16870900146564477,0.2118166677366764,0.6375574964992914
8664,174,46,-0.4,0.5,0.1611540795036201,0.2083665156908581,0.6324112507805705
8665,174,47,-0.4,0.5,0.16874216859217792,0.21693759433263782,0.635288894784985
8666,174,48,-0.4,0.5,0.1688333134380322,0.22569985479398538,0.6315155644455102
8667,175,0,-0.3,0.5,0.0907914862036705,0.4385126531124115,0.395599139934035
8668,175,1,-0.3,0.5,0.08967722952365875,0.43890273571014404,0.3944378517750784
8669,175,2,-0.3,0.5,0.09319141283631324,0.44004693031311026,0.39773591451250306
8670,175,3,-0.3,0.5,0.08785594768822193,0.4400590109825133,0.39246039076768396
8671,175,4,-0.3,0.5,0.0917333430275321,0.4386231426000594,0.3965124596577247
8672,175,5,-0.3,0.5,0.08433297215476632,0.43609386051893223,0.3896098409289607
8673,175,6,-0.3,0.5,0.08885675700508057,0.43898070609211914,0.39361520765529956
8674,175,7,-0.3,0.5,0.08921825386486201,0.43651206124770636,0.39436222880573535
8675,175,8,-0.3,0.5,0.0844584005393706,0.4353229997581601,0.3898607137242403
8676,175,9,-0.3,0.5,0.10022943497922873,0.4344769416867148,0.40555748272534536
8677,175,10,-0.3,0.5,0.10014281294602949,0.4392919003002759,0.4047218107805815
8678,175,11,-0.3,0.5,0.10050021767915446,0.44093285613487565,0.40483249850454617
8679,175,12,-0.3,0.5,0.08885200557322115,0.4372501157647498,0.3938825081288248
8680,175,13,-0.3,0.5,0.09030057431307997,0.4396084992138832,0.3949451502124309
8681,175,14,-0.3,0.5,0.09037479791773653,0.4371259226037862,0.39540565557126106
8682,175,15,-0.3,0.5,0.07710093879315563,0.4331443438474001,0.38298145751233703
8683,175,16,-0.3,0.5,0.07628507377236401,0.4291935176333351,0.38288903704469557
8684,175,17,-0.3,0.5,0.07171136585941434,0.429935544478535,0.37825701240901105
8685,175,18,-0.3,0.5,0.07655983953326309,0.4321767715844984,0.3826190050977841
8686,175,19,-0.3,0.5,0.07719086783185158,0.4340096672140988,0.38291993261899976
8687,175,20,-0.3,0.5,0.08401488164005863,0.43730079251869547,0.38909975576940664
8688,175,21,-0.3,0.5,0.08720541501300266,0.43913149220586634,0.3919604682317799
8689,175,22,-0.3,0.5,0.0902530176240177,0.4395091669558343,0.3949133558731953
8690,175,23,-0.3,0.5,0.09112117275184192,0.43652962205402057,0.3962376315437261
8691,175,24,-0.3,0.5,0.10018517110953787,0.43196273635143434,0.4059276295360474
8692,175,25,-0.3,0.5,0.0938500458890899,0.43178009344359314,0.39971466610246253
8693,175,26,-0.3,0.5,0.11192364657186396,0.4006792917574848,0.42372832533459065
8694,175,27,-0.3,0.5,0.10816776146475522,0.4118042807090067,0.4175876032647581
8695,175,28,-0.3,0.5,0.10768588431665135,0.42043532771025577,0.4153773192503707
8696,175,29,-0.3,0.5,0.06042678811741056,0.4044291236947788,0.37288237017909637
8697,175,30,-0.3,0.5,0.07577510064854748,0.41599609169021934,0.38505010437441
8698,175,31,-0.3,0.5,0.0857372834802684,0.42073518334685744,0.3937971089606845
8699,175,32,-0.3,0.5,0.09500472154862799,0.42336583941381456,0.4023698853225206
8700,175,33,-0.3,0.5,0.09011104265504065,0.4250098344330082,0.39725325742297923
8701,175,34,-0.3,0.5,0.09019296980656274,0.4275745395472509,0.396857658371686
8702,175,35,-0.3,0.5,0.10250092180301708,0.43052327241059174,0.40845318915245515
8703,175,36,-0.3,0.5,0.07903430230628423,0.4208593907345257,0.3872082622565305
8704,175,37,-0.3,0.5,0.0797489422763157,0.42454861895961016,0.3871720161128418
8705,175,38,-0.3,0.5,0.0783891855918703,0.4301137309045167,0.38478885948135916
8706,175,39,-0.3,0.5,0.08885725865466756,0.4305024640301267,0.3950188288098516
8707,175,40,-0.3,0.5,0.08782343164873474,0.4270177679834346,0.39463073920555225
8708,175,41,-0.3,0.5,0.08381282182588823,0.4268938708607659,0.39071317909135517
8709,175,42,-0.3,0.5,0.08290864576337986,0.42741454698771375,0.389727698514417
8710,175,43,-0.3,0.5,0.03503294919537282,0.39414394935658664,0.35135819401910945
8711,175,44,-0.3,0.5,0.05028875091895206,0.4064162863143659,0.3625742965070116
8712,175,45,-0.3,0.5,0.06429861504293799,0.4164719894522293,0.37375180195989854
8713,175,46,-0.3,0.5,0.08288636369427167,0.4232277582581544,0.390507291359701
8714,175,47,-0.3,0.5,0.09130642035647318,0.4265671975758664,0.39813702551264774
8715,175,48,-0.3,0.5,0.0990140848192658,0.4341557925088102,0.40441031087782503
8716,175,49,-0.3,0.5,0.1256327975772977,0.4599669847488429,0.4275113105913997
8717,176,0,-0.2,0.5,0.06202595680952072,0.39085349440574646,0.2838495406467681
8718,176,1,-0.2,0.5,0.06683207303285599,0.39519282579421994,0.2866773429554769
8719,176,2,-0.2,0.5,0.06541494578123093,0.39370364725589746,0.2859090905353526
8720,176,3,-0.2,0.5,0.062345299720764163,0.39088272994756695,0.28413312884856134
8721,176,4,-0.2,0.5,0.06405248668789863,0.3916389074146747,0.285422217271796
8722,176,5,-0.2,0.5,0.07347019139826297,0.40062917057216163,0.29096478708699297
8723,176,6,-0.2,0.5,0.06654195350140332,0.39658021279650923,0.2859025452170015
8724,176,7,-0.2,0.5,0.06300163694432377,0.3939904525273501,0.28356284169606905
8725,176,8,-0.2,0.5,0.06412095278250873,0.3925647435660582,0.28513542751430776
8726,176,9,-0.2,0.5,0.06291038557711631,0.39196886406866654,0.28424038624889714
8727,176,10,-0.2,0.5,0.061805056138598644,0.39412687471081376,0.28240220622055084
8728,176,11,-0.2,0.5,0.07297131307188133,0.4016384599149097,0.29015225370156594
8729,176,12,-0.2,0.5,0.07233708944007179,0.4003941707092432,0.28998070886420885
8730,176,13,-0.2,0.5,0.0629556548323144,0.3946874851579006,0.28326030818075926
8731,176,14,-0.2,0.5,0.06632004804493354,0.39462693534455445,0.2864085381854675
8732,176,15,-0.2,0.5,0.07090641274012084,0.3994650890580139,0.2889594310311289
8733,176,16,-0.2,0.5,0.06977544004489847,0.39670432558714597,0.28887503250337326
8734,176,17,-0.2,0.5,0.077595934444059,0.4026101714942999,0.2941840946010507
8735,176,18,-0.2,0.5,0.0680407279445453,0.3959574918550156,0.28752508645010594
8736,176,19,-0.2,0.5,0.06986718953645293,0.3973796193223528,0.2887200071327393
8737,176,20,-0.2,0.5,0.07433147064544007,0.39885960490454553,0.29238183135508705
8738,176,21,-0.2,0.5,0.07190774586983592,0.3977856887346955,0.29048509030835956
8739,176,22,-0.2,0.5,0.0668746359152759,0.39388570458457034,0.2871973450198037
8740,176,23,-0.2,0.5,0.07702739898385758,0.404149230217294,0.29314083621307135
8741,176,24,-0.2,0.5,0.08207630544717617,0.40706202102377936,0.2969924410332914
8742,176,25,-0.2,0.5,0.0821516839252994,0.40553513863556034,0.2975452617241365
8743,176,26,-0.2,0.5,0.07500104574471313,0.40006964394659505,0.29259468761692525
8744,176,27,-0.2,0.5,0.07914287500259,0.4035714228197683,0.29532899478668784
8745,176,28,-0.2,0.5,0.08009029410157305,0.40523467078520103,0.2956874033013495
8746,176,29,-0.2,0.5,0.0808719695837457,0.40793434808948903,0.2955759590351691
8747,176,30,-0.2,0.5,0.0718911805114956,0.4004015487552631,0.28955943350249347
8748,176,31,-0.2,0.5,0.08208073629471341,0.41033361191398543,0.2959891939597786
8749,176,32,-0.2,0.5,0.08927704734079912,0.4139570681690439,0.3018022469039578
8750,176,33,-0.2,0.5,0.04119853913516812,0.3781921329009021,0.27021082836957283
8751,176,34,-0.2,0.5,0.059132965831078174,0.3899790181055902,0.2815217761336071
8752,176,35,-0.2,0.5,0.06724521910119251,0.39577135178791156,0.2868512127228394
8753,176,36,-0.2,0.5,0.12223757482049599,0.4263732832008865,0.330541900600834
8754,176,37,-0.2,0.5,0.10111016406153056,0.41105817068954176,0.3139713042656168
8755,176,38,-0.2,0.5,0.1125195737826237,0.42105547504164675,0.32233634920401527
8756,176,39,-0.2,0.5,0.09367097678812207,0.41071625393208394,0.30694336598077804
8757,176,40,-0.2,0.5,0.08727024107299548,0.40526729612652035,0.30248715111441893
8758,176,41,-0.2,0.5,0.07923253353819858,0.4000395909187446,0.2965853859681106
8759,176,42,-0.2,0.5,0.07278961796035296,0.40165984855751935,0.28997406962120825
8760,176,43,-0.2,0.5,0.07593138740389493,0.40564477899335344,0.29161796632898235
8761,176,44,-0.2,0.5,0.05011871688713891,0.3876662256425993,0.2741865230069636
8762,176,45,-0.2,0.5,0.059372594338706966,0.39261175408705706,0.2807247371612451
8763,176,46,-0.2,0.5,0.06232453139368324,0.3940837288928155,0.28290001105720397
8764,176,47,-0.2,0.5,0.056945761305297805,0.3875713014128294,0.28046628410339086
8765,176,48,-0.2,0.5,0.06655993007972218,0.39155797704713946,0.2877739888631617
8766,176,49,-0.2,0.5,0.07372398163227303,0.39522499920189563,0.29309148556870046
8767,177,0,-0.1,0.5,-0.1493014246225357,0.29531893134117126,0.21053496226786592
8768,177,1,-0.1,0.5,-0.16639228612184526,0.3023902982473373,0.2084646969711209
8769,177,2,-0.1,0.5,-0.1654479192197323,0.303224718272686,0.20737391742708725
8770,177,3,-0.1,0.5,-0.16097971703112124,0.30047064223885533,0.20863961871555095
8771,177,4,-0.1,0.5,-0.15760404103845355,0.2973778519958257,0.2106512767722649
8772,177,5,-0.1,0.5,-0.15134036703601475,0.2945649039497971,0.21175318646138197
8773,177,6,-0.1,0.5,-0.15563566500531134,0.2981627919500768,0.2093647195063467
8774,177,7,-0.1,0.5,-0.15171167959978726,0.31356043187359867,0.1934781909420028
8775,177,8,-0.1,0.5,-0.15719320075857024,0.3098356733451876,0.19857878372345905
8776,177,9,-0.1,0.5,-0.15806903529170319,0.30890203185989606,0.19972592792871247
8777,177,10,-0.1,0.5,-0.15451609454157167,0.30191930102984016,0.20544577841506664
8778,177,11,-0.1,0.5,-0.1674916759443437,0.3042699742056522,0.20703953564291133
8779,177,12,-0.1,0.5,-0.17146240877295615,0.3274882290180837,0.1867275742758691
8780,177,13,-0.1,0.5,-0.17384812876611508,0.32214925163899066,0.1925731933962455
8781,177,14,-0.1,0.5,-0.17969073803743413,0.32894081802904546,0.18871104224587149
8782,177,15,-0.1,0.5,-0.17748967574104152,0.34057286731618597,0.17726155951653536
8783,177,16,-0.1,0.5,-0.1728619062527531,0.3286478275711593,0.1861999580528098
8784,177,17,-0.1,0.5,-0.16851186320554806,0.31794639311817086,0.19451835691928748
8785,177,18,-0.1,0.5,-0.1742950111206384,0.3171106916448549,0.1974037684241087
8786,177,19,-0.1,0.5,-0.1835606565776674,0.3092117815461509,0.2082847273049191
8787,177,20,-0.1,0.5,-0.1844682573767747,0.31009208524949616,0.20784586257405674
8788,177,21,-0.1,0.5,-0.1926551943664324,0.3093359098365812,0.21198533043804152
8789,177,22,-0.1,0.5,-0.19150504866751036,0.32140868682380874,0.20066895891901135
8790,177,23,-0.1,0.5,-0.18547756949721178,0.3142716243376478,0.20445401540034983
8791,177,24,-0.1,0.5,-0.19526398912828047,0.3135584978418649,0.20936967629438372
8792,177,25,-0.1,0.5,-0.19879760955803208,0.32086862342655365,0.20457032465017794
8793,177,26,-0.1,0.5,-0.19719011813921558,0.3291912729737142,0.19652363799872752
8794,177,27,-0.1,0.5,-0.1947596933580039,0.3213570305345342,0.20221946005452165
8795,177,28,-0.1,0.5,-0.20870150390223846,0.31985135794148045,0.2104033036483433
8796,177,29,-0.1,0.5,-0.18706497832208205,0.31318336272563174,0.20610862770084976
8797,177,30,-0.1,0.5,-0.17414428044208416,0.30405291896092834,0.20950568701113328
8798,177,31,-0.1,0.5,-0.1722399798452255,0.30339301513353545,0.20945863836643452
8799,177,32,-0.1,0.5,-0.1774694229358015,0.315722510424293,0.1998992362524952
8800,177,33,-0.1,0.5,-0.1770870053406064,0.31152848764749946,0.20362690726134755
8801,177,34,-0.1,0.5,-0.20397203013746468,0.3026438897365809,0.22306863811215752
8802,177,35,-0.1,0.5,-0.21414259465350677,0.2954137376805282,0.23427349539392303
8803,177,36,-0.1,0.5,-0.1972523656911629,0.2974182135166819,0.22471627187923074
8804,177,37,-0.1,0.5,-0.18147813272465113,0.3097113387198713,0.20699869739705953
8805,177,38,-0.1,0.5,-0.1885559041737734,0.29663749153296415,0.2218072541961596
8806,177,39,-0.1,0.5,-0.1891387637066298,0.29855110874192103,0.22028929838795097
8807,177,40,-0.1,0.5,-0.18557694404574404,0.2989714745808773,0.2184854260228706
8808,177,41,-0.1,0.5,-0.1966045071132632,0.3027576807032419,0.21962914951381293
8809,177,42,-0.1,0.5,-0.2074798403792934,0.3000148894412592,0.22703735492898555
8810,177,43,-0.1,0.5,-0.20922532191170745,0.2991000576234154,0.22867216226211518
8811,177,44,-0.1,0.5,-0.20458553092882478,0.3000465774924958,0.22565350529546102
8812,177,45,-0.1,0.5,-0.21483848691030155,0.300210062769451,0.2304428282555875
8813,177,46,-0.1,0.5,-0.1986739450696177,0.30029833304403103,0.2227494180028192
8814,177,47,-0.1,0.5,-0.18265868175051078,0.2997980653371663,0.21659471902951316
8815,177,48,-0.1,0.5,-0.18527123991265915,0.29929637783650315,0.21806679780697927
8816,177,49,-0.1,0.5,-0.1837991253985019,0.2994328221849464,0.21736946941612842
8817,178,0,0.0,0.5,0.0868954285979271,-0.02126169577240944,0.5284548902136732
8818,178,1,0.0,0.5,0.08364902585744857,-0.025598710402846336,0.5322134570865672
8819,178,2,0.0,0.5,0.08125277787446974,-0.02490136679261923,0.531152952333956
8820,178,3,0.0,0.5,0.08884220397472381,-0.026956249866634606,0.534392951376226
8821,178,4,0.0,0.5,0.08350650398135184,-0.02782132348977029,0.5343862701620246
8822,178,5,0.0,0.5,0.07684745465457438,-0.03633950114343315,0.5418169356652425
8823,178,6,0.0,0.5,0.07921400395351647,-0.03159828369384631,0.5374677605667068
8824,178,7,0.0,0.5,0.08299483094734549,-0.04719676444129087,0.5534550035721025
8825,178,8,0.0,0.5,0.08055062183624326,-0.044888615195325575,0.5508103173032302
8826,178,9,0.0,0.5,0.07690830168346635,-0.03891754084235439,0.5443776287609603
8827,178,10,0.0,0.5,0.07600429774377793,-0.03608304737393266,0.5414440755583599
8828,178,11,0.0,0.5,0.07471936056750848,-0.037932925272672814,0.5430974267440717
8829,178,12,0.0,0.5,0.0864159335873175,-0.03718027720260879,0.5440867245147957
8830,178,13,0.0,0.5,0.07901397934825756,-0.0357524650751132,0.5415477012844827
8831,178,14,0.0,0.5,0.05549738594780441,-0.054673320374986,0.5574427792902616
8832,178,15,0.0,0.5,0.026695573972891302,-0.06138760738121502,0.5620219741175138
8833,178,16,0.0,0.5,0.04306204170292752,-0.0506249851215176,0.5523062680032667
8834,178,17,0.0,0.5,0.04910844177220559,-0.045983156473418524,0.5481872364493464
8835,178,18,0.0,0.5,0.04881626990586525,-0.04484228381284705,0.5470248097096888
8836,178,19,0.0,0.5,0.05768065814182166,-0.041641596080244,0.544704210492289
8837,178,20,0.0,0.5,0.062084465620949894,-0.03944615230954318,0.5430070276828927
8838,178,21,0.0,0.5,0.0650959450290844,-0.03771553977526863,0.5416414716166388
8839,178,22,0.0,0.5,0.06954324685537533,-0.03357520692982621,0.5380880640131265
8840,178,23,0.0,0.5,0.0735990070810179,-0.032455563499598133,0.5375181308058233
8841,178,24,0.0,0.5,0.07107761323026637,-0.03314823169792483,0.5378652843093106
8842,178,25,0.0,0.5,0.011383764681222777,-0.05775407658516718,0.557870235848526
8843,178,26,0.0,0.5,0.020365798638166902,-0.05309859558492449,0.5534734159760396
8844,178,27,0.0,0.5,0.038230624463291306,-0.04488906824275536,0.546228594397356
8845,178,28,0.0,0.5,0.04435207462935839,-0.0421740306623705,0.5439850972670199
8846,178,29,0.0,0.5,0.05406505601247584,-0.03594260627980524,0.5386627029112212
8847,178,30,0.0,0.5,0.05369506320007944,-0.03638515299030985,0.5390660369198738
8848,178,31,0.0,0.5,0.06792697512560897,-0.03237675687003326,0.5366927288543879
8849,178,32,0.0,0.5,0.06415445648051966,-0.033138042114473715,0.5369841396502928
8850,178,33,0.0,0.5,0.06010851541849343,-0.033257462502130006,0.5366344705104452
8851,178,34,0.0,0.5,0.06502322227542259,-0.03433090030593246,0.5382727286950615
8852,178,35,0.0,0.5,0.06478846380660197,-0.035782605837879566,0.5396855989933843
8853,178,36,0.0,0.5,0.06760988972270968,-0.03481256582018593,0.5390691771447219
8854,178,37,0.0,0.5,0.03986308166562654,-0.049362477981783955,0.5508068604276516
8855,178,38,0.0,0.5,0.05399380532329674,-0.04347047694188019,0.5461460338780506
8856,178,39,0.0,0.5,0.06591421524880108,-0.03931050006412627,0.5433235677303933
8857,178,40,0.0,0.5,0.05170303098498228,-0.08143608572785271,0.5837303531593684
8858,178,41,0.0,0.5,0.06948549482720007,-0.06767707565817187,0.5719138888147364
8859,178,42,0.0,0.5,0.07354216554212407,-0.05299780877505804,0.557866495339737
8860,178,43,0.0,0.5,0.06791811108503228,-0.048704339846497226,0.5528917817979746
8861,178,44,0.0,0.5,0.0628298900419418,-0.052119078386990036,0.5556825278894252
8862,178,45,0.0,0.5,0.06642338383453694,-0.046567538757540244,0.5505889032150081
8863,178,46,0.0,0.5,0.061896685250404725,-0.0436707859889589,0.5471828973778695
8864,178,47,0.0,0.5,0.06614160854763018,-0.04189114550343608,0.5459127457353364
8865,178,48,0.0,0.5,0.07123406080804626,-0.040150026686132136,0.5448268924605628
8866,178,49,0.0,0.5,0.07867050587019972,-0.038146849369007474,0.5438667851410512
8867,179,0,0.1,0.5,0.002223018556833267,-0.08072042465209961,0.5888943451148535
8868,179,1,0.1,0.5,-0.017583817616105078,-0.0870603509247303,0.5987201431328705
8869,179,2,0.1,0.5,-0.028404581807553765,-0.08834580518305302,0.6021947551296571
8870,179,3,0.1,0.5,-0.03395051736012101,-0.08841927032917737,0.6034732627016425
8871,179,4,0.1,0.5,-0.035079942369088526,-0.08803953977301715,0.6033548633821543
8872,179,5,0.1,0.5,-0.023787162558771665,-0.08850443140976129,0.6013823470998115
8873,179,6,0.1,0.5,-0.05187250181990488,-0.1034327938498929,0.622251069506935
8874,179,7,0.1,0.5,-0.07824275745421982,-0.11435943256212397,0.6396936711918751
8875,179,8,0.1,0.5,-0.06603639719316597,-0.10658373050168342,0.628897374221125
8876,179,9,0.1,0.5,-0.09145002542138561,-0.11501047987334559,0.6441203323819952
8877,179,10,0.1,0.5,-0.1081238466972145,-0.12240204597527624,0.6562772603086714
8878,179,11,0.1,0.5,-0.07110279077607619,-0.10848626166095722,0.6320851965055728
8879,179,12,0.1,0.5,-0.06596567312402288,-0.10406375819104186,0.6264484245453854
8880,179,13,0.1,0.5,-0.06427268453603915,-0.10243219460606663,0.6244277892459295
8881,179,14,0.1,0.5,-0.04971211577669931,-0.09891689273607791,0.6173452534967565
8882,179,15,0.1,0.5,-0.04228944937538412,-0.09569050239547533,0.6124487423839842
8883,179,16,0.1,0.5,-0.053910218696851676,-0.10091734138048797,0.6203144417076767
8884,179,17,0.1,0.5,-0.05785363352769752,-0.10195216382386263,0.6223055336007602
8885,179,18,0.1,0.5,-0.038605888739545124,-0.09509434145082417,0.611022804500838
8886,179,19,0.1,0.5,-0.035500484867615784,-0.09108679830007321,0.6064189843037487
8887,179,20,0.1,0.5,-0.02105340879619747,-0.0857154621410449,0.5980940815392484
8888,179,21,0.1,0.5,-0.01814642352384767,-0.08447744256353931,0.5962989671776161
8889,179,22,0.1,0.5,-0.034005391714629615,-0.09047824282713322,0.605493187625435
8890,179,23,0.1,0.5,-0.060294758461276646,-0.10393651224660189,0.6248469575942167
8891,179,24,0.1,0.5,-0.06280108052258886,-0.10453651674828049,0.6260739508248737
8892,179,25,0.1,0.5,-0.042310735140598195,-0.09809240281352183,0.6147901004729253
8893,179,26,0.1,0.5,-0.05541144250636246,-0.10145899659234431,0.6212130399820806
8894,179,27,0.1,0.5,-0.05363635229233366,-0.10943556879050237,0.6285028569964478
8895,179,28,0.1,0.5,-0.04219985149815106,-0.10093343022327314,0.6175287728729777
8896,179,29,0.1,0.5,-0.0705186362044026,-0.11105462147794647,0.6344007847745508
8897,179,30,0.1,0.5,-0.06568946274451481,-0.10569798860750335,0.6279514722235638
8898,179,31,0.1,0.5,-0.0522090938700482,-0.10017026900908564,0.6191703804763107
8899,179,32,0.1,0.5,-0.050627448947158586,-0.09903019177678078,0.6176777469169952
8900,179,33,0.1,0.5,-0.0440466889775286,-0.09713183522655561,0.6142604311254495
8901,179,34,0.1,0.5,-0.03515506546453068,-0.09172733104530767,0.606966330224935
8902,179,35,0.1,0.5,-0.018913793638634685,-0.08669039516064184,0.5986201718045273
8903,179,36,0.1,0.5,-0.025635254286429883,-0.08528868641345559,0.5986209681954051
8904,179,37,0.1,0.5,-0.028402691415837525,-0.0848454318952779,0.5987749413357284
8905,179,38,0.1,0.5,0.011998282390511254,-0.0707804841556702,0.5775245998182255
8906,179,39,0.1,0.5,0.0047929129872454745,-0.0734913575580704,0.5813404567129771
8907,179,40,0.1,0.5,-0.0013978118139889358,-0.07581922655817781,0.5846787989270034
8908,179,41,0.1,0.5,-0.011870304406371768,-0.07783451251051664,0.588564090695517
8909,179,42,0.1,0.5,-0.007619715494395234,-0.07954194099012303,0.5894496284922859
8910,179,43,0.1,0.5,-0.011860491567588505,-0.08124744460197589,0.5919133056707456
8911,179,44,0.1,0.5,-0.013382963179166773,-0.08120995085089018,0.5921661112453013
8912,179,45,0.1,0.5,-0.020895812945595345,-0.08144080166473017,0.5938764210071826
8913,179,46,0.1,0.5,-0.03284164649836388,-0.08564352062461592,0.6005208042141347
8914,179,47,0.1,0.5,-0.016911984412019618,-0.0814741948940602,0.5931109941881467
8915,179,48,0.1,0.5,-0.003829728712341803,-0.0782183209845198,0.587466628232307
8916,180,0,0.2,0.5,-0.040796857327222824,0.2576705515384674,0.3416236058739757
8917,180,1,0.2,0.5,-0.05116854719817639,0.2562304735183716,0.35001317281313843
8918,180,2,0.2,0.5,-0.0699738696590066,0.24345453977584836,0.37242645376004113
8919,180,3,0.2,0.5,-0.07182734134420753,0.23781115144491194,0.3776679703243356
8920,180,4,0.2,0.5,-0.06390313017703593,0.24272638788819312,0.36855742240021977
8921,180,5,0.2,0.5,-0.08699248627658933,0.23635069590508934,0.389712256323751
8922,180,6,0.2,0.5,-0.07866022216365114,0.2371068476954102,0.3830983280372542
8923,180,7,0.2,0.5,-0.09429514864047131,0.22552223856481907,0.40242723073343983
8924,180,8,0.2,0.5,-0.07992520129950674,0.23577652373575264,0.38493137535375405
8925,180,9,0.2,0.5,-0.09447213746498308,0.22891208627883758,0.4002530408490213
8926,180,10,0.2,0.5,-0.09332219477666613,0.22418761173233304,0.4026293375680848
8927,180,11,0.2,0.5,-0.1020448905857527,0.22274516466797828,0.4100016580990201
8928,180,12,0.2,0.5,-0.10847165478691326,0.21926015725214287,0.4170966567991982
8929,180,13,0.2,0.5,-0.10555882484115567,0.21084887015159232,0.4206834574010711
8930,180,14,0.2,0.5,-0.0874173685786941,0.22263892153039289,0.3994219718675031
8931,180,15,0.2,0.5,-0.09313444211229412,0.2154158662894795,0.40855346077625304
8932,180,16,0.2,0.5,-0.08170723433197845,0.22491909342980393,0.39373655029023297
8933,180,17,0.2,0.5,-0.07795467784435467,0.22713963235003953,0.38950171138215883
8934,180,18,0.2,0.5,-0.07191523330709974,0.2287822766225362,0.3840533134585731
8935,180,19,0.2,0.5,-0.08307999265304354,0.2249031019394176,0.394731029389636
8936,180,20,0.2,0.5,-0.06875832341092629,0.23850176895948286,0.3749831479413065
8937,180,21,0.2,0.5,-0.06075016159201127,0.24712276971046548,0.36323207508308825
8938,180,22,0.2,0.5,-0.08107681620984399,0.2376736185053298,0.38447276501561156
8939,180,23,0.2,0.5,-0.046193550121867516,0.2659787979493058,0.3396721759739239
8940,180,24,0.2,0.5,-0.06535598145371546,0.25252586133665456,0.36284603649541125
8941,180,25,0.2,0.5,-0.06519702180735377,0.24698938994775838,0.3665294383463592
8942,180,26,0.2,0.5,-0.05921027062494035,0.2484112674834275,0.36122964264682134
8943,180,27,0.2,0.5,-0.05861494539887639,0.25336530768765614,0.35736586495588574
8944,180,28,0.2,0.5,-0.05633165731129698,0.2573208329550974,0.35298597232406265
8945,180,29,0.2,0.5,-0.060349612989707355,0.2535068087012357,0.3585258907534289
8946,180,30,0.2,0.5,-0.06070742650933911,0.2494630301556538,0.36157590557987856
8947,180,31,0.2,0.5,-0.08152053506051991,0.23669759474129332,0.38546331638144454
8948,180,32,0.2,0.5,-0.07985990122569447,0.24118205735436676,0.38119324725049075
8949,180,33,0.2,0.5,-0.08476854376921049,0.22818142653054116,0.393673037435139
8950,180,34,0.2,0.5,-0.037321262399855185,0.20938754862926684,0.37520258325172506
8951,180,35,0.2,0.5,-0.061852457611115824,0.20630311320689912,0.393477535405696
8952,180,36,0.2,0.5,-0.08940928453390443,0.20962615753538724,0.40996914806127815
8953,180,37,0.2,0.5,-0.10159697623977314,0.2120474846336158,0.41698607552627226
8954,180,38,0.2,0.5,-0.09211107288152451,0.2190797010879753,0.40527162896114083
8955,180,39,0.2,0.5,-0.08545307925388547,0.22568705090629326,0.39589273104720113
8956,180,40,0.2,0.5,-0.06465278270574144,0.24769397860887732,0.36564931809605505
8957,180,41,0.2,0.5,-0.07969259338490378,0.23926289479222057,0.38237649617426245
8958,180,42,0.2,0.5,-0.08347473424512691,0.23873978326917,0.3855059348461261
8959,180,43,0.2,0.5,-0.0771709089953401,0.2389279462808392,0.38076545277433393
8960,180,44,0.2,0.5,-0.09941778519104806,0.2320830961604729,0.40178411796843216
8961,180,45,0.2,0.5,-0.10044486281122386,0.2243334793426464,0.4077488763945111
8962,180,46,0.2,0.5,-0.0902323580760949,0.2270777906342853,0.3983984864924484
8963,180,47,0.2,0.5,-0.0739415836717124,0.241116577362533,0.37691460276971916
8964,180,48,0.2,0.5,-0.08294965666232552,0.23038010327305486,0.39083934924259667
8965,180,49,0.2,0.5,-0.09793128608851265,0.2271833481371429,0.40397026717818546
8966,181,0,0.3,0.5,-0.023811176419258118,0.42323631048202515,0.33278572986598437
8967,181,1,0.3,0.5,-0.02188373878598213,0.4194457322359085,0.3318103846323248
8968,181,2,0.3,0.5,-0.023863706476986407,0.4146289291977882,0.334926738411444
8969,181,3,0.3,0.5,-0.05137986187264323,0.39843481323122976,0.3657639874195011
8970,181,4,0.3,0.5,-0.07138709744699298,0.39099263229668135,0.38705423697940416
8971,181,5,0.3,0.5,-0.058082267787270235,0.39466441825121634,0.37325392869470103
8972,181,6,0.3,0.5,-0.04830733473335578,0.3970637938237488,0.3631994795852737
8973,181,7,0.3,0.5,-0.043042584877852716,0.399524076243183,0.3574543695277266
8974,181,8,0.3,0.5,-0.039574262981763364,0.39956844490961096,0.35411463869414045
8975,181,9,0.3,0.5,-0.0665936124718245,0.38670321851508915,0.3837017557947603
8976,181,10,0.3,0.5,-0.05375234824192915,0.3919721423057314,0.36987936131216115
8977,181,11,0.3,0.5,-0.047771314822044726,0.3914901261456129,0.3643065743806289
8978,181,12,0.3,0.5,-0.043308737406814825,0.39539235745361667,0.35889225132199953
8979,181,13,0.3,0.5,-0.03653555092292956,0.39362532735013817,0.35294723120654303
8980,181,14,0.3,0.5,-0.03472743217105222,0.39654164600472347,0.3503513734227944
8981,181,15,0.3,0.5,-0.045791128513894344,0.3988594796426146,0.3602789327966254
8982,181,16,0.3,0.5,-0.03935346873241395,0.4032445401268138,0.35287730977776566
8983,181,17,0.3,0.5,-0.03799251328057459,0.40504902752457594,0.3510763822984225
8984,181,18,0.3,0.5,-0.036528465669378514,0.404945413336684,0.3496952711311949
8985,181,19,0.3,0.5,-0.035425045852579086,0.4000777642387855,0.34999202074436575
8986,181,20,0.3,0.5,-0.034091809898915075,0.3979195682526723,0.34933902156394386
8987,181,21,0.3,0.5,-0.03244309062233719,0.40225530463703135,0.3465146951777529
8988,181,22,0.3,0.5,-0.03240950956076192,0.406021883674198,0.34543880557136636
8989,181,23,0.3,0.5,-0.033786043280272335,0.40641871036232863,0.3466562857629291
8990,181,24,0.3,0.5,-0.03644988370710219,0.4059888776024078,0.3493373947646854
8991,181,25,0.3,0.5,-0.03200754637958132,0.40430136413533746,0.3455245863312003
8992,181,26,0.3,0.5,-0.03135660687644348,0.4030795497080831,0.3452401694552038
8993,181,27,0.3,0.5,-0.03387889245839264,0.4024830323126717,0.34782851208055726
8994,181,28,0.3,0.5,-0.0386905117410813,0.3996268951065105,0.3532506517041334
8995,181,29,0.3,0.5,-0.03689304371723293,0.40162325900959306,0.35096282719535277
8996,181,30,0.3,0.5,-0.03200038488739859,0.4022098283123685,0.34610283622657184
8997,181,31,0.3,0.5,-0.03312494358642788,0.4009733537938395,0.3475320196734408
8998,181,32,0.3,0.5,-0.03232906585789446,0.40488449613991767,0.34567262993841164
8999,181,33,0.3,0.5,-0.033337479736404683,0.40086834149082873,0.3477656698350154
9000,181,34,0.3,0.5,-0.03140886184741849,0.4013058410243617,0.3457923809555524
9001,181,35,0.3,0.5,-0.03073054219304379,0.4031140472799041,0.3446296263726979
9002,181,36,0.3,0.5,-0.03129270849638382,0.4035050249513634,0.34505961646142674
9003,181,37,0.3,0.5,-0.03160555635501185,0.40091928675687843,0.3460913647323241
9004,181,38,0.3,0.5,-0.030986445593103443,0.4022605437481559,0.3451159638074752
9005,181,39,0.3,0.5,-0.028479433271373582,0.4039926243733276,0.34222237544760825
9006,181,40,0.3,0.5,-0.02989430002784698,0.39991208106653253,0.34474315179172954
9007,181,41,0.3,0.5,-0.02959064875484683,0.40286608967446735,0.3436058676474682
9008,181,42,0.3,0.5,-0.03407918663431033,0.40105043255571937,0.34842491277124915
9009,181,43,0.3,0.5,-0.03258673680202342,0.40110441230037897,0.34697878143061117
9010,181,44,0.3,0.5,-0.03254128615223689,0.40161598352203126,0.3467897370080624
9011,181,45,0.3,0.5,-0.02918367009971863,0.4040447308552915,0.3428838029667686
9012,181,46,0.3,0.5,-0.03063233812779216,0.40349689461319227,0.3444279204204386
9013,181,47,0.3,0.5,-0.030381757607966856,0.4017062866317233,0.3446937188981753
9014,181,48,0.3,0.5,-0.029692350589868563,0.40235125705986224,0.34384927371635077
9015,182,0,0.4,0.5,-0.04229681193828583,0.29900622367858887,0.4858240092571721
9016,182,1,0.4,0.5,-0.03527993857860565,0.30202279686927797,0.47818782699736084
9017,182,2,0.4,0.5,-0.0397189761698246,0.29881438851356507,0.48355809193209615
9018,182,3,0.4,0.5,-0.0326822125762701,0.30300841498374936,0.4754151676662318
9019,182,4,0.4,0.5,-0.025418877024948595,0.30735386846065516,0.46700508875840196
9020,182,5,0.4,0.5,-0.021073665066212416,0.3104444126915931,0.4617730525833312
9021,182,6,0.4,0.5,-0.02927864873464405,0.3044862435700893,0.4717051909962157
9022,182,7,0.4,0.5,-0.03147472253778427,0.3042042543997049,0.473821074018699
9023,182,8,0.4,0.5,-0.041459109812351014,0.297658296759603,0.4856215712944991
9024,182,9,0.4,0.5,-0.0381982309128447,0.3005986766367895,0.4814338763881769
9025,182,10,0.4,0.5,-0.03808922869502729,0.2973307370588004,0.4826976304476054
9026,182,11,0.4,0.5,-0.023848985997611857,0.30476551648093997,0.4666524043505593
9027,182,12,0.4,0.5,-0.03363035470986585,0.29962881085554377,0.47768598259208694
9028,182,13,0.4,0.5,-0.030913356771279907,0.29934647653595337,0.4753400440973063
9029,182,14,0.4,0.5,-0.027003681715475195,0.3044306485043665,0.46965893523172053
9030,182,15,0.4,0.5,-0.02349105451435116,0.3068378640940478,0.4654635152205022
9031,182,16,0.4,0.5,-6.291103115863353e-05,0.31828308916205994,0.4393988717181789
9032,182,17,0.4,0.5,-0.04290608646696638,0.3002834972866414,0.4858523262119251
9033,182,18,0.4,0.5,-0.04004307769296647,0.3006272385507451,0.48310186113634423
9034,182,19,0.4,0.5,-0.03374270414601422,0.3033566255363562,0.47623665348264166
9035,182,20,0.4,0.5,-0.041841052926614476,0.299315794834983,0.48528101781752603
9036,182,21,0.4,0.5,-0.03879218356800498,0.3019378107494554,0.48142207175315127
9037,182,22,0.4,0.5,-0.036002315170016834,0.30312131098851647,0.47839234632307315
9038,182,23,0.4,0.5,-0.03794188992233362,0.3028541950023329,0.48027030657424946
9039,182,24,0.4,0.5,-0.02667747425273955,0.3065686209346164,0.46847557614227164
9040,182,25,0.4,0.5,-0.025095805809548795,0.3081279951673464,0.4663917991939518
9041,182,26,0.4,0.5,-0.03780265246824017,0.2964643389820259,0.4828021621888725
9042,182,27,0.4,0.5,-0.033036424880195786,0.30084754681462456,0.47663638644439915
9043,182,28,0.4,0.5,-0.024230317190764735,0.30809166092785284,0.4656180544493599
9044,182,29,0.4,0.5,-0.02628387928340323,0.30757804752765555,0.46770092316583717
9045,182,30,0.4,0.5,-0.0205532133006398,0.31049628485207675,0.4612772087068238
9046,182,31,0.4,0.5,-0.021997867633535548,0.309229714674507,0.4631149987318712
9047,182,32,0.4,0.5,-0.019848989473525543,0.3112022967159034,0.4603452473169354
9048,182,33,0.4,0.5,-0.0561728089240399,0.2948423031681276,0.5001832785799692
9049,182,34,0.4,0.5,-0.047300212848290286,0.2992833527524717,0.4902699795994188
9050,182,35,0.4,0.5,-0.04508740359313601,0.29719977784351637,0.48911218237128207
9051,182,36,0.4,0.5,-0.036143344344070745,0.30265592084067355,0.4787125467280685
9052,182,37,0.4,0.5,-0.021109704614639117,0.3121406811676035,0.46111224988369226
9053,182,38,0.4,0.5,-0.017592442143630864,0.3138526166221626,0.4572026859871859
9054,182,39,0.4,0.5,-0.022857071683874047,0.31090552800087023,0.4632114230172769
9055,182,40,0.4,0.5,-0.05810819090232175,0.2937869244340213,0.5023812766278001
9056,182,41,0.4,0.5,-0.056062281524910974,0.2924826879765795,0.5010551261279869
9057,182,42,0.4,0.5,-0.04682137621148637,0.29711842612687195,0.49072423544875404
9058,182,43,0.4,0.5,-0.039694057895669814,0.3005492662726284,0.48281617592324677
9059,182,44,0.4,0.5,-0.04235111613646212,0.3010186535852063,0.48504441669626297
9060,182,45,0.4,0.5,-0.03746352594547017,0.3033337581074075,0.4796373080076224
9061,182,46,0.4,0.5,-0.06902895670152487,0.2896178177536612,0.5140513834542736
9062,182,47,0.4,0.5,-0.05751976828487462,0.2929382997829476,0.5021940721157726
9063,182,48,0.4,0.5,-0.046371765285712706,0.2975006187612942,0.49015686493850325
9064,182,49,0.4,0.5,-0.07768702720104412,0.28780232064511296,0.5226975713352517
9065,183,0,0.5,0.5,0.005078155547380447,0.5148903131484985,0.49514579018915555
9066,183,1,0.5,0.5,0.0048488333821296685,0.5125749588012695,0.4953108189731894
9067,183,2,0.5,0.5,-0.049607214480638505,0.4908126360177993,0.5496839981899674
9068,183,3,0.5,0.5,-0.10814213554561139,0.4566838489174842,0.6096828240737803
9069,183,4,0.5,0.5,-0.1334906743004918,0.43412769460082046,0.6369062686489234
9070,183,5,0.5,0.5,-0.08671017296358942,0.4551543517547845,0.5884215829025127
9071,183,6,0.5,0.5,-0.06596710299523173,0.47080849474138015,0.5667194240998621
9072,183,7,0.5,0.5,-0.0357833339328572,0.48645410940871825,0.5359545429158321
9073,183,8,0.5,0.5,-0.0493866871782644,0.4732121477929585,0.5500393813851645
9074,183,9,0.5,0.5,-0.03897281969010356,0.4866482908810658,0.5391381719940609
9075,183,10,0.5,0.5,-0.038749209931429884,0.48397437897322954,0.5389875060991985
9076,183,11,0.5,0.5,-0.01955593931044704,0.4911848417609817,0.5196307160739633
9077,183,12,0.5,0.5,-0.008980997802375717,0.49405344309239785,0.509015734199796
9078,183,13,0.5,0.5,-0.018311069415103666,0.48936945982059277,0.5184200739388227
9079,183,14,0.5,0.5,-0.009198246105774134,0.5010981495290627,0.509199430252612
9080,183,15,0.5,0.5,0.0009572514464609595,0.4822292223152261,0.49935905461240254
9081,183,16,0.5,0.5,0.004886387884528134,0.4919737265709756,0.49517866469304533
9082,183,17,0.5,0.5,0.004726291567025071,0.5004727264585697,0.4952739340357577
9083,183,18,0.5,0.5,-0.0004895010501581036,0.4952667548497341,0.5005118822476532
9084,183,19,0.5,0.5,-0.004171054833859833,0.4979599730141834,0.504175182096848
9085,183,20,0.5,0.5,-0.007240035028866373,0.49344904235775394,0.50728233576788
9086,183,21,0.5,0.5,0.003976967658472052,0.5012929986739415,0.49602471758860495
9087,183,22,0.5,0.5,0.01120172883879184,0.5049063648359955,0.48882289462144657
9088,183,23,0.5,0.5,0.018997333318667882,0.5126665830516701,0.4811694168177748
9089,183,24,0.5,0.5,0.04311898902999768,0.5185222387247006,0.4572563083352117
9090,183,25,0.5,0.5,0.0126155698216278,0.4945277851773206,0.4874151494520478
9091,183,26,0.5,0.5,0.019490017616890176,0.502178438242975,0.4805149204374355
9092,183,27,0.5,0.5,0.008386478336552393,0.5033284777558766,0.49162478929210685
9093,183,28,0.5,0.5,0.006891790388355382,0.5103580184688017,0.49321698564932015
9094,183,29,0.5,0.5,0.010934526573450176,0.5126801728742214,0.4892298274656355
9095,183,30,0.5,0.5,0.022220682497403586,0.5200473248636548,0.47819971922559273
9096,183,31,0.5,0.5,0.0005816035985023726,0.5154320782197591,0.49965676589277186
9097,183,32,0.5,0.5,0.0053098452054808195,0.5164739499530349,0.4949643828374729
9098,183,33,0.5,0.5,0.013439517108037546,0.5171519048043893,0.4868627027720223
9099,183,34,0.5,0.5,0.020433429749016095,0.5163944094300433,0.4798467171533549
9100,183,35,0.5,0.5,0.028519318709614765,0.5216700544202442,0.47197841485455894
9101,183,36,0.5,0.5,0.03093652064292632,0.5194299595724423,0.46946572930891417
9102,183,37,0.5,0.5,0.032526541941188786,0.5185586059112961,0.46784169955534527
9103,183,38,0.5,0.5,0.0198451894620817,0.5068210135711958,0.48020325728678964
9104,183,39,0.5,0.5,0.023872800684952015,0.5107683201203357,0.4762489544826376
9105,183,40,0.5,0.5,-0.02291806974819472,0.4800504209298618,0.5232984744619973
9106,183,41,0.5,0.5,-0.02050886099207222,0.4843567056645064,0.5207438785323658
9107,183,42,0.5,0.5,-0.02461551136044138,0.4886517167322214,0.52473823787971
9108,183,43,0.5,0.5,-0.013319692059231118,0.49575634481138614,0.5133372330789417
9109,183,44,0.5,0.5,-0.04269826981495879,0.485532474290715,0.5428910768840272
9110,183,45,0.5,0.5,-0.018178753814595376,0.4947343967755342,0.5182055069971415
9111,183,46,0.5,0.5,-0.06119556370680353,0.4685284487088316,0.5620773249872918
9112,183,47,0.5,0.5,-0.03360280891570821,0.47735889794189285,0.5340829309996149
9113,183,48,0.5,0.5,-0.023919599257105212,0.46508236755163457,0.5250818865105945
9114,184,0,-1.0,0.6,-0.3320876657962799,0.08256960660219193,0.8448911753553071
9115,184,1,-1.0,0.6,-0.2085601858794689,0.1698078267276287,0.900800913254392
9116,184,2,-1.0,0.6,-0.09847123630344867,0.19308799572288987,0.989106410350801
9117,184,3,-1.0,0.6,-0.1705532485768199,0.14698514538258312,0.9450949010287306
9118,184,4,-1.0,0.6,-0.016728656507283432,0.2208194746382534,1.053850276722259
9119,184,5,-1.0,0.6,-0.06983750751785933,0.22031654215507204,1.0046699908834094
9120,184,6,-1.0,0.6,-0.025518615631468587,0.217748238222368,1.0467714066895948
9121,184,7,-1.0,0.6,-0.051599954279010735,0.18314046015699426,1.0359703290546969
9122,184,8,-1.0,0.6,-0.02461152776899106,0.23679734414072637,1.0408164300126952
9123,184,9,-1.0,0.6,-0.0032099577623160343,0.28258653781489795,1.0461078788922953
9124,184,10,-1.0,0.6,-0.0910727923101471,0.23222448712759597,0.9805138942143721
9125,184,11,-1.0,0.6,0.02519785548345245,0.2334597180318968,1.0887526905560905
9126,184,12,-1.0,0.6,0.05866530865000882,0.22509353945876115,1.123088193284293
9127,184,13,-1.0,0.6,0.060734095481008665,0.20401384098487563,1.1322375455033564
9128,184,14,-1.0,0.6,0.019053518886247536,0.20240689331501946,1.0938694404899783
9129,184,15,-1.0,0.6,0.04808542512895215,0.22281614055183685,1.1138899057788199
9130,184,16,-1.0,0.6,-0.012610632497776712,0.24391986804170418,1.0496336615371469
9131,184,17,-1.0,0.6,-0.03928269229640207,0.28713907414549694,1.0103760212157584
9132,184,18,-1.0,0.6,-0.0030795342983479176,0.25906211216958236,1.0536076396330207
9133,184,19,-1.0,0.6,-0.034710690884110565,0.26357144172785985,1.0222365798162878
9134,184,20,-1.0,0.6,-0.023410222287796004,0.21183460244594826,1.0509043580603648
9135,184,21,-1.0,0.6,0.04204466944031374,0.234267295423559,1.104362940480063
9136,184,22,-1.0,0.6,0.04272721338833092,0.29702663194774404,1.0858512344191176
9137,184,23,-1.0,0.6,0.06566731895005011,0.28997365673529274,1.1098482635911424
9138,184,24,-1.0,0.6,0.06544322406745665,0.2769177777380051,1.113351420735163
9139,184,25,-1.0,0.6,0.039117370867209615,0.3010062164035649,1.0812780368930528
9140,184,26,-1.0,0.6,0.020164025576347,0.30975219708453094,1.0606500017335572
9141,184,27,-1.0,0.6,0.00891547083954386,0.30405899357040056,1.05142356193208
9142,184,28,-1.0,0.6,0.036595458299619556,0.2860945381707701,1.0830820758989692
9143,184,29,-1.0,0.6,0.103637515661609,0.27547142829405535,1.1503627948735253
9144,184,30,-1.0,0.6,-0.00784882365639579,0.2361340318931648,1.0567697949252344
9145,184,31,-1.0,0.6,-0.04865649860384961,0.21233737233971117,1.0272958534585677
9146,184,32,-1.0,0.6,0.0002818302323616545,0.23225190773195215,1.0657403057310877
9147,184,33,-1.0,0.6,0.011874215524110983,0.23238224212537537,1.0765835982158103
9148,184,34,-1.0,0.6,0.021504322145878923,0.2007406189734462,1.0967584663454475
9149,184,35,-1.0,0.6,0.033543508368879316,0.2166942958321478,1.102331822338022
9150,184,36,-1.0,0.6,-0.06838007988263684,0.17291687384251894,1.024849097286
9151,184,37,-1.0,0.6,-0.007314542484389362,0.1816037890166332,1.0772556831728552
9152,184,38,-1.0,0.6,0.07786923578731751,0.2093688456014,1.14647057888265
9153,184,39,-1.0,0.6,0.08439231690711553,0.28136277153657296,1.1302373115103024
9154,184,40,-1.0,0.6,0.03606468830369654,0.20937222806807848,1.1072579169074985
9155,184,41,-1.0,0.6,0.039679220822492436,0.22964649893579428,1.1036732297018805
9156,184,42,-1.0,0.6,0.05822772463652237,0.2321656490208336,1.120333890833289
9157,184,43,-1.0,0.6,0.06929333906715035,0.19195915722739096,1.1445023260544107
9158,184,44,-1.0,0.6,0.06027649324080788,0.17894175325556572,1.1408226370784031
9159,184,45,-1.0,0.6,0.06388805420854697,0.1877618498832661,1.1409636647585737
9160,184,46,-1.0,0.6,0.08533426104149527,0.14247589243565745,1.177827987098726
9161,184,47,-1.0,0.6,0.07252128680261885,0.12549375969350657,1.1727992508245173
9162,184,48,-1.0,0.6,0.040163480806341176,0.10173385413712487,1.1533469638041312
9163,185,0,-0.8,0.6,0.17940935492515564,0.30298781394958496,1.023454406985165
9164,185,1,-0.8,0.6,0.15237759873270987,0.2793254777789116,1.004915538624817
9165,185,2,-0.8,0.6,0.15235957629978655,0.29781209602952,0.9991527870531018
9166,185,3,-0.8,0.6,0.1705166467949748,0.3133433672040701,1.011965704375431
9167,185,4,-0.8,0.6,0.02231131079271434,0.2907430632486939,0.8785418287061996
9168,185,5,-0.8,0.6,0.06951922334961591,0.3245800298951566,0.9120963982535355
9169,185,6,-0.8,0.6,0.11895965745461731,0.3502787792436033,0.9522854299658127
9170,185,7,-0.8,0.6,0.04169349717387481,0.3235902767008766,0.8859177604716397
9171,185,8,-0.8,0.6,0.07989261838895327,0.3415154890654839,0.9170742948575236
9172,185,9,-0.8,0.6,0.11577634220492414,0.3274586015449812,0.9554711522668007
9173,185,10,-0.8,0.6,0.12204571608324943,0.31990193917898285,0.9636509877664042
9174,185,11,-0.8,0.6,0.16315209200515418,0.3085897059856212,1.006271291348139
9175,185,12,-0.8,0.6,0.2109804404911781,0.36395424347448835,1.038171012034837
9176,185,13,-0.8,0.6,0.1980719176129668,0.34875482736955027,1.0292092544753615
9177,185,14,-0.8,0.6,0.20543202708535574,0.38326477997750996,1.028526964492018
9178,185,15,-0.8,0.6,0.17127628813446788,0.3513094514139063,1.002608905230909
9179,185,16,-0.8,0.6,0.17765814347250122,0.3305238505869405,1.0141167785815337
9180,185,17,-0.8,0.6,0.18218789297568797,0.3553639575311052,1.0121955593574121
9181,185,18,-0.8,0.6,0.1618373024837136,0.3291944600272134,0.9992330243387173
9182,185,19,-0.8,0.6,0.1623846183084619,0.29115958173966094,1.0107257578136342
9183,185,20,-0.8,0.6,0.04991822966975176,0.24681199701554554,0.9203818569360829
9184,185,21,-0.8,0.6,0.07868196338742517,0.30274413405208667,0.9276006913660771
9185,185,22,-0.8,0.6,0.08632174098720828,0.30878791575475745,0.9329366037180952
9186,185,23,-0.8,0.6,0.12094537590902522,0.3035599942544197,0.9674797478059453
9187,185,24,-0.8,0.6,0.1586752734827303,0.30336715071175163,1.003518473803075
9188,185,25,-0.8,0.6,0.1689296207401268,0.2914931953166084,1.0168584259785443
9189,185,26,-0.8,0.6,0.16307675928882545,0.28880095840989645,1.012107547530827
9190,185,27,-0.8,0.6,0.1443510173629547,0.28247016621678434,0.9963051938722614
9191,185,28,-0.8,0.6,0.14049405984178953,0.2929609921289936,0.989344241885555
9192,185,29,-0.8,0.6,0.16004656446444035,0.31222315377984633,1.0022499284910888
9193,185,30,-0.8,0.6,0.1809287904175811,0.3512639346013062,1.0119737754013798
9194,185,31,-0.8,0.6,0.06472757626880059,0.313707614402246,0.9108880892903186
9195,185,32,-0.8,0.6,0.08590078173593874,0.3153311571699282,0.9305141294781931
9196,185,33,-0.8,0.6,0.1144156681792074,0.2946069452022841,0.9640647966450737
9197,185,34,-0.8,0.6,0.12487491757743492,0.3175841270882617,0.9670327494125348
9198,185,35,-0.8,0.6,0.13851881477982853,0.3019726067085178,0.984701930965838
9199,185,36,-0.8,0.6,0.12905820849166053,0.29984719480170585,0.9763405457288655
9200,185,37,-0.8,0.6,0.1281650339547596,0.3067729239420657,0.9733819642821238
9201,185,38,-0.8,0.6,0.16951943163957806,0.31449425074752124,1.0106836602928484
9202,185,39,-0.8,0.6,0.17643387821734574,0.34451652961281104,1.0093041772288711
9203,185,40,-0.8,0.6,0.08553448016637999,0.29016227054710203,0.9381741491621202
9204,185,41,-0.8,0.6,0.12451995101209587,0.2867776520021807,0.9761379918355167
9205,185,42,-0.8,0.6,0.14333845258400116,0.2888203488665457,0.9933379140066668
9206,185,43,-0.8,0.6,0.1652563527867366,0.2949282327109917,1.0123184330002057
9207,185,44,-0.8,0.6,0.19206784774379115,0.25913764180442106,1.0489927367535246
9208,185,45,-0.8,0.6,0.18370310591321512,0.31253003973951227,1.0248467098232168
9209,185,46,-0.8,0.6,0.18284062036537058,0.3089443467997829,1.0250312572307205
9210,185,47,-0.8,0.6,0.1687943194514915,0.3429647610644821,1.002312100822951
9211,185,48,-0.8,0.6,0.1829823064748926,0.3414010622344639,1.0164288590236719
9212,185,49,-0.8,0.6,0.0694014266690749,0.2870368721852261,0.9240155626751259
9213,186,0,-0.6,0.6,-0.08972351998090744,0.25763824582099915,0.6144864984563925
9214,186,1,-0.6,0.6,-0.10859005525708199,0.24948771893978117,0.6036079795415858
9215,186,2,-0.6,0.6,-0.13961291722953317,0.2624429252743721,0.5708774340252238
9216,186,3,-0.6,0.6,-0.1505405931547284,0.25062991538643836,0.569274287514016
9217,186,4,-0.6,0.6,-0.16141041420027613,0.24173004678189752,0.5663198602829276
9218,186,5,-0.6,0.6,-0.10889200604446232,0.2764461783161759,0.5881106505184549
9219,186,6,-0.6,0.6,-0.14403391148190944,0.273403198849529,0.5608658880696948
9220,186,7,-0.6,0.6,-0.1396409530031569,0.26328961643771226,0.5703545691501949
9221,186,8,-0.6,0.6,-0.11903279135739017,0.2865141979380163,0.5741104457192091
9222,186,9,-0.6,0.6,-0.11694832644940063,0.26377380699580893,0.5885464910966052
9223,186,10,-0.6,0.6,-0.18302647969580144,0.2662132647381841,0.5341165615028404
9224,186,11,-0.6,0.6,-0.20115001788754777,0.2634961075308554,0.521839226082123
9225,186,12,-0.6,0.6,-0.18513763600303393,0.25561048256415553,0.539179859398369
9226,186,13,-0.6,0.6,-0.15517752252618036,0.24985037562192378,0.5661022839717701
9227,186,14,-0.6,0.6,-0.16393560884217115,0.25298354051370053,0.5572903878502252
9228,186,15,-0.6,0.6,-0.16299091480646316,0.2579392702907427,0.5549616953907013
9229,186,16,-0.6,0.6,-0.15829334250819332,0.2604216394892407,0.5571518950876497
9230,186,17,-0.6,0.6,-0.1597141470930194,0.2545742611735811,0.559616451968493
9231,186,18,-0.6,0.6,-0.15428473477511112,0.2739695046797221,0.5522300078167419
9232,186,19,-0.6,0.6,-0.21248338070972714,0.2879218274472532,0.49755594259341757
9233,186,20,-0.6,0.6,-0.1810946518006401,0.29558768469918406,0.5178306175351456
9234,186,21,-0.6,0.6,-0.177237374352985,0.274305264842312,0.5336715264592956
9235,186,22,-0.6,0.6,-0.16287151270836725,0.27102603761778304,0.5470879109679974
9236,186,23,-0.6,0.6,-0.16232248152902815,0.2536055929849368,0.5581672647031758
9237,186,24,-0.6,0.6,-0.1011450586609817,0.2897137980831539,0.5874808759426448
9238,186,25,-0.6,0.6,-0.18848417684683635,0.2921764688512695,0.5139071891249424
9239,186,26,-0.6,0.6,-0.19653884609217048,0.2878590738549539,0.510110635536375
9240,186,27,-0.6,0.6,-0.18388435073467313,0.2728835971198773,0.5292989463400954
9241,186,28,-0.6,0.6,-0.18137501060406916,0.2723640433678634,0.531594019741568
9242,186,29,-0.6,0.6,-0.15047067916004245,0.26463825525946666,0.5608423219856434
9243,186,30,-0.6,0.6,-0.21349767209019133,0.28190602774893314,0.5005675026029593
9244,186,31,-0.6,0.6,-0.2125172431533347,0.2711775480790193,0.5081998541330148
9245,186,32,-0.6,0.6,-0.20542737451050352,0.2728318219739475,0.5125686036996036
9246,186,33,-0.6,0.6,-0.23090200448828507,0.2876801929623678,0.48350490396560586
9247,186,34,-0.6,0.6,-0.21647006946164665,0.27609216066455405,0.5020074660816423
9248,186,35,-0.6,0.6,-0.19692417556197253,0.26604970519323046,0.5234433299297296
9249,186,36,-0.6,0.6,-0.18643216194615328,0.2625535106381299,0.5337681986173244
9250,186,37,-0.6,0.6,-0.19049271078242752,0.2631912333770956,0.5302229391457584
9251,186,38,-0.6,0.6,-0.17912652186486844,0.27069485307763574,0.534393454663437
9252,186,39,-0.6,0.6,-0.15279075914972629,0.27561144912959523,0.5524708472287739
9253,186,40,-0.6,0.6,-0.1462156801427158,0.27736217498088844,0.5567902433425004
9254,186,41,-0.6,0.6,-0.18093772434227928,0.2773094048451729,0.5289068075576301
9255,186,42,-0.6,0.6,-0.23414860657973374,0.3013715862478756,0.47225646799981513
9256,186,43,-0.6,0.6,-0.21923916781431732,0.2865040623617331,0.4932124433167007
9257,186,44,-0.6,0.6,-0.18340988229851335,0.2767747507920376,0.5272778090267861
9258,186,45,-0.6,0.6,-0.19998988201020446,0.2797905322413999,0.5123887174172126
9259,186,46,-0.6,0.6,-0.1706706383114934,0.27630764460076396,0.5376806131447979
9260,186,47,-0.6,0.6,-0.2071775206724918,0.2783399626697764,0.5077151562444157
9261,186,48,-0.6,0.6,-0.22464428009192955,0.28496956661939277,0.49003682557913847
9262,186,49,-0.6,0.6,-0.21647874874989753,0.27235037719130273,0.504423260255835
9263,187,0,-0.4,0.6,0.09077366441488266,0.21572548151016235,0.6233182936861459
9264,187,1,-0.4,0.6,0.04165541231632233,0.19534229785203933,0.5990053081033325
9265,187,2,-0.4,0.6,-0.018718888163566587,0.1925640134513378,0.5580137716742379
9266,187,3,-0.4,0.6,-0.00013523510098457057,0.18377545078098773,0.5771782268765124
9267,187,4,-0.4,0.6,-0.08830580460727214,0.14858415220826862,0.5485704504245992
9268,187,5,-0.4,0.6,-0.06210798415929078,0.17553703731551762,0.5425309401866278
9269,187,6,-0.4,0.6,-0.11969467973086237,0.15474265240012106,0.5261417852279585
9270,187,7,-0.4,0.6,-0.11659894568484126,0.1732013572818532,0.5123214215831658
9271,187,8,-0.4,0.6,-0.0919561501883742,0.2041245435373531,0.5016058118047243
9272,187,9,-0.4,0.6,-0.0684447518567536,0.2202749276446881,0.5041031770843907
9273,187,10,-0.4,0.6,-0.05763778173488434,0.2323565798005767,0.5023679656500207
9274,187,11,-0.4,0.6,-0.06155866368108431,0.23478126942127098,0.49792294513797175
9275,187,12,-0.4,0.6,0.019426256533012706,0.2737252800991774,0.5313883490590068
9276,187,13,-0.4,0.6,0.014848429790022117,0.2695362928044248,0.5303823917445692
9277,187,14,-0.4,0.6,-0.00813513206281513,0.2539308904381607,0.5228019733286703
9278,187,15,-0.4,0.6,-0.05775631412651911,0.23506474367185531,0.5003083867291798
9279,187,16,-0.4,0.6,-0.07524933205396675,0.22609445810300974,0.49524574767753093
9280,187,17,-0.4,0.6,-0.063268703723406,0.23108668279635913,0.4994847360053253
9281,187,18,-0.4,0.6,-0.04266634633453552,0.24000940527907616,0.5072283197234108
9282,187,19,-0.4,0.6,-0.049049654952866874,0.2388886239575756,0.5035549330469865
9283,187,20,-0.4,0.6,-0.08155091310195936,0.2227086443218776,0.49371913879819496
9284,187,21,-0.4,0.6,-0.08539484434581765,0.22779187688819885,0.48735540509427205
9285,187,22,-0.4,0.6,-0.0662831574209519,0.2294594952535095,0.49866541556309385
9286,187,23,-0.4,0.6,-0.049818196561891966,0.2271291694392784,0.5115270782101453
9287,187,24,-0.4,0.6,-0.015500836140783025,0.24156829386403328,0.5256547298103357
9288,187,25,-0.4,0.6,-0.02346271988929309,0.23602522828792644,0.5236964366462932
9289,187,26,-0.4,0.6,-0.10883740387386777,0.20408859494358872,0.4914483676202933
9290,187,27,-0.4,0.6,-0.15591388008414397,0.17840946664533416,0.4871515285307532
9291,187,28,-0.4,0.6,-0.11752079333358091,0.18812507753655294,0.4994351348805569
9292,187,29,-0.4,0.6,-0.08695823447252468,0.1339746772553472,0.5614042646826052
9293,187,30,-0.4,0.6,-0.06477475734990447,0.16605905408801275,0.5483436038186328
9294,187,31,-0.4,0.6,-0.03804189588337269,0.198847492541861,0.5403119500581637
9295,187,32,-0.4,0.6,-0.004781918853485466,0.22491455277223785,0.5448728515784057
9296,187,33,-0.4,0.6,-0.0050204694181429504,0.22828826149596354,0.5423821956151929
9297,187,34,-0.4,0.6,-0.002515366667193473,0.24317408391044043,0.5341523828729673
9298,187,35,-0.4,0.6,-0.027815659041779846,0.25455395233376676,0.5077934181364762
9299,187,36,-0.4,0.6,-0.0501803859441522,0.23778700973809458,0.5035593437646187
9300,187,37,-0.4,0.6,-0.014576192752354371,0.25128031772727255,0.5197662243717479
9301,187,38,-0.4,0.6,-0.043776625632328904,0.23836387347825505,0.5076177503314295
9302,187,39,-0.4,0.6,-0.05519962580736297,0.23024999108069832,0.5055713274496548
9303,187,40,-0.4,0.6,-0.07455100308075618,0.22612733596868895,0.4956791487500877
9304,187,41,-0.4,0.6,-0.09053097350548257,0.2149512655339172,0.4939975771938525
9305,187,42,-0.4,0.6,-0.0884066738506693,0.2154957215747308,0.4949080126934096
9306,187,43,-0.4,0.6,-0.05541650900983581,0.24104724452224868,0.49757900169524727
9307,187,44,-0.4,0.6,-0.04127978461305934,0.24827543683577824,0.5023846745874277
9308,187,45,-0.4,0.6,-0.06148426407699234,0.24443401944051654,0.49093794923464856
9309,187,46,-0.4,0.6,-0.04817214394000285,0.25745131011791356,0.49104220311466906
9310,187,47,-0.4,0.6,-0.0351847343054511,0.26171050176214306,0.49752383129032657
9311,187,48,-0.4,0.6,-0.011895739057160265,0.2647060532732187,0.5128810272115839
9312,187,49,-0.4,0.6,-0.023414760443516362,0.2562760557288294,0.5098652689849985
9313,188,0,-0.2,0.6,0.24995961785316467,0.2250465601682663,0.5857078962590615
9314,188,1,-0.2,0.6,0.2476365566253662,0.22301578819751738,0.5852312216344526
9315,188,2,-0.2,0.6,0.23592973351478574,0.21896465480327604,0.5789841680490571
9316,188,3,-0.2,0.6,0.22974210798740385,0.2171667109131813,0.5755341923904167
9317,188,4,-0.2,0.6,0.22248012596368785,0.2142173035085201,0.572116898672405
9318,188,5,-0.2,0.6,0.22827408851981157,0.21715691568434237,0.574445403938269
9319,188,6,-0.2,0.6,0.23005757529795162,0.2167579553264975,0.5760416502968169
9320,188,7,-0.2,0.6,0.2460320409087538,0.22219136806498163,0.5845373759494241
9321,188,8,-0.2,0.6,0.2548688611550867,0.22489554749448235,0.5895837778789285
9322,188,9,-0.2,0.6,0.31106860665625513,0.23129751231832696,0.6301846119449603
9323,188,10,-0.2,0.6,0.30070387681029564,0.23283535999650135,0.6208979345446065
9324,188,11,-0.2,0.6,0.2834084853707912,0.22858237111385726,0.6096185846706832
9325,188,12,-0.2,0.6,0.28347922639304535,0.2247563016282642,0.612013068096847
9326,188,13,-0.2,0.6,0.2630897044477651,0.22150677823096382,0.5980879477891384
9327,188,14,-0.2,0.6,0.15843585784598713,0.1862790283376863,0.5473950187780281
9328,188,15,-0.2,0.6,0.17651909449453318,0.19635303445363278,0.5519941134774657
9329,188,16,-0.2,0.6,0.20922496816643688,0.20962019204490345,0.5655629664589782
9330,188,17,-0.2,0.6,0.22248965433031348,0.21518789487655035,0.571469915451101
9331,188,18,-0.2,0.6,0.22088811647447962,0.21461858630480912,0.5706712193646523
9332,188,19,-0.2,0.6,0.22392451759265972,0.21766268110485654,0.5708711080761539
9333,188,20,-0.2,0.6,0.2287925749745069,0.2191653517618601,0.5734963832945557
9334,188,21,-0.2,0.6,0.1975263403165607,0.21488098426802726,0.5534833760139879
9335,188,22,-0.2,0.6,0.20378887677349522,0.21787299401462712,0.5559375016216717
9336,188,23,-0.2,0.6,0.2151525737535011,0.2181003151419803,0.56409133018405
9337,188,24,-0.2,0.6,0.23148019563990194,0.22490387962839314,0.5717274339641916
9338,188,25,-0.2,0.6,0.21986194368487744,0.2187080846687845,0.5671574529632755
9339,188,26,-0.2,0.6,0.23242119393150312,0.22025077457452655,0.5754976656532967
9340,188,27,-0.2,0.6,0.24413161882738482,0.22340241810339082,0.5823045882805722
9341,188,28,-0.2,0.6,0.2360744614033515,0.2186042300707119,0.5793303627535653
9342,188,29,-0.2,0.6,0.24118150840600633,0.21802538457435489,0.5835629616322205
9343,188,30,-0.2,0.6,0.2506432731874805,0.21934890772944177,0.5898937308667513
9344,188,31,-0.2,0.6,0.237383346751294,0.2156363906287336,0.5822710504775848
9345,188,32,-0.2,0.6,0.23581819404807985,0.2175984613375096,0.579800340664586
9346,188,33,-0.2,0.6,0.23573529987288622,0.21663234060936765,0.5803757522691364
9347,188,34,-0.2,0.6,0.24634943493333633,0.2210068389589937,0.5855455867660201
9348,188,35,-0.2,0.6,0.23416081231523575,0.21786946399716,0.5783764842177136
9349,188,36,-0.2,0.6,0.1922375250675511,0.2049020507990839,0.5567339270548253
9350,188,37,-0.2,0.6,0.19128965955702087,0.20477300140675558,0.5561582311656222
9351,188,38,-0.2,0.6,0.21056903933693305,0.21201366263023672,0.5648896653751562
9352,188,39,-0.2,0.6,0.23475529128955339,0.21908401900702873,0.5780217538121745
9353,188,40,-0.2,0.6,0.2464013046250003,0.2227089724731635,0.5844849392611912
9354,188,41,-0.2,0.6,0.23910990877525806,0.2219831750049724,0.5794085190639993
9355,188,42,-0.2,0.6,0.24063839084410427,0.22384552346449826,0.5793568690396093
9356,188,43,-0.2,0.6,0.24469889299623798,0.2248529129301231,0.5818010333173131
9357,188,44,-0.2,0.6,0.227695812459656,0.22754631322148486,0.5671379521689881
9358,188,45,-0.2,0.6,0.234549601647365,0.22714983539845673,0.5725823971580697
9359,188,46,-0.2,0.6,0.23808726851262205,0.2283354191178708,0.5745041475177868
9360,188,47,-0.2,0.6,0.2377221656728018,0.2310808898743232,0.572452621740183
9361,188,48,-0.2,0.6,0.2368357560060183,0.22825669360313494,0.5736013978157856
9362,189,0,0.0,0.6,-0.0026417896151542664,0.5644841194152832,0.035613997614401545
9363,189,1,0.0,0.6,-0.0039283156394958494,0.5643114924430847,0.03590405597426996
9364,189,2,0.0,0.6,-0.02974558413028717,0.5341548657417297,0.07225220744545896
9365,189,3,0.0,0.6,-0.01628514233231544,0.5479253168106077,0.05456169434740221
9366,189,4,0.0,0.6,0.00022841347157955515,0.5520032330989837,0.047997310400318176
9367,189,5,0.0,0.6,-0.018112451612651348,0.5018998910236357,0.0997581690118417
9368,189,6,0.0,0.6,0.008329285884112119,0.5186763952646254,0.08174904091483098
9369,189,7,0.0,0.6,0.009374704055932163,0.522266086472225,0.07829716718042806
9370,189,8,0.0,0.6,0.0070999405186006415,0.5338627969952487,0.06651720662098899
9371,189,9,0.0,0.6,0.004719056708657771,0.5478596104197149,0.05235350725408405
9372,189,10,0.0,0.6,-0.001908783623446206,0.5492928573597183,0.0507430563689556
9373,189,11,0.0,0.6,-0.0008189337017222502,0.5572897220031517,0.04271812845825382
9374,189,12,0.0,0.6,0.0059533946619968635,0.5546669500135648,0.04572229575463291
9375,189,13,0.0,0.6,0.02189908678676473,0.5507888829652754,0.053863754435609236
9376,189,14,0.0,0.6,0.02768746220809272,0.5383479202947021,0.0675838330927816
9377,189,15,0.0,0.6,0.027049728409642333,0.5400497400375903,0.06577021724607507
9378,189,16,0.0,0.6,0.024419395350750335,0.5493505834071726,0.056228731716890315
9379,189,17,0.0,0.6,0.012074538947478168,0.5503248797824207,0.05112154202902254
9380,189,18,0.0,0.6,0.007882707408999068,0.5572121062754747,0.04350794094733926
9381,189,19,0.0,0.6,-0.0006718832608518365,0.5507631483888039,0.04924143563807978
9382,189,20,0.0,0.6,0.0025648314406951115,0.5537800379843301,0.04629107094299232
9383,189,21,0.0,0.6,0.009076077446871587,0.5460278939977834,0.054729913284566
9384,189,22,0.0,0.6,0.01876136545725019,0.5398283090435351,0.06302873333949224
9385,189,23,0.0,0.6,-0.004497196211704154,0.5056854576240002,0.09442170130515985
9386,189,24,0.0,0.6,-0.009379723076027609,0.5131055000681691,0.08739927530240692
9387,189,25,0.0,0.6,-0.009942074748676403,0.5252150514007915,0.07544291475874008
9388,189,26,0.0,0.6,-0.0051905846525837655,0.5421408209002928,0.05809153789604497
9389,189,27,0.0,0.6,-0.002876024956576702,0.5506896888174455,0.049394112083032814
9390,189,28,0.0,0.6,-0.005414836293012771,0.54832625393773,0.05195667891799942
9391,189,29,0.0,0.6,0.008389387150719154,0.5587851524680199,0.04206002227589781
9392,189,30,0.0,0.6,0.02107579438296961,0.5541449630489488,0.05046655845860191
9393,189,31,0.0,0.6,-0.009114835660799294,0.500920097128687,0.09949827828717535
9394,189,32,0.0,0.6,-0.00494842174232082,0.5121171991698905,0.08802200610918023
9395,189,33,0.0,0.6,-0.029916913408101136,0.4923529957206124,0.11172689576907749
9396,189,34,0.0,0.6,-0.019187071192902697,0.5183497065434607,0.08387439491585319
9397,189,35,0.0,0.6,-0.024307679546922107,0.5137782748431788,0.08958263879778412
9398,189,36,0.0,0.6,-0.013789585718646408,0.5319973924878814,0.06938665075314666
9399,189,37,0.0,0.6,0.0011043987747089735,0.5427675316121682,0.05724312303165984
9400,189,38,0.0,0.6,0.01543140058251616,0.543718265351708,0.05835890488142176
9401,189,39,0.0,0.6,0.03086552968792794,0.549098852078059,0.059528209973824006
9402,189,40,0.0,0.6,0.030528824685224637,0.5521937091747493,0.05672257556854791
9403,189,41,0.0,0.6,0.023169141571468235,0.5533066626111367,0.05212558755226607
9404,189,42,0.0,0.6,0.015307256050430021,0.5562669917944857,0.046334523786233164
9405,189,43,0.0,0.6,0.00442333214210033,0.5458959896865141,0.054284526333395644
9406,189,44,0.0,0.6,-0.01177344759396124,0.5305468978138621,0.07044393140310853
9407,189,45,0.0,0.6,-0.0019488459136484627,0.5415261645273663,0.05850630252610201
9408,189,46,0.0,0.6,0.004835003096413713,0.5336669267624028,0.06650905096366029
9409,189,47,0.0,0.6,0.015556909824397634,0.5368881113317197,0.06500098410456452
9410,189,48,0.0,0.6,0.02186571779796534,0.5466870646566757,0.05762272719805729
9411,189,49,0.0,0.6,0.017561011573318016,0.5502803669992512,0.052729792652800714
9412,190,0,0.2,0.6,0.14653754234313965,0.20609256625175476,0.3975189312986738
9413,190,1,0.2,0.6,0.12947160974144936,0.20203195214271544,0.4041692973839061
9414,190,2,0.2,0.6,0.13992234252393246,0.20863549798727032,0.39594885826768533
9415,190,3,0.2,0.6,0.13774898675829172,0.2102189791500568,0.3947207023509701
9416,190,4,0.2,0.6,0.1379563840173185,0.20852663542926309,0.39635943971670407
9417,190,5,0.2,0.6,0.13492512030996381,0.20601099777489898,0.39932702618405796
9418,190,6,0.2,0.6,0.13843021518506854,0.2080106068033874,0.39679531597639295
9419,190,7,0.2,0.6,0.13042447401645554,0.20009673335802852,0.40591055232256107
9420,190,8,0.2,0.6,0.12386867332949181,0.19514995107110947,0.41194604139175395
9421,190,9,0.2,0.6,0.11702822471604503,0.1910787488255861,0.41725400555994574
9422,190,10,0.2,0.6,0.12198648827733626,0.19499860164163246,0.4124466519242644
9423,190,11,0.2,0.6,0.12187232384307603,0.19664602050827357,0.41085078380537776
9424,190,12,0.2,0.6,0.12761004633164796,0.19986190397294845,0.4066334974940703
9425,190,13,0.2,0.6,0.13593553708513056,0.20405761946366963,0.40109179013456125
9426,190,14,0.2,0.6,0.13386681422157717,0.20184078250714851,0.4036141235582858
9427,190,15,0.2,0.6,0.12976490603083912,0.19985150152516462,0.40626566339837555
9428,190,16,0.2,0.6,0.12705044376190683,0.19775520660331314,0.40880620294961034
9429,190,17,0.2,0.6,0.1263296114815804,0.1969029469141893,0.4097737916838018
9430,190,18,0.2,0.6,0.13261675091479946,0.20182996779627327,0.4038314955552562
9431,190,19,0.2,0.6,0.13558142559057781,0.2075384468134513,0.3977132427497737
9432,190,20,0.2,0.6,0.13307198905377007,0.2064074111190825,0.39924238836977416
9433,190,21,0.2,0.6,0.13095262364943713,0.2041240426446172,0.401852353225581
9434,190,22,0.2,0.6,0.1403725157328439,0.2066765372734885,0.3978175250176938
9435,190,23,0.2,0.6,0.13382237996693397,0.21016003552547435,0.3954170902916821
9436,190,24,0.2,0.6,0.14293802869543593,0.21216441794663604,0.3920108509669528
9437,190,25,0.2,0.6,0.13522737413205319,0.20642708761593653,0.3988673092950871
9438,190,26,0.2,0.6,0.1378648463158839,0.20817600256374147,0.39672008052312885
9439,190,27,0.2,0.6,0.11544616453730296,0.20234509901523057,0.4065449192508247
9440,190,28,0.2,0.6,0.12876980109034242,0.20870013850354774,0.3977302136421774
9441,190,29,0.2,0.6,0.12694988843910676,0.20653278303341602,0.40019091647173577
9442,190,30,0.2,0.6,0.12265118224401222,0.20378796031611732,0.4036914911150737
9443,190,31,0.2,0.6,0.09819003054584326,0.1960808002886802,0.4165525054248136
9444,190,32,0.2,0.6,0.10405936143159551,0.19629721092744082,0.4149464399580703
9445,190,33,0.2,0.6,0.0911380898053624,0.1802206856339612,0.43366529519993524
9446,190,34,0.2,0.6,0.1040116305914148,0.1900294592609611,0.42105772921961543
9447,190,35,0.2,0.6,0.11690217346316942,0.19790420973712453,0.4105925880021113
9448,190,36,0.2,0.6,0.12494580510513442,0.20309358816434914,0.4039403816500249
9449,190,37,0.2,0.6,0.11725274442910671,0.20094636814557493,0.4075425246532216
9450,190,38,0.2,0.6,0.11603270598745011,0.20197504675124173,0.40678541010275454
9451,190,39,0.2,0.6,0.1173886583740211,0.20055042744690038,0.40790267807174074
9452,190,40,0.2,0.6,0.11312380741499736,0.19520372826566,0.41401388195094146
9453,190,41,0.2,0.6,0.11803909756068401,0.1981024610509156,0.41016974698531566
9454,190,42,0.2,0.6,0.12272265585389541,0.19963086369204272,0.40775879294781014
9455,190,43,0.2,0.6,0.12836968027044102,0.204329282599662,0.40210224982292375
9456,190,44,0.2,0.6,0.14412166164062554,0.20399932155070896,0.39992365025102417
9457,190,45,0.2,0.6,0.1414858057103504,0.20638242525200778,0.3979430940270959
9458,190,46,0.2,0.6,0.14054962672803448,0.20781879239915324,0.3966616271804401
9459,190,47,0.2,0.6,0.14070060029238016,0.20943238665210162,0.3950436424016434
9460,190,48,0.2,0.6,0.13605136893418118,0.2071942059266852,0.3979771592349988
9461,190,49,0.2,0.6,0.13747619048315962,0.20546760635056102,0.39945592547270337
9462,191,0,0.4,0.6,0.0458037406206131,0.4698747992515564,0.3773427593424481
9463,191,1,0.4,0.6,0.051977772265672684,0.4782365053892135,0.36870831237849117
9464,191,2,0.4,0.6,0.05647237785160541,0.4796862098574638,0.3639871361427384
9465,191,3,0.4,0.6,0.05460363309830426,0.4747146164476871,0.36741676281947316
9466,191,4,0.4,0.6,0.055078521389514204,0.4766901589006185,0.36630061878025616
9467,191,5,0.4,0.6,0.008146884305402634,0.43444939450412984,0.42538907750389265
9468,191,6,0.4,0.6,0.014003842407651243,0.44421838717851037,0.4162462547210748
9469,191,7,0.4,0.6,0.01894349707556888,0.4495012422207504,0.40969981024415214
9470,191,8,0.4,0.6,0.03818882030621357,0.46470594424629774,0.38627944712823553
9471,191,9,0.4,0.6,0.036387353297696816,0.46679068220692066,0.3872452442429107
9472,191,10,0.4,0.6,0.04455249176386834,0.47499164173132213,0.37678909319180803
9473,191,11,0.4,0.6,0.06113696735277463,0.4862656748333397,0.35744041687530265
9474,191,12,0.4,0.6,0.06303969545982561,0.48928166222842295,0.3546840807742971
9475,191,13,0.4,0.6,0.05897192052677867,0.48652928426454695,0.3594102868849329
9476,191,14,0.4,0.6,0.058134156705666754,0.48465804306877813,0.3607991433471946
9477,191,15,0.4,0.6,0.0618919059825047,0.47726419104883283,0.3596959299728603
9478,191,16,0.4,0.6,0.04748860896969565,0.47418606255078755,0.37429056582098685
9479,191,17,0.4,0.6,0.04495845169764071,0.4778803316904814,0.3754566744765145
9480,191,18,0.4,0.6,0.040804822511066166,0.4766228933838603,0.3797934780486324
9481,191,19,0.4,0.6,0.022028762461356738,0.4665300138588069,0.40084472505824964
9482,191,20,0.4,0.6,0.012106671286750527,0.45769674295750484,0.4131724233599666
9483,191,21,0.4,0.6,0.021061478850434308,0.46152951916254614,0.40344575456233955
9484,191,22,0.4,0.6,0.030631956366730786,0.46796324571110737,0.3922581498715025
9485,191,23,0.4,0.6,0.03333883145016744,0.47008746667798906,0.3889957311288536
9486,191,24,0.4,0.6,0.040582811444934405,0.47486954195169195,0.38057633526036133
9487,191,25,0.4,0.6,0.04373997988994453,0.479157260894848,0.3761969823420344
9488,191,26,0.4,0.6,0.047156131316094335,0.4802974346161397,0.3725956250780498
9489,191,27,0.4,0.6,0.04395213026226373,0.4774703272199986,0.376541639472123
9490,191,28,0.4,0.6,0.0409587580352482,0.4764276486249218,0.379711389684267
9491,191,29,0.4,0.6,0.0327149876328925,0.4702156334249193,0.3895410916922646
9492,191,30,0.4,0.6,0.05339265479255058,0.48347393119231963,0.3656705846298391
9493,191,31,0.4,0.6,0.054740132188060245,0.486603871094458,0.36340481335871216
9494,191,32,0.4,0.6,0.04685146675177499,0.4837885663659283,0.3717781379299473
9495,191,33,0.4,0.6,-0.0291666403813396,0.43618089815235495,0.45936989817180574
9496,191,34,0.4,0.6,0.0012250390368437926,0.4540667861916567,0.4246386374125633
9497,191,35,0.4,0.6,0.009210236887377035,0.45761406929816417,0.4159211370145162
9498,191,36,0.4,0.6,0.004378424946635038,0.45319865105616974,0.42197993637071596
9499,191,37,0.4,0.6,0.07400128822020526,0.4772955871686096,0.3483267618348926
9500,191,38,0.4,0.6,0.07226657451534553,0.483765617802275,0.34773499936703584
9501,191,39,0.4,0.6,0.043526268074323714,0.47087972666439704,0.37913792548263986
9502,191,40,0.4,0.6,0.0299897385126223,0.46573902481726903,0.3936160604738779
9503,191,41,0.4,0.6,0.028193477515390402,0.4645084859902905,0.39572470295742446
9504,191,42,0.4,0.6,0.06124469300787411,0.4765297497692379,0.3605552117323732
9505,191,43,0.4,0.6,0.04681636976675722,0.46877155778486235,0.3767752389833277
9506,191,44,0.4,0.6,0.054349452617104575,0.47592629347617516,0.3672445854694872
9507,191,45,0.4,0.6,0.05762863854928316,0.4828533356195942,0.3618583840635351
9508,191,46,0.4,0.6,0.061069684875552366,0.48768629703565225,0.3570547946519149
9509,191,47,0.4,0.6,-0.006766801718094788,0.43071434747726367,0.44058695297298184
9510,191,48,0.4,0.6,0.022880838612463882,0.45366864498541204,0.40451418682914436
9511,191,49,0.4,0.6,0.04883538798473553,0.4730234321679653,0.3734161666428417
9512,192,0,0.6,0.6,0.01714155822992325,0.5506698489189148,0.5849422424037476
9513,192,1,0.6,0.6,0.023890735954046248,0.568267947435379,0.5769825017100036
9514,192,2,0.6,0.6,0.03222010068595409,0.5976576787233352,0.5677847308038771
9515,192,3,0.6,0.6,0.02793037740141153,0.5457140194773673,0.5746395572716823
9516,192,4,0.6,0.6,-0.06922144101634621,0.541572671252489,0.6717671396105682
9517,192,5,0.6,0.6,-0.04953553214274346,0.5433243202990292,0.6520034817280687
9518,192,6,0.6,0.6,-0.026697935950972133,0.5609656116841434,0.6279124034420739
9519,192,7,0.6,0.6,-0.016530110045822704,0.5573725560342012,0.6180020028868608
9520,192,8,0.6,0.6,-0.018400396926389704,0.538627298804553,0.6214383793834607
9521,192,9,0.6,0.6,-0.00880204386137982,0.49226299076547436,0.6182614267189841
9522,192,10,0.6,0.6,-0.09465844057635607,0.4544807146438871,0.7097367198296342
9523,192,11,0.6,0.6,-0.07437005829905767,0.4774627019280434,0.6854125509129884
9524,192,12,0.6,0.6,-0.13011464014119614,0.4238609473427105,0.751060818855248
9525,192,13,0.6,0.6,-0.08973301921414033,0.47834806247194384,0.7003790628642348
9526,192,14,0.6,0.6,-0.06461784002074288,0.5060319863016192,0.6712278755178877
9527,192,15,0.6,0.6,-0.04501397850436052,0.536454263684983,0.6481366314827771
9528,192,16,0.6,0.6,-0.02000133131569084,0.5431469106182301,0.6226025414383405
9529,192,17,0.6,0.6,-0.014611138942220006,0.5021792606963108,0.6223469684587313
9530,192,18,0.6,0.6,0.0351516655786189,0.5287037521121276,0.5693301290652878
9531,192,19,0.6,0.6,0.010929930825267909,0.505488919284161,0.5966036295360593
9532,192,20,0.6,0.6,0.009277011735701833,0.5171768634978445,0.5965008975717948
9533,192,21,0.6,0.6,-0.015584938925082493,0.4787261107190905,0.6274170648402192
9534,192,22,0.6,0.6,-0.03152827967316161,0.4415030154622714,0.6511138626496107
9535,192,23,0.6,0.6,-0.05386377160129125,0.40191916337867417,0.6832084964703454
9536,192,24,0.6,0.6,-0.029082985461394217,0.42633534568430864,0.6526138327951755
9537,192,25,0.6,0.6,-0.06547276498719867,0.4136970864585769,0.6910591700670285
9538,192,26,0.6,0.6,-0.02678537170381716,0.4371345975792619,0.6475994452495779
9539,192,27,0.6,0.6,5.269040461421126e-05,0.48376790256871266,0.6111028348518913
9540,192,28,0.6,0.6,0.006788638163181425,0.44947626094124155,0.6120107154556381
9541,192,29,0.6,0.6,0.0019417745123312836,0.46747024784556035,0.6125665484496982
9542,192,30,0.6,0.6,-0.09242873792101898,0.4118165865644783,0.7175448098837728
9543,192,31,0.6,0.6,-0.04442384797309806,0.46575577721729666,0.6582580095881756
9544,192,32,0.6,0.6,-0.021257320499246113,0.4957538482150867,0.6299427898117941
9545,192,33,0.6,0.6,0.016095078121545557,0.5211452052614097,0.5892054280530257
9546,192,34,0.6,0.6,0.003919356109346797,0.5082511081233325,0.6031003176766632
9547,192,35,0.6,0.6,0.017589464415264225,0.5442718587074966,0.5850706433346455
9548,192,36,0.6,0.6,0.023093446831312245,0.562535546742678,0.578121748723265
9549,192,37,0.6,0.6,0.016271809308016822,0.5645954050282243,0.5848008942825341
9550,192,38,0.6,0.6,0.0067094407457105,0.5524988558254362,0.5951890845757845
9551,192,39,0.6,0.6,0.015364223160802739,0.5680676907751168,0.5855071852102288
9552,192,40,0.6,0.6,-0.013177988025623965,0.5076940563636266,0.6200867941101097
9553,192,41,0.6,0.6,-0.0137089209905812,0.48803930532158113,0.6238379892698884
9554,192,42,0.6,0.6,-0.018599840328701753,0.4844567709749389,0.6292980217895437
9555,192,43,0.6,0.6,-0.00018752975059140899,0.47798152700164054,0.6124651652306182
9556,192,44,0.6,0.6,0.00991521796629019,0.5206406787491709,0.5953973058867189
9557,192,45,0.6,0.6,0.02679440170259904,0.5629044585247645,0.5744046806188319
9558,192,46,0.6,0.6,0.05716391059569659,0.5847684372438854,0.543049740321962
9559,192,47,0.6,0.6,0.08509542899299163,0.5483445058546171,0.5174891373925785
9560,192,48,0.6,0.6,0.055304000152925144,0.5511701912877156,0.5468803182308565
9561,192,49,0.6,0.6,0.050551516375587024,0.5728965429304078,0.5501165635956529
9562,193,0,0.8,0.6,-0.12662973999977112,0.038019947707653046,1.0837270201607747
9563,193,1,0.8,0.6,-0.13597773015499115,0.060857515782117844,1.0801522715037537
9564,193,2,0.8,0.6,-0.08849954605102538,0.10061159171164036,1.0192253066254093
9565,193,3,0.8,0.6,-0.08627378195524214,0.111126952432096,1.0121650424805126
9566,193,4,0.8,0.6,-0.10942493602633474,0.12551266962662339,1.025764076652793
9567,193,5,0.8,0.6,-0.22473067350685594,0.06665240784548222,1.1552197225129237
9568,193,6,0.8,0.6,-0.14492282857745883,0.07921088205818086,1.0789348716829223
9569,193,7,0.8,0.6,-0.22164291851893064,0.044642565294411025,1.1628310854301456
9570,193,8,0.8,0.6,-0.22721920211337504,0.03591722356256283,1.1719081311535502
9571,193,9,0.8,0.6,-0.1629882242228165,0.08671334907296802,1.0912421848571023
9572,193,10,0.8,0.6,-0.16834783853708726,0.08766654424288325,1.0955286880257762
9573,193,11,0.8,0.6,-0.26278071017199073,0.028379006482093697,1.2067532465852657
9574,193,12,0.8,0.6,-0.20158739139927742,0.05763063759391548,1.1390091430215967
9575,193,13,0.8,0.6,-0.18779669379398545,0.06852241060683656,1.1216999314868021
9576,193,14,0.8,0.6,-0.18574789387627166,0.07378340652669141,1.1174089732627703
9577,193,15,0.8,0.6,-0.1700608239159048,0.09759598397969471,1.0924412100473577
9578,193,16,0.8,0.6,-0.21871663768187583,0.062306876943821574,1.151910362168764
9579,193,17,0.8,0.6,-0.19076134957240815,0.07984987291338086,1.119001432758138
9580,193,18,0.8,0.6,-0.16829090454336756,0.08443127026010977,1.0969951644866156
9581,193,19,0.8,0.6,-0.07654611763069756,0.12107946043108501,0.9988483266014062
9582,193,20,0.8,0.6,-0.12541179505682795,0.10789107650941827,1.048121263504066
9583,193,21,0.8,0.6,-0.15241917623468007,0.09061177605686935,1.0800827051441402
9584,193,22,0.8,0.6,-0.11663311665129102,0.10257123484222935,1.0429053873426122
9585,193,23,0.8,0.6,-0.13837400338461006,0.09639967507924826,1.0649690406243493
9586,193,24,0.8,0.6,-0.1861510384379526,0.08411605997646186,1.112937603905296
9587,193,25,0.8,0.6,-0.19421842255285282,0.050762460163583684,1.1358398421032088
9588,193,26,0.8,0.6,-0.17303103795313465,0.05556829459661764,1.114986673762781
9589,193,27,0.8,0.6,-0.17200728171531893,0.07796603571411138,1.103321175168701
9590,193,28,0.8,0.6,-0.18970855016932064,0.07649226652309613,1.1196353697916048
9591,193,29,0.8,0.6,-0.22258969999946776,0.07648860034056228,1.1488054143841702
9592,193,30,0.8,0.6,-0.15096168866076404,0.12034640989398365,1.06508013773712
9593,193,31,0.8,0.6,-0.1884986788553281,0.08409353442955049,1.1150287526858322
9594,193,32,0.8,0.6,-0.2590069434409934,0.04216578037617229,1.1969439096463794
9595,193,33,0.8,0.6,-0.18756413265624824,0.06927848062668576,1.1211370332100385
9596,193,34,0.8,0.6,-0.1850380198477847,0.09034586838114295,1.1090749453584352
9597,193,35,0.8,0.6,-0.1833026784085631,0.0775795387611749,1.1134663424129356
9598,193,36,0.8,0.6,-0.20788918079896565,0.05876617312259213,1.1440168950360716
9599,193,37,0.8,0.6,-0.3192676653402513,0.010311930387007343,1.2651055790407828
9600,193,38,0.8,0.6,-0.37186851848723745,0.014535386171093585,1.3099788695499266
9601,193,39,0.8,0.6,-0.2779145819415011,0.02857025381357044,1.2200130330405525
9602,193,40,0.8,0.6,-0.254303713413929,0.04422101817033091,1.1918249018887062
9603,193,41,0.8,0.6,-0.18770364631314926,0.08221402028253653,1.115195415042702
9604,193,42,0.8,0.6,-0.142737097381253,0.11332003853058502,1.0609479816064034
9605,193,43,0.8,0.6,-0.1703494000306619,0.10187250432307501,1.0907378053818573
9606,193,44,0.8,0.6,-0.17310483907755464,0.1035836573924073,1.0924111922916446
9607,193,45,0.8,0.6,-0.22978382665482536,0.0718547426700407,1.1573211060375528
9608,193,46,0.8,0.6,-0.25812543482578953,0.0374809035289158,1.198356027948252
9609,193,47,0.8,0.6,-0.2993520660767755,0.0209624428341298,1.2425214114033984
9610,193,48,0.8,0.6,-0.3182661140460631,0.006107307712500898,1.2661862547730396
9611,194,0,1.0,0.6,-0.028340568765997887,-0.14537042379379272,1.2700635393697886
9612,194,1,1.0,0.6,-0.07173174861818551,-0.09844281505793333,1.279230748106941
9613,194,2,1.0,0.6,-0.04065179174765944,-0.0326161621697247,1.217850302913279
9614,194,3,1.0,0.6,-0.06982323966361581,-0.021243887508288022,1.2371199343195325
9615,194,4,1.0,0.6,-0.03879309082385152,0.0073610050925985,1.1959565476338285
9616,194,5,1.0,0.6,-0.052210037847850464,0.016340021904762837,1.203247661031555
9617,194,6,1.0,0.6,-0.052030723997300486,0.030468484989324585,1.1963004600954728
9618,194,7,1.0,0.6,-0.0894878588078836,0.05690972195273991,1.217345819641747
9619,194,8,1.0,0.6,-0.04375768575776553,0.07208577995841153,1.1696681282742234
9620,194,9,1.0,0.6,-0.06957510721282417,0.09562384579321855,1.1825338113143942
9621,194,10,1.0,0.6,-0.12228554614501573,0.06600843818852085,1.2428482752017154
9622,194,11,1.0,0.6,-0.152673275169553,0.05857440621960307,1.2734980773014772
9623,194,12,1.0,0.6,-0.11851940440910572,0.13550384495571952,1.211132666593805
9624,194,13,1.0,0.6,-0.0627382697805192,0.10122621911506842,1.1739624843044778
9625,194,14,1.0,0.6,-0.011939218044390104,0.09251638874827517,1.1320603326260412
9626,194,15,1.0,0.6,-0.05786952900894172,0.07960668877058312,1.178938988573165
9627,194,16,1.0,0.6,-0.03378862807756047,0.10108212851191717,1.1478841274417395
9628,194,17,1.0,0.6,-0.053136168606318694,0.08561696031087249,1.1720433870581
9629,194,18,1.0,0.6,-0.02045477760937449,0.08163943680997218,1.1445635092105988
9630,194,19,1.0,0.6,0.0016929034573371655,0.07806975473973024,1.1265115356377347
9631,194,20,1.0,0.6,-0.013780892573021371,0.08925700019805638,1.135169639301915
9632,194,21,1.0,0.6,0.001458643647476273,0.08122321473266984,1.125261833209784
9633,194,22,1.0,0.6,-0.08177024807462001,0.06547476343506986,1.2066250859915932
9634,194,23,1.0,0.6,-0.04220565140396587,0.10688900048073222,1.1529748816280674
9635,194,24,1.0,0.6,-0.022372187287660064,0.10077613931075,1.1377474906238352
9636,194,25,1.0,0.6,-0.11454773026479893,0.057972065496670035,1.239359078241799
9637,194,26,1.0,0.6,-0.07189905772051741,0.05896659078375377,1.2007017697289728
9638,194,27,1.0,0.6,-0.13815569073566863,0.025239766314855357,1.275048117750773
9639,194,28,1.0,0.6,-0.13791172835654367,0.02745576473341564,1.273832800201178
9640,194,29,1.0,0.6,-0.2165395885050142,0.01253912116672919,1.3509547936772377
9641,194,30,1.0,0.6,-0.11569928835212101,0.03254601469546982,1.2517143953264351
9642,194,31,1.0,0.6,-0.10202819503610568,0.024168960403773185,1.2434015959524134
9643,194,32,1.0,0.6,-0.04598009490058487,0.02966306334332734,1.1913683646308366
9644,194,33,1.0,0.6,-0.029629062932332015,0.035214046964220966,1.1743590507087025
9645,194,34,1.0,0.6,-0.08757401001962001,0.0139527318183789,1.2354224491295671
9646,194,35,1.0,0.6,-0.08879690810797991,0.05055063348143761,1.2195791542467205
9647,194,36,1.0,0.6,-0.031975588066685864,0.0606305936156772,1.164428173357618
9648,194,37,1.0,0.6,-0.03744486978085445,0.06799145687871612,1.16590091679724
9649,194,38,1.0,0.6,-0.03872195030055567,0.07138123069681133,1.1654960717633533
9650,194,39,1.0,0.6,-0.1327308813866127,0.04853898654080117,1.2598366953745785
9651,194,40,1.0,0.6,-0.08910552661570945,0.06454450447149752,1.2136158518232019
9652,194,41,1.0,0.6,-0.05502836655246344,0.0724594736213622,1.1795693541298067
9653,194,42,1.0,0.6,-0.04297551873293507,0.10537027675714059,1.154320794143267
9654,194,43,1.0,0.6,-0.14077141537345342,0.061489075433852014,1.2614885802139628
9655,194,44,1.0,0.6,-0.22099565325035475,0.020433885612238658,1.3515647473217065
9656,194,45,1.0,0.6,-0.07428548435864524,0.022410343518559583,1.2197127174781928
9657,194,46,1.0,0.6,-0.05263628925232463,0.049682824861499775,1.187809812513486
9658,194,47,1.0,0.6,-0.06289362391575039,0.04282464132810153,1.2000780124941526
9659,194,48,1.0,0.6,-0.17179976936698657,0.01721605616085889,1.3087214465596666
9660,194,49,1.0,0.6,-0.24928411469424258,0.03832942441196455,1.3697388928948366
9661,195,0,-1.0,0.8,-0.03223991394042969,0.03752550482749939,1.2320417768722725
9662,195,1,-1.0,0.8,0.013613756746053696,0.06217293813824653,1.2537151275630345
9663,195,2,-1.0,0.8,0.07009002901613712,0.03878139052540063,1.3132198755768965
9664,195,3,-1.0,0.8,0.08849230643361806,0.038731896784156554,1.3282863494514372
9665,195,4,-1.0,0.8,0.10141087040677665,0.02842686777003109,1.3447791654503645
9666,195,5,-1.0,0.8,0.09497293482981621,0.05697667244356125,1.3232722294761816
9667,195,6,-1.0,0.8,0.11001294906470924,0.06271464949147774,1.3325608560834314
9668,195,7,-1.0,0.8,0.08863254228108748,0.08185973045933059,1.3041649661179098
9669,195,8,-1.0,0.8,0.09558266115398742,0.07015045639768708,1.3164276370988863
9670,195,9,-1.0,0.8,0.09856538348941084,0.07998789856659201,1.3134927970917043
9671,195,10,-1.0,0.8,0.08141623796506377,0.09080080173292536,1.2932225572410856
9672,195,11,-1.0,0.8,0.08036273447710827,0.09184764710381771,1.2917675460233757
9673,195,12,-1.0,0.8,-0.08302805910878391,0.04842578777293962,1.1856227633048086
9674,195,13,-1.0,0.8,-0.08494908748329785,0.04361121764813285,1.187199293533057
9675,195,14,-1.0,0.8,-0.032321901339121405,0.0655543147298107,1.2148297688318026
9676,195,15,-1.0,0.8,0.03126897429180203,0.07553495935009782,1.2603036508955807
9677,195,16,-1.0,0.8,0.033558405789995596,0.09230714172109768,1.252626105363496
9678,195,17,-1.0,0.8,0.0556869699530652,0.08535788050283356,1.2748287482984082
9679,195,18,-1.0,0.8,0.06212132655392046,0.07338277661494964,1.2868855044798897
9680,195,19,-1.0,0.8,0.05841046063072452,0.06754205626333543,1.2871392086777116
9681,195,20,-1.0,0.8,0.06824727819936353,0.06974757116495918,1.293994148827507
9682,195,21,-1.0,0.8,0.05625050243341738,0.08471934105973983,1.275653379623501
9683,195,22,-1.0,0.8,0.06168653625868429,0.0622609963252155,1.29284072445759
9684,195,23,-1.0,0.8,0.07635401354269056,0.06500587857403413,1.303362697410121
9685,195,24,-1.0,0.8,0.04602898810034104,0.05207030572142838,1.2859142551235136
9686,195,25,-1.0,0.8,0.02191298710910057,0.051646842741495835,1.2666248857499274
9687,195,26,-1.0,0.8,0.038652000132454456,0.047219072459606846,1.282761514174682
9688,195,27,-1.0,0.8,0.00634099132048797,0.06463973474992113,1.2463855384753824
9689,195,28,-1.0,0.8,-0.021951560573186497,0.062405460593550975,1.224999777317301
9690,195,29,-1.0,0.8,0.05072424404076316,0.11033063229145079,1.2568473550000188
9691,195,30,-1.0,0.8,0.07688533777570827,0.12037258860821552,1.2734109505699247
9692,195,31,-1.0,0.8,0.061071175686550856,0.13934968374320386,1.249932350266623
9693,195,32,-1.0,0.8,0.10717074359101345,0.11776633683347665,1.3004883031467414
9694,195,33,-1.0,0.8,0.07430249004810653,0.09961812582068418,1.2824432189389492
9695,195,34,-1.0,0.8,0.0577009139902862,0.16758501947439652,1.2323473256550226
9696,195,35,-1.0,0.8,0.04622971494130596,0.23681148285033166,1.188182613185115
9697,195,36,-1.0,0.8,0.02858774262560023,0.21779619630230765,1.1819280914335226
9698,195,37,-1.0,0.8,-0.09603919904902747,0.16797140310940453,1.102998312303069
9699,195,38,-1.0,0.8,-0.06427533303730308,0.14852568258361137,1.1401751789157664
9700,195,39,-1.0,0.8,-0.18931344163937203,0.08564466585379124,1.080516653888195
9701,195,40,-1.0,0.8,-0.11447853827244026,0.11464862917624807,1.119756563128839
9702,195,41,-1.0,0.8,-0.07789388610557901,0.15089239305589622,1.127661461021956
9703,195,42,-1.0,0.8,-0.06966173196380666,0.14551708488100584,1.1374872215349237
9704,195,43,-1.0,0.8,-0.026008591613985416,0.1182575141082572,1.1888784970213
9705,195,44,-1.0,0.8,-0.01685725750354143,0.1171788707656917,1.1970022333530852
9706,195,45,-1.0,0.8,0.07885967521588953,0.14114346997919477,1.2641321631688636
9707,195,46,-1.0,0.8,0.005799175104545216,0.13808679360039988,1.204060244940918
9708,195,47,-1.0,0.8,0.018254151007267495,0.10324012706201843,1.2338216388846825
9709,195,48,-1.0,0.8,-0.018007336017973358,0.10042748827402889,1.2056995028932795
9710,195,49,-1.0,0.8,-0.012656392226855948,0.1277557932840344,1.1944704572628266
9711,196,0,-0.8,0.8,0.09050173312425613,0.5254841446876526,0.9318542222446458
9712,196,1,-0.8,0.8,0.11637498959898948,0.49144764542579644,0.9669269243721748
9713,196,2,-0.8,0.8,0.14982511617243288,0.4578156089782714,1.009583037085552
9714,196,3,-0.8,0.8,0.1577190748080611,0.43530755054950704,1.0248055468904378
9715,196,4,-0.8,0.8,0.1501758092500269,0.4369034773945808,1.017188848352208
9716,196,5,-0.8,0.8,0.15382085995875297,0.4401711945521831,1.019436610154088
9717,196,6,-0.8,0.8,0.150430739222981,0.4281444606534242,1.0205856809708214
9718,196,7,-0.8,0.8,0.15719285628131252,0.41509327691258185,1.0316837449499103
9719,196,8,-0.8,0.8,0.20433317139398907,0.3756214139960491,1.0903129382984598
9720,196,9,-0.8,0.8,0.19106184701379436,0.36024294899618603,1.0842462121280225
9721,196,10,-0.8,0.8,0.16682809747437047,0.3640586011082051,1.0605665812826868
9722,196,11,-0.8,0.8,0.23136943986043912,0.4027264655360661,1.1052371612751277
9723,196,12,-0.8,0.8,0.21037446545578942,0.4142241049319861,1.081517268313641
9724,196,13,-0.8,0.8,0.21801466903003586,0.4116821346637855,1.0895616691585694
9725,196,14,-0.8,0.8,0.22835668238638612,0.3976709793577666,1.1042581704744925
9726,196,15,-0.8,0.8,0.2630676162128363,0.3695563252169939,1.1469064974099417
9727,196,16,-0.8,0.8,0.252222931615442,0.39295636741115014,1.1282099169252688
9728,196,17,-0.8,0.8,0.22612046734725533,0.38581700910583483,1.106558070529959
9729,196,18,-0.8,0.8,0.20487531697118846,0.39558071844397724,1.0832032856081246
9730,196,19,-0.8,0.8,0.18751010669027962,0.37742998368375613,1.074123656524219
9731,196,20,-0.8,0.8,0.20454830190468468,0.40062627511007765,1.0810257457581836
9732,196,21,-0.8,0.8,0.1969276625181242,0.4040729842757009,1.0726709495806253
9733,196,22,-0.8,0.8,0.1854726553743584,0.41667775308314714,1.057398836519113
9734,196,23,-0.8,0.8,0.12086452236273407,0.40542321897205336,1.0018394605288428
9735,196,24,-0.8,0.8,0.1622955285842117,0.41684975274065766,1.035768698266202
9736,196,25,-0.8,0.8,0.14468111304784093,0.4239514850910678,1.0167767163514914
9737,196,26,-0.8,0.8,0.1688932209793825,0.4376815406814537,1.034421935006585
9738,196,27,-0.8,0.8,0.18118603435246838,0.4468245430623218,1.0428129925310008
9739,196,28,-0.8,0.8,0.10307263369323894,0.4116469091856784,0.9830352510824216
9740,196,29,-0.8,0.8,0.11271261199785726,0.4132650213121388,0.9912659864237507
9741,196,30,-0.8,0.8,0.1412545911186081,0.42522176322095684,1.0131233548117755
9742,196,31,-0.8,0.8,0.15841937365126602,0.42541738799936735,1.029018867175574
9743,196,32,-0.8,0.8,0.15766184539988035,0.41995540178029744,1.030315537479019
9744,196,33,-0.8,0.8,0.16406722275392288,0.4493991100921859,1.0258394581963657
9745,196,34,-0.8,0.8,0.17010858143948765,0.42311842490178747,1.0407451087711366
9746,196,35,-0.8,0.8,0.17809936642555668,0.44723537836730165,1.0397698057155422
9747,196,36,-0.8,0.8,0.18430330622132413,0.4357165057657339,1.0495501240101668
9748,196,37,-0.8,0.8,0.15431234700039081,0.4487822444676085,1.0168903418946436
9749,196,38,-0.8,0.8,0.14313179650692678,0.45121403078308764,1.0055591667848114
9750,196,39,-0.8,0.8,0.17278945425303752,0.4320591735646103,1.0400479671937637
9751,196,40,-0.8,0.8,0.15052583873675646,0.42098185454442916,1.0233054894266886
9752,196,41,-0.8,0.8,0.15476337117239303,0.4086891385341125,1.0318416958204626
9753,196,42,-0.8,0.8,0.13572307779986786,0.41036870287826716,1.0136025976801863
9754,196,43,-0.8,0.8,0.06469671649952122,0.370676151363847,0.9654115073546679
9755,196,44,-0.8,0.8,0.10225125855459344,0.31224092246508417,1.0256540602372028
9756,196,45,-0.8,0.8,0.10349558313069243,0.3409375745156514,1.0134310924913659
9757,196,46,-0.8,0.8,0.11806571348075318,0.4080287534663454,0.9982415100455759
9758,196,47,-0.8,0.8,0.12339984977737042,0.46156286429053167,0.983466815604929
9759,196,48,-0.8,0.8,0.13926751338587684,0.45750243128816215,0.9997639952886924
9760,197,0,-0.6,0.8,-0.022192727774381638,0.40989893674850464,0.6971657502966974
9761,197,1,-0.6,0.8,-0.05595959909260273,0.38186409473419186,0.6861614919914542
9762,197,2,-0.6,0.8,-0.07735021989792584,0.36293086588382717,0.6813165348337054
9763,197,3,-0.6,0.8,-0.04012336092069744,0.38901072567701334,0.6945315216714579
9764,197,4,-0.6,0.8,-0.048283605573698866,0.37851978419423093,0.6942885222977805
9765,197,5,-0.6,0.8,-0.04933502739537506,0.382889778959155,0.6908059413108684
9766,197,6,-0.6,0.8,-0.07329864428548141,0.3691124509604572,0.6804986392556683
9767,197,7,-0.6,0.8,-0.07703014128680713,0.35643758610708104,0.6857441856414169
9768,197,8,-0.6,0.8,-0.054183593286007456,0.3564938968924265,0.7032874329403591
9769,197,9,-0.6,0.8,-0.04080672115092562,0.37115029857112036,0.7047050372500666
9770,197,10,-0.6,0.8,-0.04821984305981358,0.36573473568645265,0.7021735265461464
9771,197,11,-0.6,0.8,-0.05311895643177124,0.3717360413980584,0.6946142051899604
9772,197,12,-0.6,0.8,-0.0759371217504317,0.3573031486907075,0.6860192435481557
9773,197,13,-0.6,0.8,-0.08405172278390548,0.3483067227688361,0.6857327770043408
9774,197,14,-0.6,0.8,-0.05212008645071938,0.37161289963134625,0.6954767483050962
9775,197,15,-0.6,0.8,-0.046115950201491986,0.3839355420977468,0.6927461105994691
9776,197,16,-0.6,0.8,-0.07044181110280587,0.3649535843071755,0.6853446280779111
9777,197,17,-0.6,0.8,-0.06640065230203154,0.36517928121846827,0.6883293698117097
9778,197,18,-0.6,0.8,-0.03707387807062008,0.38972157989793355,0.6965731840602959
9779,197,19,-0.6,0.8,-0.034677353523309196,0.39122907746232877,0.6976269502618919
9780,197,20,-0.6,0.8,-0.06252455355276129,0.36898775795974464,0.6889494962058005
9781,197,21,-0.6,0.8,-0.08137018431310478,0.35340218673065,0.6844168996572105
9782,197,22,-0.6,0.8,-0.056648877902420715,0.375454507777495,0.6895428317741746
9783,197,23,-0.6,0.8,-0.0727489164476739,0.3571960069304525,0.6885267470370616
9784,197,24,-0.6,0.8,-0.06389704828000094,0.3656204219953292,0.6899941975338716
9785,197,25,-0.6,0.8,-0.06549819374258535,0.3683972183274479,0.6870030145784832
9786,197,26,-0.6,0.8,-0.06326349397423517,0.3739184167370275,0.6852967185800813
9787,197,27,-0.6,0.8,-0.048429464538354235,0.3841712761391752,0.6907558057498819
9788,197,28,-0.6,0.8,-0.0746207869724641,0.3610489807455427,0.684617641304955
9789,197,29,-0.6,0.8,-0.07277278186612793,0.36840421948334384,0.6813541350142106
9790,197,30,-0.6,0.8,-0.07695318020595537,0.3657757589762466,0.6798004613041377
9791,197,31,-0.6,0.8,-0.03954180707583227,0.39198392874812477,0.6932463490099597
9792,197,32,-0.6,0.8,-0.02566962878937104,0.4031477915522533,0.698102464287867
9793,197,33,-0.6,0.8,-0.019723526226721255,0.406705284426009,0.7010003704087303
9794,197,34,-0.6,0.8,-0.007001373282143903,0.4157464494472511,0.706610332787214
9795,197,35,-0.6,0.8,0.0386650600257033,0.4337169998006063,0.7362447250287804
9796,197,36,-0.6,0.8,0.029504248922642046,0.43301248562149464,0.7286668889975537
9797,197,37,-0.6,0.8,0.02702407896310407,0.4308238477336226,0.7276333053136975
9798,197,38,-0.6,0.8,0.023982589213582102,0.430025582073013,0.7254208030943825
9799,197,39,-0.6,0.8,0.00545234452980017,0.4189852150187055,0.7153634096534249
9800,197,40,-0.6,0.8,-0.03663324336302202,0.3883218090070895,0.6977542801179103
9801,197,41,-0.6,0.8,-0.008604774515473292,0.4021383438739705,0.7127707977612727
9802,197,42,-0.6,0.8,-0.006395170091043325,0.404063618179507,0.7135350815063998
9803,197,43,-0.6,0.8,-0.012378505169267742,0.405075810549103,0.70800009646931
9804,197,44,-0.6,0.8,-0.03577784886880785,0.38827146047175914,0.6984747855786693
9805,197,45,-0.6,0.8,-0.01632596933490881,0.39549583561892,0.7101401221410247
9806,197,46,-0.6,0.8,-0.03605521811597341,0.38016792195411797,0.7030595214991017
9807,197,47,-0.6,0.8,-0.04793584958202596,0.37490908742110524,0.6967618747706256
9808,197,48,-0.6,0.8,-0.0484017820988185,0.37776276576630685,0.6946545011479289
9809,197,49,-0.6,0.8,-0.024754329451308718,0.3883738525279233,0.707349748545737
9810,198,0,-0.4,0.8,0.0577869713306427,0.4090431332588196,0.6020101184964949
9811,198,1,-0.4,0.8,0.027724830806255336,0.4010479152202606,0.584902809737088
9812,198,2,-0.4,0.8,0.025025646090507503,0.3570417076349258,0.6138883030402484
9813,198,3,-0.4,0.8,0.0358049381673336,0.36396777302026745,0.6164819925155466
9814,198,4,-0.4,0.8,0.03867168438732624,0.36147196957468986,0.6202738751164003
9815,198,5,-0.4,0.8,0.060904880102574825,0.36421346772015095,0.634305297328396
9816,198,6,-0.4,0.8,0.050718300357729194,0.36672649160832166,0.6251983040215272
9817,198,7,-0.4,0.8,0.0636158051298946,0.38044227026966215,0.6252745823577956
9818,198,8,-0.4,0.8,0.06529373288599877,0.3767225712949723,0.6290167243516877
9819,198,9,-0.4,0.8,0.04896824312521775,0.3637846419503572,0.6259842824970311
9820,198,10,-0.4,0.8,0.01192415532091887,0.3384523845218815,0.6186337455153814
9821,198,11,-0.4,0.8,-0.012068123930357477,0.3316411157004275,0.608153915528999
9822,198,12,-0.4,0.8,0.022600892017718345,0.36671564536159895,0.6052494080200219
9823,198,13,-0.4,0.8,0.02964080470930073,0.3652880737166202,0.6112001962730887
9824,198,14,-0.4,0.8,0.04530541840882473,0.34722857418521413,0.6350581703266345
9825,198,15,-0.4,0.8,0.03086910938803316,0.3220236541828008,0.6435134626296483
9826,198,16,-0.4,0.8,0.03353957764217031,0.3082826991280262,0.6555474577473173
9827,198,17,-0.4,0.8,0.010739692572118247,0.2990840287586293,0.6477838414926109
9828,198,18,-0.4,0.8,0.025761643018675826,0.2973322270419368,0.6587471947846013
9829,198,19,-0.4,0.8,0.043091184920516695,0.30658390806856933,0.6631660711549963
9830,198,20,-0.4,0.8,0.007868829785300256,0.2767645083936078,0.6634247221705061
9831,198,21,-0.4,0.8,0.034381532811084456,0.3055644963334417,0.6581441964594921
9832,198,22,-0.4,0.8,0.03188097144173716,0.32316314815534064,0.6433463738691502
9833,198,23,-0.4,0.8,0.02755344500645989,0.3239076589280072,0.63989519889143
9834,198,24,-0.4,0.8,0.04469394572927053,0.3387183833433779,0.6407288312801402
9835,198,25,-0.4,0.8,0.04348046105948534,0.33365110077654464,0.6435496990508676
9836,198,26,-0.4,0.8,0.06949655478490603,0.3492134368691504,0.6508729065295464
9837,198,27,-0.4,0.8,0.04586219475373872,0.3208178152036232,0.6545293445956796
9838,198,28,-0.4,0.8,0.03602194642020934,0.30688105211397937,0.6582411674487428
9839,198,29,-0.4,0.8,0.029473148023044772,0.29792062868693125,0.6607048357405525
9840,198,30,-0.4,0.8,0.014685729706753286,0.27097729842874463,0.6721824701672694
9841,198,31,-0.4,0.8,0.031227202658979387,0.2846522967091117,0.6719673768869155
9842,198,32,-0.4,0.8,0.03632660012601793,0.2724551958888411,0.6846053040418334
9843,198,33,-0.4,0.8,0.026175360489003718,0.28427697540668123,0.6690259157787636
9844,198,34,-0.4,0.8,0.02244689233668546,0.3050075682495359,0.6507525523078346
9845,198,35,-0.4,0.8,0.03396436067717801,0.2974097578471925,0.6640195914618556
9846,198,36,-0.4,0.8,0.007344765410902808,0.2990545823298114,0.6456594066475165
9847,198,37,-0.4,0.8,0.015887040706731772,0.2912221685931635,0.6571277747583388
9848,198,38,-0.4,0.8,-0.009875412614563575,0.30280379107792044,0.6319820122829013
9849,198,39,-0.4,0.8,0.026520403393115965,0.3247788146718264,0.6385568334105749
9850,198,40,-0.4,0.8,-0.0012999497179146044,0.31775063444264173,0.6257205292104552
9851,198,41,-0.4,0.8,-0.015785435649431627,0.312023840530328,0.6210809638604841
9852,198,42,-0.4,0.8,0.010067537308858019,0.32193670623354953,0.6298411688682943
9853,198,43,-0.4,0.8,0.002370230025836156,0.3173049039343694,0.6284077957639074
9854,198,44,-0.4,0.8,-0.014364221526432209,0.3093965374121854,0.624024607801702
9855,198,45,-0.4,0.8,-0.0029975468250848054,0.3034598962349547,0.6357381713204759
9856,198,46,-0.4,0.8,0.03878449240993301,0.32899040928661794,0.64372499199847
9857,198,47,-0.4,0.8,0.023409941919342557,0.32211309736794214,0.6384762099118518
9858,198,48,-0.4,0.8,0.0158056464189163,0.31677065537450894,0.6374989687058595
9859,198,49,-0.4,0.8,0.019339418905547242,0.3301873025522105,0.6297376588161219
9860,199,0,-0.2,0.8,-0.14305084943771362,0.34952667355537415,0.45405883273850367
9861,199,1,-0.2,0.8,-0.13952147364616393,0.3466719716787338,0.45734445816209296
9862,199,2,-0.2,0.8,-0.15543798983097074,0.3246827831864357,0.47740153890587494
9863,199,3,-0.2,0.8,-0.14982761806249617,0.32184369739890095,0.48078136156306706
9864,199,4,-0.2,0.8,-0.13223257170319555,0.3304211742073297,0.47444356668710935
9865,199,5,-0.2,0.8,-0.1381924147838354,0.33868007287114854,0.4654419971988156
9866,199,6,-0.2,0.8,-0.12698666421610116,0.32355245448461173,0.4820095547081306
9867,199,7,-0.2,0.8,-0.11089117594189046,0.33044241615253384,0.47793797408627137
9868,199,8,-0.2,0.8,-0.0957609987491232,0.3358656051127353,0.4756958123624253
9869,199,9,-0.2,0.8,-0.13103518618779414,0.3328924067475167,0.47217120752782
9870,199,10,-0.2,0.8,-0.14490146253055258,0.32457778566682705,0.47860435718109545
9871,199,11,-0.2,0.8,-0.13642585619769637,0.3201226164849903,0.4840702169824206
9872,199,12,-0.2,0.8,-0.07915032149491212,0.33494478453860815,0.48050077858690793
9873,199,13,-0.2,0.8,-0.08242335561708858,0.33647771172490015,0.478202027423693
9874,199,14,-0.2,0.8,-0.1098339324261484,0.33894005561805174,0.46979377609246553
9875,199,15,-0.2,0.8,-0.14653975521981877,0.3363177667206077,0.46675390864021876
9876,199,16,-0.2,0.8,-0.1573250852904927,0.3355066431663318,0.4664495973715415
9877,199,17,-0.2,0.8,-0.14352544288014846,0.32960253031763614,0.4737754268484741
9878,199,18,-0.2,0.8,-0.12707588223738306,0.3321000541269702,0.4735486102813948
9879,199,19,-0.2,0.8,-0.12041320754772408,0.33242516751229223,0.47429978021157637
9880,199,20,-0.2,0.8,-0.11595561501960147,0.33882822915511945,0.4687673846066261
9881,199,21,-0.2,0.8,-0.08994683055387072,0.35266364641207787,0.46067506264880126
9882,199,22,-0.2,0.8,-0.051991605508469464,0.376889274706968,0.4482512361365623
9883,199,23,-0.2,0.8,-0.10081027907500668,0.36452104979094846,0.4466324180042865
9884,199,24,-0.2,0.8,-0.10107339122552675,0.363875551356235,0.44720354272796825
9885,199,25,-0.2,0.8,-0.12414010503949027,0.354058805439225,0.4523475131684826
9886,199,26,-0.2,0.8,-0.1130449130867214,0.34465438061291553,0.4635739641471504
9887,199,27,-0.2,0.8,-0.10599220005810298,0.3361122335328082,0.473317363222432
9888,199,28,-0.2,0.8,-0.11213094885844017,0.3329406279060636,0.4752530138876557
9889,199,29,-0.2,0.8,-0.0997227030693354,0.32177691046529766,0.48862343337567904
9890,199,30,-0.2,0.8,-0.13567796830228995,0.3222981578995151,0.48201283562568936
9891,199,31,-0.2,0.8,-0.09088042938435495,0.3303657721303457,0.4821445723826715
9892,199,32,-0.2,0.8,-0.1172834405760675,0.33150733963407947,0.47573879600014835
9893,199,33,-0.2,0.8,-0.1287745494268831,0.33359963714113344,0.4718075489902911
9894,199,34,-0.2,0.8,-0.15373908589638743,0.33767308705370974,0.464635606263821
9895,199,35,-0.2,0.8,-0.1203872365479691,0.3500454409850135,0.4569434289743535
9896,199,36,-0.2,0.8,-0.09307905777370096,0.35891904719201184,0.45385514739458704
9897,199,37,-0.2,0.8,-0.1057579499567808,0.3408617029713513,0.4687105074507252
9898,199,38,-0.2,0.8,-0.14245155329105086,0.3370935584196294,0.4664699319090287
9899,199,39,-0.2,0.8,-0.15864218982277095,0.33923763688029757,0.46261476817143254
9900,199,40,-0.2,0.8,-0.13430662079207545,0.3442897007756962,0.4604209996197618
9901,199,41,-0.2,0.8,-0.14369029886013976,0.34756682059421873,0.45592385797376767
9902,199,42,-0.2,0.8,-0.12595952834229368,0.3482487253236603,0.4577785552152846
9903,199,43,-0.2,0.8,-0.13108970522759844,0.33987623515938536,0.4652553145281852
9904,199,44,-0.2,0.8,-0.06549554750238798,0.3471027676686681,0.47244825197587814
9905,199,45,-0.2,0.8,-0.10618403334856488,0.32743917853608984,0.4817833180812603
9906,199,46,-0.2,0.8,-0.10498747597742399,0.30055584327064633,0.5084012641725391
9907,199,47,-0.2,0.8,-0.10860143412575943,0.30432047020373615,0.5040356079712158
9908,199,48,-0.2,0.8,-0.1161021919707266,0.3234573294687719,0.4838716348672977
9909,200,0,0.0,0.8,-0.08130855113267899,0.1560986042022705,0.6490147055325941
9910,200,1,0.0,0.8,-0.08775291815400124,0.15279901772737503,0.6531230252404163
9911,200,2,0.0,0.8,-0.10651334457099437,0.1410258188843727,0.6675268263888059
9912,200,3,0.0,0.8,-0.08994767946749924,0.14866236969828606,0.6575190443543367
9913,200,4,0.0,0.8,-0.08015589508339761,0.15098274536430836,0.6539482887289109
9914,200,5,0.0,0.8,-0.07703869630940258,0.1557030240818858,0.6488863952236011
9915,200,6,0.0,0.8,-0.10229707919590919,0.14912602375820277,0.658863889859523
9916,200,7,0.0,0.8,-0.08186847221477105,0.16854691107682881,0.6367381331861592
9917,200,8,0.0,0.8,-0.058315370491507555,0.18889092226553705,0.6138851580915015
9918,200,9,0.0,0.8,-0.05427241641576492,0.18663269354711098,0.6157637110198022
9919,200,10,0.0,0.8,-0.04420514737871073,0.1958022852904308,0.6058126554596227
9920,200,11,0.0,0.8,-0.042570623851962364,0.19508044055270113,0.6064156424574316
9921,200,12,0.0,0.8,-0.0500577009399764,0.18626270633754005,0.6157753153996325
9922,200,13,0.0,0.8,-0.055085157769523316,0.17978679149619547,0.6226546383100965
9923,200,14,0.0,0.8,-0.0412277602079725,0.17621976491302516,0.6251411919694043
9924,200,15,0.0,0.8,-0.03827963519059131,0.18847324798050707,0.6127236725521833
9925,200,16,0.0,0.8,-0.0469315369782225,0.1850034281082971,0.6167846890136661
9926,200,17,0.0,0.8,-0.056869876275476114,0.1805611092972374,0.6220439873052845
9927,200,18,0.0,0.8,-0.06305864088039737,0.18045746906492424,0.6227433980598448
9928,200,19,0.0,0.8,-0.0934369031847596,0.1635089669299654,0.6433127466911549
9929,200,20,0.0,0.8,-0.08534573614426015,0.16450910891798853,0.6411962003366947
9930,200,21,0.0,0.8,-0.07047420188664685,0.1783253445028802,0.6256564475964606
9931,200,22,0.0,0.8,-0.06002551638996107,0.18020111925002716,0.6226987355028117
9932,200,23,0.0,0.8,-0.06633749307931315,0.17573497121153023,0.6277798094525794
9933,200,24,0.0,0.8,-0.05461108961421843,0.18883892891041856,0.6135961423641911
9934,200,25,0.0,0.8,-0.04659245170755204,0.19753856209976173,0.6042604080302989
9935,200,26,0.0,0.8,-0.05736562912982813,0.1857795186206091,0.6168935201081235
9936,200,27,0.0,0.8,-0.05997835461025912,0.1812349515313975,0.6216651737294813
9937,200,28,0.0,0.8,-0.04995943784324164,0.18691180795516077,0.615120375743173
9938,200,29,0.0,0.8,-0.05845431512321516,0.17539104923665375,0.6273382248278934
9939,200,30,0.0,0.8,-0.05700970111298401,0.1777391441021551,0.6248669288766292
9940,200,31,0.0,0.8,-0.00912004478380568,0.19877941957592293,0.6012897484094692
9941,200,32,0.0,0.8,-0.02754452141447704,0.19298518633877762,0.607639436396389
9942,200,33,0.0,0.8,-0.054270451949305215,0.18107492382551105,0.6212998727445378
9943,200,34,0.0,0.8,-0.0757252971136439,0.17328831711071144,0.6312700326269843
9944,200,35,0.0,0.8,-0.06442239382492579,0.18108190408408828,0.6222618856063029
9945,200,36,0.0,0.8,-0.09178073057571007,0.16290842982870468,0.6436686813014423
9946,200,37,0.0,0.8,-0.09397723594633009,0.15776622091650455,0.6490731452401804
9947,200,38,0.0,0.8,-0.08809990558553821,0.1552793086215222,0.6507121969471014
9948,200,39,0.0,0.8,-0.08927803646992008,0.15578938876102913,0.6503674956736483
9949,200,40,0.0,0.8,-0.08473900072802357,0.15555896061815205,0.6499884241153381
9950,200,41,0.0,0.8,-0.06782193206618702,0.17603720564355618,0.6276379395880178
9951,200,42,0.0,0.8,-0.07630588070560826,0.1741082865704806,0.6305259902414795
9952,200,43,0.0,0.8,-0.06174944366471502,0.18523634563851338,0.6178570583207668
9953,200,44,0.0,0.8,-0.05338582861244254,0.1849354074764012,0.6173771130134789
9954,200,45,0.0,0.8,-0.043098514054951076,0.18692081833456267,0.614592193983382
9955,200,46,0.0,0.8,-0.04958830956848055,0.17923104231756942,0.6227464165035322
9956,200,47,0.0,0.8,-0.05629882493577512,0.17598983571570526,0.6265446854129892
9957,200,48,0.0,0.8,-0.08850716993484375,0.16100894310026354,0.6450915360843898
9958,200,49,0.0,0.8,-0.11169762225639257,0.15976195612116942,0.6499085409867478
9959,201,0,0.2,0.8,0.047011956572532654,0.33384987711906433,0.49061316583809295
9960,201,1,0.2,0.8,0.046718042343854904,0.2429845169186592,0.577721045951452
9961,201,2,0.2,0.8,0.055138063058257095,0.2902849201858043,0.5299004089114344
9962,201,3,0.2,0.8,0.06124576468020677,0.31380981893837445,0.5056022448327507
9963,201,4,0.2,0.8,0.0716385056786239,0.32045944217890493,0.49642302507013486
9964,201,5,0.2,0.8,0.07099529302604494,0.33665151277020566,0.48097196907883827
9965,201,6,0.2,0.8,0.07067372314672915,0.35013235524480035,0.4680877948444281
9966,201,7,0.2,0.8,0.07169202927528692,0.3610991541607096,0.4572711316384826
9967,201,8,0.2,0.8,0.06974860727434566,0.36727131037354865,0.4519065657110974
9968,201,9,0.2,0.8,0.06830631062141704,0.3655454589914111,0.4539757438730911
9969,201,10,0.2,0.8,0.00611786897307786,0.3260517663551946,0.5120714880820565
9970,201,11,0.2,0.8,0.023593805221004356,0.3451491676524784,0.4878610716624541
9971,201,12,0.2,0.8,0.020347972602743056,0.3384082106678539,0.49531992785148177
9972,201,13,0.2,0.8,0.037536999259162644,0.35526416615150347,0.4734809273018659
9973,201,14,0.2,0.8,0.04697893879973698,0.3608286206012108,0.4650666034600742
9974,201,15,0.2,0.8,0.02167659961198435,0.33608348636424507,0.49700881958965093
9975,201,16,0.2,0.8,0.028589240204396505,0.34201524980879994,0.4890109201044513
9976,201,17,0.2,0.8,0.030249492122502983,0.3408386322817407,0.48953487774577487
9977,201,18,0.2,0.8,0.0428811339593334,0.3492029516967974,0.4773932517587413
9978,201,19,0.2,0.8,0.07642749445035876,0.35762428605069607,0.45931082767552145
9979,201,20,0.2,0.8,0.07228439869956547,0.3642022893275511,0.4541265456267438
9980,201,21,0.2,0.8,0.07196938942604722,0.3644675870549663,0.4539607031116929
9981,201,22,0.2,0.8,0.0603900451512478,0.35901771504366287,0.4625541213070994
9982,201,23,0.2,0.8,0.057677074207458844,0.364341734479653,0.4583164185607432
9983,201,24,0.2,0.8,-0.008430079367244478,0.31435472870027126,0.5284831383505277
9984,201,25,0.2,0.8,0.015553646015585496,0.33428237609971134,0.5009125299984766
9985,201,26,0.2,0.8,0.0286235118003912,0.34378576220111046,0.48734108330619164
9986,201,27,0.2,0.8,0.045672129130816363,0.3522785838318387,0.4735731814858601
9987,201,28,0.2,0.8,0.04816708328874819,0.35416146964935097,0.47098325845222205
9988,201,29,0.2,0.8,0.025230812194807717,0.33911885515625617,0.49290536483037656
9989,201,30,0.2,0.8,0.03504105584224499,0.3441026984358106,0.48482347594887654
9990,201,31,0.2,0.8,0.03669380643447544,0.3479114567332458,0.48067968940856703
9991,201,32,0.2,0.8,0.053746208786330754,0.3666053242052688,0.4574069484076425
9992,201,33,0.2,0.8,0.05294940041259277,0.37665632651205516,0.4481559379516059
9993,201,34,0.2,0.8,0.04858968373863641,0.3687858035183843,0.4570238146066916
9994,201,35,0.2,0.8,0.05028681582917889,0.3705859844895032,0.45476415231569806
9995,201,36,0.2,0.8,0.06994209005134387,0.3838622823862512,0.4359881419958494
9996,201,37,0.2,0.8,-0.012473190629601887,0.3296624212320442,0.5161029884990264
9997,201,38,0.2,0.8,0.013257008678829384,0.340173369864529,0.49629978298335176
9998,201,39,0.2,0.8,0.021051509003819024,0.3402570529321173,0.49334180829164714
9999,201,40,0.2,0.8,0.02786531073320577,0.34492617850279184,0.4865414003566898
10000,201,41,0.2,0.8,0.035517459270636924,0.3514385462139324,0.47776760462326984
10001,201,42,0.2,0.8,0.033632796863810696,0.34814711990296765,0.48150708357337924
10002,201,43,0.2,0.8,0.04864266072915746,0.3604388714595432,0.46489034177417476
10003,201,44,0.2,0.8,0.05928098026558486,0.3701740956837591,0.45227441950246206
10004,201,45,0.2,0.8,0.04661323904545415,0.3606547613515714,0.4653511976552459
10005,201,46,0.2,0.8,0.037716184016922276,0.4051775922081849,0.4268732488977915
10006,201,47,0.2,0.8,0.05212109587570171,0.4072279982558277,0.41968799796888107
10007,201,48,0.2,0.8,0.02852453849103151,0.3734223193877906,0.4597524893855453
10008,202,0,0.4,0.8,0.07227269560098648,0.5397851467132568,0.4184697789801373
10009,202,1,0.4,0.8,0.06411955803632735,0.5361942768096923,0.42709381976525174
10010,202,2,0.4,0.8,0.061840611547231666,0.5557454311847686,0.41714753551455264
10011,202,3,0.4,0.8,0.053725893542170514,0.5534101186990736,0.42510272448335734
10012,202,4,0.4,0.8,0.0396139909043908,0.5548226755023001,0.4358784188276715
10013,202,5,0.4,0.8,0.033437623823732124,0.5453090612900255,0.44635798400942683
10014,202,6,0.4,0.8,0.0382897110994011,0.5482179186114071,0.4407136821167761
10015,202,7,0.4,0.8,0.0425681540420398,0.5545424345093845,0.4335976717666907
10016,202,8,0.4,0.8,0.04055085140819563,0.56219548842018,0.43099266368592615
10017,202,9,0.4,0.8,0.044374702134218305,0.5620037615546942,0.42791536779629785
10018,202,10,0.4,0.8,0.051033427497685496,0.5613179654056382,0.42278455785673785
10019,202,11,0.4,0.8,0.047146601107377194,0.5669470682861593,0.42287018113186053
10020,202,12,0.4,0.8,0.05507780669993248,0.5691754399324983,0.41503168187655853
10021,202,13,0.4,0.8,0.05888845439956844,0.552329659959661,0.42154203097391424
10022,202,14,0.4,0.8,0.05915128282054645,0.5580149236825018,0.41801270933222184
10023,202,15,0.4,0.8,0.047159345834861865,0.5568072875792618,0.42853147213038917
10024,202,16,0.4,0.8,0.03871182409185913,0.5588440653004632,0.4343792477683977
10025,202,17,0.4,0.8,0.035364701997052855,0.5572518060031404,0.4380474703025176
10026,202,18,0.4,0.8,0.03566682165420836,0.5508884096737712,0.4413561478878586
10027,202,19,0.4,0.8,0.03770644990493605,0.5607204609331693,0.434178896604291
10028,202,20,0.4,0.8,0.04209474940620685,0.5728854180626118,0.4238834765961048
10029,202,21,0.4,0.8,0.008211217360357213,0.5366608280814121,0.47206564127144524
10030,202,22,0.4,0.8,0.01780050141181731,0.5533464635623992,0.45487847141652366
10031,202,23,0.4,0.8,0.012295267728928014,0.5513062834391446,0.4606121189050878
10032,202,24,0.4,0.8,0.016099773569478885,0.5464133512730017,0.46009300393072206
10033,202,25,0.4,0.8,0.026691499507925914,0.5493455632754396,0.4496519578400027
10034,202,26,0.4,0.8,0.02932387213861088,0.5483240676879646,0.4480419251269296
10035,202,27,0.4,0.8,0.03030668158996699,0.536022163934691,0.45426583363790995
10036,202,28,0.4,0.8,0.028563592302481518,0.529512181138027,0.45948739385966264
10037,202,29,0.4,0.8,0.04540766495205574,0.5509200314467348,0.4333319222135027
10038,202,30,0.4,0.8,0.05262524661835361,0.5463289234886207,0.43013745982581164
10039,202,31,0.4,0.8,0.045441374373350836,0.5493195622856166,0.4342263244656331
10040,202,32,0.4,0.8,0.02719261212581397,0.5387887635614794,0.4552105650084525
10041,202,33,0.4,0.8,0.02981403643293977,0.5150348171741193,0.4671646423318662
10042,202,34,0.4,0.8,0.033016901930994394,0.5222557284042535,0.46023741120488804
10043,202,35,0.4,0.8,0.04409348066109282,0.5411278017683534,0.4400957458613079
10044,202,36,0.4,0.8,0.04342312332809471,0.5382298534936304,0.4423467854286469
10045,202,37,0.4,0.8,0.04710762701207749,0.5541844640253599,0.43006779074879187
10046,202,38,0.4,0.8,0.04764563417675144,0.5308169257496824,0.44341078761973723
10047,202,39,0.4,0.8,0.05249458356071941,0.5442445429462712,0.4314752232369775
10048,202,40,0.4,0.8,0.004642339173541496,0.49979469345102356,0.4964180758738887
10049,202,41,0.4,0.8,0.002965977054347814,0.4758565586434081,0.5125475450637755
10050,202,42,0.4,0.8,0.012594927035825605,0.49397407105946467,0.4936948042488344
10051,202,43,0.4,0.8,0.0175614784937501,0.4904281337258095,0.4920304493833402
10052,202,44,0.4,0.8,0.015551460688012842,0.5075962252853127,0.4830120566264554
10053,202,45,0.4,0.8,0.021975220027852654,0.5239086066888241,0.4681123708400547
10054,202,46,0.4,0.8,0.03354098329772752,0.5297632635280021,0.4553241753535963
10055,202,47,0.4,0.8,0.036394617715290595,0.5291574830265015,0.45339226176341996
10056,202,48,0.4,0.8,0.03662703134732245,0.5362609668687799,0.448996872978477
10057,203,0,0.6,0.8,0.20625749230384827,0.13176797330379486,0.7756076352572684
10058,203,1,0.6,0.8,0.15023033693432808,0.09480754435062408,0.8364144602522156
10059,203,2,0.6,0.8,0.025335530564188954,0.07478674456477163,0.9252964488697144
10060,203,3,0.6,0.8,0.05059473250061273,0.09853819949924944,0.8910077471704879
10061,203,4,0.6,0.8,-0.03289991742745042,0.07410552338212727,0.9630602767553073
10062,203,5,0.6,0.8,0.004897153243795034,0.06807717931583522,0.9433230696085001
10063,203,6,0.6,0.8,0.04417368581470101,0.07124941822509466,0.9165262145613062
10064,203,7,0.6,0.8,-0.05480515492555127,0.05389616647620349,0.9926936694247528
10065,203,8,0.6,0.8,-0.038495882703042404,0.07889596155764206,0.9631552452676644
10066,203,9,0.6,0.8,-0.057608665076120155,0.0671465959105599,0.9846437265674712
10067,203,10,0.6,0.8,-0.01316674797043842,0.08382049562211788,0.9428077976489121
10068,203,11,0.6,0.8,-0.006719173479218774,0.07732769129845668,0.9435907064142404
10069,203,12,0.6,0.8,0.013395289041899,0.0803780088297647,0.9284184924343393
10070,203,13,0.6,0.8,0.07242689790408974,0.09212537190620951,0.882847589991627
10071,203,14,0.6,0.8,0.05619722513811603,0.07748360951158798,0.9042960756698485
10072,203,15,0.6,0.8,0.046568848301169974,0.06663711941331006,0.9187530431476681
10073,203,16,0.6,0.8,0.04055383362018902,0.04466286567176445,0.9399543603666393
10074,203,17,0.6,0.8,0.04423353513430245,0.049563815068478824,0.9338259105014655
10075,203,18,0.6,0.8,0.010438594303980281,0.04673923741767089,0.9565481835915944
10076,203,19,0.6,0.8,0.002282204759834574,0.050492029475097816,0.9586598774472217
10077,203,20,0.6,0.8,0.03333423835327511,0.06356142487212764,0.92922110412917
10078,203,21,0.6,0.8,0.012463436390988028,0.055293883192135115,0.9485707216589261
10079,203,22,0.6,0.8,-0.009774887332099282,0.06266200886698092,0.9568138410312377
10080,203,23,0.6,0.8,-0.07242475612773927,0.04551867673866021,1.0106419345166873
10081,203,24,0.6,0.8,-0.06865565741727851,0.07300215185732092,0.9877379507745051
10082,203,25,0.6,0.8,-0.03657283817995659,0.07540855164066267,0.9644987015771289
10083,203,26,0.6,0.8,-0.014101187683029471,0.08130472549115338,0.9453270155427981
10084,203,27,0.6,0.8,-0.0033435259837095417,0.06636129186868968,0.9498679720966663
10085,203,28,0.6,0.8,-0.08676481189377398,0.10428791549229832,0.9775792609223777
10086,203,29,0.6,0.8,-0.0689424551718742,0.07204116906160561,0.9886395034958743
10087,203,30,0.6,0.8,-0.05801236135615082,0.06285953613921119,0.9881074491968961
10088,203,31,0.6,0.8,-0.07031450670954803,0.04660771376726905,1.0084252450530213
10089,203,32,0.6,0.8,-0.06577934648988697,0.03402288389863089,1.014880820886606
10090,203,33,0.6,0.8,-0.014863014255748562,0.0634298855350719,0.9594748875413791
10091,203,34,0.6,0.8,0.01810346466864103,0.132927192648293,0.8852060258147406
10092,203,35,0.6,0.8,0.032572051344270186,0.10402955934904913,0.8979695602722446
10093,203,36,0.6,0.8,-0.03777455456995142,0.13635853954009244,0.920421843775048
10094,203,37,0.6,0.8,-0.015617988433045356,0.12319327562547147,0.914905924038602
10095,203,38,0.6,0.8,0.028603642833310815,0.1225510082507878,0.8862454137570399
10096,203,39,0.6,0.8,0.0025838797355243748,0.14076049867325272,0.8896643978834924
10097,203,40,0.6,0.8,0.03675597032360081,0.14467810561395955,0.8641126212640441
10098,203,41,0.6,0.8,0.01815264842725089,0.15941019087131908,0.865391035365945
10099,203,42,0.6,0.8,0.008743495571329233,0.12304357586172485,0.8988071284826856
10100,203,43,0.6,0.8,0.03619644326905392,0.15036473749585036,0.860174647889195
10101,203,44,0.6,0.8,0.020726030797342337,0.139332252045025,0.8786581841556477
10102,203,45,0.6,0.8,0.028209405652091814,0.11823262732196321,0.8898040426032281
10103,203,46,0.6,0.8,0.002740652370437125,0.13024236433384745,0.897381757594841
10104,203,47,0.6,0.8,-0.12385829020978123,0.08366518513236988,1.0183842061309032
10105,203,48,0.6,0.8,-0.08339924077797709,0.09995789485287848,0.9783115410106992
10106,203,49,0.6,0.8,-0.08146937213764731,0.0843083707986129,0.9882383382922437
10107,204,0,0.8,0.8,-0.15554338693618774,0.3168022632598877,1.070767583142228
10108,204,1,0.8,0.8,-0.1406981825828552,0.3135426640510559,1.0590343764076928
10109,204,2,0.8,0.8,-0.1631810164451599,0.22353036226704714,1.1225127677083648
10110,204,3,0.8,0.8,-0.2545567042827606,0.15546520643867548,1.2359267545687556
10111,204,4,0.8,0.8,-0.18817322363853453,0.12039066816773261,1.1993144557744955
10112,204,5,0.8,0.8,0.005884282417297382,0.13221886580968273,1.0375699572040418
10113,204,6,0.8,0.8,0.008606693237066282,0.11945455772726793,1.043765042999314
10114,204,7,0.8,0.8,-0.012729440865588177,0.1443091864599222,1.0442507299545165
10115,204,8,0.8,0.8,-0.03872458668189287,0.11850778047237831,1.080689861885174
10116,204,9,0.8,0.8,-0.014999596249520058,0.16933411010896987,1.0305162815593578
10117,204,10,0.8,0.8,-0.05011676706872532,0.21755866462148304,1.0305029969917077
10118,204,11,0.8,0.8,-0.03436566537222767,0.2375808594416574,1.006221324171986
10119,204,12,0.8,0.8,-0.021717674055904673,0.19540356039540932,1.02017488237968
10120,204,13,0.8,0.8,0.023377780553254117,0.17427126723205918,0.9973357101546915
10121,204,14,0.8,0.8,0.08886294673441533,0.18601312548292787,0.9395189144485075
10122,204,15,0.8,0.8,0.015400856508722686,0.13484540204590734,1.0286041294622128
10123,204,16,0.8,0.8,-0.03245060608611748,0.07121069837878469,1.1063940788573858
10124,204,17,0.8,0.8,-0.04608873229303331,0.08752335236955908,1.1061144228026067
10125,204,18,0.8,0.8,-0.08501165996745089,0.10493491777323144,1.125327111025611
10126,204,19,0.8,0.8,-0.06813483795551857,0.13638065737465738,1.0927253675002455
10127,204,20,0.8,0.8,-0.059463343051273425,0.10790900091216765,1.1034795825330277
10128,204,21,0.8,0.8,-0.020737828780252893,0.13648813257535358,1.0553949885252751
10129,204,22,0.8,0.8,-0.02347403957528612,0.10626383563323857,1.0767447978071434
10130,204,23,0.8,0.8,-0.036591574409186034,0.07680670347870219,1.105845380921665
10131,204,24,0.8,0.8,-0.03839703080654684,0.10586904782993178,1.0884518179624487
10132,204,25,0.8,0.8,-0.06449883554697414,0.10144550163805292,1.111456982453116
10133,204,26,0.8,0.8,-0.04064620298171307,0.14571976752561194,1.0652552094189969
10134,204,27,0.8,0.8,-0.05931672238724416,0.12648290608363652,1.0918106544506239
10135,204,28,0.8,0.8,-0.06193130461764226,0.13990860879248493,1.0856547419074554
10136,204,29,0.8,0.8,-0.04165484159066601,0.11488490603743273,1.0852490794045146
10137,204,30,0.8,0.8,-0.05086456342748827,0.08858460820381635,1.109090783020564
10138,204,31,0.8,0.8,-0.005467136183862072,0.16212581540808435,1.0274535429113247
10139,204,32,0.8,0.8,-0.03853416307333999,0.14390759330953903,1.064705024294517
10140,204,33,0.8,0.8,-0.0718569626857313,0.16077153497314475,1.0810863026993627
10141,204,34,0.8,0.8,0.0033711642707754466,0.16493458230657593,1.0187863302309386
10142,204,35,0.8,0.8,0.017625444430088847,0.14696457336896906,1.0191001980366743
10143,204,36,0.8,0.8,0.006779345307333364,0.14255859102197463,1.0302563823000923
10144,204,37,0.8,0.8,-0.029335281050693822,0.16967749845754684,1.0416829960915026
10145,204,38,0.8,0.8,-0.01329143375907767,0.15018913473924106,1.041007741007161
10146,204,39,0.8,0.8,0.0074799550421228034,0.1404538706279603,1.0310621312169674
10147,204,40,0.8,0.8,-0.015524820984101989,0.14870273309307944,1.0436804412853469
10148,204,41,0.8,0.8,0.02157408416222762,0.1864750600472128,0.9911406350220668
10149,204,42,0.8,0.8,-0.051727989375930414,0.15060770751342425,1.0710513140962645
10150,204,43,0.8,0.8,-0.03855752457404034,0.10509750358922952,1.089067583549186
10151,204,44,0.8,0.8,-0.015850874349045033,0.0791077003266868,1.0887140840938816
10152,204,45,0.8,0.8,-0.018747365395423862,0.07857334661190907,1.0912395083393418
10153,204,46,0.8,0.8,0.013682825471820469,0.08672401193175355,1.0616295653912022
10154,204,47,0.8,0.8,0.02104541825662397,0.12505167492603805,1.0306917492340495
10155,204,48,0.8,0.8,0.012204874726009764,0.11130558240277451,1.046384805047858
10156,204,49,0.8,0.8,0.02227502382825879,0.1484964569559099,1.0145506419890227
10157,205,0,1.0,0.8,-0.2152920663356781,0.016906388103961945,1.4457421663252494
10158,205,1,1.0,0.8,-0.1929782688617706,0.020135176554322242,1.4252670952577224
10159,205,2,1.0,0.8,-0.23959509551525113,0.10153782036155462,1.4228300732029642
10160,205,3,1.0,0.8,-0.07563488298654554,0.18711629277840255,1.2379890306764307
10161,205,4,1.0,0.8,-0.0874186449229717,0.15590054379366336,1.263860521897654
10162,205,5,1.0,0.8,-0.10959591816723344,0.14136663934115318,1.290349179635556
10163,205,6,1.0,0.8,-0.15061513032120463,0.14393432440724593,1.3245140047636565
10164,205,7,1.0,0.8,-0.14635971498411293,0.08115413563109075,1.3531001340842226
10165,205,8,1.0,0.8,-0.1501364968055981,0.09169232764502012,1.3507456163175888
10166,205,9,1.0,0.8,-0.13996071997127416,0.07031599599184345,1.3534951750127526
10167,205,10,1.0,0.8,-0.15291140445062554,0.07194480714840915,1.3635501715560308
10168,205,11,1.0,0.8,-0.14079763146829927,0.10254439852983016,1.337110149533612
10169,205,12,1.0,0.8,-0.08717125834837185,0.08683294864639819,1.3002109783089717
10170,205,13,1.0,0.8,-0.07990195058057942,0.05987544014492756,1.3091877584855447
10171,205,14,1.0,0.8,-0.07719193539608683,0.04462666578573374,1.315648638400217
10172,205,15,1.0,0.8,-0.08352832967154598,0.05135263862448604,1.3170066487665617
10173,205,16,1.0,0.8,-0.09078462006527871,0.06580274804002413,1.314859951537248
10174,205,17,1.0,0.8,-0.06487079083735826,0.10362763208644049,1.2723538328515849
10175,205,18,1.0,0.8,-0.0700071760403172,0.11378944617259024,1.2711413300502405
10176,205,19,1.0,0.8,-0.09652399479060758,0.12417980771485232,1.2880597049251585
10177,205,20,1.0,0.8,-0.14146692078408174,0.13776448636110905,1.3196600345425555
10178,205,21,1.0,0.8,-0.14933371310201882,0.09845746095055737,1.3465251271954832
10179,205,22,1.0,0.8,-0.1920805080268514,0.0661723389245776,1.3998424817732107
10180,205,23,1.0,0.8,-0.17177675266798456,0.032273628121852416,1.4008799163990862
10181,205,24,1.0,0.8,-0.11932774801865502,0.03589853516654936,1.3552658986505706
10182,205,25,1.0,0.8,-0.15445673956345218,0.01003791004425026,1.3988604173007158
10183,205,26,1.0,0.8,-0.1880918447743802,0.012530862435738404,1.4253665753887987
10184,205,27,1.0,0.8,-0.18207712503270945,0.02859563842567614,1.4115137330474283
10185,205,28,1.0,0.8,-0.1795315744717682,0.04944371457504201,1.3980806388641391
10186,205,29,1.0,0.8,-0.17775030598718278,0.019977993323652715,1.4126323350937067
10187,205,30,1.0,0.8,-0.19149131145054943,0.026834070769920088,1.4203651288962156
10188,205,31,1.0,0.8,-0.17889824456157677,0.10139822966017514,1.3703450312064858
10189,205,32,1.0,0.8,-0.2151931192708778,0.09122975621929498,1.4067869688024004
10190,205,33,1.0,0.8,-0.1951857453945217,0.08684607315080872,1.39178212712144
10191,205,34,1.0,0.8,-0.13299820795198838,0.18322343406689423,1.289999330041164
10192,205,35,1.0,0.8,-0.2035903074560403,0.11390700247713506,1.385407243178711
10193,205,36,1.0,0.8,-0.1465103503815817,0.15651639813959606,1.3147460322797464
10194,205,37,1.0,0.8,-0.0734279300994417,0.05565850993341212,1.306251038258772
10195,205,38,1.0,0.8,-0.11149737659680034,0.039713295347911154,1.3466485404337325
10196,205,39,1.0,0.8,-0.085729366506249,0.003591270678436183,1.3465047795806924
10197,205,40,1.0,0.8,-0.10808411953407247,0.03630869488242944,1.3457618011653396
10198,205,41,1.0,0.8,-0.17124942444056673,0.03578827696767028,1.398515202588946
10199,205,42,1.0,0.8,-0.18425691179040354,0.00803506304729584,1.4246658887212273
10200,205,43,1.0,0.8,-0.1507075194132556,0.04360793184177103,1.37704638847313
10201,205,44,1.0,0.8,-0.08558219741071867,0.022773683251492337,1.3351290030485954
10202,205,45,1.0,0.8,-0.14071854401826783,-0.00745569976460287,1.3975777272658225
10203,205,46,1.0,0.8,-0.20770751152872985,-0.034530087248523474,1.4679911103020842
10204,205,47,1.0,0.8,-0.2181049644957777,-0.021291473047413037,1.469115171873754
10205,205,48,1.0,0.8,-0.19331306785420152,-0.019911707540883943,1.4478436676914443
10206,205,49,1.0,0.8,-0.17405231991462805,-0.014502749984834617,1.4289204245267746
10207,206,0,-1.0,1.0,0.1855187714099884,0.30294132232666016,1.3752619959430106
10208,206,1,-1.0,1.0,0.14209972172975538,0.2867868423461914,1.3465009404473884
10209,206,2,-1.0,1.0,0.0956939947605133,0.2829644924402237,1.3094599074640496
10210,206,3,-1.0,1.0,0.05039590442180633,0.24985730868577954,1.2907538934120037
10211,206,4,-1.0,1.0,0.026025919276475903,0.2475727096736431,1.2723505862202449
10212,206,5,-1.0,1.0,0.026384294242262837,0.25746116805851454,1.26681831231168
10213,206,6,-1.0,1.0,0.02759564235550165,0.2630989008957743,1.2645062412060417
10214,206,7,-1.0,1.0,0.02143754209398627,0.2603700556030094,1.2611055098792088
10215,206,8,-1.0,1.0,0.03099543925845205,0.2626880356042736,1.267509577325873
10216,206,9,-1.0,1.0,0.06636623594866699,0.2784687512972362,1.2875341906240385
10217,206,10,-1.0,1.0,0.05243882450058613,0.27315218584744977,1.2790368345964538
10218,206,11,-1.0,1.0,0.052951289850634214,0.27837755417730603,1.2764973063478202
10219,206,12,-1.0,1.0,0.06036284396719268,0.2811946361773643,1.2810349378242518
10220,206,13,-1.0,1.0,0.01501366601159107,0.2668870153684818,1.2520812235736236
10221,206,14,-1.0,1.0,0.014009220888604242,0.27242456812278254,1.2480307324414868
10222,206,15,-1.0,1.0,0.04118970602082477,0.2705308244330791,1.2712990529478163
10223,206,16,-1.0,1.0,-0.05393347046247039,0.26228747387649365,1.1996923145168141
10224,206,17,-1.0,1.0,-0.040796223342713114,0.2562755598023059,1.2137536521473276
10225,206,18,-1.0,1.0,-0.023573186141458626,0.27384232256573093,1.2168460442137594
10226,206,19,-1.0,1.0,-0.061987462937380104,0.2630989168249881,1.1928498338312157
10227,206,20,-1.0,1.0,-0.04852174116639461,0.2707157671366454,1.1988187391495517
10228,206,21,-1.0,1.0,-0.02979001850314653,0.2722805160224462,1.2127996765981932
10229,206,22,-1.0,1.0,-0.009781437519186748,0.25834917550862,1.237165610155048
10230,206,23,-1.0,1.0,-0.0019956098815757115,0.2554418679863822,1.2451423913124378
10231,206,24,-1.0,1.0,-0.003306779317525094,0.2613599047813244,1.2405589733741234
10232,206,25,-1.0,1.0,0.04158161666321065,0.301838156782329,1.2539227342607053
10233,206,26,-1.0,1.0,0.0316914556963157,0.28361201538832775,1.256025081060389
10234,206,27,-1.0,1.0,0.05760826860666651,0.25351042775247745,1.294519961723063
10235,206,28,-1.0,1.0,0.03188228568792606,0.2643553819214699,1.2672624257131768
10236,206,29,-1.0,1.0,0.023050610824944424,0.2501812064815341,1.2684087572319815
10237,206,30,-1.0,1.0,0.013355092180932853,0.24606999893170045,1.2630514595058562
10238,206,31,-1.0,1.0,0.02717257880291909,0.25356830157267063,1.2697416221663944
10239,206,32,-1.0,1.0,0.02160620431289175,0.2638691882113507,1.2591933166735
10240,206,33,-1.0,1.0,0.022505525182978006,0.2708333674941384,1.255866842857815
10241,206,34,-1.0,1.0,0.035552671702610436,0.2594216605734573,1.2731164961220909
10242,206,35,-1.0,1.0,0.06413585822416831,0.2709498711921992,1.289922174037317
10243,206,36,-1.0,1.0,0.03866931141856752,0.279110652799284,1.2643240840030674
10244,206,37,-1.0,1.0,0.024678740168714616,0.2762170909011492,1.2545231046327283
10245,206,38,-1.0,1.0,0.031138978188805642,0.2673046861802429,1.2649466452122344
10246,206,39,-1.0,1.0,0.010441873470843833,0.2721937817633572,1.2452689151212248
10247,206,40,-1.0,1.0,-0.004557583679824371,0.27131687160435275,1.2336469129446306
10248,206,41,-1.0,1.0,0.03498412394022096,0.25402724483879474,1.2758007243496556
10249,206,42,-1.0,1.0,0.03269771145231132,0.24984417525421027,1.276400534565415
10250,206,43,-1.0,1.0,0.02289874463789287,0.25106612361712566,1.2677633032138356
10251,206,44,-1.0,1.0,0.03480474975366231,0.24652681412369326,1.2800557456405293
10252,206,45,-1.0,1.0,0.03792512345970854,0.25554215474376296,1.277304210152151
10253,206,46,-1.0,1.0,-0.053049979109934677,0.21403842041308135,1.2306298983246178
10254,206,47,-1.0,1.0,-0.029685972382188033,0.23456734526743606,1.2358788213748306
10255,206,48,-1.0,1.0,-0.008581545476806297,0.24629095868282597,1.2453866351187535
10256,206,49,-1.0,1.0,-0.020333269802018494,0.27164572649408536,1.2207566710819702
10257,207,0,-0.8,1.0,0.09552886337041855,0.06672491878271103,1.2934350862531336
10258,207,1,-0.8,1.0,0.10946006253361701,0.13775736168026922,1.2532278215393324
10259,207,2,-0.8,1.0,0.12376600675284861,0.1043682412803173,1.286662303193583
10260,207,3,-0.8,1.0,0.14396665216237306,0.0738638892136514,1.322422449936896
10261,207,4,-0.8,1.0,0.01881889009997248,0.057934577569738015,1.2481793280307356
10262,207,5,-0.8,1.0,0.10197149865992367,0.12111511202033608,1.259361437679372
10263,207,6,-0.8,1.0,0.11863265044706314,0.124035042623315,1.2693307500487545
10264,207,7,-0.8,1.0,0.0554978204275377,0.20098258204235991,1.1706004249768414
10265,207,8,-0.8,1.0,0.050999129241073644,0.2999220808633372,1.1019567191281996
10266,207,9,-0.8,1.0,0.05912871643677867,0.2771337374251826,1.1227812720985293
10267,207,10,-0.8,1.0,0.05912736196659864,0.32848290214352016,1.0904288316040052
10268,207,11,-0.8,1.0,-0.04485603474040823,0.28242172277558386,1.0417106086684251
10269,207,12,-0.8,1.0,-0.0215118240487774,0.29966365529708044,1.0471460432087343
10270,207,13,-0.8,1.0,-0.00031518417800862134,0.30215993586707496,1.0613560004848972
10271,207,14,-0.8,1.0,0.05635216598963957,0.2769417126424101,1.1207820123073169
10272,207,15,-0.8,1.0,0.0924324734576479,0.22032002450157112,1.1850470808685056
10273,207,16,-0.8,1.0,0.11872135703738082,0.16849033821414144,1.239135686484672
10274,207,17,-0.8,1.0,0.07472325797858718,0.08585816748095712,1.2652256984467032
10275,207,18,-0.8,1.0,0.09108840331621983,0.15470379381385657,1.228236222685741
10276,207,19,-0.8,1.0,0.11659194959830853,0.1678019330134496,1.2380203652462989
10277,207,20,-0.8,1.0,0.12195351872386662,0.19991834120565188,1.2207083809929524
10278,207,21,-0.8,1.0,0.14658351945359993,0.16778127163280518,1.2604000837616105
10279,207,22,-0.8,1.0,0.1683516506874128,0.1175825034689469,1.3101013539315072
10280,207,23,-0.8,1.0,0.12821776376828498,0.1653773749448949,1.248272062985017
10281,207,24,-0.8,1.0,0.13775640323425792,0.18336882940974492,1.2434924770928302
10282,207,25,-0.8,1.0,0.14487850086158338,0.14182926020456016,1.2764217171575725
10283,207,26,-0.8,1.0,0.16310718845711225,0.10514698734882336,1.3146624550464088
10284,207,27,-0.8,1.0,0.17697434260418266,0.08234237077536187,1.3403635292640046
10285,207,28,-0.8,1.0,0.17811268512188566,0.13910430182905395,1.30301413189788
10286,207,29,-0.8,1.0,0.16826335450654645,0.13810598509434838,1.2963005888336445
10287,207,30,-0.8,1.0,0.17686221005968047,0.1258235810681858,1.3108944232313806
10288,207,31,-0.8,1.0,0.11381518395459904,0.10717054252219943,1.2775768589662546
10289,207,32,-0.8,1.0,0.13537389622332036,0.06662719255760235,1.3214042240771362
10290,207,33,-0.8,1.0,0.08389117007792954,0.10955167327575333,1.2546560576937977
10291,207,34,-0.8,1.0,0.09017795676726773,0.07232745451829545,1.2856878106114458
10292,207,35,-0.8,1.0,0.13657839246905915,0.06533373841813403,1.323170474949977
10293,207,36,-0.8,1.0,0.16768454813780337,0.04050404021560985,1.362734706957753
10294,207,37,-0.8,1.0,0.16869144253606957,0.027107071144818133,1.372910689687798
10295,207,38,-0.8,1.0,0.16042925048741452,0.10269651898186127,1.3143735702756223
10296,207,39,-0.8,1.0,0.12066578904997236,0.15896805387644475,1.2469804447253305
10297,207,40,-0.8,1.0,0.17657771436520067,0.16200323038633618,1.2868343397958013
10298,207,41,-0.8,1.0,0.17420959283613516,0.12136369688645171,1.3119017051299962
10299,207,42,-0.8,1.0,0.15090220065705326,0.12357960909937438,1.2931850976564925
10300,207,43,-0.8,1.0,0.15723202053958815,0.14236863890522947,1.2852333222724859
10301,207,44,-0.8,1.0,0.16161841449119893,0.1850504269944028,1.2604970375334377
10302,207,45,-0.8,1.0,0.16201020387694015,0.16352627213025858,1.2748144687677712
10303,207,46,-0.8,1.0,0.049726315096212836,0.12679505645888386,1.218409489454031
10304,207,47,-0.8,1.0,0.06441000121696332,0.2544863542890562,1.1414881717061869
10305,207,48,-0.8,1.0,0.11520242107415674,0.16421803419125172,1.2394058923174174
10306,208,0,-0.6,1.0,0.03407210111618042,0.4847859740257263,0.8170024002256708
10307,208,1,-0.6,1.0,0.019954801350831986,0.46996172666549685,0.8156497575046356
10308,208,2,-0.6,1.0,0.030356018766760823,0.47573122262954715,0.8198819801172547
10309,208,3,-0.6,1.0,0.03825029886513948,0.47768103694915776,0.824730588231058
10310,208,4,-0.6,1.0,0.02879817818328738,0.47454112799167636,0.8194474815745552
10311,208,5,-0.6,1.0,0.03198056319661438,0.4733023407244682,0.8226845425463116
10312,208,6,-0.6,1.0,0.029520044272296125,0.4745362712471485,0.8200046441182172
10313,208,7,-0.6,1.0,0.007237534157044437,0.46439523194930554,0.8096974067191804
10314,208,8,-0.6,1.0,0.03299994076502792,0.4788575399546933,0.8199258433971959
10315,208,9,-0.6,1.0,0.03405943998345465,0.4799680481394508,0.8200393919733518
10316,208,10,-0.6,1.0,0.033783052534402516,0.478748043281661,0.8206001219001386
10317,208,11,-0.6,1.0,0.027744991997260625,0.4770252813219811,0.8170473250393724
10318,208,12,-0.6,1.0,0.0028693456387173556,0.4556099759065956,0.8122880931315395
10319,208,13,-0.6,1.0,0.011121447658037742,0.4630699237750664,0.8134883714857691
10320,208,14,-0.6,1.0,0.02369753126586171,0.4720265504118488,0.8171625138105287
10321,208,15,-0.6,1.0,0.04813295650481467,0.48384308670736154,0.8285495087485456
10322,208,16,-0.6,1.0,0.04305199194550016,0.476905231658059,0.8289414943238059
10323,208,17,-0.6,1.0,0.07030968950211652,0.47991900492549566,0.8484098781120541
10324,208,18,-0.6,1.0,0.06309451197796816,0.47930314634430843,0.8431011476817217
10325,208,19,-0.6,1.0,0.05016932884504028,0.47853499895266594,0.8334541999942806
10326,208,20,-0.6,1.0,0.0380884597674483,0.47389663628888457,0.8270076370847761
10327,208,21,-0.6,1.0,0.03774469325769263,0.47373831928279625,0.8268431836628058
10328,208,22,-0.6,1.0,0.012502205231585321,0.4605135516559545,0.8162135623477642
10329,208,23,-0.6,1.0,0.030115608921804773,0.4717736291254385,0.8222340174756859
10330,208,24,-0.6,1.0,0.03756108227949453,0.4792184832846499,0.8232238588559863
10331,208,25,-0.6,1.0,0.0476118064473746,0.48500487528331704,0.8274182922391694
10332,208,26,-0.6,1.0,0.050245517798808655,0.4855750404344135,0.8291274162886524
10333,208,27,-0.6,1.0,0.022652258491499433,0.46622743822955026,0.820127418578085
10334,208,28,-0.6,1.0,0.0432311368596437,0.4807051721461222,0.826688220347634
10335,208,29,-0.6,1.0,0.046283888650766776,0.4818739178054853,0.8283341727707446
10336,208,30,-0.6,1.0,0.036625630888325204,0.4761676825673705,0.8244346491328449
10337,208,31,-0.6,1.0,0.027972031199025672,0.4723854091081945,0.8201987737677724
10338,208,32,-0.6,1.0,0.03133330965455501,0.47740484957096474,0.8195653964945814
10339,208,33,-0.6,1.0,0.027984427234443922,0.4750835535818164,0.8184752388247714
10340,208,34,-0.6,1.0,0.016521454378603924,0.4697806046928641,0.8131613067952593
10341,208,35,-0.6,1.0,0.03233955166463784,0.48019525255441403,0.8185659924932166
10342,208,36,-0.6,1.0,0.060987928541574,0.49654080462431716,0.8308888030813815
10343,208,37,-0.6,1.0,0.038068228535305636,0.48118568851930954,0.8223742177764123
10344,208,38,-0.6,1.0,0.02896722480725827,0.4769672937797321,0.8180238270721955
10345,208,39,-0.6,1.0,0.019241215065619426,0.47837566249815316,0.8096614304202623
10346,208,40,-0.6,1.0,0.03274953454022681,0.4864236160047192,0.8149433573313802
10347,208,41,-0.6,1.0,0.03430922987559987,0.48997107751658925,0.8139273314460976
10348,208,42,-0.6,1.0,0.03614741502950278,0.4904217047020193,0.8150788751326552
10349,208,43,-0.6,1.0,0.0552465471836406,0.4991382246978161,0.8247487833000654
10350,208,44,-0.6,1.0,0.06146712847041434,0.5016652087407265,0.8281765066858148
10351,208,45,-0.6,1.0,0.0510288419648125,0.48931473473964804,0.8274285426694445
10352,208,46,-0.6,1.0,0.04238403038450876,0.48843346820454864,0.8211927660094627
10353,208,47,-0.6,1.0,0.050825837874294906,0.4959919547073717,0.823163641668213
10354,208,48,-0.6,1.0,0.04813879980317465,0.4981427616400393,0.8197222648584007
10355,209,0,-0.4,1.0,-0.09288142621517181,0.501304030418396,0.5856786562958932
10356,209,1,-0.4,1.0,-0.0752681866288185,0.4743670880794525,0.6178516882791613
10357,209,2,-0.4,1.0,-0.04511472806334494,0.5278057914972305,0.5906868263141735
10358,209,3,-0.4,1.0,-0.01280670844018458,0.510627856194973,0.6240222272974356
10359,209,4,-0.4,1.0,-0.024566070862114417,0.49396803303360937,0.6300944268439336
10360,209,5,-0.4,1.0,-0.038470465331524595,0.45197302824914454,0.6565342079465603
10361,209,6,-0.4,1.0,-0.06201975208766757,0.46486703960758446,0.6329280632719901
10362,209,7,-0.4,1.0,-0.0440688721942231,0.45458879258298274,0.6512759422220207
10363,209,8,-0.4,1.0,-0.13566917129607273,0.47748192280773694,0.5855731619499007
10364,209,9,-0.4,1.0,-0.10375553221777965,0.5014812140779799,0.5798980639808482
10365,209,10,-0.4,1.0,-0.08583216042213761,0.5079613479357932,0.5837837498168162
10366,209,11,-0.4,1.0,-0.049591713345301006,0.5449873434173447,0.5743017369002876
10367,209,12,-0.4,1.0,-0.0915962440146767,0.4549785086181926,0.626227836153827
10368,209,13,-0.4,1.0,-0.08058443989968637,0.46882852912614914,0.6198140297738405
10369,209,14,-0.4,1.0,-0.022952942586257435,0.498685905341994,0.6272800849757134
10370,209,15,-0.4,1.0,-0.012605036522368655,0.5422534528407295,0.5996722097646927
10371,209,16,-0.4,1.0,-0.010519344392214263,0.5368279286347813,0.6051640676588604
10372,209,17,-0.4,1.0,-0.047867552586352655,0.47588476714353667,0.6314222341933406
10373,209,18,-0.4,1.0,-0.04726442848997223,0.48103425029717517,0.627493293010468
10374,209,19,-0.4,1.0,-0.030543393976984766,0.512599728372314,0.6116021652322591
10375,209,20,-0.4,1.0,-0.04623706163093333,0.5032214316791622,0.6098665120388373
10376,209,21,-0.4,1.0,-0.02634858379550198,0.5576729988203873,0.579023796405792
10377,209,22,-0.4,1.0,-0.019309413337222667,0.5525544614198308,0.587480070103614
10378,209,23,-0.4,1.0,-0.026544232748407476,0.5314849219145129,0.5991457155708666
10379,209,24,-0.4,1.0,-0.022067484838486556,0.5252407333250071,0.6068190400029358
10380,209,25,-0.4,1.0,0.007309258920049081,0.5844475069340723,0.5818803200790584
10381,209,26,-0.4,1.0,-0.006150765806966239,0.5431243565765679,0.6032019337071246
10382,209,27,-0.4,1.0,-0.010654372859371949,0.5322630972625177,0.6085785303113986
10383,209,28,-0.4,1.0,-0.007842528841755066,0.5371265152765267,0.6066624638506005
10384,209,29,-0.4,1.0,0.013486176863011826,0.5948409376314349,0.5788995459284494
10385,209,30,-0.4,1.0,-0.02283970182708107,0.5411079244255768,0.5939964878203299
10386,209,31,-0.4,1.0,-0.006253621140120841,0.5817454736935916,0.5744328156025433
10387,209,32,-0.4,1.0,-0.012634481674729676,0.5568802880302544,0.5885636107707948
10388,209,33,-0.4,1.0,-0.04467697886666578,0.5251835265694889,0.5930473276124825
10389,209,34,-0.4,1.0,-0.048643066124405915,0.5306741968052767,0.5862750246486974
10390,209,35,-0.4,1.0,-0.05478342974722436,0.515047761070731,0.5952756961438963
10391,209,36,-0.4,1.0,-0.035543534389913436,0.49751631477236935,0.6207401785328036
10392,209,37,-0.4,1.0,-0.014569041145092497,0.5074672265959991,0.6254163068875406
10393,209,38,-0.4,1.0,-0.022864974820189052,0.5014051164070019,0.6251621271018358
10394,209,39,-0.4,1.0,-0.03749994098991221,0.5143589710608596,0.606014440233386
10395,209,40,-0.4,1.0,-0.05227559816733048,0.4929861987422737,0.6147969211826756
10396,209,41,-0.4,1.0,-0.09494366952107877,0.497317591841378,0.5880042246765037
10397,209,42,-0.4,1.0,-0.07824288701840809,0.4943484640864042,0.5993422357268235
10398,209,43,-0.4,1.0,-0.07770973644733428,0.5078816397709901,0.5882614167658256
10399,209,44,-0.4,1.0,-0.08682117528176306,0.4877286482459583,0.6004189488014259
10400,209,45,-0.4,1.0,-0.04858144240100382,0.5536132166807248,0.5681163287101406
10401,209,46,-0.4,1.0,-0.013616505827143178,0.5799528933581786,0.5707291620089093
10402,209,47,-0.4,1.0,-0.0492760087012689,0.5451882018558138,0.5743353461207662
10403,209,48,-0.4,1.0,-0.04069446439262315,0.5333627495903142,0.588940397143901
10404,209,49,-0.4,1.0,-0.0027485123803343246,0.4531224810696499,0.675931775497685
10405,210,0,-0.2,1.0,0.04329214245080948,0.652334451675415,0.4243376015275329
10406,210,1,-0.2,1.0,0.039047975838184354,0.6486468613147736,0.4249623075242005
10407,210,2,-0.2,1.0,0.03519724547863006,0.6451453179121017,0.42572243267232035
10408,210,3,-0.2,1.0,0.03878091964125632,0.6511561599373817,0.4227391067009979
10409,210,4,-0.2,1.0,0.03600706865489482,0.6513063181340695,0.42105417730773675
10410,210,5,-0.2,1.0,0.03328480990797281,0.649109020653367,0.4213624116133738
10411,210,6,-0.2,1.0,0.02818676079759001,0.6432806654533743,0.4234594212468109
10412,210,7,-0.2,1.0,0.0315221905391842,0.6444993955525457,0.424244274533632
10413,210,8,-0.2,1.0,0.03566633803417294,0.6497176408611625,0.42218047563371125
10414,210,9,-0.2,1.0,0.0401961490505835,0.6532843136678161,0.4217889960247036
10415,210,10,-0.2,1.0,0.041466821431689505,0.6529419915599639,0.42279485223295654
10416,210,11,-0.2,1.0,-0.012240503788291283,0.5991524207300057,0.44264253097086026
10417,210,12,-0.2,1.0,-0.0020773017825774414,0.6119546834026055,0.4356059712662776
10418,210,13,-0.2,1.0,0.011735591233227208,0.6268212934708589,0.42906212557349677
10419,210,14,-0.2,1.0,0.02414039801390716,0.6368138232095236,0.42678228294238724
10420,210,15,-0.2,1.0,0.025438984201175213,0.6390295055294272,0.42558481349313626
10421,210,16,-0.2,1.0,0.0246956062575932,0.641722818091409,0.4229073829431558
10422,210,17,-0.2,1.0,0.03410609822298377,0.6495265562459107,0.4214704022847157
10423,210,18,-0.2,1.0,0.04326867617743912,0.6559197743124756,0.4213915643653791
10424,210,19,-0.2,1.0,0.04206725572848709,0.6564383573900555,0.42027509867795404
10425,210,20,-0.2,1.0,0.04777506247871194,0.6611754047174877,0.4197553906201657
10426,210,21,-0.2,1.0,0.04330492570002031,0.6587483349551497,0.41910617481227247
10427,210,22,-0.2,1.0,0.04663917807538714,0.6579706355111615,0.4216811239957763
10428,210,23,-0.2,1.0,0.07367662163038635,0.6730754513466131,0.42635496213746876
10429,210,24,-0.2,1.0,0.058349567900317,0.6641216076658805,0.42374378304729526
10430,210,25,-0.2,1.0,0.0403000068169355,0.6412922598990448,0.43175842329311154
10431,210,26,-0.2,1.0,0.039380410666372746,0.6421645542632395,0.43052199390556967
10432,210,27,-0.2,1.0,0.03021960014956639,0.6379055025632776,0.4290844781240389
10433,210,28,-0.2,1.0,0.03151401841044636,0.6380768527308025,0.42963601484255687
10434,210,29,-0.2,1.0,0.027994403733612575,0.6377859728339554,0.42799585232767107
10435,210,30,-0.2,1.0,0.025558378443778586,0.6374168824913371,0.4270165092692409
10436,210,31,-0.2,1.0,0.03160944536523295,0.642639398796716,0.4258515404160978
10437,210,32,-0.2,1.0,0.03553207336502662,0.6508618356350572,0.4211565212599113
10438,210,33,-0.2,1.0,0.04063280083781653,0.6544470263614711,0.42108313006992115
10439,210,34,-0.2,1.0,0.04024208074442864,0.6548884621427575,0.4204975991876808
10440,210,35,-0.2,1.0,0.04058188388687992,0.6554332512434605,0.42024503233615074
10441,210,36,-0.2,1.0,0.03167791275143461,0.6506046271792449,0.41922760143556365
10442,210,37,-0.2,1.0,0.027163262174247558,0.6470155568450667,0.41976322467677446
10443,210,38,-0.2,1.0,-0.026575875775016147,0.5969560728541001,0.43877139158380885
10444,210,39,-0.2,1.0,-0.0064162683955806075,0.6163399150222231,0.4297321514002029
10445,210,40,-0.2,1.0,0.007265699830613106,0.6312214922085188,0.423032691567904
10446,210,41,-0.2,1.0,-0.041682128559675714,0.5884060187958029,0.4409922377785305
10447,210,42,-0.2,1.0,-0.018212791647303928,0.6109249360040468,0.42944847717057
10448,210,43,-0.2,1.0,-0.0014704507649463232,0.6271911637656837,0.4223747273380106
10449,210,44,-0.2,1.0,-0.011015544031298683,0.6198229455621107,0.42455826139513037
10450,210,45,-0.2,1.0,0.0023606195688589734,0.6321998302707815,0.41979374126484353
10451,210,46,-0.2,1.0,0.0010473206389189785,0.6274149999219993,0.4233669890523021
10452,210,47,-0.2,1.0,0.0048521995369363545,0.6293971349437211,0.42345118637576545
10453,210,48,-0.2,1.0,0.011542808550262263,0.6363116429991942,0.4207369497290183
10454,210,49,-0.2,1.0,0.011356384879712926,0.6267682739817296,0.42892125470300324
10455,211,0,0.0,1.0,-0.0058931633830070496,0.4161829650402069,0.5838467775743077
10456,211,1,0.0,1.0,-0.015794643014669416,0.41357022523880005,0.5866424392033298
10457,211,2,0.0,1.0,-0.039867613986134524,0.3968377292156219,0.6044784128012471
10458,211,3,0.0,1.0,-0.028947423391044134,0.40760395884513845,0.5931028771612331
10459,211,4,0.0,1.0,-0.016274329120665787,0.4217172480821608,0.5785117068426505
10460,211,5,0.0,1.0,-0.005256591256782411,0.4328784497618674,0.5671459111164813
10461,211,6,0.0,1.0,0.010591781028680504,0.44633954032540313,0.5537617632452112
10462,211,7,0.0,1.0,-0.0021613009303800765,0.4328760334352254,0.5671280848925357
10463,211,8,0.0,1.0,-0.002460245641171411,0.4320870757053017,0.5679182532632409
10464,211,9,0.0,1.0,-0.001061646686464183,0.43654224812634823,0.5634587520308799
10465,211,10,0.0,1.0,0.0027590523337038928,0.4401859827613197,0.5598208162141611
10466,211,11,0.0,1.0,0.0067084402960835695,0.44460907394118643,0.5554314394411543
10467,211,12,0.0,1.0,0.00896625317986897,0.4480544613808321,0.5520183613773085
10468,211,13,0.0,1.0,-0.001058098738399505,0.4397844156530448,0.5602165835800835
10469,211,14,0.0,1.0,-0.006144739136601639,0.4357477423185968,0.5642857149685941
10470,211,15,0.0,1.0,-0.002607283355646934,0.43924901760065604,0.5607570438151678
10471,211,16,0.0,1.0,0.00042478551139680143,0.4420258612782839,0.5579743004162213
10472,211,17,0.0,1.0,0.0020473906573571098,0.4416057852850117,0.558397968151454
10473,211,18,0.0,1.0,0.0014299089882614346,0.437916627681457,0.5620851911202612
10474,211,19,0.0,1.0,0.0060298837345530085,0.44347875397338676,0.5565539118332261
10475,211,20,0.0,1.0,0.008982530284442767,0.44781250016544205,0.5522605551946028
10476,211,21,0.0,1.0,-0.037551589574453446,0.4059044855799055,0.5952811118569487
10477,211,22,0.0,1.0,-0.0744473705055575,0.3769690430736584,0.6274631337885475
10478,211,23,0.0,1.0,-0.10177349930540544,0.3542269851369887,0.6537435520799654
10479,211,24,0.0,1.0,-0.10235115582620179,0.35111590623083316,0.6569066343443278
10480,211,25,0.0,1.0,-0.07346305933011125,0.37224610030110494,0.6320377992440878
10481,211,26,0.0,1.0,-0.05088816687950279,0.39369556074956125,0.6084362567953566
10482,211,27,0.0,1.0,-0.031881476927222305,0.41131431297394977,0.5895483582204208
10483,211,28,0.0,1.0,-0.025537009007627808,0.41529219751709046,0.5852651989597953
10484,211,29,0.0,1.0,-0.023092465328004484,0.41869695070989266,0.5817615465711893
10485,211,30,0.0,1.0,-0.01491830096520838,0.42739304461603495,0.5728012579052028
10486,211,31,0.0,1.0,-0.009300073406244313,0.4318061023053288,0.5682700033811604
10487,211,32,0.0,1.0,-0.05317799378911803,0.39322883331455105,0.6090969937081091
10488,211,33,0.0,1.0,-0.03375769074396397,0.41006730209364606,0.5908977658981582
10489,211,34,0.0,1.0,-0.0682856499249267,0.38369966395101823,0.6200717976168224
10490,211,35,0.0,1.0,-0.08012872749230951,0.3741293787278862,0.6309791181497835
10491,211,36,0.0,1.0,-0.0594753766513187,0.38996155734088933,0.6129308459767459
10492,211,37,0.0,1.0,-0.031835183860800934,0.4134338227178538,0.5874294504558323
10493,211,38,0.0,1.0,-0.014807655913988343,0.42922833155454376,0.5709637152864242
10494,211,39,0.0,1.0,-0.05443215335642468,0.3968691171566926,0.6055821341142461
10495,211,40,0.0,1.0,-0.0341849443879189,0.4132271517269013,0.5877677992994598
10496,211,41,0.0,1.0,-0.02332608027224971,0.41992375714247804,0.5805450486814664
10497,211,42,0.0,1.0,-0.01065971142128769,0.4272946538911836,0.5728045416275994
10498,211,43,0.0,1.0,-0.0038324383919732205,0.4349218960275852,0.5650910998884052
10499,211,44,0.0,1.0,-0.049865830105315395,0.3950018712847851,0.6070496987570325
10500,211,45,0.0,1.0,-0.03147621300144943,0.4121587425747112,0.5886833579406312
10501,211,46,0.0,1.0,-0.06645398033089207,0.3853906229332106,0.61819157053477
10502,211,47,0.0,1.0,-0.04635721020101245,0.3984209065274905,0.6033625747764169
10503,211,48,0.0,1.0,-0.03051181361614779,0.4077371642237462,0.5930482589232315
10504,212,0,0.2,1.0,0.010319098830223083,0.40309134125709534,0.6263216355442562
10505,212,1,0.2,1.0,-0.008307676017284393,0.38049742281436916,0.6535866668065992
10506,212,2,0.2,1.0,0.0041247615218162545,0.3925438591837882,0.6382554912135192
10507,212,3,0.2,1.0,0.02295982974767685,0.40258031669259065,0.6230999116402576
10508,212,4,0.2,1.0,0.013069235002994535,0.3983007461637258,0.6300675384190927
10509,212,5,0.2,1.0,0.00546633467197418,0.3957804415193199,0.6347634376652017
10510,212,6,0.2,1.0,0.010398999706745146,0.3995800506568848,0.6296448640951436
10511,212,7,0.2,1.0,0.016656876950550077,0.4033888353951602,0.6241470840280109
10512,212,8,0.2,1.0,0.010917825444898603,0.40021059431964956,0.6288874302296666
10513,212,9,0.2,1.0,0.010173635990473745,0.4020536548180814,0.6273546685802946
10514,212,10,0.2,1.0,0.0008954596944025974,0.3952553902465507,0.6366778313999591
10515,212,11,0.2,1.0,-0.002173463657581779,0.39342620313951204,0.6393792930999972
10516,212,12,0.2,1.0,0.006663968802930135,0.3994862272198218,0.6308689342943729
10517,212,13,0.2,1.0,0.0092928806434163,0.3978180501559031,0.631658377678413
10518,212,14,0.2,1.0,0.0002030412001472687,0.394461098272508,0.6376489522072527
10519,212,15,0.2,1.0,0.00019167706371778077,0.39528553691628965,0.6368696473982959
10520,212,16,0.2,1.0,0.03118006156385942,0.4104442229368922,0.6132505082607492
10521,212,17,0.2,1.0,0.03674935784489614,0.416524846489136,0.6058828491784365
10522,212,18,0.2,1.0,0.035929045981024615,0.41736736734155133,0.6052933690296066
10523,212,19,0.2,1.0,0.03293044600297852,0.41818301864077967,0.6053290309168387
10524,212,20,0.2,1.0,0.03196254261719078,0.4168645818166655,0.6068636609845178
10525,212,21,0.2,1.0,0.014179978861121567,0.4054470236493056,0.6229143776985104
10526,212,22,0.2,1.0,0.02758908705472525,0.41239201752096744,0.6123795097614732
10527,212,23,0.2,1.0,0.031734077687975794,0.41560829092487916,0.608134105479422
10528,212,24,0.2,1.0,0.032306450346253235,0.41617017673053003,0.6074359136026896
10529,212,25,0.2,1.0,0.02484504472951029,0.411254716720366,0.6142477244075258
10530,212,26,0.2,1.0,0.04526432543216103,0.41984350379738056,0.6004370816913827
10531,212,27,0.2,1.0,0.0627837638800598,0.42483380464219045,0.5913074054477089
10532,212,28,0.2,1.0,0.04961810037709074,0.41837338228277454,0.600753059227645
10533,212,29,0.2,1.0,0.03661667399259168,0.41415342523134213,0.6082025323733959
10534,212,30,0.2,1.0,0.03391900921718508,0.4139052766902598,0.6091715031014849
10535,212,31,0.2,1.0,0.027117091768973676,0.4083405471682892,0.616400363468044
10536,212,32,0.2,1.0,0.017433016471858347,0.4038344170439484,0.6234934689119795
10537,212,33,0.2,1.0,0.027962137789484726,0.4113536459258963,0.6132711930285812
10538,212,34,0.2,1.0,0.026692206583092418,0.41258715862395745,0.61244545673269
10539,212,35,0.2,1.0,0.023675543263722322,0.41220110150231587,0.6136756953949163
10540,212,36,0.2,1.0,0.03375351978999198,0.4163187319481131,0.6068951432141101
10541,212,37,0.2,1.0,0.023292031263940274,0.40926317593560907,0.616600114758753
10542,212,38,0.2,1.0,0.030036241276008797,0.41272576108350756,0.611374444162113
10543,212,39,0.2,1.0,0.02846821057206396,0.4130368572308826,0.6115136022638817
10544,212,40,0.2,1.0,0.028153436483782553,0.4123795180801496,0.612232857795178
10545,212,41,0.2,1.0,-0.0013359703408783521,0.38289809371022,0.6491155025876238
10546,212,42,0.2,1.0,0.0008972187885667788,0.38928136628360877,0.6423543936601847
10547,212,43,0.2,1.0,0.0057229248220044505,0.39515457134489146,0.6352807052828683
10548,212,44,0.2,1.0,0.03799324987073965,0.40786875890424595,0.6138937968159008
10549,212,45,0.2,1.0,0.03398589844920395,0.4099816285045099,0.6129293275867196
10550,212,46,0.2,1.0,0.030262929586497057,0.40984558976986074,0.6140789045282715
10551,212,47,0.2,1.0,0.022772135259259717,0.40721926035591605,0.6187072985940519
10552,212,48,0.2,1.0,0.009012164394144498,0.39943163652694275,0.6302052939749995
10553,213,0,0.4,1.0,-0.026993686333298683,0.3388043940067291,0.7870852797208878
10554,213,1,0.4,1.0,-0.025645161606371404,0.33615124225616455,0.7885866957772922
10555,213,2,0.4,1.0,-0.03146773150190711,0.33070061802864076,0.7963203287839922
10556,213,3,0.4,1.0,-0.028464137012138964,0.32982007205486297,0.7954386541563756
10557,213,4,0.4,1.0,-0.01824975356068462,0.3324862309098243,0.7877229768634059
10558,213,5,0.4,1.0,-0.022909444731716064,0.33232646400332444,0.7903419191170316
10559,213,6,0.4,1.0,-0.014132363611033183,0.33251336266815656,0.7855214991371229
10560,213,7,0.4,1.0,-0.025691641230880653,0.3307588401948809,0.793156417985218
10561,213,8,0.4,1.0,-0.033643850685804694,0.32692883337147827,0.8006695851500116
10562,213,9,0.4,1.0,-0.03353571251149448,0.3242806051892584,0.8028386603460524
10563,213,10,0.4,1.0,-0.02414788006326388,0.3264004665916941,0.7960136654417739
10564,213,11,0.4,1.0,-0.017489594360257998,0.3299758846376386,0.7894490968809881
10565,213,12,0.4,1.0,-0.01624598117972023,0.332907186982019,0.7863037186917731
10566,213,13,0.4,1.0,-0.02235236375146334,0.33060735754756954,0.7914973334989169
10567,213,14,0.4,1.0,-0.0141698817514306,0.3312679221710779,0.7865998238414381
10568,213,15,0.4,1.0,-0.0118529575638024,0.33331150644390306,0.7836430348660984
10569,213,16,0.4,1.0,-0.02063767927889363,0.3272341815964178,0.793441808604371
10570,213,17,0.4,1.0,-0.011238466924459092,0.331458159271385,0.784898254223555
10571,213,18,0.4,1.0,-0.0033259939235659904,0.3320969070876181,0.7802348357362405
10572,213,19,0.4,1.0,-0.004958274911597244,0.33443577469579155,0.779080831765336
10573,213,20,0.4,1.0,-0.01540968362542829,0.3318305320226574,0.7867754719021836
10574,213,21,0.4,1.0,-0.011637994332482304,0.33030803846104906,0.7860872481652126
10575,213,22,0.4,1.0,-0.022887718382834314,0.3258171120559054,0.7958370365569065
10576,213,23,0.4,1.0,-0.04111682990426942,0.31826730941657366,0.8119997038391762
10577,213,24,0.4,1.0,-0.03258552659019417,0.32375832957473294,0.8027658653896982
10578,213,25,0.4,1.0,-0.011984828421723945,0.3262937336535536,0.789690845941718
10579,213,26,0.4,1.0,-0.025264331391927075,0.3254997738758621,0.7973708714241674
10580,213,27,0.4,1.0,-0.02675428249839299,0.3255049055806724,0.798162170255178
10581,213,28,0.4,1.0,-0.02381148344161458,0.3278851853007425,0.7945781884970159
10582,213,29,0.4,1.0,-0.012680331211464037,0.33106462978681367,0.7859895580038303
10583,213,30,0.4,1.0,-0.027944726287149887,0.30208409355434085,0.818671668757903
10584,213,31,0.4,1.0,-0.03149019718386377,0.30915938385771324,0.8145210538578018
10585,213,32,0.4,1.0,-0.024704715268337243,0.31757371920260413,0.8037908458636025
10586,213,33,0.4,1.0,-0.02676212659435119,0.3215128402763489,0.8015427241296624
10587,213,34,0.4,1.0,-0.01862047820955169,0.3255853746928491,0.7937746478721643
10588,213,35,0.4,1.0,-0.02670663480230924,0.3231676107861998,0.8001128890807674
10589,213,36,0.4,1.0,0.039095408529161116,0.3274191389831783,0.7632936124132458
10590,213,37,0.4,1.0,0.024926287573658515,0.3302235026406265,0.7676463027776977
10591,213,38,0.4,1.0,0.007053635492382608,0.3297224386009486,0.7769677307937651
10592,213,39,0.4,1.0,-0.008797824003179161,0.32755323652734736,0.7869563587738394
10593,213,40,0.4,1.0,-0.00915351632487327,0.3312441009582804,0.7839904670492538
10594,213,41,0.4,1.0,-0.015456519387921542,0.331657781085492,0.786946911224318
10595,213,42,0.4,1.0,-0.08134416371974607,0.3059159464804178,0.8446566623766346
10596,213,43,0.4,1.0,-0.056698178040735736,0.31526660253778016,0.8230632122904546
10597,213,44,0.4,1.0,-0.058416359475679164,0.3129131538780773,0.8259745109558199
10598,213,45,0.4,1.0,-0.06621774086952098,0.3064928203998576,0.8356501600899888
10599,213,46,0.4,1.0,-0.08443798059940259,0.29164496512462684,0.8581649098398968
10600,213,47,0.4,1.0,-0.06449359982514326,0.3051006408122678,0.8358465311754552
10601,213,48,0.4,1.0,-0.03873995548002681,0.3136175332577278,0.8146248456718113
10602,213,49,0.4,1.0,-0.04829625312347146,0.31202475534656393,0.8211452172548402
10603,214,0,0.6,1.0,0.05106077343225479,0.21069160103797913,0.9614270763488945
10604,214,1,0.6,1.0,0.046994942426681514,0.2526347696781158,0.9297146773046837
10605,214,2,0.6,1.0,0.04702285662293433,0.2590308707952499,0.9245642062787773
10606,214,3,0.6,1.0,0.04512584199011325,0.1916326189190149,0.9804810829500542
10607,214,4,0.6,1.0,0.031064071805775154,0.1257249828830361,1.0430939056216806
10608,214,5,0.6,1.0,0.03561823217675089,0.14654931939229365,1.0231836805193157
10609,214,6,0.6,1.0,0.03563968940599262,0.16114485325028,1.0110294344885606
10610,214,7,0.6,1.0,-0.014203000835414242,0.13687875835226623,1.0593505576619826
10611,214,8,0.6,1.0,-0.009634397566601493,0.14829497762211813,1.0474041931556801
10612,214,9,0.6,1.0,-0.011814432341058452,0.16535290836674033,1.0348684298946753
10613,214,10,0.6,1.0,-0.0219381368644432,0.13708100002574364,1.0636899203259311
10614,214,11,0.6,1.0,-0.02597206548265388,0.13344612317380514,1.068997964547701
10615,214,12,0.6,1.0,-0.017388713616015905,0.10605893972484313,1.0864158701649707
10616,214,13,0.6,1.0,-0.010036614120520825,0.07710226958073804,1.1062933116405675
10617,214,14,0.6,1.0,0.014384935938951997,0.04001351492657602,1.1245083613645799
10618,214,15,0.6,1.0,-0.003050404836191397,0.051259330987314757,1.1241790995262864
10619,214,16,0.6,1.0,0.004760729636135138,0.08847682074265308,1.0886616992007792
10620,214,17,0.6,1.0,0.013013126110799814,0.05171595068662999,1.115256126771056
10621,214,18,0.6,1.0,0.012289313633280388,0.10234567807438717,1.0729338901075742
10622,214,19,0.6,1.0,0.0011456342650713255,0.1505718310716343,1.0393049434736563
10623,214,20,0.6,1.0,0.010766741631357194,0.1412465188433542,1.0414669337844507
10624,214,21,0.6,1.0,-0.0007969243838888166,0.1680325179766486,1.0262196818875653
10625,214,22,0.6,1.0,-0.001870075360948963,0.19257116582290418,1.0070694662611803
10626,214,23,0.6,1.0,-0.006677016886284536,0.17085288501190404,1.0273957081432274
10627,214,24,0.6,1.0,-0.005429605211364636,0.22106804425999604,0.9865495418575472
10628,214,25,0.6,1.0,-0.009106153195980377,0.1593997981867647,1.038084295782215
10629,214,26,0.6,1.0,-0.01907104987613184,0.1584015900596995,1.0447664085377066
10630,214,27,0.6,1.0,8.014668044687909e-06,0.12347004317179452,1.062212383508984
10631,214,28,0.6,1.0,-0.011498399843462239,0.14302953235362562,1.05277190094966
10632,214,29,0.6,1.0,0.014158816100377291,0.13511234230238411,1.0446245991697591
10633,214,30,0.6,1.0,0.015588587445867969,0.08123271298415213,1.088884762871617
10634,214,31,0.6,1.0,-0.001192391270402035,0.06897006089394017,1.108263975248342
10635,214,32,0.6,1.0,0.0061251153570393,0.060738854566547346,1.1112600406433462
10636,214,33,0.6,1.0,0.0003103364025936013,0.03230318198257004,1.138448428444007
10637,214,34,0.6,1.0,0.0026631955266763607,0.01735201094306827,1.1499601420814696
10638,214,35,0.6,1.0,-0.010702044241374841,0.025712428536316993,1.1498666265046549
10639,214,36,0.6,1.0,-0.0175206843325717,0.0581495942000656,1.1262388656426614
10640,214,37,0.6,1.0,-0.025572984374210826,0.06352957257895431,1.1261964394425215
10641,214,38,0.6,1.0,0.0035861074729244755,0.05906502920874091,1.1140323830379644
10642,214,39,0.6,1.0,0.0233077908915715,0.10993530912142686,1.06056072810336
10643,214,40,0.6,1.0,0.012798464050263723,0.12940461182653093,1.0501152192643637
10644,214,41,0.6,1.0,0.002576681127408536,0.19878350417655138,0.9994310857244477
10645,214,42,0.6,1.0,-0.015087760234692122,0.15498301689415175,1.0451730261195222
10646,214,43,0.6,1.0,0.006270068663981658,0.12145814809414048,1.0603541940853776
10647,214,44,0.6,1.0,0.002861876482803594,0.0796057690232854,1.0971323889908895
10648,214,45,0.6,1.0,0.013393030252583106,0.06348958438484893,1.105060856021925
10649,214,46,0.6,1.0,0.01816653955039292,0.0484279477965764,1.1153562418498404
10650,214,47,0.6,1.0,0.006672400719323126,0.02934816041939976,1.1376302711115658
10651,214,48,0.6,1.0,-0.0009071240172000162,0.0781080036515739,1.1004427402758896
10652,215,0,0.8,1.0,-0.11722903698682785,0.37955451011657715,1.1073670178438872
10653,215,1,0.8,1.0,-0.09862433671951294,0.3935923337936401,1.0840922267862771
10654,215,2,0.8,1.0,-0.0696407774835825,0.40536694347858426,1.0535006187801939
10655,215,3,0.8,1.0,-0.08538386934250593,0.3919227057099342,1.0740868642354002
10656,215,4,0.8,1.0,-0.11267293889597058,0.36450447871088976,1.1121269940845453
10657,215,5,0.8,1.0,-0.11314003248505293,0.355224207676053,1.1178374395652424
10658,215,6,0.8,1.0,-0.09036464560175686,0.360724555398643,1.0960941091930951
10659,215,7,0.8,1.0,-0.045506366319470845,0.39641517685049177,1.0388434214178661
10660,215,8,0.8,1.0,-0.023778901754726245,0.40665280123884856,1.0152204574642536
10661,215,9,0.8,1.0,0.002817096430821727,0.4230954956038273,0.9840322092978356
10662,215,10,0.8,1.0,-5.678834206416508e-05,0.42605720835093985,0.9846325165553568
10663,215,11,0.8,1.0,-0.01343455837349681,0.4238618057371679,0.9968003810416219
10664,215,12,0.8,1.0,0.008613651014105363,0.41299635459791145,0.9853251407918937
10665,215,13,0.8,1.0,0.0016141613440862476,0.37204151653118295,1.015751841901733
10666,215,14,0.8,1.0,0.013375866768956761,0.36081906668352237,1.0135727859886599
10667,215,15,0.8,1.0,-0.005030829359352184,0.3843936647813022,1.0134326796489257
10668,215,16,0.8,1.0,-0.04781163737623067,0.37273664058132466,1.0546297428670253
10669,215,17,0.8,1.0,-0.05947607188238421,0.38029574698824137,1.059590713124287
10670,215,18,0.8,1.0,-0.037329321853017836,0.3894529982669444,1.036285691573544
10671,215,19,0.8,1.0,-0.058280376619286554,0.3823936284566227,1.057394361182582
10672,215,20,0.8,1.0,-0.030732262252103338,0.3706603766172143,1.0422017334019762
10673,215,21,0.8,1.0,-0.031104803391130503,0.3592748249056248,1.049411236941709
10674,215,22,0.8,1.0,-0.034285027002773895,0.3678508513309176,1.0467301717463124
10675,215,23,0.8,1.0,-0.05018980801188702,0.365357931375139,1.0609398026823824
10676,215,24,0.8,1.0,-0.027746126801357948,0.38481526687119716,1.031317558421947
10677,215,25,0.8,1.0,-0.06108349464874505,0.37415517846804874,1.0644935534773592
10678,215,26,0.8,1.0,-0.07774407870351004,0.37360474006378064,1.0783346833750815
10679,215,27,0.8,1.0,0.06484212036187342,0.3665420112533409,0.9704257475463998
10680,215,28,0.8,1.0,0.041098157700681925,0.36984127146662543,0.9864238588923618
10681,215,29,0.8,1.0,0.016671538696437047,0.37294197845322774,1.0033968510386904
10682,215,30,0.8,1.0,0.02532222145996916,0.3402178191890718,1.0175648316836334
10683,215,31,0.8,1.0,-0.0018018184409370093,0.3320777557914735,1.0435546369806172
10684,215,32,0.8,1.0,-0.021317499758211872,0.352986026787529,1.0455570366753162
10685,215,33,0.8,1.0,-0.04053723863461184,0.36974237093194195,1.050584374779098
10686,215,34,0.8,1.0,-0.03787753208169338,0.37407227665389287,1.0458605421472549
10687,215,35,0.8,1.0,-0.04052081934196053,0.3681254368736674,1.0515420634826618
10688,215,36,0.8,1.0,-0.02100956526505558,0.3840094613234232,1.0264019923966314
10689,215,37,0.8,1.0,-0.02407179833427395,0.38940568715731505,1.0256313878220162
10690,215,38,0.8,1.0,-0.03165317033909487,0.3980751799074822,1.0266257764046631
10691,215,39,0.8,1.0,-0.03647392224399158,0.39176620806948437,1.0342325503678664
10692,215,40,0.8,1.0,-0.07340134443630314,0.36730124688135846,1.0784885816090153
10693,215,41,0.8,1.0,-0.06822829267136926,0.37162156398287494,1.0717648189068203
10694,215,42,0.8,1.0,-0.07630430459506186,0.33203071054452415,1.1018585235444196
10695,215,43,0.8,1.0,-0.0658008894291402,0.3155682155255837,1.1036566711324334
10696,215,44,0.8,1.0,-0.07162178841002949,0.32483640791327295,1.1025291007998612
10697,215,45,0.8,1.0,-0.06528970599907355,0.35269734300122035,1.080614179559774
10698,215,46,0.8,1.0,-0.07678647637880247,0.3467928710168775,1.0933590803185977
10699,215,47,0.8,1.0,-0.0749349309539942,0.32358226078851254,1.1059168555200931
10700,215,48,0.8,1.0,-0.09265190457058982,0.3202610604829814,1.1219948523185044
10701,215,49,0.8,1.0,-0.18940896457758669,0.28887517849674405,1.2184533683914744
10702,216,0,1.0,1.0,0.13723236322402954,0.4577808082103729,1.019004242882722
10703,216,1,1.0,1.0,0.15859892964363098,0.3131037659943104,1.0861777927614074
10704,216,2,1.0,1.0,0.16210440695285797,0.32434318713843824,1.0763740769890666
10705,216,3,1.0,1.0,0.1580939295887947,0.35926293409615756,1.0579932981915823
10706,216,4,1.0,1.0,0.19031249901652336,0.34700392736718055,1.0401911940228843
10707,216,5,1.0,1.0,0.15838879763782024,0.4124125653267651,1.0264348052006942
10708,216,6,1.0,1.0,0.12825784155517814,0.33245454327588525,1.0979760141291994
10709,216,7,1.0,1.0,0.14181410122069715,0.27356753515628646,1.1243607796621835
10710,216,8,1.0,1.0,0.10935908276545106,0.3612972163875835,1.095984712140935
10711,216,9,1.0,1.0,0.13057818217173187,0.4273501281543529,1.041067804247469
10712,216,10,1.0,1.0,0.1226483520583955,0.4678293934685756,1.0261342351767986
10713,216,11,1.0,1.0,0.1292730078798188,0.48033469615935664,1.014010612776043
10714,216,12,1.0,1.0,0.14279928644410345,0.44209120660018486,1.0227684415710019
10715,216,13,1.0,1.0,0.14365226515072682,0.2569494688738792,1.1337793148528912
10716,216,14,1.0,1.0,0.1278246175900764,0.29866627265618106,1.1191777762231836
10717,216,15,1.0,1.0,0.13981020770062672,0.35053740428610747,1.0778349326346155
10718,216,16,1.0,1.0,0.13665822669975725,0.3901166572243658,1.057032028521553
10719,216,17,1.0,1.0,0.14122332699675297,0.34141148903464086,1.082236665831506
10720,216,18,1.0,1.0,0.1958925892641669,0.3126999427372849,1.0578138289479946
10721,216,19,1.0,1.0,0.19372946310156264,0.36772688256166824,1.0246177207650085
10722,216,20,1.0,1.0,0.20128661296446695,0.24648786851290577,1.098054464463397
10723,216,21,1.0,1.0,0.17960792711551687,0.10653351533379753,1.2129820742589235
10724,216,22,1.0,1.0,0.1403423319441377,0.23406325927949567,1.1513776083599994
10725,216,23,1.0,1.0,0.1325065043198674,0.24499272710187864,1.1500351938859934
10726,216,24,1.0,1.0,0.13773829168471957,0.34242318455648957,1.0843903918034383
10727,216,25,1.0,1.0,0.14055033622657542,0.3723612196146525,1.0642293752776508
10728,216,26,1.0,1.0,0.15639621286524036,0.30615663695626993,1.0922847440607886
10729,216,27,1.0,1.0,0.13305200599881895,0.3570732962867168,1.0793301490509286
10730,216,28,1.0,1.0,0.15750428859667998,0.2709457128491385,1.1141450432264361
10731,216,29,1.0,1.0,0.16392751809948597,0.2799759461951721,1.1033819977908028
10732,216,30,1.0,1.0,0.15910440776641904,0.3244661508133737,1.0786340335974776
10733,216,31,1.0,1.0,0.15038603907552378,0.3499802671563138,1.0697520907593285
10734,216,32,1.0,1.0,0.19168744341541244,0.28386664846381116,1.0799148884587002
10735,216,33,1.0,1.0,0.1653796888809029,0.27952668985911605,1.1025755549430165
10736,216,34,1.0,1.0,0.18265944025858605,0.1950119741989362,1.1471927964738542
10737,216,35,1.0,1.0,0.17492042890549753,0.27001251933606774,1.1016524046011804
10738,216,36,1.0,1.0,0.15126681986404197,0.09918159256719168,1.2376678933516363
10739,216,37,1.0,1.0,0.17268778844740904,0.1458572686437749,1.1891195486210424
10740,216,38,1.0,1.0,0.16829132015354276,0.0762163061406998,1.2430268062967387
10741,216,39,1.0,1.0,0.16321108522407995,0.21201119432397203,1.1494094334755545
10742,216,40,1.0,1.0,0.12070876754994145,0.14884764538266518,1.2237701590716192
10743,216,41,1.0,1.0,0.154134866380418,0.09763316137334486,1.2368321372467395
10744,216,42,1.0,1.0,0.16465413346748278,0.19008732116141464,1.1635124683803157
10745,216,43,1.0,1.0,0.1948605640967936,0.18083028389158826,1.1486028621920064
10746,216,44,1.0,1.0,0.15863554949245603,0.2153428621610014,1.1504698877152546
10747,216,45,1.0,1.0,0.16664442213651762,0.2709177463515605,1.1072680126063725
10748,216,46,1.0,1.0,0.15397923518810724,0.35207614208110216,1.0656249153212438
10749,216,47,1.0,1.0,0.16750212143575985,0.3297598772584759,1.0687724453533285
10750,216,48,1.0,1.0,0.1707710945755351,0.19467810360963678,1.1559255747656192
10751,216,49,1.0,1.0,0.16129360664934672,0.30995460845890516,1.0860898013674394
