sample_idx,session_index,frame_index,true_x_m,true_y_m,est_x_m,est_y_m,rmse_xy_m
0,0,0,-1.0,-1.0,-0.1695219874382019,0.22361443936824799,1.4788258942752746
1,0,1,-1.0,-1.0,-0.19440293312072754,0.024207789450883865,1.303068774139091
2,0,2,-1.0,-1.0,-0.20165963470935822,0.08394836634397507,1.3462137273673032
3,0,3,-1.0,-1.0,-0.2302394062280655,0.04229528829455376,1.295727918864585
4,0,4,-1.0,-1.0,-0.17656250298023224,0.20649155974388123,1.460709141215801
5,0,5,-1.0,-1.0,-0.20874328911304474,0.11667147278785706,1.3685913782652017
6,0,6,-1.0,-1.0,-0.15423113107681274,0.10560879111289978,1.392011414689454
7,0,7,-1.0,-1.0,-0.19438536465168,0.14880944788455963,1.403131529200393
8,0,8,-1.0,-1.0,-0.2002159208059311,0.011251341551542282,1.2892958733828705
9,0,9,-1.0,-1.0,-0.26428425312042236,-0.04167782887816429,1.20816350047096
10,0,10,-1.0,-1.0,-0.22641216218471527,0.10254156589508057,1.3468615546306546
11,0,11,-1.0,-1.0,-0.19051221013069153,0.1133899837732315,1.3765564782870532
12,0,12,-1.0,-1.0,-0.15601511299610138,0.10598564147949219,1.3912277774145352
13,0,13,-1.0,-1.0,-0.24352483451366425,0.01337902620434761,1.2645915256510503
14,0,14,-1.0,-1.0,-0.17570024728775024,0.1019892692565918,1.3761723845064444
15,0,15,-1.0,-1.0,-0.25681328773498535,0.00739915668964386,1.2518704206850992
16,0,16,-1.0,-1.0,-0.17403659224510193,0.19046640396118164,1.4489395466721002
17,0,17,-1.0,-1.0,-0.1773141622543335,0.06795744597911835,1.3480894236101442
18,0,18,-1.0,-1.0,-0.20397831499576569,0.14974422752857208,1.3984142132187636
19,0,19,-1.0,-1.0,-0.13046732544898987,0.19850079715251923,1.480706329049436
20,0,20,-1.0,-1.0,-0.15677720308303833,0.056700579822063446,1.3519026594532422
21,0,21,-1.0,-1.0,-0.1969635933637619,0.10867027938365936,1.368947500370954
22,0,22,-1.0,-1.0,-0.18265680968761444,0.09053993225097656,1.3628379340860721
23,0,23,-1.0,-1.0,-0.2708095908164978,-0.005957715213298798,1.2328173898794454
24,0,24,-1.0,-1.0,-0.23197241127490997,0.10182902216911316,1.3430910509481553
25,0,25,-1.0,-1.0,-0.20067112147808075,0.044518694281578064,1.315274100232648
26,0,26,-1.0,-1.0,-0.21547965705394745,0.07814256846904755,1.333365503694027
27,0,27,-1.0,-1.0,-0.17036546766757965,0.05644894763827324,1.3432713189093441
28,0,28,-1.0,-1.0,-0.20607919991016388,0.021253198385238647,1.2935487358531819
29,0,29,-1.0,-1.0,-0.23217101395130157,0.05631459504365921,1.3058950476660909
30,0,30,-1.0,-1.0,-0.23683951795101166,0.05488412827253342,1.30199633080994
31,0,31,-1.0,-1.0,-0.15231303870677948,0.07425963878631592,1.3684322986073663
32,0,32,-1.0,-1.0,-0.14714886248111725,0.06965963542461395,1.368037572007425
33,0,33,-1.0,-1.0,-0.15440905094146729,0.07403260469436646,1.3669565059197295
34,0,34,-1.0,-1.0,-0.23734869062900543,0.07591287046670914,1.3187969989809676
35,0,35,-1.0,-1.0,-0.1786089390516281,0.09693042933940887,1.3703793787913738
36,0,36,-1.0,-1.0,-0.17848582565784454,0.06657934933900833,1.3462826772567102
37,0,37,-1.0,-1.0,-0.13566237688064575,0.11584655940532684,1.4114506972885452
38,0,38,-1.0,-1.0,-0.1993444710969925,0.04411379620432854,1.3157594367463867
39,0,39,-1.0,-1.0,-0.17304332554340363,0.16055302321910858,1.4250405822752297
40,0,40,-1.0,-1.0,-0.18657836318016052,0.06371982395648956,1.3390872350689824
41,0,41,-1.0,-1.0,-0.14626073837280273,0.047801170498132706,1.3515761242863862
42,0,42,-1.0,-1.0,-0.17975479364395142,0.12392090260982513,1.391402312012367
43,0,43,-1.0,-1.0,-0.18895673751831055,0.1734686940908432,1.4264711527501044
44,0,44,-1.0,-1.0,-0.15913614630699158,0.18444260954856873,1.4525688678206208
45,0,45,-1.0,-1.0,-0.18593788146972656,0.027558254078030586,1.310943590834437
46,0,46,-1.0,-1.0,-0.1671932339668274,0.13106581568717957,1.404591395732843
47,0,47,-1.0,-1.0,-0.15939368307590485,0.04830580949783325,1.3437127856352338
48,0,48,-1.0,-1.0,-0.1851426213979721,0.03620867058634758,1.3182264435446949
49,0,49,-1.0,-1.0,-0.12486289441585541,0.1264767199754715,1.4264693316776533
50,1,0,-0.8,-1.0,-0.16594265401363373,0.1999993473291397,1.3572130089229308
51,1,1,-0.8,-1.0,-0.1630348116159439,0.0889558494091034,1.2615662856843624
52,1,2,-0.8,-1.0,-0.1786937117576599,0.13949933648109436,1.297875279697679
53,1,3,-0.8,-1.0,-0.10870306193828583,0.002150528132915497,1.217455189159167
54,1,4,-0.8,-1.0,-0.2020273655653,0.14289122819900513,1.2898727189250132
55,1,5,-0.8,-1.0,-0.17982453107833862,0.08254826068878174,1.247609052937862
56,1,6,-0.8,-1.0,-0.1468828320503235,0.06257328391075134,1.247246574960815
57,1,7,-0.8,-1.0,-0.1562967151403427,0.13313955068588257,1.3032110958197514
58,1,8,-0.8,-1.0,-0.10325667262077332,0.20084123313426971,1.3883338688668911
59,1,9,-0.8,-1.0,-0.16073726117610931,0.07742249965667725,1.2527953112999204
60,1,10,-0.8,-1.0,-0.16728508472442627,0.1578245609998703,1.31942634431283
61,1,11,-0.8,-1.0,-0.16247262060642242,0.14354544878005981,1.3092506837508358
62,1,12,-0.8,-1.0,-0.1849806308746338,0.12388530373573303,1.2811584602821482
63,1,13,-0.8,-1.0,-0.16624300181865692,0.09603388607501984,1.2660719616864344
64,1,14,-0.8,-1.0,-0.16020524501800537,0.10180972516536713,1.2740965422492334
65,1,15,-0.8,-1.0,-0.2294669896364212,0.029965035617351532,1.1774276582910645
66,1,16,-0.8,-1.0,-0.16774331033229828,0.14032414555549622,1.3038741038023698
67,1,17,-0.8,-1.0,-0.1625930368900299,0.19053007662296295,1.3504256736173794
68,1,18,-0.8,-1.0,-0.1467958241701126,0.16673368215560913,1.337139925511907
69,1,19,-0.8,-1.0,-0.14540837705135345,0.21634651720523834,1.3812997657104906
70,1,20,-0.8,-1.0,-0.16228532791137695,0.0678262785077095,1.2437575985973812
71,1,21,-0.8,-1.0,-0.19827900826931,0.09380027651786804,1.2483858365104634
72,1,22,-0.8,-1.0,-0.1596357375383377,0.059503037482500076,1.2379875100632933
73,1,23,-0.8,-1.0,-0.20795796811580658,0.13861754536628723,1.2833408285149794
74,1,24,-0.8,-1.0,-0.1639896035194397,0.1805490106344223,1.3409717338338167
75,1,25,-0.8,-1.0,-0.18226204812526703,0.14878030121326447,1.3043375167655145
76,1,26,-0.8,-1.0,-0.17569616436958313,0.10981617867946625,1.273360604715547
77,1,27,-0.8,-1.0,-0.16005590558052063,0.18729160726070404,1.3487734445243476
78,1,28,-0.8,-1.0,-0.1252230554819107,0.034628063440322876,1.2352243336784785
79,1,29,-0.8,-1.0,-0.1587456464767456,0.13429805636405945,1.3030115987909738
80,1,30,-0.8,-1.0,-0.10202991962432861,0.3059983551502228,1.480808541559208
81,1,31,-0.8,-1.0,-0.17708905041217804,0.10015684366226196,1.2642638695198534
82,1,32,-0.8,-1.0,-0.18703125417232513,0.11182093620300293,1.2695969744532611
83,1,33,-0.8,-1.0,-0.15784095227718353,0.1689346432685852,1.3337077801399109
84,1,34,-0.8,-1.0,-0.17639102041721344,0.12878046929836273,1.2895865644793747
85,1,35,-0.8,-1.0,-0.15570230782032013,0.11391386389732361,1.2868269550839875
86,1,36,-0.8,-1.0,-0.19430701434612274,0.18206530809402466,1.3282102188545792
87,1,37,-0.8,-1.0,-0.1678067296743393,0.19424490630626678,1.3512546863132493
88,1,38,-0.8,-1.0,-0.19025491178035736,0.16667118668556213,1.3164006724589128
89,1,39,-0.8,-1.0,-0.11494189500808716,0.21114663779735565,1.391467134165572
90,1,40,-0.8,-1.0,-0.1838439553976059,0.13389380276203156,1.290489607568464
91,1,41,-0.8,-1.0,-0.18041613698005676,0.17224976420402527,1.3259161636359627
92,1,42,-0.8,-1.0,-0.13871215283870697,0.22054079174995422,1.3881719782248967
93,1,43,-0.8,-1.0,-0.17842644453048706,0.0973299965262413,1.2611450377079125
94,1,44,-0.8,-1.0,-0.26333725452423096,0.07192206382751465,1.1987592807990386
95,1,45,-0.8,-1.0,-0.1499730944633484,0.22591859102249146,1.3875919319944627
96,1,46,-0.8,-1.0,-0.11898063123226166,0.037338852882385254,1.2409106641237926
97,1,47,-0.8,-1.0,-0.16999749839305878,0.11904875934123993,1.2842014163729039
98,1,48,-0.8,-1.0,-0.17007409036159515,0.1801666021347046,1.337759268488896
99,1,49,-0.8,-1.0,-0.20819394290447235,0.048531368374824524,1.2040151326627655
100,2,0,-0.6,-1.0,-0.3717465400695801,-0.0036765076220035553,1.0221350905993274
101,2,1,-0.6,-1.0,-0.39681726694107056,0.08628462255001068,1.1051232981898063
102,2,2,-0.6,-1.0,-0.379189133644104,-0.01380593329668045,1.01061178298181
103,2,3,-0.6,-1.0,-0.36665886640548706,0.038535330444574356,1.0644264733690127
104,2,4,-0.6,-1.0,-0.3956512212753296,0.2015836238861084,1.218836177899859
105,2,5,-0.6,-1.0,-0.3509281277656555,0.0014693252742290497,1.0319775225282484
106,2,6,-0.6,-1.0,-0.4048389792442322,0.21431945264339447,1.2299022550961465
107,2,7,-0.6,-1.0,-0.36772334575653076,0.052750810980796814,1.078070829828572
108,2,8,-0.6,-1.0,-0.38299989700317383,0.045895956456661224,1.068170115867799
109,2,9,-0.6,-1.0,-0.3843340277671814,0.02616092935204506,1.048579069268398
110,2,10,-0.6,-1.0,-0.3888694643974304,-0.05753258243203163,0.9658265559825238
111,2,11,-0.6,-1.0,-0.3392419219017029,-0.01316186785697937,1.0207077320883993
112,2,12,-0.6,-1.0,-0.38076895475387573,0.1414000540971756,1.162263453220802
113,2,13,-0.6,-1.0,-0.34045326709747314,0.006769109517335892,1.0396867539979073
114,2,14,-0.6,-1.0,-0.38174164295196533,0.015194742009043694,1.0383915805822561
115,2,15,-0.6,-1.0,-0.4346010684967041,-0.07480029761791229,0.9398677012379645
116,2,16,-0.6,-1.0,-0.43100494146347046,-0.04040936008095741,0.9743580071154558
117,2,17,-0.6,-1.0,-0.4164886474609375,-0.004646386951208115,1.0121290587271963
118,2,18,-0.6,-1.0,-0.3867177367210388,-0.03752903267741203,0.9858192972184477
119,2,19,-0.6,-1.0,-0.3412778973579407,0.074447862803936,1.1051585118341505
120,2,20,-0.6,-1.0,-0.3685947060585022,0.017063189297914505,1.043056058459466
121,2,21,-0.6,-1.0,-0.3936634659767151,0.11309149861335754,1.1320545258767674
122,2,22,-0.6,-1.0,-0.37224143743515015,0.16011498868465424,1.1822608636812784
123,2,23,-0.6,-1.0,-0.38217610120773315,0.06713403761386871,1.089138331489229
124,2,24,-0.6,-1.0,-0.38527441024780273,0.1676071286201477,1.1871872159432206
125,2,25,-0.6,-1.0,-0.39972490072250366,-0.04016266390681267,0.9805089633190903
126,2,26,-0.6,-1.0,-0.36219120025634766,0.10149136185646057,1.12687011029662
127,2,27,-0.6,-1.0,-0.3826954960823059,0.12104569375514984,1.141912735242882
128,2,28,-0.6,-1.0,-0.3672538995742798,0.04299301654100418,1.068646424135075
129,2,29,-0.6,-1.0,-0.3819911479949951,0.22858069837093353,1.2477733736388796
130,2,30,-0.6,-1.0,-0.3782631754875183,0.11162692308425903,1.1335261953173628
131,2,31,-0.6,-1.0,-0.37846535444259644,0.03325268253684044,1.0567349266262667
132,2,32,-0.6,-1.0,-0.37234973907470703,-0.009155470877885818,1.0166599835690289
133,2,33,-0.6,-1.0,-0.3621593117713928,0.1433132141828537,1.1677899206202225
134,2,34,-0.6,-1.0,-0.43129658699035645,0.1266442984342575,1.1392050810786978
135,2,35,-0.6,-1.0,-0.4270111918449402,-0.03949904069304466,0.9759545176782007
136,2,36,-0.6,-1.0,-0.37694233655929565,0.11739888787269592,1.139445038533568
137,2,37,-0.6,-1.0,-0.4178714156150818,0.16062137484550476,1.1748245813730338
138,2,38,-0.6,-1.0,-0.4606323838233948,0.2625875473022461,1.2702561344238614
139,2,39,-0.6,-1.0,-0.37673419713974,-0.00039067119359970093,1.0242394392736585
140,2,40,-0.6,-1.0,-0.38160061836242676,0.1828109472990036,1.2028050660643397
141,2,41,-0.6,-1.0,-0.4121999740600586,-0.03421417996287346,0.9838755510367293
142,2,42,-0.6,-1.0,-0.3975592255592346,0.10419535636901855,1.1225995065841963
143,2,43,-0.6,-1.0,-0.36192786693573,0.03412254899740219,1.0611728355393648
144,2,44,-0.6,-1.0,-0.4618569612503052,0.07616592943668365,1.0849961321752815
145,2,45,-0.6,-1.0,-0.383423388004303,-0.05292040482163429,0.9715272453548339
146,2,46,-0.6,-1.0,-0.24683590233325958,0.07056039571762085,1.1273084940511324
147,2,47,-0.6,-1.0,-0.42896872758865356,-0.0745711475610733,0.9411005563004801
148,2,48,-0.6,-1.0,-0.38067740201950073,0.06423269212245941,1.0865972689856778
149,2,49,-0.6,-1.0,-0.432156503200531,-0.02214841917157173,0.9921517794906833
150,3,0,-0.4,-1.0,-0.12515108287334442,0.11321805417537689,1.146645700897931
151,3,1,-0.4,-1.0,-0.14109458029270172,0.08789552748203278,1.118279345722357
152,3,2,-0.4,-1.0,-0.17235279083251953,0.01602064073085785,1.0412114070796985
153,3,3,-0.4,-1.0,-0.14782115817070007,0.07707701623439789,1.1062048034458902
154,3,4,-0.4,-1.0,-0.11035625636577606,0.11980699002742767,1.1566594974929898
155,3,5,-0.4,-1.0,-0.10503420233726501,0.1712179332971573,1.2077898281852177
156,3,6,-0.4,-1.0,-0.121928870677948,0.08351728320121765,1.118630080034588
157,3,7,-0.4,-1.0,-0.1502559334039688,0.08888575434684753,1.1171590239618645
158,3,8,-0.4,-1.0,-0.14096906781196594,0.04987063258886337,1.0813534893839027
159,3,9,-0.4,-1.0,-0.14451254904270172,0.07128556072711945,1.1013294648828191
160,3,10,-0.4,-1.0,-0.12482179701328278,0.0744575783610344,1.1091357586411401
161,3,11,-0.4,-1.0,-0.12974905967712402,0.05279485508799553,1.0869280462133417
162,3,12,-0.4,-1.0,-0.14904770255088806,0.07550179958343506,1.104391767672231
163,3,13,-0.4,-1.0,-0.12027925252914429,0.13221696019172668,1.1662585225889877
164,3,14,-0.4,-1.0,-0.1389407217502594,0.01721133664250374,1.0501765804636403
165,3,15,-0.4,-1.0,-0.14782120287418365,0.06257624924182892,1.0920908529846118
166,3,16,-0.4,-1.0,-0.11318983137607574,0.10394148528575897,1.1405905820060989
167,3,17,-0.4,-1.0,-0.10945826768875122,0.12297822535037994,1.1599545649832625
168,3,18,-0.4,-1.0,-0.0793328583240509,0.153127983212471,1.1968841052575994
169,3,19,-0.4,-1.0,-0.14447230100631714,0.07449103891849518,1.1044570601291628
170,3,20,-0.4,-1.0,-0.1299675554037094,0.0325203537940979,1.067246832805672
171,3,21,-0.4,-1.0,-0.151636004447937,0.05172068625688553,1.0806484517118595
172,3,22,-0.4,-1.0,-0.1540057361125946,0.0401240736246109,1.0688176955865585
173,3,23,-0.4,-1.0,-0.1430961936712265,0.08095313608646393,1.1110622161343502
174,3,24,-0.4,-1.0,-0.13906511664390564,0.08540920913219452,1.1163333573001546
175,3,25,-0.4,-1.0,-0.14325398206710815,0.07389767467975616,1.1041624578869653
176,3,26,-0.4,-1.0,-0.1318448930978775,0.10630030930042267,1.1383354232017466
177,3,27,-0.4,-1.0,-0.13806554675102234,0.07879582047462463,1.1101396669214012
178,3,28,-0.4,-1.0,-0.14454878866672516,0.06099041551351547,1.0913092976710037
179,3,29,-0.4,-1.0,-0.1398102045059204,0.08446745574474335,1.1152436470335654
180,3,30,-0.4,-1.0,-0.11432623863220215,0.12166008353233337,1.1574674254266453
181,3,31,-0.4,-1.0,-0.14720185101032257,0.05959010124206543,1.0893291911918903
182,3,32,-0.4,-1.0,-0.13727910816669464,0.08035282045602798,1.111838335223688
183,3,33,-0.4,-1.0,-0.13660624623298645,0.0726543441414833,1.1045196293090829
184,3,34,-0.4,-1.0,-0.1485523134469986,0.07271505892276764,1.1017910585553565
185,3,35,-0.4,-1.0,-0.10078451037406921,0.10815456509590149,1.1478399058122053
186,3,36,-0.4,-1.0,-0.11462651193141937,0.11548417806625366,1.1514091276382057
187,3,37,-0.4,-1.0,-0.1562492847442627,0.047004252672195435,1.0750034029254727
188,3,38,-0.4,-1.0,-0.11933411657810211,0.09848847985267639,1.133776996805826
189,3,39,-0.4,-1.0,-0.13803046941757202,0.10268457233905792,1.1333760633735603
190,3,40,-0.4,-1.0,-0.13123832643032074,0.09464424103498459,1.1271552029827268
191,3,41,-0.4,-1.0,-0.13468031585216522,0.10003863275051117,1.13158275364196
192,3,42,-0.4,-1.0,-0.10667021572589874,0.11386418342590332,1.1518401718386737
193,3,43,-0.4,-1.0,-0.15351225435733795,0.046757519245147705,1.0753871455658457
194,3,44,-0.4,-1.0,-0.13113859295845032,0.0961226373910904,1.1286147670474465
195,3,45,-0.4,-1.0,-0.10858422517776489,0.12447136640548706,1.1616191319365685
196,3,46,-0.4,-1.0,-0.10874514281749725,0.1523815542459488,1.1886179530861498
197,3,47,-0.4,-1.0,-0.13719871640205383,0.08523795008659363,1.1166046404027166
198,3,48,-0.4,-1.0,-0.14933766424655914,0.06248287111520767,1.0916507948875345
199,4,0,-0.2,-1.0,-0.09931820631027222,-0.4135042726993561,0.5950748370772303
200,4,1,-0.2,-1.0,-0.09935015439987183,-0.41764888167381287,0.5909849544913055
201,4,2,-0.2,-1.0,-0.10163713991641998,-0.41063591837882996,0.5975159185737122
202,4,3,-0.2,-1.0,-0.10586415231227875,-0.41000595688819885,0.5974567170325359
203,4,4,-0.2,-1.0,-0.10768668353557587,-0.4094638228416443,0.597707892644447
204,4,5,-0.2,-1.0,-0.09948918223381042,-0.41549360752105713,0.5930852783004955
205,4,6,-0.2,-1.0,-0.096226766705513,-0.41443613171577454,0.5946880928590867
206,4,7,-0.2,-1.0,-0.10790227353572845,-0.41410210728645325,0.5930921782539899
207,4,8,-0.2,-1.0,-0.10042150318622589,-0.40263834595680237,0.6056045101788095
208,4,9,-0.2,-1.0,-0.10121212899684906,-0.41265228390693665,0.5955975008821587
209,4,10,-0.2,-1.0,-0.10757337510585785,-0.4200649559497833,0.5872540645298671
210,4,11,-0.2,-1.0,-0.08551794290542603,-0.43008536100387573,0.5812992664185015
211,4,12,-0.2,-1.0,-0.08992019295692444,-0.4261787235736847,0.5842845378736002
212,4,13,-0.2,-1.0,-0.10870674252510071,-0.41250985860824585,0.5945411046285038
213,4,14,-0.2,-1.0,-0.10954123735427856,-0.4116259217262268,0.5952871943221247
214,4,15,-0.2,-1.0,-0.1028439849615097,-0.40856775641441345,0.5993591494344939
215,4,16,-0.2,-1.0,-0.09657131135463715,-0.41660311818122864,0.5924942323354422
216,4,17,-0.2,-1.0,-0.09525486826896667,-0.41864824295043945,0.5907126272951703
217,4,18,-0.2,-1.0,-0.0954689234495163,-0.41604653000831604,0.5932355359215525
218,4,19,-0.2,-1.0,-0.09655459225177765,-0.415401428937912,0.5936804204890297
219,4,20,-0.2,-1.0,-0.10541030764579773,-0.4129979610443115,0.5945743045556192
220,4,21,-0.2,-1.0,-0.10100716352462769,-0.4093242585659027,0.5989135273077077
221,4,22,-0.2,-1.0,-0.10506415367126465,-0.40871667861938477,0.5988562273710153
222,4,23,-0.2,-1.0,-0.0958949625492096,-0.42291349172592163,0.5864014809450931
223,4,24,-0.2,-1.0,-0.0982072502374649,-0.4199395775794983,0.588924322441236
224,4,25,-0.2,-1.0,-0.11429888010025024,-0.40497884154319763,0.6011612603647597
225,4,26,-0.2,-1.0,-0.06573555618524551,-0.41039806604385376,0.6046961066500373
226,4,27,-0.2,-1.0,-0.09106799960136414,-0.41911929845809937,0.5910064044785462
227,4,28,-0.2,-1.0,-0.09488439559936523,-0.4213560223579407,0.5881140562424391
228,4,29,-0.2,-1.0,-0.10199366509914398,-0.40884482860565186,0.5992242304404753
229,4,30,-0.2,-1.0,-0.09626340866088867,-0.4156470000743866,0.5934894345350401
230,4,31,-0.2,-1.0,-0.09662668406963348,-0.4195255637168884,0.5896071689053954
231,4,32,-0.2,-1.0,-0.07936017215251923,-0.39887210726737976,0.6131139465745583
232,4,33,-0.2,-1.0,-0.08574719727039337,-0.38703441619873047,0.6235226618627439
233,4,34,-0.2,-1.0,-0.10306912660598755,-0.4104525148868561,0.5974628284840479
234,4,35,-0.2,-1.0,-0.09970781207084656,-0.4128701090812683,0.5956341425488119
235,4,36,-0.2,-1.0,-0.09976015985012054,-0.41233009099960327,0.5961576532242189
236,4,37,-0.2,-1.0,-0.07654741406440735,-0.4241414964199066,0.5889427451965847
237,4,38,-0.2,-1.0,-0.11101885139942169,-0.4075445234775543,0.599100272465066
238,4,39,-0.2,-1.0,-0.10274413228034973,-0.4073185324668884,0.6006080467019277
239,4,40,-0.2,-1.0,-0.09650340676307678,-0.41988348960876465,0.5892764295643883
240,4,41,-0.2,-1.0,-0.0888928771018982,-0.3998674750328064,0.610330926860333
241,4,42,-0.2,-1.0,-0.07098336517810822,-0.4112626016139984,0.6027080689015893
242,4,43,-0.2,-1.0,-0.11581888794898987,-0.39461326599121094,0.6112115487619431
243,4,44,-0.2,-1.0,-0.10138334333896637,-0.4122406542301178,0.5959750779276262
244,4,45,-0.2,-1.0,-0.10317717492580414,-0.39723604917526245,0.6104908188246527
245,4,46,-0.2,-1.0,-0.0994039922952652,-0.4221261143684387,0.5865643907202771
246,4,47,-0.2,-1.0,-0.10581831634044647,-0.4063006639480591,0.6011231913388999
247,4,48,-0.2,-1.0,-0.1045103371143341,-0.4074384570121765,0.600206179530108
248,4,49,-0.2,-1.0,-0.09937812387943268,-0.4161963164806366,0.5924115991815149
249,5,0,0.0,-1.0,0.011512745171785355,-0.3615071773529053,0.6385966080971969
250,5,1,0.0,-1.0,-0.007268086075782776,-0.4004521667957306,0.5995918856815354
251,5,2,0.0,-1.0,-0.005335427820682526,-0.4015809893608093,0.5984427951645984
252,5,3,0.0,-1.0,-0.009335547685623169,-0.3955553472042084,0.6045167414919256
253,5,4,0.0,-1.0,-0.007963523268699646,-0.3961278796195984,0.6039246273133538
254,5,5,0.0,-1.0,-0.011078126728534698,-0.3904608190059662,0.6096398429061957
255,5,6,0.0,-1.0,-0.005377940833568573,-0.4067310094833374,0.593293365339837
256,5,7,0.0,-1.0,-0.01275530457496643,-0.40123099088668823,0.5989048539370317
257,5,8,0.0,-1.0,-0.01367272436618805,-0.37683728337287903,0.623312694227935
258,5,9,0.0,-1.0,-0.00858037918806076,-0.39957693219184875,0.6004843738709299
259,5,10,0.0,-1.0,0.048676952719688416,-0.41269922256469727,0.5893145585357499
260,5,11,0.0,-1.0,-0.0008408278226852417,-0.4094338119029999,0.5905667866675612
261,5,12,0.0,-1.0,0.005588613450527191,-0.39343154430389404,0.6065942004716648
262,5,13,0.0,-1.0,-0.0027269013226032257,-0.41215431690216064,0.5878520078451621
263,5,14,0.0,-1.0,-0.014654591679573059,-0.400410920381546,0.5997681397465189
264,5,15,0.0,-1.0,-0.009614244103431702,-0.4012018144130707,0.5988753632867853
265,5,16,0.0,-1.0,-0.007636889815330505,-0.4028622806072235,0.5971865520988042
266,5,17,0.0,-1.0,-0.0031168609857559204,-0.40599876642227173,0.594009410964395
267,5,18,0.0,-1.0,0.009130440652370453,-0.38754722476005554,0.6125208297238686
268,5,19,0.0,-1.0,0.003706354647874832,-0.35835134983062744,0.6416593545869597
269,5,20,0.0,-1.0,0.019874677062034607,-0.36819204688072205,0.6321204730216321
270,5,21,0.0,-1.0,-0.00474422425031662,-0.4155080020427704,0.5845112516793594
271,5,22,0.0,-1.0,0.03551092743873596,-0.41776934266090393,0.5833125785657935
272,5,23,0.0,-1.0,-0.017352402210235596,-0.3923586905002594,0.6078890251296081
273,5,24,0.0,-1.0,-0.010991089046001434,-0.3737601041793823,0.6263363402803922
274,5,25,0.0,-1.0,-0.009556256234645844,-0.39944958686828613,0.6006264402654069
275,5,26,0.0,-1.0,-0.014450252056121826,-0.39668136835098267,0.6034916578373956
276,5,27,0.0,-1.0,-0.012054413557052612,-0.39894285798072815,0.6011780076305017
277,5,28,0.0,-1.0,0.0009320080280303955,-0.40036362409591675,0.5996371002084072
278,5,29,0.0,-1.0,-0.003878585994243622,-0.415052205324173,0.584960653313903
279,5,30,0.0,-1.0,-0.007440343499183655,-0.40909191966056824,0.5909549205496288
280,5,31,0.0,-1.0,-0.013680711388587952,-0.395762175321579,0.6043926791715863
281,5,32,0.0,-1.0,-0.007950693368911743,-0.4043298363685608,0.5957232221138874
282,5,33,0.0,-1.0,-0.009120993316173553,-0.40031754970550537,0.5997518100933774
283,5,34,0.0,-1.0,0.002884194254875183,-0.42401134967803955,0.575995871405528
284,5,35,0.0,-1.0,-0.005426589399576187,-0.41022804379463196,0.5897969211506772
285,5,36,0.0,-1.0,0.008999325335025787,-0.37203970551490784,0.6280247760290109
286,5,37,0.0,-1.0,0.013003360480070114,-0.39735695719718933,0.6027833146516292
287,5,38,0.0,-1.0,-0.003172673285007477,-0.4145091772079468,0.5854994188122554
288,5,39,0.0,-1.0,-0.00543387234210968,-0.41355252265930176,0.586472651236099
289,5,40,0.0,-1.0,-0.009204179048538208,-0.40582844614982605,0.5942428395165462
290,5,41,0.0,-1.0,-0.00595962256193161,-0.4134187698364258,0.5866115040478602
291,5,42,0.0,-1.0,-0.007230222225189209,-0.4064476191997528,0.5935964158138654
292,5,43,0.0,-1.0,-0.007282465696334839,-0.40846362709999084,0.5915811987971871
293,5,44,0.0,-1.0,-0.008732981979846954,-0.4085734486579895,0.5914910232679479
294,5,45,0.0,-1.0,-0.010432198643684387,-0.41522037982940674,0.5848726655738021
295,5,46,0.0,-1.0,-0.009440764784812927,-0.4121052622795105,0.5879705355535814
296,5,47,0.0,-1.0,0.010044917464256287,-0.37464892864227295,0.6254317411317727
297,5,48,0.0,-1.0,-0.01624254137277603,-0.39964306354522705,0.6005766156783051
298,5,49,0.0,-1.0,-0.011282786726951599,-0.38917234539985657,0.610931849636797
299,6,0,0.2,-1.0,-0.07253023982048035,-0.42443838715553284,0.6368232893014614
300,6,1,0.2,-1.0,-0.028775423765182495,-0.4343923330307007,0.6101231248308759
301,6,2,0.2,-1.0,-0.03747797757387161,-0.400526225566864,0.6447981048868604
302,6,3,0.2,-1.0,-0.03154753893613815,-0.43151965737342834,0.6138274698481705
303,6,4,0.2,-1.0,-0.031110316514968872,-0.41262394189834595,0.6312072655084753
304,6,5,0.2,-1.0,-0.06902913004159927,-0.4248509407043457,0.6349591429530059
305,6,6,0.2,-1.0,-0.06459267437458038,-0.43025001883506775,0.6281913119186968
306,6,7,0.2,-1.0,-0.0719921737909317,-0.4190717041492462,0.6414494738664748
307,6,8,0.2,-1.0,-0.07273414731025696,-0.42218559980392456,0.6389470996749288
308,6,9,0.2,-1.0,-0.0648217424750328,-0.4095788598060608,0.6470917076237523
309,6,10,0.2,-1.0,-0.0676993653178215,-0.41889289021492004,0.6398034254631132
310,6,11,0.2,-1.0,-0.0376020222902298,-0.39485812187194824,0.6501164616134195
311,6,12,0.2,-1.0,-0.06847617030143738,-0.42352622747421265,0.6359256752403064
312,6,13,0.2,-1.0,-0.0690087378025055,-0.421294242143631,0.6381740007162714
313,6,14,0.2,-1.0,-0.07348552346229553,-0.4121527075767517,0.6483508083998892
314,6,15,0.2,-1.0,-0.06876961141824722,-0.42390456795692444,0.635706733362809
315,6,16,0.2,-1.0,-0.06661755591630936,-0.4199488162994385,0.6383919617564189
316,6,17,0.2,-1.0,-0.07255224883556366,-0.41855594515800476,0.6421541226655982
317,6,18,0.2,-1.0,-0.06493514776229858,-0.42514029145240784,0.6329726036972324
318,6,19,0.2,-1.0,-0.06921113282442093,-0.4250101149082184,0.6348921183905721
319,6,20,0.2,-1.0,-0.07407523691654205,-0.4113844335079193,0.6492961732581302
320,6,21,0.2,-1.0,-0.06760001182556152,-0.42580991983413696,0.6334856071687193
321,6,22,0.2,-1.0,-0.06735733151435852,-0.4155285954475403,0.6427182628912949
322,6,23,0.2,-1.0,-0.06219497323036194,-0.4235728085041046,0.6332570655611478
323,6,24,0.2,-1.0,-0.06749799102544785,-0.42340192198753357,0.635626084085857
324,6,25,0.2,-1.0,-0.06829728186130524,-0.42641282081604004,0.633234303854724
325,6,26,0.2,-1.0,-0.062231406569480896,-0.42633670568466187,0.6307573906314017
326,6,27,0.2,-1.0,-0.06809834390878677,-0.41543859243392944,0.6431086698391336
327,6,28,0.2,-1.0,-0.07044456899166107,-0.4211805462837219,0.6388835769508369
328,6,29,0.2,-1.0,-0.07021482288837433,-0.4194720387458801,0.640334884499088
329,6,30,0.2,-1.0,-0.06651762127876282,-0.4172286093235016,0.6408230147576708
330,6,31,0.2,-1.0,-0.06974595785140991,-0.4204255938529968,0.6392725350254194
331,6,32,0.2,-1.0,-0.07050290703773499,-0.41567814350128174,0.6438973945419986
332,6,33,0.2,-1.0,-0.07076127827167511,-0.42434102296829224,0.636156370437728
333,6,34,0.2,-1.0,-0.0691792443394661,-0.3998468816280365,0.6577546891317142
334,6,35,0.2,-1.0,-0.08085733652114868,-0.39473557472229004,0.6672524769414575
335,6,36,0.2,-1.0,-0.05571912229061127,-0.43696773052215576,0.6183830576418248
336,6,37,0.2,-1.0,-0.06871762871742249,-0.4239358603954315,0.6356563984747312
337,6,38,0.2,-1.0,-0.06984198093414307,-0.41740521788597107,0.6420524704577931
338,6,39,0.2,-1.0,-0.07157711684703827,-0.4205647110939026,0.6399213892539009
339,6,40,0.2,-1.0,-0.045129306614398956,-0.41070556640625,0.63824470732301
340,6,41,0.2,-1.0,-0.06795790791511536,-0.4210302233695984,0.6379713494081867
341,6,42,0.2,-1.0,-0.04229090362787247,-0.4057983458042145,0.6417012449963135
342,6,43,0.2,-1.0,-0.07163967192173004,-0.41469597816467285,0.6452665413132423
343,6,44,0.2,-1.0,-0.05277535319328308,-0.43692588806152344,0.617209716966035
344,6,45,0.2,-1.0,-0.06307832896709442,-0.43194031715393066,0.626020774772927
345,6,46,0.2,-1.0,-0.07004158198833466,-0.4225281774997711,0.6374920876250139
346,6,47,0.2,-1.0,-0.0695284828543663,-0.41468673944473267,0.6443890253966269
347,6,48,0.2,-1.0,-0.06376804411411285,-0.41237878799438477,0.6441057909184894
348,6,49,0.2,-1.0,-0.06423638761043549,-0.42067503929138184,0.6367403541770023
349,7,0,0.4,-1.0,-0.09361666440963745,-0.01400148868560791,1.1026561003763113
350,7,1,0.4,-1.0,-0.1546795815229416,-0.11362813413143158,1.045621596353955
351,7,2,0.4,-1.0,-0.152167409658432,-0.1016312688589096,1.054492875927076
352,7,3,0.4,-1.0,-0.14554929733276367,-0.10825927555561066,1.0453829707111535
353,7,4,0.4,-1.0,-0.13018321990966797,-0.19828902184963226,0.961163221914261
354,7,5,0.4,-1.0,-0.1407269686460495,-0.11511215567588806,1.0370208057959684
355,7,6,0.4,-1.0,-0.13178908824920654,-0.03928041830658913,1.098080939198056
356,7,7,0.4,-1.0,-0.13221754133701324,-0.07121077179908752,1.0704694959357142
357,7,8,0.4,-1.0,-0.12543733417987823,-0.11844441294670105,1.0262673361336916
358,7,9,0.4,-1.0,-0.17971159517765045,-0.030304882675409317,1.1297673008839333
359,7,10,0.4,-1.0,-0.13396024703979492,-0.14213094115257263,1.0104716065019195
360,7,11,0.4,-1.0,-0.12546546757221222,0.039651162922382355,1.1648984926493575
361,7,12,0.4,-1.0,-0.0956411361694336,-0.009342100471258163,1.1077288520942414
362,7,13,0.4,-1.0,-0.14482881128787994,0.009256185963749886,1.1469247937486833
363,7,14,0.4,-1.0,-0.1155444085597992,-0.028304774314165115,1.0999898403248636
364,7,15,0.4,-1.0,-0.09878215193748474,-0.07190145552158356,1.0536368175772632
365,7,16,0.4,-1.0,-0.13613513112068176,-0.0050629861652851105,1.1301949125350592
366,7,17,0.4,-1.0,-0.14527902007102966,-0.023356445133686066,1.1185534600507627
367,7,18,0.4,-1.0,-0.24137775599956512,0.09078139066696167,1.2653732524897106
368,7,19,0.4,-1.0,-0.16004815697669983,-0.06422378122806549,1.0905645646875282
369,7,20,0.4,-1.0,-0.12539072334766388,-0.13328586518764496,1.0135229665199061
370,7,21,0.4,-1.0,-0.16177360713481903,-0.06369529664516449,1.0919047958488197
371,7,22,0.4,-1.0,-0.1400696188211441,-0.057173002511262894,1.0865532386253527
372,7,23,0.4,-1.0,-0.11459656059741974,0.017490550875663757,1.1402178043251017
373,7,24,0.4,-1.0,-0.11479504406452179,-0.13315169513225555,1.008186451528424
374,7,25,0.4,-1.0,-0.08833356201648712,0.029560774564743042,1.139502108955514
375,7,26,0.4,-1.0,-0.1435413807630539,-0.08373600244522095,1.0653529677139268
376,7,27,0.4,-1.0,-0.139214426279068,-0.05892496928572655,1.0846079526452566
377,7,28,0.4,-1.0,-0.15878017246723175,-0.030523095279932022,1.118982015015484
378,7,29,0.4,-1.0,-0.12693370878696442,0.003907144069671631,1.1337939351443498
379,7,30,0.4,-1.0,-0.11583735048770905,-0.07969258725643158,1.055013699488751
380,7,31,0.4,-1.0,-0.12246754765510559,0.04941647872328758,1.172282936909313
381,7,32,0.4,-1.0,-0.1340169906616211,-0.14558599889278412,1.0075700628756967
382,7,33,0.4,-1.0,-0.11453486979007721,0.07163523882627487,1.1887591081981828
383,7,34,0.4,-1.0,-0.09783908724784851,0.047363847494125366,1.1596614962261482
384,7,35,0.4,-1.0,-0.14456823468208313,-0.061437297612428665,1.0851057591487667
385,7,36,0.4,-1.0,-0.16330495476722717,-0.03839389607310295,1.114449985945881
386,7,37,0.4,-1.0,-0.13372741639614105,-0.057248201221227646,1.0833493938307763
387,7,38,0.4,-1.0,-0.13081404566764832,-0.055989447981119156,1.0830140688841712
388,7,39,0.4,-1.0,-0.12115176022052765,0.02780654840171337,1.152382513802773
389,7,40,0.4,-1.0,-0.1221846342086792,-0.052559759467840195,1.0818132008730938
390,7,41,0.4,-1.0,-0.09009763598442078,0.012238219380378723,1.1246430125030242
391,7,42,0.4,-1.0,-0.1104404479265213,-0.08506976068019867,1.047686400456366
392,7,43,0.4,-1.0,-0.11196441948413849,-0.06543731689453125,1.0656054501883065
393,7,44,0.4,-1.0,-0.12059508264064789,-0.005200419574975967,1.1227846834025779
394,7,45,0.4,-1.0,-0.17274361848831177,-0.1106523871421814,1.0578158767077497
395,7,46,0.4,-1.0,-0.1116514503955841,-0.08700422942638397,1.0465889755664426
396,7,47,0.4,-1.0,-0.1409696340560913,-0.17896166443824768,0.9832355228696703
397,7,48,0.4,-1.0,-0.13106009364128113,0.02935020625591278,1.158268824659188
398,8,0,0.6,-1.0,-0.21878330409526825,0.1505776345729828,1.4121738534064157
399,8,1,0.6,-1.0,-0.21276192367076874,0.14736603200435638,1.406069257172786
400,8,2,0.6,-1.0,-0.19798795878887177,0.1585419476032257,1.40677085082408
401,8,3,0.6,-1.0,-0.19877208769321442,0.17198918759822845,1.4183072671057326
402,8,4,0.6,-1.0,-0.21659506857395172,0.15199632942676544,1.4120634012083302
403,8,5,0.6,-1.0,-0.1928890347480774,0.17423030734062195,1.4168591447638645
404,8,6,0.6,-1.0,-0.2116325944662094,0.16236479580402374,1.4176880428798433
405,8,7,0.6,-1.0,-0.10681714117527008,0.2245825231075287,1.4139281548082925
406,8,8,0.6,-1.0,-0.19160676002502441,0.1709662228822708,1.4134366479076763
407,8,9,0.6,-1.0,-0.2016553431749344,0.15905053913593292,1.4092726640051663
408,8,10,0.6,-1.0,-0.21892736852169037,0.14239883422851562,1.4056020529867377
409,8,11,0.6,-1.0,-0.21324042975902557,0.16621868312358856,1.421768621633338
410,8,12,0.6,-1.0,-0.2080528289079666,0.14956004917621613,1.4051468538797616
411,8,13,0.6,-1.0,-0.20499099791049957,0.15294256806373596,1.4061604005128094
412,8,14,0.6,-1.0,-0.24519385397434235,0.1059933602809906,1.391967659028628
413,8,15,0.6,-1.0,-0.22920574247837067,0.1231270283460617,1.3960646421855119
414,8,16,0.6,-1.0,-0.20927931368350983,0.17417964339256287,1.4260542915729186
415,8,17,0.6,-1.0,-0.21570955216884613,0.14243574440479279,1.4037597741754935
416,8,18,0.6,-1.0,-0.2140253633260727,0.14673012495040894,1.4062813628882824
417,8,19,0.6,-1.0,-0.23554174602031708,0.12419238686561584,1.4006921617647792
418,8,20,0.6,-1.0,-0.23164741694927216,0.14906193315982819,1.4184430733573334
419,8,21,0.6,-1.0,-0.21998785436153412,0.14998789131641388,1.4123923787229966
420,8,22,0.6,-1.0,-0.2199159413576126,0.11063313484191895,1.3804956034341898
421,8,23,0.6,-1.0,-0.264392614364624,0.12565654516220093,1.4192523557967454
422,8,24,0.6,-1.0,-0.1960896998643875,0.1744331270456314,1.4188206300066089
423,8,25,0.6,-1.0,-0.21867774426937103,0.1048160046339035,1.3750824168235178
424,8,26,0.6,-1.0,-0.2703770399093628,0.047429829835891724,1.3618610208209314
425,8,27,0.6,-1.0,-0.21255294978618622,0.15467607975006104,1.4119203750046252
426,8,28,0.6,-1.0,-0.24003897607326508,0.1330149620771408,1.4104568003355809
427,8,29,0.6,-1.0,-0.25883203744888306,0.0871298685669899,1.3854399372326036
428,8,30,0.6,-1.0,-0.2282819002866745,0.12739452719688416,1.3989529392713647
429,8,31,0.6,-1.0,-0.2532598376274109,0.08647294342517853,1.3814759524881086
430,8,32,0.6,-1.0,-0.20680220425128937,0.16236932575702667,1.4149318874933816
431,8,33,0.6,-1.0,-0.21650950610637665,0.15885736048221588,1.4176170694182149
432,8,34,0.6,-1.0,-0.2058761566877365,0.15921513736248016,1.411813059370153
433,8,35,0.6,-1.0,-0.2587411403656006,0.09281541407108307,1.389849587325105
434,8,36,0.6,-1.0,-0.22666995227336884,0.11240479350090027,1.3859392607886662
435,8,37,0.6,-1.0,-0.18843629956245422,0.17591892182826996,1.4157743849856506
436,8,38,0.6,-1.0,-0.23579610884189606,0.14541074633598328,1.4179283879580127
437,8,39,0.6,-1.0,-0.2685440182685852,0.07504170387983322,1.382057660429186
438,8,40,0.6,-1.0,-0.22608743607997894,0.13663619756698608,1.405120029630469
439,8,41,0.6,-1.0,-0.20562680065631866,0.1694498360157013,1.4200871314440133
440,8,42,0.6,-1.0,-0.1934884637594223,0.1810358464717865,1.422838575795096
441,8,43,0.6,-1.0,-0.18976785242557526,0.19167731702327728,1.4296251566871303
442,8,44,0.6,-1.0,-0.2194758802652359,0.11461327970027924,1.383439005385021
443,8,45,0.6,-1.0,-0.22380061447620392,0.14509963989257812,1.4106383794911732
444,8,46,0.6,-1.0,-0.22100506722927094,0.15639059245586395,1.4181990420024135
445,8,47,0.6,-1.0,-0.25243932008743286,0.14949795603752136,1.431082927494268
446,8,48,0.6,-1.0,-0.23094944655895233,0.1674032360315323,1.4329365995163648
447,9,0,0.8,-1.0,-0.33090317249298096,0.02596922218799591,1.5269429689519285
448,9,1,0.8,-1.0,-0.32931041717529297,0.029528861865401268,1.5281595779742712
449,9,2,0.8,-1.0,-0.36266791820526123,-0.023745346814393997,1.5181797771971224
450,9,3,0.8,-1.0,-0.3683512210845947,-0.057330962270498276,1.5012226651978475
451,9,4,0.8,-1.0,-0.314977765083313,0.041417237371206284,1.5256884606380343
452,9,5,0.8,-1.0,-0.2493685632944107,0.09660331904888153,1.5177988078067524
453,9,6,0.8,-1.0,-0.2976841330528259,0.027422312647104263,1.5034982755164896
454,9,7,0.8,-1.0,-0.3105912208557129,-0.014675244688987732,1.4846810207147154
455,9,8,0.8,-1.0,-0.3058713674545288,0.002788648009300232,1.4928283739037351
456,9,9,0.8,-1.0,-0.16847729682922363,0.2059464156627655,1.5466916408655966
457,9,10,0.8,-1.0,-0.2334596961736679,0.10283000767230988,1.5113811463154743
458,9,11,0.8,-1.0,-0.29803532361984253,0.057239264249801636,1.524282268409757
459,9,12,0.8,-1.0,-0.25940173864364624,0.05970883369445801,1.4984374715186646
460,9,13,0.8,-1.0,-0.38365834951400757,-0.03029790148139,1.5301533414156965
461,9,14,0.8,-1.0,-0.24728192389011383,0.10726284980773926,1.5240834775927907
462,9,15,0.8,-1.0,-0.3040405511856079,0.06108123064041138,1.5312736256722999
463,9,16,0.8,-1.0,-0.3136059641838074,0.0354265496134758,1.5206006652340434
464,9,17,0.8,-1.0,-0.3745923638343811,-0.031173814088106155,1.522593642337517
465,9,18,0.8,-1.0,-0.2300727218389511,0.08771075308322906,1.4980535686849086
466,9,19,0.8,-1.0,-0.2465178519487381,0.11815544962882996,1.5314931354668397
467,9,20,0.8,-1.0,-0.32480311393737793,0.04662555828690529,1.536426732513659
468,9,21,0.8,-1.0,-0.2939010262489319,0.027984321117401123,1.5011233192818205
469,9,22,0.8,-1.0,-0.2620883584022522,0.10631567239761353,1.5336120917775051
470,9,23,0.8,-1.0,-0.23377515375614166,0.13999268412590027,1.5389198771814305
471,9,24,0.8,-1.0,-0.3372073769569397,0.010431911796331406,1.521253846858463
472,9,25,0.8,-1.0,-0.3137531876564026,0.0259819645434618,1.5142936157110547
473,9,26,0.8,-1.0,-0.2638055086135864,0.07817714661359787,1.514644552242027
474,9,27,0.8,-1.0,-0.3282899260520935,0.03929118439555168,1.5340027129027338
475,9,28,0.8,-1.0,-0.2915377616882324,0.05474220588803291,1.5178721310021177
476,9,29,0.8,-1.0,-0.3347519040107727,0.023889105767011642,1.5284013820212428
477,9,30,0.8,-1.0,-0.30154192447662354,0.0794437974691391,1.5422689529632174
478,9,31,0.8,-1.0,-0.3572114109992981,-0.011454083025455475,1.5219596839975853
479,9,32,0.8,-1.0,-0.3352600336074829,0.0032828189432621002,1.5150550348727276
480,9,33,0.8,-1.0,-0.3841782808303833,-0.010069213807582855,1.5434510559917147
481,9,34,0.8,-1.0,-0.3595340847969055,0.016054170206189156,1.5417150743892936
482,9,35,0.8,-1.0,-0.3322703242301941,-0.004336904734373093,1.5077735527612486
483,9,36,0.8,-1.0,-0.2827184796333313,0.05305822193622589,1.510367811139723
484,9,37,0.8,-1.0,-0.3119204044342041,0.016734691336750984,1.5066905516278923
485,9,38,0.8,-1.0,-0.3201481103897095,0.053755149245262146,1.5378984699161844
486,9,39,0.8,-1.0,-0.37510931491851807,0.009505007416009903,1.5491876135595284
487,9,40,0.8,-1.0,-0.2958836555480957,0.03555027395486832,1.5077550717492083
488,9,41,0.8,-1.0,-0.23623324930667877,0.12944070994853973,1.5327803705220586
489,9,42,0.8,-1.0,-0.26509541273117065,0.09685667604207993,1.5288959434830949
490,9,43,0.8,-1.0,-0.37409621477127075,0.01041346974670887,1.549011717639931
491,9,44,0.8,-1.0,-0.29021531343460083,0.07058888673782349,1.5279823277950035
492,9,45,0.8,-1.0,-0.28172922134399414,0.06460727751255035,1.5177373829626022
493,9,46,0.8,-1.0,-0.23932267725467682,0.13613881170749664,1.5398061653740551
494,9,47,0.8,-1.0,-0.24758224189281464,0.06815232336521149,1.4961209641735775
495,9,48,0.8,-1.0,-0.29044848680496216,0.07003547996282578,1.5277610515897133
496,10,0,1.0,-1.0,-0.2851216197013855,0.055848218500614166,1.6632357132814437
497,10,1,1.0,-1.0,-0.20942001044750214,0.17132194340229034,1.6836543162913682
498,10,2,1.0,-1.0,-0.1873697191476822,0.1758323311805725,1.6710561094704106
499,10,3,1.0,-1.0,-0.2448003739118576,0.11421895027160645,1.6706321677842375
500,10,4,1.0,-1.0,-0.2554877996444702,0.08893874287605286,1.6619377848742087
501,10,5,1.0,-1.0,0.020831510424613953,0.21371342241764069,1.5594457998706095
502,10,6,1.0,-1.0,-0.1741335541009903,0.19491828978061676,1.675237094299806
503,10,7,1.0,-1.0,-0.23296593129634857,0.09384658932685852,1.648243109713938
504,10,8,1.0,-1.0,-0.1817702203989029,0.15974560379981995,1.6557749603598553
505,10,9,1.0,-1.0,-0.2281559854745865,0.10323913395404816,1.6509099646391172
506,10,10,1.0,-1.0,-0.2512795925140381,0.12043826282024384,1.6796078469195548
507,10,11,1.0,-1.0,-0.23383207619190216,0.044371023774147034,1.616493868698264
508,10,12,1.0,-1.0,-0.11859381198883057,0.15060976147651672,1.6047289302012193
509,10,13,1.0,-1.0,-0.14897888898849487,0.14519760012626648,1.6222299561641056
510,10,14,1.0,-1.0,-0.22774557769298553,0.09409047663211823,1.6445039296401145
511,10,15,1.0,-1.0,-0.2731514573097229,0.07677704095840454,1.6674421816617837
512,10,16,1.0,-1.0,-0.26343947649002075,0.06946726143360138,1.6553064773725936
513,10,17,1.0,-1.0,-0.18481159210205078,0.17428739368915558,1.6681514894507232
514,10,18,1.0,-1.0,-0.24089007079601288,0.0822744071483612,1.6465497442131745
515,10,19,1.0,-1.0,-0.2025749534368515,0.15320023894309998,1.6661504463079162
516,10,20,1.0,-1.0,-0.28021299839019775,0.005227420479059219,1.6277062044884525
517,10,21,1.0,-1.0,-0.2845970392227173,-0.009346362203359604,1.6222158251168335
518,10,22,1.0,-1.0,-0.2553866505622864,0.06559336185455322,1.6466586942164076
519,10,23,1.0,-1.0,-0.31116485595703125,0.001919809728860855,1.650150473327793
520,10,24,1.0,-1.0,-0.18668189644813538,0.18266794085502625,1.6753857411605277
521,10,25,1.0,-1.0,-0.2371399849653244,0.09573118388652802,1.6526167643290368
522,10,26,1.0,-1.0,-0.37593185901641846,-0.05008941516280174,1.6719804424221372
523,10,27,1.0,-1.0,-0.14498409628868103,0.14596934616565704,1.6199488643489186
524,10,28,1.0,-1.0,-0.32786238193511963,-0.01965935528278351,1.6505412097378778
525,10,29,1.0,-1.0,-0.2980940341949463,-0.0015976950526237488,1.6376371039203845
526,10,30,1.0,-1.0,-0.34631264209747314,-0.01546454057097435,1.667893222345064
527,10,31,1.0,-1.0,-0.265813410282135,0.09505294263362885,1.6737456607324357
528,10,32,1.0,-1.0,-0.3039644956588745,-0.012419536709785461,1.6357379305412643
529,10,33,1.0,-1.0,-0.2899162173271179,0.05423736572265625,1.6659232488351154
530,10,34,1.0,-1.0,-0.24898819625377655,0.09286628663539886,1.6596168939985843
531,10,35,1.0,-1.0,-0.3965687155723572,-0.056109439581632614,1.6856255715200583
532,10,36,1.0,-1.0,-0.2786567807197571,0.09821133315563202,1.6855359074051444
533,10,37,1.0,-1.0,-0.3941575884819031,-0.035488758236169815,1.695274997459256
534,10,38,1.0,-1.0,-0.29172831773757935,0.02428095042705536,1.6485489110890548
535,10,39,1.0,-1.0,-0.3301299810409546,-0.0036238469183444977,1.6619299638955334
536,10,40,1.0,-1.0,-0.44149327278137207,-0.06732559204101562,1.7169112984471833
537,10,41,1.0,-1.0,-0.2824360728263855,0.043086204677820206,1.653079281606161
538,10,42,1.0,-1.0,-0.19389274716377258,0.17087393999099731,1.6722217780785842
539,10,43,1.0,-1.0,-0.22813932597637177,0.14320538938045502,1.677869114775707
540,10,44,1.0,-1.0,-0.291018545627594,0.031428296118974686,1.6524446178886842
541,10,45,1.0,-1.0,-0.37882930040359497,0.14941462874412537,1.7950833486004105
542,10,46,1.0,-1.0,-0.35185742378234863,-0.03393065556883812,1.6615680763920277
543,10,47,1.0,-1.0,-0.2942686676979065,0.025293398648500443,1.6511686581014997
544,10,48,1.0,-1.0,-0.335898756980896,-0.006128817796707153,1.6650541780126178
545,10,49,1.0,-1.0,-0.3867061138153076,-0.035122450441122055,1.6893615751920894
546,11,0,-1.0,-0.8,-0.21719230711460114,0.1667652428150177,1.2439545485088035
547,11,1,-1.0,-0.8,-0.20338915288448334,0.22075222432613373,1.294806528099411
548,11,2,-1.0,-0.8,-0.2140078991651535,0.18588769435882568,1.2608561093411639
549,11,3,-1.0,-0.8,-0.3354645371437073,0.08835742622613907,1.1094080845769771
550,11,4,-1.0,-0.8,-0.16485542058944702,0.21306805312633514,1.3129254924724452
551,11,5,-1.0,-0.8,-0.3318452835083008,0.07284680008888245,1.0992234811881998
552,11,6,-1.0,-0.8,-0.27527838945388794,0.12426795065402985,1.1745180532451387
553,11,7,-1.0,-0.8,-0.2549785375595093,0.1085444837808609,1.174951087707739
554,11,8,-1.0,-0.8,-0.24710039794445038,0.17072120308876038,1.2284777022402544
555,11,9,-1.0,-0.8,-0.24677149951457977,0.1224132627248764,1.190881774650308
556,11,10,-1.0,-0.8,-0.17559392750263214,0.2051825225353241,1.3000143368367183
557,11,11,-1.0,-0.8,-0.29550743103027344,0.07804952561855316,1.12573564799758
558,11,12,-1.0,-0.8,-0.17963485419750214,0.22090479731559753,1.309673843989241
559,11,13,-1.0,-0.8,-0.21628566086292267,0.15457113087177277,1.2350766005648723
560,11,14,-1.0,-0.8,-0.26779478788375854,0.1134837418794632,1.1707164555639833
561,11,15,-1.0,-0.8,-0.314081072807312,0.10278895497322083,1.133804512207818
562,11,16,-1.0,-0.8,-0.2489900439977646,0.13713644444942474,1.2009332494063896
563,11,17,-1.0,-0.8,-0.2052663415670395,0.18873392045497894,1.2685410333546607
564,11,18,-1.0,-0.8,-0.2858486771583557,0.11090008914470673,1.1574761700874472
565,11,19,-1.0,-0.8,-0.36161309480667114,0.12565194070339203,1.1244417975379037
566,11,20,-1.0,-0.8,-0.18691514432430267,0.19789502024650574,1.2872068419496316
567,11,21,-1.0,-0.8,-0.20305074751377106,0.18360501527786255,1.2659411270347936
568,11,22,-1.0,-0.8,-0.2200874537229538,0.19818629324436188,1.2667436425185898
569,11,23,-1.0,-0.8,-0.14454053342342377,0.2435499131679535,1.3493729359329554
570,11,24,-1.0,-0.8,-0.3024676442146301,0.1170487254858017,1.1521847734988608
571,11,25,-1.0,-0.8,-0.17186854779720306,0.1439017951488495,1.2556879791623132
572,11,26,-1.0,-0.8,-0.2709236145019531,0.13758929073810577,1.1876977957366432
573,11,27,-1.0,-0.8,-0.2132970541715622,0.17201519012451172,1.2504859274729694
574,11,28,-1.0,-0.8,-0.2719462513923645,0.1399388164281845,1.1889269277335957
575,11,29,-1.0,-0.8,-0.2575836181640625,0.11995750665664673,1.1821606904614443
576,11,30,-1.0,-0.8,-0.18850849568843842,0.20847706496715546,1.2944282336748567
577,11,31,-1.0,-0.8,-0.20862902700901031,0.1450098752975464,1.2326036188907568
578,11,32,-1.0,-0.8,-0.18435300886631012,0.16161350905895233,1.2609443108044516
579,11,33,-1.0,-0.8,-0.3079218864440918,0.1001809686422348,1.1354725410897335
580,11,34,-1.0,-0.8,-0.25993043184280396,0.13277924060821533,1.190705705630916
581,11,35,-1.0,-0.8,-0.2319602519273758,0.1695655733346939,1.2369084265277255
582,11,36,-1.0,-0.8,-0.20398245751857758,0.18455369770526886,1.2660923787794007
583,11,37,-1.0,-0.8,-0.14335986971855164,0.2772165536880493,1.3763094914837197
584,11,38,-1.0,-0.8,-0.3293941617012024,0.06854638457298279,1.0973080754807343
585,11,39,-1.0,-0.8,-0.27580320835113525,0.09352661669254303,1.1501525150050893
586,11,40,-1.0,-0.8,-0.2838633060455322,0.0665144994854927,1.1241437373604093
587,11,41,-1.0,-0.8,-0.24038101732730865,0.13224828243255615,1.2025422482953128
588,11,42,-1.0,-0.8,-0.19327905774116516,0.18522880971431732,1.2733713072666877
589,11,43,-1.0,-0.8,-0.185238316655159,0.20479093492031097,1.2936156398037832
590,11,44,-1.0,-0.8,-0.21227483451366425,0.16181740164756775,1.2432230895750584
591,11,45,-1.0,-0.8,-0.1766216903924942,0.23713473975658417,1.3242357453044649
592,11,46,-1.0,-0.8,-0.2716767191886902,0.12584763765335083,1.1779849954562411
593,11,47,-1.0,-0.8,-0.20047812163829803,0.18611809611320496,1.2695133451291312
594,11,48,-1.0,-0.8,-0.317984402179718,0.06591415405273438,1.1022488819949057
595,11,49,-1.0,-0.8,-0.24809961020946503,0.15135407447814941,1.2126123746660904
596,12,0,-0.8,-0.8,-0.3582017421722412,0.020783700048923492,0.9321328139732257
597,12,1,-0.8,-0.8,-0.25039589405059814,-0.06446033716201782,0.9181956593690986
598,12,2,-0.8,-0.8,-0.3140520453453064,0.0827576220035553,1.007673773519214
599,12,3,-0.8,-0.8,-0.28460341691970825,-0.03345901891589165,0.923698388832755
600,12,4,-0.8,-0.8,-0.3109548091888428,0.09489990025758743,1.019809310673599
601,12,5,-0.8,-0.8,-0.319951593875885,0.06411854922771454,0.9885076324144966
602,12,6,-0.8,-0.8,-0.30666786432266235,0.08300216495990753,1.0114689413995108
603,12,7,-0.8,-0.8,-0.3585505485534668,0.033368661999702454,0.9430699576307261
604,12,8,-0.8,-0.8,-0.3054760694503784,0.11982405185699463,1.0443324203819713
605,12,9,-0.8,-0.8,-0.17819690704345703,-0.042232152074575424,0.9802301759076042
606,12,10,-0.8,-0.8,-0.3231208920478821,0.05206993222236633,0.9764409111659732
607,12,11,-0.8,-0.8,-0.3548052906990051,0.006704853847622871,0.9213962504866796
608,12,12,-0.8,-0.8,-0.34631651639938354,0.27783480286598206,1.1694257417900211
609,12,13,-0.8,-0.8,-0.3449990749359131,0.042434923350811005,0.9574562349738299
610,12,14,-0.8,-0.8,-0.2824285626411438,0.10186383128166199,1.0398262176651205
611,12,15,-0.8,-0.8,-0.2727823853492737,0.11413617432117462,1.0552740679086903
612,12,16,-0.8,-0.8,-0.3028128743171692,0.08656075596809387,1.0164570881092194
613,12,17,-0.8,-0.8,-0.161557137966156,-0.0996226966381073,0.9477012478341699
614,12,18,-0.8,-0.8,-0.30014175176620483,0.04039553180336952,0.9778153804284461
615,12,19,-0.8,-0.8,-0.3433079719543457,0.1990973949432373,1.0985277479712636
616,12,20,-0.8,-0.8,-0.3419595956802368,0.020704826340079308,0.9398709613384765
617,12,21,-0.8,-0.8,-0.29146671295166016,0.0007170476019382477,0.9485535801189904
618,12,22,-0.8,-0.8,-0.3300669193267822,0.06829267740249634,0.9873040433128069
619,12,23,-0.8,-0.8,-0.2876165509223938,-0.07273396849632263,0.8896362624509929
620,12,24,-0.8,-0.8,-0.32994478940963745,0.028303932398557663,0.9523861115272862
621,12,25,-0.8,-0.8,-0.25278329849243164,-0.04749235883355141,0.9304374607799902
622,12,26,-0.8,-0.8,-0.3233240246772766,0.058522891253232956,0.9819783807476008
623,12,27,-0.8,-0.8,-0.29881179332733154,0.1267940253019333,1.0536302880247541
624,12,28,-0.8,-0.8,-0.3955884575843811,0.027643265202641487,0.9211634328794592
625,12,29,-0.8,-0.8,-0.31037813425064087,0.06613101065158844,0.9949434652442447
626,12,30,-0.8,-0.8,-0.3009685277938843,-0.0327012799680233,0.9153030842376273
627,12,31,-0.8,-0.8,-0.2527679204940796,0.1143244057893753,1.065575932471482
628,12,32,-0.8,-0.8,-0.14987164735794067,-0.008320700377225876,1.0244134850539035
629,12,33,-0.8,-0.8,-0.2681768536567688,0.11251260340213776,1.0561794877548802
630,12,34,-0.8,-0.8,-0.27824461460113525,0.09458532929420471,1.035621356278992
631,12,35,-0.8,-0.8,-0.28926002979278564,0.09584376215934753,1.0312086905021116
632,12,36,-0.8,-0.8,-0.32103222608566284,0.009207362309098244,0.9403332832904001
633,12,37,-0.8,-0.8,-0.3534711003303528,0.20845815539360046,1.102894332844289
634,12,38,-0.8,-0.8,-0.2384759932756424,0.09422929584980011,1.0559144111545242
635,12,39,-0.8,-0.8,-0.3194345235824585,0.0506422333419323,0.9770032683002494
636,12,40,-0.8,-0.8,-0.35194122791290283,0.04222468286752701,0.9539911318641824
637,12,41,-0.8,-0.8,-0.34152674674987793,0.0005043819546699524,0.9224993167880282
638,12,42,-0.8,-0.8,-0.451876163482666,0.23568777740001678,1.092629570260358
639,12,43,-0.8,-0.8,-0.23334451019763947,-0.03907838836312294,0.9487360766721247
640,12,44,-0.8,-0.8,-0.3285732865333557,0.03719779849052429,0.9608034658385356
641,12,45,-0.8,-0.8,-0.2645050883293152,-0.008898571133613586,0.9552990480365994
642,12,46,-0.8,-0.8,-0.3323742747306824,0.036171723157167435,0.9580485214963186
643,12,47,-0.8,-0.8,-0.3712623715400696,-0.014707092195749283,0.8947071616484921
644,12,48,-0.8,-0.8,-0.31856393814086914,0.05002585053443909,0.976895402914368
645,12,49,-0.8,-0.8,-0.338329017162323,-0.016710404306650162,0.9092209231621092
646,13,0,-0.6,-0.8,-0.418323278427124,0.25705477595329285,1.072553602635847
647,13,1,-0.6,-0.8,-0.4125913381576538,0.0614287331700325,0.8815789634879373
648,13,2,-0.6,-0.8,-0.05982372909784317,0.04980482906103134,1.0069551385941724
649,13,3,-0.6,-0.8,-0.40462034940719604,0.21369290351867676,1.0323499941928085
650,13,4,-0.6,-0.8,-0.1159621924161911,0.29181575775146484,1.194300736014571
651,13,5,-0.6,-0.8,-0.20071186125278473,0.2673710286617279,1.1396104293005618
652,13,6,-0.6,-0.8,-0.23445914685726166,0.22681225836277008,1.089937396936344
653,13,7,-0.6,-0.8,-0.3169317841529846,0.2574663758277893,1.0946975613516146
654,13,8,-0.6,-0.8,-0.19162431359291077,0.2193925976753235,1.098149338406988
655,13,9,-0.6,-0.8,-0.4061480164527893,0.18643532693386078,1.0053025642801778
656,13,10,-0.6,-0.8,-0.38720887899398804,0.23183420300483704,1.0535472859201065
657,13,11,-0.6,-0.8,-0.41665035486221313,0.21046099066734314,1.0269608103684293
658,13,12,-0.6,-0.8,-0.3286590576171875,0.25397932529449463,1.0883466015757255
659,13,13,-0.6,-0.8,-0.4278326630592346,0.266882985830307,1.0806853831543508
660,13,14,-0.6,-0.8,-0.35082751512527466,0.25443777441978455,1.0834786326190258
661,13,15,-0.6,-0.8,-0.42135846614837646,0.25859370827674866,1.0735611006458734
662,13,16,-0.6,-0.8,-0.3963220715522766,0.24395161867141724,1.0636351257190728
663,13,17,-0.6,-0.8,-0.3795241713523865,0.20187443494796753,1.0258469546770421
664,13,18,-0.6,-0.8,-0.45471876859664917,0.26075682044029236,1.0706594548728707
665,13,19,-0.6,-0.8,-0.40183043479919434,0.21154913306236267,1.0307777768127784
666,13,20,-0.6,-0.8,-0.409568190574646,0.2557932734489441,1.0728297676244127
667,13,21,-0.6,-0.8,-0.26660192012786865,0.2689934968948364,1.1197773779041416
668,13,22,-0.6,-0.8,-0.409504771232605,0.259628564119339,1.0766155888155968
669,13,23,-0.6,-0.8,-0.37067878246307373,0.30118969082832336,1.1248141873212645
670,13,24,-0.6,-0.8,-0.4209826588630676,0.2233390510082245,1.038879214223747
671,13,25,-0.6,-0.8,-0.4176824688911438,0.2422487884759903,1.0580747701506252
672,13,26,-0.6,-0.8,-0.267001211643219,0.27797287702560425,1.1282347790464282
673,13,27,-0.6,-0.8,-0.4237949252128601,0.2251238375902176,1.0401572529076728
674,13,28,-0.6,-0.8,-0.27866244316101074,0.324343740940094,1.1693616520249053
675,13,29,-0.6,-0.8,-0.445098340511322,0.21765784919261932,1.0293794354540478
676,13,30,-0.6,-0.8,-0.2614894509315491,0.2782762348651886,1.1301632760383218
677,13,31,-0.6,-0.8,-0.38886624574661255,0.20278432965278625,1.024770156660662
678,13,32,-0.6,-0.8,-0.42754799127578735,0.2439812272787094,1.0581287720421255
679,13,33,-0.6,-0.8,-0.42976313829421997,0.22061176598072052,1.034712020777626
680,13,34,-0.6,-0.8,-0.4455121159553528,0.31931743025779724,1.1299283233884843
681,13,35,-0.6,-0.8,-0.286324143409729,0.29332271218299866,1.1374300400388713
682,13,36,-0.6,-0.8,-0.41606783866882324,0.23705290257930756,1.0532377522288712
683,13,37,-0.6,-0.8,-0.3467003107070923,0.30788654088974,1.136474073650832
684,13,38,-0.6,-0.8,-0.4237579107284546,0.24338340759277344,1.0581636023180474
685,13,39,-0.6,-0.8,-0.41703128814697266,0.2929500937461853,1.1081594907489407
686,13,40,-0.6,-0.8,-0.44109445810317993,0.2753889560699463,1.0870659492794037
687,13,41,-0.6,-0.8,-0.32698768377304077,0.2773168981075287,1.1113718656505736
688,13,42,-0.6,-0.8,-0.41698724031448364,0.20350325107574463,1.020055118671191
689,13,43,-0.6,-0.8,-0.39292222261428833,0.268989235162735,1.088861419456496
690,13,44,-0.6,-0.8,-0.3234240412712097,0.28226757049560547,1.117048501674484
691,13,45,-0.6,-0.8,-0.4388262629508972,0.2296951860189438,1.0422327713255617
692,13,46,-0.6,-0.8,-0.38189631700515747,0.2253485471010208,1.048288538322388
693,13,47,-0.6,-0.8,-0.4232620596885681,0.277972549200058,1.092364919051504
694,13,48,-0.6,-0.8,-0.3147086501121521,0.2986781895160675,1.1351144957400265
695,13,49,-0.6,-0.8,-0.4550885558128357,0.27835071086883545,1.0880439247970335
696,14,0,-0.4,-0.8,-0.22513611614704132,0.24415865540504456,1.058699520890329
697,14,1,-0.4,-0.8,-0.25305795669555664,0.1860240250825882,0.9969129059905651
698,14,2,-0.4,-0.8,-0.19934122264385223,0.2573079466819763,1.0761803004361867
699,14,3,-0.4,-0.8,-0.21328242123126984,0.27755844593048096,1.0936158642857055
700,14,4,-0.4,-0.8,-0.18844179809093475,0.28821730613708496,1.1085908975682828
701,14,5,-0.4,-0.8,-0.1912463754415512,0.25314632058143616,1.0736364600368726
702,14,6,-0.4,-0.8,-0.22372497618198395,0.2584628164768219,1.0730407344952422
703,14,7,-0.4,-0.8,-0.21859194338321686,0.251138299703598,1.06667736833086
704,14,8,-0.4,-0.8,-0.21963484585285187,0.23192323744297028,1.0475672564591285
705,14,9,-0.4,-0.8,-0.2194448858499527,0.27691012620925903,1.0919411930950214
706,14,10,-0.4,-0.8,-0.20486997067928314,0.21775098145008087,1.036287985352193
707,14,11,-0.4,-0.8,-0.19919119775295258,0.2589976489543915,1.0778683572453653
708,14,12,-0.4,-0.8,-0.20440010726451874,0.26033681631088257,1.0782270085944008
709,14,13,-0.4,-0.8,-0.21167834103107452,0.25029656291007996,1.06704635199111
710,14,14,-0.4,-0.8,-0.24023379385471344,0.17610126733779907,0.9890899477421231
711,14,15,-0.4,-0.8,-0.2092658132314682,0.2660537362098694,1.082982039781489
712,14,16,-0.4,-0.8,-0.2198963612318039,0.18577158451080322,1.0020892862048194
713,14,17,-0.4,-0.8,-0.20036299526691437,0.2623474597930908,1.0809426714621044
714,14,18,-0.4,-0.8,-0.20734377205371857,0.2507694959640503,1.0682850536327062
715,14,19,-0.4,-0.8,-0.2180076688528061,0.23728109896183014,1.0531254848591654
716,14,20,-0.4,-0.8,-0.20560170710086823,0.2710469365119934,1.0885459275996685
717,14,21,-0.4,-0.8,-0.2322767823934555,0.19276612997055054,1.0068344782241996
718,14,22,-0.4,-0.8,-0.2001134604215622,0.26599571108818054,1.0845743334428666
719,14,23,-0.4,-0.8,-0.23280839622020721,0.1975332349538803,1.011447273569914
720,14,24,-0.4,-0.8,-0.23461158573627472,0.17614218592643738,0.9900539857593187
721,14,25,-0.4,-0.8,-0.19713251292705536,0.28140565752983093,1.1002697003229787
722,14,26,-0.4,-0.8,-0.20008300244808197,0.2675614655017853,1.0861189108631215
723,14,27,-0.4,-0.8,-0.24567945301532745,0.18320845067501068,0.9952455419143577
724,14,28,-0.4,-0.8,-0.23295797407627106,0.1811755746603012,0.9952931963671188
725,14,29,-0.4,-0.8,-0.24972467124462128,0.19669635593891144,1.0079614577822122
726,14,30,-0.4,-0.8,-0.2031608372926712,0.25463441014289856,1.072846398620409
727,14,31,-0.4,-0.8,-0.17591023445129395,0.28479862213134766,1.1077022495245483
728,14,32,-0.4,-0.8,-0.19688110053539276,0.26427164673805237,1.0834811605977461
729,14,33,-0.4,-0.8,-0.21541495621204376,0.2231137603521347,1.0396313793898715
730,14,34,-0.4,-0.8,-0.19865761697292328,0.27266842126846313,1.0914010707295458
731,14,35,-0.4,-0.8,-0.1904323399066925,0.2786438465118408,1.0988135200182259
732,14,36,-0.4,-0.8,-0.24526752531528473,0.17731396853923798,0.9894871054359278
733,14,37,-0.4,-0.8,-0.21299965679645538,0.23488685488700867,1.051646295470187
734,14,38,-0.4,-0.8,-0.1708814948797226,0.2893522381782532,1.113186232493252
735,14,39,-0.4,-0.8,-0.19518016278743744,0.2841430604457855,1.1033210508408398
736,14,40,-0.4,-0.8,-0.24890200793743134,0.1691039502620697,0.980812453845733
737,14,41,-0.4,-0.8,-0.18866635859012604,0.2650943398475647,1.0858581218404533
738,14,42,-0.4,-0.8,-0.23740826547145844,0.1963621824979782,1.0095413170589573
739,14,43,-0.4,-0.8,-0.24390970170497894,0.16070495545864105,0.9733027240610284
740,14,44,-0.4,-0.8,-0.2371288388967514,0.1990068256855011,1.0121964497494256
741,14,45,-0.4,-0.8,-0.15712426602840424,0.2076796144247055,1.0365359750049028
742,14,46,-0.4,-0.8,-0.20652617514133453,0.25119999051094055,1.0688561834763568
743,14,47,-0.4,-0.8,-0.2128417044878006,0.24528232216835022,1.0619055328119777
744,14,48,-0.4,-0.8,-0.20730142295360565,0.24464060366153717,1.0622649068918948
745,14,49,-0.4,-0.8,-0.20713092386722565,0.2538074851036072,1.0713116708916688
746,15,0,-0.2,-0.8,-0.04458451271057129,-0.5320376753807068,0.3097705297551497
747,15,1,-0.2,-0.8,-0.07442893087863922,-0.515180230140686,0.3112722196133059
748,15,2,-0.2,-0.8,-0.041115254163742065,-0.5324877500534058,0.31113850023894735
749,15,3,-0.2,-0.8,-0.06529496610164642,-0.5208034515380859,0.309993804503578
750,15,4,-0.2,-0.8,-0.06386837363243103,-0.5276637673377991,0.3044648474259711
751,15,5,-0.2,-0.8,-0.06713234633207321,-0.5227211713790894,0.30746928658421235
752,15,6,-0.2,-0.8,-0.07008451223373413,-0.5225622653961182,0.3063490338546554
753,15,7,-0.2,-0.8,-0.06517893821001053,-0.521730363368988,0.30920981448352447
754,15,8,-0.2,-0.8,-0.07307423651218414,-0.5198203921318054,0.30758862479314847
755,15,9,-0.2,-0.8,-0.07044319808483124,-0.5242235660552979,0.3046926425789487
756,15,10,-0.2,-0.8,-0.07181929051876068,-0.5204484462738037,0.3075375838395111
757,15,11,-0.2,-0.8,-0.06760599464178085,-0.5215590596199036,0.3083140119010886
758,15,12,-0.2,-0.8,-0.05449673533439636,-0.5345076322555542,0.30274972726478344
759,15,13,-0.2,-0.8,-0.0714053064584732,-0.5243024230003357,0.30421332839066245
760,15,14,-0.2,-0.8,-0.06858858466148376,-0.525683581829071,0.30416846871331027
761,15,15,-0.2,-0.8,-0.06919462978839874,-0.5203523635864258,0.3087277853188674
762,15,16,-0.2,-0.8,-0.0647442638874054,-0.530301570892334,0.3017140315174331
763,15,17,-0.2,-0.8,-0.061497002840042114,-0.5346623659133911,0.2993111095248061
764,15,18,-0.2,-0.8,-0.0640028789639473,-0.47150570154190063,0.35553300978892755
765,15,19,-0.2,-0.8,-0.06399500370025635,-0.4931338429450989,0.33565487835593355
766,15,20,-0.2,-0.8,-0.06505924463272095,-0.5274494290351868,0.3041263243988221
767,15,21,-0.2,-0.8,-0.06302782893180847,-0.5339401364326477,0.29924776799269875
768,15,22,-0.2,-0.8,-0.06478828936815262,-0.5316927433013916,0.30045131167815425
769,15,23,-0.2,-0.8,-0.06411199271678925,-0.5025978088378906,0.32697647290199006
770,15,24,-0.2,-0.8,-0.04989570379257202,-0.47282344102859497,0.35996638798684605
771,15,25,-0.2,-0.8,-0.056112080812454224,-0.4974253177642822,0.33504502923960433
772,15,26,-0.2,-0.8,-0.06484666466712952,-0.5304393768310547,0.30154494460167874
773,15,27,-0.2,-0.8,-0.06983663141727448,-0.5258159041404724,0.30351181351490936
774,15,28,-0.2,-0.8,-0.045817844569683075,-0.5195289254188538,0.3200564961531656
775,15,29,-0.2,-0.8,-0.054268039762973785,-0.535705029964447,0.3018105952756133
776,15,30,-0.2,-0.8,-0.06905417144298553,-0.48834097385406494,0.338050526689008
777,15,31,-0.2,-0.8,-0.0725325495004654,-0.4858441948890686,0.3390307077858123
778,15,32,-0.2,-0.8,-0.04694434255361557,-0.5313499569892883,0.3091906853157162
779,15,33,-0.2,-0.8,-0.0638788491487503,-0.5346124172210693,0.2982608536203041
780,15,34,-0.2,-0.8,-0.07013417780399323,-0.5228307247161865,0.3060848557769548
781,15,35,-0.2,-0.8,-0.06603194773197174,-0.5261527299880981,0.30486024063734624
782,15,36,-0.2,-0.8,-0.06385546177625656,-0.48243165016174316,0.3455213337945283
783,15,37,-0.2,-0.8,-0.06431986391544342,-0.5314965844154358,0.3008374702534593
784,15,38,-0.2,-0.8,-0.06201031059026718,-0.5256180167198181,0.3071264025318575
785,15,39,-0.2,-0.8,-0.06864682585000992,-0.5254220962524414,0.3043791740341004
786,15,40,-0.2,-0.8,-0.06207539886236191,-0.5296027064323425,0.30354224082932924
787,15,41,-0.2,-0.8,-0.051386065781116486,-0.4853755235671997,0.3479578460311369
788,15,42,-0.2,-0.8,-0.05710601061582565,-0.5255211591720581,0.309446806841459
789,15,43,-0.2,-0.8,-0.06703898310661316,-0.5347815752029419,0.2966807119870726
790,15,44,-0.2,-0.8,-0.053267642855644226,-0.5368091464042664,0.301330068279934
791,15,45,-0.2,-0.8,-0.06519521772861481,-0.5329153537750244,0.2991764321806715
792,15,46,-0.2,-0.8,-0.0680239349603653,-0.5336124897003174,0.29728771819066024
793,15,47,-0.2,-0.8,-0.07505328953266144,-0.5242854952812195,0.3027047547841484
794,15,48,-0.2,-0.8,-0.06662394851446152,-0.5342759490013123,0.29731875552851733
795,15,49,-0.2,-0.8,-0.06565748900175095,-0.5337124466896057,0.2982565528355593
796,16,0,0.0,-0.8,-0.06863828003406525,-0.4439568817615509,0.3625988355345243
797,16,1,0.0,-0.8,-0.06471945345401764,-0.44748377799987793,0.3584079999506514
798,16,2,0.0,-0.8,-0.06363003700971603,-0.44673559069633484,0.3589491948598371
799,16,3,0.0,-0.8,-0.0675320252776146,-0.44298553466796875,0.3633454319162586
800,16,4,0.0,-0.8,-0.05867669731378555,-0.41333475708961487,0.3910920158768276
801,16,5,0.0,-0.8,-0.06311769783496857,-0.4448470175266266,0.3607180127741318
802,16,6,0.0,-0.8,-0.06521587818861008,-0.44541412591934204,0.36053328953850555
803,16,7,0.0,-0.8,-0.0652657076716423,-0.4476124048233032,0.35838056564537063
804,16,8,0.0,-0.8,-0.06636076420545578,-0.4422556757926941,0.36384715544919977
805,16,9,0.0,-0.8,-0.056349724531173706,-0.42432674765586853,0.3798758797048803
806,16,10,0.0,-0.8,-0.062226802110672,-0.44387930631637573,0.3615164219930078
807,16,11,0.0,-0.8,-0.05910821259021759,-0.41201338171958923,0.3924632425594524
808,16,12,0.0,-0.8,-0.06301846355199814,-0.44445690512657166,0.3610847809872776
809,16,13,0.0,-0.8,-0.06002603471279144,-0.397652268409729,0.40680071528842965
810,16,14,0.0,-0.8,-0.06711889058351517,-0.4453789293766022,0.36091695610382013
811,16,15,0.0,-0.8,-0.06563643366098404,-0.4444572627544403,0.36155052127164455
812,16,16,0.0,-0.8,-0.06677500903606415,-0.44439896941185,0.361816244504197
813,16,17,0.0,-0.8,-0.06712552160024643,-0.44441133737564087,0.36186894400747555
814,16,18,0.0,-0.8,-0.06774916499853134,-0.44118136167526245,0.3651585471644024
815,16,19,0.0,-0.8,-0.06530003249645233,-0.4454438090324402,0.3605193292979761
816,16,20,0.0,-0.8,-0.0640835165977478,-0.4448813199996948,0.3608545052852922
817,16,21,0.0,-0.8,-0.06687503308057785,-0.4378921389579773,0.36823141239980767
818,16,22,0.0,-0.8,-0.06121373921632767,-0.43071702122688293,0.3743221076564822
819,16,23,0.0,-0.8,-0.06853165477514267,-0.44315648078918457,0.3633646720706059
820,16,24,0.0,-0.8,-0.06810444593429565,-0.4457237124443054,0.36076294637928463
821,16,25,0.0,-0.8,-0.05922242999076843,-0.45179545879364014,0.3532048962440117
822,16,26,0.0,-0.8,-0.07363490760326385,-0.43585479259490967,0.3715155874170524
823,16,27,0.0,-0.8,-0.06518251448869705,-0.4445676803588867,0.36135978475825414
824,16,28,0.0,-0.8,-0.06440909206867218,-0.44280898571014404,0.36295172107392853
825,16,29,0.0,-0.8,-0.06592144072055817,-0.44743141531944275,0.3586784677818357
826,16,30,0.0,-0.8,-0.06415530294179916,-0.4479409456253052,0.3578567879232674
827,16,31,0.0,-0.8,-0.06976081430912018,-0.4411700665950775,0.36554820792947773
828,16,32,0.0,-0.8,-0.06487210839986801,-0.44740039110183716,0.35851760715951125
829,16,33,0.0,-0.8,-0.0656687319278717,-0.43798181414604187,0.36792601055376023
830,16,34,0.0,-0.8,-0.06324324756860733,-0.43917316198349,0.36632733367306475
831,16,35,0.0,-0.8,-0.0643380880355835,-0.44637331366539,0.35943180557662274
832,16,36,0.0,-0.8,-0.04794558137655258,-0.4412025213241577,0.36198675317983275
833,16,37,0.0,-0.8,-0.06959216296672821,-0.4438022971153259,0.3629323252160191
834,16,38,0.0,-0.8,-0.06575943529605865,-0.445444256067276,0.3606023833617076
835,16,39,0.0,-0.8,-0.06685331463813782,-0.4455491900444031,0.3607003498144749
836,16,40,0.0,-0.8,-0.06644653528928757,-0.4449622929096222,0.36120204250245247
837,16,41,0.0,-0.8,-0.06901976466178894,-0.4400540292263031,0.3665035194785827
838,16,42,0.0,-0.8,-0.06637144088745117,-0.44435322284698486,0.3617869514849905
839,16,43,0.0,-0.8,-0.06741094589233398,-0.4451059103012085,0.36123960265900124
840,16,44,0.0,-0.8,-0.06854043900966644,-0.44076770544052124,0.3657125007900413
841,16,45,0.0,-0.8,-0.0651472732424736,-0.4473922550678253,0.3585754997167028
842,16,46,0.0,-0.8,-0.06158638745546341,-0.4399763345718384,0.36525323104408447
843,16,47,0.0,-0.8,-0.06349080801010132,-0.417489618062973,0.3877438265032544
844,16,48,0.0,-0.8,-0.06520260125398636,-0.4442060589790344,0.361719100515188
845,17,0,0.2,-0.8,-0.10305541753768921,-0.39714163541793823,0.5041204697417836
846,17,1,0.2,-0.8,-0.10427436232566833,-0.3968662917613983,0.5050739295260627
847,17,2,0.2,-0.8,-0.0945793092250824,-0.3806576728820801,0.5124694690771338
848,17,3,0.2,-0.8,-0.104639932513237,-0.39712974429130554,0.5050840835113085
849,17,4,0.2,-0.8,-0.09656694531440735,-0.39035940170288086,0.5057246017610182
850,17,5,0.2,-0.8,-0.10026532411575317,-0.39473891258239746,0.504376658699861
851,17,6,0.2,-0.8,-0.08185116946697235,-0.3439748287200928,0.5360961094531174
852,17,7,0.2,-0.8,-0.09875147044658661,-0.3991369605064392,0.4999436143466719
853,17,8,0.2,-0.8,-0.10391756892204285,-0.40212541818618774,0.5006696231578271
854,17,9,0.2,-0.8,-0.1037672758102417,-0.39909788966178894,0.5029881309999339
855,17,10,0.2,-0.8,-0.09639334678649902,-0.3983060121536255,0.4992064461635338
856,17,11,0.2,-0.8,-0.08833733201026917,-0.3914189338684082,0.5000768987186155
857,17,12,0.2,-0.8,-0.10048718750476837,-0.3953823745250702,0.5039920363453141
858,17,13,0.2,-0.8,-0.10265813767910004,-0.3939090669155121,0.5064699341884088
859,17,14,0.2,-0.8,-0.10028809309005737,-0.39834338426589966,0.5014987296241474
860,17,15,0.2,-0.8,-0.1077725738286972,-0.3965912163257599,0.5074077294904669
861,17,16,0.2,-0.8,-0.10098069906234741,-0.40233883261680603,0.49872215235802786
862,17,17,0.2,-0.8,-0.09954114258289337,-0.3982440233230591,0.5011314806470534
863,17,18,0.2,-0.8,-0.10406793653964996,-0.39492103457450867,0.506503976550695
864,17,19,0.2,-0.8,-0.10397084057331085,-0.3963766396045685,0.505282187471264
865,17,20,0.2,-0.8,-0.09539006650447845,-0.39803293347358704,0.49883144844864175
866,17,21,0.2,-0.8,-0.10160969197750092,-0.39452338218688965,0.5053510600443243
867,17,22,0.2,-0.8,-0.10534588992595673,-0.39779916405677795,0.5049768558341077
868,17,23,0.2,-0.8,-0.10359235107898712,-0.3991287350654602,0.5028579189829717
869,17,24,0.2,-0.8,-0.10447710752487183,-0.3996920585632324,0.5029440893221183
870,17,25,0.2,-0.8,-0.10093352198600769,-0.3957168757915497,0.5039899097944802
871,17,26,0.2,-0.8,-0.09943215548992157,-0.3988223671913147,0.5006027455051769
872,17,27,0.2,-0.8,-0.0955863744020462,-0.38650283217430115,0.5082826108888842
873,17,28,0.2,-0.8,-0.09909221529960632,-0.39746323227882385,0.5014897831663555
874,17,29,0.2,-0.8,-0.0989416241645813,-0.3944130837917328,0.5038520033278521
875,17,30,0.2,-0.8,-0.09729562699794769,-0.4003649652004242,0.49808919971362664
876,17,31,0.2,-0.8,-0.09304392337799072,-0.4046894907951355,0.49208245215266005
877,17,32,0.2,-0.8,-0.09966263175010681,-0.40081852674484253,0.4991428066771655
878,17,33,0.2,-0.8,-0.09999372065067291,-0.3944515883922577,0.5044459798505652
879,17,34,0.2,-0.8,-0.09627038240432739,-0.38536831736564636,0.5096033474519195
880,17,35,0.2,-0.8,-0.10047031939029694,-0.39425164461135864,0.5048902264206491
881,17,36,0.2,-0.8,-0.09754341840744019,-0.39715537428855896,0.5008152137287526
882,17,37,0.2,-0.8,-0.10018926858901978,-0.39533114433288574,0.5038556139639038
883,17,38,0.2,-0.8,-0.08735965192317963,-0.35363510251045227,0.5308645696072262
884,17,39,0.2,-0.8,-0.08707855641841888,-0.3950490355491638,0.4963863224998708
885,17,40,0.2,-0.8,-0.10306933522224426,-0.3908298909664154,0.5091868027341327
886,17,41,0.2,-0.8,-0.08613289892673492,-0.35243362188339233,0.5312134210170478
887,17,42,0.2,-0.8,-0.07271556556224823,-0.3410268723964691,0.5338821139185167
888,17,43,0.2,-0.8,-0.10414023697376251,-0.39826327562332153,0.503878635644894
889,17,44,0.2,-0.8,-0.1051281988620758,-0.39190441370010376,0.5095539473875859
890,17,45,0.2,-0.8,-0.09431427717208862,-0.3610084354877472,0.5285210378596528
891,17,46,0.2,-0.8,-0.08988042175769806,-0.35625097155570984,0.5300413749545146
892,17,47,0.2,-0.8,-0.09046439826488495,-0.39826536178588867,0.4957421569731635
893,17,48,0.2,-0.8,-0.09626276791095734,-0.39988526701927185,0.4978588426436767
894,17,49,0.2,-0.8,-0.07577653229236603,-0.34714069962501526,0.5302209366851927
895,18,0,0.4,-0.8,-0.2678592801094055,-0.09167896211147308,0.9735269440255537
896,18,1,0.4,-0.8,-0.2496517151594162,-0.06979519128799438,0.9773670823573444
897,18,2,0.4,-0.8,-0.2596375346183777,-0.10016894340515137,0.961709511678071
898,18,3,0.4,-0.8,-0.31050270795822144,-0.08041700720787048,1.0112436805892255
899,18,4,0.4,-0.8,-0.24850036203861237,-0.07800649106502533,0.9704778959401645
900,18,5,0.4,-0.8,-0.2813231945037842,-0.08806237578392029,0.9854219787194101
901,18,6,0.4,-0.8,-0.2478993982076645,-0.06650747358798981,0.9786648642411392
902,18,7,0.4,-0.8,-0.2560681104660034,-0.07643862068653107,0.9767120533731739
903,18,8,0.4,-0.8,-0.25252199172973633,-0.09200289845466614,0.9628316807664442
904,18,9,0.4,-0.8,-0.2595561146736145,-0.06714800000190735,0.9859443809386809
905,18,10,0.4,-0.8,-0.272979199886322,-0.07808871567249298,0.9869432131176672
906,18,11,0.4,-0.8,-0.28645092248916626,-0.061072561889886856,1.0085775269051966
907,18,12,0.4,-0.8,-0.24458946287631989,-0.08253957331180573,0.9644921148017689
908,18,13,0.4,-0.8,-0.26571744680404663,-0.0726715475320816,0.9859951301850713
909,18,14,0.4,-0.8,-0.26772069931030273,-0.08396252989768982,0.9790610761734717
910,18,15,0.4,-0.8,-0.2606990933418274,-0.091255322098732,0.9689387547188342
911,18,16,0.4,-0.8,-0.25486284494400024,-0.06726400554180145,0.9827244696570829
912,18,17,0.4,-0.8,-0.25447988510131836,-0.057300809770822525,0.989922222787887
913,18,18,0.4,-0.8,-0.2621629238128662,-0.048411134630441666,1.0016713833488027
914,18,19,0.4,-0.8,-0.23459209501743317,-0.07941432297229767,0.9601827143810115
915,18,20,0.4,-0.8,-0.25483906269073486,-0.04803946241736412,0.9971252920808132
916,18,21,0.4,-0.8,-0.2547191381454468,-0.05699649825692177,0.990308716237716
917,18,22,0.4,-0.8,-0.2482207864522934,-0.0729418694972992,0.9740655589429863
918,18,23,0.4,-0.8,-0.261231005191803,-0.057171668857336044,0.994495033559825
919,18,24,0.4,-0.8,-0.25706756114959717,-0.06547896564006805,0.9855246977282021
920,18,25,0.4,-0.8,-0.26596522331237793,-0.08047875761985779,0.9804185314944679
921,18,26,0.4,-0.8,-0.275520920753479,-0.0887099951505661,0.9809495325317893
922,18,27,0.4,-0.8,-0.2712659239768982,-0.06964696943759918,0.9919745409758469
923,18,28,0.4,-0.8,-0.2796536684036255,-0.07740019261837006,0.9920078581354455
924,18,29,0.4,-0.8,-0.2672027349472046,-0.08566159009933472,0.9774655254178741
925,18,30,0.4,-0.8,-0.24473394453525543,-0.09581738710403442,0.9547539010347008
926,18,31,0.4,-0.8,-0.2897871136665344,-0.08641380071640015,0.9924774687560529
927,18,32,0.4,-0.8,-0.25445157289505005,-0.07356822490692139,0.9777576310771939
928,18,33,0.4,-0.8,-0.28589189052581787,-0.07312643527984619,0.9993962500320203
929,18,34,0.4,-0.8,-0.2694690227508545,-0.08659528195858002,0.9783327982577004
930,18,35,0.4,-0.8,-0.2622096538543701,-0.08863261342048645,0.9718874339896014
931,18,36,0.4,-0.8,-0.24768002331256866,-0.08515626192092896,0.9646196050615129
932,18,37,0.4,-0.8,-0.23419101536273956,-0.05740644410252571,0.9765466876843513
933,18,38,0.4,-0.8,-0.26512956619262695,-0.0596289299428463,0.9952621067845229
934,18,39,0.4,-0.8,-0.23932136595249176,-0.061341945081949234,0.9769071250936181
935,18,40,0.4,-0.8,-0.26983892917633057,-0.045768532902002335,1.0087364854117706
936,18,41,0.4,-0.8,-0.2503625154495239,-0.0825684517621994,0.9683384882925598
937,18,42,0.4,-0.8,-0.28393661975860596,-0.08415728807449341,0.9900505482366503
938,18,43,0.4,-0.8,-0.27142560482025146,-0.06626254320144653,0.9945767935747594
939,18,44,0.4,-0.8,-0.2623063921928406,-0.07484956085681915,0.9820860026133377
940,18,45,0.4,-0.8,-0.25612080097198486,-0.06181405857205391,0.9876299861739629
941,18,46,0.4,-0.8,-0.2682899236679077,-0.0757274180650711,0.9854857660152917
942,18,47,0.4,-0.8,-0.2794644832611084,-0.06479643285274506,1.0010975322911018
943,18,48,0.4,-0.8,-0.26619595289230347,-0.0769432932138443,0.9831724410694825
944,18,49,0.4,-0.8,-0.26340633630752563,-0.07038363814353943,0.9861277820554655
945,19,0,0.6,-0.8,-0.2059222310781479,0.19585055112838745,1.2811045869595084
946,19,1,0.6,-0.8,-0.26679956912994385,0.09104624390602112,1.2431029329154062
947,19,2,0.6,-0.8,-0.3135179877281189,0.07007504999637604,1.2615647849115905
948,19,3,0.6,-0.8,-0.27775806188583374,0.06739850342273712,1.2340337835511552
949,19,4,0.6,-0.8,-0.21628142893314362,0.163985937833786,1.263164383428546
950,19,5,0.6,-0.8,-0.27865469455718994,0.07354630529880524,1.2389984744819431
951,19,6,0.6,-0.8,-0.14484235644340515,0.13916055858135223,1.1986712187864537
952,19,7,0.6,-0.8,-0.24098046123981476,0.17189326882362366,1.2852333104039126
953,19,8,0.6,-0.8,-0.32186490297317505,0.059767208993434906,1.2605691385220021
954,19,9,0.6,-0.8,-0.22054071724414825,0.11341921985149384,1.2278524910793043
955,19,10,0.6,-0.8,-0.31856679916381836,0.0387822724878788,1.2439134476184397
956,19,11,0.6,-0.8,-0.19978798925876617,0.17171406745910645,1.2585265418975085
957,19,12,0.6,-0.8,-0.3005775213241577,0.08093097805976868,1.2597933402029495
958,19,13,0.6,-0.8,-0.28038930892944336,0.11169250309467316,1.267386505954791
959,19,14,0.6,-0.8,-0.3155035972595215,0.06605343520641327,1.2602362434194445
960,19,15,0.6,-0.8,-0.21815894544124603,0.17381402850151062,1.2718875037171615
961,19,16,0.6,-0.8,-0.29093992710113525,0.07753095030784607,1.2505336950483052
962,19,17,0.6,-0.8,-0.20098336040973663,0.21019762754440308,1.28921433064856
963,19,18,0.6,-0.8,-0.25225794315338135,0.15492168068885803,1.279929301921659
964,19,19,0.6,-0.8,-0.22892601788043976,0.15448296070098877,1.264181974791465
965,19,20,0.6,-0.8,-0.2387075275182724,0.17583897709846497,1.2867369684362038
966,19,21,0.6,-0.8,-0.21887855231761932,0.1721806824207306,1.2711008467929825
967,19,22,0.6,-0.8,-0.24013416469097137,0.13661664724349976,1.2582035441750474
968,19,23,0.6,-0.8,-0.19440506398677826,0.20209437608718872,1.2787777540579166
969,19,24,0.6,-0.8,-0.2736610174179077,0.1280442178249359,1.2745782218420298
970,19,25,0.6,-0.8,-0.2610458731651306,0.11695650219917297,1.2578589835987355
971,19,26,0.6,-0.8,-0.26485681533813477,0.03912464156746864,1.2050342215566134
972,19,27,0.6,-0.8,-0.18451455235481262,0.22987976670265198,1.2946487619118867
973,19,28,0.6,-0.8,-0.32869964838027954,0.029406508430838585,1.245149867738454
974,19,29,0.6,-0.8,-0.2323441058397293,0.1521271914243698,1.2646512954865452
975,19,30,0.6,-0.8,-0.2801739573478699,0.09645102918148041,1.2563162989127958
976,19,31,0.6,-0.8,-0.2162771373987198,0.1162528246641159,1.2271216743847448
977,19,32,0.6,-0.8,-0.2938118577003479,0.07080812752246857,1.2478807763263824
978,19,33,0.6,-0.8,-0.23167861998081207,0.15235769748687744,1.2643870099363148
979,19,34,0.6,-0.8,-0.2744762897491455,0.11700108647346497,1.267122635709325
980,19,35,0.6,-0.8,-0.2292434424161911,0.15693609416484833,1.2662430158171576
981,19,36,0.6,-0.8,-0.21079538762569427,0.15652583539485931,1.2539261678316365
982,19,37,0.6,-0.8,-0.19299966096878052,0.1844632774591446,1.264126736906629
983,19,38,0.6,-0.8,-0.26830214262008667,0.14155395328998566,1.2808092979966355
984,19,39,0.6,-0.8,-0.2849608063697815,0.1282166987657547,1.2824748998238715
985,19,40,0.6,-0.8,-0.29965341091156006,0.04270901158452034,1.2326940974834606
986,19,41,0.6,-0.8,-0.27177894115448,0.1306883841753006,1.2752173895768746
987,19,42,0.6,-0.8,-0.24208779633045197,0.14596353471279144,1.2664749763556307
988,19,43,0.6,-0.8,-0.2519921660423279,0.2024487406015396,1.3155964915319251
989,19,44,0.6,-0.8,-0.20128177106380463,0.15248221158981323,1.2446986944775709
990,19,45,0.6,-0.8,-0.29770147800445557,0.10228574275970459,1.2727872977048507
991,19,46,0.6,-0.8,-0.20539750158786774,0.1913619339466095,1.2772876025556426
992,19,47,0.6,-0.8,-0.253967821598053,0.1693311631679535,1.291845170372
993,19,48,0.6,-0.8,-0.28767555952072144,0.08274618536233902,1.251882073816135
994,19,49,0.6,-0.8,-0.25000452995300293,0.15590626001358032,1.2791655400587432
995,20,0,0.8,-0.8,-0.3764815330505371,-0.009909670799970627,1.417163196637689
996,20,1,0.8,-0.8,-0.3543855547904968,0.007001666352152824,1.4084948344257833
997,20,2,0.8,-0.8,-0.32027268409729004,-0.012880504131317139,1.369148636018426
998,20,3,0.8,-0.8,-0.4109917879104614,0.17915821075439453,1.5573220322317165
999,20,4,0.8,-0.8,-0.3570196032524109,0.09252230823040009,1.461263300366942
1000,20,5,0.8,-0.8,-0.357056200504303,0.030340051278471947,1.424164194144267
1001,20,6,0.8,-0.8,-0.3244245648384094,0.029042955487966537,1.3970121059089893
1002,20,7,0.8,-0.8,-0.3397546410560608,-0.031028423458337784,1.3749028792383118
1003,20,8,0.8,-0.8,-0.3511356711387634,0.02584913745522499,1.4167357308981907
1004,20,9,0.8,-0.8,-0.350220263004303,-0.02146843448281288,1.3889269426187723
1005,20,10,0.8,-0.8,-0.36325299739837646,-0.045352306216955185,1.3865967970857194
1006,20,11,0.8,-0.8,-0.35268163681030273,-0.02048715576529503,1.3915154437398667
1007,20,12,0.8,-0.8,-0.15594321489334106,0.12055404484272003,1.3271198813886067
1008,20,13,0.8,-0.8,-0.24939580261707306,-0.1247364729642868,1.2478831601937108
1009,20,14,0.8,-0.8,-0.3616587519645691,0.026274267584085464,1.4255455872358123
1010,20,15,0.8,-0.8,-0.4366573095321655,0.019337644800543785,1.4834539013419448
1011,20,16,0.8,-0.8,-0.362602174282074,-0.0417964942753315,1.3879900474205797
1012,20,17,0.8,-0.8,-0.3200347423553467,0.04824497550725937,1.4049901645763643
1013,20,18,0.8,-0.8,-0.3386152982711792,-0.028826739639043808,1.3751919847617327
1014,20,19,0.8,-0.8,-0.34929728507995605,0.06313186138868332,1.437317243908404
1015,20,20,0.8,-0.8,-0.37260669469833374,-0.023031752556562424,1.4066577828266114
1016,20,21,0.8,-0.8,-0.3283989429473877,-0.022231023758649826,1.3704775645184055
1017,20,22,0.8,-0.8,-0.37016957998275757,0.029739875346422195,1.4344912361729225
1018,20,23,0.8,-0.8,-0.3029625415802002,0.030315112322568893,1.3805613184065006
1019,20,24,0.8,-0.8,-0.27350544929504395,0.085642009973526,1.3916808971513914
1020,20,25,0.8,-0.8,-0.11600698530673981,0.304774671792984,1.4351292180727273
1021,20,26,0.8,-0.8,-0.284667432308197,0.08186958730220795,1.3979261095346291
1022,20,27,0.8,-0.8,-0.3798936605453491,-0.010583881288766861,1.4196220830475312
1023,20,28,0.8,-0.8,-0.2827284336090088,0.05563868209719658,1.3800066721746114
1024,20,29,0.8,-0.8,-0.36928462982177734,-0.03396182134747505,1.3978701787686612
1025,20,30,0.8,-0.8,-0.35450708866119385,0.018518470227718353,1.415224047235232
1026,20,31,0.8,-0.8,-0.3420179486274719,0.015885228291153908,1.4035218917890122
1027,20,32,0.8,-0.8,-0.3187779188156128,-0.0152299664914608,1.36657529507978
1028,20,33,0.8,-0.8,-0.345048725605011,-0.0037241503596305847,1.3947013345982544
1029,20,34,0.8,-0.8,-0.3587028384208679,0.032829638570547104,1.4269539146889518
1030,20,35,0.8,-0.8,-0.39570993185043335,-0.024462129920721054,1.4251951547254407
1031,20,36,0.8,-0.8,-0.36300134658813477,0.002216015011072159,1.4128420530639862
1032,20,37,0.8,-0.8,-0.3383309245109558,0.001562800258398056,1.3922285072702871
1033,20,38,0.8,-0.8,-0.3726513981819153,-0.008434977382421494,1.4148096998146318
1034,20,39,0.8,-0.8,-0.2693106532096863,0.08113951981067657,1.3855800685777477
1035,20,40,0.8,-0.8,-0.1861828714609146,0.15397441387176514,1.3720874018388451
1036,20,41,0.8,-0.8,-0.2923293709754944,0.0177632924169302,1.3645219885074396
1037,20,42,0.8,-0.8,-0.3499590754508972,0.006151800975203514,1.4043812165603207
1038,20,43,0.8,-0.8,-0.3624460697174072,0.04429440200328827,1.4367024404014694
1039,20,44,0.8,-0.8,-0.3425149917602539,0.04120725393295288,1.4187917925003488
1040,20,45,0.8,-0.8,-0.2783550024032593,0.0327209010720253,1.3624513240077016
1041,20,46,0.8,-0.8,-0.36451923847198486,0.22556959092617035,1.5517403270534167
1042,20,47,0.8,-0.8,-0.3617728352546692,0.2053593099117279,1.53637998644927
1043,20,48,0.8,-0.8,-0.3921663761138916,0.09438063204288483,1.4903614941717862
1044,20,49,0.8,-0.8,-0.35221415758132935,-0.03993939235806465,1.3803222783900435
1045,21,0,1.0,-0.8,-0.3429272174835205,0.0684063583612442,1.5992445449962518
1046,21,1,1.0,-0.8,-0.43444180488586426,0.438260942697525,1.8949705680601954
1047,21,2,1.0,-0.8,-0.34967929124832153,0.016954418271780014,1.5776719274799669
1048,21,3,1.0,-0.8,-0.3613467216491699,0.020838730037212372,1.5896669831364196
1049,21,4,1.0,-0.8,-0.23237814009189606,0.1050163060426712,1.52898999158905
1050,21,5,1.0,-0.8,-0.3523983955383301,-0.0009638629853725433,1.5708087625519245
1051,21,6,1.0,-0.8,-0.15199387073516846,0.24125853180885315,1.5528390799680836
1052,21,7,1.0,-0.8,-0.34197819232940674,0.04221276193857193,1.584369844783692
1053,21,8,1.0,-0.8,-0.3385698199272156,0.04404037445783615,1.5824579983477929
1054,21,9,1.0,-0.8,-0.36306190490722656,0.0137467160820961,1.587489047062597
1055,21,10,1.0,-0.8,-0.19293010234832764,0.13434942066669464,1.5152858043910329
1056,21,11,1.0,-0.8,-0.3504130244255066,0.012595422565937042,1.5760477966461417
1057,21,12,1.0,-0.8,-0.32306522130966187,0.055531956255435944,1.5755749769571228
1058,21,13,1.0,-0.8,-0.32971054315567017,0.06873992830514908,1.5883447961985404
1059,21,14,1.0,-0.8,-0.3571184277534485,0.05844585970044136,1.6058330302322288
1060,21,15,1.0,-0.8,-0.32477641105651855,0.0544978566467762,1.5764514348072143
1061,21,16,1.0,-0.8,-0.21856819093227386,0.12393680214881897,1.5292376042711415
1062,21,17,1.0,-0.8,-0.345841646194458,0.03656173497438431,1.5846530450085157
1063,21,18,1.0,-0.8,-0.26548320055007935,0.09985993802547455,1.5528025112478674
1064,21,19,1.0,-0.8,-0.3373056650161743,0.047307420521974564,1.5831349615733823
1065,21,20,1.0,-0.8,-0.3391866087913513,0.03956372290849686,1.5805973611233366
1066,21,21,1.0,-0.8,-0.240057572722435,0.11452572047710419,1.540811499528876
1067,21,22,1.0,-0.8,-0.36530250310897827,0.053959619253873825,1.6103719931468825
1068,21,23,1.0,-0.8,-0.36591655015945435,0.03767099231481552,1.602317294846808
1069,21,24,1.0,-0.8,-0.3439900875091553,0.02900976687669754,1.5791030836838433
1070,21,25,1.0,-0.8,-0.34987133741378784,0.034129783511161804,1.5867971273328125
1071,21,26,1.0,-0.8,-0.3213598132133484,0.04173104465007782,1.5666853249784802
1072,21,27,1.0,-0.8,-0.33058953285217285,0.038849055767059326,1.572938728398869
1073,21,28,1.0,-0.8,-0.33178019523620605,0.06327516585588455,1.58709876832127
1074,21,29,1.0,-0.8,-0.3684313893318176,0.17952948808670044,1.6828792248227447
1075,21,30,1.0,-0.8,-0.32587730884552,0.11653412878513336,1.611826742345269
1076,21,31,1.0,-0.8,-0.2892587184906006,0.060784272849559784,1.5502056662227663
1077,21,32,1.0,-0.8,-0.33680224418640137,0.04932375252246857,1.583790098674899
1078,21,33,1.0,-0.8,-0.2636549472808838,0.13564306497573853,1.5723395850848019
1079,21,34,1.0,-0.8,-0.3225765824317932,0.039212021976709366,1.5663606335155384
1080,21,35,1.0,-0.8,-0.3307291269302368,0.0224933959543705,1.5643961760529408
1081,21,36,1.0,-0.8,-0.323872447013855,0.14551818370819092,1.6268506052140401
1082,21,37,1.0,-0.8,-0.21529288589954376,0.14775511622428894,1.5411607829319292
1083,21,38,1.0,-0.8,-0.3230223059654236,0.04529400169849396,1.5700031755985464
1084,21,39,1.0,-0.8,-0.3045417070388794,0.03317238762974739,1.5479035153757381
1085,21,40,1.0,-0.8,-0.3193352222442627,0.043472930788993835,1.5659157108950956
1086,21,41,1.0,-0.8,-0.34747982025146484,0.03772110119462013,1.5866563929760114
1087,21,42,1.0,-0.8,-0.5408313274383545,0.3990793824195862,1.9524222250730445
1088,21,43,1.0,-0.8,-0.3372979760169983,0.04437864571809769,1.5815628896771348
1089,21,44,1.0,-0.8,-0.32918232679367065,0.02633451670408249,1.565105233317302
1090,21,45,1.0,-0.8,-0.3159060478210449,0.03912157565355301,1.560683742921449
1091,21,46,1.0,-0.8,-0.31507056951522827,0.0436096154153347,1.5623980882048965
1092,21,47,1.0,-0.8,-0.35252678394317627,0.024499353021383286,1.5840226906254693
1093,21,48,1.0,-0.8,-0.2315250188112259,0.13612757623195648,1.5469287995702672
1094,22,0,-1.0,-0.6,-0.271561861038208,0.13196790218353271,1.0326660312613563
1095,22,1,-1.0,-0.6,-0.29846543073654175,0.03870578110218048,0.948733801803758
1096,22,2,-1.0,-0.6,-0.1924261897802353,0.12959831953048706,1.0883423941088481
1097,22,3,-1.0,-0.6,-0.25716525316238403,0.1579618901014328,1.0612773850202601
1098,22,4,-1.0,-0.6,-0.30197447538375854,0.06703722476959229,0.9654938074602544
1099,22,5,-1.0,-0.6,-0.17125652730464935,0.13399362564086914,1.1070512120117018
1100,22,6,-1.0,-0.6,-0.3570624589920044,0.0027107559144496918,0.8812655314559712
1101,22,7,-1.0,-0.6,-0.22964836657047272,0.07643311470746994,1.0251845676756892
1102,22,8,-1.0,-0.6,-0.2199510782957077,0.1555894911289215,1.0859980660003459
1103,22,9,-1.0,-0.6,-0.21498851478099823,0.13506865501403809,1.075438961312956
1104,22,10,-1.0,-0.6,-0.2201409488916397,0.0951961874961853,1.044738186678779
1105,22,11,-1.0,-0.6,-0.213065966963768,0.13559240102767944,1.0772007021907921
1106,22,12,-1.0,-0.6,-0.27295732498168945,0.049550220370292664,0.9749392494308948
1107,22,13,-1.0,-0.6,-0.23624728620052338,0.09289819747209549,1.0312255426899317
1108,22,14,-1.0,-0.6,-0.22379769384860992,0.15333238244056702,1.0816652432746081
1109,22,15,-1.0,-0.6,-0.2695857286453247,0.060755107551813126,0.9849377238964854
1110,22,16,-1.0,-0.6,-0.16244950890541077,-0.02381843328475952,1.016600227697799
1111,22,17,-1.0,-0.6,-0.28408145904541016,0.05937867984175682,0.973303447395727
1112,22,18,-1.0,-0.6,-0.35301995277404785,-0.050350677222013474,0.8489390788147253
1113,22,19,-1.0,-0.6,-0.2833244204521179,0.10229505598545074,1.003415283908861
1114,22,20,-1.0,-0.6,-0.28139549493789673,0.03680885583162308,0.9601655865324122
1115,22,21,-1.0,-0.6,-0.17284661531448364,0.14940863847732544,1.1161523324444313
1116,22,22,-1.0,-0.6,-0.22371475398540497,0.11865465342998505,1.0578673329281476
1117,22,23,-1.0,-0.6,-0.2960401773452759,0.022951781749725342,0.9400150819520015
1118,22,24,-1.0,-0.6,-0.17753051221370697,0.14220574498176575,1.1078472034641713
1119,22,25,-1.0,-0.6,-0.25241202116012573,0.1074792891740799,1.0292787429633188
1120,22,26,-1.0,-0.6,-0.13982407748699188,0.171220064163208,1.1552848155493982
1121,22,27,-1.0,-0.6,-0.20957927405834198,0.10952754318714142,1.0621648923492617
1122,22,28,-1.0,-0.6,-0.1358751356601715,0.21701999008655548,1.1892154747443215
1123,22,29,-1.0,-0.6,-0.19606100022792816,0.1745949387550354,1.1163848953203535
1124,22,30,-1.0,-0.6,-0.24546702206134796,0.107704296708107,1.0344879827122626
1125,22,31,-1.0,-0.6,-0.2860031723976135,0.07625725865364075,0.9834202304752578
1126,22,32,-1.0,-0.6,-0.2185477763414383,0.1446525752544403,1.0794327379202378
1127,22,33,-1.0,-0.6,-0.2879703640937805,0.023759495466947556,0.9466055728728435
1128,22,34,-1.0,-0.6,-0.20261512696743011,0.1440563201904297,1.090615625853807
1129,22,35,-1.0,-0.6,-0.21089057624340057,0.20827823877334595,1.1296049725173904
1130,22,36,-1.0,-0.6,-0.18353167176246643,0.20813141763210297,1.14878062273833
1131,22,37,-1.0,-0.6,-0.2262728065252304,0.18537823855876923,1.1024848060286447
1132,22,38,-1.0,-0.6,-0.2399558275938034,0.16889722645282745,1.0811429548655769
1133,22,39,-1.0,-0.6,-0.15474677085876465,0.19200032949447632,1.158325318420108
1134,22,40,-1.0,-0.6,-0.223479226231575,0.1764296144247055,1.098101752229551
1135,22,41,-1.0,-0.6,-0.3370574712753296,0.03894228860735893,0.9207279970559547
1136,22,42,-1.0,-0.6,-0.27065134048461914,0.08907410502433777,1.0033805805136828
1137,22,43,-1.0,-0.6,-0.2354920655488968,0.17292208969593048,1.087143476537764
1138,22,44,-1.0,-0.6,-0.23200954496860504,0.14139409363269806,1.067461728163019
1139,22,45,-1.0,-0.6,-0.19266237318515778,0.18697594106197357,1.1274418723293012
1140,22,46,-1.0,-0.6,-0.20872001349925995,0.13821625709533691,1.0821678517108424
1141,22,47,-1.0,-0.6,-0.22823818027973175,0.12404514849185944,1.0582332840317104
1142,22,48,-1.0,-0.6,-0.2065136879682541,0.18232649564743042,1.1142958642899694
1143,22,49,-1.0,-0.6,-0.3595600724220276,-0.03819713369011879,0.8519306083420626
1144,23,0,-0.8,-0.6,-0.40052831172943115,-0.0014335066080093384,0.7196245387292756
1145,23,1,-0.8,-0.6,-0.24547620117664337,0.1694691926240921,0.9484616396349715
1146,23,2,-0.8,-0.6,-0.4141314625740051,-0.01589406654238701,0.7000530477582866
1147,23,3,-0.8,-0.6,-0.2720964550971985,0.046528663486242294,0.834674466741526
1148,23,4,-0.8,-0.6,-0.11158858239650726,0.20298846065998077,1.057686507354583
1149,23,5,-0.8,-0.6,-0.3168277144432068,-0.0013252943754196167,0.7693288378091993
1150,23,6,-0.8,-0.6,-0.3150864243507385,0.05125008523464203,0.8119531078621971
1151,23,7,-0.8,-0.6,-0.35142385959625244,0.027815619483590126,0.7716041768984191
1152,23,8,-0.8,-0.6,-0.42141038179397583,0.06504867225885391,0.7652580188973178
1153,23,9,-0.8,-0.6,-0.37546098232269287,0.06587084382772446,0.7896944714193324
1154,23,10,-0.8,-0.6,-0.38795948028564453,0.011270983144640923,0.7371767798303823
1155,23,11,-0.8,-0.6,-0.36633843183517456,0.005576655268669128,0.7448392048687852
1156,23,12,-0.8,-0.6,-0.28068721294403076,0.02717013470828533,0.8142654043184244
1157,23,13,-0.8,-0.6,-0.32542431354522705,0.013736851513385773,0.7758189254456112
1158,23,14,-0.8,-0.6,-0.3064238429069519,0.10531853139400482,0.8608668036221033
1159,23,15,-0.8,-0.6,-0.31119000911712646,0.04317653924226761,0.8078435911849368
1160,23,16,-0.8,-0.6,-0.33703702688217163,0.027518700808286667,0.7798169236059315
1161,23,17,-0.8,-0.6,-0.3365551233291626,0.04438277333974838,0.7937318894245545
1162,23,18,-0.8,-0.6,-0.29184865951538086,0.038767337799072266,0.8162361770193903
1163,23,19,-0.8,-0.6,-0.38157492876052856,-0.004464153200387955,0.7278341054561044
1164,23,20,-0.8,-0.6,-0.3553958535194397,0.018320178613066673,0.7615725115494927
1165,23,21,-0.8,-0.6,-0.3350090980529785,0.027357537299394608,0.7808930903138187
1166,23,22,-0.8,-0.6,-0.418179988861084,-0.015840020030736923,0.6978749193829878
1167,23,23,-0.8,-0.6,-0.31810706853866577,0.03382682055234909,0.7962143152718983
1168,23,24,-0.8,-0.6,-0.30530595779418945,0.02198101580142975,0.7947216993459425
1169,23,25,-0.8,-0.6,-0.30142343044281006,0.045245684683322906,0.8154266302457049
1170,23,26,-0.8,-0.6,-0.3647100329399109,0.003964241594076157,0.7444797919000092
1171,23,27,-0.8,-0.6,-0.24914254248142242,0.09853005409240723,0.8896000084162392
1172,23,28,-0.8,-0.6,-0.3103749752044678,0.018334243446588516,0.7887140809727505
1173,23,29,-0.8,-0.6,-0.21951015293598175,0.11249276995658875,0.9190290581830478
1174,23,30,-0.8,-0.6,-0.2783516049385071,0.04361246898770332,0.8284648805511786
1175,23,31,-0.8,-0.6,-0.3563297986984253,-0.010314375162124634,0.7379514778516372
1176,23,32,-0.8,-0.6,-0.16794857382774353,0.14163696765899658,0.9744302936202337
1177,23,33,-0.8,-0.6,-0.24710698425769806,0.1435428261756897,0.9265779088743424
1178,23,34,-0.8,-0.6,-0.2748274803161621,0.05226767435669899,0.8374122607424421
1179,23,35,-0.8,-0.6,-0.3273465633392334,0.008185192942619324,0.7702535297561994
1180,23,36,-0.8,-0.6,-0.40374815464019775,-0.01094205304980278,0.7099329474085775
1181,23,37,-0.8,-0.6,-0.37889963388442993,-0.03185798600316048,0.7071851712324376
1182,23,38,-0.8,-0.6,-0.36892396211624146,0.03949457406997681,0.771219722713638
1183,23,39,-0.8,-0.6,-0.19305813312530518,0.17131148278713226,0.981478391634082
1184,23,40,-0.8,-0.6,-0.22242115437984467,0.1302940845489502,0.931089025193134
1185,23,41,-0.8,-0.6,-0.34921538829803467,0.02397242933511734,0.769771627638782
1186,23,42,-0.8,-0.6,-0.4368417263031006,-0.030399974435567856,0.6755206294981033
1187,23,43,-0.8,-0.6,-0.3914128541946411,-0.005001123994588852,0.7217805193859642
1188,23,44,-0.8,-0.6,-0.383401095867157,-0.006218031048774719,0.7253493458853324
1189,23,45,-0.8,-0.6,-0.35247623920440674,0.004710245877504349,0.7522978120039052
1190,23,46,-0.8,-0.6,-0.3618292212486267,-0.030393097549676895,0.7186415341953434
1191,23,47,-0.8,-0.6,-0.2007361799478531,0.12849949300289154,0.9433072867994617
1192,23,48,-0.8,-0.6,-0.374214768409729,-0.015640944242477417,0.7230273642720614
1193,23,49,-0.8,-0.6,-0.29046112298965454,0.04979252070188522,0.8257482589415941
1194,24,0,-0.6,-0.6,-0.1010710746049881,0.381266713142395,1.100824434193346
1195,24,1,-0.6,-0.6,-0.11504502594470978,0.3372512459754944,1.0552825332315436
1196,24,2,-0.6,-0.6,-0.13948963582515717,0.2963257431983948,1.0077051321853039
1197,24,3,-0.6,-0.6,-0.11822104454040527,0.31758856773376465,1.0363781846215405
1198,24,4,-0.6,-0.6,-0.12516921758651733,0.3141922056674957,1.0301512805557254
1199,24,5,-0.6,-0.6,-0.0926041305065155,0.3597451448440552,1.085615637060735
1200,24,6,-0.6,-0.6,-0.08955138921737671,0.39834702014923096,1.121273631586313
1201,24,7,-0.6,-0.6,-0.12445446848869324,0.2550741732120514,0.9784147352910444
1202,24,8,-0.6,-0.6,-0.08433018624782562,0.380624920129776,1.1079443085258083
1203,24,9,-0.6,-0.6,-0.11565050482749939,0.34650078415870667,1.0632300634796323
1204,24,10,-0.6,-0.6,-0.10428355634212494,0.35002708435058594,1.0715811931498642
1205,24,11,-0.6,-0.6,-0.1251109540462494,0.3140638470649719,1.0300642322098559
1206,24,12,-0.6,-0.6,-0.09638966619968414,0.3423506021499634,1.0684793052197428
1207,24,13,-0.6,-0.6,-0.11641523241996765,0.3015178143978119,1.023029128183573
1208,24,14,-0.6,-0.6,-0.10317578911781311,0.3472016751766205,1.0695911882472218
1209,24,15,-0.6,-0.6,-0.12384553253650665,0.32583239674568176,1.0410997568673697
1210,24,16,-0.6,-0.6,-0.039271242916584015,0.4047725796699524,1.1506453301851634
1211,24,17,-0.6,-0.6,-0.09639184176921844,0.2622613310813904,0.9985568487146091
1212,24,18,-0.6,-0.6,-0.12500503659248352,0.27615052461624146,0.9966242807837982
1213,24,19,-0.6,-0.6,-0.12754587829113007,0.3206634223461151,1.0348111104765743
1214,24,20,-0.6,-0.6,-0.13407428562641144,0.3329916000366211,1.0428614946642882
1215,24,21,-0.6,-0.6,-0.10809119045734406,0.3381207287311554,1.0592661509652552
1216,24,22,-0.6,-0.6,-0.14946644008159637,0.26249948143959045,0.9730805948616549
1217,24,23,-0.6,-0.6,-0.1283397525548935,0.300692617893219,1.0167155850813536
1218,24,24,-0.6,-0.6,-0.12349653244018555,0.2799380421638489,1.0006730298372564
1219,24,25,-0.6,-0.6,-0.10818454623222351,0.36173349618911743,1.0801915377639961
1220,24,26,-0.6,-0.6,-0.10468010604381561,0.34311479330062866,1.0652733502210843
1221,24,27,-0.6,-0.6,-0.1172202080488205,0.3108365535736084,1.0308732001765653
1222,24,28,-0.6,-0.6,-0.1252203732728958,0.28432774543762207,1.0037187132388816
1223,24,29,-0.6,-0.6,-0.1301196813583374,0.28203704953193665,0.9993882481767505
1224,24,30,-0.6,-0.6,-0.1219574362039566,0.3628811836242676,1.075018542434671
1225,24,31,-0.6,-0.6,-0.09088972210884094,0.37618914246559143,1.1009716240313008
1226,24,32,-0.6,-0.6,-0.12999342381954193,0.2944472134113312,1.0104167453245083
1227,24,33,-0.6,-0.6,-0.09950833022594452,0.3283238112926483,1.054645442850881
1228,24,34,-0.6,-0.6,-0.14148400723934174,0.2806459665298462,0.9928616388916327
1229,24,35,-0.6,-0.6,-0.10090801119804382,0.3723832070827484,1.0929876095833946
1230,24,36,-0.6,-0.6,-0.09898671507835388,0.3685442805290222,1.0904551045382198
1231,24,37,-0.6,-0.6,-0.17068129777908325,0.44969889521598816,1.1340997833940003
1232,24,38,-0.6,-0.6,-0.12321043014526367,0.28884127736091614,1.008646176943555
1233,24,39,-0.6,-0.6,-0.08919180929660797,0.27985626459121704,1.017384909476292
1234,24,40,-0.6,-0.6,-0.3027079701423645,0.2582050561904907,0.9082392138020668
1235,24,41,-0.6,-0.6,-0.13818952441215515,0.26248130202293396,0.978336808927195
1236,24,42,-0.6,-0.6,-0.12030185759067535,0.1929115504026413,0.9267248969315959
1237,24,43,-0.6,-0.6,-0.1272777020931244,0.3052213788032532,1.0212208946064605
1238,24,44,-0.6,-0.6,-0.09721313416957855,0.40182727575302124,1.120915930341923
1239,24,45,-0.6,-0.6,-0.10758373141288757,0.31202736496925354,1.0364688591665527
1240,24,46,-0.6,-0.6,-0.12743209302425385,0.28751274943351746,1.005484613065003
1241,24,47,-0.6,-0.6,-0.11980615556240082,0.3121362328529358,1.030814549528142
1242,24,48,-0.6,-0.6,-0.07878939807415009,0.37492120265960693,1.1055007204679521
1243,24,49,-0.6,-0.6,-0.12911921739578247,0.2821926474571228,0.9999962893197992
1244,25,0,-0.4,-0.6,-0.15847523510456085,-0.25578057765960693,0.4205011566858658
1245,25,1,-0.4,-0.6,-0.1376500427722931,-0.25231972336769104,0.43555605243929113
1246,25,2,-0.4,-0.6,-0.15604276955127716,-0.28005391359329224,0.4023439181784407
1247,25,3,-0.4,-0.6,-0.15119165182113647,-0.2680267095565796,0.4148636639805011
1248,25,4,-0.4,-0.6,-0.15300142765045166,-0.2689979672431946,0.41300198599020366
1249,25,5,-0.4,-0.6,-0.15240958333015442,-0.26812899112701416,0.4140523891455297
1250,25,6,-0.4,-0.6,-0.1628284752368927,-0.2578379511833191,0.4163234317317318
1251,25,7,-0.4,-0.6,-0.14714573323726654,-0.2922861576080322,0.3982751423573261
1252,25,8,-0.4,-0.6,-0.15618732571601868,-0.2681850790977478,0.411759349468685
1253,25,9,-0.4,-0.6,-0.15748266875743866,-0.2596530020236969,0.4179123532327034
1254,25,10,-0.4,-0.6,-0.16193687915802002,-0.2680716812610626,0.4084733262844476
1255,25,11,-0.4,-0.6,-0.1637839823961258,-0.25728100538253784,0.4162382926212314
1256,25,12,-0.4,-0.6,-0.15412698686122894,-0.27475616335868835,0.40772183147717084
1257,25,13,-0.4,-0.6,-0.14389668405056,-0.2730233371257782,0.41533437915089716
1258,25,14,-0.4,-0.6,-0.16138435900211334,-0.25185713171958923,0.4220673890071866
1259,25,15,-0.4,-0.6,-0.16135653853416443,-0.2742985188961029,0.40377240680074705
1260,25,16,-0.4,-0.6,-0.12408551573753357,-0.22886992990970612,0.46245684290650224
1261,25,17,-0.4,-0.6,-0.1608222872018814,-0.2593258023262024,0.4162509907015538
1262,25,18,-0.4,-0.6,-0.15949930250644684,-0.24998335540294647,0.42467898110203856
1263,25,19,-0.4,-0.6,-0.14710529148578644,-0.26073673367500305,0.4231492614574612
1264,25,20,-0.4,-0.6,-0.15487511456012726,-0.24479235708713531,0.4315769676959417
1265,25,21,-0.4,-0.6,-0.15467478334903717,-0.25996947288513184,0.4192913322438909
1266,25,22,-0.4,-0.6,-0.15122465789318085,-0.276337593793869,0.4082236201293446
1267,25,23,-0.4,-0.6,-0.16593481600284576,-0.26333385705947876,0.4100373180115063
1268,25,24,-0.4,-0.6,-0.15452320873737335,-0.26773446798324585,0.4131092335145414
1269,25,25,-0.4,-0.6,-0.1501096934080124,-0.2657780945301056,0.4173121702329859
1270,25,26,-0.4,-0.6,-0.15828555822372437,-0.24884407222270966,0.42630547378182476
1271,25,27,-0.4,-0.6,-0.15303587913513184,-0.2462133914232254,0.4314582730726265
1272,25,28,-0.4,-0.6,-0.14830616116523743,-0.26470947265625,0.41924876414108775
1273,25,29,-0.4,-0.6,-0.1524115651845932,-0.23566009104251862,0.44050380510670817
1274,25,30,-0.4,-0.6,-0.17542549967765808,-0.26737627387046814,0.4013380736727122
1275,25,31,-0.4,-0.6,-0.2179306596517563,-0.2156907171010971,0.4252562399508249
1276,25,32,-0.4,-0.6,-0.12918879091739655,-0.23694364726543427,0.4529333573779999
1277,25,33,-0.4,-0.6,-0.14451806247234344,-0.25806939601898193,0.42683434531643444
1278,25,34,-0.4,-0.6,-0.15438197553157806,-0.2617340683937073,0.41803355658277414
1279,25,35,-0.4,-0.6,-0.14145797491073608,-0.24009455740451813,0.44314321200612705
1280,25,36,-0.4,-0.6,-0.16932345926761627,-0.25538718700408936,0.41469224411027217
1281,25,37,-0.4,-0.6,-0.15963894128799438,-0.248868927359581,0.42551905799713297
1282,25,38,-0.4,-0.6,-0.1457221657037735,-0.2765004634857178,0.41147195182580143
1283,25,39,-0.4,-0.6,-0.16145110130310059,-0.27867984771728516,0.4001902264329935
1284,25,40,-0.4,-0.6,-0.157043918967247,-0.2726539969444275,0.4076555691110481
1285,25,41,-0.4,-0.6,-0.16416405141353607,-0.2594940960407257,0.41420147908572197
1286,25,42,-0.4,-0.6,-0.15629185736179352,-0.2552959620952606,0.4221546310725448
1287,25,43,-0.4,-0.6,-0.14846129715442657,-0.24704711139202118,0.43341372913874104
1288,25,44,-0.4,-0.6,-0.14838139712810516,-0.27239444851875305,0.41308270197689984
1289,25,45,-0.4,-0.6,-0.10483773052692413,-0.29168638586997986,0.42682320693515674
1290,25,46,-0.4,-0.6,-0.15319758653640747,-0.2681664824485779,0.41355158645809115
1291,25,47,-0.4,-0.6,-0.16028566658496857,-0.26611095666885376,0.41102901953657833
1292,25,48,-0.4,-0.6,-0.15223626792430878,-0.2519589960575104,0.4272229012557391
1293,26,0,-0.2,-0.6,-0.17655858397483826,-0.4145146608352661,0.18696072055466909
1294,26,1,-0.2,-0.6,-0.18432079255580902,-0.39937570691108704,0.2012360418103676
1295,26,2,-0.2,-0.6,-0.1783481389284134,-0.4107005298137665,0.19053370436920603
1296,26,3,-0.2,-0.6,-0.17706717550754547,-0.4037248492240906,0.19761034702491592
1297,26,4,-0.2,-0.6,-0.14838586747646332,-0.3271951973438263,0.27764451917592586
1298,26,5,-0.2,-0.6,-0.17226360738277435,-0.4108937978744507,0.19112944084511416
1299,26,6,-0.2,-0.6,-0.17433270812034607,-0.4156501591205597,0.1861281110007575
1300,26,7,-0.2,-0.6,-0.17592601478099823,-0.41097936034202576,0.19054752420599552
1301,26,8,-0.2,-0.6,-0.1738809049129486,-0.40037426352500916,0.2013272008233088
1302,26,9,-0.2,-0.6,-0.1684315949678421,-0.3976643979549408,0.20478344672167945
1303,26,10,-0.2,-0.6,-0.15648232400417328,-0.33834773302078247,0.26524648336866125
1304,26,11,-0.2,-0.6,-0.17554771900177002,-0.3945498466491699,0.20690016809537876
1305,26,12,-0.2,-0.6,-0.1430409997701645,-0.3389364182949066,0.267205017542475
1306,26,13,-0.2,-0.6,-0.17034116387367249,-0.39912062883377075,0.20305705681041483
1307,26,14,-0.2,-0.6,-0.18102121353149414,-0.403228223323822,0.19768491705771787
1308,26,15,-0.2,-0.6,-0.1817828267812729,-0.40589073300361633,0.19496223463520945
1309,26,16,-0.2,-0.6,-0.17722631990909576,-0.4027782380580902,0.1985322741731283
1310,26,17,-0.2,-0.6,-0.17000003159046173,-0.3844931423664093,0.21758493466156617
1311,26,18,-0.2,-0.6,-0.14794865250587463,-0.327461838722229,0.27746421774459945
1312,26,19,-0.2,-0.6,-0.17708633840084076,-0.40675681829452515,0.19459692485631921
1313,26,20,-0.2,-0.6,-0.1794033646583557,-0.40702947974205017,0.19406659443608654
1314,26,21,-0.2,-0.6,-0.18046516180038452,-0.4075312316417694,0.19345758371493058
1315,26,22,-0.2,-0.6,-0.17538224160671234,-0.4090544879436493,0.1925259011218289
1316,26,23,-0.2,-0.6,-0.17573684453964233,-0.3992046117782593,0.20225599779490608
1317,26,24,-0.2,-0.6,-0.17840929329395294,-0.3792569935321808,0.2217963785108274
1318,26,25,-0.2,-0.6,-0.17844009399414062,-0.40157365798950195,0.1995941951827473
1319,26,26,-0.2,-0.6,-0.18002097308635712,-0.40618881583213806,0.19483823193861352
1320,26,27,-0.2,-0.6,-0.1800951212644577,-0.4057229161262512,0.1952941102951245
1321,26,28,-0.2,-0.6,-0.17861996591091156,-0.40030866861343384,0.20083260115974688
1322,26,29,-0.2,-0.6,-0.17619962990283966,-0.40281787514686584,0.19861331269166926
1323,26,30,-0.2,-0.6,-0.16429714858531952,-0.4005308449268341,0.20263918037916914
1324,26,31,-0.2,-0.6,-0.18002833425998688,-0.4052497148513794,0.19577165524636053
1325,26,32,-0.2,-0.6,-0.18441615998744965,-0.400225967168808,0.20038093787377817
1326,26,33,-0.2,-0.6,-0.1690196841955185,-0.3984929919242859,0.20387460428158113
1327,26,34,-0.2,-0.6,-0.17685623466968536,-0.4059443771839142,0.19543085380820407
1328,26,35,-0.2,-0.6,-0.17502863705158234,-0.4062025249004364,0.1953996681738932
1329,26,36,-0.2,-0.6,-0.16108015179634094,-0.39237672090530396,0.2112396283991948
1330,26,37,-0.2,-0.6,-0.15836495161056519,-0.391650527715683,0.21246877383640156
1331,26,38,-0.2,-0.6,-0.17163972556591034,-0.3979648947715759,0.20401590357282753
1332,26,39,-0.2,-0.6,-0.18071331083774567,-0.38503536581993103,0.21582810365430236
1333,26,40,-0.2,-0.6,-0.1780642718076706,-0.4019630551338196,0.19924810589628783
1334,26,41,-0.2,-0.6,-0.16551370918750763,-0.3784685432910919,0.2241996667383219
1335,26,42,-0.2,-0.6,-0.17735497653484344,-0.40470021963119507,0.19660824321437015
1336,26,43,-0.2,-0.6,-0.17424499988555908,-0.4060261845588684,0.19567616387205936
1337,26,44,-0.2,-0.6,-0.16251960396766663,-0.38386455178260803,0.21936114528984724
1338,26,45,-0.2,-0.6,-0.17809590697288513,-0.39826613664627075,0.2029195429596706
1339,26,46,-0.2,-0.6,-0.17500494420528412,-0.40210995078086853,0.19946233828502868
1340,26,47,-0.2,-0.6,-0.17332369089126587,-0.3980240225791931,0.20373001968967416
1341,26,48,-0.2,-0.6,-0.17978143692016602,-0.40997496247291565,0.1910976325865473
1342,26,49,-0.2,-0.6,-0.1758832037448883,-0.4048631489276886,0.19662149045317504
1343,27,0,0.0,-0.6,-0.008007943630218506,-0.24414928257465363,0.3559408100419485
1344,27,1,0.0,-0.6,0.00724414736032486,-0.22085152566432953,0.37921767266577205
1345,27,2,0.0,-0.6,-0.008914515376091003,-0.23217977583408356,0.36792823470053987
1346,27,3,0.0,-0.6,0.010868377983570099,-0.22502930462360382,0.37512817013795674
1347,27,4,0.0,-0.6,-0.005098380148410797,-0.2311776727437973,0.36885756405802383
1348,27,5,0.0,-0.6,-0.014590099453926086,-0.2603159546852112,0.33999723769980095
1349,27,6,0.0,-0.6,-0.007559694349765778,-0.23908819258213043,0.3609909717877931
1350,27,7,0.0,-0.6,0.004474226385354996,-0.231840118765831,0.36818706774152843
1351,27,8,0.0,-0.6,0.009216852486133575,-0.23319928348064423,0.36691649732447834
1352,27,9,0.0,-0.6,-0.014015138149261475,-0.2575882375240326,0.342698466846937
1353,27,10,0.0,-0.6,-0.014605559408664703,-0.23253490030765533,0.3677552472195942
1354,27,11,0.0,-0.6,-0.017629891633987427,-0.23781965672969818,0.3626091754636385
1355,27,12,0.0,-0.6,0.00872793048620224,-0.2926991581916809,0.3074247617656612
1356,27,13,0.0,-0.6,0.0014444217085838318,-0.23571668565273285,0.36428617797811386
1357,27,14,0.0,-0.6,-0.012184537947177887,-0.2375018149614334,0.3627029047598614
1358,27,15,0.0,-0.6,0.011422853916883469,-0.22808845341205597,0.3720869254314681
1359,27,16,0.0,-0.6,0.021052028983831406,-0.23262761533260345,0.36797507652087746
1360,27,17,0.0,-0.6,0.019819024950265884,-0.23122619092464447,0.36930599238291006
1361,27,18,0.0,-0.6,-0.04388301074504852,-0.2746894955635071,0.3282569769689222
1362,27,19,0.0,-0.6,0.01769542321562767,-0.2325344830751419,0.367891334678643
1363,27,20,0.0,-0.6,0.026254385709762573,-0.23099182546138763,0.36994097589387953
1364,27,21,0.0,-0.6,-0.022999458014965057,-0.25223293900489807,0.34852676193106474
1365,27,22,0.0,-0.6,0.03090682439506054,-0.22993947565555573,0.3713489241566106
1366,27,23,0.0,-0.6,0.0079001784324646,-0.22817088663578033,0.37191303064626074
1367,27,24,0.0,-0.6,0.0025409087538719177,-0.23253990709781647,0.3674688777202456
1368,27,25,0.0,-0.6,-0.012090466916561127,-0.2408565729856491,0.35934688054562663
1369,27,26,0.0,-0.6,-0.022370927035808563,-0.25037476420402527,0.350340211625546
1370,27,27,0.0,-0.6,0.002260744571685791,-0.27448269724845886,0.32552515318582814
1371,27,28,0.0,-0.6,-0.011222392320632935,-0.24436552822589874,0.3558114944790882
1372,27,29,0.0,-0.6,0.004660323262214661,-0.23499904572963715,0.3650307045046811
1373,27,30,0.0,-0.6,0.009985238313674927,-0.2309674769639969,0.3691675880172839
1374,27,31,0.0,-0.6,-0.012493595480918884,-0.259488582611084,0.34074053956089434
1375,27,32,0.0,-0.6,0.025149643421173096,-0.22928451001644135,0.3715675969160418
1376,27,33,0.0,-0.6,-0.0005402937531471252,-0.23261664807796478,0.36738374921437345
1377,27,34,0.0,-0.6,0.018398508429527283,-0.23504219949245453,0.36542126547826514
1378,27,35,0.0,-0.6,0.008544918149709702,-0.2242216020822525,0.37587553786834044
1379,27,36,0.0,-0.6,0.008246563374996185,-0.23396925628185272,0.36612362823827393
1380,27,37,0.0,-0.6,-0.009790807962417603,-0.27106204628944397,0.3290836327012403
1381,27,38,0.0,-0.6,-0.006028607487678528,-0.2349240928888321,0.36512567981625527
1382,27,39,0.0,-0.6,-0.000931907445192337,-0.23747362196445465,0.36252757581052714
1383,27,40,0.0,-0.6,-0.008307240903377533,-0.23124255239963531,0.36885100706404805
1384,27,41,0.0,-0.6,-0.009470351040363312,-0.23171870410442352,0.36840304077918906
1385,27,42,0.0,-0.6,0.003568120300769806,-0.23358501493930817,0.3664323576862553
1386,27,43,0.0,-0.6,-0.014977805316448212,-0.25174546241760254,0.34857647309998835
1387,27,44,0.0,-0.6,0.0013898089528083801,-0.23928727209568024,0.3607154053282187
1388,27,45,0.0,-0.6,-0.0028671622276306152,-0.23801998794078827,0.3619913669545541
1389,27,46,0.0,-0.6,-0.009056471288204193,-0.23950542509555817,0.36060831688651923
1390,27,47,0.0,-0.6,0.00569910928606987,-0.23341374099254608,0.36663055674579914
1391,27,48,0.0,-0.6,0.011671241372823715,-0.22502721846103668,0.3751543745849831
1392,28,0,0.2,-0.6,-0.02089782804250717,-0.2824855446815491,0.38679617341704614
1393,28,1,0.2,-0.6,-0.03715663403272629,-0.29526910185813904,0.3861401162118198
1394,28,2,0.2,-0.6,-0.04160606861114502,-0.3109516203403473,0.37672597225782567
1395,28,3,0.2,-0.6,-0.03263775259256363,-0.2988509237766266,0.38054052352083345
1396,28,4,0.2,-0.6,-0.020364880561828613,-0.2940024435520172,0.37708776847991954
1397,28,5,0.2,-0.6,-0.016316570341587067,-0.27839651703834534,0.38758438933658573
1398,28,6,0.2,-0.6,-0.030333757400512695,-0.2846444547176361,0.39051601726251295
1399,28,7,0.2,-0.6,-0.015897631645202637,-0.30987465381622314,0.3616414022872159
1400,28,8,0.2,-0.6,-0.020258724689483643,-0.3125183582305908,0.3621596335268091
1401,28,9,0.2,-0.6,-0.038646675646305084,-0.31816795468330383,0.3692987104830248
1402,28,10,0.2,-0.6,-0.010103918612003326,-0.278397798538208,0.3841505337770473
1403,28,11,0.2,-0.6,-0.04582276940345764,-0.30942702293395996,0.3806067379306453
1404,28,12,0.2,-0.6,-0.0279131680727005,-0.3291601836681366,0.35397544871306047
1405,28,13,0.2,-0.6,-0.03315605968236923,-0.31561893224716187,0.3677422193097399
1406,28,14,0.2,-0.6,-0.03822548687458038,-0.29687902331352234,0.3855304256527557
1407,28,15,0.2,-0.6,-0.04581058770418167,-0.3506156802177429,0.35016479546170004
1408,28,16,0.2,-0.6,-0.0010271444916725159,-0.27888223528862,0.37885159579406413
1409,28,17,0.2,-0.6,-0.01949401944875717,-0.30788618326187134,0.3653876113158305
1410,28,18,0.2,-0.6,-0.023299597203731537,-0.33091622591018677,0.34966954055188504
1411,28,19,0.2,-0.6,-0.03767833113670349,-0.30013641715049744,0.38263449584592996
1412,28,20,0.2,-0.6,-0.03141774982213974,-0.30723053216934204,0.3731864630805747
1413,28,21,0.2,-0.6,-0.03195473551750183,-0.3234320282936096,0.3609609983125337
1414,28,22,0.2,-0.6,-0.027683429419994354,-0.31913623213768005,0.36155801765452344
1415,28,23,0.2,-0.6,-0.03833591192960739,-0.29637303948402405,0.38599655188548976
1416,28,24,0.2,-0.6,-0.022573716938495636,-0.3248816728591919,0.35387731405188194
1417,28,25,0.2,-0.6,-0.03358574956655502,-0.31896713376045227,0.36543367976608954
1418,28,26,0.2,-0.6,-0.031799688935279846,-0.30906108021736145,0.3719899875464138
1419,28,27,0.2,-0.6,-0.02342429757118225,-0.3382151424884796,0.3441652631621954
1420,28,28,0.2,-0.6,-0.04800059646368027,-0.3119242191314697,0.3801209693891599
1421,28,29,0.2,-0.6,-0.022651560604572296,-0.2911268472671509,0.38075758944344296
1422,28,30,0.2,-0.6,-0.03288785368204117,-0.2928594946861267,0.38545044090919034
1423,28,31,0.2,-0.6,-0.03310178965330124,-0.2944142520427704,0.3843424172455486
1424,28,32,0.2,-0.6,-0.017795667052268982,-0.3171902298927307,0.35695422487325923
1425,28,33,0.2,-0.6,-0.014848083257675171,-0.285726934671402,0.3806931290035718
1426,28,34,0.2,-0.6,-0.01758585125207901,-0.3010886311531067,0.3697182834145687
1427,28,35,0.2,-0.6,-0.0544799268245697,-0.3365902602672577,0.36625772912350857
1428,28,36,0.2,-0.6,-0.05400123447179794,-0.32238298654556274,0.3762815877405623
1429,28,37,0.2,-0.6,-0.04504980146884918,-0.31615886092185974,0.3749869296830205
1430,28,38,0.2,-0.6,-0.04096965491771698,-0.3187747299671173,0.370343120762667
1431,28,39,0.2,-0.6,-0.013529717922210693,-0.2848043739795685,0.38071409626956365
1432,28,40,0.2,-0.6,-0.024121955037117004,-0.2922535538673401,0.3807079272052811
1433,28,41,0.2,-0.6,-0.005830734968185425,-0.2878877520561218,0.37387209948607325
1434,28,42,0.2,-0.6,-0.023700319230556488,-0.30745285749435425,0.3682738972722225
1435,28,43,0.2,-0.6,-0.03376917541027069,-0.3079410493373871,0.37409418337384565
1436,28,44,0.2,-0.6,-0.0015386492013931274,-0.2904045879840851,0.36941459941808785
1437,28,45,0.2,-0.6,-0.014667421579360962,-0.28344815969467163,0.3824750573412875
1438,28,46,0.2,-0.6,-0.029501572251319885,-0.32084226608276367,0.36138623669369907
1439,28,47,0.2,-0.6,-0.017070598900318146,-0.2795056700706482,0.38708689001799973
1440,28,48,0.2,-0.6,-0.013119138777256012,-0.2839771807193756,0.38116950247787856
1441,29,0,0.4,-0.6,-0.11708351969718933,-0.15210509300231934,0.6840944481991464
1442,29,1,0.4,-0.6,-0.14350910484790802,-0.15684859454631805,0.7012740656891198
1443,29,2,0.4,-0.6,-0.13346534967422485,-0.14045046269893646,0.7041101167691489
1444,29,3,0.4,-0.6,-0.12479560077190399,-0.1435127556324005,0.6955508801373687
1445,29,4,0.4,-0.6,-0.12903092801570892,-0.14451393485069275,0.6980983299953962
1446,29,5,0.4,-0.6,-0.13481703400611877,-0.14291636645793915,0.7035301755540518
1447,29,6,0.4,-0.6,-0.1441957801580429,-0.16531068086624146,0.6964939707641349
1448,29,7,0.4,-0.6,-0.14495573937892914,-0.1526438444852829,0.7050562302107138
1449,29,8,0.4,-0.6,-0.15078558027744293,-0.17129138112068176,0.697965497243934
1450,29,9,0.4,-0.6,-0.14925676584243774,-0.17383407056331635,0.695198097117884
1451,29,10,0.4,-0.6,-0.14800991117954254,-0.1647859364748001,0.6998043611189678
1452,29,11,0.4,-0.6,-0.14239256083965302,-0.15462571382522583,0.7018176008336399
1453,29,12,0.4,-0.6,-0.14662142097949982,-0.166185662150383,0.6978465860040796
1454,29,13,0.4,-0.6,-0.14847418665885925,-0.1577526181936264,0.7045613388099645
1455,29,14,0.4,-0.6,-0.1429886668920517,-0.16924235224723816,0.6931008898210274
1456,29,15,0.4,-0.6,-0.14485079050064087,-0.15949229896068573,0.7006492835821037
1457,29,16,0.4,-0.6,-0.140217587351799,-0.15754850208759308,0.6982824426327295
1458,29,17,0.4,-0.6,-0.13177047669887543,-0.14073412120342255,0.7026414358087215
1459,29,18,0.4,-0.6,-0.12562903761863708,-0.1361193060874939,0.7010500576796516
1460,29,19,0.4,-0.6,-0.1392103135585785,-0.17383702099323273,0.6872864373198869
1461,29,20,0.4,-0.6,-0.14449621737003326,-0.1557133048772812,0.7027565710780243
1462,29,21,0.4,-0.6,-0.1480405181646347,-0.16068698465824127,0.7023847485522658
1463,29,22,0.4,-0.6,-0.1480933576822281,-0.16605371236801147,0.6990820476059755
1464,29,23,0.4,-0.6,-0.15155182778835297,-0.1707456260919571,0.6989053843374359
1465,29,24,0.4,-0.6,-0.14984004199504852,-0.16875135898590088,0.6987842744063608
1466,29,25,0.4,-0.6,-0.13673552870750427,-0.17405204474925995,0.6852128781329279
1467,29,26,0.4,-0.6,-0.12964841723442078,-0.1346891224384308,0.7050118145506816
1468,29,27,0.4,-0.6,-0.14728029072284698,-0.16356077790260315,0.6999963651324661
1469,29,28,0.4,-0.6,-0.14075583219528198,-0.16333039104938507,0.695051953046889
1470,29,29,0.4,-0.6,-0.14304839074611664,-0.1658726930618286,0.695246771528884
1471,29,30,0.4,-0.6,-0.13631077110767365,-0.14959180355072021,0.7003547577012671
1472,29,31,0.4,-0.6,-0.12979045510292053,-0.13795386254787445,0.7029683915031942
1473,29,32,0.4,-0.6,-0.12849387526512146,-0.1359226405620575,0.7033303432496276
1474,29,33,0.4,-0.6,-0.15070699155330658,-0.1669921875,0.7005526077545703
1475,29,34,0.4,-0.6,-0.14437828958034515,-0.16562047600746155,0.6964433164518176
1476,29,35,0.4,-0.6,-0.12894201278686523,-0.14823897182941437,0.6956059800380996
1477,29,36,0.4,-0.6,-0.1403898447751999,-0.15081281960010529,0.7027021469810465
1478,29,37,0.4,-0.6,-0.14215509593486786,-0.16644161939620972,0.6941937895428962
1479,29,38,0.4,-0.6,-0.03702005743980408,-0.14922034740447998,0.6278445872975472
1480,29,39,0.4,-0.6,-0.15259212255477905,-0.17431427538394928,0.6975431098157935
1481,29,40,0.4,-0.6,-0.1424349695444107,-0.1543913036584854,0.701999149885404
1482,29,41,0.4,-0.6,-0.1510056108236313,-0.16861668229103088,0.6997847883147507
1483,29,42,0.4,-0.6,-0.14953173696994781,-0.16587020456790924,0.7003240744249172
1484,29,43,0.4,-0.6,-0.14090928435325623,-0.1480843871831894,0.7048479091315695
1485,29,44,0.4,-0.6,-0.14301568269729614,-0.16659630835056305,0.6947695960464669
1486,29,45,0.4,-0.6,-0.13601553440093994,-0.14752668142318726,0.7014590202877422
1487,29,46,0.4,-0.6,-0.14022864401340485,-0.15249206125736237,0.7015057683656254
1488,29,47,0.4,-0.6,-0.14450614154338837,-0.1632612943649292,0.6980169304381273
1489,29,48,0.4,-0.6,-0.1480676382780075,-0.1721663773059845,0.6952839310922683
1490,29,49,0.4,-0.6,-0.15024809539318085,0.11844334006309509,0.9049496115059883
1491,30,0,0.6,-0.6,-0.1400757133960724,0.10890018939971924,1.0248178082418666
1492,30,1,0.6,-0.6,-0.1369326412677765,0.16543161869049072,1.0625230729998507
1493,30,2,0.6,-0.6,-0.13958223164081573,0.07940293848514557,1.004275973117479
1494,30,3,0.6,-0.6,-0.13484463095664978,0.1026216596364975,1.0166975106865173
1495,30,4,0.6,-0.6,-0.11078041791915894,0.16122722625732422,1.0414776485804933
1496,30,5,0.6,-0.6,-0.19061371684074402,0.08232852816581726,1.0443381969485108
1497,30,6,0.6,-0.6,-0.09915642440319061,0.10324399173259735,0.9916510564166469
1498,30,7,0.6,-0.6,-0.1647169589996338,0.030127666890621185,0.9908849095443251
1499,30,8,0.6,-0.6,-0.1659311056137085,0.11973169445991516,1.0510300521663396
1500,30,9,0.6,-0.6,-0.1500566154718399,0.07782939076423645,1.010958757515304
1501,30,10,0.6,-0.6,-0.15480850636959076,0.08994662761688232,1.022625166054406
1502,30,11,0.6,-0.6,-0.14664021134376526,0.05849612504243851,0.9955344051771235
1503,30,12,0.6,-0.6,-0.15332895517349243,0.04659870266914368,0.9927710697820546
1504,30,13,0.6,-0.6,-0.154165118932724,0.08111497759819031,1.016209938606877
1505,30,14,0.6,-0.6,-0.12500649690628052,0.0709405392408371,0.9878236825228993
1506,30,15,0.6,-0.6,-0.12882459163665771,0.09020312130451202,1.003775689102317
1507,30,16,0.6,-0.6,-0.1597188264131546,0.061670221388339996,1.0074622459817915
1508,30,17,0.6,-0.6,-0.13398835062980652,0.12908922135829926,1.0345578725045375
1509,30,18,0.6,-0.6,-0.1458379477262497,0.07288182526826859,1.004511918816726
1510,30,19,0.6,-0.6,-0.13723351061344147,0.08562438189983368,1.0067740770535107
1511,30,20,0.6,-0.6,-0.14921657741069794,0.11899600923061371,1.0384029762845197
1512,30,21,0.6,-0.6,-0.14007754623889923,0.0463554710149765,0.9825935931797958
1513,30,22,0.6,-0.6,-0.13458560407161713,0.1419677734375,1.0440939548379082
1514,30,23,0.6,-0.6,-0.1201927661895752,0.128189817070961,1.024176757282468
1515,30,24,0.6,-0.6,-0.13891378045082092,0.08958430588245392,1.01070277028388
1516,30,25,0.6,-0.6,-0.16795964539051056,0.06436443328857422,1.0154516813552317
1517,30,26,0.6,-0.6,-0.1402154415845871,0.10392782092094421,1.0214858183189692
1518,30,27,0.6,-0.6,-0.1624000370502472,0.11333653330802917,1.0440798945703988
1519,30,28,0.6,-0.6,-0.13612335920333862,0.06431487202644348,0.9915603103998856
1520,30,29,0.6,-0.6,-0.1630140095949173,0.07774689793586731,1.0205543770421073
1521,30,30,0.6,-0.6,-0.15481893718242645,0.08226501196622849,1.0174660556905502
1522,30,31,0.6,-0.6,-0.14280787110328674,0.14105242490768433,1.0492484118808834
1523,30,32,0.6,-0.6,-0.15250930190086365,0.12451498210430145,1.0446014592852728
1524,30,33,0.6,-0.6,-0.15028777718544006,0.06373674422502518,1.001737597491631
1525,30,34,0.6,-0.6,-0.1422978937625885,0.0721002072095871,1.0013614989680524
1526,30,35,0.6,-0.6,-0.14314095675945282,0.0653538852930069,0.9974739466712174
1527,30,36,0.6,-0.6,-0.14307956397533417,0.05951114371418953,0.9935402292212283
1528,30,37,0.6,-0.6,-0.13427011668682098,0.10899913311004639,1.0207019031088729
1529,30,38,0.6,-0.6,-0.11864069104194641,0.16173936426639557,1.0472303003132686
1530,30,39,0.6,-0.6,-0.10893048346042633,0.1425512284040451,1.026627857202302
1531,30,40,0.6,-0.6,-0.1437249779701233,0.12891831994056702,1.041368695516453
1532,30,41,0.6,-0.6,-0.13395452499389648,0.10188503563404083,1.0155450989522892
1533,30,42,0.6,-0.6,-0.029995597898960114,0.13982288539409637,0.9717161906261079
1534,30,43,0.6,-0.6,-0.2667865753173828,0.13719779253005981,1.1378838044640718
1535,30,44,0.6,-0.6,-0.17823348939418793,0.07337368279695511,1.0291158733097978
1536,30,45,0.6,-0.6,-0.1285204142332077,0.09620186686515808,1.007689949032467
1537,30,46,0.6,-0.6,-0.2247227281332016,0.08481741696596146,1.0719806308322004
1538,30,47,0.6,-0.6,-0.14582639932632446,0.03352489322423935,0.9785759082804224
1539,30,48,0.6,-0.6,-0.1420123428106308,0.08422243595123291,1.0093278252096094
1540,31,0,0.8,-0.6,-0.14492346346378326,0.15677963197231293,1.210617926173465
1541,31,1,0.8,-0.6,-0.1698194146156311,0.17900878190994263,1.2439470966476902
1542,31,2,0.8,-0.6,-0.16139893233776093,0.13887888193130493,1.212530374573867
1543,31,3,0.8,-0.6,-0.19081152975559235,0.17675338685512543,1.25898900371986
1544,31,4,0.8,-0.6,-0.10245117545127869,0.20395520329475403,1.2086199125358243
1545,31,5,0.8,-0.6,-0.2397127002477646,0.13527044653892517,1.273430456919438
1546,31,6,0.8,-0.6,-0.25967544317245483,0.09229633212089539,1.2657749627523778
1547,31,7,0.8,-0.6,-0.16686691343784332,0.1766950786113739,1.2401963043969895
1548,31,8,0.8,-0.6,-0.11905479431152344,0.2111508846282959,1.2258170632603642
1549,31,9,0.8,-0.6,-0.17236438393592834,0.14578795433044434,1.2254355013510447
1550,31,10,0.8,-0.6,-0.15820318460464478,0.16333724558353424,1.2250865657093541
1551,31,11,0.8,-0.6,-0.1324106752872467,0.21265257894992828,1.2368483663988843
1552,31,12,0.8,-0.6,-0.1566641479730606,0.21811069548130035,1.2587737692206329
1553,31,13,0.8,-0.6,-0.09966051578521729,0.22225837409496307,1.2188100251606955
1554,31,14,0.8,-0.6,-0.0656142607331276,0.21144703030586243,1.1864798065608881
1555,31,15,0.8,-0.6,-0.24460305273532867,-0.03644082322716713,1.1869264861434516
1556,31,16,0.8,-0.6,-0.1797666698694229,0.13550107181072235,1.225114098368695
1557,31,17,0.8,-0.6,-0.20312432944774628,0.10857893526554108,1.2281459717118477
1558,31,18,0.8,-0.6,-0.11717335879802704,0.20757673680782318,1.2220422070951669
1559,31,19,0.8,-0.6,-0.23242701590061188,0.0948401391506195,1.2444711174375622
1560,31,20,0.8,-0.6,-0.23905743658542633,0.14032739400863647,1.2758232663041915
1561,31,21,0.8,-0.6,-0.23715440928936005,0.11255598068237305,1.2583422802697921
1562,31,22,0.8,-0.6,-0.14622782170772552,0.19069018959999084,1.2331009960678065
1563,31,23,0.8,-0.6,-0.22802706062793732,0.12487691640853882,1.2578895743765701
1564,31,24,0.8,-0.6,-0.25905126333236694,0.12746082246303558,1.2848302715084505
1565,31,25,0.8,-0.6,-0.13824886083602905,0.20827387273311615,1.2383931436353708
1566,31,26,0.8,-0.6,-0.12373894453048706,0.17504797875881195,1.2058163239152213
1567,31,27,0.8,-0.6,-0.08711440861225128,0.1349283754825592,1.1519946575643907
1568,31,28,0.8,-0.6,-0.12187591195106506,0.19812001287937164,1.2193648969829238
1569,31,29,0.8,-0.6,-0.15135633945465088,0.19201797246932983,1.2378898793248863
1570,31,30,0.8,-0.6,-0.18317605555057526,0.13652609288692474,1.2284566910197798
1571,31,31,0.8,-0.6,-0.15885140001773834,0.1555711328983307,1.2207717821874995
1572,31,32,0.8,-0.6,-0.0911628007888794,0.2203819900751114,1.2112793844318
1573,31,33,0.8,-0.6,-0.09766823053359985,0.22018127143383026,1.215938144035353
1574,31,34,0.8,-0.6,-0.17556598782539368,0.14531180262565613,1.2276883479673664
1575,31,35,0.8,-0.6,0.02779041789472103,0.19365935027599335,1.1073404187402
1576,31,36,0.8,-0.6,-0.14162380993366241,0.13669683039188385,1.1955658155632563
1577,31,37,0.8,-0.6,-0.17648085951805115,0.19889456033706665,1.2616447152591204
1578,31,38,0.8,-0.6,-0.020283430814743042,0.20696638524532318,1.150677910531487
1579,31,39,0.8,-0.6,-0.07880163192749023,0.20438136160373688,1.191352879366102
1580,31,40,0.8,-0.6,-0.22945766150951385,0.10722717642784119,1.2489809269635521
1581,31,41,0.8,-0.6,-0.08828477561473846,0.17467103898525238,1.1786284661552242
1582,31,42,0.8,-0.6,-0.16365155577659607,0.16457396745681763,1.2301209991961413
1583,31,43,0.8,-0.6,-0.18994514644145966,0.15064501762390137,1.2423603887143981
1584,31,44,0.8,-0.6,-0.1505294293165207,0.18452486395835876,1.2324712808685125
1585,31,45,0.8,-0.6,-0.26911985874176025,0.1541406810283661,1.30833689817949
1586,31,46,0.8,-0.6,-0.2540209889411926,0.0908626839518547,1.2602585025326074
1587,31,47,0.8,-0.6,-0.25112128257751465,0.100348100066185,1.2630690448086022
1588,31,48,0.8,-0.6,-0.13934746384620667,0.17652307450771332,1.2187541766399048
1589,32,0,1.0,-0.6,-0.17757634818553925,0.19096291065216064,1.4185585577738158
1590,32,1,1.0,-0.6,-0.16217714548110962,0.18117482960224152,1.4003177610395119
1591,32,2,1.0,-0.6,-0.21638955175876617,0.11105439066886902,1.408971925950751
1592,32,3,1.0,-0.6,-0.17957839369773865,0.0843365490436554,1.3637161358712144
1593,32,4,1.0,-0.6,-0.2232368141412735,0.09922125935554504,1.4089778823690764
1594,32,5,1.0,-0.6,-0.15715822577476501,0.16556037962436676,1.387478956355305
1595,32,6,1.0,-0.6,-0.3670181632041931,0.04280995577573776,1.5106102401925428
1596,32,7,1.0,-0.6,-0.2966170907020569,0.11528714001178741,1.4808280023577716
1597,32,8,1.0,-0.6,-0.18608033657073975,0.1720283031463623,1.415208205762958
1598,32,9,1.0,-0.6,-0.13471369445323944,0.2636379599571228,1.4259893738238796
1599,32,10,1.0,-0.6,-0.35662317276000977,0.011353200301527977,1.488011817287872
1600,32,11,1.0,-0.6,-0.26443415880203247,0.08500568568706512,1.438063465695798
1601,32,12,1.0,-0.6,-0.27021610736846924,0.05311913043260574,1.428290431934398
1602,32,13,1.0,-0.6,-0.2891550064086914,0.09785439074039459,1.4659199777696736
1603,32,14,1.0,-0.6,-0.2617766857147217,0.12075583636760712,1.4531240071897498
1604,32,15,1.0,-0.6,-0.15238337218761444,0.19052547216415405,1.397468410603566
1605,32,16,1.0,-0.6,-0.22024936974048615,0.1596139371395111,1.4373662921637764
1606,32,17,1.0,-0.6,-0.24880202114582062,0.09114095568656921,1.4272989555959295
1607,32,18,1.0,-0.6,-0.3324175477027893,0.028476817533373833,1.4732004723061938
1608,32,19,1.0,-0.6,-0.34824973344802856,0.017501235008239746,1.482931259020249
1609,32,20,1.0,-0.6,-0.23729796707630157,0.09313098341226578,1.418216069397468
1610,32,21,1.0,-0.6,-0.2631611227989197,0.1190309226512909,1.45347221847526
1611,32,22,1.0,-0.6,-0.23300321400165558,0.07967254519462585,1.4079246053783394
1612,32,23,1.0,-0.6,-0.24806298315525055,0.1137581616640091,1.4377454306184974
1613,32,24,1.0,-0.6,-0.30813074111938477,0.07493267953395844,1.4719851078609592
1614,32,25,1.0,-0.6,-0.3344411849975586,0.010882023721933365,1.4676205651067626
1615,32,26,1.0,-0.6,-0.34477001428604126,0.01798855885863304,1.4799717058792203
1616,32,27,1.0,-0.6,-0.2386147528886795,0.07716314494609833,1.4116360830422177
1617,32,28,1.0,-0.6,-0.2292298525571823,0.105889230966568,1.4174927290156818
1618,32,29,1.0,-0.6,-0.18504495918750763,0.16706691682338715,1.4116384842376106
1619,32,30,1.0,-0.6,-0.2031773179769516,0.15456029772758484,1.4202101609976432
1620,32,31,1.0,-0.6,-0.16310250759124756,0.20492731034755707,1.4144664782554588
1621,32,32,1.0,-0.6,-0.33530473709106445,0.039636705070734024,1.4805991541844072
1622,32,33,1.0,-0.6,-0.22902168333530426,0.11985406279563904,1.4243188441608616
1623,32,34,1.0,-0.6,-0.15601100027561188,0.23696237802505493,1.4271886543087342
1624,32,35,1.0,-0.6,-0.28509968519210815,0.050172433257102966,1.4402101908569864
1625,32,36,1.0,-0.6,-0.28182679414749146,0.07111166417598724,1.4468831314199149
1626,32,37,1.0,-0.6,-0.2299216240644455,0.10571709275245667,1.4180069874102534
1627,32,38,1.0,-0.6,-0.25674962997436523,0.0951758474111557,1.4362064932538505
1628,32,39,1.0,-0.6,-0.39814186096191406,0.060971058905124664,1.5465068393266828
1629,32,40,1.0,-0.6,-0.20213182270526886,0.1546754240989685,1.4193857526760123
1630,32,41,1.0,-0.6,-0.22292391955852509,0.1275777518749237,1.4229941314185923
1631,32,42,1.0,-0.6,-0.29053258895874023,0.10598842799663544,1.4710180228772554
1632,32,43,1.0,-0.6,-0.3681528568267822,0.0014060474932193756,1.4945004093691987
1633,32,44,1.0,-0.6,-0.24319078028202057,0.09862987697124481,1.4260459393634821
1634,32,45,1.0,-0.6,-0.23897485435009003,0.156365305185318,1.451601586042088
1635,32,46,1.0,-0.6,-0.2827361226081848,0.10357226431369781,1.4630194432595158
1636,32,47,1.0,-0.6,-0.3012399673461914,0.0939827561378479,1.474733032937081
1637,32,48,1.0,-0.6,-0.2879229187965393,0.08847110718488693,1.4603896432766774
1638,32,49,1.0,-0.6,-0.2905680537223816,0.06002143397927284,1.4495496523406266
1639,33,0,-0.5,-0.5,-0.1084965169429779,-0.2860897481441498,0.44613066818457264
1640,33,1,-0.5,-0.5,-0.10452483594417572,-0.2731966972351074,0.45589510145431994
1641,33,2,-0.5,-0.5,-0.1177370548248291,-0.2643759548664093,0.44904749180806264
1642,33,3,-0.5,-0.5,-0.0965273529291153,-0.27768367528915405,0.46066769494650367
1643,33,4,-0.5,-0.5,-0.10163672268390656,-0.2605503499507904,0.46478966815400247
1644,33,5,-0.5,-0.5,-0.1194830983877182,-0.20672209560871124,0.4804217330812136
1645,33,6,-0.5,-0.5,-0.11326994001865387,-0.26534903049468994,0.4523507674172307
1646,33,7,-0.5,-0.5,-0.10755835473537445,-0.27575695514678955,0.4519904734649229
1647,33,8,-0.5,-0.5,-0.0921972393989563,-0.23059813678264618,0.4887539825503358
1648,33,9,-0.5,-0.5,-0.1250685751438141,-0.16353264451026917,0.5037696444357705
1649,33,10,-0.5,-0.5,-0.0979904979467392,-0.2674984335899353,0.46440135456762444
1650,33,11,-0.5,-0.5,-0.1004134863615036,-0.27297160029411316,0.45957727985049934
1651,33,12,-0.5,-0.5,-0.106941357254982,-0.2683258056640625,0.4562543467823199
1652,33,13,-0.5,-0.5,-0.11697904765605927,-0.26048871874809265,0.4517418552463227
1653,33,14,-0.5,-0.5,-0.10339297354221344,-0.23761431872844696,0.47554534922762565
1654,33,15,-0.5,-0.5,-0.10782568156719208,-0.2406076341867447,0.4701968688543503
1655,33,16,-0.5,-0.5,-0.1089409589767456,-0.27441856265068054,0.4514578146877206
1656,33,17,-0.5,-0.5,-0.1065559834241867,-0.2709640860557556,0.455253384452641
1657,33,18,-0.5,-0.5,-0.12779010832309723,-0.2463713139295578,0.45040838564568336
1658,33,19,-0.5,-0.5,-0.10376189649105072,-0.24565164744853973,0.4708478725852021
1659,33,20,-0.5,-0.5,-0.10472360253334045,-0.2926037311553955,0.44638172310801894
1660,33,21,-0.5,-0.5,-0.11749956011772156,-0.24944837391376495,0.457255621993424
1661,33,22,-0.5,-0.5,-0.11514683067798615,-0.2735873758792877,0.4465138724591047
1662,33,23,-0.5,-0.5,-0.11822670698165894,-0.2417600303888321,0.46091076052403573
1663,33,24,-0.5,-0.5,-0.12760449945926666,-0.24224628508090973,0.452896661919223
1664,33,25,-0.5,-0.5,-0.09853753447532654,-0.260707825422287,0.4673680092168058
1665,33,26,-0.5,-0.5,-0.10975760221481323,-0.2696492373943329,0.4531562675966695
1666,33,27,-0.5,-0.5,-0.13099290430545807,-0.25733640789985657,0.4416467543228022
1667,33,28,-0.5,-0.5,-0.10278403759002686,-0.2860684394836426,0.4511620921334649
1668,33,29,-0.5,-0.5,-0.1105569452047348,-0.2782055735588074,0.4481725789566398
1669,33,30,-0.5,-0.5,-0.11000798642635345,-0.25049224495887756,0.4629772029775203
1670,33,31,-0.5,-0.5,-0.0925518125295639,-0.24509231746196747,0.48061622120966124
1671,33,32,-0.5,-0.5,-0.12435364723205566,-0.24474979937076569,0.45416169727215355
1672,33,33,-0.5,-0.5,-0.10533490777015686,-0.2729090750217438,0.4553359454647421
1673,33,34,-0.5,-0.5,-0.10314704477787018,-0.2599690854549408,0.4637964079268783
1674,33,35,-0.5,-0.5,-0.10613501071929932,-0.2631140351295471,0.45961352257488236
1675,33,36,-0.5,-0.5,-0.11664675176143646,-0.23821283876895905,0.4642114073571057
1676,33,37,-0.5,-0.5,-0.09811560809612274,-0.28274381160736084,0.456849336051665
1677,33,38,-0.5,-0.5,-0.12093941867351532,-0.2231501191854477,0.4693961874819653
1678,33,39,-0.5,-0.5,-0.11383053660392761,-0.26443174481391907,0.4523486015353922
1679,33,40,-0.5,-0.5,-0.11271138489246368,-0.2787925899028778,0.44601030220589055
1680,33,41,-0.5,-0.5,-0.10818029940128326,-0.23960573971271515,0.470454937871663
1681,33,42,-0.5,-0.5,-0.10766337811946869,-0.2736091613769531,0.4529689135923937
1682,33,43,-0.5,-0.5,-0.1183844655752182,-0.21807746589183807,0.47445835576189355
1683,33,44,-0.5,-0.5,-0.10206601023674011,-0.2707756459712982,0.4592333444870721
1684,33,45,-0.5,-0.5,-0.10659019649028778,-0.2498912662267685,0.4661819947265226
1685,33,46,-0.5,-0.5,-0.10530716180801392,-0.2451966553926468,0.46979482856151034
1686,33,47,-0.5,-0.5,-0.10425861179828644,-0.27149417996406555,0.4569750060190538
1687,33,48,-0.5,-0.5,-0.10663183033466339,-0.27112844586372375,0.4551051583959596
1688,34,0,-0.4,-0.5,-0.18505220115184784,-0.24547319114208221,0.3331462931762272
1689,34,1,-0.4,-0.5,-0.17643846571445465,-0.24070070683956146,0.3423680520223961
1690,34,2,-0.4,-0.5,-0.2002331167459488,-0.25482651591300964,0.31625439909097147
1691,34,3,-0.4,-0.5,-0.20450274646282196,-0.26003172993659973,0.3095221264753147
1692,34,4,-0.4,-0.5,-0.1751849353313446,-0.24105264246463776,0.3429220717255138
1693,34,5,-0.4,-0.5,-0.19743792712688446,-0.25108087062835693,0.32092386376489695
1694,34,6,-0.4,-0.5,-0.1847517192363739,-0.24569948017597198,0.33316749054262135
1695,34,7,-0.4,-0.5,-0.1851811558008194,-0.2493753880262375,0.3300906420213558
1696,34,8,-0.4,-0.5,-0.18586918711662292,-0.24674029648303986,0.33165114571126453
1697,34,9,-0.4,-0.5,-0.1932423710823059,-0.25149261951446533,0.32327176689505255
1698,34,10,-0.4,-0.5,-0.1784510761499405,-0.2503266930580139,0.3337973724559058
1699,34,11,-0.4,-0.5,-0.19229120016098022,-0.24866481125354767,0.3260557048002393
1700,34,12,-0.4,-0.5,-0.19040848314762115,-0.2568923234939575,0.32098278195667695
1701,34,13,-0.4,-0.5,-0.199848011136055,-0.25490379333496094,0.31643793888815597
1702,34,14,-0.4,-0.5,-0.19186018407344818,-0.25270316004753113,0.3232304286796277
1703,34,15,-0.4,-0.5,-0.17031361162662506,-0.24250371754169464,0.3450509708490214
1704,34,16,-0.4,-0.5,-0.18996910750865936,-0.24694062769412994,0.32886474683758676
1705,34,17,-0.4,-0.5,-0.18911264836788177,-0.24656380712985992,0.3297019547029097
1706,34,18,-0.4,-0.5,-0.18376532196998596,-0.24678365886211395,0.33298040693410497
1707,34,19,-0.4,-0.5,-0.18638667464256287,-0.24552203714847565,0.33224943393078055
1708,34,20,-0.4,-0.5,-0.1920825093984604,-0.2457534223794937,0.3284372164200967
1709,34,21,-0.4,-0.5,-0.18944892287254333,-0.25120922923088074,0.3259272981807824
1710,34,22,-0.4,-0.5,-0.19529135525226593,-0.2580319344997406,0.31694506457175164
1711,34,23,-0.4,-0.5,-0.19832776486873627,-0.25502023100852966,0.3173117987688984
1712,34,24,-0.4,-0.5,-0.1860342174768448,-0.24270980060100555,0.33463353507608956
1713,34,25,-0.4,-0.5,-0.20194073021411896,-0.2594922184944153,0.31156294277858926
1714,34,26,-0.4,-0.5,-0.1943897157907486,-0.2512580156326294,0.32271994633060164
1715,34,27,-0.4,-0.5,-0.19628678262233734,-0.2577519416809082,0.316517292882599
1716,34,28,-0.4,-0.5,-0.18751245737075806,-0.24509285390377045,0.33185630761451324
1717,34,29,-0.4,-0.5,-0.1856839954853058,-0.24741987884044647,0.3312522715335205
1718,34,30,-0.4,-0.5,-0.17080473899841309,-0.23488448560237885,0.35045214172537287
1719,34,31,-0.4,-0.5,-0.18140150606632233,-0.2454008311033249,0.3355682320377628
1720,34,32,-0.4,-0.5,-0.19604246318340302,-0.2618681490421295,0.3135370078075553
1721,34,33,-0.4,-0.5,-0.19856847822666168,-0.25976887345314026,0.31350542599115605
1722,34,34,-0.4,-0.5,-0.1886269897222519,-0.24955327808856964,0.3277226113499927
1723,34,35,-0.4,-0.5,-0.1922481656074524,-0.2509700357913971,0.3243096479712045
1724,34,36,-0.4,-0.5,-0.18737931549549103,-0.24751226603984833,0.3300872782757589
1725,34,37,-0.4,-0.5,-0.18518273532390594,-0.24240310490131378,0.3354140986413699
1726,34,38,-0.4,-0.5,-0.17721423506736755,-0.24759410321712494,0.3366633834966101
1727,34,39,-0.4,-0.5,-0.17842213809490204,-0.24398668110370636,0.33858465461200393
1728,34,40,-0.4,-0.5,-0.17147596180438995,-0.24062500894069672,0.3456857272440422
1729,34,41,-0.4,-0.5,-0.18460464477539062,-0.24628542363643646,0.3328156326131304
1730,34,42,-0.4,-0.5,-0.1902061551809311,-0.24901096522808075,0.3271222292961872
1731,34,43,-0.4,-0.5,-0.19785524904727936,-0.24974225461483002,0.3217008539979433
1732,34,44,-0.4,-0.5,-0.18879036605358124,-0.24844683706760406,0.3284638537998858
1733,34,45,-0.4,-0.5,-0.17266985774040222,-0.24285514652729034,0.34322364319386606
1734,34,46,-0.4,-0.5,-0.18985210359096527,-0.24838905036449432,0.32782649121390933
1735,34,47,-0.4,-0.5,-0.10545982420444489,-0.23734350502490997,0.3946420523845324
1736,34,48,-0.4,-0.5,-0.1707354187965393,-0.2535727620124817,0.3365837664186364
1737,35,0,-0.3,-0.5,-0.09888435900211334,-0.2960124611854553,0.2864584036917161
1738,35,1,-0.3,-0.5,-0.09235517680644989,-0.303750604391098,0.28570998910773143
1739,35,2,-0.3,-0.5,-0.10214966535568237,-0.29064974188804626,0.2880491025683123
1740,35,3,-0.3,-0.5,-0.09769900143146515,-0.2954944670200348,0.28765988083367827
1741,35,4,-0.3,-0.5,-0.09048493206501007,-0.2963516414165497,0.2921801116529614
1742,35,5,-0.3,-0.5,-0.09321637451648712,-0.23572491109371185,0.33556041242156714
1743,35,6,-0.3,-0.5,-0.09896531701087952,-0.2939961552619934,0.2878411503092928
1744,35,7,-0.3,-0.5,-0.0934000313282013,-0.29068371653556824,0.29410347427147226
1745,35,8,-0.3,-0.5,-0.10996115207672119,-0.2808923125267029,0.29003955321628655
1746,35,9,-0.3,-0.5,-0.10224220156669617,-0.29363739490509033,0.285821048250028
1747,35,10,-0.3,-0.5,-0.09443475306034088,-0.2996913492679596,0.2870202541763448
1748,35,11,-0.3,-0.5,-0.08850003778934479,-0.2715616524219513,0.3113138491286534
1749,35,12,-0.3,-0.5,-0.09742361307144165,-0.29923948645591736,0.28520514781383727
1750,35,13,-0.3,-0.5,-0.09594985842704773,-0.3007775843143463,0.28517719261464314
1751,35,14,-0.3,-0.5,-0.09444320201873779,-0.3028873801231384,0.2847928758080679
1752,35,15,-0.3,-0.5,-0.1054031103849411,-0.27624937891960144,0.29653379214133335
1753,35,16,-0.3,-0.5,-0.10078658163547516,-0.2931201756000519,0.28720245089523966
1754,35,17,-0.3,-0.5,-0.07445620000362396,-0.3191945254802704,0.28906854781022073
1755,35,18,-0.3,-0.5,-0.09880262613296509,-0.2949061989784241,0.2873044560539728
1756,35,19,-0.3,-0.5,-0.09387615323066711,-0.29838430881500244,0.2883330143063602
1757,35,20,-0.3,-0.5,-0.09151364862918854,-0.2708492875099182,0.3098009163037217
1758,35,21,-0.3,-0.5,-0.101993128657341,-0.29757562279701233,0.28316488056417893
1759,35,22,-0.3,-0.5,-0.08931218087673187,-0.21915359795093536,0.3510898156751685
1760,35,23,-0.3,-0.5,-0.09665925800800323,-0.30209147930145264,0.28375207473945124
1761,35,24,-0.3,-0.5,-0.10003088414669037,-0.2951410710811615,0.2862775367592227
1762,35,25,-0.3,-0.5,-0.10192149877548218,-0.29124516248703003,0.2877736520816626
1763,35,26,-0.3,-0.5,-0.09928415715694427,-0.2989828288555145,0.28406821832639007
1764,35,27,-0.3,-0.5,-0.09793518483638763,-0.2982938885688782,0.2855092729067989
1765,35,28,-0.3,-0.5,-0.09021732211112976,-0.31014227867126465,0.28293943926283094
1766,35,29,-0.3,-0.5,-0.10000051558017731,-0.2991241216659546,0.2834623648117491
1767,35,30,-0.3,-0.5,-0.10021378099918365,-0.29259613156318665,0.28797725247872813
1768,35,31,-0.3,-0.5,-0.08970920741558075,-0.28468284010887146,0.3009712557527131
1769,35,32,-0.3,-0.5,-0.0986822098493576,-0.2991156578063965,0.28440002034053175
1770,35,33,-0.3,-0.5,-0.1036742776632309,-0.2964441776275635,0.28280516627666663
1771,35,34,-0.3,-0.5,-0.09725779294967651,-0.3011232912540436,0.2840006123255022
1772,35,35,-0.3,-0.5,-0.09830613434314728,-0.2968581020832062,0.28626394487053664
1773,35,36,-0.3,-0.5,-0.09870342910289764,-0.3022828698158264,0.2821566462502657
1774,35,37,-0.3,-0.5,-0.08754310011863708,-0.29917165637016296,0.292352454944889
1775,35,38,-0.3,-0.5,-0.09717066586017609,-0.2952306866645813,0.2882190321118007
1776,35,39,-0.3,-0.5,-0.10661797225475311,-0.28524667024612427,0.2889906595294047
1777,35,40,-0.3,-0.5,-0.09592455625534058,-0.30444034934043884,0.282648834608723
1778,35,41,-0.3,-0.5,-0.09546849131584167,-0.22305653989315033,0.344283049452877
1779,35,42,-0.3,-0.5,-0.09020116925239563,-0.2597787380218506,0.3189385584864844
1780,35,43,-0.3,-0.5,-0.10130162537097931,-0.29432618618011475,0.2859768553072634
1781,35,44,-0.3,-0.5,-0.09870275855064392,-0.30041950941085815,0.2834659620464561
1782,35,45,-0.3,-0.5,-0.09110578894615173,-0.2994159460067749,0.28960447877780954
1783,35,46,-0.3,-0.5,-0.10019604861736298,-0.298147588968277,0.2840176311911548
1784,35,47,-0.3,-0.5,-0.10086329281330109,-0.3010726869106293,0.28147380702672425
1785,35,48,-0.3,-0.5,-0.09281431138515472,-0.30157503485679626,0.2868769359131006
1786,36,0,-0.2,-0.5,-0.1154375672340393,-0.23960666358470917,0.2737800114778003
1787,36,1,-0.2,-0.5,-0.1207408457994461,-0.2776528596878052,0.23605140188017956
1788,36,2,-0.2,-0.5,-0.11791566014289856,-0.28774386644363403,0.22757527344172082
1789,36,3,-0.2,-0.5,-0.11748236417770386,-0.27620789408683777,0.23852057959586867
1790,36,4,-0.2,-0.5,-0.11805577576160431,-0.2571108043193817,0.25633965215005294
1791,36,5,-0.2,-0.5,-0.12738950550556183,-0.2834997773170471,0.22835198780062113
1792,36,6,-0.2,-0.5,-0.12376971542835236,-0.27046632766723633,0.24186104072470807
1793,36,7,-0.2,-0.5,-0.12521544098854065,-0.27765506505966187,0.23458474025426643
1794,36,8,-0.2,-0.5,-0.11694729328155518,-0.2782539129257202,0.23678910284473415
1795,36,9,-0.2,-0.5,-0.12376843392848969,-0.2732830345630646,0.23918995397517767
1796,36,10,-0.2,-0.5,-0.12167835235595703,-0.2735814154148102,0.2395822529638587
1797,36,11,-0.2,-0.5,-0.11400659382343292,-0.2831283509731293,0.23329847418592828
1798,36,12,-0.2,-0.5,-0.1281399130821228,-0.2783781886100769,0.2329808991647073
1799,36,13,-0.2,-0.5,-0.12167687714099884,-0.27005723118782043,0.24291601121251283
1800,36,14,-0.2,-0.5,-0.11961184442043304,-0.281888484954834,0.23245405686453902
1801,36,15,-0.2,-0.5,-0.11878149211406708,-0.2845911383628845,0.23021169321955676
1802,36,16,-0.2,-0.5,-0.10914209485054016,-0.20730291306972504,0.3064747030761547
1803,36,17,-0.2,-0.5,-0.11817073822021484,-0.2797604501247406,0.23494996789248873
1804,36,18,-0.2,-0.5,-0.11432109773159027,-0.28106603026390076,0.23510201487508975
1805,36,19,-0.2,-0.5,-0.1079944521188736,-0.20194904506206512,0.3119285055590802
1806,36,20,-0.2,-0.5,-0.1297704130411148,-0.2944061756134033,0.21725794694400105
1807,36,21,-0.2,-0.5,-0.12919101119041443,-0.28195875883102417,0.22925072681835384
1808,36,22,-0.2,-0.5,-0.12118062376976013,-0.27945759892463684,0.23420385296021592
1809,36,23,-0.2,-0.5,-0.12436281144618988,-0.2751320004463196,0.2372479747344509
1810,36,24,-0.2,-0.5,-0.11820967495441437,-0.2824304699897766,0.2324352762812307
1811,36,25,-0.2,-0.5,-0.12225593626499176,-0.2851424813270569,0.22849046539478868
1812,36,26,-0.2,-0.5,-0.12556041777133942,-0.27967092394828796,0.23256429897165778
1813,36,27,-0.2,-0.5,-0.1180732250213623,-0.2786743640899658,0.23600218975547949
1814,36,28,-0.2,-0.5,-0.12124097347259521,-0.27756601572036743,0.23596580604413064
1815,36,29,-0.2,-0.5,-0.13155654072761536,-0.254316121339798,0.25503936039500147
1816,36,30,-0.2,-0.5,-0.11470720171928406,-0.2754669785499573,0.24018730016393508
1817,36,31,-0.2,-0.5,-0.11794115602970123,-0.2836570739746094,0.2313826171408939
1818,36,32,-0.2,-0.5,-0.09087572991847992,-0.19327741861343384,0.325556213660964
1819,36,33,-0.2,-0.5,-0.11988134682178497,-0.19494329392910004,0.3154022709270156
1820,36,34,-0.2,-0.5,-0.1322660595178604,-0.283901572227478,0.22646504626320135
1821,36,35,-0.2,-0.5,-0.12270587682723999,-0.2763284146785736,0.23665028957777745
1822,36,36,-0.2,-0.5,-0.13022950291633606,-0.28566974401474,0.22540049000392312
1823,36,37,-0.2,-0.5,-0.12143324315547943,-0.27618521451950073,0.2372041177567285
1824,36,38,-0.2,-0.5,-0.13926182687282562,-0.2666197717189789,0.24115442485537797
1825,36,39,-0.2,-0.5,-0.11515411734580994,-0.27983930706977844,0.23594396477741045
1826,36,40,-0.2,-0.5,-0.12882885336875916,-0.2761673331260681,0.23487527514130166
1827,36,41,-0.2,-0.5,-0.12149746716022491,-0.2875385284423828,0.2265006060890084
1828,36,42,-0.2,-0.5,-0.11585699021816254,-0.21219395101070404,0.29985391097995606
1829,36,43,-0.2,-0.5,-0.12313126027584076,-0.2876303791999817,0.22585318015366554
1830,36,44,-0.2,-0.5,-0.1284966617822647,-0.2772499620914459,0.2339450934825138
1831,36,45,-0.2,-0.5,-0.1169024258852005,-0.27914008498191833,0.23597522938977908
1832,36,46,-0.2,-0.5,-0.11401119828224182,-0.28268590569496155,0.23370812909369473
1833,36,47,-0.2,-0.5,-0.1246723085641861,-0.2837381362915039,0.22900535974452943
1834,36,48,-0.2,-0.5,-0.1301996111869812,-0.28461363911628723,0.2264141752037128
1835,37,0,-0.1,-0.5,-0.08933927118778229,-0.40803834795951843,0.0925775166269989
1836,37,1,-0.1,-0.5,-0.09362606704235077,-0.4155706465244293,0.08466960936281367
1837,37,2,-0.1,-0.5,-0.09719054400920868,-0.41861310601234436,0.08143537042294392
1838,37,3,-0.1,-0.5,-0.08914946019649506,-0.41464877128601074,0.08603816860565519
1839,37,4,-0.1,-0.5,-0.08869367837905884,-0.41128844022750854,0.0894291548985256
1840,37,5,-0.1,-0.5,-0.08866186439990997,-0.41328781843185425,0.08745030446598287
1841,37,6,-0.1,-0.5,-0.10408943891525269,-0.40618976950645447,0.09389932297888906
1842,37,7,-0.1,-0.5,-0.08389109373092651,-0.4170174300670624,0.08453167319922561
1843,37,8,-0.1,-0.5,-0.08981716632843018,-0.41496673226356506,0.08564080057728958
1844,37,9,-0.1,-0.5,-0.09072774648666382,-0.41308003664016724,0.08741312667837849
1845,37,10,-0.1,-0.5,-0.08746346831321716,-0.4098208248615265,0.09104640715255703
1846,37,11,-0.1,-0.5,-0.09166443347930908,-0.41051965951919556,0.0898677528470672
1847,37,12,-0.1,-0.5,-0.09234744310379028,-0.414051353931427,0.08628865156015915
1848,37,13,-0.1,-0.5,-0.0931657999753952,-0.41850030422210693,0.08178573654290477
1849,37,14,-0.1,-0.5,-0.08562125265598297,-0.40856537222862244,0.09255830341397495
1850,37,15,-0.1,-0.5,-0.09171028435230255,-0.41382846236228943,0.08656935534221709
1851,37,16,-0.1,-0.5,-0.09026062488555908,-0.3927905559539795,0.10765091880832506
1852,37,17,-0.1,-0.5,-0.08988289535045624,-0.4132710099220276,0.08731708610824607
1853,37,18,-0.1,-0.5,-0.09133605659008026,-0.4089165925979614,0.09149454092663685
1854,37,19,-0.1,-0.5,-0.08800791203975677,-0.4058474004268646,0.09491323500979926
1855,37,20,-0.1,-0.5,-0.08196741342544556,-0.4005001187324524,0.10112072265774644
1856,37,21,-0.1,-0.5,-0.09012512862682343,-0.41238483786582947,0.08816989123523841
1857,37,22,-0.1,-0.5,-0.0888369232416153,-0.41208186745643616,0.08862399400084182
1858,37,23,-0.1,-0.5,-0.09037955105304718,-0.41488024592399597,0.08566169255799427
1859,37,24,-0.1,-0.5,-0.08978594839572906,-0.41862204670906067,0.0820164503742817
1860,37,25,-0.1,-0.5,-0.08229084312915802,-0.40634477138519287,0.09531482614980671
1861,37,26,-0.1,-0.5,-0.09083831310272217,-0.394197940826416,0.10619798600808925
1862,37,27,-0.1,-0.5,-0.0921151340007782,-0.4123418629169464,0.088012045247779
1863,37,28,-0.1,-0.5,-0.08808577060699463,-0.41326236724853516,0.08755207477471416
1864,37,29,-0.1,-0.5,-0.09370581805706024,-0.40104639530181885,0.09915358091917169
1865,37,30,-0.1,-0.5,-0.09005285799503326,-0.41567492485046387,0.08490973991858584
1866,37,31,-0.1,-0.5,-0.09133419394493103,-0.4164392352104187,0.08400891385325607
1867,37,32,-0.1,-0.5,-0.08725602924823761,-0.40861809253692627,0.09226625494790361
1868,37,33,-0.1,-0.5,-0.09174253046512604,-0.41445788741111755,0.08593973952304261
1869,37,34,-0.1,-0.5,-0.08908773958683014,-0.4133731424808502,0.08731145326340589
1870,37,35,-0.1,-0.5,-0.092689648270607,-0.4191339313983917,0.08119582682310375
1871,37,36,-0.1,-0.5,-0.09110549092292786,-0.4128364324569702,0.08761620739652244
1872,37,37,-0.1,-0.5,-0.09348957240581512,-0.40943166613578796,0.09080203062926787
1873,37,38,-0.1,-0.5,-0.08460958302021027,-0.41016048192977905,0.09114825254441994
1874,37,39,-0.1,-0.5,-0.08927269279956818,-0.41017696261405945,0.0904613351935981
1875,37,40,-0.1,-0.5,-0.09140238165855408,-0.4116615355014801,0.08875586375615657
1876,37,41,-0.1,-0.5,-0.08665476739406586,-0.4126557409763336,0.08835787920553444
1877,37,42,-0.1,-0.5,-0.08661125600337982,-0.4043523371219635,0.0965801940349964
1878,37,43,-0.1,-0.5,-0.09190194308757782,-0.4138047993183136,0.08657477199688729
1879,37,44,-0.1,-0.5,-0.10646690428256989,-0.4121834933757782,0.08805429964903425
1880,37,45,-0.1,-0.5,-0.09339706599712372,-0.41728222370147705,0.08298089691741603
1881,37,46,-0.1,-0.5,-0.09539817273616791,-0.41762208938598633,0.0825063450365884
1882,37,47,-0.1,-0.5,-0.09116236865520477,-0.4171801805496216,0.08329001273610051
1883,37,48,-0.1,-0.5,-0.09596355259418488,-0.3899762034416199,0.11009781431427115
1884,37,49,-0.1,-0.5,-0.09772035479545593,-0.4175696074962616,0.082461908725053
1885,38,0,0.0,-0.5,6.414204835891724e-05,-0.24882496893405914,0.2511750392558519
1886,38,1,0.0,-0.5,-0.0009298361837863922,-0.2368510216474533,0.26315062113420473
1887,38,2,0.0,-0.5,-0.0012030377984046936,-0.2647245526313782,0.23527852310495645
1888,38,3,0.0,-0.5,0.00512685626745224,-0.2629481256008148,0.23710730864179236
1889,38,4,0.0,-0.5,0.005256101489067078,-0.26387709379196167,0.2361813994348273
1890,38,5,0.0,-0.5,0.01873084157705307,-0.2780335545539856,0.22275535308971398
1891,38,6,0.0,-0.5,-0.005021192133426666,-0.24753154814243317,0.2525183786455895
1892,38,7,0.0,-0.5,0.012517280876636505,-0.2647877037525177,0.23554512651837647
1893,38,8,0.0,-0.5,0.0026307404041290283,-0.28669455647468567,0.21332166564276817
1894,38,9,0.0,-0.5,0.025147181004285812,-0.27932438254356384,0.2221038244881021
1895,38,10,0.0,-0.5,0.0015176944434642792,-0.19904623925685883,0.30095758754659035
1896,38,11,0.0,-0.5,0.007037162780761719,-0.2801283001899719,0.21998428588731977
1897,38,12,0.0,-0.5,-0.006345044821500778,-0.2744884192943573,0.22560082585430502
1898,38,13,0.0,-0.5,0.006934143602848053,-0.23529298603534698,0.26479782021305975
1899,38,14,0.0,-0.5,-0.01882367581129074,-0.26214322447776794,0.2386004535471005
1900,38,15,0.0,-0.5,0.0036540143191814423,-0.2789762318134308,0.2210539706135926
1901,38,16,0.0,-0.5,0.019994810223579407,-0.24913625419139862,0.2516593161339344
1902,38,17,0.0,-0.5,-0.01845291256904602,-0.3045394718647003,0.19632964127001082
1903,38,18,0.0,-0.5,0.004474405199289322,-0.2669077217578888,0.23313521929984157
1904,38,19,0.0,-0.5,0.0004175230860710144,-0.2374088317155838,0.262591500217547
1905,38,20,0.0,-0.5,0.005522590130567551,-0.2698037028312683,0.23026253327874527
1906,38,21,0.0,-0.5,0.012505024671554565,-0.24175576865673065,0.2585468210288268
1907,38,22,0.0,-0.5,0.005277030169963837,-0.2385101169347763,0.26154312453757805
1908,38,23,0.0,-0.5,-0.012471005320549011,-0.28186270594596863,0.2184934896762833
1909,38,24,0.0,-0.5,0.004142116755247116,-0.2782834768295288,0.22175521138863047
1910,38,25,0.0,-0.5,-0.0001464560627937317,-0.2876889407634735,0.21231110975055967
1911,38,26,0.0,-0.5,0.00016734376549720764,-0.2834482192993164,0.21655184535942612
1912,38,27,0.0,-0.5,0.008611060678958893,-0.2677282691001892,0.23243129595906578
1913,38,28,0.0,-0.5,0.007675342261791229,-0.27524667978286743,0.22488433877764938
1914,38,29,0.0,-0.5,-0.006907451897859573,-0.2916193902492523,0.20849506327924083
1915,38,30,0.0,-0.5,0.014896266162395477,-0.2672003209590912,0.23327577951242834
1916,38,31,0.0,-0.5,0.010832950472831726,-0.2552601993083954,0.24497943354190607
1917,38,32,0.0,-0.5,-0.012655414640903473,-0.26238319277763367,0.23795358075533218
1918,38,33,0.0,-0.5,0.012020856142044067,-0.21119169890880585,0.2890583604768587
1919,38,34,0.0,-0.5,-0.032000213861465454,-0.29894423484802246,0.20358642977376137
1920,38,35,0.0,-0.5,-0.0015754252672195435,-0.2659669816493988,0.2340383208858443
1921,38,36,0.0,-0.5,-0.004887484014034271,-0.27709484100341797,0.22295873476336145
1922,38,37,0.0,-0.5,0.024079058319330215,-0.27680185437202454,0.22449323656028627
1923,38,38,0.0,-0.5,0.004788458347320557,-0.29248592257499695,0.20756931772999154
1924,38,39,0.0,-0.5,0.01769072562456131,-0.23590491712093353,0.26468693691609435
1925,38,40,0.0,-0.5,-0.00295889750123024,-0.2821637988090515,0.2178562958092471
1926,38,41,0.0,-0.5,-0.008563235402107239,-0.2739792764186859,0.22618288283769994
1927,38,42,0.0,-0.5,0.003265034407377243,-0.2849079370498657,0.21511684265492995
1928,38,43,0.0,-0.5,0.018437381833791733,-0.27540865540504456,0.22534686400270817
1929,38,44,0.0,-0.5,0.025010623037815094,-0.2698318660259247,0.23152300352631824
1930,38,45,0.0,-0.5,-0.0037568770349025726,-0.27743417024612427,0.22259753524935216
1931,38,46,0.0,-0.5,0.0173967182636261,-0.2433978170156479,0.2571912248088548
1932,38,47,0.0,-0.5,0.018102020025253296,-0.23759634792804718,0.2630272984876154
1933,38,48,0.0,-0.5,0.003439348191022873,-0.2860628664493561,0.2139647780076084
1934,38,49,0.0,-0.5,0.003231339156627655,-0.25291237235069275,0.24710875599643947
1935,39,0,0.1,-0.5,-0.07425464689731598,-0.5419444441795349,0.1792317448524072
1936,39,1,0.1,-0.5,-0.0694955512881279,-0.5444496870040894,0.17522704295064706
1937,39,2,0.1,-0.5,-0.06801574677228928,-0.5481041073799133,0.17476640498181642
1938,39,3,0.1,-0.5,-0.08719465136528015,-0.5511202216148376,0.19404925807051904
1939,39,4,0.1,-0.5,-0.0752912163734436,-0.5519520044326782,0.1828278460800062
1940,39,5,0.1,-0.5,-0.07728856801986694,-0.5467330813407898,0.1833445315305037
1941,39,6,0.1,-0.5,-0.0784008651971817,-0.541965901851654,0.1832703075277762
1942,39,7,0.1,-0.5,-0.07534091174602509,-0.5412648916244507,0.18013113726589589
1943,39,8,0.1,-0.5,-0.07007822394371033,-0.5424367189407349,0.17529254797138927
1944,39,9,0.1,-0.5,-0.07267005741596222,-0.5461519956588745,0.1787315177335225
1945,39,10,0.1,-0.5,-0.07182170450687408,-0.5497457981109619,0.17887801030127806
1946,39,11,0.1,-0.5,-0.07561807334423065,-0.551439642906189,0.18299656976964299
1947,39,12,0.1,-0.5,-0.07197938859462738,-0.5498918294906616,0.17907011127295114
1948,39,13,0.1,-0.5,-0.06299106776714325,-0.5486252307891846,0.17008968587534914
1949,39,14,0.1,-0.5,-0.07105892896652222,-0.543582558631897,0.17652364316452465
1950,39,15,0.1,-0.5,-0.07580165565013885,-0.5416942834854126,0.180678264892853
1951,39,16,0.1,-0.5,-0.07069297134876251,-0.5446875691413879,0.17644565538328166
1952,39,17,0.1,-0.5,-0.0808047205209732,-0.5499377250671387,0.1875743141998615
1953,39,18,0.1,-0.5,-0.06690581142902374,-0.5509122014045715,0.17449814365958308
1954,39,19,0.1,-0.5,-0.07204772531986237,-0.5500370264053345,0.17917623670349522
1955,39,20,0.1,-0.5,-0.07627066969871521,-0.5504574775695801,0.18335022781201618
1956,39,21,0.1,-0.5,-0.07180748879909515,-0.5441677570343018,0.17739392314533303
1957,39,22,0.1,-0.5,-0.07942651212215424,-0.5439650416374207,0.18473439890421517
1958,39,23,0.1,-0.5,-0.0702572613954544,-0.5436018109321594,0.1757516798623668
1959,39,24,0.1,-0.5,-0.07433721423149109,-0.5473755598068237,0.18065964666467924
1960,39,25,0.1,-0.5,-0.0789937674999237,-0.5486677289009094,0.1854920932012714
1961,39,26,0.1,-0.5,-0.05833113193511963,-0.5493515133857727,0.1658442619246212
1962,39,27,0.1,-0.5,-0.07426118850708008,-0.5497678518295288,0.18122858741276454
1963,39,28,0.1,-0.5,-0.085537388920784,-0.5228683352470398,0.1869413903995401
1964,39,29,0.1,-0.5,-0.07689779996871948,-0.5432847738265991,0.18211645526693335
1965,39,30,0.1,-0.5,-0.0722355842590332,-0.5417649149894714,0.1772269861198579
1966,39,31,0.1,-0.5,-0.07892176508903503,-0.5449720621109009,0.1844870846240532
1967,39,32,0.1,-0.5,-0.07297192513942719,-0.5483934283256531,0.17961406067329397
1968,39,33,0.1,-0.5,-0.07602600753307343,-0.5500940084457397,0.18301520431427404
1969,39,34,0.1,-0.5,-0.07267330586910248,-0.5523755550384521,0.18044187242807738
1970,39,35,0.1,-0.5,-0.07097156345844269,-0.5505018830299377,0.17827427100115656
1971,39,36,0.1,-0.5,-0.07136829197406769,-0.5461482405662537,0.17747324193091796
1972,39,37,0.1,-0.5,-0.07597969472408295,-0.5416914224624634,0.18085084368651705
1973,39,38,0.1,-0.5,-0.08870543539524078,-0.524311363697052,0.19026503554914587
1974,39,39,0.1,-0.5,-0.07730881869792938,-0.5449661016464233,0.1829217523569345
1975,39,40,0.1,-0.5,-0.07285246253013611,-0.5498880743980408,0.1799077368260647
1976,39,41,0.1,-0.5,-0.07258401811122894,-0.5510463118553162,0.17997491286689707
1977,39,42,0.1,-0.5,-0.07521601021289825,-0.5500966310501099,0.1822369959077939
1978,39,43,0.1,-0.5,-0.058740049600601196,-0.5138447880744934,0.15934265437737935
1979,39,44,0.1,-0.5,-0.07396921515464783,-0.544076144695282,0.17946585845982957
1980,39,45,0.1,-0.5,-0.08539922535419464,-0.5399643182754517,0.18965763759247095
1981,39,46,0.1,-0.5,-0.07422585785388947,-0.5439602136611938,0.17968625414889564
1982,39,47,0.1,-0.5,-0.07598040997982025,-0.547748327255249,0.18234310365994097
1983,39,48,0.1,-0.5,-0.07585000991821289,-0.5512282252311707,0.18315992205876025
1984,39,49,0.1,-0.5,-0.07311971485614777,-0.5502728223800659,0.18027144072739743
1985,40,0,0.2,-0.5,-0.023267507553100586,-0.29533910751342773,0.30287697311346423
1986,40,1,0.2,-0.5,-0.02604016661643982,-0.29698240756988525,0.3038261011830749
1987,40,2,0.2,-0.5,-0.022519797086715698,-0.3015905022621155,0.2981298188509709
1988,40,3,0.2,-0.5,-0.028529629111289978,-0.3024842143058777,0.3020567446360207
1989,40,4,0.2,-0.5,-0.02712322026491165,-0.29865318536758423,0.30352182284989654
1990,40,5,0.2,-0.5,-0.026746779680252075,-0.2939668893814087,0.3063719059681182
1991,40,6,0.2,-0.5,-0.023036696016788483,-0.2954186499118805,0.3026530960918177
1992,40,7,0.2,-0.5,-0.027980566024780273,-0.29448258876800537,0.3069406209749371
1993,40,8,0.2,-0.5,-0.010187901556491852,-0.24805526435375214,0.32810837200623094
1994,40,9,0.2,-0.5,-0.029100626707077026,-0.30402296781539917,0.30148647449174154
1995,40,10,0.2,-0.5,-0.02728424221277237,-0.2974961996078491,0.3044107684223708
1996,40,11,0.2,-0.5,-0.026018433272838593,-0.2982444763183594,0.3029680239153328
1997,40,12,0.2,-0.5,-0.02611023187637329,-0.29394686222076416,0.3059145837449664
1998,40,13,0.2,-0.5,-0.024283654987812042,-0.2916005253791809,0.3061592705062601
1999,40,14,0.2,-0.5,-0.02868528664112091,-0.2993272840976715,0.30424743094026
2000,40,15,0.2,-0.5,-0.02664848417043686,-0.30128470063209534,0.30142545609094257
2001,40,16,0.2,-0.5,-0.026364609599113464,-0.30123886466026306,0.30124230347097714
2002,40,17,0.2,-0.5,-0.023955971002578735,-0.30100542306900024,0.29959158632320676
2003,40,18,0.2,-0.5,-0.021174617111682892,-0.2931849956512451,0.30280465200897266
2004,40,19,0.2,-0.5,-0.02435384690761566,-0.2934418320655823,0.30496053082762853
2005,40,20,0.2,-0.5,-0.031668342649936676,-0.2945985496044159,0.3096126237910497
2006,40,21,0.2,-0.5,-0.03145509958267212,-0.30243340134620667,0.3043090929079408
2007,40,22,0.2,-0.5,-0.022141456604003906,-0.2998605966567993,0.299002688136279
2008,40,23,0.2,-0.5,-0.027805596590042114,-0.29819315671920776,0.3043376280263472
2009,40,24,0.2,-0.5,-0.026130259037017822,-0.2983268201351166,0.30299664276846766
2010,40,25,0.2,-0.5,-0.030879534780979156,-0.29521065950393677,0.308616320957745
2011,40,26,0.2,-0.5,-0.025522738695144653,-0.2918415665626526,0.3069046090883112
2012,40,27,0.2,-0.5,-0.032176367938518524,-0.2980668842792511,0.30770578326351244
2013,40,28,0.2,-0.5,-0.03169719874858856,-0.30041784048080444,0.30580488927793253
2014,40,29,0.2,-0.5,-0.027216918766498566,-0.3007238209247589,0.3022226393250002
2015,40,30,0.2,-0.5,-0.026900149881839752,-0.29871201515197754,0.3033158928585495
2016,40,31,0.2,-0.5,-0.028944283723831177,-0.29255762696266174,0.3089463111629273
2017,40,32,0.2,-0.5,-0.026360303163528442,-0.2954100966453552,0.30511639648328864
2018,40,33,0.2,-0.5,-0.02819427102804184,-0.2994529902935028,0.30379553721580127
2019,40,34,0.2,-0.5,-0.025755636394023895,-0.2988286018371582,0.30238309939952557
2020,40,35,0.2,-0.5,-0.0043868012726306915,-0.2439582198858261,0.3276146481744869
2021,40,36,0.2,-0.5,-0.02793613076210022,-0.29999667406082153,0.30324282364720606
2022,40,37,0.2,-0.5,-0.026763930916786194,-0.29381832480430603,0.3064845241628615
2023,40,38,0.2,-0.5,-0.02639394998550415,-0.2966346740722656,0.3043216659716041
2024,40,39,0.2,-0.5,-0.03060494363307953,-0.29854896664619446,0.30620443965973426
2025,40,40,0.2,-0.5,-0.028249502182006836,-0.3006274402141571,0.30306311692763516
2026,40,41,0.2,-0.5,-0.02554544061422348,-0.2999720871448517,0.3014662695942135
2027,40,42,0.2,-0.5,-0.027688659727573395,-0.2980650067329407,0.3043351233004597
2028,40,43,0.2,-0.5,-0.02644266188144684,-0.2987338602542877,0.30295930110840935
2029,40,44,0.2,-0.5,-0.020949214696884155,-0.29163220524787903,0.3037032982452311
2030,40,45,0.2,-0.5,-0.025950580835342407,-0.2952200174331665,0.304940168295194
2031,40,46,0.2,-0.5,-0.027916319668293,-0.30108460783958435,0.302511457649907
2032,40,47,0.2,-0.5,-0.029966458678245544,-0.3010759651660919,0.3040647032320836
2033,40,48,0.2,-0.5,-0.029267579317092896,-0.2946443557739258,0.307789804154435
2034,41,0,0.3,-0.5,-0.129999041557312,-0.33289968967437744,0.46132601211196217
2035,41,1,0.3,-0.5,-0.0821029543876648,-0.2645469307899475,0.44882158543480905
2036,41,2,0.3,-0.5,-0.12659461796283722,-0.3176158368587494,0.4639471425061193
2037,41,3,0.3,-0.5,-0.11712092161178589,-0.3058699369430542,0.46008297580845064
2038,41,4,0.3,-0.5,-0.11787481606006622,-0.32037320733070374,0.4548462889173578
2039,41,5,0.3,-0.5,-0.13183453679084778,-0.327548623085022,0.4649952091852537
2040,41,6,0.3,-0.5,-0.1240474134683609,-0.30939850211143494,0.4649141209584537
2041,41,7,0.3,-0.5,-0.10976257920265198,-0.2836555242538452,0.4633684317049319
2042,41,8,0.3,-0.5,-0.12125657498836517,-0.3133589029312134,0.4607515611324267
2043,41,9,0.3,-0.5,-0.13234606385231018,-0.3356057107448578,0.46254578288888254
2044,41,10,0.3,-0.5,-0.13160617649555206,-0.32968440651893616,0.46399492774373796
2045,41,11,0.3,-0.5,-0.12312528491020203,-0.34934839606285095,0.4491446454085535
2046,41,12,0.3,-0.5,-0.12417438626289368,-0.3298378586769104,0.45703289192481716
2047,41,13,0.3,-0.5,-0.12522496283054352,-0.3134867548942566,0.46433119603803513
2048,41,14,0.3,-0.5,-0.12594227492809296,-0.3287898600101471,0.45906397550479183
2049,41,15,0.3,-0.5,-0.11733916401863098,-0.3147098124027252,0.4566228547101021
2050,41,16,0.3,-0.5,-0.12099948525428772,-0.28069624304771423,0.4746943273284003
2051,41,17,0.3,-0.5,-0.13258706033229828,-0.3221080005168915,0.46773617376362686
2052,41,18,0.3,-0.5,-0.13596464693546295,-0.33861345052719116,0.4648771791863978
2053,41,19,0.3,-0.5,-0.13072514533996582,-0.3194224536418915,0.46704646565074176
2054,41,20,0.3,-0.5,-0.11927244067192078,-0.31194284558296204,0.45951591140506004
2055,41,21,0.3,-0.5,-0.1356401890516281,-0.32187211513519287,0.47065052606296776
2056,41,22,0.3,-0.5,-0.10912862420082092,-0.3273318409919739,0.44407265652782263
2057,41,23,0.3,-0.5,-0.1271437704563141,-0.3301669955253601,0.45966841315074
2058,41,24,0.3,-0.5,-0.10418058931827545,-0.2669577896595001,0.46655184125888327
2059,41,25,0.3,-0.5,-0.1353204846382141,-0.33250692486763,0.4664309751323848
2060,41,26,0.3,-0.5,-0.13161201775074005,-0.3380298316478729,0.4610024612763814
2061,41,27,0.3,-0.5,-0.12545272707939148,-0.3264803886413574,0.4594769618874765
2062,41,28,0.3,-0.5,-0.11944720149040222,-0.3171641528606415,0.4575640958787052
2063,41,29,0.3,-0.5,-0.1312723308801651,-0.3376469910144806,0.4608191867852973
2064,41,30,0.3,-0.5,-0.11786368489265442,-0.3282424509525299,0.45178613835183307
2065,41,31,0.3,-0.5,-0.11640310287475586,-0.32140007615089417,0.45308881787419
2066,41,32,0.3,-0.5,-0.12538324296474457,-0.3299594223499298,0.458109922881804
2067,41,33,0.3,-0.5,-0.10535335540771484,-0.3482479155063629,0.43282795414397296
2068,41,34,0.3,-0.5,-0.12449674308300018,-0.33344048261642456,0.45600390099112553
2069,41,35,0.3,-0.5,-0.13777950406074524,-0.3369739055633545,0.46714922845161383
2070,41,36,0.3,-0.5,-0.128665491938591,-0.33952319622039795,0.4577192464057756
2071,41,37,0.3,-0.5,-0.1307193487882614,-0.33165237307548523,0.4624500847785624
2072,41,38,0.3,-0.5,-0.13063837587833405,-0.3239986300468445,0.4652159638324085
2073,41,39,0.3,-0.5,-0.1169387549161911,-0.3224885165691376,0.4531536738247733
2074,41,40,0.3,-0.5,-0.13054300844669342,-0.3644388020038605,0.4513802394040728
2075,41,41,0.3,-0.5,-0.07455500960350037,-0.26156556606292725,0.4440072460061553
2076,41,42,0.3,-0.5,-0.11762210726737976,-0.314120352268219,0.4571208460782967
2077,41,43,0.3,-0.5,-0.11669811606407166,-0.3278469741344452,0.45085916231791595
2078,41,44,0.3,-0.5,-0.12700484693050385,-0.3206600546836853,0.46313708045048796
2079,41,45,0.3,-0.5,-0.11997087299823761,-0.32423949241638184,0.4552661751030411
2080,41,46,0.3,-0.5,-0.11875380575656891,-0.3098616302013397,0.45989928191431473
2081,41,47,0.3,-0.5,-0.11590023338794708,-0.30613547563552856,0.45886431321166343
2082,41,48,0.3,-0.5,-0.13010717928409576,-0.3319510817527771,0.46177118207590984
2083,42,0,0.4,-0.5,-0.16954724490642548,0.0544680580496788,0.7948703614916597
2084,42,1,0.4,-0.5,-0.19262760877609253,0.1316942572593689,0.8661669107845988
2085,42,2,0.4,-0.5,-0.15436597168445587,0.16055525839328766,0.8623542659213057
2086,42,3,0.4,-0.5,-0.11946383118629456,0.11711616814136505,0.8066443063037293
2087,42,4,0.4,-0.5,-0.1606122851371765,0.07051049172878265,0.7998552090343254
2088,42,5,0.4,-0.5,-0.40777868032455444,0.2965681552886963,1.1344722219635504
2089,42,6,0.4,-0.5,-0.14350926876068115,0.14375154674053192,0.8425071982835504
2090,42,7,0.4,-0.5,-0.13965637981891632,0.1287466585636139,0.8285839540651075
2091,42,8,0.4,-0.5,-0.20929951965808868,0.1637842059135437,0.9010301752304699
2092,42,9,0.4,-0.5,-0.1706196516752243,0.12682655453681946,0.8476545973157078
2093,42,10,0.4,-0.5,-0.17757748067378998,0.15695162117481232,0.874746351090244
2094,42,11,0.4,-0.5,-0.17526692152023315,0.22320644557476044,0.9240993420169961
2095,42,12,0.4,-0.5,-0.25346070528030396,0.1368807852268219,0.9124845357246146
2096,42,13,0.4,-0.5,-0.14349006116390228,0.08543252944946289,0.7988195623052421
2097,42,14,0.4,-0.5,-0.132390096783638,0.08022712171077728,0.7874660169950602
2098,42,15,0.4,-0.5,-0.20167814195156097,0.10287714004516602,0.8517496301679981
2099,42,16,0.4,-0.5,-0.14992009103298187,0.09156055748462677,0.8076855821996859
2100,42,17,0.4,-0.5,-0.1678042858839035,0.19244195520877838,0.8954761685279433
2101,42,18,0.4,-0.5,-0.16821618378162384,0.21209600567817688,0.9110161100738923
2102,42,19,0.4,-0.5,-0.16553469002246857,0.06581191718578339,0.7999828818470189
2103,42,20,0.4,-0.5,-0.16797330975532532,0.23142749071121216,0.9260560753877267
2104,42,21,0.4,-0.5,-0.21525178849697113,0.21695078909397125,0.9447503359254178
2105,42,22,0.4,-0.5,-0.15196312963962555,0.13537459075450897,0.8416437292928819
2106,42,23,0.4,-0.5,-0.14127345383167267,0.14800353348255157,0.8443254889133339
2107,42,24,0.4,-0.5,-0.1707673966884613,0.11247281730175018,0.8371967349769506
2108,42,25,0.4,-0.5,-0.13125480711460114,0.1140976995229721,0.8120022503920655
2109,42,26,0.4,-0.5,-0.16344527900218964,0.19501562416553497,0.8947163239061102
2110,42,27,0.4,-0.5,-0.129640594124794,0.1292303204536438,0.8224657774783459
2111,42,28,0.4,-0.5,-0.1509915590286255,0.14473049342632294,0.8480973454000108
2112,42,29,0.4,-0.5,-0.14369964599609375,0.10969668626785278,0.8169084124320658
2113,42,30,0.4,-0.5,-0.15021871030330658,0.15012460947036743,0.8517057220700304
2114,42,31,0.4,-0.5,-0.14003817737102509,0.14451979100704193,0.8408608648391123
2115,42,32,0.4,-0.5,-0.19419023394584656,0.1518210768699646,0.882004960512434
2116,42,33,0.4,-0.5,-0.24229691922664642,0.1561831682920456,0.9182165772832835
2117,42,34,0.4,-0.5,-0.1416894942522049,0.09262150526046753,0.8028871381958936
2118,42,35,0.4,-0.5,-0.11293113231658936,0.17400653660297394,0.8469847447759107
2119,42,36,0.4,-0.5,-0.14545083045959473,0.12869586050510406,0.8323311200870209
2120,42,37,0.4,-0.5,-0.13820914924144745,0.01936735026538372,0.7479381878530394
2121,42,38,0.4,-0.5,-0.11221839487552643,0.17825469374656677,0.8499394764558884
2122,42,39,0.4,-0.5,-0.13954322040081024,0.18918250501155853,0.8752596254223568
2123,42,40,0.4,-0.5,-0.1334826946258545,0.09549209475517273,0.7995089870546587
2124,42,41,0.4,-0.5,-0.1328066736459732,0.15534093976020813,0.8446032789466776
2125,42,42,0.4,-0.5,-0.12950804829597473,0.12776564061641693,0.8212602953684981
2126,42,43,0.4,-0.5,-0.29599320888519287,0.1323292851448059,0.9403440177222637
2127,42,44,0.4,-0.5,-0.16521325707435608,0.08728644251823425,0.8150898058118046
2128,42,45,0.4,-0.5,-0.19833578169345856,0.09860770404338837,0.84636687730252
2129,42,46,0.4,-0.5,-0.16912823915481567,0.10735112428665161,0.8323354736977878
2130,42,47,0.4,-0.5,-0.12319853901863098,0.2033451795578003,0.8766020493008354
2131,42,48,0.4,-0.5,-0.11450815200805664,0.1509854942560196,0.8297594544291133
2132,43,0,0.5,-0.5,-0.15817199647426605,-0.13329662382602692,0.7534333036442653
2133,43,1,0.5,-0.5,-0.17867018282413483,-0.15217325091362,0.762611738982914
2134,43,2,0.5,-0.5,-0.1638289988040924,-0.1342141032218933,0.7579368456111679
2135,43,3,0.5,-0.5,-0.17967097461223602,-0.15791335701942444,0.7609046622514982
2136,43,4,0.5,-0.5,-0.19240106642246246,-0.16928379237651825,0.767328121971182
2137,43,5,0.5,-0.5,-0.17540273070335388,-0.1808200478553772,0.7470238888366227
2138,43,6,0.5,-0.5,-0.17031706869602203,-0.1303122639656067,0.7655024459526323
2139,43,7,0.5,-0.5,-0.19443272054195404,-0.16160820424556732,0.772493243202301
2140,43,8,0.5,-0.5,-0.15817786753177643,-0.16369396448135376,0.7391210014841586
2141,43,9,0.5,-0.5,-0.1618865728378296,-0.16673487424850464,0.741052953131669
2142,43,10,0.5,-0.5,-0.1936262547969818,-0.15735478699207306,0.7736427620943243
2143,43,11,0.5,-0.5,-0.17561601102352142,-0.1520531177520752,0.759950016262508
2144,43,12,0.5,-0.5,-0.18141186237335205,-0.1746751219034195,0.7550883408526946
2145,43,13,0.5,-0.5,-0.19114899635314941,-0.15275165438652039,0.7734780854628426
2146,43,14,0.5,-0.5,-0.17269213497638702,-0.16233184933662415,0.752684853329409
2147,43,15,0.5,-0.5,-0.1717902272939682,-0.1632276028394699,0.7514770501997591
2148,43,16,0.5,-0.5,-0.182372584939003,-0.15863226354122162,0.7629969044310251
2149,43,17,0.5,-0.5,-0.16785576939582825,-0.16745541989803314,0.7460678430749359
2150,43,18,0.5,-0.5,-0.1878260225057602,-0.1712106466293335,0.7623693829935693
2151,43,19,0.5,-0.5,-0.17547564208507538,-0.17979414761066437,0.747528682362507
2152,43,20,0.5,-0.5,-0.18881061673164368,-0.16468404233455658,0.7660919378164222
2153,43,21,0.5,-0.5,-0.19625331461429596,-0.1708117574453354,0.7701516585372147
2154,43,22,0.5,-0.5,-0.16828440129756927,-0.14752422273159027,0.7555416696507349
2155,43,23,0.5,-0.5,-0.17559842765331268,-0.1675288826227188,0.7529742886299148
2156,43,24,0.5,-0.5,-0.1882806271314621,-0.15598593652248383,0.7694646824609894
2157,43,25,0.5,-0.5,-0.16428335011005402,-0.160763218998909,0.7458913880836933
2158,43,26,0.5,-0.5,-0.1566208004951477,-0.16299571096897125,0.7380533628865854
2159,43,27,0.5,-0.5,-0.19823302328586578,-0.14516299962997437,0.7832232450831104
2160,43,28,0.5,-0.5,-0.18269486725330353,-0.158254474401474,0.7634541807080623
2161,43,29,0.5,-0.5,-0.2057623714208603,-0.17749279737472534,0.7759583884840581
2162,43,30,0.5,-0.5,-0.1752500981092453,-0.16940167546272278,0.7518363832532982
2163,43,31,0.5,-0.5,-0.20175199210643768,-0.19018958508968353,0.7670973547159814
2164,43,32,0.5,-0.5,-0.1841406524181366,-0.15174759924411774,0.7676771241370615
2165,43,33,0.5,-0.5,-0.18115179240703583,-0.17571362853050232,0.7544066642204128
2166,43,34,0.5,-0.5,-0.1777310073375702,-0.1622713953256607,0.757218547529096
2167,43,35,0.5,-0.5,-0.1639365553855896,-0.16675136983394623,0.7428771090058122
2168,43,36,0.5,-0.5,-0.18584021925926208,-0.14254985749721527,0.7733999034967963
2169,43,37,0.5,-0.5,-0.18782129883766174,-0.16929376125335693,0.7631937863221108
2170,43,38,0.5,-0.5,-0.18824651837348938,-0.16648529469966888,0.7647975736786804
2171,43,39,0.5,-0.5,-0.16504783928394318,-0.1749972254037857,0.7402130990677477
2172,43,40,0.5,-0.5,-0.18816564977169037,-0.15213064849376678,0.7710934101929935
2173,43,41,0.5,-0.5,-0.1934472769498825,-0.1814928948879242,0.763096259927987
2174,43,42,0.5,-0.5,-0.17036855220794678,-0.16447679698467255,0.7496464603738507
2175,43,43,0.5,-0.5,-0.19244952499866486,-0.15985317528247833,0.7714831216794629
2176,43,44,0.5,-0.5,-0.18294860422611237,-0.1651264876127243,0.7606307023207688
2177,43,45,0.5,-0.5,-0.18755032122135162,-0.15056480467319489,0.7712524878045233
2178,43,46,0.5,-0.5,-0.17818330228328705,-0.14253342151641846,0.7666256884742533
2179,43,47,0.5,-0.5,-0.17069560289382935,-0.162574902176857,0.7507917743170038
2180,44,0,-1.0,-0.4,-0.09258286654949188,0.14205847680568695,1.0569925479190658
2181,44,1,-1.0,-0.4,-0.31757020950317383,0.284802109003067,0.9667804029109147
2182,44,2,-1.0,-0.4,-0.45584791898727417,0.2269413322210312,0.8301547574504176
2183,44,3,-1.0,-0.4,-0.3523016571998596,0.11906661093235016,0.8300260778137298
2184,44,4,-1.0,-0.4,-0.2857515811920166,0.09569208323955536,0.8694029245154831
2185,44,5,-1.0,-0.4,-0.4486621618270874,0.255915105342865,0.8568535681305893
2186,44,6,-1.0,-0.4,-0.4814795255661011,0.28268495202064514,0.8572760501277207
2187,44,7,-1.0,-0.4,-0.3321455717086792,0.19663186371326447,0.8955440347555728
2188,44,8,-1.0,-0.4,-0.3104075789451599,0.2062901109457016,0.9182186045854369
2189,44,9,-1.0,-0.4,-0.2745988965034485,0.20871278643608093,0.9469625216051544
2190,44,10,-1.0,-0.4,-0.30881738662719727,-0.0026231445372104645,0.7972714533246202
2191,44,11,-1.0,-0.4,-0.35086220502853394,0.1577313393354416,0.8558294945474377
2192,44,12,-1.0,-0.4,-0.42651981115341187,0.14504559338092804,0.7911726902917506
2193,44,13,-1.0,-0.4,-0.25096631050109863,-0.11855526268482208,0.8001641132709877
2194,44,14,-1.0,-0.4,-0.31601834297180176,0.1811038851737976,0.8975035557116875
2195,44,15,-1.0,-0.4,-0.401469349861145,0.143062025308609,0.8081802413372458
2196,44,16,-1.0,-0.4,-0.4449131488800049,0.26022082567214966,0.8625618533980776
2197,44,17,-1.0,-0.4,-0.2602391839027405,0.2023933380842209,0.9540040874132217
2198,44,18,-1.0,-0.4,-0.3182573914527893,0.028453484177589417,0.8051989644880768
2199,44,19,-1.0,-0.4,-0.31749868392944336,0.13688428699970245,0.8683621272632868
2200,44,20,-1.0,-0.4,-0.47084593772888184,0.3016999065876007,0.8788553808921431
2201,44,21,-1.0,-0.4,-0.4168923497200012,0.25240620970726013,0.8750133680576856
2202,44,22,-1.0,-0.4,-0.46827197074890137,0.26089274883270264,0.8482416651821008
2203,44,23,-1.0,-0.4,-0.4509519934654236,0.24122421443462372,0.8441695366790326
2204,44,24,-1.0,-0.4,-0.36815696954727173,0.16507595777511597,0.8476652954953104
2205,44,25,-1.0,-0.4,-0.28481703996658325,0.2743475139141083,0.9829706179964375
2206,44,26,-1.0,-0.4,-0.37503135204315186,0.15011149644851685,0.8325914180760197
2207,44,27,-1.0,-0.4,-0.3504827618598938,0.28565433621406555,0.944454610561197
2208,44,28,-1.0,-0.4,-0.4649745225906372,0.2950604259967804,0.8771324057768829
2209,44,29,-1.0,-0.4,-0.27956515550613403,0.09855532646179199,0.8761185871240975
2210,44,30,-1.0,-0.4,-0.3229459524154663,0.2637125551700592,0.9481120921288626
2211,44,31,-1.0,-0.4,-0.3965147137641907,0.1414734274148941,0.8107946492790572
2212,44,32,-1.0,-0.4,-0.4627552032470703,0.28738832473754883,0.8724303299539686
2213,44,33,-1.0,-0.4,-0.21694837510585785,0.23145435750484467,1.00593461659355
2214,44,34,-1.0,-0.4,-0.26824408769607544,0.014753056690096855,0.841122353302733
2215,44,35,-1.0,-0.4,-0.36644983291625977,0.27901574969291687,0.9286808938181452
2216,44,36,-1.0,-0.4,-0.3619629740715027,0.28339865803718567,0.9349465077012205
2217,44,37,-1.0,-0.4,-0.39637047052383423,0.26039597392082214,0.8947018784078016
2218,44,38,-1.0,-0.4,-0.38220423460006714,0.2697170674800873,0.9111490318384895
2219,44,39,-1.0,-0.4,-0.47123992443084717,0.3061292767524719,0.8821597208005278
2220,44,40,-1.0,-0.4,-0.415452778339386,0.1723213791847229,0.8180753115838703
2221,44,41,-1.0,-0.4,-0.30950289964675903,0.12336137890815735,0.866425633582526
2222,44,42,-1.0,-0.4,-0.3767087459564209,0.0945771187543869,0.7956748794341872
2223,44,43,-1.0,-0.4,-0.2883659601211548,0.20109793543815613,0.9315265614582869
2224,44,44,-1.0,-0.4,-0.32345378398895264,0.27788275480270386,0.9577263761940409
2225,44,45,-1.0,-0.4,-0.3891263008117676,0.19687901437282562,0.8540674646411669
2226,44,46,-1.0,-0.4,-0.44638633728027344,0.21060557663440704,0.8242131142896162
2227,44,47,-1.0,-0.4,-0.468159556388855,0.2996203899383545,0.8788190641298098
2228,44,48,-1.0,-0.4,-0.379558801651001,0.1580544263124466,0.8344890792189289
2229,45,0,-0.8,-0.4,-0.3146730661392212,0.17504459619522095,0.7524749300435394
2230,45,1,-0.8,-0.4,-0.3041011691093445,0.10851410031318665,0.7102832116107269
2231,45,2,-0.8,-0.4,-0.3258898854255676,0.16092903912067413,0.7344533938042797
2232,45,3,-0.8,-0.4,-0.23363222181797028,0.16281086206436157,0.7984538349964128
2233,45,4,-0.8,-0.4,-0.3173256516456604,0.19709594547748566,0.7677877927298264
2234,45,5,-0.8,-0.4,-0.31807762384414673,0.06886843591928482,0.6723739932813436
2235,45,6,-0.8,-0.4,-0.2749713063240051,0.18187761306762695,0.7837325345884275
2236,45,7,-0.8,-0.4,-0.30170202255249023,0.1903032660484314,0.7725016635812018
2237,45,8,-0.8,-0.4,-0.38084113597869873,0.12301650643348694,0.670253996101118
2238,45,9,-0.8,-0.4,-0.19673456251621246,0.2127530425786972,0.859881084366877
2239,45,10,-0.8,-0.4,-0.328524649143219,0.2017563432455063,0.76446039995655
2240,45,11,-0.8,-0.4,-0.31056296825408936,0.1712038218975067,0.7522116817722031
2241,45,12,-0.8,-0.4,-0.4137609004974365,0.11538340151309967,0.6440502251686309
2242,45,13,-0.8,-0.4,-0.3793768882751465,0.13571292161941528,0.6811109575591252
2243,45,14,-0.8,-0.4,-0.4836249351501465,0.0046204496175050735,0.5136252426696151
2244,45,15,-0.8,-0.4,-0.3928923010826111,0.14561067521572113,0.6807552331250687
2245,45,16,-0.8,-0.4,-0.3443741202354431,0.12982842326164246,0.6987940328932014
2246,45,17,-0.8,-0.4,-0.3502908945083618,0.19497723877429962,0.7458124390365043
2247,45,18,-0.8,-0.4,-0.23523913323879242,0.27164480090141296,0.8775315237658241
2248,45,19,-0.8,-0.4,-0.43718475103378296,0.13252198696136475,0.6443714545816707
2249,45,20,-0.8,-0.4,-0.26466649770736694,0.2253275215625763,0.8231746278284402
2250,45,21,-0.8,-0.4,-0.3583223819732666,0.2059064358472824,0.7498011251438118
2251,45,22,-0.8,-0.4,-0.4062342047691345,0.10030245780944824,0.6366742108676703
2252,45,23,-0.8,-0.4,-0.2213025838136673,0.18705911934375763,0.8243355561331841
2253,45,24,-0.8,-0.4,-0.23678316175937653,0.16420865058898926,0.7972105169133263
2254,45,25,-0.8,-0.4,-0.3058742880821228,0.17983271181583405,0.7618176900479885
2255,45,26,-0.8,-0.4,-0.40149563550949097,-0.03305737301707268,0.5417126729319856
2256,45,27,-0.8,-0.4,-0.30907124280929565,0.16589155793190002,0.749162398933237
2257,45,28,-0.8,-0.4,-0.37563562393188477,0.13831304013729095,0.6854677620847923
2258,45,29,-0.8,-0.4,-0.2871907353401184,0.1070529967546463,0.7211630075363515
2259,45,30,-0.8,-0.4,-0.3529320955276489,0.19568970799446106,0.7447925479083592
2260,45,31,-0.8,-0.4,-0.25485146045684814,0.20721419155597687,0.8160245122500978
2261,45,32,-0.8,-0.4,-0.3206280469894409,0.15358096361160278,0.7322904837605828
2262,45,33,-0.8,-0.4,-0.3934957981109619,0.14780965447425842,0.6821591336987656
2263,45,34,-0.8,-0.4,-0.41869020462036133,0.08662700653076172,0.6182256898071706
2264,45,35,-0.8,-0.4,-0.30399513244628906,0.1718072146177292,0.7569572770809857
2265,45,36,-0.8,-0.4,-0.16406524181365967,0.17626920342445374,0.8581953224557762
2266,45,37,-0.8,-0.4,-0.37593287229537964,0.13297756016254425,0.6811005861372205
2267,45,38,-0.8,-0.4,-0.36945033073425293,0.1848219335079193,0.7262160226935133
2268,45,39,-0.8,-0.4,-0.32791078090667725,0.21416634321212769,0.7746409025598251
2269,45,40,-0.8,-0.4,-0.2265145629644394,0.3734362721443176,0.9628547209004934
2270,45,41,-0.8,-0.4,-0.362785279750824,0.13137078285217285,0.6881218064205612
2271,45,42,-0.8,-0.4,-0.3537464737892151,0.14441440999507904,0.703938391811279
2272,45,43,-0.8,-0.4,-0.28301650285720825,0.1918722540140152,0.7858655746306883
2273,45,44,-0.8,-0.4,-0.4559516906738281,0.06579695641994476,0.5790820699696039
2274,45,45,-0.8,-0.4,-0.22515837848186493,0.1472332626581192,0.7936668908232527
2275,45,46,-0.8,-0.4,-0.27370113134384155,0.1461801826953888,0.7584875022819563
2276,45,47,-0.8,-0.4,-0.3486337661743164,0.1505012959241867,0.7118870372834378
2277,45,48,-0.8,-0.4,-0.27822232246398926,0.20311392843723297,0.7974950504234274
2278,45,49,-0.8,-0.4,-0.2898169159889221,0.19693821668624878,0.7852528342843555
2279,46,0,-0.6,-0.4,-0.3373539447784424,0.022023335099220276,0.4970781082402586
2280,46,1,-0.6,-0.4,-0.3144465684890747,0.03440997004508972,0.5198584271917119
2281,46,2,-0.6,-0.4,-0.20381580293178558,0.0786316990852356,0.6213293984480416
2282,46,3,-0.6,-0.4,-0.2397148460149765,0.08104993402957916,0.6010111739492657
2283,46,4,-0.6,-0.4,-0.25289517641067505,0.031814608722925186,0.5540267275732367
2284,46,5,-0.6,-0.4,-0.21679581701755524,0.06982751190662384,0.6062865137866846
2285,46,6,-0.6,-0.4,-0.23762522637844086,0.04788970202207565,0.5761255607371538
2286,46,7,-0.6,-0.4,-0.22471879422664642,0.06950502842664719,0.6010581961213148
2287,46,8,-0.6,-0.4,-0.20679901540279388,0.03964173421263695,0.5898235912115649
2288,46,9,-0.6,-0.4,-0.19925875961780548,0.04689360409975052,0.6002561412666466
2289,46,10,-0.6,-0.4,-0.21303580701351166,0.18544922769069672,0.7017778030525883
2290,46,11,-0.6,-0.4,-0.22907106578350067,0.11291295289993286,0.6329833895857907
2291,46,12,-0.6,-0.4,-0.24618680775165558,0.009043633937835693,0.5408331253483223
2292,46,13,-0.6,-0.4,-0.22463931143283844,0.007628370076417923,0.5541268217770827
2293,46,14,-0.6,-0.4,-0.26778650283813477,0.07083126902580261,0.5762359686699229
2294,46,15,-0.6,-0.4,-0.18874670565128326,0.022856295108795166,0.5898616095541468
2295,46,16,-0.6,-0.4,-0.29016995429992676,0.04209654778242111,0.5398555499202023
2296,46,17,-0.6,-0.4,-0.21656639873981476,0.07274046540260315,0.6086911155951141
2297,46,18,-0.6,-0.4,-0.18253017961978912,0.07102566957473755,0.6294014873883088
2298,46,19,-0.6,-0.4,-0.24541957676410675,0.08278997987508774,0.5990103848932277
2299,46,20,-0.6,-0.4,-0.4414839744567871,0.017777103930711746,0.4468389406964765
2300,46,21,-0.6,-0.4,-0.2366020828485489,0.08145664632320404,0.603206886962342
2301,46,22,-0.6,-0.4,-0.2735934853553772,0.055225808173418045,0.560153326536219
2302,46,23,-0.6,-0.4,-0.21342305839061737,0.10035549104213715,0.6322953022125676
2303,46,24,-0.6,-0.4,-0.08639301359653473,0.26972705125808716,0.8439943481263971
2304,46,25,-0.6,-0.4,-0.19424688816070557,0.08317756652832031,0.630948610081281
2305,46,26,-0.6,-0.4,-0.208197221159935,0.1293800175189972,0.6585989830353602
2306,46,27,-0.6,-0.4,-0.11919589340686798,0.07743450999259949,0.6775812130281458
2307,46,28,-0.6,-0.4,-0.21912725269794464,0.053436748683452606,0.5921730614389985
2308,46,29,-0.6,-0.4,-0.26017677783966064,0.05035775899887085,0.5641825355413976
2309,46,30,-0.6,-0.4,-0.1532413214445114,0.08930694311857224,0.6625817696320117
2310,46,31,-0.6,-0.4,-0.006745390594005585,-0.0722585916519165,0.6777650495027345
2311,46,32,-0.6,-0.4,-0.2010892778635025,0.03787670284509659,0.5923392365274776
2312,46,33,-0.6,-0.4,-0.26258671283721924,-0.0010327808558940887,0.5225156153700807
2313,46,34,-0.6,-0.4,-0.19063036143779755,0.1197415292263031,0.6616001497725378
2314,46,35,-0.6,-0.4,-0.20734472572803497,0.0758509635925293,0.616937844491267
2315,46,36,-0.6,-0.4,-0.19971974194049835,0.0825955867767334,0.6269950441339714
2316,46,37,-0.6,-0.4,-0.26027536392211914,0.03207077085971832,0.5496344052090988
2317,46,38,-0.6,-0.4,-0.20464591681957245,0.06494702398777008,0.6103118761768612
2318,46,39,-0.6,-0.4,-0.2770518660545349,0.09257107228040695,0.5890006438590096
2319,46,40,-0.6,-0.4,-0.24909047782421112,0.07254636287689209,0.5885894645861578
2320,46,41,-0.6,-0.4,-0.12407149374485016,0.13938391208648682,0.7193350733031034
2321,46,42,-0.6,-0.4,-0.24947376549243927,0.07597231864929199,0.5911161385027756
2322,46,43,-0.6,-0.4,-0.23053960502147675,0.03053814172744751,0.567330657500377
2323,46,44,-0.6,-0.4,-0.23613567650318146,0.07202771306037903,0.5959927917440017
2324,46,45,-0.6,-0.4,-0.2430499643087387,0.06138581410050392,0.5833439786551134
2325,46,46,-0.6,-0.4,-0.21482549607753754,0.19691632688045502,0.7104002391387332
2326,46,47,-0.6,-0.4,-0.18842469155788422,0.08423879742622375,0.6355166775561584
2327,46,48,-0.6,-0.4,-0.18652582168579102,0.10556745529174805,0.6531151108210435
2328,46,49,-0.6,-0.4,-0.24114809930324554,-0.022584151476621628,0.5207853774351725
2329,47,0,-0.5,-0.4,-0.3281978368759155,0.11676588654518127,0.5445759494789885
2330,47,1,-0.5,-0.4,-0.30147916078567505,0.07225534319877625,0.5122847184741643
2331,47,2,-0.5,-0.4,-0.31991010904312134,0.15348023176193237,0.5820418677175233
2332,47,3,-0.5,-0.4,-0.23717685043811798,0.14075514674186707,0.6012421614237026
2333,47,4,-0.5,-0.4,-0.29502856731414795,0.0790029913187027,0.5210155025616378
2334,47,5,-0.5,-0.4,-0.3188108801841736,0.11339506506919861,0.5444299679270426
2335,47,6,-0.5,-0.4,-0.24236686527729034,0.11345738172531128,0.5744678537179099
2336,47,7,-0.5,-0.4,-0.31888383626937866,0.11232729256153107,0.5433988585449236
2337,47,8,-0.5,-0.4,-0.3470234274864197,0.10429637134075165,0.5269882938789552
2338,47,9,-0.5,-0.4,-0.340019166469574,0.09722155332565308,0.5223247459087739
2339,47,10,-0.5,-0.4,-0.2577175498008728,0.11228956282138824,0.566693375512915
2340,47,11,-0.5,-0.4,-0.32847023010253906,0.11352482438087463,0.5414150046096654
2341,47,12,-0.5,-0.4,-0.3164415955543518,0.168183833360672,0.597098447774787
2342,47,13,-0.5,-0.4,-0.32523804903030396,0.10977417230606079,0.5388983635687381
2343,47,14,-0.5,-0.4,-0.32493817806243896,0.06851066648960114,0.5001488639541517
2344,47,15,-0.5,-0.4,-0.30791252851486206,0.1225593090057373,0.5567457481922133
2345,47,16,-0.5,-0.4,-0.3304368257522583,0.09417724609375,0.5224584391296333
2346,47,17,-0.5,-0.4,-0.2881350517272949,0.09910078346729279,0.5422069239361127
2347,47,18,-0.5,-0.4,-0.3385305404663086,0.18016459047794342,0.60221535882651
2348,47,19,-0.5,-0.4,-0.3186819553375244,0.15907646715641022,0.5877437617264144
2349,47,20,-0.5,-0.4,-0.32927578687667847,0.12729375064373016,0.5542431383558208
2350,47,21,-0.5,-0.4,-0.24424238502979279,0.11414389312267303,0.5742437639631687
2351,47,22,-0.5,-0.4,-0.3369411826133728,0.15958431363105774,0.5828574285273093
2352,47,23,-0.5,-0.4,-0.3043144941329956,0.1859760731458664,0.6177869984920977
2353,47,24,-0.5,-0.4,-0.2992994785308838,0.09983164072036743,0.5386208020334804
2354,47,25,-0.5,-0.4,-0.33014029264450073,0.14787094295024872,0.5735981958759028
2355,47,26,-0.5,-0.4,-0.33382362127304077,0.14106164872646332,0.5660055623131318
2356,47,27,-0.5,-0.4,-0.31290876865386963,0.10933642089366913,0.5426110195115689
2357,47,28,-0.5,-0.4,-0.35751473903656006,0.1257772445678711,0.5447419210022325
2358,47,29,-0.5,-0.4,-0.34805387258529663,0.16160742938518524,0.5817993901483235
2359,47,30,-0.5,-0.4,-0.3205717206001282,0.13117940723896027,0.5606657383175216
2360,47,31,-0.5,-0.4,-0.3346210718154907,0.14088013768196106,0.5655983674183601
2361,47,32,-0.5,-0.4,-0.3281996250152588,0.12708228826522827,0.5543745191184448
2362,47,33,-0.5,-0.4,-0.29468441009521484,0.21993803977966309,0.6530525741652053
2363,47,34,-0.5,-0.4,-0.3084912896156311,0.12226976454257965,0.5562744764128997
2364,47,35,-0.5,-0.4,-0.33204156160354614,0.1755058616399765,0.5995139980105112
2365,47,36,-0.5,-0.4,-0.2564755082130432,0.09656427800655365,0.5530644268909957
2366,47,37,-0.5,-0.4,-0.3532029390335083,0.0576501190662384,0.48061732031809057
2367,47,38,-0.5,-0.4,-0.2335044890642166,0.1112818717956543,0.5765665701164022
2368,47,39,-0.5,-0.4,-0.33716845512390137,0.12363547086715698,0.5483686883448089
2369,47,40,-0.5,-0.4,-0.3224918842315674,0.13858957588672638,0.5670871735610876
2370,47,41,-0.5,-0.4,-0.3128661513328552,0.1277620792388916,0.5599570426376794
2371,47,42,-0.5,-0.4,-0.3382495641708374,0.1279037743806839,0.5521282446101594
2372,47,43,-0.5,-0.4,-0.3218044638633728,0.11767181754112244,0.5474831136896819
2373,47,44,-0.5,-0.4,-0.3351894021034241,0.13271935284137726,0.5576310985506123
2374,47,45,-0.5,-0.4,-0.3491201400756836,0.10607580840587616,0.5280884925696094
2375,47,46,-0.5,-0.4,-0.25172847509384155,0.13843898475170135,0.592920981564721
2376,47,47,-0.5,-0.4,-0.32797056436538696,0.14201140403747559,0.5686567407772805
2377,47,48,-0.5,-0.4,-0.3118475675582886,0.1850219964981079,0.6145340301564797
2378,47,49,-0.5,-0.4,-0.2519834637641907,0.12606172263622284,0.5815953389336943
2379,48,0,-0.4,-0.4,-0.16430750489234924,0.06793371587991714,0.5239398006519995
2380,48,1,-0.4,-0.4,-0.13540689647197723,0.030229607596993446,0.505081207022845
2381,48,2,-0.4,-0.4,-0.22675122320652008,0.21055589616298676,0.6346602563575452
2382,48,3,-0.4,-0.4,-0.11379086971282959,0.16764883697032928,0.6357207471630181
2383,48,4,-0.4,-0.4,-0.1470562070608139,-0.05215808376669884,0.43008669018619583
2384,48,5,-0.4,-0.4,-0.18409237265586853,0.07979946583509445,0.5261403148980454
2385,48,6,-0.4,-0.4,-0.20865444839000702,0.16967017948627472,0.6009469473396607
2386,48,7,-0.4,-0.4,-0.17223723232746124,0.17885957658290863,0.6220564988323803
2387,48,8,-0.4,-0.4,-0.19156628847122192,-0.22263629734516144,0.27368320211714836
2388,48,9,-0.4,-0.4,-0.09269444644451141,0.08040261268615723,0.5702835904370134
2389,48,10,-0.4,-0.4,-0.14284291863441467,0.06955713033676147,0.5353631133600453
2390,48,11,-0.4,-0.4,-0.15464988350868225,0.028711318969726562,0.49395351469046744
2391,48,12,-0.4,-0.4,-0.1802704632282257,0.10720975697040558,0.5527592666757533
2392,48,13,-0.4,-0.4,-0.07151235640048981,-0.024250205606222153,0.49909121409269985
2393,48,14,-0.4,-0.4,-0.1925012767314911,0.13155846297740936,0.5706225720394936
2394,48,15,-0.4,-0.4,-0.20271901786327362,0.15992116928100586,0.5936594155926782
2395,48,16,-0.4,-0.4,-0.1898813247680664,0.15875568985939026,0.59695709948996
2396,48,17,-0.4,-0.4,-0.19246985018253326,0.09348376095294952,0.5353456690844972
2397,48,18,-0.4,-0.4,-0.23977302014827728,0.08068741858005524,0.5066883454881922
2398,48,19,-0.4,-0.4,-0.1962786167860031,0.17392157018184662,0.6090060514466342
2399,48,20,-0.4,-0.4,-0.1747666895389557,0.05651489645242691,0.5090539213327123
2400,48,21,-0.4,-0.4,-0.20719210803508759,0.19772590696811676,0.6280534555790702
2401,48,22,-0.4,-0.4,-0.1973237246274948,0.06194232031702995,0.5044485899462433
2402,48,23,-0.4,-0.4,-0.08620303869247437,0.09656669199466705,0.5874070245786676
2403,48,24,-0.4,-0.4,-0.168036088347435,0.06041567772626877,0.5155481089144818
2404,48,25,-0.4,-0.4,-0.2158447653055191,0.1536211520433426,0.5834462532703224
2405,48,26,-0.4,-0.4,-0.1469096541404724,0.06377431005239487,0.5283382759481564
2406,48,27,-0.4,-0.4,-0.19375845789909363,0.06036004424095154,0.5044471667297685
2407,48,28,-0.4,-0.4,-0.13257920742034912,0.04830249398946762,0.522004795400488
2408,48,29,-0.4,-0.4,-0.20238523185253143,0.15084591507911682,0.5852203164188059
2409,48,30,-0.4,-0.4,-0.18916913866996765,0.0993027538061142,0.541989752714507
2410,48,31,-0.4,-0.4,-0.1837437003850937,0.052497200667858124,0.5015181988077602
2411,48,32,-0.4,-0.4,-0.17813827097415924,0.08363870531320572,0.532098697689977
2412,48,33,-0.4,-0.4,-0.21270491182804108,0.18685543537139893,0.6160184673191998
2413,48,34,-0.4,-0.4,-0.2251659780740738,0.11421187222003937,0.5431213352049736
2414,48,35,-0.4,-0.4,-0.19252660870552063,0.09319204837083817,0.5350547679176921
2415,48,36,-0.4,-0.4,-0.05939678102731705,0.08312192559242249,0.5911153421817806
2416,48,37,-0.4,-0.4,-0.20150525867938995,0.188710018992424,0.6212726042519469
2417,48,38,-0.4,-0.4,-0.16268354654312134,0.0677717849612236,0.5245279228860558
2418,48,39,-0.4,-0.4,-0.1206551045179367,0.15697374939918518,0.6230997738337507
2419,48,40,-0.4,-0.4,-0.26373207569122314,-0.008388981223106384,0.41464217974405243
2420,48,41,-0.4,-0.4,-0.1020880788564682,0.05455082654953003,0.5434776597766379
2421,48,42,-0.4,-0.4,-0.16386082768440247,0.02663313038647175,0.48762438069199915
2422,48,43,-0.4,-0.4,-0.1669226884841919,0.06339217722415924,0.5187073770980934
2423,48,44,-0.4,-0.4,-0.14570826292037964,0.15144912898540497,0.6072564774506177
2424,48,45,-0.4,-0.4,-0.20952416956424713,0.14936000108718872,0.5814442817456421
2425,48,46,-0.4,-0.4,-0.18881207704544067,0.08908400684595108,0.5327321133124521
2426,48,47,-0.4,-0.4,-0.19480834901332855,0.16315127909183502,0.5993688153194208
2427,48,48,-0.4,-0.4,-0.14674697816371918,0.06719803810119629,0.5314236538533212
2428,49,0,-0.3,-0.4,-0.06793950498104095,-0.26140454411506653,0.27029756517659725
2429,49,1,-0.3,-0.4,-0.06828327476978302,-0.2762314975261688,0.2626999865931299
2430,49,2,-0.3,-0.4,-0.05400243401527405,-0.2602695822715759,0.282912339972949
2431,49,3,-0.3,-0.4,-0.05637655407190323,-0.2560248076915741,0.2829862883712363
2432,49,4,-0.3,-0.4,-0.08058422803878784,-0.249440535902977,0.26610417737141484
2433,49,5,-0.3,-0.4,-0.0460902601480484,-0.25352030992507935,0.2931321469851619
2434,49,6,-0.3,-0.4,-0.06814969331026077,-0.2714676856994629,0.26509455017328853
2435,49,7,-0.3,-0.4,-0.07096225023269653,-0.2709275484085083,0.262903002223839
2436,49,8,-0.3,-0.4,-0.08120337128639221,-0.25260254740715027,0.26381427892989745
2437,49,9,-0.3,-0.4,-0.06370525062084198,-0.3630530834197998,0.23916580698114723
2438,49,10,-0.3,-0.4,-0.05950288474559784,-0.2606485188007355,0.2779526897839238
2439,49,11,-0.3,-0.4,-0.05538748949766159,-0.2538008987903595,0.284972731131881
2440,49,12,-0.3,-0.4,-0.061013445258140564,-0.2605985999107361,0.27667187008120436
2441,49,13,-0.3,-0.4,-0.05166056752204895,-0.2668440639972687,0.281785338540234
2442,49,14,-0.3,-0.4,-0.058416947722435,-0.2531723082065582,0.2827025684799037
2443,49,15,-0.3,-0.4,-0.10344919562339783,-0.2673787474632263,0.23710886808702883
2444,49,16,-0.3,-0.4,-0.056566812098026276,-0.2522280812263489,0.2847740454292915
2445,49,17,-0.3,-0.4,-0.0655730813741684,-0.2632901668548584,0.2713771520503794
2446,49,18,-0.3,-0.4,-0.10827240347862244,-0.25836238265037537,0.2383708998941415
2447,49,19,-0.3,-0.4,-0.06202181428670883,-0.2644467353820801,0.2738764400673514
2448,49,20,-0.3,-0.4,-0.06758522242307663,-0.2795049846172333,0.2617931961839802
2449,49,21,-0.3,-0.4,-0.04634232074022293,-0.2569948136806488,0.2911918638315437
2450,49,22,-0.3,-0.4,-0.1347578465938568,-0.23960550129413605,0.2302853978814218
2451,49,23,-0.3,-0.4,-0.06768937408924103,-0.2759220004081726,0.2633696582633583
2452,49,24,-0.3,-0.4,-0.059025056660175323,-0.25957220792770386,0.2789065938695816
2453,49,25,-0.3,-0.4,-0.0519990548491478,-0.2585395574569702,0.28550923908025433
2454,49,26,-0.3,-0.4,-0.06643712520599365,-0.3025048077106476,0.2530947036221392
2455,49,27,-0.3,-0.4,-0.0592479333281517,-0.25121819972991943,0.2830151616051201
2456,49,28,-0.3,-0.4,-0.06805865466594696,-0.269631564617157,0.26606900725101557
2457,49,29,-0.3,-0.4,-0.059628166258335114,-0.2686528265476227,0.27391732042764194
2458,49,30,-0.3,-0.4,-0.06743739545345306,-0.2707947790622711,0.2660438951583759
2459,49,31,-0.3,-0.4,-0.062161825597286224,-0.2705618441104889,0.270778938256455
2460,49,32,-0.3,-0.4,-0.11103789508342743,-0.2628541588783264,0.23348588572218473
2461,49,33,-0.3,-0.4,-0.08791635930538177,-0.2664581835269928,0.25062499356048723
2462,49,34,-0.3,-0.4,-0.10854686796665192,-0.256256639957428,0.23940855315069073
2463,49,35,-0.3,-0.4,-0.06384595483541489,-0.26376768946647644,0.2726315746220516
2464,49,36,-0.3,-0.4,-0.05678223818540573,-0.2509450614452362,0.2852582240175822
2465,49,37,-0.3,-0.4,-0.06256468594074249,-0.26933014392852783,0.27101686229487176
2466,49,38,-0.3,-0.4,-0.07012243568897247,-0.28297656774520874,0.25794995303403784
2467,49,39,-0.3,-0.4,-0.06913907080888748,-0.2764953672885895,0.26182086037625857
2468,49,40,-0.3,-0.4,-0.05517333000898361,-0.2584119439125061,0.2828202184525098
2469,49,41,-0.3,-0.4,-0.07552580535411835,-0.2686466872692108,0.2600814426814602
2470,49,42,-0.3,-0.4,-0.03914177417755127,-0.2601524293422699,0.2959803321136465
2471,49,43,-0.3,-0.4,-0.06599070131778717,-0.2699185609817505,0.267734070762015
2472,49,44,-0.3,-0.4,-0.0665748193860054,-0.268056184053421,0.26813520006000835
2473,49,45,-0.3,-0.4,-0.10084499418735504,-0.28082436323165894,0.23208952742287664
2474,49,46,-0.3,-0.4,-0.0747828483581543,-0.26843467354774475,0.26082983057571196
2475,49,47,-0.3,-0.4,-0.10877023637294769,-0.24925978481769562,0.24349832642148841
2476,49,48,-0.3,-0.4,-0.10747875273227692,-0.2456921488046646,0.24672929212001063
2477,50,0,-0.2,-0.4,-0.07197099924087524,-0.12730063498020172,0.30125797701900137
2478,50,1,-0.2,-0.4,-0.07060268521308899,-0.12277835607528687,0.3059338244365657
2479,50,2,-0.2,-0.4,-0.06431612372398376,-0.13104861974716187,0.3012390400017767
2480,50,3,-0.2,-0.4,-0.0792437195777893,-0.16219393908977509,0.26670920844066337
2481,50,4,-0.2,-0.4,-0.07088705897331238,-0.1276138722896576,0.301437147859377
2482,50,5,-0.2,-0.4,-0.0759485512971878,-0.14876164495944977,0.2801954192501156
2483,50,6,-0.2,-0.4,-0.07597021758556366,-0.13442382216453552,0.29311105942878835
2484,50,7,-0.2,-0.4,-0.08228935301303864,-0.14637355506420135,0.27961074726279883
2485,50,8,-0.2,-0.4,-0.06672556698322296,-0.12338531017303467,0.3070468386484571
2486,50,9,-0.2,-0.4,-0.07868288457393646,-0.14307887852191925,0.28412374972334775
2487,50,10,-0.2,-0.4,-0.08409596979618073,-0.1482744812965393,0.27712719279062853
2488,50,11,-0.2,-0.4,-0.04589930176734924,-0.2003016173839569,0.25224287743215673
2489,50,12,-0.2,-0.4,-0.10574308037757874,-0.17603909969329834,0.2429873489770526
2490,50,13,-0.2,-0.4,-0.06331274658441544,-0.12442654371261597,0.3076103624009942
2491,50,14,-0.2,-0.4,-0.0819995254278183,-0.1325315535068512,0.2923413789881934
2492,50,15,-0.2,-0.4,-0.07045669853687286,-0.13023735582828522,0.299254659353003
2493,50,16,-0.2,-0.4,-0.06511428952217102,-0.13430972397327423,0.2979689206381539
2494,50,17,-0.2,-0.4,-0.05484063923358917,-0.1272469013929367,0.3089749064533679
2495,50,18,-0.2,-0.4,-0.06645995378494263,-0.11417433619499207,0.31548257326307755
2496,50,19,-0.2,-0.4,-0.05639368295669556,-0.10780730843544006,0.3255754033990961
2497,50,20,-0.2,-0.4,-0.07213073968887329,-0.12916964292526245,0.2994989650161492
2498,50,21,-0.2,-0.4,-0.08526891469955444,-0.17865154147148132,0.24931578776156452
2499,50,22,-0.2,-0.4,-0.05853208154439926,-0.11910733580589294,0.31450574040901685
2500,50,23,-0.2,-0.4,-0.09192906320095062,-0.15778429806232452,0.2652315472295575
2501,50,24,-0.2,-0.4,-0.08055137097835541,-0.17965690791606903,0.2506372941209232
2502,50,25,-0.2,-0.4,0.05463752523064613,-0.21288776397705078,0.31599249694430376
2503,50,26,-0.2,-0.4,-0.07591931521892548,-0.15299487113952637,0.27641915638956643
2504,50,27,-0.2,-0.4,-0.06351359933614731,-0.11550678312778473,0.3155391069463103
2505,50,28,-0.2,-0.4,-0.07860277593135834,-0.1392751932144165,0.2876016531332041
2506,50,29,-0.2,-0.4,-0.08198894560337067,-0.1621495932340622,0.26551727807908526
2507,50,30,-0.2,-0.4,-0.014404013752937317,-0.1935533583164215,0.2776077916295718
2508,50,31,-0.2,-0.4,-0.05393330007791519,-0.12046833336353302,0.31539409233320986
2509,50,32,-0.2,-0.4,-0.07223883271217346,-0.1278710812330246,0.300627783639555
2510,50,33,-0.2,-0.4,-0.020723342895507812,-0.16326013207435608,0.2969610830530038
2511,50,34,-0.2,-0.4,-0.09995129704475403,-0.1590680480003357,0.26087918364138524
2512,50,35,-0.2,-0.4,-0.07197593152523041,-0.12569820880889893,0.30270717659064333
2513,50,36,-0.2,-0.4,-0.07022449374198914,-0.13693538308143616,0.2933337258124844
2514,50,37,-0.2,-0.4,-0.08283382654190063,-0.15530648827552795,0.27129840928923227
2515,50,38,-0.2,-0.4,-0.061207666993141174,-0.11907857656478882,0.31333713129208296
2516,50,39,-0.2,-0.4,-0.07089151442050934,-0.12337736785411835,0.30526886782629065
2517,50,40,-0.2,-0.4,-0.08729676902294159,-0.1529565006494522,0.27153730654190467
2518,50,41,-0.2,-0.4,-0.0611966997385025,-0.11164025962352753,0.32002764885782925
2519,50,42,-0.2,-0.4,-0.08536173403263092,-0.15617920458316803,0.2694262650553986
2520,50,43,-0.2,-0.4,-0.09692390263080597,-0.15871040523052216,0.26238397510686967
2521,50,44,-0.2,-0.4,-0.05333989858627319,-0.1335582584142685,0.30413876274806273
2522,50,45,-0.2,-0.4,-0.07493209838867188,-0.1783362627029419,0.25451285320384126
2523,50,46,-0.2,-0.4,-0.06444822251796722,-0.12752288579940796,0.3043321575871025
2524,50,47,-0.2,-0.4,-0.08133059740066528,-0.1399812251329422,0.2858184570608565
2525,50,48,-0.2,-0.4,-0.060671016573905945,-0.13263921439647675,0.30148690734604366
2526,50,49,-0.2,-0.4,-0.05891010910272598,-0.11767712235450745,0.3156145822921312
2527,51,0,-0.1,-0.4,-0.08225508034229279,-0.5219503045082092,0.12323456878369574
2528,51,1,-0.1,-0.4,-0.053102344274520874,-0.47542262077331543,0.08881419839677052
2529,51,2,-0.1,-0.4,-0.06737878173589706,-0.4493035078048706,0.059118353858164704
2530,51,3,-0.1,-0.4,-0.062085650861263275,-0.45196545124053955,0.06432655744905767
2531,51,4,-0.1,-0.4,-0.05637923628091812,-0.42423659563064575,0.04990173940054
2532,51,5,-0.1,-0.4,-0.047607406973838806,-0.4546627104282379,0.07571654849084408
2533,51,6,-0.1,-0.4,-0.05855859816074371,-0.4262213408946991,0.04904027431324924
2534,51,7,-0.1,-0.4,-0.04792920500040054,-0.446271151304245,0.0696590779074102
2535,51,8,-0.1,-0.4,-0.07156665623188019,-0.473232626914978,0.07855872123898427
2536,51,9,-0.1,-0.4,-0.0461658239364624,-0.4434448182582855,0.06917781975413378
2537,51,10,-0.1,-0.4,-0.04486420750617981,-0.4410891830921173,0.06876246491436397
2538,51,11,-0.1,-0.4,-0.049967698752880096,-0.44208547472953796,0.06537903602297247
2539,51,12,-0.1,-0.4,-0.05015597492456436,-0.44308415055274963,0.06588376783831243
2540,51,13,-0.1,-0.4,-0.056490883231163025,-0.47753286361694336,0.08890662620214439
2541,51,14,-0.1,-0.4,-0.08017417788505554,-0.44298887252807617,0.047340325133744074
2542,51,15,-0.1,-0.4,-0.04831515997648239,-0.474869966506958,0.09097711015969687
2543,51,16,-0.1,-0.4,-0.07201023399829865,-0.4617299735546112,0.06777917553262944
2544,51,17,-0.1,-0.4,-0.05331871658563614,-0.4267291724681854,0.053792107990356386
2545,51,18,-0.1,-0.4,-0.07799017429351807,-0.43160250782966614,0.03851169859606067
2546,51,19,-0.1,-0.4,-0.05830157548189163,-0.45555058121681213,0.06945952548655958
2547,51,20,-0.1,-0.4,-0.04867541790008545,-0.4567010998725891,0.07648024224917303
2548,51,21,-0.1,-0.4,-0.061303503811359406,-0.4426754117012024,0.057607374364265176
2549,51,22,-0.1,-0.4,-0.05569677799940109,-0.4679921269416809,0.08115235551533917
2550,51,23,-0.1,-0.4,-0.06298211216926575,-0.4224337339401245,0.04328506021648944
2551,51,24,-0.1,-0.4,-0.047409363090991974,-0.44218626618385315,0.06741999810909244
2552,51,25,-0.1,-0.4,-0.06728015094995499,-0.4567559063434601,0.06551199452562365
2553,51,26,-0.1,-0.4,-0.08586166799068451,-0.43197640776634216,0.034962595522143675
2554,51,27,-0.1,-0.4,-0.0690540298819542,-0.43741375207901,0.048553495354882625
2555,51,28,-0.1,-0.4,-0.03629441559314728,-0.44649195671081543,0.07886636496897122
2556,51,29,-0.1,-0.4,-0.0977519154548645,-0.4771285653114319,0.07716132108201548
2557,51,30,-0.1,-0.4,-0.065886951982975,-0.43321922421455383,0.04761530113764536
2558,51,31,-0.1,-0.4,-0.06704310327768326,-0.423859566450119,0.04068704895606336
2559,51,32,-0.1,-0.4,-0.048968471586704254,-0.4587478041648865,0.07781723065229745
2560,51,33,-0.1,-0.4,-0.043184295296669006,-0.45120012760162354,0.07648187607112314
2561,51,34,-0.1,-0.4,-0.05540502816438675,-0.4753149747848511,0.08752746391768637
2562,51,35,-0.1,-0.4,-0.040813691914081573,-0.4560502767562866,0.08151473847898658
2563,51,36,-0.1,-0.4,-0.054534755647182465,-0.4274187684059143,0.05309310035172716
2564,51,37,-0.1,-0.4,-0.05812970548868179,-0.4832149147987366,0.09315494408471033
2565,51,38,-0.1,-0.4,-0.04980791360139847,-0.4510571360588074,0.07159662477779416
2566,51,39,-0.1,-0.4,-0.051189124584198,-0.4433988928794861,0.06531435877371874
2567,51,40,-0.1,-0.4,-0.07340914011001587,-0.43355292081832886,0.04281205817441871
2568,51,41,-0.1,-0.4,-0.07380056381225586,-0.46714717149734497,0.07207741044633562
2569,51,42,-0.1,-0.4,-0.07421769201755524,-0.4022093713283539,0.025876799001580304
2570,51,43,-0.1,-0.4,-0.05883857607841492,-0.4416373372077942,0.05854853259483108
2571,51,44,-0.1,-0.4,-0.076239675283432,-0.42131292819976807,0.03191855164454083
2572,51,45,-0.1,-0.4,-0.06923554837703705,-0.455257385969162,0.06324421070585486
2573,51,46,-0.1,-0.4,-0.06655561923980713,-0.44501227140426636,0.0560770111668239
2574,51,47,-0.1,-0.4,-0.04839593172073364,-0.4587598443031311,0.07820293578568129
2575,51,48,-0.1,-0.4,-0.06376439332962036,-0.42306676506996155,0.04295456717932633
2576,51,49,-0.1,-0.4,-0.0510188564658165,-0.4628012180328369,0.07964386610608631
2577,52,0,0.0,-0.4,-0.08169479668140411,-0.3601149916648865,0.09091124075001965
2578,52,1,0.0,-0.4,-0.07841293513774872,-0.3593508303165436,0.08832294941220668
2579,52,2,0.0,-0.4,-0.07672668993473053,-0.351447731256485,0.09079817040272775
2580,52,3,0.0,-0.4,-0.07414524257183075,-0.35083943605422974,0.08896222818422318
2581,52,4,0.0,-0.4,-0.08152012526988983,-0.35582444071769714,0.09272006720188887
2582,52,5,0.0,-0.4,-0.08064784109592438,-0.3622381389141083,0.08905072950910427
2583,52,6,0.0,-0.4,-0.05847158282995224,-0.3398042917251587,0.08391930226920244
2584,52,7,0.0,-0.4,-0.09387896955013275,-0.365915983915329,0.09987482703992466
2585,52,8,0.0,-0.4,-0.062484875321388245,-0.355023056268692,0.07698886355401462
2586,52,9,0.0,-0.4,-0.07210485637187958,-0.35310041904449463,0.08601558583309997
2587,52,10,0.0,-0.4,-0.07388867437839508,-0.3569379150867462,0.08552122168487059
2588,52,11,0.0,-0.4,-0.0782848596572876,-0.3633689284324646,0.08643121343442493
2589,52,12,0.0,-0.4,-0.08443516492843628,-0.3481299579143524,0.09909489564280842
2590,52,13,0.0,-0.4,-0.08309999108314514,-0.36194151639938354,0.09140052894812588
2591,52,14,0.0,-0.4,-0.08133178949356079,-0.35685989260673523,0.09206480786993097
2592,52,15,0.0,-0.4,-0.07515260577201843,-0.35578832030296326,0.0871928137862163
2593,52,16,0.0,-0.4,-0.07423046231269836,-0.35207706689834595,0.0883559225644922
2594,52,17,0.0,-0.4,-0.07410810887813568,-0.3606855273246765,0.08389064049840346
2595,52,18,0.0,-0.4,-0.08103369176387787,-0.3593800663948059,0.09064457075287823
2596,52,19,0.0,-0.4,-0.07941518723964691,-0.3609800636768341,0.08848348656654585
2597,52,20,0.0,-0.4,-0.07615460455417633,-0.36393505334854126,0.08426270925964546
2598,52,21,0.0,-0.4,-0.07308438420295715,-0.35472336411476135,0.08597267572554629
2599,52,22,0.0,-0.4,-0.07580161094665527,-0.3574906885623932,0.08690757033197706
2600,52,23,0.0,-0.4,-0.06645693629980087,-0.3660649359226227,0.0746197893074719
2601,52,24,0.0,-0.4,-0.07769636809825897,-0.3601440191268921,0.0873225333291339
2602,52,25,0.0,-0.4,-0.07980950176715851,-0.361648291349411,0.0885460904204231
2603,52,26,0.0,-0.4,-0.09461528062820435,-0.35624921321868896,0.10424098365008651
2604,52,27,0.0,-0.4,-0.08424124121665955,-0.3581652343273163,0.09405708022584891
2605,52,28,0.0,-0.4,-0.07668524980545044,-0.35627925395965576,0.08827304895634122
2606,52,29,0.0,-0.4,-0.0770825743675232,-0.3569104075431824,0.08830875522403982
2607,52,30,0.0,-0.4,-0.07630522549152374,-0.35446104407310486,0.08886103726731973
2608,52,31,0.0,-0.4,-0.07513289153575897,-0.3607062101364136,0.08478769552457367
2609,52,32,0.0,-0.4,-0.09353555738925934,-0.3584059476852417,0.1023668192535173
2610,52,33,0.0,-0.4,-0.07681271433830261,-0.3617255389690399,0.08582032073598982
2611,52,34,0.0,-0.4,-0.07543483376502991,-0.35415294766426086,0.08827438106853937
2612,52,35,0.0,-0.4,-0.07467237114906311,-0.3544682264328003,0.08745916428367116
2613,52,36,0.0,-0.4,-0.06873448193073273,-0.3635578155517578,0.07779756945847299
2614,52,37,0.0,-0.4,-0.07299646735191345,-0.35701707005500793,0.0847113718016363
2615,52,38,0.0,-0.4,-0.07873396575450897,-0.3550344407558441,0.09066939330100254
2616,52,39,0.0,-0.4,-0.07764916121959686,-0.3607889711856842,0.08698791306143659
2617,52,40,0.0,-0.4,-0.07659746706485748,-0.3640957176685333,0.08459485475186773
2618,52,41,0.0,-0.4,-0.0825309008359909,-0.34683600068092346,0.09817209591528
2619,52,42,0.0,-0.4,-0.07460659742355347,-0.3639747202396393,0.08284905045281106
2620,52,43,0.0,-0.4,-0.08567377924919128,-0.3488823175430298,0.09976479294125158
2621,52,44,0.0,-0.4,-0.07476095855236053,-0.3590606153011322,0.08523634285438145
2622,52,45,0.0,-0.4,-0.07769979536533356,-0.3589416444301605,0.08788086687052012
2623,52,46,0.0,-0.4,-0.08774776756763458,-0.35526639223098755,0.09849246863154297
2624,52,47,0.0,-0.4,-0.09069547057151794,-0.3533439040184021,0.10199244910498598
2625,52,48,0.0,-0.4,-0.08036522567272186,-0.3460409641265869,0.09679951988422152
2626,53,0,0.1,-0.4,-0.019811339676380157,-0.3463093638420105,0.1312914373677833
2627,53,1,0.1,-0.4,0.0005529560148715973,-0.34480321407318115,0.1137382949319671
2628,53,2,0.1,-0.4,-0.0045512281358242035,-0.3341980278491974,0.12353484870126391
2629,53,3,0.1,-0.4,-0.0077789053320884705,-0.3462587594985962,0.12043426989529607
2630,53,4,0.1,-0.4,-0.015546217560768127,-0.33851325511932373,0.1308875402344384
2631,53,5,0.1,-0.4,-0.006480176001787186,-0.33603063225746155,0.12421798537551516
2632,53,6,0.1,-0.4,-0.0033710673451423645,-0.33041122555732727,0.12461209849973293
2633,53,7,0.1,-0.4,-0.004517544060945511,-0.34323740005493164,0.11893657876807943
2634,53,8,0.1,-0.4,-0.009548746049404144,-0.33886951208114624,0.12545064493335206
2635,53,9,0.1,-0.4,0.013973060995340347,-0.3599608242511749,0.0948881964690906
2636,53,10,0.1,-0.4,-0.01548469066619873,-0.34495118260383606,0.1279339129198502
2637,53,11,0.1,-0.4,-0.018076427280902863,-0.3547717034816742,0.12644224565141174
2638,53,12,0.1,-0.4,-0.017270945012569427,-0.34144559502601624,0.13107666796954515
2639,53,13,0.1,-0.4,-0.02405979484319687,-0.3454190492630005,0.13553565169316473
2640,53,14,0.1,-0.4,-0.026852808892726898,-0.3464732766151428,0.13768349661558466
2641,53,15,0.1,-0.4,-0.0006173402070999146,-0.35068976879119873,0.11205064949484553
2642,53,16,0.1,-0.4,-0.013570740818977356,-0.34554338455200195,0.1259517214500162
2643,53,17,0.1,-0.4,-0.0037186183035373688,-0.334385484457016,0.12273066622786406
2644,53,18,0.1,-0.4,-0.0031202472746372223,-0.34809350967407227,0.11544725694419058
2645,53,19,0.1,-0.4,-0.006947655230760574,-0.3405155539512634,0.12237728662248844
2646,53,20,0.1,-0.4,-0.006246693432331085,-0.3386838436126709,0.12267041574649998
2647,53,21,0.1,-0.4,-0.0069112591445446014,-0.3451421558856964,0.12016405615965703
2648,53,22,0.1,-0.4,-0.01187809556722641,-0.34206560254096985,0.12598850216067467
2649,53,23,0.1,-0.4,-0.009129069745540619,-0.3447257876396179,0.12232903341230032
2650,53,24,0.1,-0.4,0.018431834876537323,-0.365718811750412,0.08847918076820199
2651,53,25,0.1,-0.4,-0.020106203854084015,-0.3491438031196594,0.13042949423106243
2652,53,26,0.1,-0.4,-0.007940679788589478,-0.3436651825904846,0.12175714355135904
2653,53,27,0.1,-0.4,0.004372190684080124,-0.3281839191913605,0.11959192020063471
2654,53,28,0.1,-0.4,-0.026219792664051056,-0.3435463011264801,0.13826950559200715
2655,53,29,0.1,-0.4,0.00043769925832748413,-0.35585781931877136,0.10890906226880058
2656,53,30,0.1,-0.4,-0.03129572421312332,-0.36100172996520996,0.13696507679826614
2657,53,31,0.1,-0.4,-0.017866581678390503,-0.34815797209739685,0.12876384171654318
2658,53,32,0.1,-0.4,-0.024497583508491516,-0.35187846422195435,0.13347408177279793
2659,53,33,0.1,-0.4,-0.02985014021396637,-0.35505062341690063,0.1374099900618438
2660,53,34,0.1,-0.4,-0.002723444253206253,-0.33145320415496826,0.12349400479319649
2661,53,35,0.1,-0.4,-0.02775588631629944,-0.36054256558418274,0.1337103422295439
2662,53,36,0.1,-0.4,-0.032222673296928406,-0.36781638860702515,0.13608313700117397
2663,53,37,0.1,-0.4,-0.021448269486427307,-0.36282211542129517,0.1270113273019197
2664,53,38,0.1,-0.4,-0.03443094342947006,-0.3576619029045105,0.14094038816820564
2665,53,39,0.1,-0.4,-0.005099508911371231,-0.3396381437778473,0.12120008440589157
2666,53,40,0.1,-0.4,0.004525795578956604,-0.3282524049282074,0.1194279745638228
2667,53,41,0.1,-0.4,-0.012731648981571198,-0.33634504675865173,0.1294618776098293
2668,53,42,0.1,-0.4,-0.025503136217594147,-0.35495904088020325,0.13334063596249718
2669,53,43,0.1,-0.4,-0.003928478807210922,-0.34411293268203735,0.1180020889670322
2670,53,44,0.1,-0.4,-0.016368873417377472,-0.34576693177223206,0.1283859041710863
2671,53,45,0.1,-0.4,-0.02178887277841568,-0.36285004019737244,0.12732890106324632
2672,53,46,0.1,-0.4,-0.012822054326534271,-0.34153711795806885,0.12706976241068607
2673,53,47,0.1,-0.4,0.007615625858306885,-0.35767456889152527,0.1016184761943938
2674,53,48,0.1,-0.4,-0.0106014683842659,-0.33914563059806824,0.12623762942982786
2675,54,0,0.2,-0.4,-0.04641639441251755,-0.3072785437107086,0.26328370229027165
2676,54,1,0.2,-0.4,-0.06368644535541534,-0.3091469705104828,0.2788992908409728
2677,54,2,0.2,-0.4,-0.04039234668016434,-0.2946564853191376,0.2624609236204761
2678,54,3,0.2,-0.4,-0.06055954843759537,-0.3106732666492462,0.2754460810632823
2679,54,4,0.2,-0.4,-0.07169440388679504,-0.3090420067310333,0.28651562896798194
2680,54,5,0.2,-0.4,-0.04665277898311615,-0.32282042503356934,0.2584458940902193
2681,54,6,0.2,-0.4,-0.03822072595357895,-0.32179975509643555,0.25072772598344134
2682,54,7,0.2,-0.4,-0.07741141319274902,-0.3227546215057373,0.28796517266558475
2683,54,8,0.2,-0.4,-0.07285752892494202,-0.30690252780914307,0.2883025674865782
2684,54,9,0.2,-0.4,-0.06059177964925766,-0.3133712410926819,0.2746135784891008
2685,54,10,0.2,-0.4,-0.0751504898071289,-0.30773869156837463,0.29020672127746877
2686,54,11,0.2,-0.4,-0.07434621453285217,-0.3073689043521881,0.2895623686003066
2687,54,12,0.2,-0.4,-0.054012998938560486,-0.3029864430427551,0.27190850274174533
2688,54,13,0.2,-0.4,-0.03462158143520355,-0.30069759488105774,0.25477098370411494
2689,54,14,0.2,-0.4,-0.055777810513973236,-0.30302301049232483,0.2735449229016941
2690,54,15,0.2,-0.4,-0.0467146560549736,-0.2971494495868683,0.26729451403388005
2691,54,16,0.2,-0.4,-0.05373276770114899,-0.3164786994457245,0.2671256727676374
2692,54,17,0.2,-0.4,-0.04534450173377991,-0.305499792098999,0.26291484139228266
2693,54,18,0.2,-0.4,-0.06793138384819031,-0.30917486548423767,0.2829071075646786
2694,54,19,0.2,-0.4,-0.07055845856666565,-0.32317060232162476,0.2812554636795383
2695,54,20,0.2,-0.4,-0.04100639373064041,-0.29460424184799194,0.26304438343269193
2696,54,21,0.2,-0.4,-0.039060674607753754,-0.29974880814552307,0.2592302212554653
2697,54,22,0.2,-0.4,-0.047746442258358,-0.3049836754798889,0.2653420463797342
2698,54,23,0.2,-0.4,-0.06715943664312363,-0.3054421544075012,0.2833996308229177
2699,54,24,0.2,-0.4,-0.061894722282886505,-0.31467926502227783,0.27544232314001593
2700,54,25,0.2,-0.4,-0.04747283458709717,-0.2983420491218567,0.26753904917846244
2701,54,26,0.2,-0.4,-0.052438244223594666,-0.3011884093284607,0.27108817310559874
2702,54,27,0.2,-0.4,-0.05710041522979736,-0.30644354224205017,0.2735935567581029
2703,54,28,0.2,-0.4,-0.03726232796907425,-0.2977992594242096,0.2583377704625179
2704,54,29,0.2,-0.4,-0.04009086638689041,-0.30781614780426025,0.25717987232295936
2705,54,30,0.2,-0.4,-0.0635208860039711,-0.317707896232605,0.2760710917549711
2706,54,31,0.2,-0.4,-0.00865919142961502,-0.30297425389289856,0.23011443582639585
2707,54,32,0.2,-0.4,-0.056248657405376434,-0.3085536062717438,0.27207685926583547
2708,54,33,0.2,-0.4,-0.0726635605096817,-0.34196949005126953,0.2787704383802676
2709,54,34,0.2,-0.4,-0.09572538733482361,-0.32073068618774414,0.3061651985882742
2710,54,35,0.2,-0.4,-0.06966190040111542,-0.32267847657203674,0.28052835598770076
2711,54,36,0.2,-0.4,-0.051635488867759705,-0.30028289556503296,0.27067308727431794
2712,54,37,0.2,-0.4,-0.057446300983428955,-0.3025776445865631,0.27526298920187636
2713,54,38,0.2,-0.4,-0.06363369524478912,-0.31395435333251953,0.27732035370460506
2714,54,39,0.2,-0.4,-0.07964330911636353,-0.3075107932090759,0.294541395573465
2715,54,40,0.2,-0.4,-0.05760171264410019,-0.34350284934043884,0.2637244212996262
2716,54,41,0.2,-0.4,-0.06344547122716904,-0.31206852197647095,0.27773271528127097
2717,54,42,0.2,-0.4,-0.03297936171293259,-0.2934328317642212,0.25619512940327
2718,54,43,0.2,-0.4,-0.06817959249019623,-0.3135191798210144,0.2817786828115955
2719,54,44,0.2,-0.4,-0.0675303116440773,-0.3034726083278656,0.28441168223440255
2720,54,45,0.2,-0.4,-0.032265640795230865,-0.29954367876052856,0.253058887160651
2721,54,46,0.2,-0.4,-0.04404477775096893,-0.2927919030189514,0.2665547403551806
2722,54,47,0.2,-0.4,-0.07190753519535065,-0.30687054991722107,0.28741399090637826
2723,54,48,0.2,-0.4,-0.0652477815747261,-0.3242843449115753,0.2758427922853575
2724,55,0,0.3,-0.4,-0.1972116380929947,-0.2534686028957367,0.518353994286189
2725,55,1,0.3,-0.4,-0.13440771400928497,-0.27479079365730286,0.4520922553458982
2726,55,2,0.3,-0.4,-0.14467443525791168,-0.27209773659706116,0.46270329840572505
2727,55,3,0.3,-0.4,-0.010254740715026855,-0.22828422486782074,0.3546044438037878
2728,55,4,0.3,-0.4,-0.15150366723537445,-0.2848968803882599,0.46594451351136895
2729,55,5,0.3,-0.4,-0.15867695212364197,-0.2885305881500244,0.47202751634583046
2730,55,6,0.3,-0.4,-0.11282531917095184,-0.27699166536331177,0.4307618768399657
2731,55,7,0.3,-0.4,-0.14135460555553436,-0.29029855132102966,0.4547837900446168
2732,55,8,0.3,-0.4,-0.16717511415481567,-0.23398153483867645,0.49579705329911616
2733,55,9,0.3,-0.4,-0.1305808573961258,-0.26982754468917847,0.4498274590080408
2734,55,10,0.3,-0.4,-0.12271250784397125,-0.27748623490333557,0.44010849449414186
2735,55,11,0.3,-0.4,-0.15170815587043762,-0.27259933948516846,0.4693305726026027
2736,55,12,0.3,-0.4,-0.14195920526981354,-0.27187028527259827,0.46015775872938464
2737,55,13,0.3,-0.4,-0.1328984946012497,-0.286334753036499,0.44757222321688134
2738,55,14,0.3,-0.4,-0.12025254964828491,-0.2873864769935608,0.43507931581472126
2739,55,15,0.3,-0.4,-0.1646641492843628,-0.2717740833759308,0.4820318011544916
2740,55,16,0.3,-0.4,-0.14081138372421265,-0.2811586260795593,0.4565500500231634
2741,55,17,0.3,-0.4,-0.1508178561925888,-0.2855786085128784,0.4651118083772232
2742,55,18,0.3,-0.4,-0.15239457786083221,-0.27879780530929565,0.46834904299648566
2743,55,19,0.3,-0.4,-0.1371925324201584,-0.2851090729236603,0.4520367634699771
2744,55,20,0.3,-0.4,-0.1782252937555313,-0.2614918649196625,0.4978794382890272
2745,55,21,0.3,-0.4,-0.12344972789287567,-0.2787681818008423,0.4404620594289866
2746,55,22,0.3,-0.4,-0.13633905351161957,-0.20044104754924774,0.47980782103114744
2747,55,23,0.3,-0.4,-0.12927593290805817,-0.29060259461402893,0.44299618382020645
2748,55,24,0.3,-0.4,-0.1277475208044052,-0.25657278299331665,0.45115330890130606
2749,55,25,0.3,-0.4,-0.15121647715568542,-0.27256885170936584,0.46886565966325233
2750,55,26,0.3,-0.4,-0.15431441366672516,-0.2882956862449646,0.46784553025205194
2751,55,27,0.3,-0.4,-0.15550756454467773,-0.30053776502609253,0.46624015007657643
2752,55,28,0.3,-0.4,-0.15530429780483246,-0.2837669849395752,0.4699064985607121
2753,55,29,0.3,-0.4,-0.1360081434249878,-0.2586134374141693,0.4583593145259969
2754,55,30,0.3,-0.4,-0.16043449938297272,-0.28590622544288635,0.4743599030427616
2755,55,31,0.3,-0.4,-0.1361035853624344,-0.28343796730041504,0.45141227789353405
2756,55,32,0.3,-0.4,-0.1398928016424179,-0.22025568783283234,0.4751985844815448
2757,55,33,0.3,-0.4,-0.14217671751976013,-0.27505016326904297,0.4594917966793777
2758,55,34,0.3,-0.4,-0.1654692143201828,-0.28000715374946594,0.480686875867391
2759,55,35,0.3,-0.4,-0.12234325706958771,-0.26808473467826843,0.4424652122111417
2760,55,36,0.3,-0.4,-0.13689447939395905,-0.2777720093727112,0.453669998807176
2761,55,37,0.3,-0.4,-0.053810641169548035,-0.2259586602449417,0.39429983229585874
2762,55,38,0.3,-0.4,-0.1470160037279129,-0.28266027569770813,0.46216005721850445
2763,55,39,0.3,-0.4,-0.1336691528558731,-0.2816813290119171,0.4495200129506103
2764,55,40,0.3,-0.4,-0.14875824749469757,-0.2761252224445343,0.4655415397243605
2765,55,41,0.3,-0.4,-0.13811683654785156,-0.27518200874328613,0.4555500997783427
2766,55,42,0.3,-0.4,-0.15433330833911896,-0.28792721033096313,0.46795199032653884
2767,55,43,0.3,-0.4,-0.14044825732707977,-0.27783238887786865,0.45707722825552116
2768,55,44,0.3,-0.4,-0.1189141720533371,-0.28453826904296875,0.43453480282104767
2769,55,45,0.3,-0.4,-0.16356602311134338,-0.257564902305603,0.4849548585574527
2770,55,46,0.3,-0.4,-0.13755159080028534,-0.28219160437583923,0.4531337690918644
2771,55,47,0.3,-0.4,-0.1040002703666687,-0.24622853100299835,0.43227524001940854
2772,56,0,0.4,-0.4,-0.10549207031726837,0.0027264170348644257,0.6463055006197748
2773,56,1,0.4,-0.4,-0.17772813141345978,-0.06500661373138428,0.6678250988621212
2774,56,2,0.4,-0.4,-0.18810971081256866,0.028821129351854324,0.7278465449053413
2775,56,3,0.4,-0.4,-0.13065952062606812,-0.07104560732841492,0.6243480754266965
2776,56,4,0.4,-0.4,-0.24984516203403473,-0.10090899467468262,0.7153699491071386
2777,56,5,0.4,-0.4,-0.06406835466623306,-0.06492738425731659,0.5723924314867106
2778,56,6,0.4,-0.4,-0.13444319367408752,-0.06513954699039459,0.6306830029851418
2779,56,7,0.4,-0.4,-0.194340780377388,-0.0001451633870601654,0.7163273368944978
2780,56,8,0.4,-0.4,-0.23076768219470978,-0.1023457795381546,0.6974710774362155
2781,56,9,0.4,-0.4,-0.27053195238113403,-0.09820728003978729,0.7353175810389949
2782,56,10,0.4,-0.4,-0.10045075416564941,0.015553537756204605,0.6504888162656332
2783,56,11,0.4,-0.4,-0.2861044406890869,-0.12922003865242004,0.7376049694793831
2784,56,12,0.4,-0.4,-0.20629186928272247,-0.05105111375451088,0.699539245482557
2785,56,13,0.4,-0.4,-0.12561286985874176,0.05815718322992325,0.697263862182976
2786,56,14,0.4,-0.4,-0.3463734984397888,-0.10910268127918243,0.8010584555525336
2787,56,15,0.4,-0.4,-0.12113481760025024,-0.13065755367279053,0.5866232619908385
2788,56,16,0.4,-0.4,-0.2936018705368042,-0.15285710990428925,0.7363172977304107
2789,56,17,0.4,-0.4,-0.08533836901187897,0.06369359791278839,0.671241450731715
2790,56,18,0.4,-0.4,-0.13040097057819366,-0.033483248203992844,0.6447167742019637
2791,56,19,0.4,-0.4,-0.1318793147802353,-0.0024019666016101837,0.6640631006563757
2792,56,20,0.4,-0.4,-0.19318851828575134,-0.05976267531514168,0.683837740501908
2793,56,21,0.4,-0.4,-0.17345400154590607,-0.05972123518586159,0.6668126646011215
2794,56,22,0.4,-0.4,-0.20015616714954376,-0.10242532193660736,0.6698791786525111
2795,56,23,0.4,-0.4,-0.12262161076068878,-0.037633802741765976,0.6359580245185136
2796,56,24,0.4,-0.4,-0.13832716643810272,-0.10614678263664246,0.6133073059079547
2797,56,25,0.4,-0.4,-0.11142636835575104,0.09471286833286285,0.7115460296731905
2798,56,26,0.4,-0.4,-0.14904291927814484,-0.09325508773326874,0.6289201606014806
2799,56,27,0.4,-0.4,-0.2104102522134781,0.00897679477930069,0.734753492455308
2800,56,28,0.4,-0.4,-0.2180487960577011,-0.0956038385629654,0.6889421872740666
2801,56,29,0.4,-0.4,-0.15846291184425354,-0.10008867084980011,0.6338987531603151
2802,56,30,0.4,-0.4,-0.193311408162117,0.02082418091595173,0.7274004525011625
2803,56,31,0.4,-0.4,-0.22603560984134674,-0.06636816263198853,0.7093876145627172
2804,56,32,0.4,-0.4,-0.24117426574230194,-0.13546232879161835,0.6936026373497537
2805,56,33,0.4,-0.4,-0.2611526846885681,-0.08898109197616577,0.7306542503942884
2806,56,34,0.4,-0.4,-0.09649346768856049,0.08692100644111633,0.6954119857832776
2807,56,35,0.4,-0.4,-0.27639710903167725,-0.030502159148454666,0.7707410093542219
2808,56,36,0.4,-0.4,-0.1496473103761673,-0.053137797862291336,0.6499427306121482
2809,56,37,0.4,-0.4,-0.17674142122268677,-0.043931398540735245,0.6778019739563477
2810,56,38,0.4,-0.4,-0.09522771835327148,0.030594943091273308,0.6562488080302806
2811,56,39,0.4,-0.4,-0.10771439969539642,0.08468620479106903,0.7019220959428667
2812,56,40,0.4,-0.4,-0.19498799741268158,-0.12264387309551239,0.6564580247027311
2813,56,41,0.4,-0.4,-0.11423411965370178,-0.011236894875764847,0.6446498908103955
2814,56,42,0.4,-0.4,-0.1453227400779724,0.02245856262743473,0.6898174599003609
2815,56,43,0.4,-0.4,-0.1719648241996765,-0.12450011074542999,0.634857424230864
2816,56,44,0.4,-0.4,-0.22904346883296967,0.003229565918445587,0.7471879070971328
2817,56,45,0.4,-0.4,-0.13960197567939758,-0.0905272513628006,0.6220479678498857
2818,56,46,0.4,-0.4,-0.17858973145484924,-0.11776074767112732,0.6437585517103098
2819,56,47,0.4,-0.4,-0.1829058825969696,-0.09837579727172852,0.6563203696653164
2820,56,48,0.4,-0.4,-0.09605143964290619,0.0830860435962677,0.6924154506431055
2821,57,0,0.5,-0.4,-0.13563139736652374,-0.05587003007531166,0.7228089024897844
2822,57,1,0.5,-0.4,-0.10915620625019073,-0.05543171241879463,0.699856119798755
2823,57,2,0.5,-0.4,-0.09171733260154724,-0.08918215334415436,0.6683839731029364
2824,57,3,0.5,-0.4,-0.14743033051490784,-0.056461039930582047,0.7329290893096139
2825,57,4,0.5,-0.4,-0.10890062153339386,-0.05893269553780556,0.697916093149356
2826,57,5,0.5,-0.4,-0.07034017145633698,-0.08223745226860046,0.6528866271548176
2827,57,6,0.5,-0.4,-0.09204134345054626,-0.09715095162391663,0.6650041341653652
2828,57,7,0.5,-0.4,-0.12119068205356598,-0.06593689322471619,0.705319801776846
2829,57,8,0.5,-0.4,-0.12455171346664429,-0.06050519272685051,0.7108597378945823
2830,57,9,0.5,-0.4,-0.12631693482398987,-0.07547867298126221,0.7053984650800713
2831,57,10,0.5,-0.4,-0.10181470215320587,-0.04543354734778404,0.6984971761389791
2832,57,11,0.5,-0.4,-0.10626763105392456,-0.06514120101928711,0.6925971814254972
2833,57,12,0.5,-0.4,-0.11254945397377014,-0.021236509084701538,0.7201934570751857
2834,57,13,0.5,-0.4,-0.10994608700275421,-0.09407714009284973,0.6823657562215013
2835,57,14,0.5,-0.4,-0.1312277913093567,-0.050191882997751236,0.7216746103625564
2836,57,15,0.5,-0.4,-0.0854247659444809,-0.03410583361983299,0.6903627289854136
2837,57,16,0.5,-0.4,-0.10377475619316101,-0.10084503889083862,0.6738231570466653
2838,57,17,0.5,-0.4,-0.1103239506483078,-0.07720459997653961,0.6904289934607786
2839,57,18,0.5,-0.4,-0.10701137781143188,-0.13922283053398132,0.6606569040789944
2840,57,19,0.5,-0.4,-0.10354791581630707,-0.15371651947498322,0.6518632060990438
2841,57,20,0.5,-0.4,-0.1317921131849289,-0.10827328264713287,0.6958920547758521
2842,57,21,0.5,-0.4,-0.12542012333869934,-0.11083987355232239,0.6890311381964032
2843,57,22,0.5,-0.4,-0.12769879400730133,-0.038077618926763535,0.7245644111602098
2844,57,23,0.5,-0.4,-0.04404614865779877,-0.029687266796827316,0.6581168074451433
2845,57,24,0.5,-0.4,-0.09354569017887115,-0.14801353216171265,0.6448206466169711
2846,57,25,0.5,-0.4,-0.11678805947303772,-0.1273382604122162,0.6743678036083514
2847,57,26,0.5,-0.4,-0.1213141530752182,-0.07515618205070496,0.7011096796304059
2848,57,27,0.5,-0.4,-0.11467266082763672,-0.02660927176475525,0.7191961595427032
2849,57,28,0.5,-0.4,-0.11231794953346252,-0.08886696398258209,0.6868311564149372
2850,57,29,0.5,-0.4,-0.11717657744884491,-0.16034375131130219,0.6620740481902376
2851,57,30,0.5,-0.4,-0.08817948400974274,-0.08016131818294525,0.6695161594737191
2852,57,31,0.5,-0.4,-0.10762780904769897,-0.04036259278655052,0.7060811702597085
2853,57,32,0.5,-0.4,-0.14572380483150482,-0.05940357968211174,0.7300446244302022
2854,57,33,0.5,-0.4,-0.1399725079536438,-0.07354843616485596,0.7184256638420483
2855,57,34,0.5,-0.4,-0.11329980194568634,-0.11200864613056183,0.6775512282995065
2856,57,35,0.5,-0.4,-0.11551302671432495,-0.11606088280677795,0.6778478504262557
2857,57,36,0.5,-0.4,-0.1571211963891983,-0.08269059658050537,0.7297215388368408
2858,57,37,0.5,-0.4,-0.12877891957759857,-0.15952177345752716,0.6731958906189083
2859,57,38,0.5,-0.4,-0.1103394478559494,-0.05876435711979866,0.6992538920742376
2860,57,39,0.5,-0.4,-0.08821366727352142,-0.08952207863330841,0.6651254453285835
2861,57,40,0.5,-0.4,-0.1569606065750122,-0.17642679810523987,0.6939612490599768
2862,57,41,0.5,-0.4,-0.10425050556659698,0.006318449974060059,0.7281575078695617
2863,57,42,0.5,-0.4,-0.106570303440094,-0.15700946748256683,0.6534308929860245
2864,57,43,0.5,-0.4,-0.06801529228687286,-0.13500651717185974,0.626787777651359
2865,57,44,0.5,-0.4,-0.14111627638339996,-0.1434863656759262,0.6905282937272453
2866,57,45,0.5,-0.4,-0.1331586390733719,-0.137049600481987,0.6855893631321355
2867,57,46,0.5,-0.4,-0.104207843542099,-0.1359623521566391,0.6593807683550137
2868,57,47,0.5,-0.4,-0.08667527139186859,-0.0865398496389389,0.6651654981484696
2869,57,48,0.5,-0.4,-0.12906616926193237,-0.10935327410697937,0.6929644757000281
2870,58,0,0.6,-0.4,-0.10157270729541779,0.08378686010837555,0.85220536822725
2871,58,1,0.6,-0.4,-0.2034556120634079,0.03604809194803238,0.9141547238010124
2872,58,2,0.6,-0.4,-0.14968477189540863,0.03168053925037384,0.8650869003628274
2873,58,3,0.6,-0.4,-0.12750503420829773,0.03865088149905205,0.8495164334127456
2874,58,4,0.6,-0.4,-0.14400288462638855,0.01792091503739357,0.8533452897614655
2875,58,5,0.6,-0.4,-0.0627545490860939,0.005592983216047287,0.7770130374507267
2876,58,6,0.6,-0.4,-0.11415664851665497,0.08261600136756897,0.8619384684515261
2877,58,7,0.6,-0.4,-0.1337049901485443,0.0670793354511261,0.8697621043563241
2878,58,8,0.6,-0.4,-0.16452749073505402,0.042866043746471405,0.8835341627765673
2879,58,9,0.6,-0.4,-0.1435810923576355,0.07205633819103241,0.8807667269703714
2880,58,10,0.6,-0.4,-0.139149472117424,0.04945628345012665,0.865073923352373
2881,58,11,0.6,-0.4,-0.15747986733913422,0.09319169819355011,0.9038881571251779
2882,58,12,0.6,-0.4,-0.17332705855369568,0.09912359714508057,0.9204124644518651
2883,58,13,0.6,-0.4,-0.2420853227376938,0.018144099041819572,0.9401873102386252
2884,58,14,0.6,-0.4,-0.11158536374568939,0.03871351107954979,0.8359565028760955
2885,58,15,0.6,-0.4,-0.16099373996257782,0.017144152894616127,0.8678252799708005
2886,58,16,0.6,-0.4,-0.09560628235340118,0.035076338797807693,0.8204629916280346
2887,58,17,0.6,-0.4,-0.15574508905410767,0.047503627836704254,0.8782995710783494
2888,58,18,0.6,-0.4,-0.12199965119361877,0.05066804960370064,0.85110821125008
2889,58,19,0.6,-0.4,-0.09140144288539886,0.05027402564883232,0.8250955419816646
2890,58,20,0.6,-0.4,-0.144245445728302,-0.007072895765304565,0.8416014452991286
2891,58,21,0.6,-0.4,-0.09410591423511505,0.08193857967853546,0.8450134997493999
2892,58,22,0.6,-0.4,-0.1564120352268219,0.025826990604400635,0.8680367463207898
2893,58,23,0.6,-0.4,-0.11245585978031158,0.04093777388334274,0.8378660230445563
2894,58,24,0.6,-0.4,-0.10753728449344635,0.052233144640922546,0.8397165152955952
2895,58,25,0.6,-0.4,-0.11320173740386963,0.03773253411054611,0.8368192694093143
2896,58,26,0.6,-0.4,-0.12651389837265015,0.03185541555285454,0.8451754518861477
2897,58,27,0.6,-0.4,-0.09532049298286438,0.028389960527420044,0.8166936673212412
2898,58,28,0.6,-0.4,-0.15649950504302979,0.03377936780452728,0.8720413069707446
2899,58,29,0.6,-0.4,-0.1137443333864212,0.07112276554107666,0.8552120401703306
2900,58,30,0.6,-0.4,-0.1284381002187729,0.0517578050494194,0.8571506170291218
2901,58,31,0.6,-0.4,-0.160101979970932,0.057408008724451065,0.8871173013762039
2902,58,32,0.6,-0.4,-0.1453198343515396,0.021202072501182556,0.8561032889535573
2903,58,33,0.6,-0.4,-0.1795474886894226,0.05653044953942299,0.9033904684457619
2904,58,34,0.6,-0.4,-0.13732627034187317,0.0371483750641346,0.8571748542493942
2905,58,35,0.6,-0.4,-0.22124619781970978,-0.014607366174459457,0.9071784827917365
2906,58,36,0.6,-0.4,-0.14092621207237244,0.023674746975302696,0.8535056783410998
2907,58,37,0.6,-0.4,-0.10095170140266418,0.0465996228158474,0.8311344721514966
2908,58,38,0.6,-0.4,-0.06256760656833649,0.037004534155130386,0.7937057364954826
2909,58,39,0.6,-0.4,-0.20018444955348969,0.006856806576251984,0.897679015219052
2910,58,40,0.6,-0.4,-0.21316789090633392,-0.03581956401467323,0.8909934953497236
2911,58,41,0.6,-0.4,-0.13605184853076935,0.043255653232336044,0.8592135344883643
2912,58,42,0.6,-0.4,-0.12859365344047546,0.056057631969451904,0.8595564411435259
2913,58,43,0.6,-0.4,-0.13637198507785797,0.0024417415261268616,0.8391680735884123
2914,58,44,0.6,-0.4,-0.15236876904964447,0.04943825304508209,0.8763866201292057
2915,58,45,0.6,-0.4,-0.2223518043756485,-0.009545691311359406,0.910338979355168
2916,58,46,0.6,-0.4,-0.16034996509552002,-0.016975853592157364,0.8513751030845422
2917,58,47,0.6,-0.4,-0.1056867390871048,0.09068583697080612,0.8595151914463944
2918,58,48,0.6,-0.4,-0.1380947083234787,0.007974689826369286,0.8433428401273371
2919,58,49,0.6,-0.4,-0.16276156902313232,0.029459848999977112,0.8753519138504889
2920,59,0,0.8,-0.4,-0.20438523590564728,0.07681328058242798,1.1118186033004755
2921,59,1,0.8,-0.4,-0.25482940673828125,0.0861082524061203,1.1614500894903608
2922,59,2,0.8,-0.4,-0.351032555103302,-0.06186352297663689,1.1996717134288895
2923,59,3,0.8,-0.4,-0.2053336650133133,0.04909961298108101,1.1010841204871031
2924,59,4,0.8,-0.4,-0.23235554993152618,0.0890427827835083,1.1423313113396927
2925,59,5,0.8,-0.4,-0.20239277184009552,0.09450043737888336,1.1177307151569096
2926,59,6,0.8,-0.4,-0.028250716626644135,0.05010506138205528,0.9426525424960638
2927,59,7,0.8,-0.4,-0.3090551495552063,0.08039163798093796,1.2086270932744019
2928,59,8,0.8,-0.4,-0.09883974492549896,0.20725798606872559,1.0847465827104414
2929,59,9,0.8,-0.4,-0.2525169849395752,0.09578829258680344,1.1634423211540965
2930,59,10,0.8,-0.4,-0.24146859347820282,0.07217201590538025,1.1435048070758675
2931,59,11,0.8,-0.4,-0.13649287819862366,0.08530132472515106,1.0547683568901414
2932,59,12,0.8,-0.4,-0.1291751116514206,0.028904372826218605,1.0233891484385995
2933,59,13,0.8,-0.4,-0.2255183309316635,0.11390677094459534,1.147078034093394
2934,59,14,0.8,-0.4,-0.15566562116146088,0.14598341286182404,1.100633756792043
2935,59,15,0.8,-0.4,-0.272921621799469,0.040942125022411346,1.1599960190207907
2936,59,16,0.8,-0.4,-0.12482389807701111,0.15922234952449799,1.0807538473963707
2937,59,17,0.8,-0.4,-0.19523026049137115,0.0901782214641571,1.109395312859887
2938,59,18,0.8,-0.4,-0.20223532617092133,0.08844467997550964,1.114923250462251
2939,59,19,0.8,-0.4,-0.23751814663410187,0.09013630449771881,1.1474656864506851
2940,59,20,0.8,-0.4,0.09234189987182617,0.04115775227546692,0.8339065589559532
2941,59,21,0.8,-0.4,-0.20006172358989716,0.07163938879966736,1.1056975915940668
2942,59,22,0.8,-0.4,-0.16352000832557678,0.11368310451507568,1.0918979523325272
2943,59,23,0.8,-0.4,-0.24451671540737152,0.061180341988801956,1.141797914082134
2944,59,24,0.8,-0.4,-0.2098456770181656,0.08740019798278809,1.1213149621698348
2945,59,25,0.8,-0.4,-0.19865791499614716,0.13483688235282898,1.1328583856375631
2946,59,26,0.8,-0.4,-0.18177089095115662,0.1272163689136505,1.1143747942095257
2947,59,27,0.8,-0.4,-0.17555120587348938,0.10458970069885254,1.0983218659994787
2948,59,28,0.8,-0.4,-0.23024548590183258,0.10535234212875366,1.1475132900825682
2949,59,29,0.8,-0.4,-0.34845733642578125,0.07660543918609619,1.2434255097318745
2950,59,30,0.8,-0.4,0.002020619809627533,0.13153773546218872,0.9588031369521497
2951,59,31,0.8,-0.4,-0.1603301763534546,0.1010487824678421,1.0831823161534553
2952,59,32,0.8,-0.4,-0.14670006930828094,0.1380806565284729,1.088931501132379
2953,59,33,0.8,-0.4,0.009545858949422836,0.1817285120487213,0.9814406812611882
2954,59,34,0.8,-0.4,-0.1360253244638443,0.1382017582654953,1.0797242891765082
2955,59,35,0.8,-0.4,-0.2645958662033081,0.05910756438970566,1.1593722931039105
2956,59,36,0.8,-0.4,-0.19343939423561096,0.12069635093212128,1.1216267293058082
2957,59,37,0.8,-0.4,-0.24131856858730316,0.0825350359082222,1.1476865522274187
2958,59,38,0.8,-0.4,-0.18786728382110596,0.08413848280906677,1.1001235571429033
2959,59,39,0.8,-0.4,-0.06917577236890793,0.09780415892601013,1.00163641303475
2960,59,40,0.8,-0.4,-0.18995940685272217,0.12452927231788635,1.1203350323606438
2961,59,41,0.8,-0.4,-0.1853332668542862,0.06418156623840332,1.0891951951809544
2962,59,42,0.8,-0.4,-0.10867629945278168,0.1631392538547516,1.0690268642177745
2963,59,43,0.8,-0.4,-0.1859596222639084,0.12352758646011353,1.11633216854104
2964,59,44,0.8,-0.4,-0.23431338369846344,0.07670697569847107,1.138882661373571
2965,59,45,0.8,-0.4,-0.24927692115306854,0.08722663670778275,1.1568802240431117
2966,59,46,0.8,-0.4,-0.28028470277786255,0.026418402791023254,1.161399024149195
2967,59,47,0.8,-0.4,-0.24757538735866547,0.06547703593969345,1.14633462094925
2968,59,48,0.8,-0.4,-0.06850191205739975,0.13012903928756714,1.017512835075469
2969,60,0,1.0,-0.4,-0.15156733989715576,0.11815260350704193,1.262770548769228
2970,60,1,1.0,-0.4,-0.22331808507442474,0.15676213800907135,1.3440577426549016
2971,60,2,1.0,-0.4,-0.3356207609176636,-0.018496181815862656,1.389038509287397
2972,60,3,1.0,-0.4,-0.2020336538553238,0.05483846366405487,1.285209295418088
2973,60,4,1.0,-0.4,-0.2757253646850586,0.06979355961084366,1.3594782803534056
2974,60,5,1.0,-0.4,-0.23037241399288177,0.06715146452188492,1.3160724782167634
2975,60,6,1.0,-0.4,-0.35157495737075806,-0.04345120117068291,1.3978132605389018
2976,60,7,1.0,-0.4,-0.24901871383190155,0.06925557553768158,1.3342595484670507
2977,60,8,1.0,-0.4,-0.1988777369260788,0.06023570895195007,1.2841825165806846
2978,60,9,1.0,-0.4,-0.12198378145694733,0.14498698711395264,1.2473405396987522
2979,60,10,1.0,-0.4,-0.38991230726242065,-0.06684823334217072,1.429281750218192
2980,60,11,1.0,-0.4,-0.19412705302238464,0.08347422629594803,1.2882883009064354
2981,60,12,1.0,-0.4,-0.13597333431243896,0.1652626246213913,1.2688409084919923
2982,60,13,1.0,-0.4,-0.13872694969177246,0.1569713056087494,1.267641945198187
2983,60,14,1.0,-0.4,-0.35799640417099,-0.07813474535942078,1.3956186713734464
2984,60,15,1.0,-0.4,-0.339854896068573,-0.05431118980050087,1.3837311501935887
2985,60,16,1.0,-0.4,-0.22888578474521637,0.06446333974599838,1.3137299821184234
2986,60,17,1.0,-0.4,-0.33387184143066406,-0.03445188328623772,1.3830544150519202
2987,60,18,1.0,-0.4,-0.22084440290927887,0.06794513761997223,1.3074531379506833
2988,60,19,1.0,-0.4,-0.17904722690582275,0.12014757096767426,1.2886837699210316
2989,60,20,1.0,-0.4,-0.31770724058151245,-0.03184697404503822,1.368169953770634
2990,60,21,1.0,-0.4,-0.16897520422935486,0.20973104238510132,1.3184365635672746
2991,60,22,1.0,-0.4,-0.1982799619436264,0.12064686417579651,1.3065022098610124
2992,60,23,1.0,-0.4,-0.10425539314746857,0.13062040507793427,1.2251277433722336
2993,60,24,1.0,-0.4,-0.23555298149585724,0.08260893821716309,1.3264624221327945
2994,60,25,1.0,-0.4,-0.2567024230957031,0.09035350382328033,1.348980184778998
2995,60,26,1.0,-0.4,-0.1480456292629242,0.018910715356469154,1.2220863121360015
2996,60,27,1.0,-0.4,-0.22735477983951569,0.12874624133110046,1.3364027623873995
2997,60,28,1.0,-0.4,-0.21697182953357697,0.08524458110332489,1.3101460748208358
2998,60,29,1.0,-0.4,-0.37771016359329224,-0.007565092295408249,1.4325119377001252
2999,60,30,1.0,-0.4,-0.23753507435321808,0.05712158977985382,1.3192623727285206
3000,60,31,1.0,-0.4,-0.1806918978691101,0.1351901888847351,1.2963263076757487
3001,60,32,1.0,-0.4,-0.202153280377388,0.03218483924865723,1.2774804283426429
3002,60,33,1.0,-0.4,-0.1451416313648224,0.14862261712551117,1.2697779852818885
3003,60,34,1.0,-0.4,-0.2638823390007019,0.01444215327501297,1.330098066027131
3004,60,35,1.0,-0.4,-0.31168752908706665,-0.04707886651158333,1.3583362987218162
3005,60,36,1.0,-0.4,-0.344524085521698,-0.04525105282664299,1.3905365266934067
3006,60,37,1.0,-0.4,-0.24570922553539276,0.07807677984237671,1.334297149067045
3007,60,38,1.0,-0.4,-0.27678412199020386,0.0714477002620697,1.361043947949033
3008,60,39,1.0,-0.4,-0.34190720319747925,-0.036551427096128464,1.390255302863162
3009,60,40,1.0,-0.4,-0.19362378120422363,0.06776780635118484,1.2820079764630437
3010,60,41,1.0,-0.4,-0.1697918027639389,0.16334858536720276,1.298373786876851
3011,60,42,1.0,-0.4,-0.0707981288433075,0.31395086646080017,1.2869865859652367
3012,60,43,1.0,-0.4,-0.3091040253639221,0.0022955797612667084,1.3695236700106639
3013,60,44,1.0,-0.4,-0.2934749722480774,0.003106202930212021,1.3548328733364046
3014,60,45,1.0,-0.4,-0.34806180000305176,-0.0133083276450634,1.4024268487504528
3015,60,46,1.0,-0.4,-0.1447615623474121,0.13110359013080597,1.2619627799891402
3016,60,47,1.0,-0.4,-0.3505663275718689,-0.033216480165719986,1.399485461015222
3017,60,48,1.0,-0.4,-0.3205749988555908,0.009294688701629639,1.3825485415716179
3018,61,0,-0.5,-0.3,-0.06299027800559998,-0.040000345557928085,0.5085049826969442
3019,61,1,-0.5,-0.3,-0.007129408419132233,-0.05167016014456749,0.5518959407423643
3020,61,2,-0.5,-0.3,-0.04585297405719757,-0.028289277106523514,0.5292222955507336
3021,61,3,-0.5,-0.3,-0.027361631393432617,-0.04209979996085167,0.5384231984780282
3022,61,4,-0.5,-0.3,0.022820185869932175,-0.017853491008281708,0.5940939313688401
3023,61,5,-0.5,-0.3,-0.07076196372509003,-0.027959298342466354,0.5081844499229233
3024,61,6,-0.5,-0.3,-0.0610116571187973,-0.03097483143210411,0.5148643573880107
3025,61,7,-0.5,-0.3,-0.07702866196632385,-0.07797777652740479,0.4777013926227485
3026,61,8,-0.5,-0.3,-0.06848856806755066,-0.03586797043681145,0.5059326486100318
3027,61,9,-0.5,-0.3,-0.05454583466053009,-0.008134692907333374,0.5325549463694619
3028,61,10,-0.5,-0.3,0.007853206247091293,-0.07874816656112671,0.5539560026712532
3029,61,11,-0.5,-0.3,-0.08063225448131561,-0.04803537204861641,0.4892396955686478
3030,61,12,-0.5,-0.3,-0.03399494290351868,-0.03447525575757027,0.5363432697857805
3031,61,13,-0.5,-0.3,-0.04086923599243164,-0.05453125759959221,0.5206303505884105
3032,61,14,-0.5,-0.3,0.0009426362812519073,-0.053490180522203445,0.5583105013730142
3033,61,15,-0.5,-0.3,0.0051346272230148315,-0.004478253424167633,0.5852299499504146
3034,61,16,-0.5,-0.3,-0.08017219603061676,-0.042260829359292984,0.49263055636888214
3035,61,17,-0.5,-0.3,-0.08294317126274109,-0.08383321762084961,0.46974937594480554
3036,61,18,-0.5,-0.3,0.016240030527114868,-0.01189824566245079,0.5911906545024287
3037,61,19,-0.5,-0.3,-0.00929262489080429,-0.020437948405742645,0.5647554060636756
3038,61,20,-0.5,-0.3,-0.03806909918785095,-0.07067017257213593,0.5157250496856027
3039,61,21,-0.5,-0.3,-0.05289345234632492,-0.028435606509447098,0.523117085141252
3040,61,22,-0.5,-0.3,-0.06386713683605194,-0.04048038646578789,0.5075059646354216
3041,61,23,-0.5,-0.3,-0.05219058692455292,-0.04933527484536171,0.513192044829055
3042,61,24,-0.5,-0.3,-0.06319604814052582,-0.03267292305827141,0.5121146926482999
3043,61,25,-0.5,-0.3,-0.06923340260982513,-0.023826856166124344,0.5116947007759565
3044,61,26,-0.5,-0.3,-0.048385366797447205,-0.006425265222787857,0.5386482171345105
3045,61,27,-0.5,-0.3,0.0659870132803917,-0.046409811824560165,0.6202010018864152
3046,61,28,-0.5,-0.3,-0.07689908146858215,-0.03152882680296898,0.5010899700651767
3047,61,29,-0.5,-0.3,-0.0652598887681961,-0.03797396644949913,0.5075988638403847
3048,61,30,-0.5,-0.3,-0.06655879318714142,-0.06324020028114319,0.49388913991532596
3049,61,31,-0.5,-0.3,-0.012379176914691925,-0.014456268399953842,0.5650745877868447
3050,61,32,-0.5,-0.3,0.0037579424679279327,-0.0233415849506855,0.5747277122404304
3051,61,33,-0.5,-0.3,-0.001889936625957489,-0.04385046288371086,0.5601126856261888
3052,61,34,-0.5,-0.3,-0.07469619810581207,-0.023797426372766495,0.5071204842874699
3053,61,35,-0.5,-0.3,0.014941487461328506,-8.024275302886963e-05,0.5959166017958952
3054,61,36,-0.5,-0.3,-0.03285844624042511,-0.05437502637505531,0.527781071010665
3055,61,37,-0.5,-0.3,0.022487394511699677,-0.0374247245490551,0.5847553785146093
3056,61,38,-0.5,-0.3,0.032967083156108856,-0.011642158031463623,0.605973726124064
3057,61,39,-0.5,-0.3,-0.05691935867071152,-0.02147839218378067,0.5233495397354482
3058,61,40,-0.5,-0.3,-0.0108819380402565,-0.05770478770136833,0.5458419628776212
3059,61,41,-0.5,-0.3,-0.08874216675758362,-0.05636985972523689,0.47800486467560965
3060,61,42,-0.5,-0.3,-0.07218676805496216,-0.03713313862681389,0.5021186595172983
3061,61,43,-0.5,-0.3,-0.012060970067977905,-0.05349525436758995,0.5466709124787068
3062,61,44,-0.5,-0.3,-0.03658691793680191,-0.0109715536236763,0.546158518602451
3063,61,45,-0.5,-0.3,-0.016516707837581635,-0.009405914694070816,0.5640930917986853
3064,61,46,-0.5,-0.3,-0.033479176461696625,-0.03862890973687172,0.5347490304995355
3065,61,47,-0.5,-0.3,-0.028685912489891052,-0.025473710149526596,0.5454371209448003
3066,61,48,-0.5,-0.3,-0.03733537346124649,-0.03871768340468407,0.5313445262874731
3067,61,49,-0.5,-0.3,0.021610088646411896,-0.01646093651652336,0.5936930899874149
3068,62,0,-0.4,-0.3,0.15866437554359436,-0.15179073810577393,0.5779895066631795
3069,62,1,-0.4,-0.3,0.15888777375221252,-0.14608386158943176,0.5796945068852434
3070,62,2,-0.4,-0.3,0.16542384028434753,-0.14672045409679413,0.5858316638371405
3071,62,3,-0.4,-0.3,0.16898800432682037,-0.16463062167167664,0.584869402223107
3072,62,4,-0.4,-0.3,0.15596559643745422,-0.16310414671897888,0.5725715842299486
3073,62,5,-0.4,-0.3,0.15904049575328827,-0.14726760983467102,0.5795286523526655
3074,62,6,-0.4,-0.3,0.1563059687614441,-0.15832720696926117,0.5740622885756731
3075,62,7,-0.4,-0.3,0.15247118473052979,-0.1641233265399933,0.5689348647675869
3076,62,8,-0.4,-0.3,0.168777734041214,-0.15025080740451813,0.5881606340312625
3077,62,9,-0.4,-0.3,0.1904132068157196,-0.07657510042190552,0.6312736653258263
3078,62,10,-0.4,-0.3,0.149793341755867,-0.1426210254430771,0.5718748641719378
3079,62,11,-0.4,-0.3,0.1597956269979477,-0.1498308926820755,0.5795877024218921
3080,62,12,-0.4,-0.3,0.17968851327896118,-0.1512783169746399,0.598462121967187
3081,62,13,-0.4,-0.3,0.16136863827705383,-0.10990972816944122,0.5926795588559213
3082,62,14,-0.4,-0.3,0.17033231258392334,-0.13731658458709717,0.5930808042988183
3083,62,15,-0.4,-0.3,0.16529116034507751,-0.15483830869197845,0.5836317439856141
3084,62,16,-0.4,-0.3,0.1765548586845398,-0.1630556285381317,0.5925953644333002
3085,62,17,-0.4,-0.3,0.17413511872291565,-0.14774328470230103,0.5939808430448081
3086,62,18,-0.4,-0.3,0.17294162511825562,-0.1485065221786499,0.592631740303838
3087,62,19,-0.4,-0.3,0.17188209295272827,-0.1385842114686966,0.5942257020923745
3088,62,20,-0.4,-0.3,0.1598719209432602,-0.15423357486724854,0.5785364453141031
3089,62,21,-0.4,-0.3,0.1576130986213684,-0.15014110505580902,0.5773993904984815
3090,62,22,-0.4,-0.3,0.16885483264923096,-0.14760875701904297,0.5889133311155944
3091,62,23,-0.4,-0.3,0.15031792223453522,-0.15466509759426117,0.5691854261923979
3092,62,24,-0.4,-0.3,0.16283699870109558,-0.15058739483356476,0.5823311890062889
3093,62,25,-0.4,-0.3,0.16140145063400269,-0.16401465237140656,0.5776362207684279
3094,62,26,-0.4,-0.3,0.1605300009250641,-0.1009257584810257,0.5948314345874866
3095,62,27,-0.4,-0.3,0.13672374188899994,-0.1588960736989975,0.5549618843892692
3096,62,28,-0.4,-0.3,0.16144947707653046,-0.14225950837135315,0.5831874295702513
3097,62,29,-0.4,-0.3,0.1766081601381302,-0.09103035926818848,0.6133068408924378
3098,62,30,-0.4,-0.3,0.16749995946884155,-0.16339710354804993,0.5837093072036791
3099,62,31,-0.4,-0.3,0.1655023694038391,-0.152704119682312,0.5843706068582838
3100,62,32,-0.4,-0.3,0.15854893624782562,-0.1526012122631073,0.5776705954173911
3101,62,33,-0.4,-0.3,0.1672779768705368,-0.09025011956691742,0.6048134550289219
3102,62,34,-0.4,-0.3,0.16187968850135803,-0.11925020813941956,0.5902366234045684
3103,62,35,-0.4,-0.3,0.1482383757829666,-0.11740662157535553,0.5778457047739222
3104,62,36,-0.4,-0.3,0.16258488595485687,-0.1482751965522766,0.5826853094819618
3105,62,37,-0.4,-0.3,0.17877867817878723,-0.0798724889755249,0.6192260325795538
3106,62,38,-0.4,-0.3,0.18512551486492157,-0.09449826180934906,0.6201635530610602
3107,62,39,-0.4,-0.3,0.1723054051399231,-0.08514097332954407,0.6113083330808989
3108,62,40,-0.4,-0.3,0.18552416563034058,-0.14755435287952423,0.6050439850647944
3109,62,41,-0.4,-0.3,0.16994887590408325,-0.14758075773715973,0.5899774119034613
3110,62,42,-0.4,-0.3,0.16213729977607727,-0.15464968979358673,0.5806247122510718
3111,62,43,-0.4,-0.3,0.1641712486743927,-0.14497844874858856,0.5850819422809231
3112,62,44,-0.4,-0.3,0.15155631303787231,-0.13821300864219666,0.5747950913365052
3113,62,45,-0.4,-0.3,0.15237605571746826,-0.15096262097358704,0.5721288729622465
3114,62,46,-0.4,-0.3,0.12291447818279266,-0.15862254798412323,0.5416891501882642
3115,62,47,-0.4,-0.3,0.1722504198551178,-0.1521247923374176,0.5910478999756369
3116,62,48,-0.4,-0.3,0.17168259620666504,-0.08582824468612671,0.6104838503841182
3117,63,0,-0.3,-0.3,-0.22638826072216034,-0.1483679711818695,0.16855551110245845
3118,63,1,-0.3,-0.3,-0.2438904494047165,-0.1397334337234497,0.1698047523895623
3119,63,2,-0.3,-0.3,-0.25896137952804565,-0.16084645688533783,0.14507886452411065
3120,63,3,-0.3,-0.3,-0.23880700767040253,-0.1542806625366211,0.15804653625124554
3121,63,4,-0.3,-0.3,-0.23330028355121613,-0.11549809575080872,0.19618818732514431
3122,63,5,-0.3,-0.3,-0.2775624990463257,-0.15857051312923431,0.1431982583887605
3123,63,6,-0.3,-0.3,-0.256622314453125,-0.15954045951366425,0.14700512275780106
3124,63,7,-0.3,-0.3,-0.27147096395492554,-0.1493983119726181,0.15328005197793357
3125,63,8,-0.3,-0.3,-0.13930802047252655,-0.1302642971277237,0.23373515164391429
3126,63,9,-0.3,-0.3,-0.238056942820549,-0.14063112437725067,0.17098356894741693
3127,63,10,-0.3,-0.3,-0.2547982931137085,-0.15581850707530975,0.15110095038558397
3128,63,11,-0.3,-0.3,-0.23922006785869598,-0.14928103983402252,0.16251278443437925
3129,63,12,-0.3,-0.3,-0.25636857748031616,-0.16429878771305084,0.14254304629563244
3130,63,13,-0.3,-0.3,-0.2647736668586731,-0.15979674458503723,0.14456087774891596
3131,63,14,-0.3,-0.3,-0.2408873587846756,-0.14602291584014893,0.16493406803271884
3132,63,15,-0.3,-0.3,-0.21364663541316986,-0.134043350815773,0.18707889507884792
3133,63,16,-0.3,-0.3,-0.2994796633720398,-0.13864333927631378,0.16135749970207514
3134,63,17,-0.3,-0.3,-0.24944044649600983,-0.16655972599983215,0.14269749533808473
3135,63,18,-0.3,-0.3,-0.25001251697540283,-0.14924153685569763,0.15882966558161093
3136,63,19,-0.3,-0.3,-0.25472575426101685,-0.15497347712516785,0.1519290941998867
3137,63,20,-0.3,-0.3,-0.29347753524780273,-0.10498468577861786,0.1951243586211318
3138,63,21,-0.3,-0.3,-0.27196937799453735,-0.1688293069601059,0.1341322723380889
3139,63,22,-0.3,-0.3,-0.2587999701499939,-0.14263591170310974,0.16266806307678489
3140,63,23,-0.3,-0.3,-0.24429355561733246,-0.15716324746608734,0.15331518457150106
3141,63,24,-0.3,-0.3,-0.24908749759197235,-0.14326639473438263,0.16479534556839212
3142,63,25,-0.3,-0.3,-0.27966415882110596,-0.1309898942708969,0.17022914637339812
3143,63,26,-0.3,-0.3,-0.24814249575138092,-0.1364153027534485,0.17160755787593232
3144,63,27,-0.3,-0.3,-0.23227234184741974,-0.14353047311306,0.17049852938678273
3145,63,28,-0.3,-0.3,-0.261072039604187,-0.11896266043186188,0.18517533426049845
3146,63,29,-0.3,-0.3,-0.30649781227111816,-0.17925463616847992,0.12092007464071815
3147,63,30,-0.3,-0.3,-0.24098323285579681,-0.15104840695858002,0.16021721466100292
3148,63,31,-0.3,-0.3,-0.2352212518453598,-0.156345933675766,0.15758419014599695
3149,63,32,-0.3,-0.3,-0.3025001883506775,-0.13442689180374146,0.16559198380223242
3150,63,33,-0.3,-0.3,-0.2692466974258423,-0.14530718326568604,0.1577201102219173
3151,63,34,-0.3,-0.3,-0.21448718011379242,-0.1364785134792328,0.1845310784633646
3152,63,35,-0.3,-0.3,-0.27857136726379395,-0.1703513264656067,0.131407628584382
3153,63,36,-0.3,-0.3,-0.329024076461792,-0.1297237128019333,0.17273219444104346
3154,63,37,-0.3,-0.3,-0.2669316530227661,-0.1589694321155548,0.14485557168992788
3155,63,38,-0.3,-0.3,-0.23802651464939117,-0.14879658818244934,0.16341109090808353
3156,63,39,-0.3,-0.3,-0.3250807523727417,-0.15294265747070312,0.14918078338499813
3157,63,40,-0.3,-0.3,-0.21893592178821564,-0.15321283042430878,0.16768380341693415
3158,63,41,-0.3,-0.3,-0.28038692474365234,-0.1701536774635315,0.1313192301121803
3159,63,42,-0.3,-0.3,-0.26610130071640015,-0.1545891910791397,0.149309829429073
3160,63,43,-0.3,-0.3,-0.25037914514541626,-0.1362004578113556,0.1711505748097539
3161,63,44,-0.3,-0.3,-0.20763014256954193,-0.15581341087818146,0.17123657040570295
3162,63,45,-0.3,-0.3,-0.3059583902359009,-0.16866910457611084,0.1314659899253179
3163,63,46,-0.3,-0.3,-0.23513562977313995,-0.14510692656040192,0.1679263252872875
3164,63,47,-0.3,-0.3,-0.22315938770771027,-0.16674992442131042,0.1538182769997781
3165,63,48,-0.3,-0.3,-0.3007744550704956,-0.14262539148330688,0.15737651408783532
3166,64,0,-0.2,-0.3,-0.15838953852653503,-0.18991470336914062,0.11768688558347956
3167,64,1,-0.2,-0.3,-0.18457160890102386,-0.21086104214191437,0.09046429715599702
3168,64,2,-0.2,-0.3,-0.16284987330436707,-0.22002513706684113,0.08818225793593135
3169,64,3,-0.2,-0.3,-0.16863951086997986,-0.22465945780277252,0.08160684761125334
3170,64,4,-0.2,-0.3,-0.10394953191280365,-0.2011246532201767,0.1378478386504476
3171,64,5,-0.2,-0.3,-0.16722595691680908,-0.2106592208147049,0.09516255947301183
3172,64,6,-0.2,-0.3,-0.19120748341083527,-0.21015508472919464,0.09027412224989467
3173,64,7,-0.2,-0.3,-0.14898210763931274,-0.19397814571857452,0.11765822931779352
3174,64,8,-0.2,-0.3,-0.15062272548675537,-0.18565230071544647,0.12455324793046145
3175,64,9,-0.2,-0.3,-0.19758357107639313,-0.22369174659252167,0.07634650395953158
3176,64,10,-0.2,-0.3,-0.1508009135723114,-0.19381959736347198,0.11702490337263423
3177,64,11,-0.2,-0.3,-0.1833883821964264,-0.2279607504606247,0.0739296917364626
3178,64,12,-0.2,-0.3,-0.18149301409721375,-0.22009427845478058,0.08202092941967964
3179,64,13,-0.2,-0.3,-0.192060187458992,-0.23335863649845123,0.06711268101135509
3180,64,14,-0.2,-0.3,-0.14977295696735382,-0.19115161895751953,0.1198779625593141
3181,64,15,-0.2,-0.3,-0.18941767513751984,-0.20943620800971985,0.09117996500961051
3182,64,16,-0.2,-0.3,-0.17427323758602142,-0.19733759760856628,0.10583683276197353
3183,64,17,-0.2,-0.3,-0.18892902135849,-0.21174845099449158,0.08894325421274187
3184,64,18,-0.2,-0.3,-0.16759680211544037,-0.21570591628551483,0.09030758430171057
3185,64,19,-0.2,-0.3,-0.20510323345661163,-0.22404290735721588,0.07612833187754194
3186,64,20,-0.2,-0.3,-0.18418645858764648,-0.2023225724697113,0.09894921900113723
3187,64,21,-0.2,-0.3,-0.162545844912529,-0.18839524686336517,0.11772185292461858
3188,64,22,-0.2,-0.3,-0.17855185270309448,-0.1984323263168335,0.10380758816136683
3189,64,23,-0.2,-0.3,-0.21424128115177155,-0.23768995702266693,0.06391678609474115
3190,64,24,-0.2,-0.3,-0.1837315410375595,-0.22069217264652252,0.08095921341355534
3191,64,25,-0.2,-0.3,-0.1339363008737564,-0.1938842087984085,0.12499989393828541
3192,64,26,-0.2,-0.3,-0.14502070844173431,-0.1926502138376236,0.12060969732719141
3193,64,27,-0.2,-0.3,-0.1530923694372177,-0.18802544474601746,0.12140274638302732
3194,64,28,-0.2,-0.3,-0.13222894072532654,-0.17929066717624664,0.13843287003442123
3195,64,29,-0.2,-0.3,-0.19375815987586975,-0.2136705219745636,0.08655483432067504
3196,64,30,-0.2,-0.3,-0.14507415890693665,-0.1878269761800766,0.1248984999617111
3197,64,31,-0.2,-0.3,-0.14920638501644135,-0.18246787786483765,0.1280382406029258
3198,64,32,-0.2,-0.3,-0.18805380165576935,-0.20658773183822632,0.09417305080545503
3199,64,33,-0.2,-0.3,-0.19837896525859833,-0.21662963926792145,0.08338611876223605
3200,64,34,-0.2,-0.3,-0.18618808686733246,-0.2209147959947586,0.08028224235118873
3201,64,35,-0.2,-0.3,-0.16066302359104156,-0.19102181494235992,0.11586044420532919
3202,64,36,-0.2,-0.3,-0.1475195437669754,-0.1952410787343979,0.11716923602703498
3203,64,37,-0.2,-0.3,-0.14759846031665802,-0.18819056451320648,0.12347984137121452
3204,64,38,-0.2,-0.3,-0.18579508364200592,-0.20613232254981995,0.09493640249466297
3205,64,39,-0.2,-0.3,-0.1824827641248703,-0.20477966964244843,0.09681820524109186
3206,64,40,-0.2,-0.3,-0.14880894124507904,-0.18650424480438232,0.12450626869307965
3207,64,41,-0.2,-0.3,-0.17449936270713806,-0.2084023505449295,0.09508108059985476
3208,64,42,-0.2,-0.3,-0.15277428925037384,-0.19492927193641663,0.11519603140568185
3209,64,43,-0.2,-0.3,-0.14875094592571259,-0.18661804497241974,0.12442641708811464
3210,64,44,-0.2,-0.3,-0.17969556152820587,-0.20071515440940857,0.10133977889063334
3211,64,45,-0.2,-0.3,-0.18087442219257355,-0.20435133576393127,0.09754206629250856
3212,64,46,-0.2,-0.3,-0.17959783971309662,-0.20101672410964966,0.10106402451098861
3213,64,47,-0.2,-0.3,-0.16757364571094513,-0.21495747566223145,0.09101483064984114
3214,64,48,-0.2,-0.3,-0.1551973819732666,-0.19139114022254944,0.11748684609013595
3215,64,49,-0.2,-0.3,-0.1812809854745865,-0.21442729234695435,0.0875961745733012
3216,65,0,-0.1,-0.3,0.01937948912382126,-0.20366865396499634,0.1533987961242857
3217,65,1,-0.1,-0.3,0.013265393674373627,-0.20005179941654205,0.1510585720973225
3218,65,2,-0.1,-0.3,-0.005198724567890167,-0.30844032764434814,0.09517626255689335
3219,65,3,-0.1,-0.3,0.015700843185186386,-0.19547374546527863,0.15592441438344556
3220,65,4,-0.1,-0.3,0.015574410557746887,-0.19664877653121948,0.1550448959761799
3221,65,5,-0.1,-0.3,0.013582319021224976,-0.19497114419937134,0.15469972121832856
3222,65,6,-0.1,-0.3,-0.007679492235183716,-0.30200624465942383,0.09234230434414648
3223,65,7,-0.1,-0.3,0.01689964532852173,-0.20296992361545563,0.15192222615906037
3224,65,8,-0.1,-0.3,0.0157187357544899,-0.20512425899505615,0.1496403422739157
3225,65,9,-0.1,-0.3,0.02546107769012451,-0.18373161554336548,0.17105209510357722
3226,65,10,-0.1,-0.3,0.013105712831020355,-0.19629380106925964,0.1534531784345816
3227,65,11,-0.1,-0.3,0.013902343809604645,-0.1907588243484497,0.15782071595026506
3228,65,12,-0.1,-0.3,-0.0004846639931201935,-0.28163743019104004,0.10119528680008331
3229,65,13,-0.1,-0.3,0.014416567981243134,-0.1969033032655716,0.15401324587890852
3230,65,14,-0.1,-0.3,0.017373692244291306,-0.19415020942687988,0.15805303475552437
3231,65,15,-0.1,-0.3,0.01670144870877266,-0.19232769310474396,0.15878461450301945
3232,65,16,-0.1,-0.3,0.015336491167545319,-0.21550144255161285,0.14297731430440158
3233,65,17,-0.1,-0.3,0.019077375531196594,-0.19759391248226166,0.15705549377238703
3234,65,18,-0.1,-0.3,0.014423631131649017,-0.20379555225372314,0.14949268586629177
3235,65,19,-0.1,-0.3,0.015045259147882462,-0.1964835822582245,0.15476130134660024
3236,65,20,-0.1,-0.3,-0.0068425387144088745,-0.3019125461578369,0.09317709174460355
3237,65,21,-0.1,-0.3,0.011403076350688934,-0.1987878829240799,0.15051424538357552
3238,65,22,-0.1,-0.3,0.008777502924203873,-0.17589014768600464,0.16503272579651262
3239,65,23,-0.1,-0.3,0.015230949968099594,-0.1979748010635376,0.15390683236482844
3240,65,24,-0.1,-0.3,0.014360066503286362,-0.19383227825164795,0.15604425638860145
3241,65,25,-0.1,-0.3,0.010062173008918762,-0.19261640310287476,0.1537690437312057
3242,65,26,-0.1,-0.3,0.01470029354095459,-0.19390498101711273,0.15624439315175556
3243,65,27,-0.1,-0.3,0.016410890966653824,-0.1970163881778717,0.1554256086994063
3244,65,28,-0.1,-0.3,-0.0068557001650333405,-0.28732383251190186,0.09400290322076488
3245,65,29,-0.1,-0.3,0.015046924352645874,-0.19538487493991852,0.1554995794024534
3246,65,30,-0.1,-0.3,0.015474323183298111,-0.19585926830768585,0.1554979463274398
3247,65,31,-0.1,-0.3,-0.006757576018571854,-0.29275286197662354,0.09352363679553034
3248,65,32,-0.1,-0.3,0.008411053568124771,-0.218134805560112,0.1358486900799249
3249,65,33,-0.1,-0.3,0.002657756209373474,-0.2540580630302429,0.11246900231831121
3250,65,34,-0.1,-0.3,0.014178227633237839,-0.20316101610660553,0.14971458334769058
3251,65,35,-0.1,-0.3,0.017894692718982697,-0.20353351533412933,0.15233168165255057
3252,65,36,-0.1,-0.3,0.014547180384397507,-0.19919374585151672,0.15258754015143014
3253,65,37,-0.1,-0.3,0.01700662076473236,-0.19534309208393097,0.1569828579091821
3254,65,38,-0.1,-0.3,0.004035092890262604,-0.26933005452156067,0.10846172646761627
3255,65,39,-0.1,-0.3,0.013229850679636002,-0.19953452050685883,0.15137473915656943
3256,65,40,-0.1,-0.3,0.010666623711585999,-0.2037656605243683,0.14665657059277262
3257,65,41,-0.1,-0.3,0.008475981652736664,-0.1991356909275055,0.14812375717688422
3258,65,42,-0.1,-0.3,0.013309579342603683,-0.20457792282104492,0.14813653696486986
3259,65,43,-0.1,-0.3,0.01547800749540329,-0.19962404668331146,0.15300490913478054
3260,65,44,-0.1,-0.3,0.011878643184900284,-0.19519303739070892,0.15330143578022865
3261,65,45,-0.1,-0.3,0.005923692137002945,-0.24361403286457062,0.11999669097826116
3262,65,46,-0.1,-0.3,0.002472415566444397,-0.26908785104751587,0.10703343825591441
3263,65,47,-0.1,-0.3,0.012179967015981674,-0.20064200460910797,0.1498544502102065
3264,65,48,-0.1,-0.3,0.012414220720529556,-0.20121049880981445,0.14965400952065938
3265,65,49,-0.1,-0.3,0.009384509176015854,-0.2401065081357956,0.12470846489058157
3266,66,0,0.0,-0.3,-0.09613208472728729,-0.2046116441488266,0.13542642336709784
3267,66,1,0.0,-0.3,-0.13829348981380463,-0.21717263758182526,0.16120006603606757
3268,66,2,0.0,-0.3,-0.0577894002199173,-0.17475831508636475,0.13793148450511242
3269,66,3,0.0,-0.3,-0.047836288809776306,-0.19395475089550018,0.11633531443516086
3270,66,4,0.0,-0.3,-0.07759398221969604,-0.19712764024734497,0.12885475729591897
3271,66,5,0.0,-0.3,-0.05900222808122635,-0.13563108444213867,0.17463792062497882
3272,66,6,0.0,-0.3,-0.08819226920604706,-0.20119431614875793,0.13244032433146435
3273,66,7,0.0,-0.3,-0.05566243827342987,-0.18578827381134033,0.12705363211469697
3274,66,8,0.0,-0.3,-0.06315439194440842,-0.17708224058151245,0.13819281024108723
3275,66,9,0.0,-0.3,-0.13580331206321716,-0.23701630532741547,0.14969798048720928
3276,66,10,0.0,-0.3,-0.1318684071302414,-0.21122440695762634,0.1589666088179912
3277,66,11,0.0,-0.3,-0.0613807737827301,-0.1795034408569336,0.1352295091889532
3278,66,12,0.0,-0.3,-0.06592351943254471,-0.18374007940292358,0.13364983932504973
3279,66,13,0.0,-0.3,-0.046764522790908813,-0.1782401204109192,0.1304315485969897
3280,66,14,0.0,-0.3,-0.0521516352891922,-0.17768923938274384,0.13296509025345207
3281,66,15,0.0,-0.3,-0.11199237406253815,-0.1754203736782074,0.16751828301006713
3282,66,16,0.0,-0.3,-0.10425345599651337,-0.19470946490764618,0.14817179173935616
3283,66,17,0.0,-0.3,-0.10262094438076019,-0.19764357805252075,0.14494100641119298
3284,66,18,0.0,-0.3,-0.06705695390701294,-0.18270458281040192,0.13511051017951609
3285,66,19,0.0,-0.3,-0.05930500477552414,-0.19429562985897064,0.12120436237337615
3286,66,20,0.0,-0.3,-0.07964800298213959,-0.1830492913722992,0.1414965463450055
3287,66,21,0.0,-0.3,-0.045763567090034485,-0.1524658203125,0.15446889087731427
3288,66,22,0.0,-0.3,-0.10604901611804962,-0.20622771978378296,0.1415614154936121
3289,66,23,0.0,-0.3,-0.04111875593662262,-0.13385875523090363,0.17115392283906417
3290,66,24,0.0,-0.3,-0.06607118248939514,-0.18702824413776398,0.1308740569331585
3291,66,25,0.0,-0.3,-0.035918474197387695,-0.16877596080303192,0.13605103914280042
3292,66,26,0.0,-0.3,-0.018592193722724915,-0.18275831639766693,0.11870670596614542
3293,66,27,0.0,-0.3,-0.0895683765411377,-0.18321704864501953,0.14717592127584853
3294,66,28,0.0,-0.3,-0.13335348665714264,-0.20718778669834137,0.16247233408051137
3295,66,29,0.0,-0.3,-0.04318919777870178,-0.160367950797081,0.14615887235940966
3296,66,30,0.0,-0.3,-0.062376268208026886,-0.18581798672676086,0.13010891971994026
3297,66,31,0.0,-0.3,-0.08476220071315765,-0.182770237326622,0.1446632224381655
3298,66,32,0.0,-0.3,-0.04937697947025299,-0.17673349380493164,0.13278824364809036
3299,66,33,0.0,-0.3,-0.05869697034358978,-0.17544813454151154,0.1376898744160429
3300,66,34,0.0,-0.3,-0.0550634041428566,-0.18046751618385315,0.13160544503574675
3301,66,35,0.0,-0.3,-0.04560241103172302,-0.17841419577598572,0.12985641178126917
3302,66,36,0.0,-0.3,-0.05184212327003479,-0.17450760304927826,0.13577903902142993
3303,66,37,0.0,-0.3,-0.05170382559299469,-0.1460791677236557,0.16237274460202156
3304,66,38,0.0,-0.3,-0.08541274070739746,-0.19773730635643005,0.1332403647037479
3305,66,39,0.0,-0.3,-0.05563315749168396,-0.16823402047157288,0.14302909345157852
3306,66,40,0.0,-0.3,-0.04775694012641907,-0.1717691868543625,0.13683518103992764
3307,66,41,0.0,-0.3,-0.08882293105125427,-0.1875195950269699,0.1433225543431065
3308,66,42,0.0,-0.3,-0.08164526522159576,-0.20222575962543488,0.12738034155209332
3309,66,43,0.0,-0.3,-0.08158929646015167,-0.19017264246940613,0.13681689135123415
3310,66,44,0.0,-0.3,-0.08839091658592224,-0.18792901933193207,0.14273352389260877
3311,66,45,0.0,-0.3,-0.06888893991708755,-0.1738375425338745,0.1437450928442151
3312,66,46,0.0,-0.3,-0.0779358446598053,-0.18572229146957397,0.1383234996296808
3313,66,47,0.0,-0.3,-0.07952460646629333,-0.1543310582637787,0.16596265730630327
3314,66,48,0.0,-0.3,-0.07913345098495483,-0.18173404037952423,0.14229877114627607
3315,66,49,0.0,-0.3,-0.05633740872144699,-0.15459589660167694,0.15593670801487888
3316,67,0,0.1,-0.3,-0.014748789370059967,-0.21719478070735931,0.14150614475702705
3317,67,1,0.1,-0.3,-0.02172410488128662,-0.21957318484783173,0.14589458627609014
3318,67,2,0.1,-0.3,-0.01824154704809189,-0.21604065597057343,0.1450180502495387
3319,67,3,0.1,-0.3,-0.01997164636850357,-0.21883858740329742,0.1448460245469701
3320,67,4,0.1,-0.3,-0.023231014609336853,-0.21555761992931366,0.14938674142523103
3321,67,5,0.1,-0.3,-0.015340529382228851,-0.21562080085277557,0.14291006600971032
3322,67,6,0.1,-0.3,-0.04486532509326935,-0.24154002964496613,0.15621629411905166
3323,67,7,0.1,-0.3,-0.009042501449584961,-0.20986655354499817,0.14147192404233222
3324,67,8,0.1,-0.3,-0.014527887105941772,-0.2157432585954666,0.1421824018543144
3325,67,9,0.1,-0.3,-0.053424812853336334,-0.24831359088420868,0.1618970601535625
3326,67,10,0.1,-0.3,-0.018445059657096863,-0.21573607623577118,0.14536038320435524
3327,67,11,0.1,-0.3,-0.016835108399391174,-0.21431271731853485,0.1448887606684204
3328,67,12,0.1,-0.3,-0.03292740136384964,-0.2292674332857132,0.1505748651911633
3329,67,13,0.1,-0.3,-0.01950410008430481,-0.22027550637722015,0.14365662122007536
3330,67,14,0.1,-0.3,-0.009450040757656097,-0.21968482434749603,0.1357565426119314
3331,67,15,0.1,-0.3,-0.018260419368743896,-0.2190326303243637,0.14332216067818096
3332,67,16,0.1,-0.3,-0.02131550759077072,-0.21756009757518768,0.14667579859615193
3333,67,17,0.1,-0.3,-0.06517684459686279,-0.25752198696136475,0.1705513752002212
3334,67,18,0.1,-0.3,-0.02272459864616394,-0.21903719007968903,0.14702484042859706
3335,67,19,0.1,-0.3,-0.013059958815574646,-0.21318736672401428,0.1425446862695703
3336,67,20,0.1,-0.3,-0.01544240117073059,-0.212208092212677,0.14503229661355335
3337,67,21,0.1,-0.3,-0.017479926347732544,-0.21551235020160675,0.1447055495242826
3338,67,22,0.1,-0.3,-0.016721650958061218,-0.21686144173145294,0.1433037461943967
3339,67,23,0.1,-0.3,-0.01590730994939804,-0.2192828208208084,0.1412436459255833
3340,67,24,0.1,-0.3,-0.016969017684459686,-0.21236033737659454,0.14615902833151215
3341,67,25,0.1,-0.3,-0.04016297310590744,-0.23387734591960907,0.15497698026649756
3342,67,26,0.1,-0.3,-0.017514139413833618,-0.2160479873418808,0.1444213051856371
3343,67,27,0.1,-0.3,-0.028224259614944458,-0.22467903792858124,0.14871014787553935
3344,67,28,0.1,-0.3,-0.048705749213695526,-0.24815084040164948,0.1574856666502121
3345,67,29,0.1,-0.3,-0.019317366182804108,-0.220891073346138,0.14316024639936703
3346,67,30,0.1,-0.3,-0.02322956919670105,-0.21694417297840118,0.14860618132044937
3347,67,31,0.1,-0.3,-0.061165496706962585,-0.2688242793083191,0.1641531080712384
3348,67,32,0.1,-0.3,-0.021740436553955078,-0.21346724033355713,0.14936081275836016
3349,67,33,0.1,-0.3,-0.014383979141712189,-0.207053080201149,0.1473866499530595
3350,67,34,0.1,-0.3,-0.04715711623430252,-0.24145488440990448,0.1583753371515075
3351,67,35,0.1,-0.3,-0.016133971512317657,-0.21261964738368988,0.1453355612456033
3352,67,36,0.1,-0.3,-0.022584818303585052,-0.2190106362104416,0.14692281894096776
3353,67,37,0.1,-0.3,-0.014058522880077362,-0.2133215069770813,0.14325678969706565
3354,67,38,0.1,-0.3,-0.06552362442016602,-0.2703881561756134,0.16815151362942898
3355,67,39,0.1,-0.3,-0.013554647564888,-0.21789251267910004,0.14012957381558566
3356,67,40,0.1,-0.3,-0.020502746105194092,-0.21812866628170013,0.14568399741806268
3357,67,41,0.1,-0.3,-0.014966726303100586,-0.2129219025373459,0.14422185415035937
3358,67,42,0.1,-0.3,-0.01907040923833847,-0.21721197664737701,0.14502282291701485
3359,67,43,0.1,-0.3,-0.020203545689582825,-0.21676768362522125,0.14620708220007295
3360,67,44,0.1,-0.3,-0.01237422227859497,-0.21370276808738708,0.14168690154173874
3361,67,45,0.1,-0.3,-0.022411972284317017,-0.21910636126995087,0.14672583871126482
3362,67,46,0.1,-0.3,-0.01421394944190979,-0.21550782024860382,0.1420695417260905
3363,67,47,0.1,-0.3,-0.022053450345993042,-0.21754880249500275,0.14729305724089597
3364,68,0,0.2,-0.3,-0.041052013635635376,-0.25564447045326233,0.2450989316157173
3365,68,1,0.2,-0.3,-0.04045073688030243,-0.2603154480457306,0.2437035505077666
3366,68,2,0.2,-0.3,0.019918542355298996,-0.21294082701206207,0.20002157630811718
3367,68,3,0.2,-0.3,0.019264735281467438,-0.2127310037612915,0.20070155359984077
3368,68,4,0.2,-0.3,0.021775465458631516,-0.21154604852199554,0.19896755073267755
3369,68,5,0.2,-0.3,-0.036576658487319946,-0.2550017535686493,0.24081810048856914
3370,68,6,0.2,-0.3,0.016789931803941727,-0.21530599892139435,0.20183905198723853
3371,68,7,0.2,-0.3,0.02326979488134384,-0.2131916731595993,0.19689908839329884
3372,68,8,0.2,-0.3,0.025347894057631493,-0.2109365165233612,0.19605015225471728
3373,68,9,0.2,-0.3,0.04245970770716667,-0.21445994079113007,0.17926529342058473
3374,68,10,0.2,-0.3,0.017843857407569885,-0.20775972306728363,0.20417915900693182
3375,68,11,0.2,-0.3,0.005958806723356247,-0.2177928239107132,0.2107368133212582
3376,68,12,0.2,-0.3,0.020515959709882736,-0.2125350534915924,0.19966130718439926
3377,68,13,0.2,-0.3,0.01722262054681778,-0.2121487408876419,0.20279401906219827
3378,68,14,0.2,-0.3,0.02411736361682415,-0.21224267780780792,0.1965605488887347
3379,68,15,0.2,-0.3,0.029009312391281128,-0.21275682747364044,0.19196141904394912
3380,68,16,0.2,-0.3,0.01514407992362976,-0.21002231538295746,0.20559108666555892
3381,68,17,0.2,-0.3,0.01535642147064209,-0.21362218260765076,0.20384891078834147
3382,68,18,0.2,-0.3,0.02826704829931259,-0.21091432869434357,0.1934643727713454
3383,68,19,0.2,-0.3,0.032745473086833954,-0.21411478519439697,0.18801687928255686
3384,68,20,0.2,-0.3,0.018587235361337662,-0.21109142899513245,0.20202803065904065
3385,68,21,0.2,-0.3,0.019811376929283142,-0.21116964519023895,0.20089492731213726
3386,68,22,0.2,-0.3,0.021756842732429504,-0.21142686903476715,0.19903723933399037
3387,68,23,0.2,-0.3,0.030502960085868835,-0.20945361256599426,0.1921663207146394
3388,68,24,0.2,-0.3,0.017986323684453964,-0.21426929533481598,0.2011932704845999
3389,68,25,0.2,-0.3,0.018985971808433533,-0.21215280890464783,0.20120439206309723
3390,68,26,0.2,-0.3,0.02070605382323265,-0.21218283474445343,0.19964511927206616
3391,68,27,0.2,-0.3,0.026089735329151154,-0.21370889246463776,0.19414153444733084
3392,68,28,0.2,-0.3,0.029256612062454224,-0.21055376529693604,0.19275355619792559
3393,68,29,0.2,-0.3,0.024740900844335556,-0.21057729423046112,0.1967540905394359
3394,68,30,0.2,-0.3,0.035045407712459564,-0.21236561238765717,0.18678812437877051
3395,68,31,0.2,-0.3,0.024252641946077347,-0.21147677302360535,0.19678286403355344
3396,68,32,0.2,-0.3,0.024333089590072632,-0.21126431226730347,0.1968067216595106
3397,68,33,0.2,-0.3,0.023987051099538803,-0.21514056622982025,0.19540133489930894
3398,68,34,0.2,-0.3,0.021131843328475952,-0.21363277733325958,0.19862808115227615
3399,68,35,0.2,-0.3,0.026526611298322678,-0.2150038778781891,0.19317701044220822
3400,68,36,0.2,-0.3,0.02466357685625553,-0.21344277262687683,0.19553775822424874
3401,68,37,0.2,-0.3,0.024963313713669777,-0.21155282855033875,0.19611410883346705
3402,68,38,0.2,-0.3,0.022561263293027878,-0.20836955308914185,0.19970138728924688
3403,68,39,0.2,-0.3,0.024181943386793137,-0.21032428741455078,0.19736697408369241
3404,68,40,0.2,-0.3,0.025474507361650467,-0.21400122344493866,0.19456345275931441
3405,68,41,0.2,-0.3,0.031140601262450218,-0.20754890143871307,0.19251156372331407
3406,68,42,0.2,-0.3,0.03334234654903412,-0.2122415155172348,0.18835159954854108
3407,68,43,0.2,-0.3,-0.008700601756572723,-0.22517259418964386,0.22170945364116365
3408,68,44,0.2,-0.3,0.026927687227725983,-0.2125515639781952,0.1939104288350772
3409,68,45,0.2,-0.3,0.018875811249017715,-0.2111595869064331,0.20173891728998913
3410,68,46,0.2,-0.3,0.008749179542064667,-0.2185472995042801,0.20787356432187057
3411,68,47,0.2,-0.3,0.013210095465183258,-0.20913943648338318,0.20771641831757814
3412,68,48,0.2,-0.3,0.024968694895505905,-0.20985719561576843,0.19687986933365315
3413,69,0,0.3,-0.3,-0.08649289608001709,-0.2729894518852234,0.38743557971587944
3414,69,1,0.3,-0.3,-0.1447862982749939,-0.2734687626361847,0.44557688190617223
3415,69,2,0.3,-0.3,-0.12348590791225433,-0.2860873341560364,0.42371438076982015
3416,69,3,0.3,-0.3,-0.11556459963321686,-0.25892433524131775,0.417589687017871
3417,69,4,0.3,-0.3,-0.11040601134300232,-0.270001083612442,0.4115009466950231
3418,69,5,0.3,-0.3,-0.07968060672283173,-0.25725260376930237,0.38207944593490223
3419,69,6,0.3,-0.3,-0.08548930287361145,-0.27522894740104675,0.38628436116006953
3420,69,7,0.3,-0.3,-0.10224364697933197,-0.2760045826435089,0.40295872194226745
3421,69,8,0.3,-0.3,-0.16818396747112274,-0.2941870093345642,0.468220053241505
3422,69,9,0.3,-0.3,-0.09484937787055969,-0.26976674795150757,0.396005152408647
3423,69,10,0.3,-0.3,-0.10629351437091827,-0.2825426757335663,0.40666838823593726
3424,69,11,0.3,-0.3,-0.055888913571834564,-0.2491101771593094,0.3595089607674579
3425,69,12,0.3,-0.3,-0.19816260039806366,-0.3062114119529724,0.4982013228342638
3426,69,13,0.3,-0.3,-0.10828930139541626,-0.2888786494731903,0.40844073997521013
3427,69,14,0.3,-0.3,-0.1352243274450302,-0.25755763053894043,0.4372888861215752
3428,69,15,0.3,-0.3,-0.09256494045257568,-0.28755101561546326,0.3927622813926265
3429,69,16,0.3,-0.3,-0.16506078839302063,-0.2880344092845917,0.46521469480435224
3430,69,17,0.3,-0.3,-0.09763181209564209,-0.2944970428943634,0.39766988888696425
3431,69,18,0.3,-0.3,-0.1606023907661438,-0.29161572456359863,0.4606786932929294
3432,69,19,0.3,-0.3,-0.16368618607521057,-0.26009073853492737,0.4654005031235595
3433,69,20,0.3,-0.3,-0.11698363721370697,-0.2608184218406677,0.41882042664013924
3434,69,21,0.3,-0.3,-0.15568973124027252,-0.2872074544429779,0.45586925798924005
3435,69,22,0.3,-0.3,-0.11699602007865906,-0.2901405394077301,0.41711256241524536
3436,69,23,0.3,-0.3,-0.1849886178970337,-0.3012230396270752,0.4849901600193599
3437,69,24,0.3,-0.3,-0.0595177561044693,-0.2601044178009033,0.3617245836729895
3438,69,25,0.3,-0.3,-0.1515781283378601,-0.27778711915016174,0.45212411799059554
3439,69,26,0.3,-0.3,-0.14374414086341858,-0.25698965787887573,0.445823678240613
3440,69,27,0.3,-0.3,-0.11654309928417206,-0.27719584107398987,0.4171668529804188
3441,69,28,0.3,-0.3,-0.126956045627594,-0.26673659682273865,0.42824983232791247
3442,69,29,0.3,-0.3,-0.09562627971172333,-0.2681654989719391,0.39690501213041435
3443,69,30,0.3,-0.3,-0.09024766087532043,-0.28629133105278015,0.3904883665654632
3444,69,31,0.3,-0.3,-0.13231495022773743,-0.2791292071342468,0.43281844483022697
3445,69,32,0.3,-0.3,-0.14061489701271057,-0.2599795460700989,0.44242866566518596
3446,69,33,0.3,-0.3,-0.1238618791103363,-0.25550612807273865,0.4261907990583852
3447,69,34,0.3,-0.3,-0.10400760173797607,-0.28664588928222656,0.4042282455929244
3448,69,35,0.3,-0.3,-0.15493203699588776,-0.2806248962879181,0.4553444332909778
3449,69,36,0.3,-0.3,-0.1359502226114273,-0.27791446447372437,0.4365092982680156
3450,69,37,0.3,-0.3,-0.11378209292888641,-0.271590918302536,0.4147561890454472
3451,69,38,0.3,-0.3,-0.1468334048986435,-0.2631644606590271,0.44834913704818863
3452,69,39,0.3,-0.3,-0.11704622209072113,-0.2774122655391693,0.4176574638483264
3453,69,40,0.3,-0.3,-0.16992999613285065,-0.2962692975997925,0.46994480463754457
3454,69,41,0.3,-0.3,-0.15188099443912506,-0.2821173667907715,0.4522346975916248
3455,69,42,0.3,-0.3,-0.049293436110019684,-0.2671235203742981,0.3508372377928597
3456,69,43,0.3,-0.3,-0.11514115333557129,-0.26731374859809875,0.4164259456656088
3457,69,44,0.3,-0.3,-0.12313060462474823,-0.27304497361183167,0.4239883041048324
3458,69,45,0.3,-0.3,-0.11338596045970917,-0.29029157757759094,0.41349994651889393
3459,69,46,0.3,-0.3,-0.09080658853054047,-0.267627477645874,0.3921450877448901
3460,69,47,0.3,-0.3,-0.11683444678783417,-0.2660730183124542,0.418212859815844
3461,69,48,0.3,-0.3,-0.17497433722019196,-0.2878238558769226,0.475130381583273
3462,69,49,0.3,-0.3,-0.15511293709278107,-0.263629287481308,0.4565639213060259
3463,70,0,0.4,-0.3,-0.16721059381961823,-0.13869136571884155,0.5897019020105467
3464,70,1,0.4,-0.3,-0.2142445594072342,-0.1672484427690506,0.6284260932748014
3465,70,2,0.4,-0.3,-0.21781952679157257,-0.15530680119991302,0.6345369094575699
3466,70,3,0.4,-0.3,-0.13167113065719604,-0.12388549745082855,0.5600808059400387
3467,70,4,0.4,-0.3,-0.17322109639644623,-0.1424497812986374,0.5944783400316542
3468,70,5,0.4,-0.3,-0.20486687123775482,-0.17924493551254272,0.616802818995115
3469,70,6,0.4,-0.3,-0.22790656983852386,-0.16580525040626526,0.6420863581052834
3470,70,7,0.4,-0.3,-0.18931721150875092,-0.13890071213245392,0.6109400595245661
3471,70,8,0.4,-0.3,-0.1635185182094574,-0.1313515603542328,0.5882137507402684
3472,70,9,0.4,-0.3,-0.11397083103656769,-0.15361128747463226,0.53441151775692
3473,70,10,0.4,-0.3,-0.21639011800289154,-0.16672725975513458,0.6306333331374055
3474,70,11,0.4,-0.3,-0.22090105712413788,-0.1687784492969513,0.6346158035432027
3475,70,12,0.4,-0.3,-0.18909598886966705,-0.15460455417633057,0.606773367715323
3476,70,13,0.4,-0.3,-0.2184537798166275,-0.17343930900096893,0.6312706917603778
3477,70,14,0.4,-0.3,-0.14344626665115356,-0.1346880942583084,0.5680333360965945
3478,70,15,0.4,-0.3,-0.16215576231479645,-0.13235363364219666,0.5866211769589509
3479,70,16,0.4,-0.3,-0.2230411320924759,-0.17239436507225037,0.6359744101332916
3480,70,17,0.4,-0.3,-0.16842339932918549,-0.13924077153205872,0.590718791340308
3481,70,18,0.4,-0.3,-0.15371674299240112,-0.1345795840024948,0.5778980407467225
3482,70,19,0.4,-0.3,-0.17563828825950623,-0.15121586620807648,0.5945554283483984
3483,70,20,0.4,-0.3,-0.16854409873485565,-0.1418314427137375,0.5901353105180599
3484,70,21,0.4,-0.3,-0.15873241424560547,-0.13466639816761017,0.5826809681322997
3485,70,22,0.4,-0.3,-0.1556297093629837,-0.13564738631248474,0.5794274376940666
3486,70,23,0.4,-0.3,-0.222153440117836,-0.16496558487415314,0.6366389842908124
3487,70,24,0.4,-0.3,-0.15922804176807404,-0.14332567155361176,0.5807605770830881
3488,70,25,0.4,-0.3,-0.23000700771808624,-0.17457956075668335,0.6423699217381549
3489,70,26,0.4,-0.3,-0.21449486911296844,-0.16773898899555206,0.6285673545437139
3490,70,27,0.4,-0.3,-0.16324864327907562,-0.14126279950141907,0.5851893137932768
3491,70,28,0.4,-0.3,-0.1885197013616562,-0.14853478968143463,0.6076982382956695
3492,70,29,0.4,-0.3,-0.20103533565998077,-0.143576979637146,0.6210568701909219
3493,70,30,0.4,-0.3,-0.15605786442756653,-0.13188549876213074,0.5809155137523903
3494,70,31,0.4,-0.3,-0.15159128606319427,-0.13665273785591125,0.5752697410005313
3495,70,32,0.4,-0.3,-0.19024914503097534,-0.16865438222885132,0.6046864679463912
3496,70,33,0.4,-0.3,-0.20834334194660187,-0.1755031794309616,0.6209517533774742
3497,70,34,0.4,-0.3,-0.2264418751001358,-0.16138844192028046,0.6415937865287207
3498,70,35,0.4,-0.3,-0.1837715059518814,-0.14744150638580322,0.6033765533521837
3499,70,36,0.4,-0.3,-0.14760823547840118,-0.1296355277299881,0.5734970208951462
3500,70,37,0.4,-0.3,-0.21504493057727814,-0.1346348226070404,0.6368876733954064
3501,70,38,0.4,-0.3,-0.15988938510417938,-0.1343570351600647,0.5838781682451402
3502,70,39,0.4,-0.3,-0.1690967082977295,-0.13896092772483826,0.591442851165314
3503,70,40,0.4,-0.3,-0.16216088831424713,-0.13659141957759857,0.5854290977615717
3504,70,41,0.4,-0.3,-0.1453683227300644,-0.13450025022029877,0.5699269906001534
3505,70,42,0.4,-0.3,-0.2258523553609848,-0.17576216161251068,0.6380644255857619
3506,70,43,0.4,-0.3,-0.22669123113155365,-0.17093168199062347,0.6398441450001336
3507,70,44,0.4,-0.3,-0.15741458535194397,-0.13719165325164795,0.5807043806740322
3508,70,45,0.4,-0.3,-0.15007345378398895,-0.14185938239097595,0.5723541381833539
3509,70,46,0.4,-0.3,-0.21111012995243073,-0.18160425126552582,0.6224734084672803
3510,70,47,0.4,-0.3,-0.16427192091941833,-0.13898761570453644,0.5867945029008028
3511,70,48,0.4,-0.3,-0.14064595103263855,-0.1287042796611786,0.5671333777643333
3512,70,49,0.4,-0.3,-0.16399841010570526,-0.14589987695217133,0.5846717493817529
3513,71,0,0.5,-0.3,-0.1793777197599411,0.1333666890859604,0.8058292457559135
3514,71,1,0.5,-0.3,-0.27567487955093384,0.2186024934053421,0.9330702357982457
3515,71,2,0.5,-0.3,-0.47814446687698364,0.170258030295372,1.0853152597929054
3516,71,3,0.5,-0.3,-0.29485970735549927,0.19851920008659363,0.9382554807898791
3517,71,4,0.5,-0.3,-0.26685190200805664,0.20347703993320465,0.917360871932783
3518,71,5,0.5,-0.3,-0.3273962140083313,0.06276781111955643,0.9034295654558769
3519,71,6,0.5,-0.3,-0.37189608812332153,0.1924542486667633,1.001356068296736
3520,71,7,0.5,-0.3,-0.1376914232969284,0.060421109199523926,0.7324982780205544
3521,71,8,0.5,-0.3,-0.22074909508228302,0.2285611480474472,0.8937875280440902
3522,71,9,0.5,-0.3,-0.23082201182842255,0.20777171850204468,0.8899061361084453
3523,71,10,0.5,-0.3,-0.23492856323719025,-0.09180469810962677,0.763848988211089
3524,71,11,0.5,-0.3,-0.06381528079509735,0.0068141017109155655,0.6418898377967441
3525,71,12,0.5,-0.3,-0.1202867180109024,0.0874611884355545,0.7313561273993875
3526,71,13,0.5,-0.3,-0.3718618154525757,0.16536003351211548,0.9882828471822519
3527,71,14,0.5,-0.3,-0.3180062174797058,0.1693018674850464,0.9430686160934462
3528,71,15,0.5,-0.3,-0.23468904197216034,0.20666338503360748,0.8924549143389174
3529,71,16,0.5,-0.3,-0.13123781979084015,0.07916224002838135,0.736359415908857
3530,71,17,0.5,-0.3,-0.23724524676799774,0.17953334748744965,0.8794787008418822
3531,71,18,0.5,-0.3,-0.2700609564781189,0.17276448011398315,0.9036039676481286
3532,71,19,0.5,-0.3,-0.2690763473510742,0.22732634842395782,0.9324974561879595
3533,71,20,0.5,-0.3,-0.1124114841222763,0.3598616421222687,0.9002584143617576
3534,71,21,0.5,-0.3,-0.36338579654693604,0.19012068212032318,0.9928007437150106
3535,71,22,0.5,-0.3,-0.13736362755298615,0.08671486377716064,0.7455070620682875
3536,71,23,0.5,-0.3,-0.35073167085647583,0.1740339994430542,0.97388531584896
3537,71,24,0.5,-0.3,-0.004249237477779388,-0.007957931607961655,0.5827142208729953
3538,71,25,0.5,-0.3,-0.1988840252161026,0.23654741048812866,0.8810913712003872
3539,71,26,0.5,-0.3,-0.311559796333313,0.15293782949447632,0.9293987198246701
3540,71,27,0.5,-0.3,-0.29020315408706665,0.1888255774974823,0.9291778462409096
3541,71,28,0.5,-0.3,-0.21499596536159515,0.19359520077705383,0.868824178250985
3542,71,29,0.5,-0.3,-0.2035454660654068,0.22792792320251465,0.879593153064592
3543,71,30,0.5,-0.3,-0.33604520559310913,0.1422637552022934,0.9458164805927513
3544,71,31,0.5,-0.3,-0.24636249244213104,0.23421333730220795,0.9178457712905762
3545,71,32,0.5,-0.3,-0.24531744420528412,0.22337877750396729,0.9107268730954655
3546,71,33,0.5,-0.3,-0.2529909014701843,0.19005417823791504,0.8984143783941344
3547,71,34,0.5,-0.3,-0.23918743431568146,0.20586909353733063,0.8957129020207761
3548,71,35,0.5,-0.3,-0.22446833550930023,0.18115493655204773,0.8696921536520961
3549,71,36,0.5,-0.3,-0.16971048712730408,-0.021160222589969635,0.7254403890288755
3550,71,37,0.5,-0.3,-0.35742366313934326,0.18187132477760315,0.9835523940056332
3551,71,38,0.5,-0.3,-0.28299713134765625,0.1657320111989975,0.9110383164028404
3552,71,39,0.5,-0.3,-0.28243011236190796,0.17318376898765564,0.9143849079922693
3553,71,40,0.5,-0.3,-0.2287454754114151,0.2082180678844452,0.8884568489559906
3554,71,41,0.5,-0.3,-0.22760187089443207,0.22868146002292633,0.8993934448844125
3555,71,42,0.5,-0.3,-0.17057810723781586,0.013611145317554474,0.7402884224233416
3556,71,43,0.5,-0.3,-0.33024299144744873,0.1481541246175766,0.9434752483554376
3557,71,44,0.5,-0.3,-0.08446159958839417,0.24353481829166412,0.7981387473921917
3558,71,45,0.5,-0.3,-0.07694587111473083,0.0055858176201581955,0.6528776532604835
3559,71,46,0.5,-0.3,-0.3836161494255066,0.2095426619052887,1.0200055018611844
3560,71,47,0.5,-0.3,-0.16150228679180145,0.08558699488639832,0.7656778735580035
3561,71,48,0.5,-0.3,-0.237925186753273,-0.1685410737991333,0.7495432145798785
3562,72,0,-1.0,-0.2,-0.3028784990310669,-0.011106494814157486,0.7222597478847704
3563,72,1,-1.0,-0.2,-0.39987003803253174,0.01560506597161293,0.6376844954393187
3564,72,2,-1.0,-0.2,-0.2659803628921509,-0.02494063973426819,0.7546062597650418
3565,72,3,-1.0,-0.2,-0.29564470052719116,-0.035996925085783005,0.7231966513174328
3566,72,4,-1.0,-0.2,-0.39590656757354736,0.029599521309137344,0.6462544508830543
3567,72,5,-1.0,-0.2,-0.3119731545448303,-0.048412103205919266,0.7045280906546203
3568,72,6,-1.0,-0.2,-0.2377907782793045,-0.015240829437971115,0.7842823782177165
3569,72,7,-1.0,-0.2,-0.4093337655067444,0.064527727663517,0.6471951168490577
3570,72,8,-1.0,-0.2,-0.43933337926864624,0.033930689096450806,0.6075118327271133
3571,72,9,-1.0,-0.2,-0.4561527967453003,0.018348388373851776,0.5860424892389775
3572,72,10,-1.0,-0.2,-0.28819000720977783,0.2921534776687622,0.8653834476216153
3573,72,11,-1.0,-0.2,-0.3957101106643677,0.0033730454742908478,0.6375945937496323
3574,72,12,-1.0,-0.2,-0.2938387989997864,0.1705782413482666,0.7974909872586888
3575,72,13,-1.0,-0.2,-0.3816984295845032,-0.010288730263710022,0.6467512642764798
3576,72,14,-1.0,-0.2,-0.2328130453824997,0.0787070095539093,0.8162434811438051
3577,72,15,-1.0,-0.2,-0.3398839831352234,0.16465722024440765,0.7541405996217128
3578,72,16,-1.0,-0.2,-0.4794929027557373,0.07717742025852203,0.5897075212194751
3579,72,17,-1.0,-0.2,-0.29113662242889404,-0.05704474821686745,0.7231344910000457
3580,72,18,-1.0,-0.2,-0.2840269207954407,0.0490705631673336,0.7580590976844424
3581,72,19,-1.0,-0.2,-0.5058485865592957,0.18809768557548523,0.6283354462024995
3582,72,20,-1.0,-0.2,-0.3431158661842346,0.005603259429335594,0.6883091351615603
3583,72,21,-1.0,-0.2,-0.5288820266723633,0.1594075858592987,0.5925588220299728
3584,72,22,-1.0,-0.2,-0.3481341004371643,-0.02082592248916626,0.6760417894366614
3585,72,23,-1.0,-0.2,-0.2827329635620117,0.0030918270349502563,0.7454651512773274
3586,72,24,-1.0,-0.2,-0.4556163549423218,0.005681201815605164,0.5819435623723282
3587,72,25,-1.0,-0.2,-0.3723781108856201,-0.010530069470405579,0.655597506302756
3588,72,26,-1.0,-0.2,-0.44427675008773804,0.04030454903841019,0.6054540500992623
3589,72,27,-1.0,-0.2,-0.48039305210113525,0.10621507465839386,0.6031244086030836
3590,72,28,-1.0,-0.2,-0.2147858589887619,0.1650923639535904,0.8659409226161087
3591,72,29,-1.0,-0.2,-0.30904442071914673,-0.020348254591226578,0.7139288214995654
3592,72,30,-1.0,-0.2,-0.2707989811897278,0.01375172846019268,0.7598841538377142
3593,72,31,-1.0,-0.2,-0.47387462854385376,0.10933984816074371,0.6103270010002669
3594,72,32,-1.0,-0.2,-0.505273163318634,-0.06484018266201019,0.5128575037528356
3595,72,33,-1.0,-0.2,-0.3103547692298889,-0.02529042214155197,0.7114309389669786
3596,72,34,-1.0,-0.2,-0.4164595603942871,0.06533712148666382,0.6410329419726082
3597,72,35,-1.0,-0.2,-0.32502424716949463,0.13205642998218536,0.7522325036859424
3598,72,36,-1.0,-0.2,-0.3761550784111023,-0.0003071688115596771,0.6550264979528025
3599,72,37,-1.0,-0.2,-0.3385504484176636,-0.007896281778812408,0.6887810594397028
3600,72,38,-1.0,-0.2,-0.29645925760269165,-0.024725589901208878,0.7250453055143762
3601,72,39,-1.0,-0.2,-0.28275662660598755,0.026393575593829155,0.7521250612416671
3602,72,40,-1.0,-0.2,-0.5036293268203735,0.06969210505485535,0.564905015663443
3603,72,41,-1.0,-0.2,-0.37628722190856934,0.01064394973218441,0.6583224917267413
3604,72,42,-1.0,-0.2,-0.4094693660736084,0.02814817801117897,0.6330703126314853
3605,72,43,-1.0,-0.2,-0.27835941314697266,0.04200176149606705,0.7611372998091612
3606,72,44,-1.0,-0.2,-0.2605152726173401,0.026831865310668945,0.7734923122775845
3607,72,45,-1.0,-0.2,-0.30600404739379883,-0.023879721760749817,0.7159949264072054
3608,72,46,-1.0,-0.2,-0.4209165573120117,0.015389611944556236,0.6178432799092333
3609,72,47,-1.0,-0.2,-0.2836896777153015,0.004125067964196205,0.7448271753789575
3610,72,48,-1.0,-0.2,-0.19773142039775848,0.06522908061742783,0.8449741647069242
3611,72,49,-1.0,-0.2,-0.2902078628540039,-0.031710874289274216,0.729469744257266
3612,73,0,-0.8,-0.2,-0.11697851121425629,-0.2028927057981491,0.6830276142952996
3613,73,1,-0.8,-0.2,-0.2560047507286072,-0.17166264355182648,0.5447328124872924
3614,73,2,-0.8,-0.2,-0.24213983118534088,-0.16702918708324432,0.5588336447050336
3615,73,3,-0.8,-0.2,-0.20832966268062592,-0.1846555769443512,0.5918692755858617
3616,73,4,-0.8,-0.2,0.015274044126272202,-0.07481327652931213,0.8248293658444353
3617,73,5,-0.8,-0.2,-0.20050852000713348,-0.18436215817928314,0.59969540325139
3618,73,6,-0.8,-0.2,-0.1996065229177475,-0.19973903894424438,0.600393533795618
3619,73,7,-0.8,-0.2,-0.18595224618911743,-0.18256054818630219,0.6142953511461344
3620,73,8,-0.8,-0.2,-0.36544185876846313,-0.1667332500219345,0.43582961666769676
3621,73,9,-0.8,-0.2,-0.20431537926197052,-0.18626488745212555,0.5958429496943912
3622,73,10,-0.8,-0.2,-0.19676922261714935,-0.1813645362854004,0.6035185591924879
3623,73,11,-0.8,-0.2,-0.23390953242778778,-0.20107676088809967,0.5660914916249281
3624,73,12,-0.8,-0.2,-0.37878501415252686,-0.15145356953144073,0.42400332571069027
3625,73,13,-0.8,-0.2,-0.21381904184818268,-0.16264714300632477,0.5873698593095943
3626,73,14,-0.8,-0.2,-0.15265698730945587,-0.1775127351284027,0.6477334738614915
3627,73,15,-0.8,-0.2,-0.18068569898605347,-0.17870327830314636,0.6196803642164455
3628,73,16,-0.8,-0.2,-0.18358729779720306,-0.16684533655643463,0.6173036944203478
3629,73,17,-0.8,-0.2,-0.16782063245773315,0.08532698452472687,0.6935865056675442
3630,73,18,-0.8,-0.2,-0.1785544902086258,-0.18936961889266968,0.6215364242281768
3631,73,19,-0.8,-0.2,-0.1783694326877594,-0.1743340641260147,0.6221601903699928
3632,73,20,-0.8,-0.2,-0.11137029528617859,-0.1780562847852707,0.6889792426856342
3633,73,21,-0.8,-0.2,-0.23897035419940948,-0.14197704195976257,0.5640220980838209
3634,73,22,-0.8,-0.2,-0.11698935925960541,-0.16318824887275696,0.6840019301037523
3635,73,23,-0.8,-0.2,-0.1891726851463318,-0.1722758710384369,0.6114561602421058
3636,73,24,-0.8,-0.2,-0.12363463640213013,-0.07383032143115997,0.6880326248551323
3637,73,25,-0.8,-0.2,-0.11848682165145874,-0.1688794493675232,0.6822233512086779
3638,73,26,-0.8,-0.2,-0.19658087193965912,-0.18220087885856628,0.6036815823118257
3639,73,27,-0.8,-0.2,-0.09022901952266693,-0.09100668132305145,0.7180907938721744
3640,73,28,-0.8,-0.2,-0.27047300338745117,-0.14936146140098572,0.5319427617074511
3641,73,29,-0.8,-0.2,-0.3040415644645691,-0.1898929327726364,0.4960614100962608
3642,73,30,-0.8,-0.2,-0.03246918320655823,-0.005359575152397156,0.7918260223764203
3643,73,31,-0.8,-0.2,-0.1379445344209671,-0.17070439457893372,0.6627033061635176
3644,73,32,-0.8,-0.2,0.019691023975610733,0.04311533644795418,0.8549844686322595
3645,73,33,-0.8,-0.2,-0.09273998439311981,-0.163956418633461,0.7081778515556462
3646,73,34,-0.8,-0.2,-0.29728609323501587,-0.17308633029460907,0.5034338265074408
3647,73,35,-0.8,-0.2,-0.28494274616241455,-0.1574876755475998,0.5168087387622825
3648,73,36,-0.8,-0.2,-0.037953346967697144,-0.15362609922885895,0.763456377319927
3649,73,37,-0.8,-0.2,-0.179948091506958,-0.15917456150054932,0.62139446863851
3650,73,38,-0.8,-0.2,-0.11467908322811127,-0.14130043983459473,0.687830209665637
3651,73,39,-0.8,-0.2,0.030963445082306862,-0.08892466127872467,0.838354327200082
3652,73,40,-0.8,-0.2,-0.2464487999677658,-0.1740237921476364,0.5541603508295373
3653,73,41,-0.8,-0.2,-0.10500474274158478,-0.1711958646774292,0.6955918960305473
3654,73,42,-0.8,-0.2,-0.06737629324197769,-0.1497252881526947,0.7343466772275846
3655,73,43,-0.8,-0.2,-0.07658499479293823,-0.20240214467048645,0.7234189934317119
3656,73,44,-0.8,-0.2,-0.17332404851913452,-0.17665621638298035,0.6271105806777671
3657,73,45,-0.8,-0.2,-0.1718984991312027,-0.20425650477409363,0.6281159233983228
3658,73,46,-0.8,-0.2,-0.13386371731758118,0.02049713023006916,0.7016812178943138
3659,73,47,-0.8,-0.2,-0.235590860247612,-0.1493503898382187,0.5666772097460521
3660,73,48,-0.8,-0.2,-0.22427429258823395,-0.16242392361164093,0.5769506492686548
3661,74,0,-0.6,-0.2,0.23783989250659943,-0.3140265941619873,0.845563569255235
3662,74,1,-0.6,-0.2,0.20831720530986786,-0.2754625082015991,0.8118320605544175
3663,74,2,-0.6,-0.2,0.27050086855888367,-0.16460958123207092,0.8712199744624431
3664,74,3,-0.6,-0.2,0.20890337228775024,-0.25677889585494995,0.8108936482135015
3665,74,4,-0.6,-0.2,0.10020730644464493,-0.13762277364730835,0.70298022046564
3666,74,5,-0.6,-0.2,0.17699956893920898,-0.21935893595218658,0.777240695365932
3667,74,6,-0.6,-0.2,0.22194015979766846,-0.10136431455612183,0.8278373177932972
3668,74,7,-0.6,-0.2,0.13811954855918884,-0.1575174778699875,0.7393410800515197
3669,74,8,-0.6,-0.2,0.20235158503055573,-0.2213185578584671,0.802634753116391
3670,74,9,-0.6,-0.2,0.13806331157684326,-0.14896714687347412,0.7398255226700481
3671,74,10,-0.6,-0.2,0.2063954472541809,-0.17341332137584686,0.8068336066578625
3672,74,11,-0.6,-0.2,0.26071953773498535,0.08874660730361938,0.9078616226430531
3673,74,12,-0.6,-0.2,0.2069919854402542,-0.14279818534851074,0.8090167564174594
3674,74,13,-0.6,-0.2,0.2133973091840744,-0.15813209116458893,0.8144741275069104
3675,74,14,-0.6,-0.2,0.21993282437324524,-0.24711374938488007,0.8212852987030684
3676,74,15,-0.6,-0.2,0.214816153049469,-0.15093109011650085,0.8162923013158281
3677,74,16,-0.6,-0.2,0.2511986196041107,-0.22029103338718414,0.8514404359976471
3678,74,17,-0.6,-0.2,0.057764723896980286,-0.13355961441993713,0.6611117582068089
3679,74,18,-0.6,-0.2,0.2215673327445984,-0.348643958568573,0.8349059280254328
3680,74,19,-0.6,-0.2,0.21915915608406067,-0.1802102029323578,0.8193981688192431
3681,74,20,-0.6,-0.2,0.2111256718635559,-0.24592910706996918,0.8124249740328947
3682,74,21,-0.6,-0.2,0.21704354882240295,-0.27324846386909485,0.820320363109126
3683,74,22,-0.6,-0.2,0.22557568550109863,-0.09513925015926361,0.8322085011268332
3684,74,23,-0.6,-0.2,0.1808144450187683,-0.17569199204444885,0.781192727053148
3685,74,24,-0.6,-0.2,0.16746999323368073,-0.12228778004646301,0.7713944384322542
3686,74,25,-0.6,-0.2,0.09226121008396149,-0.09776145219802856,0.699770179161392
3687,74,26,-0.6,-0.2,0.1904311329126358,-0.0855230987071991,0.7986778679838039
3688,74,27,-0.6,-0.2,0.19180552661418915,-0.22406555712223053,0.7921711576524209
3689,74,28,-0.6,-0.2,0.1397908329963684,-0.1459699422121048,0.7417612309429658
3690,74,29,-0.6,-0.2,0.1702595353126526,-0.15995214879512787,0.7712999300701323
3691,74,30,-0.6,-0.2,0.12028119713068008,-0.19146880507469177,0.7203317181874329
3692,74,31,-0.6,-0.2,0.046019747853279114,-0.14596961438655853,0.6482752480127183
3693,74,32,-0.6,-0.2,0.15960097312927246,-0.1576087474822998,0.7607829234866915
3694,74,33,-0.6,-0.2,0.10709358751773834,-0.14970049262046814,0.7088803721019006
3695,74,34,-0.6,-0.2,0.0827883780002594,-0.15746116638183594,0.6841122141124356
3696,74,35,-0.6,-0.2,0.11167971789836884,-0.1314842402935028,0.7149702302865905
3697,74,36,-0.6,-0.2,0.1557646095752716,-0.2104804962873459,0.7558372747416547
3698,74,37,-0.6,-0.2,0.15856200456619263,-0.14108611643314362,0.7608463448347567
3699,74,38,-0.6,-0.2,0.24275001883506775,-0.25112682580947876,0.8442994412907424
3700,74,39,-0.6,-0.2,0.1417773962020874,-0.10285168886184692,0.7481119567774225
3701,74,40,-0.6,-0.2,0.1751689910888672,-0.14268168807029724,0.7772852459864416
3702,74,41,-0.6,-0.2,0.2237938642501831,-0.25757402181625366,0.8258033051304333
3703,74,42,-0.6,-0.2,0.15770958364009857,-0.1957547664642334,0.7577214759711016
3704,74,43,-0.6,-0.2,0.16328324377536774,-0.1805712729692459,0.7635304746126922
3705,74,44,-0.6,-0.2,0.1482730507850647,-0.1142859160900116,0.7531662915397346
3706,74,45,-0.6,-0.2,0.3474392294883728,-0.17583869397640228,0.9477472565416835
3707,74,46,-0.6,-0.2,0.08910864591598511,-0.11917561292648315,0.6938323337968418
3708,74,47,-0.6,-0.2,0.18475744128227234,-0.24361886084079742,0.7859687313557379
3709,74,48,-0.6,-0.2,0.21826748549938202,-0.2597143352031708,0.820443465239524
3710,74,49,-0.6,-0.2,0.1829327791929245,-0.1252133697271347,0.7864965205277941
3711,75,0,-0.5,-0.2,-0.10366037487983704,-0.08001673221588135,0.4141027444832343
3712,75,1,-0.5,-0.2,-0.0938199907541275,-0.07488749921321869,0.4250121619013972
3713,75,2,-0.5,-0.2,-0.09537674486637115,-0.07917574048042297,0.4222777288507977
3714,75,3,-0.5,-0.2,-0.10426253080368042,-0.06893284618854523,0.41687737205819114
3715,75,4,-0.5,-0.2,-0.1019546389579773,-0.0759940892457962,0.41691435013567685
3716,75,5,-0.5,-0.2,-0.10610717535018921,-0.09018382430076599,0.4089145995875076
3717,75,6,-0.5,-0.2,-0.11200498044490814,-0.10317541658878326,0.399893904870169
3718,75,7,-0.5,-0.2,-0.10614770650863647,-0.08703520894050598,0.40973244087760774
3719,75,8,-0.5,-0.2,-0.09820853173732758,-0.0811038613319397,0.4190139326548089
3720,75,9,-0.5,-0.2,-0.07832662761211395,-0.04596797749400139,0.44892571427604955
3721,75,10,-0.5,-0.2,-0.10484682023525238,-0.08019766211509705,0.4129148043372621
3722,75,11,-0.5,-0.2,-0.09804476797580719,-0.08538271486759186,0.41797742834122803
3723,75,12,-0.5,-0.2,-0.09808902442455292,-0.07160256803035736,0.4219221881157788
3724,75,13,-0.5,-0.2,-0.10398797690868378,-0.08135843276977539,0.4134021575992572
3725,75,14,-0.5,-0.2,-0.08068890869617462,-0.05374721810221672,0.44408520297713766
3726,75,15,-0.5,-0.2,-0.08929850161075592,-0.06773123145103455,0.4314750837680318
3727,75,16,-0.5,-0.2,-0.09591101109981537,-0.0789218544960022,0.4218386282324804
3728,75,17,-0.5,-0.2,-0.08167965710163116,-0.051779258996248245,0.443803219170738
3729,75,18,-0.5,-0.2,-0.09370876848697662,-0.0734182745218277,0.425553167100658
3730,75,19,-0.5,-0.2,-0.10041269659996033,-0.09106968343257904,0.4141688386467455
3731,75,20,-0.5,-0.2,-0.09134061634540558,-0.06512212753295898,0.4303423431759747
3732,75,21,-0.5,-0.2,-0.09800943732261658,-0.0867263674736023,0.4176449787886893
3733,75,22,-0.5,-0.2,-0.09324271976947784,-0.06843309104442596,0.4275059491429983
3734,75,23,-0.5,-0.2,-0.10074940323829651,-0.08615173399448395,0.4151655894785105
3735,75,24,-0.5,-0.2,-0.09901472926139832,-0.07548563182353973,0.4198726178636716
3736,75,25,-0.5,-0.2,-0.0948786586523056,-0.07531030476093292,0.4238759503842682
3737,75,26,-0.5,-0.2,-0.09139351546764374,-0.07466845214366913,0.42739590088108526
3738,75,27,-0.5,-0.2,-0.10203315317630768,-0.08098316192626953,0.41538249712266495
3739,75,28,-0.5,-0.2,-0.08595907688140869,-0.06393146514892578,0.4358262637719453
3740,75,29,-0.5,-0.2,-0.08692026138305664,-0.06599892675876617,0.4342708349470924
3741,75,30,-0.5,-0.2,-0.0925867110490799,-0.07764926552772522,0.4253883992773087
3742,75,31,-0.5,-0.2,-0.08834037184715271,-0.07045722007751465,0.43156109796990044
3743,75,32,-0.5,-0.2,-0.089122474193573,-0.07147181034088135,0.430511134292554
3744,75,33,-0.5,-0.2,-0.09649255871772766,-0.07405081391334534,0.4227072895586936
3745,75,34,-0.5,-0.2,-0.08862574398517609,-0.07441480457782745,0.43011675138382505
3746,75,35,-0.5,-0.2,-0.09177455306053162,-0.06451329588890076,0.4301216833871751
3747,75,36,-0.5,-0.2,-0.10281127691268921,-0.08869458734989166,0.4124897291241799
3748,75,37,-0.5,-0.2,-0.10140219330787659,-0.08149179816246033,0.4158418033369642
3749,75,38,-0.5,-0.2,-0.09138335287570953,-0.07839900255203247,0.42632659650488325
3750,75,39,-0.5,-0.2,-0.09808266162872314,-0.08096295595169067,0.4191746232051871
3751,75,40,-0.5,-0.2,-0.09873639047145844,-0.075722336769104,0.420068353854472
3752,75,41,-0.5,-0.2,-0.09716640412807465,-0.07422740757465363,0.42201143464188023
3753,75,42,-0.5,-0.2,-0.09385927021503448,-0.07440219819545746,0.42511774863959456
3754,75,43,-0.5,-0.2,-0.09797123074531555,-0.0851626992225647,0.41810852294384465
3755,75,44,-0.5,-0.2,-0.0916966050863266,-0.0708274245262146,0.4282490123194237
3756,75,45,-0.5,-0.2,-0.09072281420230865,-0.06679116189479828,0.430409583262055
3757,75,46,-0.5,-0.2,-0.09595006704330444,-0.07664628326892853,0.4224600427894686
3758,75,47,-0.5,-0.2,-0.10047054290771484,-0.08274270594120026,0.4163809074566796
3759,75,48,-0.5,-0.2,-0.08754926919937134,-0.05494101718068123,0.4372158664030253
3760,76,0,-0.4,-0.2,-0.23927272856235504,-0.27194052934646606,0.17609286057770812
3761,76,1,-0.4,-0.2,-0.24171851575374603,-0.27455297112464905,0.17496049199379243
3762,76,2,-0.4,-0.2,-0.2810356020927429,-0.27738067507743835,0.14191651364403046
3763,76,3,-0.4,-0.2,-0.2844136953353882,-0.27621152997016907,0.13844995892528986
3764,76,4,-0.4,-0.2,-0.2814514636993408,-0.2778915762901306,0.1418479929924634
3765,76,5,-0.4,-0.2,-0.30309754610061646,-0.28089872002601624,0.12623267593444223
3766,76,6,-0.4,-0.2,-0.2436593919992447,-0.2711990475654602,0.17178966815345592
3767,76,7,-0.4,-0.2,-0.290022611618042,-0.2772352695465088,0.13438866327647547
3768,76,8,-0.4,-0.2,-0.2967206835746765,-0.28044265508651733,0.1309108015354367
3769,76,9,-0.4,-0.2,-0.24227361381053925,-0.27337536215782166,0.17395849123333534
3770,76,10,-0.4,-0.2,-0.24279920756816864,-0.27679839730262756,0.1749573747215246
3771,76,11,-0.4,-0.2,-0.2955572009086609,-0.2787463068962097,0.13080244314165496
3772,76,12,-0.4,-0.2,-0.29550689458847046,-0.28061357140541077,0.1319748346211515
3773,76,13,-0.4,-0.2,-0.29001879692077637,-0.2773210406303406,0.13444109622772424
3774,76,14,-0.4,-0.2,-0.30997228622436523,-0.28565865755081177,0.12426743282563965
3775,76,15,-0.4,-0.2,-0.2559947967529297,-0.2777959704399109,0.16367562915387718
3776,76,16,-0.4,-0.2,-0.29657167196273804,-0.27962440252304077,0.13052763890354677
3777,76,17,-0.4,-0.2,-0.18383972346782684,-0.26254796981811523,0.2250278064569653
3778,76,18,-0.4,-0.2,-0.3051087260246277,-0.2802886664867401,0.12430053838535117
3779,76,19,-0.4,-0.2,-0.25020790100097656,-0.2775452136993408,0.16867404391372634
3780,76,20,-0.4,-0.2,-0.25040489435195923,-0.27361762523651123,0.16672807315899713
3781,76,21,-0.4,-0.2,-0.30501407384872437,-0.28495460748672485,0.127434734276174
3782,76,22,-0.4,-0.2,-0.289114773273468,-0.2773372232913971,0.13519090062802977
3783,76,23,-0.4,-0.2,-0.29054033756256104,-0.2789449393749237,0.13495822003060232
3784,76,24,-0.4,-0.2,-0.24858246743679047,-0.27396583557128906,0.16851769639800324
3785,76,25,-0.4,-0.2,-0.24778728187084198,-0.27579936385154724,0.17004192165629559
3786,76,26,-0.4,-0.2,-0.2696099281311035,-0.27292656898498535,0.1493983109204981
3787,76,27,-0.4,-0.2,-0.2963384985923767,-0.28223004937171936,0.132315864104642
3788,76,28,-0.4,-0.2,-0.251953661441803,-0.27704447507858276,0.16689388694803253
3789,76,29,-0.4,-0.2,-0.24448458850383759,-0.273097425699234,0.1718379377689216
3790,76,30,-0.4,-0.2,-0.28163862228393555,-0.2788059413433075,0.14219631544400052
3791,76,31,-0.4,-0.2,-0.2510124444961548,-0.2784314751625061,0.16837098322210445
3792,76,32,-0.4,-0.2,-0.25004714727401733,-0.27660131454467773,0.16838533021208502
3793,76,33,-0.4,-0.2,-0.243479922413826,-0.27331361174583435,0.17283929054124492
3794,76,34,-0.4,-0.2,-0.25334274768829346,-0.2768896520137787,0.1655909666691379
3795,76,35,-0.4,-0.2,-0.2732529044151306,-0.2752727270126343,0.14741373637188152
3796,76,36,-0.4,-0.2,-0.26102596521377563,-0.27773669362068176,0.15923811063887455
3797,76,37,-0.4,-0.2,-0.2507328391075134,-0.2758444547653198,0.16743078163692637
3798,76,38,-0.4,-0.2,-0.2444135695695877,-0.2764360010623932,0.17334820331485326
3799,76,39,-0.4,-0.2,-0.2753104567527771,-0.2770444452762604,0.14657192344759534
3800,76,40,-0.4,-0.2,-0.29534798860549927,-0.27728071808815,0.13009363119359393
3801,76,41,-0.4,-0.2,-0.26382333040237427,-0.26925933361053467,0.15277742187534213
3802,76,42,-0.4,-0.2,-0.2899366617202759,-0.27795812487602234,0.13487552656973198
3803,76,43,-0.4,-0.2,-0.2472309023141861,-0.27157071232795715,0.16870318334539203
3804,76,44,-0.4,-0.2,-0.28688549995422363,-0.2788071632385254,0.13786028832956043
3805,76,45,-0.4,-0.2,-0.26567715406417847,-0.2783544063568115,0.15550575531415806
3806,76,46,-0.4,-0.2,-0.253235399723053,-0.2744142413139343,0.16455189821080915
3807,76,47,-0.4,-0.2,-0.2487095147371292,-0.2758195400238037,0.16922592467023514
3808,76,48,-0.4,-0.2,-0.24843062460422516,-0.276069700717926,0.16958736664380444
3809,77,0,-0.3,-0.2,-0.18013934791088104,-0.2474936991930008,0.12892721738354573
3810,77,1,-0.3,-0.2,-0.1940871924161911,-0.26006874442100525,0.12176114678583219
3811,77,2,-0.3,-0.2,-0.17650285363197327,-0.2579551935195923,0.13641975522972913
3812,77,3,-0.3,-0.2,-0.21317462623119354,-0.2771277129650116,0.11613496302710118
3813,77,4,-0.3,-0.2,-0.16858790814876556,-0.2492123693227768,0.14032460646329514
3814,77,5,-0.3,-0.2,-0.13429082930088043,-0.2387627214193344,0.17018248389779386
3815,77,6,-0.3,-0.2,-0.1736879199743271,-0.25374412536621094,0.13727043589859758
3816,77,7,-0.3,-0.2,-0.2402038425207138,-0.2827054262161255,0.10205766984836842
3817,77,8,-0.3,-0.2,-0.17288458347320557,-0.24241860210895538,0.13400621972004997
3818,77,9,-0.3,-0.2,-0.1701531559228897,-0.25958922505378723,0.14286734637171747
3819,77,10,-0.3,-0.2,-0.18285860121250153,-0.2602311670780182,0.13171902215500952
3820,77,11,-0.3,-0.2,-0.15555615723133087,-0.24499665200710297,0.15129019269479543
3821,77,12,-0.3,-0.2,-0.11172446608543396,-0.23695574700832367,0.19186819410146677
3822,77,13,-0.3,-0.2,-0.19430960714817047,-0.2665863037109375,0.12491675221145987
3823,77,14,-0.3,-0.2,-0.18125908076763153,-0.23923631012439728,0.12505556338014606
3824,77,15,-0.3,-0.2,-0.19554926455020905,-0.25166913866996765,0.11653178118821732
3825,77,16,-0.3,-0.2,-0.16903825104236603,-0.23744557797908783,0.1362099519133249
3826,77,17,-0.3,-0.2,-0.19759728014469147,-0.26126283407211304,0.1193291744390786
3827,77,18,-0.3,-0.2,-0.1910530924797058,-0.23655201494693756,0.11491509237222358
3828,77,19,-0.3,-0.2,-0.14862413704395294,-0.24279256165027618,0.1573081536929368
3829,77,20,-0.3,-0.2,-0.23504997789859772,-0.2796219289302826,0.10275289259943787
3830,77,21,-0.3,-0.2,-0.14407995343208313,-0.2300538271665573,0.1587900924147935
3831,77,22,-0.3,-0.2,-0.15653729438781738,-0.2307484894990921,0.1467208829991271
3832,77,23,-0.3,-0.2,-0.14882107079029083,-0.2356560081243515,0.1553268153035981
3833,77,24,-0.3,-0.2,-0.14848262071609497,-0.24249018728733063,0.15736242321715552
3834,77,25,-0.3,-0.2,-0.13413105905056,-0.3022584319114685,0.19485710782181195
3835,77,26,-0.3,-0.2,-0.144887313246727,-0.242498978972435,0.16082944010820427
3836,77,27,-0.3,-0.2,-0.16116482019424438,-0.22781433165073395,0.1415939412435204
3837,77,28,-0.3,-0.2,-0.2869589328765869,-0.2933473289012909,0.09425387655010876
3838,77,29,-0.3,-0.2,-0.17209002375602722,-0.24644888937473297,0.1360825534257785
3839,77,30,-0.3,-0.2,-0.19456224143505096,-0.2553296983242035,0.11907349179329481
3840,77,31,-0.3,-0.2,-0.1653541475534439,-0.23668377101421356,0.13955359055532396
3841,77,32,-0.3,-0.2,-0.1211014986038208,-0.2503485679626465,0.1858484654165537
3842,77,33,-0.3,-0.2,-0.16647672653198242,-0.24705754220485687,0.14157286758407095
3843,77,34,-0.3,-0.2,-0.16548821330070496,-0.2373945564031601,0.13961294212796235
3844,77,35,-0.3,-0.2,-0.1973329335451126,-0.2543334364891052,0.11615786178803349
3845,77,36,-0.3,-0.2,-0.2060251384973526,-0.2513480484485626,0.10708826580871357
3846,77,37,-0.3,-0.2,-0.15134766697883606,-0.2388157695531845,0.1536365193521415
3847,77,38,-0.3,-0.2,-0.1891465187072754,-0.23700030148029327,0.11686537821078163
3848,77,39,-0.3,-0.2,-0.1771499663591385,-0.2311791628599167,0.12674490507395558
3849,77,40,-0.3,-0.2,-0.1757153421640396,-0.24533043801784515,0.13229332857061027
3850,77,41,-0.3,-0.2,-0.16710448265075684,-0.24013857543468475,0.13882479522566876
3851,77,42,-0.3,-0.2,-0.16376625001430511,-0.234540656208992,0.14054426906321224
3852,77,43,-0.3,-0.2,-0.1952073723077774,-0.25724780559539795,0.11941024271028534
3853,77,44,-0.3,-0.2,-0.1633160561323166,-0.24923770129680634,0.14528197321146746
3854,77,45,-0.3,-0.2,-0.15290910005569458,-0.23010806739330292,0.15014069591082005
3855,77,46,-0.3,-0.2,-0.15436702966690063,-0.22928966581821442,0.1485491385763784
3856,77,47,-0.3,-0.2,-0.17703033983707428,-0.26053687930107117,0.1370629456713152
3857,77,48,-0.3,-0.2,-0.16893009841442108,-0.2395498901605606,0.13690694983588578
3858,77,49,-0.3,-0.2,-0.16788367927074432,-0.25514456629753113,0.14316300288544648
3859,78,0,-0.2,-0.2,-0.1519828587770462,-0.11407679319381714,0.09842989037423114
3860,78,1,-0.2,-0.2,-0.12450641393661499,-0.12358483672142029,0.1074176834399333
3861,78,2,-0.2,-0.2,-0.10794137418270111,-0.1482730209827423,0.10559579037831607
3862,78,3,-0.2,-0.2,-0.1423877626657486,-0.11756491661071777,0.10057192880747605
3863,78,4,-0.2,-0.2,-0.08445464074611664,-0.1340269297361374,0.13305328272970016
3864,78,5,-0.2,-0.2,-0.1562846302986145,-0.12647467851638794,0.08553950226297392
3865,78,6,-0.2,-0.2,-0.18323439359664917,-0.13804937899112701,0.06417916329664243
3866,78,7,-0.2,-0.2,-0.13549277186393738,-0.10705210268497467,0.11313926859001044
3867,78,8,-0.2,-0.2,-0.11801400780677795,-0.12433771789073944,0.11156381066406974
3868,78,9,-0.2,-0.2,-0.13448402285575867,-0.11454178392887115,0.10768217101834686
3869,78,10,-0.2,-0.2,-0.08842518925666809,-0.13452795147895813,0.12936586694314695
3870,78,11,-0.2,-0.2,-0.10458086431026459,-0.13172565400600433,0.11732944121866418
3871,78,12,-0.2,-0.2,-0.12113086879253387,-0.13984787464141846,0.09918980815877718
3872,78,13,-0.2,-0.2,-0.12764406204223633,-0.1142631322145462,0.11218820016119403
3873,78,14,-0.2,-0.2,-0.1372082382440567,-0.11021232604980469,0.10956565035539984
3874,78,15,-0.2,-0.2,-0.11356377601623535,-0.1343885213136673,0.10851768036582161
3875,78,16,-0.2,-0.2,-0.13473722338676453,-0.10668225586414337,0.11387463010642135
3876,78,17,-0.2,-0.2,0.9719627499580383,0.34729671478271484,1.2934567566413497
3877,78,18,-0.2,-0.2,-0.13206924498081207,-0.11090083420276642,0.1120412817814927
3878,78,19,-0.2,-0.2,-0.17450541257858276,-0.1342511922121048,0.07051864798277033
3879,78,20,-0.2,-0.2,-0.1123199611902237,-0.1283586472272873,0.1132266427692182
3880,78,21,-0.2,-0.2,-0.11523891985416412,-0.1333712488412857,0.10781387289425554
3881,78,22,-0.2,-0.2,-0.13377292454242706,-0.10969524085521698,0.11198649493514981
3882,78,23,-0.2,-0.2,-0.1460227072238922,-0.1150597482919693,0.10063992495854353
3883,78,24,-0.2,-0.2,-0.0872890055179596,-0.13935376703739166,0.12799114754421692
3884,78,25,-0.2,-0.2,-0.13072766363620758,-0.10146676003932953,0.12044690100806027
3885,78,26,-0.2,-0.2,-0.11898516118526459,-0.12647584080696106,0.10940386690250439
3886,78,27,-0.2,-0.2,-0.09653103351593018,-0.13987769186496735,0.11966837076172376
3887,78,28,-0.2,-0.2,-0.10363778471946716,-0.12704411149024963,0.12086454485091518
3888,78,29,-0.2,-0.2,-0.10846002399921417,-0.13204222917556763,0.1140080077084523
3889,78,30,-0.2,-0.2,-0.11669477820396423,-0.13010446727275848,0.10874348474143913
3890,78,31,-0.2,-0.2,-0.1213555783033371,-0.1279863566160202,0.10663446861797345
3891,78,32,-0.2,-0.2,-0.11366993188858032,-0.12964825332164764,0.11136538475135542
3892,78,33,-0.2,-0.2,-0.17338846623897552,-0.12930913269519806,0.07553391588828996
3893,78,34,-0.2,-0.2,-0.13265155255794525,-0.11610159277915955,0.10758604048411294
3894,78,35,-0.2,-0.2,-0.12643222510814667,-0.1188623458147049,0.10952413628616728
3895,78,36,-0.2,-0.2,-0.10632011294364929,-0.1337253451347351,0.11475300046796426
3896,78,37,-0.2,-0.2,-0.11689189076423645,-0.11778351664543152,0.11690384063808873
3897,78,38,-0.2,-0.2,-0.11512956023216248,-0.16056549549102783,0.09358456973376693
3898,78,39,-0.2,-0.2,-0.10064856708049774,-0.13117749989032745,0.12086043084692458
3899,78,40,-0.2,-0.2,-0.13465456664562225,-0.10801829397678375,0.1128302260177334
3900,78,41,-0.2,-0.2,-0.06954260915517807,-0.1327911913394928,0.1467520180018091
3901,78,42,-0.2,-0.2,-0.09308086335659027,-0.13449226319789886,0.12539124914245603
3902,78,43,-0.2,-0.2,-0.11810173094272614,-0.1280738264322281,0.10899862805870024
3903,78,44,-0.2,-0.2,-0.12041787803173065,-0.11048048734664917,0.11977920221251243
3904,78,45,-0.2,-0.2,-0.08529886603355408,-0.14003179967403412,0.1294315849533017
3905,78,46,-0.2,-0.2,-0.13242284953594208,-0.10702784359455109,0.11493690935257127
3906,78,47,-0.2,-0.2,-0.15554936230182648,-0.1279878169298172,0.08462631802405095
3907,78,48,-0.2,-0.2,-0.13401438295841217,-0.108157679438591,0.11308896277914879
3908,79,0,-0.1,-0.2,0.08483042567968369,-0.04730847105383873,0.23974359067313872
3909,79,1,-0.1,-0.2,0.08619867265224457,-0.055326689034700394,0.23579718531636465
3910,79,2,-0.1,-0.2,0.07817517966032028,-0.046943265944719315,0.23488882154469662
3911,79,3,-0.1,-0.2,0.0846506878733635,-0.04903198406100273,0.23851041563978637
3912,79,4,-0.1,-0.2,0.07671348005533218,-0.0541347973048687,0.22913819278016057
3913,79,5,-0.1,-0.2,0.06326496601104736,-0.05046713724732399,0.22139450347648448
3914,79,6,-0.1,-0.2,0.08381287753582001,-0.0466671846807003,0.23937027008745435
3915,79,7,-0.1,-0.2,0.08468841016292572,-0.04992995783686638,0.23797232276748864
3916,79,8,-0.1,-0.2,0.061955131590366364,-0.11763180792331696,0.18169750607653987
3917,79,9,-0.1,-0.2,0.09242504835128784,-0.042714785784482956,0.24852774059210483
3918,79,10,-0.1,-0.2,0.08896717429161072,-0.04893484339118004,0.24192824246251882
3919,79,11,-0.1,-0.2,0.08853644132614136,-0.04297945275902748,0.24535982141292006
3920,79,12,-0.1,-0.2,0.09535671770572662,-0.04708963260054588,0.24808431552798943
3921,79,13,-0.1,-0.2,0.08642841130495071,-0.043990787118673325,0.24309345331690646
3922,79,14,-0.1,-0.2,0.0981963574886322,-0.04591681435704231,0.25104466578607854
3923,79,15,-0.1,-0.2,0.08566225320100784,-0.04538540914654732,0.24161155594974285
3924,79,16,-0.1,-0.2,0.09236262738704681,-0.04937693104147911,0.24431678067159276
3925,79,17,-0.1,-0.2,0.07754133641719818,-0.049213241785764694,0.2329325494420284
3926,79,18,-0.1,-0.2,0.08225885033607483,-0.049825314432382584,0.23615826200063483
3927,79,19,-0.1,-0.2,0.08807387948036194,-0.045262034982442856,0.24354798697704003
3928,79,20,-0.1,-0.2,0.07290102541446686,-0.051232997328042984,0.22809293209867812
3929,79,21,-0.1,-0.2,0.08976326137781143,-0.04417550936341286,0.24554300489098732
3930,79,22,-0.1,-0.2,0.07913513481616974,-0.04304869845509529,0.2381661344151324
3931,79,23,-0.1,-0.2,0.0800456777215004,-0.05032208189368248,0.2341365525389743
3932,79,24,-0.1,-0.2,0.08956316113471985,-0.048930954188108444,0.2423964699864731
3933,79,25,-0.1,-0.2,0.08054123818874359,-0.046648059040308,0.2368796244568737
3934,79,26,-0.1,-0.2,0.08112521469593048,-0.04869081452488899,0.23601019683011254
3935,79,27,-0.1,-0.2,0.08805640041828156,-0.04779290780425072,0.2419343064820828
3936,79,28,-0.1,-0.2,0.0896984189748764,-0.04588865861296654,0.2444090745158177
3937,79,29,-0.1,-0.2,0.08543945848941803,-0.04380032792687416,0.24245851257607073
3938,79,30,-0.1,-0.2,0.08614809811115265,-0.050378795713186264,0.2388254994816001
3939,79,31,-0.1,-0.2,0.07986428588628769,-0.04379807040095329,0.2382230134723549
3940,79,32,-0.1,-0.2,0.08758760988712311,-0.041906002908945084,0.2453218769278231
3941,79,33,-0.1,-0.2,0.07814322412014008,-0.0671294778585434,0.22223767447051315
3942,79,34,-0.1,-0.2,0.08774334192276001,-0.04336521402001381,0.24450361677349983
3943,79,35,-0.1,-0.2,0.07536198943853378,-0.05550969019532204,0.22722076702469837
3944,79,36,-0.1,-0.2,0.08257712423801422,-0.0435185544192791,0.24045966211831746
3945,79,37,-0.1,-0.2,0.0972759798169136,-0.051951173692941666,0.2466500905810108
3946,79,38,-0.1,-0.2,0.09094919264316559,-0.0505414716899395,0.24248597043063322
3947,79,39,-0.1,-0.2,0.08697552233934402,-0.03991362079977989,0.24614527165783057
3948,79,40,-0.1,-0.2,0.08882881700992584,-0.04874173179268837,0.2419408725999869
3949,79,41,-0.1,-0.2,0.0849200189113617,-0.04517604783177376,0.2411760136480566
3950,79,42,-0.1,-0.2,0.08223223686218262,-0.04362958297133446,0.24012558271353224
3951,79,43,-0.1,-0.2,0.09605677425861359,-0.04684992507100105,0.24878344837117072
3952,79,44,-0.1,-0.2,0.09378749877214432,-0.04548913612961769,0.2478451164222036
3953,79,45,-0.1,-0.2,0.08347776532173157,-0.05889615789055824,0.23146141066169687
3954,79,46,-0.1,-0.2,0.086382657289505,-0.057030078023672104,0.23490188064001183
3955,79,47,-0.1,-0.2,0.08460256457328796,-0.047393184155225754,0.2395139809892437
3956,79,48,-0.1,-0.2,0.09285248070955276,-0.049649517983198166,0.24453496019692783
3957,80,0,0.0,-0.2,-0.048297300934791565,-0.19437433779239655,0.048623835233966024
3958,80,1,0.0,-0.2,-0.047087930142879486,-0.1931927651166916,0.047577427546024696
3959,80,2,0.0,-0.2,-0.04726845771074295,-0.19024145603179932,0.048265269860755994
3960,80,3,0.0,-0.2,-0.04055473208427429,-0.18487446010112762,0.04328357946912024
3961,80,4,0.0,-0.2,-0.04824622720479965,-0.1891142576932907,0.04945905200330098
3962,80,5,0.0,-0.2,-0.0463838130235672,-0.18577097356319427,0.048517247489367726
3963,80,6,0.0,-0.2,-0.04799778759479523,-0.18825291097164154,0.04941438772903352
3964,80,7,0.0,-0.2,-0.04450712352991104,-0.18877559900283813,0.04590066690857388
3965,80,8,0.0,-0.2,-0.04653284698724747,-0.18897363543510437,0.047821402784282395
3966,80,9,0.0,-0.2,-0.045241594314575195,-0.18665805459022522,0.04716788487352399
3967,80,10,0.0,-0.2,-0.046664245426654816,-0.1894046813249588,0.047851986155903206
3968,80,11,0.0,-0.2,-0.040889330208301544,-0.18581977486610413,0.04327835613481055
3969,80,12,0.0,-0.2,-0.04835096746683121,-0.1876325011253357,0.049907625503457814
3970,80,13,0.0,-0.2,-0.046161070466041565,-0.18608927726745605,0.04821154045985847
3971,80,14,0.0,-0.2,-0.04312852770090103,-0.18383261561393738,0.0460592468407169
3972,80,15,0.0,-0.2,-0.0449417382478714,-0.18451917171478271,0.047533313382685315
3973,80,16,0.0,-0.2,-0.04326247423887253,-0.18425805866718292,0.04603748900836105
3974,80,17,0.0,-0.2,-0.04605737328529358,-0.18623122572898865,0.04807141332296087
3975,80,18,0.0,-0.2,-0.04735979437828064,-0.1883467435836792,0.04877241544825871
3976,80,19,0.0,-0.2,-0.03808465600013733,-0.18198923766613007,0.04212871446526638
3977,80,20,0.0,-0.2,-0.046152032911777496,-0.18645144999027252,0.04809961901362505
3978,80,21,0.0,-0.2,-0.04668065905570984,-0.18685856461524963,0.0484951673246623
3979,80,22,0.0,-0.2,-0.04279225319623947,-0.1833186000585556,0.04592870603029753
3980,80,23,0.0,-0.2,-0.04546497017145157,-0.1842823326587677,0.04810518245824062
3981,80,24,0.0,-0.2,-0.04313524067401886,-0.18418188393115997,0.04594411587976012
3982,80,25,0.0,-0.2,-0.04207666963338852,-0.18408259749412537,0.04498677394492012
3983,80,26,0.0,-0.2,-0.04691449552774429,-0.18566088378429413,0.04905690720449322
3984,80,27,0.0,-0.2,-0.043870531022548676,-0.1854332834482193,0.04622567169117532
3985,80,28,0.0,-0.2,-0.045260488986968994,-0.188083216547966,0.04680300835611118
3986,80,29,0.0,-0.2,-0.04532274603843689,-0.1860436201095581,0.04742290425639259
3987,80,30,0.0,-0.2,-0.046525903046131134,-0.18686515092849731,0.04834443002445214
3988,80,31,0.0,-0.2,-0.04636461287736893,-0.18754175305366516,0.0480092204086272
3989,80,32,0.0,-0.2,-0.04403809458017349,-0.18502400815486908,0.04651488047923733
3990,80,33,0.0,-0.2,-0.04378122091293335,-0.18541936576366425,0.04614531611508235
3991,80,34,0.0,-0.2,-0.04635383188724518,-0.18664759397506714,0.048238620184305143
3992,80,35,0.0,-0.2,-0.043359920382499695,-0.18631795048713684,0.04546736383879268
3993,80,36,0.0,-0.2,-0.04019680619239807,-0.1816336065530777,0.044193977376067464
3994,80,37,0.0,-0.2,-0.045212194323539734,-0.18430188298225403,0.04785993515929963
3995,80,38,0.0,-0.2,-0.04619158059358597,-0.18494002521038055,0.04858461647885801
3996,80,39,0.0,-0.2,-0.04621051996946335,-0.1857834756374359,0.048347923645173735
3997,80,40,0.0,-0.2,-0.04655735194683075,-0.18523703515529633,0.048841909783576457
3998,80,41,0.0,-0.2,-0.043150290846824646,-0.18268732726573944,0.046493830100016155
3999,80,42,0.0,-0.2,-0.04439164698123932,-0.1844940185546875,0.04702184367173782
4000,80,43,0.0,-0.2,-0.04560678452253342,-0.18595774471759796,0.047719636711745214
4001,80,44,0.0,-0.2,-0.04479718208312988,-0.1836855262517929,0.04767546094449462
4002,80,45,0.0,-0.2,-0.04553643614053726,-0.18494100868701935,0.04796186230481105
4003,80,46,0.0,-0.2,-0.045904770493507385,-0.18783503770828247,0.04748930681343429
4004,80,47,0.0,-0.2,-0.0474996417760849,-0.187917560338974,0.049012256803974294
4005,80,48,0.0,-0.2,-0.04758427292108536,-0.1852291375398636,0.04982410468081293
4006,80,49,0.0,-0.2,-0.047211773693561554,-0.18549920618534088,0.04938850672522229
4007,81,0,0.1,-0.2,0.05902356281876564,-0.21553288400173187,0.04382167145920959
4008,81,1,0.1,-0.2,0.04601987451314926,-0.21984697878360748,0.05751309863338193
4009,81,2,0.1,-0.2,0.050191428512334824,-0.21686284244060516,0.052585637286416215
4010,81,3,0.1,-0.2,0.05840987339615822,-0.21482843160629272,0.044154512961033655
4011,81,4,0.1,-0.2,0.05950365215539932,-0.2151082307100296,0.04322282757916673
4012,81,5,0.1,-0.2,0.05519271641969681,-0.21680520474910736,0.047855068367991374
4013,81,6,0.1,-0.2,0.05660158395767212,-0.21584202349185944,0.046199482933249464
4014,81,7,0.1,-0.2,0.05670592188835144,-0.21710355579853058,0.04655006788921984
4015,81,8,0.1,-0.2,0.045968811959028244,-0.2229507714509964,0.05870355348115411
4016,81,9,0.1,-0.2,0.062328871339559555,-0.21322214603424072,0.039924166620009055
4017,81,10,0.1,-0.2,0.059559304267168045,-0.2149980068206787,0.04313223944972737
4018,81,11,0.1,-0.2,0.05590264871716499,-0.21622450649738312,0.046987349374543116
4019,81,12,0.1,-0.2,0.057006143033504486,-0.21600283682346344,0.04587551114978309
4020,81,13,0.1,-0.2,0.05680159851908684,-0.21763543784618378,0.0466595173414039
4021,81,14,0.1,-0.2,0.057913415133953094,-0.21646855771541595,0.04519395998264541
4022,81,15,0.1,-0.2,0.061012689024209976,-0.21512658894062042,0.04181894439248147
4023,81,16,0.1,-0.2,0.061924390494823456,-0.21641488373279572,0.04146324212060475
4024,81,17,0.1,-0.2,0.059820666909217834,-0.21730594336986542,0.043747851187698486
4025,81,18,0.1,-0.2,0.0370187945663929,-0.23667387664318085,0.07288076197399054
4026,81,19,0.1,-0.2,0.05454910546541214,-0.2182251363992691,0.04896875953877321
4027,81,20,0.1,-0.2,0.05036376044154167,-0.21385137736797333,0.05153267829731604
4028,81,21,0.1,-0.2,0.05724090710282326,-0.2155112475156784,0.045485589200119525
4029,81,22,0.1,-0.2,0.056715622544288635,-0.21929748356342316,0.047391246065165676
4030,81,23,0.1,-0.2,0.05971812084317207,-0.21723969280719757,0.04381594226411008
4031,81,24,0.1,-0.2,0.062284067273139954,-0.2147592455148697,0.04050094949041607
4032,81,25,0.1,-0.2,0.0574185885488987,-0.2168353945016861,0.0457887225110658
4033,81,26,0.1,-0.2,0.04987721145153046,-0.22029708325862885,0.05407647844194647
4034,81,27,0.1,-0.2,0.05426204949617386,-0.21942703425884247,0.04969275376133515
4035,81,28,0.1,-0.2,0.05709926411509514,-0.21745269000530243,0.046314895313360555
4036,81,29,0.1,-0.2,0.05584869906306267,-0.218119278550148,0.04772468574649662
4037,81,30,0.1,-0.2,0.05817572772502899,-0.21540792286396027,0.04457211951784051
4038,81,31,0.1,-0.2,0.039028797298669815,-0.23740820586681366,0.07153224045855551
4039,81,32,0.1,-0.2,0.05647563189268112,-0.2155633121728897,0.046223233388981065
4040,81,33,0.1,-0.2,0.05779927968978882,-0.21450640261173248,0.04462439368141991
4041,81,34,0.1,-0.2,0.055831145495176315,-0.2158011645078659,0.04691017488853484
4042,81,35,0.1,-0.2,0.05825399234890938,-0.21490122377872467,0.044325789614044625
4043,81,36,0.1,-0.2,0.058036185801029205,-0.21777017414569855,0.04557127155669673
4044,81,37,0.1,-0.2,0.05817074328660965,-0.217496857047081,0.045341225432499056
4045,81,38,0.1,-0.2,0.05472039803862572,-0.21635262668132782,0.04814198534708934
4046,81,39,0.1,-0.2,0.057310156524181366,-0.21522362530231476,0.04532307914666846
4047,81,40,0.1,-0.2,0.05629563704133034,-0.21666644513607025,0.04677437049385889
4048,81,41,0.1,-0.2,0.055602848529815674,-0.21856702864170074,0.048123192030955574
4049,81,42,0.1,-0.2,0.053801845759153366,-0.21683628857135773,0.04917041862867436
4050,81,43,0.1,-0.2,0.05484597384929657,-0.21622388064861298,0.04798020822087841
4051,81,44,0.1,-0.2,0.05610290542244911,-0.2144833505153656,0.04622469420668339
4052,81,45,0.1,-0.2,0.057352133095264435,-0.21637089550495148,0.04568201802852058
4053,81,46,0.1,-0.2,0.058596592396497726,-0.21590717136859894,0.044354033211555
4054,81,47,0.1,-0.2,0.057568784803152084,-0.21479713916778564,0.04493732691907735
4055,81,48,0.1,-0.2,0.05587272718548775,-0.2160240262746811,0.04694662526846911
4056,82,0,0.2,-0.2,-0.06355004012584686,-0.23690350353717804,0.2661211983733239
4057,82,1,0.2,-0.2,-0.07269425690174103,-0.2483236938714981,0.27694284091952803
4058,82,2,0.2,-0.2,-0.05300861597061157,-0.2277553528547287,0.25452646103589094
4059,82,3,0.2,-0.2,-0.07016037404537201,-0.24408595263957977,0.27373381034222755
4060,82,4,0.2,-0.2,-0.049026355147361755,-0.23045845329761505,0.25088212956538564
4061,82,5,0.2,-0.2,-0.05085271596908569,-0.22685332596302032,0.25228592157380286
4062,82,6,0.2,-0.2,-0.03741501271724701,-0.2262343019247055,0.23886005706481603
4063,82,7,0.2,-0.2,-0.07775187492370605,-0.2562251687049866,0.2833855564765753
4064,82,8,0.2,-0.2,-0.08442404866218567,-0.2699970304965973,0.29291060707275685
4065,82,9,0.2,-0.2,-0.056212276220321655,-0.2392202466726303,0.25919675583436685
4066,82,10,0.2,-0.2,-0.050953641533851624,-0.2274944931268692,0.25245529772893327
4067,82,11,0.2,-0.2,-0.06691130995750427,-0.24058236181735992,0.26997884264124483
4068,82,12,0.2,-0.2,-0.045540571212768555,-0.22743909060955048,0.24706896973309253
4069,82,13,0.2,-0.2,-0.05667543411254883,-0.23030100762844086,0.2584577906354618
4070,82,14,0.2,-0.2,-0.06731244176626205,-0.23687593638896942,0.26984398493871337
4071,82,15,0.2,-0.2,-0.04932110756635666,-0.22498740255832672,0.2505701198561526
4072,82,16,0.2,-0.2,-0.06186799705028534,-0.23563165962696075,0.26428103043332457
4073,82,17,0.2,-0.2,-0.08292613923549652,-0.26442381739616394,0.2901682761960684
4074,82,18,0.2,-0.2,-0.05000044405460358,-0.2261718064546585,0.2513666355756052
4075,82,19,0.2,-0.2,-0.06629704684019089,-0.24356777966022491,0.26983748549882525
4076,82,20,0.2,-0.2,-0.06378833204507828,-0.24263136088848114,0.2672109972555927
4077,82,21,0.2,-0.2,-0.046602763235569,-0.2224709540605545,0.24762444671681683
4078,82,22,0.2,-0.2,-0.03724274784326553,-0.23149631917476654,0.23932433960168373
4079,82,23,0.2,-0.2,-0.04946877807378769,-0.2253119796514511,0.25074961126092343
4080,82,24,0.2,-0.2,-0.048903003334999084,-0.2251458615064621,0.2501699810530527
4081,82,25,0.2,-0.2,-0.04764033108949661,-0.2247583121061325,0.2488748834263116
4082,82,26,0.2,-0.2,-0.06082583963871002,-0.23383356630802155,0.2630110811968906
4083,82,27,0.2,-0.2,-0.049120478332042694,-0.2260892242193222,0.2504828543927744
4084,82,28,0.2,-0.2,-0.0368153378367424,-0.24109454452991486,0.24035445871639577
4085,82,29,0.2,-0.2,-0.06758079677820206,-0.24312351644039154,0.2710334305480455
4086,82,30,0.2,-0.2,-0.03288022428750992,-0.2576165497303009,0.23990178337608323
4087,82,31,0.2,-0.2,-0.04752366989850998,-0.22700072824954987,0.24899198076651502
4088,82,32,0.2,-0.2,-0.04533526301383972,-0.22837434709072113,0.2469706356045079
4089,82,33,0.2,-0.2,-0.042991310358047485,-0.2195497304201126,0.24377647316552112
4090,82,34,0.2,-0.2,-0.06027363985776901,-0.235184445977211,0.2626410341959819
4091,82,35,0.2,-0.2,-0.049092039465904236,-0.22569788992404938,0.2504141083721765
4092,82,36,0.2,-0.2,-0.05881967395544052,-0.2364187091588974,0.2613693669946823
4093,82,37,0.2,-0.2,-0.0537910982966423,-0.22968129813671112,0.25552084266003877
4094,82,38,0.2,-0.2,-0.05026569217443466,-0.22460134327411652,0.2514719522540035
4095,82,39,0.2,-0.2,-0.06622645258903503,-0.23978577554225922,0.2691828969188807
4096,82,40,0.2,-0.2,-0.03637227416038513,-0.2292548269033432,0.23817576889536193
4097,82,41,0.2,-0.2,-0.0563877671957016,-0.22923143208026886,0.258048762424974
4098,82,42,0.2,-0.2,-0.06487232446670532,-0.22661902010440826,0.2662065372971042
4099,82,43,0.2,-0.2,-0.07517741620540619,-0.2529752850532532,0.2802302467899509
4100,82,44,0.2,-0.2,-0.0567188635468483,-0.22946567833423615,0.25840433645835353
4101,82,45,0.2,-0.2,-0.08002394437789917,-0.2628340423107147,0.28698697931798484
4102,82,46,0.2,-0.2,-0.06632872670888901,-0.23742498457431793,0.26894538505199533
4103,82,47,0.2,-0.2,-0.08376246690750122,-0.27866148948669434,0.2944635249970632
4104,82,48,0.2,-0.2,-0.048257358372211456,-0.2240343540906906,0.24941805500505637
4105,83,0,0.3,-0.2,-0.04231762886047363,-0.18303166329860687,0.3427379224408481
4106,83,1,0.3,-0.2,-0.04748442769050598,-0.18929383158683777,0.34764931975985436
4107,83,2,0.3,-0.2,-0.05370834469795227,-0.19966170191764832,0.35370850647752017
4108,83,3,0.3,-0.2,-0.038267508149147034,-0.18518772721290588,0.3385916574497259
4109,83,4,0.3,-0.2,-0.02695372700691223,-0.20948459208011627,0.3270912672185497
4110,83,5,0.3,-0.2,-0.08062879741191864,-0.21376445889472961,0.38087759417942674
4111,83,6,0.3,-0.2,-0.05182332545518875,-0.19558218121528625,0.35185106146942663
4112,83,7,0.3,-0.2,-0.04394617676734924,-0.19132082164287567,0.3440556650453985
4113,83,8,0.3,-0.2,-0.05136755853891373,-0.19737516343593597,0.3513773626182896
4114,83,9,0.3,-0.2,-0.06829413771629333,-0.20403732359409332,0.36831626607847695
4115,83,10,0.3,-0.2,-0.06365615129470825,-0.19532307982444763,0.36368622459038535
4116,83,11,0.3,-0.2,-0.10456742346286774,-0.2245396226644516,0.4053109833299574
4117,83,12,0.3,-0.2,-0.07280603051185608,-0.21001967787742615,0.3729406525585195
4118,83,13,0.3,-0.2,-0.06821990758180618,-0.20019692182540894,0.36821996023811526
4119,83,14,0.3,-0.2,-0.062191516160964966,-0.19430014491081238,0.36223636306563184
4120,83,15,0.3,-0.2,-0.05097172409296036,-0.20447270572185516,0.351000222520242
4121,83,16,0.3,-0.2,-0.04485610872507095,-0.1835562139749527,0.3452479309479428
4122,83,17,0.3,-0.2,-0.03208431601524353,-0.20598791539669037,0.3321382966086718
4123,83,18,0.3,-0.2,-0.05591956526041031,-0.20924873650074005,0.3560397113553762
4124,83,19,0.3,-0.2,-0.06477928906679153,-0.21706174314022064,0.3651780836948689
4125,83,20,0.3,-0.2,-0.07060444355010986,-0.2066580057144165,0.370664245131871
4126,83,21,0.3,-0.2,-0.04513157904148102,-0.20462431013584137,0.3451625574941443
4127,83,22,0.3,-0.2,-0.04228439927101135,-0.18210473656654358,0.34275187882442004
4128,83,23,0.3,-0.2,-0.03705311566591263,-0.17494796216487885,0.3379828507184816
4129,83,24,0.3,-0.2,-0.03584551811218262,-0.20821072161197662,0.33594587061821396
4130,83,25,0.3,-0.2,-0.047672562301158905,-0.1989024430513382,0.34767429471893485
4131,83,26,0.3,-0.2,-0.05228319764137268,-0.20591014623641968,0.3523327705010794
4132,83,27,0.3,-0.2,-0.04821193218231201,-0.20768406987190247,0.3482967048996234
4133,83,28,0.3,-0.2,-0.05169248580932617,-0.19662293791770935,0.3517086992427835
4134,83,29,0.3,-0.2,-0.03829500824213028,-0.18404704332351685,0.33867094565118033
4135,83,30,0.3,-0.2,-0.04218576103448868,-0.19183646142482758,0.34228312610588985
4136,83,31,0.3,-0.2,-0.04663512110710144,-0.18520833551883698,0.3469505736024343
4137,83,32,0.3,-0.2,-0.04718376696109772,-0.1816556453704834,0.34766806495286745
4138,83,33,0.3,-0.2,-0.04247353971004486,-0.21031032502651215,0.3426287031228995
4139,83,34,0.3,-0.2,-0.09098710119724274,-0.21781198680400848,0.39139261640522693
4140,83,35,0.3,-0.2,-0.05181422084569931,-0.19797997176647186,0.35182002004338914
4141,83,36,0.3,-0.2,-0.06360101699829102,-0.1997946798801422,0.3636010749689048
4142,83,37,0.3,-0.2,-0.002975858747959137,-0.21162258088588715,0.3031987060831762
4143,83,38,0.3,-0.2,0.01726047694683075,-0.19684188067913055,0.2827571601462613
4144,83,39,0.3,-0.2,-0.06063595414161682,-0.19959090650081635,0.36063618617261
4145,83,40,0.3,-0.2,-0.1120389997959137,-0.22745941579341888,0.41295297173955875
4146,83,41,0.3,-0.2,-0.062241218984127045,-0.19914454221725464,0.36224222909418546
4147,83,42,0.3,-0.2,-0.06901559233665466,-0.21554522216320038,0.36934287771618846
4148,83,43,0.3,-0.2,-0.05597459524869919,-0.19882550835609436,0.35597653278425084
4149,83,44,0.3,-0.2,-0.03363209217786789,-0.18184110522270203,0.33412590200478964
4150,83,45,0.3,-0.2,-0.06299428641796112,-0.19709412753582,0.36300591739923865
4151,83,46,0.3,-0.2,-0.07480984926223755,-0.20231489837169647,0.3748169978248752
4152,83,47,0.3,-0.2,-0.06544820964336395,-0.20991010963916779,0.3655825545681856
4153,83,48,0.3,-0.2,-0.05816374719142914,-0.21064455807209015,0.3583218893938187
4154,84,0,0.4,-0.2,-0.024464666843414307,-0.06129234656691551,0.4465535427240539
4155,84,1,0.4,-0.2,-0.1143030971288681,-0.09648533165454865,0.5246169672046594
4156,84,2,0.4,-0.2,-0.14292818307876587,-0.09228795766830444,0.5535096169394664
4157,84,3,0.4,-0.2,-0.1260576695203781,-0.08669894933700562,0.5381206182098487
4158,84,4,0.4,-0.2,-0.09879764914512634,-0.09168103337287903,0.51042344511579
4159,84,5,0.4,-0.2,-0.11550094187259674,-0.08946199715137482,0.5272189973296647
4160,84,6,0.4,-0.2,-0.14791011810302734,-0.09660756587982178,0.5575800327782271
4161,84,7,0.4,-0.2,-0.14789623022079468,-0.09653869271278381,0.5575791613714933
4162,84,8,0.4,-0.2,-0.10870577394962311,-0.1078357845544815,0.5169872407113865
4163,84,9,0.4,-0.2,-0.12499895691871643,-0.10930304229259491,0.5327756027664171
4164,84,10,0.4,-0.2,-0.15116062760353088,-0.10502129793167114,0.5592843563581074
4165,84,11,0.4,-0.2,-0.09017406404018402,-0.09742327034473419,0.5007919713058906
4166,84,12,0.4,-0.2,-0.1619580239057541,-0.08751790225505829,0.5731047399430254
4167,84,13,0.4,-0.2,-0.13625290989875793,-0.0860849916934967,0.548218763353058
4168,84,14,0.4,-0.2,-0.1553759127855301,-0.09334589540958405,0.5655240954445214
4169,84,15,0.4,-0.2,-0.14341865479946136,-0.10345536470413208,0.5519281665112484
4170,84,16,0.4,-0.2,-0.14142324030399323,-0.08363418281078339,0.5537870787147257
4171,84,17,0.4,-0.2,-0.1635318398475647,-0.09627805650234222,0.5729977103662044
4172,84,18,0.4,-0.2,-0.1402270793914795,-0.09383733570575714,0.5505595413739554
4173,84,19,0.4,-0.2,-0.16128328442573547,-0.08335769176483154,0.5732751114832817
4174,84,20,0.4,-0.2,-0.15056170523166656,-0.09577547013759613,0.5603400252459569
4175,84,21,0.4,-0.2,-0.14555977284908295,-0.1006002426147461,0.5545410512481384
4176,84,22,0.4,-0.2,-0.14218135178089142,-0.08502426743507385,0.554238249580265
4177,84,23,0.4,-0.2,-0.19026683270931244,-0.08887657523155212,0.600635787585915
4178,84,24,0.4,-0.2,-0.15485383570194244,-0.09900844097137451,0.5639699229464197
4179,84,25,0.4,-0.2,-0.13773660361766815,-0.08232556283473969,0.550461559086941
4180,84,26,0.4,-0.2,-0.13257743418216705,-0.09726731479167938,0.5423953613464743
4181,84,27,0.4,-0.2,-0.14799688756465912,-0.08976112306118011,0.5589751325142166
4182,84,28,0.4,-0.2,-0.10365825891494751,-0.10215185582637787,0.5130749468561666
4183,84,29,0.4,-0.2,-0.13568030297756195,-0.09757152199745178,0.5453851667436979
4184,84,30,0.4,-0.2,-0.15538600087165833,-0.10278002917766571,0.5638309433606045
4185,84,31,0.4,-0.2,-0.10560294985771179,-0.10329660773277283,0.5147678010334457
4186,84,32,0.4,-0.2,-0.16796328127384186,-0.09453566372394562,0.5776720653636438
4187,84,33,0.4,-0.2,-0.16613155603408813,-0.0863434225320816,0.577427706591309
4188,84,34,0.4,-0.2,-0.07762685418128967,-0.07287652790546417,0.49425478145637114
4189,84,35,0.4,-0.2,-0.138010174036026,-0.09276919066905975,0.5485921926495523
4190,84,36,0.4,-0.2,-0.10829707980155945,-0.10234525799751282,0.5175928612049873
4191,84,37,0.4,-0.2,-0.05737694352865219,-0.09731987118721008,0.4687610023504761
4192,84,38,0.4,-0.2,-0.11611175537109375,-0.08971311151981354,0.5277637177780155
4193,84,39,0.4,-0.2,-0.1465854048728943,-0.09736868739128113,0.5561373851377502
4194,84,40,0.4,-0.2,-0.15687887370586395,-0.0950227677822113,0.5666871264322307
4195,84,41,0.4,-0.2,-0.10382980108261108,-0.09032078087329865,0.515629711679987
4196,84,42,0.4,-0.2,-0.14606165885925293,-0.09397700428962708,0.5562591220784796
4197,84,43,0.4,-0.2,-0.1652621179819107,-0.09475202858448029,0.5749768669368165
4198,84,44,0.4,-0.2,-0.09987089037895203,-0.0984063446521759,0.5100903624409883
4199,84,45,0.4,-0.2,-0.16047264635562897,-0.09813274443149567,0.5696547419884618
4200,84,46,0.4,-0.2,-0.11216610670089722,-0.09794601798057556,0.5222347519068181
4201,84,47,0.4,-0.2,-0.14024218916893005,-0.09781916439533234,0.5498204671735185
4202,84,48,0.4,-0.2,-0.15362916886806488,-0.09596303105354309,0.563319578506828
4203,84,49,0.4,-0.2,-0.1871597021818161,-0.09071259200572968,0.5972438810170809
4204,85,0,0.5,-0.2,-0.14973439276218414,0.05344304442405701,0.697415341030708
4205,85,1,0.5,-0.2,-0.3218387961387634,-0.03654307499527931,0.8379362584175546
4206,85,2,0.5,-0.2,-0.35448503494262695,-0.06003275141119957,0.8658726844163762
4207,85,3,0.5,-0.2,-0.27038460969924927,-0.035000029951334,0.7878562286213935
4208,85,4,0.5,-0.2,-0.17280073463916779,0.05603250116109848,0.7198704537497089
4209,85,5,0.5,-0.2,-0.410086452960968,-0.1459510624408722,0.9116899909038965
4210,85,6,0.5,-0.2,-0.2783817648887634,-0.07930363714694977,0.7876838096071934
4211,85,7,0.5,-0.2,-0.3332521915435791,-0.08841736614704132,0.8406901325040879
4212,85,8,0.5,-0.2,-0.42075496912002563,-0.09990423917770386,0.9261797204073374
4213,85,9,0.5,-0.2,-0.3173865079879761,-0.10139282047748566,0.8233128684128307
4214,85,10,0.5,-0.2,-0.2813122868537903,-0.06881320476531982,0.7922492441351051
4215,85,11,0.5,-0.2,-0.27276962995529175,-0.01167558878660202,0.7953860602500598
4216,85,12,0.5,-0.2,-0.40893107652664185,-0.09406636655330658,0.9150834041611171
4217,85,13,0.5,-0.2,-0.2820465564727783,0.02355615608394146,0.8133720989891146
4218,85,14,0.5,-0.2,-0.30033236742019653,-0.09798556566238403,0.8068078105432794
4219,85,15,0.5,-0.2,-0.10330773890018463,-0.01880907639861107,0.6299288678988904
4220,85,16,0.5,-0.2,-0.39571475982666016,-0.08835281431674957,0.9026461239280439
4221,85,17,0.5,-0.2,-0.2814667820930481,-0.07394219934940338,0.7915686329180364
4222,85,18,0.5,-0.2,-0.3075748682022095,-0.0840723067522049,0.8158531717248949
4223,85,19,0.5,-0.2,-0.32068192958831787,-0.10685956478118896,0.8259503436802689
4224,85,20,0.5,-0.2,-0.3198812007904053,-0.10211275517940521,0.8257040002979784
4225,85,21,0.5,-0.2,-0.3085336685180664,-0.0980885773897171,0.8149310591612853
4226,85,22,0.5,-0.2,-0.3745049238204956,-0.12944455444812775,0.8773465294188574
4227,85,23,0.5,-0.2,-0.2704898715019226,-0.04154256358742714,0.7866151544697659
4228,85,24,0.5,-0.2,-0.3157985806465149,-0.02999703958630562,0.8333236650511543
4229,85,25,0.5,-0.2,-0.3446868658065796,-0.1135965883731842,0.8490944887389716
4230,85,26,0.5,-0.2,-0.4161587357521057,-0.12110833823680878,0.9195491957424868
4231,85,27,0.5,-0.2,-0.32539933919906616,-0.109124094247818,0.8303869576267047
4232,85,28,0.5,-0.2,-0.3102053999900818,-0.08264830708503723,0.8186600087967508
4233,85,29,0.5,-0.2,-0.2658877372741699,-0.025431901216506958,0.785530424121072
4234,85,30,0.5,-0.2,-0.3565906882286072,-0.06834292411804199,0.866649405924764
4235,85,31,0.5,-0.2,-0.3124033808708191,-0.07430888712406158,0.8220690415690942
4236,85,32,0.5,-0.2,-0.3382113575935364,-0.10790005326271057,0.8432559992006051
4237,85,33,0.5,-0.2,-0.13901419937610626,0.0291591789573431,0.6788616032039886
4238,85,34,0.5,-0.2,-0.2731472849845886,-0.08240291476249695,0.7820395122597049
4239,85,35,0.5,-0.2,-0.30814099311828613,-0.11049707233905792,0.8130821845410767
4240,85,36,0.5,-0.2,-0.3003121614456177,0.06776566803455353,0.8439182476613165
4241,85,37,0.5,-0.2,-0.3042442202568054,-0.07632206380367279,0.8136983456528959
4242,85,38,0.5,-0.2,-0.29655200242996216,0.02797510288655758,0.8285334876221473
4243,85,39,0.5,-0.2,-0.32929527759552,-0.09844568371772766,0.8354902372845481
4244,85,40,0.5,-0.2,-0.3578556180000305,-0.10824117064476013,0.862749062067794
4245,85,41,0.5,-0.2,-0.2972145080566406,-0.0817587673664093,0.8059354570626003
4246,85,42,0.5,-0.2,-0.23864199221134186,-0.008309978991746902,0.7631101210258481
4247,85,43,0.5,-0.2,-0.24692271649837494,-0.041598472744226456,0.7635342744489427
4248,85,44,0.5,-0.2,-0.24670611321926117,-0.05909459665417671,0.759884433457526
4249,85,45,0.5,-0.2,-0.22547443211078644,0.01257745549082756,0.7559777286596628
4250,85,46,0.5,-0.2,-0.24329759180545807,0.022768424823880196,0.7759620358511788
4251,85,47,0.5,-0.2,-0.3752606511116028,-0.02297738566994667,0.8929827620780558
4252,85,48,0.5,-0.2,-0.15738581120967865,-0.06455971300601959,0.6711930989818199
4253,85,49,0.5,-0.2,-0.33984774351119995,-0.11273439228534698,0.8443693022431962
4254,86,0,0.6,-0.2,-0.1602882444858551,0.06128536909818649,0.8039329939790747
4255,86,1,0.6,-0.2,-0.316298246383667,0.10173417627811432,0.9646999478905425
4256,86,2,0.6,-0.2,-0.2769264578819275,0.0834932029247284,0.9216118535684452
4257,86,3,0.6,-0.2,-0.4469298720359802,0.13702327013015747,1.0998394617263463
4258,86,4,0.6,-0.2,-0.3447156548500061,0.044684041291475296,0.9758882869372929
4259,86,5,0.6,-0.2,-0.2332393079996109,0.04462543874979019,0.8684062123679205
4260,86,6,0.6,-0.2,-0.2500871419906616,0.07748088985681534,0.8942280431822642
4261,86,7,0.6,-0.2,-0.24722133576869965,0.06802576780319214,0.8886066643842991
4262,86,8,0.6,-0.2,-0.24128325283527374,0.02260548248887062,0.8702360095601663
4263,86,9,0.6,-0.2,-0.32932496070861816,0.08685721457004547,0.9725903269861159
4264,86,10,0.6,-0.2,-0.30380022525787354,0.06809304654598236,0.9427241000327133
4265,86,11,0.6,-0.2,-0.253508985042572,0.062086381018161774,0.8928420121519811
4266,86,12,0.6,-0.2,-0.29287219047546387,0.08143539726734161,0.9361766026554388
4267,86,13,0.6,-0.2,-0.28748440742492676,0.07278159260749817,0.9284602149192266
4268,86,14,0.6,-0.2,-0.3258298635482788,0.07222303748130798,0.9650214082461457
4269,86,15,0.6,-0.2,-0.34418511390686035,0.09319844841957092,0.9886611449222401
4270,86,16,0.6,-0.2,-0.27183806896209717,0.0601954385638237,0.909836955031493
4271,86,17,0.6,-0.2,-0.20119424164295197,0.052478108555078506,0.8400341708176965
4272,86,18,0.6,-0.2,-0.25191181898117065,0.05775127559900284,0.8900502611609751
4273,86,19,0.6,-0.2,-0.29517894983291626,0.057750456035137177,0.931547449038579
4274,86,20,0.6,-0.2,-0.29913896322250366,0.06782908737659454,0.9381808435636587
4275,86,21,0.6,-0.2,-0.3296200633049011,0.027787141501903534,0.9571209139563384
4276,86,22,0.6,-0.2,-0.2368384450674057,0.05418199300765991,0.8745896573320424
4277,86,23,0.6,-0.2,-0.1396852731704712,0.06981505453586578,0.787359172804551
4278,86,24,0.6,-0.2,-0.19294403493404388,0.06914599239826202,0.8373767418322099
4279,86,25,0.6,-0.2,-0.21430324018001556,0.08195263147354126,0.8617349089845012
4280,86,26,0.6,-0.2,-0.3334740400314331,0.07855893671512604,0.9741503295880298
4281,86,27,0.6,-0.2,-0.3253527283668518,0.038926515728235245,0.9557005555162198
4282,86,28,0.6,-0.2,-0.23132814466953278,0.0816846638917923,0.8777543699643537
4283,86,29,0.6,-0.2,-0.3278570771217346,0.06788016855716705,0.9657528360150462
4284,86,30,0.6,-0.2,-0.4468346834182739,0.11605478823184967,1.0935051365090689
4285,86,31,0.6,-0.2,-0.17053164541721344,0.07447907328605652,0.8179595211630774
4286,86,32,0.6,-0.2,-0.271706759929657,0.07854969799518585,0.9151298320786345
4287,86,33,0.6,-0.2,-0.24719391763210297,0.06316709518432617,0.8871270788678399
4288,86,34,0.6,-0.2,-0.2659398913383484,0.07612153887748718,0.9088976838143786
4289,86,35,0.6,-0.2,-0.23303987085819244,0.06021791696548462,0.8727363810162205
4290,86,36,0.6,-0.2,-0.35223889350891113,0.10416318476200104,0.9996370107572241
4291,86,37,0.6,-0.2,-0.2617892622947693,-0.0016368292272090912,0.8843238547758383
4292,86,38,0.6,-0.2,-0.16987109184265137,0.057517506182193756,0.8117984750203047
4293,86,39,0.6,-0.2,-0.22286884486675262,0.04543274641036987,0.8586910788303793
4294,86,40,0.6,-0.2,-0.31745511293411255,0.09460778534412384,0.9635961972913314
4295,86,41,0.6,-0.2,-0.304172158241272,0.07976449280977249,0.9464647183998932
4296,86,42,0.6,-0.2,-0.24758915603160858,0.07592305541038513,0.891370242900994
4297,86,43,0.6,-0.2,-0.1340370625257492,0.11397215723991394,0.7983664100419781
4298,86,44,0.6,-0.2,-0.2738158106803894,0.07673212885856628,0.9165886439060983
4299,86,45,0.6,-0.2,-0.30122727155685425,0.08607994019985199,0.9455434031193718
4300,86,46,0.6,-0.2,-0.3345857262611389,0.01655297726392746,0.9593464815659312
4301,86,47,0.6,-0.2,-0.2773926258087158,0.06523653864860535,0.9166069175267042
4302,86,48,0.6,-0.2,-0.27272921800613403,0.08566092699766159,0.9182910503619
4303,86,49,0.6,-0.2,-0.3430832028388977,0.09667503088712692,0.9886465503043801
4304,87,0,0.8,-0.2,-0.27844053506851196,0.18971480429172516,1.1466959563733519
4305,87,1,0.8,-0.2,0.04264070838689804,-0.1606164276599884,0.7583825962948784
4306,87,2,0.8,-0.2,-0.16299264132976532,-0.10488682985305786,0.967678325886593
4307,87,3,0.8,-0.2,-0.2844364047050476,0.12669780850410461,1.1325783742995423
4308,87,4,0.8,-0.2,-0.09310533106327057,-0.1557144820690155,0.8942026277483475
4309,87,5,0.8,-0.2,0.028423534706234932,-0.14614005386829376,0.7734540293983418
4310,87,6,0.8,-0.2,-0.10631933808326721,0.32049861550331116,1.04514762178582
4311,87,7,0.8,-0.2,-0.346327006816864,0.21845248341560364,1.2203147493308424
4312,87,8,0.8,-0.2,-0.24455247819423676,0.24635225534439087,1.135922627449927
4313,87,9,0.8,-0.2,-0.043568387627601624,-0.03106297180056572,0.8603181644609673
4314,87,10,0.8,-0.2,-0.32891160249710083,0.03587494418025017,1.1532902477453837
4315,87,11,0.8,-0.2,-0.24117164313793182,0.08532503247261047,1.0795595234307542
4316,87,12,0.8,-0.2,-0.3384137749671936,0.16515541076660156,1.195543557151801
4317,87,13,0.8,-0.2,-0.2839232087135315,-0.016359906643629074,1.0993694584969034
4318,87,14,0.8,-0.2,-0.08476777374744415,0.012104636058211327,0.9098364633819612
4319,87,15,0.8,-0.2,-0.32696443796157837,0.10532093048095703,1.1675914161297238
4320,87,16,0.8,-0.2,-0.16458837687969208,-0.09968401491641998,0.9697907164304513
4321,87,17,0.8,-0.2,-0.15557721257209778,0.13039745390415192,1.01108371895378
4322,87,18,0.8,-0.2,-0.24098701775074005,-0.02578451856970787,1.0554643551989655
4323,87,19,0.8,-0.2,-0.1396007388830185,-0.011006500571966171,0.9584195800042739
4324,87,20,0.8,-0.2,-0.3296893835067749,0.18005086481571198,1.191904678678244
4325,87,21,0.8,-0.2,-0.3303024172782898,0.07009217888116837,1.162124494018572
4326,87,22,0.8,-0.2,-0.3606058955192566,0.08577142655849457,1.1952704099706195
4327,87,23,0.8,-0.2,-0.33536314964294434,0.0421469584107399,1.1608982001169266
4328,87,24,0.8,-0.2,-0.3017846941947937,0.03649996966123581,1.126881425888137
4329,87,25,0.8,-0.2,-0.3049814701080322,0.1637902408838272,1.163326002737161
4330,87,26,0.8,-0.2,-0.23541705310344696,-0.03241703286767006,1.0488910928834805
4331,87,27,0.8,-0.2,-0.14639508724212646,0.09206074476242065,0.9904358332508028
4332,87,28,0.8,-0.2,-0.3194981813430786,-0.026035062968730927,1.1329342334605104
4333,87,29,0.8,-0.2,-0.33627545833587646,0.07691468298435211,1.1695313843025892
4334,87,30,0.8,-0.2,-0.3664442300796509,0.259590744972229,1.253720780217923
4335,87,31,0.8,-0.2,-0.30587834119796753,0.004328925162553787,1.1245964677113534
4336,87,32,0.8,-0.2,-0.3856450915336609,0.0838734358549118,1.2191547935606601
4337,87,33,0.8,-0.2,-0.27624160051345825,-0.053941745311021805,1.0861072674642045
4338,87,34,0.8,-0.2,-0.29235875606536865,0.10315676033496857,1.1336453031215157
4339,87,35,0.8,-0.2,-0.31871652603149414,0.11022976040840149,1.1609346105009657
4340,87,36,0.8,-0.2,-0.2275117188692093,0.06256739050149918,1.060529097652829
4341,87,37,0.8,-0.2,-0.2920108437538147,0.08131774514913559,1.1276645585508627
4342,87,38,0.8,-0.2,-0.32158976793289185,0.031527962535619736,1.145237444798088
4343,87,39,0.8,-0.2,-0.29878443479537964,0.19283775985240936,1.1668970561769625
4344,87,40,0.8,-0.2,-0.18101941049098969,0.1316547840833664,1.03556457044719
4345,87,41,0.8,-0.2,0.07861035317182541,-0.12976467609405518,0.7248006783075273
4346,87,42,0.8,-0.2,-0.07006926834583282,-0.23462821543216705,0.8707580863959115
4347,87,43,0.8,-0.2,-0.1285136342048645,-0.07611985504627228,0.9367410844081099
4348,87,44,0.8,-0.2,-0.20034141838550568,0.07961280643939972,1.03868487755548
4349,87,45,0.8,-0.2,-0.234273299574852,0.2646399438381195,1.1338481095911137
4350,87,46,0.8,-0.2,-0.28185588121414185,0.04721137136220932,1.1097412355357494
4351,87,47,0.8,-0.2,-0.2820119857788086,-0.016189265996217728,1.0975137007363551
4352,87,48,0.8,-0.2,-0.10270856320858002,-0.16188950836658478,0.9035126781969579
4353,88,0,1.0,-0.2,-0.028272271156311035,0.09627586603164673,1.0701043184763626
4354,88,1,1.0,-0.2,0.10185475647449493,0.18767604231834412,0.9782420928661286
4355,88,2,1.0,-0.2,-0.05194021761417389,0.12081609666347504,1.0997732444974935
4356,88,3,1.0,-0.2,-0.01395086944103241,0.14904780685901642,1.0723482350026574
4357,88,4,1.0,-0.2,0.01714414730668068,0.18900398910045624,1.0570381879145048
4358,88,5,1.0,-0.2,0.055181000381708145,0.17394651472568512,1.016129390341209
4359,88,6,1.0,-0.2,0.007884275168180466,0.17314384877681732,1.0599669538898573
4360,88,7,1.0,-0.2,0.02314772829413414,0.1366320103406906,1.0332286635217423
4361,88,8,1.0,-0.2,0.0041699595749378204,0.24018627405166626,1.0887797873199472
4362,88,9,1.0,-0.2,0.02728850394487381,0.3130542039871216,1.0997237247539313
4363,88,10,1.0,-0.2,0.059191569685935974,0.18888920545578003,1.0180153813523847
4364,88,11,1.0,-0.2,-0.2761338949203491,-0.03737564757466316,1.2864541957513842
4365,88,12,1.0,-0.2,0.030646245926618576,0.2547871172428131,1.0707371397995802
4366,88,13,1.0,-0.2,0.03289454057812691,0.18067944049835205,1.0393314226278982
4367,88,14,1.0,-0.2,-0.06613460183143616,0.08212122321128845,1.1028306188207273
4368,88,15,1.0,-0.2,-0.027174517512321472,0.09248706698417664,1.0680056993198475
4369,88,16,1.0,-0.2,0.08715012669563293,0.22519755363464355,1.007019290186978
4370,88,17,1.0,-0.2,-0.03627528250217438,0.23545047640800476,1.1240478541987968
4371,88,18,1.0,-0.2,0.09193944931030273,0.27423617243766785,1.024438339270454
4372,88,19,1.0,-0.2,-0.0037166662514209747,0.07885266840457916,1.0417321905303785
4373,88,20,1.0,-0.2,-0.03977134823799133,0.11832109093666077,1.0874064435857258
4374,88,21,1.0,-0.2,-0.09045246243476868,0.15892760455608368,1.1480050514446436
4375,88,22,1.0,-0.2,0.018036238849163055,0.2107192724943161,1.0643980218939522
4376,88,23,1.0,-0.2,-0.1304110735654831,0.17368073761463165,1.1905740165582663
4377,88,24,1.0,-0.2,-0.03261871635913849,0.18156063556671143,1.1008587248095314
4378,88,25,1.0,-0.2,-0.02354709804058075,0.2626034617424011,1.1232322220820357
4379,88,26,1.0,-0.2,-0.02085031569004059,0.22154632210731506,1.1044621626505182
4380,88,27,1.0,-0.2,-0.05401013791561127,0.19157183170318604,1.124395780058016
4381,88,28,1.0,-0.2,0.018350869417190552,0.2538220286369324,1.0814755888369032
4382,88,29,1.0,-0.2,-0.09813462197780609,0.1056886613368988,1.1398882426169172
4383,88,30,1.0,-0.2,-0.007517486810684204,0.22444215416908264,1.0932715254981302
4384,88,31,1.0,-0.2,-0.1482839435338974,0.08475582301616669,1.1830646194183028
4385,88,32,1.0,-0.2,-0.06734126806259155,0.11261047422885895,1.1121792531364056
4386,88,33,1.0,-0.2,-0.02366536855697632,0.24325257539749146,1.1155104806228398
4387,88,34,1.0,-0.2,-0.06842659413814545,0.21158331632614136,1.1449612278761503
4388,88,35,1.0,-0.2,-0.03425104171037674,0.22627829015254974,1.118654726863647
4389,88,36,1.0,-0.2,-0.03712645173072815,0.13386845588684082,1.0895409229192972
4390,88,37,1.0,-0.2,-0.033513300120830536,0.14940334856510162,1.0909777456553162
4391,88,38,1.0,-0.2,-0.12372550368309021,0.0056779272854328156,1.1423932849068426
4392,88,39,1.0,-0.2,-0.03969963639974594,0.24256353080272675,1.1299724831721965
4393,88,40,1.0,-0.2,-0.24948863685131073,0.07768961787223816,1.2799739753192547
4394,88,41,1.0,-0.2,0.006136178970336914,0.2629004120826721,1.0963767993979032
4395,88,42,1.0,-0.2,0.02590089850127697,0.25630706548690796,1.0756789472486168
4396,88,43,1.0,-0.2,-0.0316888764500618,0.24056273698806763,1.121818819156288
4397,88,44,1.0,-0.2,0.010372653603553772,0.11424469947814941,1.0383217304312686
4398,88,45,1.0,-0.2,-0.0375995934009552,0.2352627068758011,1.1251962229863186
4399,88,46,1.0,-0.2,-0.021809913218021393,0.2120238095521927,1.1017527483008707
4400,88,47,1.0,-0.2,-0.046235330402851105,0.18117141723632812,1.1135079774752914
4401,88,48,1.0,-0.2,-0.01905404031276703,0.18365943431854248,1.0888827754259862
4402,88,49,1.0,-0.2,-0.07050175964832306,0.146159827709198,1.1250780611716762
4403,89,0,-0.5,-0.1,-0.08506758511066437,-0.21966950595378876,0.431844531725388
4404,89,1,-0.5,-0.1,-0.050701066851615906,-0.2100263237953186,0.46257466776314976
4405,89,2,-0.5,-0.1,-0.0474277064204216,-0.20174477994441986,0.4638681721802203
4406,89,3,-0.5,-0.1,-0.0964658260345459,-0.20826421678066254,0.4178049427581149
4407,89,4,-0.5,-0.1,-0.14737765491008759,-0.20855702459812164,0.3689541243112841
4408,89,5,-0.5,-0.1,-0.07688450813293457,-0.20112136006355286,0.4350313194690831
4409,89,6,-0.5,-0.1,-0.13838766515254974,-0.19936585426330566,0.37501607126535386
4410,89,7,-0.5,-0.1,-0.2278759926557541,-0.2459886521100998,0.3088108837428094
4411,89,8,-0.5,-0.1,-0.15824958682060242,-0.22718875110149384,0.3646509609407971
4412,89,9,-0.5,-0.1,-0.18006834387779236,-0.23029227554798126,0.3454451355230952
4413,89,10,-0.5,-0.1,-0.22548706829547882,-0.2372010201215744,0.3068899959194039
4414,89,11,-0.5,-0.1,-0.1988082379102707,-0.22641919553279877,0.3266470427692192
4415,89,12,-0.5,-0.1,-0.07559101283550262,-0.20905621349811554,0.43819658383942367
4416,89,13,-0.5,-0.1,-0.07643713057041168,-0.2081547975540161,0.4371532506951958
4417,89,14,-0.5,-0.1,-0.10128660500049591,-0.2183433324098587,0.4159056571842957
4418,89,15,-0.5,-0.1,-0.11957228183746338,-0.20617927610874176,0.39496745109101183
4419,89,16,-0.5,-0.1,-0.11544859409332275,-0.20840290188789368,0.39953844986749193
4420,89,17,-0.5,-0.1,-0.15225517749786377,-0.22106249630451202,0.3682154119377979
4421,89,18,-0.5,-0.1,-0.08062481880187988,-0.20680569112300873,0.43276205732621664
4422,89,19,-0.5,-0.1,-0.11896321177482605,-0.20777960121631622,0.39598671242770783
4423,89,20,-0.5,-0.1,-0.11393396556377411,-0.22041936218738556,0.40441044216851013
4424,89,21,-0.5,-0.1,-0.04255057871341705,-0.21263502538204193,0.47111211189932584
4425,89,22,-0.5,-0.1,-0.0747876763343811,-0.21217302978038788,0.4397593760310595
4426,89,23,-0.5,-0.1,-0.17605379223823547,-0.2181750386953354,0.3448281967790226
4427,89,24,-0.5,-0.1,-0.06447167694568634,-0.2184063345193863,0.45133688109528497
4428,89,25,-0.5,-0.1,-0.17205269634723663,-0.22608618438243866,0.35135048009820635
4429,89,26,-0.5,-0.1,-0.15050819516181946,-0.22217218577861786,0.3702304209907311
4430,89,27,-0.5,-0.1,-0.15487287938594818,-0.22517918050289154,0.3671274392015963
4431,89,28,-0.5,-0.1,-0.08306130766868591,-0.2100031077861786,0.43120593326804285
4432,89,29,-0.5,-0.1,-0.02170032262802124,-0.2142557054758072,0.4917570005682821
4433,89,30,-0.5,-0.1,-0.12333384156227112,-0.21668823063373566,0.39432668953631345
4434,89,31,-0.5,-0.1,-0.06159534305334091,-0.2104388177394867,0.4521010680104764
4435,89,32,-0.5,-0.1,-0.1390334814786911,-0.2031434178352356,0.3754136280639375
4436,89,33,-0.5,-0.1,-0.11329716444015503,-0.20983992516994476,0.4019998659096338
4437,89,34,-0.5,-0.1,-0.07032102346420288,-0.2164195030927658,0.4451713418193231
4438,89,35,-0.5,-0.1,0.24697664380073547,-0.3389642834663391,0.784269108888264
4439,89,36,-0.5,-0.1,-0.11763909459114075,-0.2132941335439682,0.3987924556464943
4440,89,37,-0.5,-0.1,-0.10732084512710571,-0.21090643107891083,0.4080406292593321
4441,89,38,-0.5,-0.1,-0.07473759353160858,-0.20707951486110687,0.4385363575100443
4442,89,39,-0.5,-0.1,-0.1070784479379654,-0.19128243625164032,0.40338545988033947
4443,89,40,-0.5,-0.1,-0.17175479233264923,-0.2153971642255783,0.3479388191448136
4444,89,41,-0.5,-0.1,-0.10187745094299316,-0.21011410653591156,0.4130698252424775
4445,89,42,-0.5,-0.1,-0.15288658440113068,-0.19091840088367462,0.3588229074459405
4446,89,43,-0.5,-0.1,-0.19223059713840485,-0.22546811401844025,0.3323616298147654
4447,89,44,-0.5,-0.1,-0.18661880493164062,-0.21951909363269806,0.33539914604133203
4448,89,45,-0.5,-0.1,-0.14132791757583618,-0.20494812726974487,0.37371081350144625
4449,89,46,-0.5,-0.1,-0.10127362608909607,-0.20844130218029022,0.4132096771261474
4450,89,47,-0.5,-0.1,-0.18788407742977142,-0.22002799808979034,0.3343995655608835
4451,89,48,-0.5,-0.1,-0.05848657339811325,-0.20723749697208405,0.45435007056957455
4452,90,0,-0.4,-0.1,0.2878339886665344,-0.022524476051330566,0.6921835398043175
4453,90,1,-0.4,-0.1,0.24703796207904816,-0.11491735279560089,0.647209897781111
4454,90,2,-0.4,-0.1,0.23620349168777466,-0.05754875764250755,0.6376182171279385
4455,90,3,-0.4,-0.1,0.25516945123672485,-0.060214076191186905,0.6563763627425594
4456,90,4,-0.4,-0.1,0.2955164909362793,-0.12915605306625366,0.696127333606947
4457,90,5,-0.4,-0.1,0.3265233635902405,-0.11690080165863037,0.7267199150561248
4458,90,6,-0.4,-0.1,0.15319785475730896,-0.13784301280975342,0.5544907214071376
4459,90,7,-0.4,-0.1,0.3420509696006775,-0.1055673211812973,0.7420718540346625
4460,90,8,-0.4,-0.1,0.13804902136325836,-0.09596458077430725,0.5380641541659202
4461,90,9,-0.4,-0.1,0.34945952892303467,-0.04289836809039116,0.7516316796545217
4462,90,10,-0.4,-0.1,0.3475158214569092,-0.008443895727396011,0.7531018679819973
4463,90,11,-0.4,-0.1,0.22062750160694122,-0.07599622011184692,0.6210915207920591
4464,90,12,-0.4,-0.1,0.23000799119472504,-0.05978962406516075,0.631289904324498
4465,90,13,-0.4,-0.1,0.2629249095916748,-0.05066161975264549,0.664758385823423
4466,90,14,-0.4,-0.1,0.22444641590118408,-0.13842996954917908,0.6256278357709042
4467,90,15,-0.4,-0.1,0.30994313955307007,-0.07669094204902649,0.7103256813469663
4468,90,16,-0.4,-0.1,0.4134889245033264,-0.08809587359428406,0.8135760188913277
4469,90,17,-0.4,-0.1,0.3170155882835388,-0.13140921294689178,0.7177032064158083
4470,90,18,-0.4,-0.1,0.3415997624397278,-0.09056489169597626,0.7416597797638547
4471,90,19,-0.4,-0.1,0.3887020945549011,-0.11976708471775055,0.7889497649366066
4472,90,20,-0.4,-0.1,0.30228084325790405,-0.1323247253894806,0.7030243741710085
4473,90,21,-0.4,-0.1,0.3247356414794922,-0.09376367926597595,0.7247624726260243
4474,90,22,-0.4,-0.1,0.3284916281700134,-0.06933769583702087,0.729136632744769
4475,90,23,-0.4,-0.1,0.33999335765838623,-0.11379310488700867,0.7401218947720412
4476,90,24,-0.4,-0.1,0.25009092688560486,-0.14805062115192413,0.6518643075150461
4477,90,25,-0.4,-0.1,0.2919747233390808,-0.10263021290302277,0.6919797220729179
4478,90,26,-0.4,-0.1,0.33922678232192993,-0.1231832355260849,0.7395902231043161
4479,90,27,-0.4,-0.1,0.2595342695713043,-0.14401572942733765,0.6610013896929223
4480,90,28,-0.4,-0.1,0.3507259488105774,-0.12405477464199066,0.7511112317098039
4481,90,29,-0.4,-0.1,0.3721200227737427,-0.12372839450836182,0.7724845411230372
4482,90,30,-0.4,-0.1,0.2658678889274597,-0.12777937948703766,0.666447101748816
4483,90,31,-0.4,-0.1,0.3943173289299011,-0.10204455256462097,0.7943199602386448
4484,90,32,-0.4,-0.1,0.3872354030609131,-0.10037147998809814,0.7872354907077423
4485,90,33,-0.4,-0.1,0.3856610655784607,-0.12952297925949097,0.7862155660315042
4486,90,34,-0.4,-0.1,0.40499383211135864,-0.11376377940177917,0.8051114900190849
4487,90,35,-0.4,-0.1,0.39524024724960327,-0.11549121141433716,0.7953911166694622
4488,90,36,-0.4,-0.1,0.41133618354797363,-0.12971700727939606,0.8118802271615161
4489,90,37,-0.4,-0.1,0.4098251461982727,-0.08161322772502899,0.8100338516443282
4490,90,38,-0.4,-0.1,0.38027191162109375,-0.09616172313690186,0.7802813520994294
4491,90,39,-0.4,-0.1,0.4416707754135132,-0.11842134594917297,0.8418723419686406
4492,90,40,-0.4,-0.1,0.37026989459991455,-0.11718976497650146,0.7704616788308883
4493,90,41,-0.4,-0.1,0.4283900260925293,-0.09980347752571106,0.8283900494034584
4494,90,42,-0.4,-0.1,0.4561520218849182,-0.13599130511283875,0.8569081973125003
4495,90,43,-0.4,-0.1,0.3725929260253906,-0.10666492581367493,0.7726216736414897
4496,90,44,-0.4,-0.1,0.40547871589660645,-0.09681901335716248,0.8054849970287888
4497,90,45,-0.4,-0.1,0.42749249935150146,-0.13070708513259888,0.8280620517571949
4498,90,46,-0.4,-0.1,0.39733201265335083,-0.12694211304187775,0.7977870742604223
4499,90,47,-0.4,-0.1,0.4432535171508789,-0.08713202178478241,0.8433516935719492
4500,90,48,-0.4,-0.1,0.47244399785995483,-0.10578668117523193,0.8724631883815412
4501,91,0,-0.3,-0.1,-0.0940256267786026,0.09638403356075287,0.28459116476366303
4502,91,1,-0.3,-0.1,-0.038084521889686584,0.12642809748649597,0.3462216067854636
4503,91,2,-0.3,-0.1,-0.11489236354827881,0.11035457253456116,0.2802032891650998
4504,91,3,-0.3,-0.1,0.009727749973535538,0.11746764183044434,0.3784487473185284
4505,91,4,-0.3,-0.1,-0.12796299159526825,0.2099849432706833,0.3545241843871564
4506,91,5,-0.3,-0.1,0.05069206282496452,0.053575772792100906,0.38284519184276017
4507,91,6,-0.3,-0.1,-0.09087274968624115,0.16264356672763824,0.33573181256355333
4508,91,7,-0.3,-0.1,0.019985381513834,0.08815302699804306,0.37120372566971926
4509,91,8,-0.3,-0.1,-0.09782667458057404,0.18009288609027863,0.3454360698443793
4510,91,9,-0.3,-0.1,0.16168491542339325,0.25030696392059326,0.5795411375396656
4511,91,10,-0.3,-0.1,-0.08823351562023163,0.12483638525009155,0.3088631477513856
4512,91,11,-0.3,-0.1,-0.00027901679277420044,0.09975157678127289,0.36018517487718854
4513,91,12,-0.3,-0.1,-0.02484772354364395,0.13333532214164734,0.3607688287505745
4514,91,13,-0.3,-0.1,-0.11270581185817719,0.19965310394763947,0.35337104524445595
4515,91,14,-0.3,-0.1,0.029896533116698265,0.06349114328622818,0.3681861981327584
4516,91,15,-0.3,-0.1,-0.22083120048046112,0.1291961818933487,0.24248420280887148
4517,91,16,-0.3,-0.1,0.24354252219200134,0.28711074590682983,0.6673029319787113
4518,91,17,-0.3,-0.1,-0.004514176398515701,0.32772406935691833,0.5198651281406451
4519,91,18,-0.3,-0.1,0.17996537685394287,0.19318296015262604,0.5624260050019058
4520,91,19,-0.3,-0.1,0.3878660202026367,0.45613908767700195,0.8845622344366858
4521,91,20,-0.3,-0.1,0.2735576629638672,0.2795150578022003,0.6877500067925704
4522,91,21,-0.3,-0.1,0.22761598229408264,0.2918018400669098,0.6571813346801368
4523,91,22,-0.3,-0.1,0.1904965490102768,0.3502500653266907,0.6658167810424126
4524,91,23,-0.3,-0.1,-0.07044556736946106,0.22475242614746094,0.3976925644627904
4525,91,24,-0.3,-0.1,-0.0008535012602806091,0.08123604953289032,0.34976439692816247
4526,91,25,-0.3,-0.1,0.01706187054514885,0.2779126465320587,0.49330132592813236
4527,91,26,-0.3,-0.1,-0.004436332732439041,0.2509171962738037,0.4588036181737419
4528,91,27,-0.3,-0.1,-0.03969407081604004,0.24493922293186188,0.43213683514040024
4529,91,28,-0.3,-0.1,0.08954453468322754,0.1519964039325714,0.4639473376327532
4530,91,29,-0.3,-0.1,0.03491303324699402,0.10226073861122131,0.39124946801530464
4531,91,30,-0.3,-0.1,-0.0559709370136261,0.06513457745313644,0.29465167953472376
4532,91,31,-0.3,-0.1,-0.029580458998680115,0.1235797107219696,0.3508769231538092
4533,91,32,-0.3,-0.1,-0.0822945386171341,0.16418278217315674,0.3423276359172249
4534,91,33,-0.3,-0.1,-0.15767453610897064,0.14105118811130524,0.27993251501329486
4535,91,34,-0.3,-0.1,-0.018667221069335938,0.17204274237155914,0.391350720170397
4536,91,35,-0.3,-0.1,0.06884027272462845,0.23966561257839203,0.5014138761061889
4537,91,36,-0.3,-0.1,-0.039293549954891205,0.17593435943126678,0.37961509955462297
4538,91,37,-0.3,-0.1,0.050063490867614746,0.16666483879089355,0.44006202277155637
4539,91,38,-0.3,-0.1,-0.04564012587070465,0.27270153164863586,0.45122652543961783
4540,91,39,-0.3,-0.1,-0.14805184304714203,0.11587437987327576,0.2639886177225104
4541,91,40,-0.3,-0.1,-0.0019197911024093628,0.2864031493663788,0.48801557841598386
4542,91,41,-0.3,-0.1,-0.08089491724967957,0.15500661730766296,0.33620739456133564
4543,91,42,-0.3,-0.1,-0.1404712051153183,0.1978924572467804,0.3379191508066445
4544,91,43,-0.3,-0.1,-0.18316848576068878,0.13011138141155243,0.25807140596079864
4545,91,44,-0.3,-0.1,-0.12875914573669434,0.20929233729839325,0.35353243144063845
4546,91,45,-0.3,-0.1,-0.07507723569869995,0.2616320252418518,0.42587318720654566
4547,91,46,-0.3,-0.1,-0.11328639090061188,0.18022945523262024,0.33673508787010925
4548,91,47,-0.3,-0.1,-0.17588688433170319,0.1475403755903244,0.2769120853778161
4549,91,48,-0.3,-0.1,0.21637248992919922,0.16540038585662842,0.5805841137755392
4550,92,0,-0.2,-0.1,-0.026046842336654663,-0.2545240521430969,0.23267441576540215
4551,92,1,-0.2,-0.1,0.018341433256864548,-0.24399630725383759,0.261549073749848
4552,92,2,-0.2,-0.1,0.024491529911756516,-0.22481445968151093,0.2568561783327561
4553,92,3,-0.2,-0.1,0.01984419673681259,-0.19340623915195465,0.23886438903982005
4554,92,4,-0.2,-0.1,0.042442724108695984,-0.21193262934684753,0.26703443221005047
4555,92,5,-0.2,-0.1,0.08190053701400757,-0.21473786234855652,0.30435618906981693
4556,92,6,-0.2,-0.1,0.013184696435928345,-0.2430468648672104,0.25672966393234903
4557,92,7,-0.2,-0.1,-0.03565433621406555,-0.23654945194721222,0.21367089186953714
4558,92,8,-0.2,-0.1,0.11898962408304214,-0.19545109570026398,0.3329644004139504
4559,92,9,-0.2,-0.1,0.05638960748910904,-0.1967553198337555,0.27403872489951436
4560,92,10,-0.2,-0.1,-0.008119046688079834,-0.1810893714427948,0.20831175292066176
4561,92,11,-0.2,-0.1,0.07136718183755875,-0.19165392220020294,0.2864272836744774
4562,92,12,-0.2,-0.1,0.04472482576966286,-0.1892549842596054,0.26049317181679493
4563,92,13,-0.2,-0.1,0.028025904670357704,-0.2148989886045456,0.25533818904167577
4564,92,14,-0.2,-0.1,0.08495499193668365,-0.2106408327817917,0.3056807833480604
4565,92,15,-0.2,-0.1,0.0846349447965622,-0.20863360166549683,0.30466097749820187
4566,92,16,-0.2,-0.1,-0.05887722969055176,-0.2513829171657562,0.20695995726088537
4567,92,17,-0.2,-0.1,0.0156024731695652,-0.19700254499912262,0.23641895053726106
4568,92,18,-0.2,-0.1,0.00017812475562095642,-0.22653277218341827,0.23681601311376263
4569,92,19,-0.2,-0.1,0.06193436309695244,-0.18953484296798706,0.2768141952218279
4570,92,20,-0.2,-0.1,0.01869167387485504,-0.21916498243808746,0.24905088086906188
4571,92,21,-0.2,-0.1,0.11857392638921738,-0.20885469019412994,0.3366581205797693
4572,92,22,-0.2,-0.1,0.1325482428073883,-0.19403903186321259,0.34558887902832175
4573,92,23,-0.2,-0.1,0.08185569196939468,-0.19498136639595032,0.2974291361954778
4574,92,24,-0.2,-0.1,0.1045655757188797,-0.1961161196231842,0.3193720375430368
4575,92,25,-0.2,-0.1,-0.0518646314740181,-0.2535288333892822,0.2133428932263797
4576,92,26,-0.2,-0.1,0.03971588984131813,-0.20686067640781403,0.2624555429110814
4577,92,27,-0.2,-0.1,0.1116253137588501,-0.2080688774585724,0.3298321064579034
4578,92,28,-0.2,-0.1,0.024613311514258385,-0.16756287217140198,0.23455464481747207
4579,92,29,-0.2,-0.1,0.016847990453243256,-0.20642925798892975,0.24155793905331294
4580,92,30,-0.2,-0.1,0.021751217544078827,-0.24775518476963043,0.2664680039115184
4581,92,31,-0.2,-0.1,0.11249412596225739,-0.20939795672893524,0.33108985441626143
4582,92,32,-0.2,-0.1,-0.009162180125713348,-0.20435674488544464,0.21750724975838495
4583,92,33,-0.2,-0.1,-0.029152415692806244,-0.24005137383937836,0.2209146540587586
4584,92,34,-0.2,-0.1,0.00532425194978714,-0.22753717005252838,0.24171011187732136
4585,92,35,-0.2,-0.1,-0.016194291412830353,-0.20457662642002106,0.21147295170452457
4586,92,36,-0.2,-0.1,-0.05005031079053879,-0.23679207265377045,0.20297039300087197
4587,92,37,-0.2,-0.1,0.11199666559696198,-0.20597195625305176,0.3295026173730965
4588,92,38,-0.2,-0.1,0.017892587929964066,-0.2000845968723297,0.23977928685754712
4589,92,39,-0.2,-0.1,0.051309600472450256,-0.1795564442873001,0.26360148542309253
4590,92,40,-0.2,-0.1,0.028900986537337303,-0.22637377679347992,0.26146891421125873
4591,92,41,-0.2,-0.1,0.08512482047080994,-0.19335868954658508,0.30002001293641606
4592,92,42,-0.2,-0.1,0.10693304240703583,-0.18339817225933075,0.3180615469644771
4593,92,43,-0.2,-0.1,-0.027081042528152466,-0.1850641369819641,0.19270929726828692
4594,92,44,-0.2,-0.1,0.06669370085000992,-0.20267513394355774,0.2857756343766944
4595,92,45,-0.2,-0.1,-0.010484814643859863,-0.20393668115139008,0.21614541209412214
4596,92,46,-0.2,-0.1,0.06388843804597855,-0.2007031887769699,0.282450420364701
4597,92,47,-0.2,-0.1,0.07974634319543839,-0.20285648107528687,0.29805615616928777
4598,92,48,-0.2,-0.1,0.003833245486021042,-0.21670956909656525,0.23488106667858621
4599,92,49,-0.2,-0.1,0.022902000695466995,-0.1897665411233902,0.24029842658515116
4600,93,0,-0.1,-0.1,0.08342379331588745,-0.05309303477406502,0.18932657325662575
4601,93,1,-0.1,-0.1,0.08108574151992798,-0.024049460887908936,0.19636835328850585
4602,93,2,-0.1,-0.1,0.07120662927627563,-0.036716166883707047,0.18252822642548988
4603,93,3,-0.1,-0.1,0.10041718930006027,-0.011253252625465393,0.21918721435452312
4604,93,4,-0.1,-0.1,0.0827113687992096,-0.027861859649419785,0.19643664521091983
4605,93,5,-0.1,-0.1,0.0806240439414978,-0.07673819363117218,0.18211577879283544
4606,93,6,-0.1,-0.1,0.0745803564786911,-0.02323951944708824,0.19071044083358626
4607,93,7,-0.1,-0.1,0.04556841030716896,-0.05529886856675148,0.15227722492470389
4608,93,8,-0.1,-0.1,0.06172015890479088,-0.04471810534596443,0.17090786310971975
4609,93,9,-0.1,-0.1,0.07032089680433273,-0.034574221819639206,0.18245476244466172
4610,93,10,-0.1,-0.1,0.08208876848220825,-0.03492850437760353,0.19336654092655947
4611,93,11,-0.1,-0.1,0.09321942925453186,-0.0313398502767086,0.20505600211033043
4612,93,12,-0.1,-0.1,0.06831027567386627,-0.049919385462999344,0.17560300922767955
4613,93,13,-0.1,-0.1,0.05814794450998306,-0.07210727035999298,0.1605888436956416
4614,93,14,-0.1,-0.1,0.058573510497808456,-0.050021376460790634,0.16626310788167226
4615,93,15,-0.1,-0.1,0.07073985040187836,-0.045170512050390244,0.17932754742111487
4616,93,16,-0.1,-0.1,0.08786021918058395,-0.0129820816218853,0.20703521456369994
4617,93,17,-0.1,-0.1,0.011492028832435608,-0.15089131891727448,0.12255773673788363
4618,93,18,-0.1,-0.1,0.07708105444908142,-0.03729939088225365,0.18785384273028582
4619,93,19,-0.1,-0.1,0.060513418167829514,-0.059668924659490585,0.16550272822537504
4620,93,20,-0.1,-0.1,0.1406526416540146,-0.15954367816448212,0.24790954710218602
4621,93,21,-0.1,-0.1,0.09955036640167236,-0.007104851305484772,0.22011328306582906
4622,93,22,-0.1,-0.1,0.07189713418483734,-0.05462249740958214,0.17778566444543092
4623,93,23,-0.1,-0.1,0.08268503844738007,-0.09160099923610687,0.18287800984905925
4624,93,24,-0.1,-0.1,0.148079514503479,-0.04703753814101219,0.2536699979943363
4625,93,25,-0.1,-0.1,0.11586984992027283,-0.0086267851293087,0.23441172432369214
4626,93,26,-0.1,-0.1,0.09082681685686111,-0.017802394926548004,0.2077770928459949
4627,93,27,-0.1,-0.1,0.03305122256278992,-0.05578906461596489,0.14020426039526895
4628,93,28,-0.1,-0.1,0.08017031848430634,-0.04794279858469963,0.18754011805992213
4629,93,29,-0.1,-0.1,0.10057758539915085,-0.005215007811784744,0.22184580795830622
4630,93,30,-0.1,-0.1,0.0628495067358017,-0.04474860057234764,0.1719670869172584
4631,93,31,-0.1,-0.1,0.08053455501794815,-0.03483464941382408,0.19193553207404765
4632,93,32,-0.1,-0.1,0.0781848132610321,-0.037371303886175156,0.18887080572123024
4633,93,33,-0.1,-0.1,0.06107063591480255,-0.04824717715382576,0.1691806857373098
4634,93,34,-0.1,-0.1,0.07337584346532822,-0.06235615536570549,0.17741545066922695
4635,93,35,-0.1,-0.1,0.10740801692008972,-0.00801638513803482,0.22688999732425089
4636,93,36,-0.1,-0.1,0.08811753243207932,-0.02451770380139351,0.20269628276746612
4637,93,37,-0.1,-0.1,0.049432121217250824,-0.04405615106225014,0.15956087579810072
4638,93,38,-0.1,-0.1,0.04999782145023346,-0.062357958406209946,0.15464885946933052
4639,93,39,-0.1,-0.1,0.09161348640918732,-0.015329994261264801,0.20948684456471547
4640,93,40,-0.1,-0.1,0.054854441434144974,-0.04790225252509117,0.16338321004264914
4641,93,41,-0.1,-0.1,0.08579117059707642,-0.036874864250421524,0.19622217467767158
4642,93,42,-0.1,-0.1,0.05121270939707756,-0.051890257745981216,0.1586815388851304
4643,93,43,-0.1,-0.1,0.08409573882818222,-0.020294036716222763,0.2006097745317738
4644,93,44,-0.1,-0.1,0.05897070840001106,-0.061637211591005325,0.16353406270167278
4645,93,45,-0.1,-0.1,0.06510058790445328,-0.04193068668246269,0.17501499728756512
4646,93,46,-0.1,-0.1,0.05247920751571655,-0.05440431460738182,0.15915047989573758
4647,93,47,-0.1,-0.1,0.061775464564561844,-0.04684228077530861,0.17028518446491736
4648,93,48,-0.1,-0.1,0.06268779933452606,-0.036093901842832565,0.17478932871884525
4649,93,49,-0.1,-0.1,0.07734505832195282,-0.03081076219677925,0.19036391553812784
4650,94,0,0.0,-0.1,-0.04220159351825714,-0.10151001811027527,0.042228599907806114
4651,94,1,0.0,-0.1,-0.030107460916042328,-0.12308995425701141,0.03794212949218712
4652,94,2,0.0,-0.1,-0.02145877480506897,-0.1548127830028534,0.058863572747944515
4653,94,3,0.0,-0.1,-0.006469890475273132,-0.13742747902870178,0.03798257059765625
4654,94,4,0.0,-0.1,-0.0024565644562244415,-0.13885410130023956,0.038931682429312796
4655,94,5,0.0,-0.1,-0.018768273293972015,-0.1525740623474121,0.05582365192413336
4656,94,6,0.0,-0.1,-0.03254837542772293,-0.12419140338897705,0.04055392386578897
4657,94,7,0.0,-0.1,-0.036606550216674805,-0.10295717418193817,0.03672580016702503
4658,94,8,0.0,-0.1,-0.04062316566705704,-0.09713789820671082,0.04072386542911061
4659,94,9,0.0,-0.1,-0.03124459832906723,-0.13265909254550934,0.045197801391670525
4660,94,10,0.0,-0.1,-0.014669254422187805,-0.15237464010715485,0.05439016410764789
4661,94,11,0.0,-0.1,-0.007624350488185883,-0.13887152075767517,0.039612193152879976
4662,94,12,0.0,-0.1,-0.006913505494594574,-0.14556054770946503,0.04608210136061753
4663,94,13,0.0,-0.1,-0.029966875910758972,-0.14624850451946259,0.055108418795476045
4664,94,14,0.0,-0.1,-0.0325310081243515,-0.1183885782957077,0.03736852019178704
4665,94,15,0.0,-0.1,-0.04008364677429199,-0.1028701514005661,0.04018627262870221
4666,94,16,0.0,-0.1,-0.033432960510253906,-0.11572417616844177,0.036946076444683396
4667,94,17,0.0,-0.1,-0.03179541230201721,-0.1445283442735672,0.05471491284102162
4668,94,18,0.0,-0.1,-0.014770090579986572,-0.149119570851326,0.05129218085010074
4669,94,19,0.0,-0.1,-0.01225762814283371,-0.14165431261062622,0.04342040081288706
4670,94,20,0.0,-0.1,-0.014735430479049683,-0.1521359533071518,0.054178321666958434
4671,94,21,0.0,-0.1,-0.036965712904930115,-0.14207889139652252,0.05600979406969868
4672,94,22,0.0,-0.1,-0.035580478608608246,-0.113040030002594,0.03789476006634929
4673,94,23,0.0,-0.1,-0.040576569736003876,-0.10484135150909424,0.04086436951643075
4674,94,24,0.0,-0.1,-0.029766589403152466,-0.12446273863315582,0.038528890798074665
4675,94,25,0.0,-0.1,-0.02125576138496399,-0.1532520204782486,0.05733746660840827
4676,94,26,0.0,-0.1,-0.008233189582824707,-0.1477941870689392,0.048498141493128255
4677,94,27,0.0,-0.1,-0.003200918436050415,-0.13930480182170868,0.039434925194274696
4678,94,28,0.0,-0.1,-0.02065446227788925,-0.15554876625537872,0.05926442646717718
4679,94,29,0.0,-0.1,-0.03451716899871826,-0.1287754625082016,0.04493842674423519
4680,94,30,0.0,-0.1,-0.034934818744659424,-0.11255735158920288,0.03712315503371263
4681,94,31,0.0,-0.1,-0.040338315069675446,-0.110105499625206,0.041584862454208546
4682,94,32,0.0,-0.1,-0.03688929229974747,-0.13154591619968414,0.048538280926024795
4683,94,33,0.0,-0.1,-0.01977868378162384,-0.15299338102340698,0.05656407662488146
4684,94,34,0.0,-0.1,-0.010340802371501923,-0.14197255671024323,0.04322762670423907
4685,94,35,0.0,-0.1,-0.01019173115491867,-0.14595377445220947,0.047070381030311186
4686,94,36,0.0,-0.1,-0.02648143470287323,-0.1460258513689041,0.0531003331265915
4687,94,37,0.0,-0.1,-0.02996305376291275,-0.12279288470745087,0.0376470474816598
4688,94,38,0.0,-0.1,-0.03290891647338867,-0.10967250168323517,0.03430093398531094
4689,94,39,0.0,-0.1,-0.02935178577899933,-0.12077470123767853,0.035959915738653626
4690,94,40,0.0,-0.1,-0.027507834136486053,-0.14509351551532745,0.052821454735850516
4691,94,41,0.0,-0.1,-0.015363037586212158,-0.15115423500537872,0.053411409669291456
4692,94,42,0.0,-0.1,-0.013794288039207458,-0.14703069627285004,0.04901192481853464
4693,94,43,0.0,-0.1,-0.021289296448230743,-0.15464794635772705,0.05864837750848409
4694,94,44,0.0,-0.1,-0.03309832513332367,-0.1419641226530075,0.053446110397931325
4695,94,45,0.0,-0.1,-0.03902369737625122,-0.12149375677108765,0.0445514369807295
4696,94,46,0.0,-0.1,-0.03474721312522888,-0.1152588278055191,0.03794997557270045
4697,94,47,0.0,-0.1,-0.03389287739992142,-0.12974423170089722,0.04509375187232442
4698,94,48,0.0,-0.1,-0.02683877944946289,-0.1563817709684372,0.06244376814281965
4699,94,49,0.0,-0.1,-0.016986705362796783,-0.15084463357925415,0.053607134999840156
4700,95,0,0.1,-0.1,0.1297554075717926,-0.09947392344474792,0.029760057733570985
4701,95,1,0.1,-0.1,0.16144271194934845,-0.08924344182014465,0.06237716245203223
4702,95,2,0.1,-0.1,0.11285099387168884,-0.07320617139339447,0.029716279963857138
4703,95,3,0.1,-0.1,0.14090247452259064,-0.08010005950927734,0.045486482097492204
4704,95,4,0.1,-0.1,0.1539825201034546,-0.12051646411418915,0.05774978594305514
4705,95,5,0.1,-0.1,0.1576417088508606,-0.10369884967803955,0.05776026392069303
4706,95,6,0.1,-0.1,0.13768208026885986,-0.14185965061187744,0.05632201632343473
4707,95,7,0.1,-0.1,0.13815169036388397,-0.15340504050254822,0.0656326887206405
4708,95,8,0.1,-0.1,0.16734234988689423,-0.07355886697769165,0.07234725705783383
4709,95,9,0.1,-0.1,0.14360570907592773,-0.1153755784034729,0.046237066032089325
4710,95,10,0.1,-0.1,0.11937863379716873,-0.13360446691513062,0.038791644003507736
4711,95,11,0.1,-0.1,0.12535375356674194,-0.09039774537086487,0.02711118060663952
4712,95,12,0.1,-0.1,0.14435158669948578,-0.07691808044910431,0.04999838250299728
4713,95,13,0.1,-0.1,0.1420843005180359,-0.09237077832221985,0.04277023934350924
4714,95,14,0.1,-0.1,0.14490839838981628,-0.10068687796592712,0.04491365101256554
4715,95,15,0.1,-0.1,0.13826492428779602,-0.06786471605300903,0.04996879931621829
4716,95,16,0.1,-0.1,0.14704927802085876,-0.09019330143928528,0.048060440061913574
4717,95,17,0.1,-0.1,0.1471531093120575,-0.08563652634620667,0.04929224171406752
4718,95,18,0.1,-0.1,0.14009052515029907,-0.07233569025993347,0.04870897494529219
4719,95,19,0.1,-0.1,0.1401294469833374,-0.09852798283100128,0.040156435969023865
4720,95,20,0.1,-0.1,0.16758781671524048,-0.08359277248382568,0.06955077341842035
4721,95,21,0.1,-0.1,0.14915978908538818,-0.10068191587924957,0.04916451842727866
4722,95,22,0.1,-0.1,0.14980822801589966,-0.1063585877418518,0.050212460765776845
4723,95,23,0.1,-0.1,0.09694558382034302,-0.14311374723911285,0.04322180768080693
4724,95,24,0.1,-0.1,0.09631682187318802,-0.12739889323711395,0.027645345932590437
4725,95,25,0.1,-0.1,0.16590306162834167,-0.08420893549919128,0.06776851223140214
4726,95,26,0.1,-0.1,0.12118053436279297,-0.12304170429706573,0.03129752662442946
4727,95,27,0.1,-0.1,0.11283900588750839,-0.10973995923995972,0.016115423611421188
4728,95,28,0.1,-0.1,0.14450882375240326,-0.09090669453144073,0.045428224664486136
4729,95,29,0.1,-0.1,0.1277851164340973,-0.16507288813591003,0.0707565789563416
4730,95,30,0.1,-0.1,0.1328732967376709,-0.157865509390831,0.06655126456697358
4731,95,31,0.1,-0.1,0.14380602538585663,-0.11294376850128174,0.04567832093149975
4732,95,32,0.1,-0.1,0.1395341157913208,-0.12131363153457642,0.044913441201863503
4733,95,33,0.1,-0.1,0.14150148630142212,-0.11507363617420197,0.04415413766273029
4734,95,34,0.1,-0.1,0.14987647533416748,-0.09781450033187866,0.04992433475329616
4735,95,35,0.1,-0.1,0.1582530438899994,-0.0958252102136612,0.058402448512115596
4736,95,36,0.1,-0.1,0.14640411734580994,-0.10036243498325348,0.04640553270635716
4737,95,37,0.1,-0.1,0.1429792195558548,-0.11732618510723114,0.04634015541623063
4738,95,38,0.1,-0.1,0.15434297919273376,-0.08768495917320251,0.05572090826707317
4739,95,39,0.1,-0.1,0.14864720404148102,-0.09449000656604767,0.04895825250859843
4740,95,40,0.1,-0.1,0.1416504979133606,-0.11714783310890198,0.04504233738119737
4741,95,41,0.1,-0.1,0.1406777799129486,-0.10219743847846985,0.040737090157655406
4742,95,42,0.1,-0.1,0.15217846632003784,-0.1050107330083847,0.052418506205276764
4743,95,43,0.1,-0.1,0.13889658451080322,-0.1359049677848816,0.05293496952147457
4744,95,44,0.1,-0.1,0.15211373567581177,-0.0999022126197815,0.05211382742094564
4745,95,45,0.1,-0.1,0.15075579285621643,-0.10503734648227692,0.05100515040704868
4746,95,46,0.1,-0.1,0.15412157773971558,-0.12756648659706116,0.06073760252382397
4747,95,47,0.1,-0.1,0.14280952513217926,-0.11558213829994202,0.04555720004610914
4748,95,48,0.1,-0.1,0.14918674528598785,-0.08237573504447937,0.05224892943449694
4749,95,49,0.1,-0.1,0.14931239187717438,-0.08769670128822327,0.0508240410813546
4750,96,0,0.2,-0.1,0.05544101819396019,-0.0975656807422638,0.1445794768666962
4751,96,1,0.2,-0.1,0.06967982649803162,-0.0708780586719513,0.13353439664856936
4752,96,2,0.2,-0.1,0.06559690833091736,-0.24784328043460846,0.19980447097068202
4753,96,3,0.2,-0.1,0.07608002424240112,-0.07065904140472412,0.12734619053216154
4754,96,4,0.2,-0.1,0.08255826681852341,-0.05543321743607521,0.12561352952914465
4755,96,5,0.2,-0.1,0.06291316449642181,-0.07042323052883148,0.1402411699920382
4756,96,6,0.2,-0.1,0.07861758768558502,-0.05144967511296272,0.1307318785373465
4757,96,7,0.2,-0.1,0.06903785467147827,-0.061812203377485275,0.13641624287426846
4758,96,8,0.2,-0.1,0.06951798498630524,-0.08448262512683868,0.13140146561202537
4759,96,9,0.2,-0.1,0.047119494527578354,-0.10072886943817139,0.1528822429327914
4760,96,10,0.2,-0.1,0.06918679177761078,-0.0678403228521347,0.1347083526723161
4761,96,11,0.2,-0.1,0.07200637459754944,-0.06912274658679962,0.13166538239797823
4762,96,12,0.2,-0.1,0.051286932080984116,-0.09694316983222961,0.1487444815129638
4763,96,13,0.2,-0.1,0.08300859481096268,-0.04668721184134483,0.12856610077837452
4764,96,14,0.2,-0.1,0.07042339444160461,-0.06833046674728394,0.1333906145292122
4765,96,15,0.2,-0.1,0.06515597552061081,-0.07178351283073425,0.13776458574674208
4766,96,16,0.2,-0.1,0.07786102592945099,-0.04826892539858818,0.13264250098073047
4767,96,17,0.2,-0.1,0.1013028472661972,-0.03687692806124687,0.11715651995832159
4768,96,18,0.2,-0.1,0.05768163502216339,-0.06847536563873291,0.14576803346953782
4769,96,19,0.2,-0.1,0.07679140567779541,-0.053902436047792435,0.13154977429544096
4770,96,20,0.2,-0.1,0.07159407436847687,-0.0860518366098404,0.12916126741111997
4771,96,21,0.2,-0.1,0.07255000621080399,-0.06229998543858528,0.13290896137882122
4772,96,22,0.2,-0.1,0.061262957751750946,-0.06642691791057587,0.14274144013836929
4773,96,23,0.2,-0.1,0.07686638832092285,-0.04518795385956764,0.13478221962571565
4774,96,24,0.2,-0.1,0.09581020474433899,-0.0298575721681118,0.12560045229842212
4775,96,25,0.2,-0.1,0.08069156855344772,-0.04035046324133873,0.13338878907074442
4776,96,26,0.2,-0.1,0.08194881677627563,-0.04342610761523247,0.13090717001021984
4777,96,27,0.2,-0.1,0.07719522714614868,-0.052933309227228165,0.1315153436523121
4778,96,28,0.2,-0.1,0.08802442252635956,-0.041169147938489914,0.1264895217195422
4779,96,29,0.2,-0.1,0.06444961577653885,-0.06778547167778015,0.13932581418441828
4780,96,30,0.2,-0.1,0.06619429588317871,-0.07983145117759705,0.13531717117867925
4781,96,31,0.2,-0.1,0.059707410633563995,-0.07691149413585663,0.142179779624875
4782,96,32,0.2,-0.1,0.0517975315451622,-0.07525932788848877,0.15025336106935014
4783,96,33,0.2,-0.1,0.09708569943904877,-0.048957135528326035,0.11487700933356286
4784,96,34,0.2,-0.1,0.08968967199325562,-0.04784340038895607,0.12201917614843286
4785,96,35,0.2,-0.1,0.05315922945737839,-0.08280511200428009,0.14784409378374302
4786,96,36,0.2,-0.1,0.08675086498260498,-0.04466891661286354,0.12604322818375613
4787,96,37,0.2,-0.1,0.07936210930347443,-0.055627595633268356,0.12853953065493742
4788,96,38,0.2,-0.1,0.06234162673354149,-0.06357209384441376,0.1423966996711926
4789,96,39,0.2,-0.1,0.07320697605609894,-0.05446764454245567,0.13472069742378429
4790,96,40,0.2,-0.1,0.14275218546390533,-0.2608140707015991,0.17069996369296045
4791,96,41,0.2,-0.1,0.07817055284976959,-0.050091277807950974,0.13165597116642266
4792,96,42,0.2,-0.1,0.0825180932879448,-0.048436637967824936,0.1282995662843846
4793,96,43,0.2,-0.1,0.07799715548753738,-0.05494717136025429,0.1300555705749447
4794,96,44,0.2,-0.1,0.08099605143070221,-0.048787135630846024,0.1295557688872921
4795,96,45,0.2,-0.1,0.07141835242509842,-0.05512715503573418,0.13618668183145968
4796,96,46,0.2,-0.1,0.054067812860012054,-0.09600299596786499,0.14598691477215817
4797,96,47,0.2,-0.1,0.07922281324863434,-0.051238249987363815,0.13024913475286154
4798,96,48,0.2,-0.1,0.07467514276504517,-0.05597810819745064,0.1328316483329074
4799,96,49,0.2,-0.1,0.07680291682481766,-0.05883057042956352,0.12989396919806528
4800,97,0,0.3,-0.1,-0.008240006864070892,-0.127264142036438,0.309443428226462
4801,97,1,0.3,-0.1,-0.027945660054683685,-0.11130073666572571,0.3281403093158325
4802,97,2,0.3,-0.1,-0.005318429321050644,-0.13978570699691772,0.3078997332969257
4803,97,3,0.3,-0.1,-0.06729185581207275,-0.1696327030658722,0.373834215504863
4804,97,4,0.3,-0.1,-0.01005999743938446,-0.1357479691505432,0.3121139524444546
4805,97,5,0.3,-0.1,0.011425424367189407,-0.14257380366325378,0.291698156422035
4806,97,6,0.3,-0.1,-0.007735252380371094,-0.15315844118595123,0.3122928200054092
4807,97,7,0.3,-0.1,-0.020530298352241516,-0.12613406777381897,0.321593939091183
4808,97,8,0.3,-0.1,0.00922488421201706,-0.13264064490795135,0.2926014006485988
4809,97,9,0.3,-0.1,0.02309602126479149,-0.13423089683055878,0.2790117698901126
4810,97,10,0.3,-0.1,-0.013528726994991302,-0.12821510434150696,0.3147957349839764
4811,97,11,0.3,-0.1,-0.034503549337387085,-0.1281132698059082,0.33568285696247513
4812,97,12,0.3,-0.1,-0.0022875219583511353,-0.14931458234786987,0.3062836495209391
4813,97,13,0.3,-0.1,-0.012382641434669495,-0.13062474131584167,0.3138802151304913
4814,97,14,0.3,-0.1,-0.04269082099199295,-0.1339825540781021,0.3443716201632145
4815,97,15,0.3,-0.1,-0.06272899359464645,-0.13094207644462585,0.3640463361838574
4816,97,16,0.3,-0.1,-0.009456701576709747,-0.14737191796302795,0.31306157343601376
4817,97,17,0.3,-0.1,-0.00697663426399231,-0.11625413596630096,0.3074066539944441
4818,97,18,0.3,-0.1,-0.019041210412979126,-0.1277783066034317,0.32024822912786427
4819,97,19,0.3,-0.1,-0.01279865950345993,-0.10491596162319183,0.3128372868854385
4820,97,20,0.3,-0.1,-0.039142854511737823,-0.14444363117218018,0.34204255892818153
4821,97,21,0.3,-0.1,-0.05384000390768051,-0.14437235891819,0.3566113495128163
4822,97,22,0.3,-0.1,-0.010900914669036865,-0.10691946744918823,0.3109779056007422
4823,97,23,0.3,-0.1,-0.00946730375289917,-0.13209401071071625,0.31112704417261566
4824,97,24,0.3,-0.1,-0.03230492025613785,-0.12208937108516693,0.3330382865998688
4825,97,25,0.3,-0.1,0.003982666879892349,-0.1483580470085144,0.2999412646136214
4826,97,26,0.3,-0.1,-0.03455934673547745,-0.10636481642723083,0.3346198849085657
4827,97,27,0.3,-0.1,-0.026410795748233795,-0.14366596937179565,0.3293185759445917
4828,97,28,0.3,-0.1,-0.0187213271856308,-0.144158735871315,0.3217658750655863
4829,97,29,0.3,-0.1,0.014180056750774384,-0.1479797512292862,0.2898190754367537
4830,97,30,0.3,-0.1,-0.02827560156583786,-0.11997245252132416,0.3288826073892161
4831,97,31,0.3,-0.1,-0.06258420646190643,-0.13815264403820038,0.36458597205969956
4832,97,32,0.3,-0.1,-0.018413253128528595,-0.11695657670497894,0.3188644308502349
4833,97,33,0.3,-0.1,-0.05705004930496216,-0.14139004051685333,0.3594410565901768
4834,97,34,0.3,-0.1,-0.05955570936203003,-0.14014211297035217,0.36178957609162415
4835,97,35,0.3,-0.1,-0.06526771187782288,-0.135464146733284,0.36698529540566077
4836,97,36,0.3,-0.1,-0.03469546139240265,-0.11724314093589783,0.33513934085094893
4837,97,37,0.3,-0.1,-0.05934219807386398,-0.13922299444675446,0.36147649800495496
4838,97,38,0.3,-0.1,-0.10958504676818848,-0.10771317780017853,0.4096576664092548
4839,97,39,0.3,-0.1,-0.040898844599723816,-0.12403856217861176,0.3417453360633348
4840,97,40,0.3,-0.1,-0.03543930500745773,-0.12057553231716156,0.3360697544766872
4841,97,41,0.3,-0.1,-0.011216416954994202,-0.13072806596755981,0.3127297111251368
4842,97,42,0.3,-0.1,0.004188131541013718,-0.13283738493919373,0.2976288886698356
4843,97,43,0.3,-0.1,-0.028714649379253387,-0.12100166082382202,0.3293848667954925
4844,97,44,0.3,-0.1,-0.017569534480571747,-0.14600443840026855,0.32088443025913727
4845,97,45,0.3,-0.1,-0.012577205896377563,-0.13109159469604492,0.31411971747524786
4846,97,46,0.3,-0.1,-0.016600102186203003,-0.12660972774028778,0.31771638660089035
4847,97,47,0.3,-0.1,-0.013667881488800049,-0.14009656012058258,0.316220293484108
4848,97,48,0.3,-0.1,0.0030483976006507874,-0.14905992150306702,0.3009769593597295
4849,97,49,0.3,-0.1,-0.04621943086385727,-0.1419059932231903,0.34874633557317175
4850,98,0,0.4,-0.1,0.020082987844944,0.026407841593027115,0.4003946534870725
4851,98,1,0.4,-0.1,-0.007207989692687988,-0.05701110139489174,0.409470868649823
4852,98,2,0.4,-0.1,-0.04956365376710892,-0.1405971348285675,0.4513929620017595
4853,98,3,0.4,-0.1,-0.02297724038362503,-0.11064796149730682,0.42311124419778195
4854,98,4,0.4,-0.1,-0.03210603445768356,-0.10740359127521515,0.4321694553974347
4855,98,5,0.4,-0.1,7.440894842147827e-05,-0.05198394134640694,0.40279774113887445
4856,98,6,0.4,-0.1,-0.04942646622657776,-0.11859601736068726,0.4498110274399553
4857,98,7,0.4,-0.1,0.015674307942390442,0.002730049192905426,0.39781867802145404
4858,98,8,0.4,-0.1,0.022161979228258133,0.01067461259663105,0.3937136520545378
4859,98,9,0.4,-0.1,0.0160139799118042,-0.008093949407339096,0.3948315916422001
4860,98,10,0.4,-0.1,-0.03225579857826233,-0.12403640151023865,0.43292357755392896
4861,98,11,0.4,-0.1,-0.04734620451927185,-0.15612728893756866,0.4508535230662832
4862,98,12,0.4,-0.1,-0.03378445655107498,-0.10777044296264648,0.43385404749655987
4863,98,13,0.4,-0.1,0.012941733002662659,-0.03329795226454735,0.39276362512723184
4864,98,14,0.4,-0.1,0.0067908875644207,-0.03626156225800514,0.3983415551359991
4865,98,15,0.4,-0.1,-0.027102679014205933,-0.06959889829158783,0.4281832848281178
4866,98,16,0.4,-0.1,-0.014332003891468048,-0.07533910870552063,0.41506525873428346
4867,98,17,0.4,-0.1,-0.14461736381053925,-0.15570704638957977,0.5474589920545575
4868,98,18,0.4,-0.1,-0.055711530148983,-0.14046645164489746,0.4575046802159037
4869,98,19,0.4,-0.1,-0.02886173129081726,-0.1359783262014389,0.4303682429292551
4870,98,20,0.4,-0.1,-0.00636851042509079,-0.09460404515266418,0.4064043338767706
4871,98,21,0.4,-0.1,0.008821237832307816,-0.0758591890335083,0.3919229550883283
4872,98,22,0.4,-0.1,-0.010132178664207458,-0.06255723536014557,0.4118377891837088
4873,98,23,0.4,-0.1,0.02580905705690384,-0.015865318477153778,0.38353292742031186
4874,98,24,0.4,-0.1,0.008331384509801865,-0.04728999361395836,0.39519950548201
4875,98,25,0.4,-0.1,-0.02965499460697174,-0.0867459625005722,0.4298593768905747
4876,98,26,0.4,-0.1,-0.05764222890138626,-0.1346711367368698,0.4589536985322763
4877,98,27,0.4,-0.1,-0.02505280077457428,-0.12766359746456146,0.425952060766222
4878,98,28,0.4,-0.1,-0.04000148922204971,-0.15323837101459503,0.44321059854871386
4879,98,29,0.4,-0.1,0.011701412498950958,-0.030779939144849777,0.39442009314955107
4880,98,30,0.4,-0.1,0.028646113350987434,-0.011595815420150757,0.3817315928509923
4881,98,31,0.4,-0.1,0.011585257947444916,-0.04639175906777382,0.39209674232209646
4882,98,32,0.4,-0.1,-0.1650918871164322,-0.19681057333946228,0.5733246270614284
4883,98,33,0.4,-0.1,0.033105216920375824,-0.018924668431282043,0.3757459131381498
4884,98,34,0.4,-0.1,-0.034131914377212524,-0.13706040382385254,0.4357109048582677
4885,98,35,0.4,-0.1,-0.13285070657730103,-0.14116574823856354,0.534438485073792
4886,98,36,0.4,-0.1,0.02562127448618412,-0.03906689211726189,0.37930498777843474
4887,98,37,0.4,-0.1,-0.18066413700580597,-0.1584852784872055,0.5836020628856818
4888,98,38,0.4,-0.1,-2.8274953365325928e-05,-0.04429268464446068,0.40388850657859376
4889,98,39,0.4,-0.1,0.013975895941257477,-0.024386756122112274,0.3933598499644973
4890,98,40,0.4,-0.1,-0.059277355670928955,-0.13329683244228363,0.4604827559016412
4891,98,41,0.4,-0.1,-0.0427694246172905,-0.12683141231536865,0.4435816588439651
4892,98,42,0.4,-0.1,-0.12497058510780334,-0.14327938854694366,0.5267515739904597
4893,98,43,0.4,-0.1,-0.012869596481323242,-0.11689439415931702,0.41321510651555454
4894,98,44,0.4,-0.1,-0.02471292018890381,-0.13957108557224274,0.426552382936436
4895,98,45,0.4,-0.1,-0.0352562814950943,-0.10794149339199066,0.43532872395263766
4896,98,46,0.4,-0.1,-0.00377076119184494,-0.026269420981407166,0.4104473484819446
4897,98,47,0.4,-0.1,0.040024690330028534,-0.022955074906349182,0.3681278908948331
4898,98,48,0.4,-0.1,-0.015040062367916107,-0.08515579998493195,0.41530543416195637
4899,99,0,0.5,-0.1,-0.223041370511055,-0.0019566863775253296,0.7296583548597108
4900,99,1,0.5,-0.1,-0.15813365578651428,0.017114201560616493,0.6684726210444993
4901,99,2,0.5,-0.1,-0.12595847249031067,0.04529079422354698,0.642598960603355
4902,99,3,0.5,-0.1,-0.14113037288188934,-0.003237832337617874,0.6483911413046861
4903,99,4,0.5,-0.1,0.2946563959121704,0.13876737654209137,0.31492198373656316
4904,99,5,0.5,-0.1,-0.10694974660873413,0.0555378794670105,0.6265620694372592
4905,99,6,0.5,-0.1,-0.258383572101593,-0.010809972882270813,0.7636101776239191
4906,99,7,0.5,-0.1,-0.18847012519836426,0.010002315044403076,0.6972027127068422
4907,99,8,0.5,-0.1,-0.15882594883441925,-0.01332119107246399,0.6645034588131721
4908,99,9,0.5,-0.1,-0.1489660143852234,0.0020793452858924866,0.6569452645091814
4909,99,10,0.5,-0.1,-0.26509082317352295,0.0852789431810379,0.7872053445516114
4910,99,11,0.5,-0.1,-0.11927211284637451,0.027278408408164978,0.6322165317327034
4911,99,12,0.5,-0.1,-0.271373450756073,0.08024542033672333,0.7921523919573139
4912,99,13,0.5,-0.1,-0.1435656100511551,0.08014275878667831,0.6683024075849127
4913,99,14,0.5,-0.1,-0.3143225908279419,0.009428564459085464,0.8216421925949932
4914,99,15,0.5,-0.1,-0.30862778425216675,0.060957714915275574,0.8244915278250686
4915,99,16,0.5,-0.1,-0.28578394651412964,-0.0023454390466213226,0.791828784444161
4916,99,17,0.5,-0.1,-0.24614317715168,0.03128290921449661,0.7576046746567929
4917,99,18,0.5,-0.1,-0.13030603528022766,0.10418669879436493,0.6625540778496652
4918,99,19,0.5,-0.1,-0.13283874094486237,0.04593910276889801,0.6494482995263515
4919,99,20,0.5,-0.1,-0.13114991784095764,0.0673021450638771,0.652947338254489
4920,99,21,0.5,-0.1,-0.04411245137453079,0.2286621779203415,0.6356706591751293
4921,99,22,0.5,-0.1,-0.1903824508190155,-0.020946498960256577,0.694893793630013
4922,99,23,0.5,-0.1,-0.13461878895759583,-0.02158522978425026,0.6394449808122622
4923,99,24,0.5,-0.1,-0.2333238273859024,-0.05780886486172676,0.7345365393880449
4924,99,25,0.5,-0.1,0.05989333614706993,0.01111483946442604,0.4539167138550432
4925,99,26,0.5,-0.1,-0.11996126174926758,0.011218618601560593,0.6298583548651103
4926,99,27,0.5,-0.1,-0.1000404804944992,0.02815943770110607,0.6135742984382031
4927,99,28,0.5,-0.1,-0.06310116499662399,0.10905484855175018,0.60065535186457
4928,99,29,0.5,-0.1,-0.11096197366714478,0.020436273887753487,0.6227193824952125
4929,99,30,0.5,-0.1,-0.10206747055053711,-0.026051148772239685,0.6065918493460222
4930,99,31,0.5,-0.1,-0.17277513444423676,0.004002243280410767,0.6807663682452436
4931,99,32,0.5,-0.1,-0.18632958829402924,-0.016579989343881607,0.6913806490969491
4932,99,33,0.5,-0.1,-0.1856430023908615,-0.020224589854478836,0.6902683846095234
4933,99,34,0.5,-0.1,-0.15057510137557983,0.04738836735486984,0.6670616863239711
4934,99,35,0.5,-0.1,-0.17276963591575623,-0.00946686789393425,0.6788337285515161
4935,99,36,0.5,-0.1,-0.12038849294185638,-0.0007622800767421722,0.6282754230671727
4936,99,37,0.5,-0.1,-0.14556266367435455,0.02278231829404831,0.6571351842779298
4937,99,38,0.5,-0.1,-0.19063641130924225,-0.039868492633104324,0.6932491981995536
4938,99,39,0.5,-0.1,-0.28586405515670776,-0.008203059434890747,0.7912072999438637
4939,99,40,0.5,-0.1,-0.07460100948810577,-0.01707330346107483,0.5805541810232782
4940,99,41,0.5,-0.1,-0.2868216037750244,0.01840670220553875,0.7956810813977498
4941,99,42,0.5,-0.1,-0.045481957495212555,0.04677226021885872,0.5648828748710314
4942,99,43,0.5,-0.1,-0.205393448472023,-0.011256162077188492,0.7109538563904994
4943,99,44,0.5,-0.1,-0.09869992733001709,0.05809987336397171,0.6192230397382446
4944,99,45,0.5,-0.1,-0.09067334234714508,0.03234107792377472,0.6053174029098901
4945,99,46,0.5,-0.1,-0.4077589511871338,0.01815023086965084,0.9154156381201476
4946,99,47,0.5,-0.1,-0.135979562997818,-0.011978533118963242,0.642041885847633
4947,99,48,0.5,-0.1,-0.1943085789680481,0.035090524703264236,0.7073286737389016
4948,99,49,0.5,-0.1,-0.15687529742717743,-0.05217934772372246,0.6586136736768918
4949,100,0,-1.0,0.0,-0.6214997172355652,0.007889892905950546,0.3785825068103708
4950,100,1,-1.0,0.0,-0.5100414752960205,0.08970526605844498,0.4981027912878189
4951,100,2,-1.0,0.0,-0.5347170233726501,0.1652783900499344,0.4937663359897121
4952,100,3,-1.0,0.0,-0.4976060390472412,0.09550267457962036,0.5113907047000982
4953,100,4,-1.0,0.0,-0.49007153511047363,0.15824130177497864,0.5339169868921841
4954,100,5,-1.0,0.0,-0.5466936826705933,0.13862010836601257,0.4740275854569583
4955,100,6,-1.0,0.0,-0.490722119808197,0.12034879624843597,0.5233046837274667
4956,100,7,-1.0,0.0,-0.45772498846054077,0.12307445704936981,0.5560661022919108
4957,100,8,-1.0,0.0,-0.5555470585823059,0.1526855230331421,0.4699481738221188
4958,100,9,-1.0,0.0,-0.5559946298599243,0.05426845699548721,0.44730955068933714
4959,100,10,-1.0,0.0,-0.5394580364227295,0.06787838041782379,0.46551731948849634
4960,100,11,-1.0,0.0,-0.36562657356262207,-0.03960873559117317,0.6356087602488112
4961,100,12,-1.0,0.0,-0.5032737851142883,0.09121711552143097,0.5050321719640604
4962,100,13,-1.0,0.0,-0.5914932489395142,0.04892702400684357,0.41142632310069804
4963,100,14,-1.0,0.0,-0.4412717819213867,0.15184365212917328,0.5789937101292447
4964,100,15,-1.0,0.0,-0.5140363574028015,0.1121176928281784,0.4987294246096288
4965,100,16,-1.0,0.0,-0.47165143489837646,0.10969501733779907,0.5396157920907102
4966,100,17,-1.0,0.0,-0.4753577709197998,0.12232851982116699,0.5387148924021675
4967,100,18,-1.0,0.0,-0.5097566246986389,0.13138286769390106,0.5075431261975127
4968,100,19,-1.0,0.0,-0.43864500522613525,0.1271950602531433,0.5755849316220556
4969,100,20,-1.0,0.0,-0.5332452058792114,0.12543995678424835,0.4833168945865371
4970,100,21,-1.0,0.0,-0.5171632766723633,0.13410882651805878,0.5011152349947261
4971,100,22,-1.0,0.0,-0.4892151355743408,0.10490132868289948,0.5214455546706451
4972,100,23,-1.0,0.0,-0.33266788721084595,0.3307386338710785,0.7447954032447727
4973,100,24,-1.0,0.0,-0.5026267170906067,0.1127779632806778,0.5099990701499418
4974,100,25,-1.0,0.0,-0.5183740258216858,0.04700706899166107,0.4839145002357307
4975,100,26,-1.0,0.0,-0.6363857388496399,0.05912793427705765,0.36839034124661074
4976,100,27,-1.0,0.0,-0.5899847149848938,0.023809578269720078,0.4107060140336402
4977,100,28,-1.0,0.0,-0.4933850169181824,0.12820863723754883,0.5225860653952608
4978,100,29,-1.0,0.0,-0.5762550830841064,0.06096921116113663,0.4281086302816947
4979,100,30,-1.0,0.0,-0.5281345844268799,0.08318325877189636,0.4791413413116276
4980,100,31,-1.0,0.0,-0.5041650533676147,0.08580334484577179,0.5032042411274599
4981,100,32,-1.0,0.0,-0.4660727381706238,0.11620423197746277,0.5464263394585653
4982,100,33,-1.0,0.0,-0.5013354420661926,0.0924072116613388,0.5071542508018079
4983,100,34,-1.0,0.0,-0.5977171659469604,0.06645238399505615,0.40773446986043715
4984,100,35,-1.0,0.0,-0.546231210231781,0.05849993973970413,0.4575241605830922
4985,100,36,-1.0,0.0,-0.6020883321762085,0.023411482572555542,0.398599790399539
4986,100,37,-1.0,0.0,-0.6272192001342773,-0.0069336071610450745,0.3728452757603235
4987,100,38,-1.0,0.0,-0.5869601964950562,0.03295787796378136,0.41435262880700796
4988,100,39,-1.0,0.0,-0.4418875575065613,0.14602893590927124,0.5769002934552782
4989,100,40,-1.0,0.0,-0.5755695104598999,0.04021424427628517,0.42633135692083657
4990,100,41,-1.0,0.0,-0.5032585263252258,0.13256961107254028,0.5141272152381265
4991,100,42,-1.0,0.0,-0.6017032861709595,0.11375799775123596,0.4142235559445923
4992,100,43,-1.0,0.0,-0.5050873160362244,0.08803519606590271,0.5026815696786485
4993,100,44,-1.0,0.0,-0.5582068562507629,0.15133370459079742,0.46699365307144036
4994,100,45,-1.0,0.0,-0.46028512716293335,0.11685106158256531,0.5522194442017625
4995,100,46,-1.0,0.0,-0.4764448404312134,0.10921771824359894,0.5348256866395217
4996,100,47,-1.0,0.0,-0.5450467467308044,0.06826555728912354,0.4600463552428379
4997,100,48,-1.0,0.0,-0.5683594346046448,0.08991920948028564,0.44090706722435447
4998,101,0,-0.8,0.0,0.26463767886161804,0.10258239507675171,1.069568387262608
4999,101,1,-0.8,0.0,0.2263982892036438,-0.04295869544148445,1.0272968887299334
5000,101,2,-0.8,0.0,0.2321574091911316,0.009986316785216331,1.032205717805847
5001,101,3,-0.8,0.0,0.28082817792892456,0.07750289142131805,1.0836033630364128
5002,101,4,-0.8,0.0,0.2778092622756958,0.04060819000005722,1.0785739802824654
5003,101,5,-0.8,0.0,0.24922211468219757,0.00046149641275405884,1.049222216175926
5004,101,6,-0.8,0.0,0.24632075428962708,-0.044386494904756546,1.0472618019326134
5005,101,7,-0.8,0.0,0.2385314404964447,-0.03512096777558327,1.0391251297495956
5006,101,8,-0.8,0.0,0.22206655144691467,0.03164581209421158,1.0225563519971361
5007,101,9,-0.8,0.0,0.2666425108909607,0.013626016676425934,1.066729541341309
5008,101,10,-0.8,0.0,0.2517642378807068,0.08783650398254395,1.0554256314476447
5009,101,11,-0.8,0.0,0.22462643682956696,0.004476197063922882,1.0246362141707708
5010,101,12,-0.8,0.0,0.2841660976409912,0.025469908490777016,1.0844652338884007
5011,101,13,-0.8,0.0,0.269359827041626,0.16974081099033356,1.082747607989116
5012,101,14,-0.8,0.0,0.250127375125885,-0.039695028215646744,1.0508773473882773
5013,101,15,-0.8,0.0,0.24337244033813477,-0.024942297488451004,1.043670526297048
5014,101,16,-0.8,0.0,0.28782522678375244,0.15729407966136932,1.0991383677788886
5015,101,17,-0.8,0.0,0.2600826025009155,-0.0057704634964466095,1.0600983078819048
5016,101,18,-0.8,0.0,0.24964426457881927,-0.03975830599665642,1.0503969749856168
5017,101,19,-0.8,0.0,0.17483660578727722,-0.017733696848154068,0.9749978933242684
5018,101,20,-0.8,0.0,0.20483599603176117,-0.042267296463251114,1.0057245663060308
5019,101,21,-0.8,0.0,0.22970442473888397,-0.04651135578751564,1.0307543395707965
5020,101,22,-0.8,0.0,0.2569076120853424,-0.010161709040403366,1.0569564611726268
5021,101,23,-0.8,0.0,0.23119385540485382,0.02902943454682827,1.031602382458879
5022,101,24,-0.8,0.0,0.2819550037384033,0.006300169974565506,1.0819733463705457
5023,101,25,-0.8,0.0,0.2551417350769043,0.0628967136144638,1.0570147007892559
5024,101,26,-0.8,0.0,0.23609010875225067,0.1162981390953064,1.0425967440056976
5025,101,27,-0.8,0.0,0.24237611889839172,0.015571916475892067,1.042492425791385
5026,101,28,-0.8,0.0,0.28183412551879883,0.09610165655612946,1.0860941964350315
5027,101,29,-0.8,0.0,0.2430507093667984,0.02607192099094391,1.0433765031735858
5028,101,30,-0.8,0.0,0.27927592396736145,0.10993820428848267,1.0848607877593226
5029,101,31,-0.8,0.0,0.2677290439605713,0.12782227993011475,1.075352893967133
5030,101,32,-0.8,0.0,0.2460203766822815,0.058812953531742096,1.047672464054329
5031,101,33,-0.8,0.0,0.21081991493701935,-0.012994997203350067,1.0109034426618588
5032,101,34,-0.8,0.0,0.2645168900489807,-0.039338093250989914,1.0652434908414965
5033,101,35,-0.8,0.0,0.25356221199035645,0.18056727945804596,1.0689237002447336
5034,101,36,-0.8,0.0,0.2712355852127075,0.09361901879310608,1.0753186503105934
5035,101,37,-0.8,0.0,0.2702005207538605,-0.01645347848534584,1.0703269928279404
5036,101,38,-0.8,0.0,0.2899176776409149,0.027574079111218452,1.0902664233447699
5037,101,39,-0.8,0.0,0.267011433839798,0.1562708467245102,1.078394166101086
5038,101,40,-0.8,0.0,0.261349081993103,0.06312918663024902,1.0632248906286006
5039,101,41,-0.8,0.0,0.238909050822258,0.06084151938557625,1.0406890536378053
5040,101,42,-0.8,0.0,0.26709699630737305,0.11848410964012146,1.073654732102192
5041,101,43,-0.8,0.0,0.28687500953674316,0.03491755947470665,1.0874357554886473
5042,101,44,-0.8,0.0,0.28712254762649536,0.043193988502025604,1.0879803096566751
5043,101,45,-0.8,0.0,0.27988824248313904,0.011893844231963158,1.0799537396499617
5044,101,46,-0.8,0.0,0.28124868869781494,0.2121536135673523,1.101865637253667
5045,101,47,-0.8,0.0,0.2914459705352783,0.12093348801136017,1.0981253184952477
5046,101,48,-0.8,0.0,0.25392162799835205,-0.04871552065014839,1.0550469183476685
5047,101,49,-0.8,0.0,0.2561713457107544,0.056858085095882416,1.0577006917560547
5048,102,0,-0.6,0.0,0.24834416806697845,-0.11223778128623962,0.8557366107870525
5049,102,1,-0.6,0.0,0.24319784343242645,-0.019261036068201065,0.8434178031554203
5050,102,2,-0.6,0.0,0.3011194169521332,-0.08206196129322052,0.9048482574992575
5051,102,3,-0.6,0.0,0.24100540578365326,-0.0821390300989151,0.8450070489782424
5052,102,4,-0.6,0.0,0.22590836882591248,0.014248643070459366,0.8260312690970172
5053,102,5,-0.6,0.0,0.27921122312545776,-0.019109051674604416,0.8794188596599838
5054,102,6,-0.6,0.0,0.2674616575241089,-0.03936618193984032,0.8683544342922394
5055,102,7,-0.6,0.0,0.21833859384059906,0.09913474321365356,0.8243213884651095
5056,102,8,-0.6,0.0,0.36062073707580566,-0.0920497477054596,0.9650209099043932
5057,102,9,-0.6,0.0,0.24475358426570892,0.18625380098819733,0.8650428292936213
5058,102,10,-0.6,0.0,0.16020652651786804,0.03008235991001129,0.7608014927286338
5059,102,11,-0.6,0.0,0.27318501472473145,0.09575653076171875,0.8784198216817226
5060,102,12,-0.6,0.0,0.30798250436782837,0.08077561855316162,0.9115683895302202
5061,102,13,-0.6,0.0,0.20820921659469604,0.1108587384223938,0.815776806285406
5062,102,14,-0.6,0.0,0.24959076941013336,0.14353501796722412,0.8616303017244424
5063,102,15,-0.6,0.0,0.3263915777206421,-0.003597501665353775,0.9263985628712799
5064,102,16,-0.6,0.0,0.23191584646701813,0.08198971301317215,0.835946343160204
5065,102,17,-0.6,0.0,0.376085102558136,-0.026726651936769485,0.976450941604173
5066,102,18,-0.6,0.0,0.3377023935317993,0.08141094446182251,0.9412297916627115
5067,102,19,-0.6,0.0,0.29688286781311035,0.023045027628540993,0.897178885103227
5068,102,20,-0.6,0.0,0.23552143573760986,0.25409355759620667,0.8733038449411142
5069,102,21,-0.6,0.0,0.3352646827697754,0.12206003069877625,0.9431959912609016
5070,102,22,-0.6,0.0,0.234927237033844,-0.03375573828816414,0.8356093231937685
5071,102,23,-0.6,0.0,0.2758256793022156,0.05665429309010506,0.8776561567326505
5072,102,24,-0.6,0.0,0.3413034677505493,0.10098481178283691,0.9467048909824141
5073,102,25,-0.6,0.0,0.3241671919822693,0.03871990740299225,0.9249779618810866
5074,102,26,-0.6,0.0,0.2634166479110718,0.03371468186378479,0.8640746424141654
5075,102,27,-0.6,0.0,0.36212247610092163,-0.016023200005292892,0.9622558921393924
5076,102,28,-0.6,0.0,0.33391958475112915,-0.02344219759106636,0.9342137482448115
5077,102,29,-0.6,0.0,0.27845656871795654,-0.02718033269047737,0.8788769615872809
5078,102,30,-0.6,0.0,0.2705918550491333,0.19230525195598602,0.8915780885641742
5079,102,31,-0.6,0.0,0.3484954237937927,0.057000741362571716,0.9502066372498401
5080,102,32,-0.6,0.0,0.20005066692829132,0.12291896343231201,0.8094381639283372
5081,102,33,-0.6,0.0,0.2641916871070862,0.12093006074428558,0.872611798944186
5082,102,34,-0.6,0.0,0.2989489436149597,0.04439805448055267,0.900044660263095
5083,102,35,-0.6,0.0,0.27670228481292725,0.05344616621732712,0.8783298861359193
5084,102,36,-0.6,0.0,0.2176080346107483,-0.14552247524261475,0.8304575179145457
5085,102,37,-0.6,0.0,0.307325541973114,0.10381291806697845,0.9132451812489274
5086,102,38,-0.6,0.0,0.2900373339653015,0.03404166176915169,0.8906880994983973
5087,102,39,-0.6,0.0,0.22536632418632507,0.17448458075523376,0.843607988358441
5088,102,40,-0.6,0.0,0.25988537073135376,0.17193996906280518,0.8769071808116957
5089,102,41,-0.6,0.0,0.31791162490844727,-0.03006146475672722,0.9184037471642774
5090,102,42,-0.6,0.0,0.20579621195793152,0.1399465650320053,0.8178585307191024
5091,102,43,-0.6,0.0,0.2509443759918213,0.18993708491325378,0.871884411638065
5092,102,44,-0.6,0.0,0.30431950092315674,0.09292473644018173,0.909081276010228
5093,102,45,-0.6,0.0,0.253967821598053,0.030850429087877274,0.8545248909773373
5094,102,46,-0.6,0.0,0.34032386541366577,0.017659367993474007,0.9404896730663377
5095,102,47,-0.6,0.0,0.33854103088378906,0.06880978494882584,0.9410600688357301
5096,102,48,-0.6,0.0,0.2726145386695862,-0.06629624962806702,0.875129319479288
5097,103,0,-0.5,0.0,0.08052463829517365,-0.025269731879234314,0.5810743627256244
5098,103,1,-0.5,0.0,0.07781723141670227,-0.024649612605571747,0.5783427671577364
5099,103,2,-0.5,0.0,0.05487510934472084,-0.05034254118800163,0.5571541603753682
5100,103,3,-0.5,0.0,0.005420658737421036,-0.04688261076807976,0.5075904071896945
5101,103,4,-0.5,0.0,-0.00829700380563736,-0.06269685924053192,0.4956841056813709
5102,103,5,-0.5,0.0,-0.005806419998407364,-0.060892026871442795,0.49793085207818066
5103,103,6,-0.5,0.0,0.0013057775795459747,-0.05474308505654335,0.5042859188953634
5104,103,7,-0.5,0.0,0.05642491951584816,-0.016971495002508163,0.5566836828045513
5105,103,8,-0.5,0.0,0.08802835643291473,-0.04500531032681465,0.5897481037924649
5106,103,9,-0.5,0.0,0.11648601293563843,-0.010647974908351898,0.6165779622358628
5107,103,10,-0.5,0.0,0.0859324038028717,-0.052678126841783524,0.5882956458055512
5108,103,11,-0.5,0.0,0.15456119179725647,-0.020002096891403198,0.6548667327686587
5109,103,12,-0.5,0.0,0.08912435919046402,-0.0385410375893116,0.5903837075750274
5110,103,13,-0.5,0.0,0.06525719165802002,-0.08051478862762451,0.5709626291701259
5111,103,14,-0.5,0.0,0.10694098472595215,-0.019636254757642746,0.607258545794965
5112,103,15,-0.5,0.0,0.10956728458404541,-0.05043714866042137,0.6116503743153927
5113,103,16,-0.5,0.0,0.07041868567466736,-0.04967902973294258,0.5725779274142704
5114,103,17,-0.5,0.0,0.054244525730609894,-0.02088998630642891,0.5546380674189534
5115,103,18,-0.5,0.0,0.09422051906585693,-0.02091827616095543,0.5945885968940562
5116,103,19,-0.5,0.0,0.032631296664476395,-0.07406611740589142,0.5377563462517804
5117,103,20,-0.5,0.0,0.07235656678676605,-0.0223865769803524,0.572794202460911
5118,103,21,-0.5,0.0,0.0426708459854126,-0.040176596492528915,0.5441560492985876
5119,103,22,-0.5,0.0,-0.017691269516944885,-0.06400200724601746,0.4865367082057587
5120,103,23,-0.5,0.0,-0.03195495158433914,-0.05553373321890831,0.4713280841108953
5121,103,24,-0.5,0.0,0.08828827738761902,-0.012042056769132614,0.5884115128402257
5122,103,25,-0.5,0.0,0.027990378439426422,-0.044679198414087296,0.5298774108183271
5123,103,26,-0.5,0.0,0.06442225724458694,-0.03612404689192772,0.5655770780688737
5124,103,27,-0.5,0.0,0.09752124547958374,-0.006264045834541321,0.5975540787825736
5125,103,28,-0.5,0.0,0.1448090672492981,-0.023453332483768463,0.64523545470743
5126,103,29,-0.5,0.0,0.09924893081188202,-0.045277345925569534,0.6009570027325145
5127,103,30,-0.5,0.0,0.11975667625665665,-0.023328274488449097,0.6201955708930101
5128,103,31,-0.5,0.0,0.11737128347158432,-0.04029605910181999,0.6186849553969198
5129,103,32,-0.5,0.0,0.047374241054058075,-0.03526159003376961,0.5485088326556061
5130,103,33,-0.5,0.0,0.11352309584617615,-0.009633790701627731,0.6135987280462363
5131,103,34,-0.5,0.0,0.1361176073551178,0.00021820515394210815,0.6361176447801845
5132,103,35,-0.5,0.0,0.12699156999588013,-0.0134892538189888,0.6271366588029214
5133,103,36,-0.5,0.0,0.11203637719154358,-0.027019694447517395,0.6126325088450552
5134,103,37,-0.5,0.0,0.06857991218566895,-0.03706631436944008,0.5697868269818083
5135,103,38,-0.5,0.0,0.117100790143013,-0.041675303131341934,0.6185064398098213
5136,103,39,-0.5,0.0,0.09809304028749466,-0.025527555495500565,0.5986375705966963
5137,103,40,-0.5,0.0,0.15758775174617767,-0.014291319996118546,0.6577430296657077
5138,103,41,-0.5,0.0,0.11239741742610931,-0.023990504443645477,0.6128671480619833
5139,103,42,-0.5,0.0,0.054030098021030426,-0.032512832432985306,0.5549832734290359
5140,103,43,-0.5,0.0,0.10800503194332123,-0.032185446470975876,0.6088563228159293
5141,103,44,-0.5,0.0,0.08207136392593384,-0.0618106909096241,0.5853440306463559
5142,103,45,-0.5,0.0,0.1163545474410057,-0.029029887169599533,0.6170378128610001
5143,103,46,-0.5,0.0,0.10172567516565323,-0.06536149978637695,0.6052651599157891
5144,103,47,-0.5,0.0,0.09997113049030304,-0.04368719831109047,0.6015595803559983
5145,103,48,-0.5,0.0,0.08523072302341461,-0.05316408351063728,0.587640552503003
5146,103,49,-0.5,0.0,0.1365770846605301,-0.021624311804771423,0.6369442641047407
5147,104,0,-0.4,0.0,0.11557600647211075,0.24479801952838898,0.5707404741340424
5148,104,1,-0.4,0.0,0.25061601400375366,0.06354105472564697,0.6537114526408271
5149,104,2,-0.4,0.0,0.1814347505569458,0.10907875001430511,0.5915780107981542
5150,104,3,-0.4,0.0,0.1267782598733902,0.2430228590965271,0.5801339889359074
5151,104,4,-0.4,0.0,0.3487715721130371,0.008665448054671288,0.7488217125555438
5152,104,5,-0.4,0.0,0.19128981232643127,0.11276954412460327,0.6019473500590373
5153,104,6,-0.4,0.0,0.3356686234474182,-0.007157575339078903,0.7357034418906533
5154,104,7,-0.4,0.0,0.3340907692909241,0.00255628302693367,0.734095220077787
5155,104,8,-0.4,0.0,0.2577243447303772,0.053304873406887054,0.6598808401370116
5156,104,9,-0.4,0.0,0.06294523179531097,0.35481196641921997,0.5832750801776876
5157,104,10,-0.4,0.0,0.22971875965595245,0.14039143919944763,0.6451786360870324
5158,104,11,-0.4,0.0,0.13690701127052307,0.11991025507450104,0.5501341727465014
5159,104,12,-0.4,0.0,0.19857831299304962,0.13094094395637512,0.6127328354101744
5160,104,13,-0.4,0.0,0.1794770509004593,0.10729722678661346,0.58932702924301
5161,104,14,-0.4,0.0,0.08361068367958069,0.17229671776294708,0.5133862603546341
5162,104,15,-0.4,0.0,0.33200258016586304,-0.0064182281494140625,0.7320307172667405
5163,104,16,-0.4,0.0,0.3064194321632385,-0.005258344113826752,0.7064390025477443
5164,104,17,-0.4,0.0,0.21045584976673126,0.05766252800822258,0.6131731498122868
5165,104,18,-0.4,0.0,0.2061113715171814,0.10474717617034912,0.6150958995133206
5166,104,19,-0.4,0.0,0.10081888735294342,0.22526440024375916,0.5491480746999126
5167,104,20,-0.4,0.0,0.20480018854141235,0.03758728504180908,0.6059670552567542
5168,104,21,-0.4,0.0,0.14224299788475037,0.1234092265367508,0.5561090773845007
5169,104,22,-0.4,0.0,0.1595599353313446,0.145331010222435,0.5781249205494363
5170,104,23,-0.4,0.0,0.3080158829689026,-0.06575506925582886,0.7110627396152
5171,104,24,-0.4,0.0,0.20306086540222168,0.07799724489450455,0.6080838573673946
5172,104,25,-0.4,0.0,0.18267402052879333,0.10582235455513,0.5922055259137493
5173,104,26,-0.4,0.0,0.21212585270404816,0.07878364622592926,0.6171749528790929
5174,104,27,-0.4,0.0,0.06306669861078262,0.2205216884613037,0.5128943189821015
5175,104,28,-0.4,0.0,0.2317158430814743,0.11918945610523224,0.6428615969606514
5176,104,29,-0.4,0.0,0.16915929317474365,0.15508389472961426,0.5899095824036764
5177,104,30,-0.4,0.0,0.2095831036567688,0.048349179327487946,0.6114975089119011
5178,104,31,-0.4,0.0,-0.004397816956043243,0.33297356963157654,0.5170807338340296
5179,104,32,-0.4,0.0,0.2597010135650635,0.008464740589261055,0.659755317623144
5180,104,33,-0.4,0.0,0.2350749522447586,-0.014137323945760727,0.6352322873540275
5181,104,34,-0.4,0.0,0.26308923959732056,0.003699440509080887,0.6630995592894275
5182,104,35,-0.4,0.0,0.13102978467941284,0.16056454181671143,0.5547734711623061
5183,104,36,-0.4,0.0,0.174406498670578,0.04489869624376297,0.5761585880982617
5184,104,37,-0.4,0.0,0.09999856352806091,0.19921237230300903,0.5382231254867419
5185,104,38,-0.4,0.0,0.22373266518115997,0.021358421072363853,0.6240982452825016
5186,104,39,-0.4,0.0,0.15623211860656738,0.09932227432727814,0.5650301619799545
5187,104,40,-0.4,0.0,0.17935416102409363,0.09791494905948639,0.587570064881843
5188,104,41,-0.4,0.0,0.20464327931404114,0.08031434565782547,0.609954005920186
5189,104,42,-0.4,0.0,0.18449826538562775,0.0665816217660904,0.588278279894652
5190,104,43,-0.4,0.0,0.12767136096954346,0.13941699266433716,0.5457784926424072
5191,104,44,-0.4,0.0,0.18675681948661804,0.09515529870986938,0.5944224895531932
5192,104,45,-0.4,0.0,0.12331419438123703,0.13477255403995514,0.5403900326276714
5193,104,46,-0.4,0.0,0.17687514424324036,0.07427360117435455,0.5816369141286224
5194,104,47,-0.4,0.0,0.23508591949939728,0.04370586946606636,0.636588036466426
5195,104,48,-0.4,0.0,0.26704859733581543,-0.01090768352150917,0.6671377734527436
5196,105,0,-0.3,0.0,0.04029480740427971,0.06827950477600098,0.3470772921393328
5197,105,1,-0.3,0.0,0.01601768285036087,0.02935665100812912,0.3173783055480074
5198,105,2,-0.3,0.0,-0.2160479873418808,0.057782258838415146,0.10191530731847209
5199,105,3,-0.3,0.0,-0.09425193071365356,0.06177406758069992,0.21482156186129012
5200,105,4,-0.3,0.0,0.11271266639232635,0.05085987597703934,0.4158346690513713
5201,105,5,-0.3,0.0,-4.854053258895874e-06,0.08700567483901978,0.31235728748630104
5202,105,6,-0.3,0.0,0.026728039607405663,0.14285056293010712,0.3565914962462607
5203,105,7,-0.3,0.0,0.028378959745168686,0.05376884713768959,0.33275190476665245
5204,105,8,-0.3,0.0,0.10264910012483597,0.08398368954658508,0.4113144271007247
5205,105,9,-0.3,0.0,-0.1379539519548416,0.09244571626186371,0.18656133613968032
5206,105,10,-0.3,0.0,-0.2416985183954239,0.07389634847640991,0.09412615510810869
5207,105,11,-0.3,0.0,-0.1897721141576767,0.07856175303459167,0.1353592843403674
5208,105,12,-0.3,0.0,-0.27673542499542236,0.06395366787910461,0.0680537440949022
5209,105,13,-0.3,0.0,-0.21095387637615204,0.06228337809443474,0.10866660627482541
5210,105,14,-0.3,0.0,0.12201744318008423,0.051788441836833954,0.4251832135164119
5211,105,15,-0.3,0.0,-0.09581159055233002,0.07990510761737823,0.2192663512172219
5212,105,16,-0.3,0.0,-0.24148304760456085,0.0666242241859436,0.08867367684960946
5213,105,17,-0.3,0.0,-0.07234080135822296,0.08979061245918274,0.24472651023542838
5214,105,18,-0.3,0.0,-0.12074916064739227,0.12303474545478821,0.2174129986862306
5215,105,19,-0.3,0.0,-0.23490358889102936,0.08712434768676758,0.10875750410483352
5216,105,20,-0.3,0.0,-0.1497107446193695,0.12182019650936127,0.1934606434405814
5217,105,21,-0.3,0.0,-0.27968698740005493,0.05810943618416786,0.061557493894142605
5218,105,22,-0.3,0.0,-0.2592206597328186,0.06904631853103638,0.08018945501321167
5219,105,23,-0.3,0.0,-0.39810895919799805,0.09874424338340759,0.13919695929249346
5220,105,24,-0.3,0.0,-0.2424054890871048,0.07392625510692596,0.09371349359313151
5221,105,25,-0.3,0.0,-0.20852313935756683,0.09896571934223175,0.13476731665326175
5222,105,26,-0.3,0.0,-0.29595839977264404,0.06788770854473114,0.06800790765677271
5223,105,27,-0.3,0.0,-0.18702994287014008,0.1344902664422989,0.17564129803563955
5224,105,28,-0.3,0.0,-0.28012341260910034,0.06813983619213104,0.0709796872534567
5225,105,29,-0.3,0.0,-0.25733327865600586,0.06307884305715561,0.07615372316358086
5226,105,30,-0.3,0.0,-0.2638164162635803,0.0606616847217083,0.07063350285301184
5227,105,31,-0.3,0.0,-0.30378860235214233,0.08902958035469055,0.08911015478560769
5228,105,32,-0.3,0.0,-0.26233023405075073,0.0863463506102562,0.0942056448965799
5229,105,33,-0.3,0.0,-0.2319570928812027,0.07748430222272873,0.10311961161738556
5230,105,34,-0.3,0.0,-0.3374935984611511,0.018878713250160217,0.04197827699593933
5231,105,35,-0.3,0.0,-0.28801971673965454,0.06872300803661346,0.06975943678527337
5232,105,36,-0.3,0.0,-0.2663766145706177,0.07557398825883865,0.08271613959246334
5233,105,37,-0.3,0.0,-0.2706487774848938,0.05283871293067932,0.06044355918790698
5234,105,38,-0.3,0.0,-0.2703266739845276,0.0876275897026062,0.0925154081972771
5235,105,39,-0.3,0.0,-0.2490064948797226,0.055447958409786224,0.07533135904963577
5236,105,40,-0.3,0.0,-0.20013634860515594,0.06572919338941574,0.11955365211290767
5237,105,41,-0.3,0.0,-0.250868558883667,0.10292157530784607,0.11404713573788833
5238,105,42,-0.3,0.0,-0.21679477393627167,0.09618495404720306,0.1271796171930813
5239,105,43,-0.3,0.0,-0.2429244965314865,0.10120733082294464,0.11619181084951406
5240,105,44,-0.3,0.0,-0.2926308512687683,0.07491643726825714,0.07527799762209221
5241,105,45,-0.3,0.0,-0.28125864267349243,0.08410985767841339,0.08617253990177379
5242,105,46,-0.3,0.0,-0.23390035331249237,0.05404157191514969,0.08537947521081184
5243,105,47,-0.3,0.0,-0.25033295154571533,0.07154390215873718,0.08709388978716714
5244,105,48,-0.3,0.0,-0.2952146530151367,0.09328491240739822,0.09340757158079584
5245,105,49,-0.3,0.0,-0.2118396908044815,0.10886916518211365,0.14008831230655813
5246,106,0,-0.2,0.0,0.02085736021399498,-0.06674821674823761,0.23072342317104272
5247,106,1,-0.2,0.0,-0.002246987074613571,-0.07482050359249115,0.21143406035665596
5248,106,2,-0.2,0.0,0.049397267401218414,-0.07075995206832886,0.25924113833245493
5249,106,3,-0.2,0.0,0.0703972652554512,-0.04347126558423042,0.2738693703011009
5250,106,4,-0.2,0.0,0.07075705379247665,-0.054781343787908554,0.2762433307893444
5251,106,5,-0.2,0.0,0.06774894893169403,-0.032763246446847916,0.26974604718468775
5252,106,6,-0.2,0.0,0.08495435118675232,-0.02799823507666588,0.2863265328740444
5253,106,7,-0.2,0.0,-0.023405373096466064,-0.08625458180904388,0.1965337506237832
5254,106,8,-0.2,0.0,-0.026084735989570618,-0.07491669058799744,0.1893648055592039
5255,106,9,-0.2,0.0,0.08768557012081146,-0.03336885944008827,0.28961434362971167
5256,106,10,-0.2,0.0,0.09133554995059967,-0.03138593211770058,0.29302129513043124
5257,106,11,-0.2,0.0,0.0006093494594097137,-0.079861119389534,0.21592107234051283
5258,106,12,-0.2,0.0,0.08125476539134979,-0.04417053237557411,0.28470208813018016
5259,106,13,-0.2,0.0,0.05237148702144623,-0.06436006724834442,0.26044881592671415
5260,106,14,-0.2,0.0,0.06351344287395477,-0.05582107976078987,0.2693609613900008
5261,106,15,-0.2,0.0,0.08364960551261902,-0.03451991453766823,0.2857424070857392
5262,106,16,-0.2,0.0,0.07558822631835938,-0.04611918702721596,0.27942056097816176
5263,106,17,-0.2,0.0,0.07220341265201569,-0.053761471062898636,0.27746169759130795
5264,106,18,-0.2,0.0,0.08371306955814362,-0.03259428218007088,0.28557922380477563
5265,106,19,-0.2,0.0,0.05956939235329628,-0.04356813058257103,0.26320040168875014
5266,106,20,-0.2,0.0,0.05995050072669983,-0.04944492504000664,0.2646111551697582
5267,106,21,-0.2,0.0,0.056125886738300323,-0.0606277696788311,0.2632037163751873
5268,106,22,-0.2,0.0,0.04185489937663078,-0.07262396812438965,0.25252333179057446
5269,106,23,-0.2,0.0,-0.003792986273765564,-0.08093279600143433,0.21224351510464703
5270,106,24,-0.2,0.0,0.06426556408405304,-0.048891957849264145,0.26875027795892037
5271,106,25,-0.2,0.0,0.06282005459070206,-0.04494107887148857,0.2666347345437068
5272,106,26,-0.2,0.0,0.05975322797894478,-0.05238424614071846,0.2649827328133157
5273,106,27,-0.2,0.0,0.03149256855249405,-0.047448161989450455,0.23630517846887802
5274,106,28,-0.2,0.0,0.056572671979665756,-0.059812065213918686,0.2634521192777527
5275,106,29,-0.2,0.0,0.07754950225353241,-0.04220077767968178,0.280739437624915
5276,106,30,-0.2,0.0,0.04880794882774353,-0.06926627457141876,0.2582696501582643
5277,106,31,-0.2,0.0,0.018347997218370438,-0.0722154825925827,0.22998026831742135
5278,106,32,-0.2,0.0,0.05805995687842369,-0.06754215061664581,0.26675247600353325
5279,106,33,-0.2,0.0,0.09499724209308624,-0.030292313545942307,0.2965484734448866
5280,106,34,-0.2,0.0,-0.0033856555819511414,-0.08380958437919617,0.21373171703037608
5281,106,35,-0.2,0.0,0.0631193295121193,-0.059170644730329514,0.26969046471966723
5282,106,36,-0.2,0.0,0.07022228091955185,-0.045383650809526443,0.27400685550943105
5283,106,37,-0.2,0.0,0.05534334108233452,-0.06553977727890015,0.2636203410984389
5284,106,38,-0.2,0.0,0.07571981847286224,-0.04251502826809883,0.2789783968828865
5285,106,39,-0.2,0.0,0.07765845954418182,-0.044977251440286636,0.28127775117056597
5286,106,40,-0.2,0.0,0.06328551471233368,-0.05638726428151131,0.2692559856911105
5287,106,41,-0.2,0.0,0.08902442455291748,-0.04427661374211311,0.29239619784226567
5288,106,42,-0.2,0.0,0.0830025002360344,-0.04784770682454109,0.28701884639900194
5289,106,43,-0.2,0.0,0.048125479370355606,-0.06882232427597046,0.25749323453542544
5290,106,44,-0.2,0.0,0.06498408317565918,-0.06015240028500557,0.2717257359848202
5291,106,45,-0.2,0.0,0.0009248293936252594,-0.08938351273536682,0.21990952552304527
5292,106,46,-0.2,0.0,0.07136136293411255,-0.04874330386519432,0.2757043687814066
5293,106,47,-0.2,0.0,0.02585657872259617,-0.07176703214645386,0.23698460088239157
5294,106,48,-0.2,0.0,0.01969742774963379,-0.07669827342033386,0.23270063365935612
5295,107,0,-0.1,0.0,0.04447402060031891,-0.1297256350517273,0.19416869731755246
5296,107,1,-0.1,0.0,0.03583472967147827,-0.1316075325012207,0.18913385840717004
5297,107,2,-0.1,0.0,0.05206543207168579,-0.11725202202796936,0.19202065592221035
5298,107,3,-0.1,0.0,0.032961614429950714,-0.134959414601326,0.18945404324360957
5299,107,4,-0.1,0.0,0.0462663508951664,-0.12591229379177094,0.1929967645637957
5300,107,5,-0.1,0.0,0.028058217838406563,-0.10786524415016174,0.16743302556999556
5301,107,6,-0.1,0.0,0.0606333427131176,-0.1333257555961609,0.20875542602882713
5302,107,7,-0.1,0.0,0.04897221922874451,-0.13532713055610657,0.20126140804060433
5303,107,8,-0.1,0.0,0.05167539045214653,-0.1351243108510971,0.20313543130580403
5304,107,9,-0.1,0.0,0.059205152094364166,-0.12927013635635376,0.20507815243701588
5305,107,10,-0.1,0.0,0.06749019771814346,-0.13992711901664734,0.2182488601756302
5306,107,11,-0.1,0.0,0.04545770213007927,-0.13783538341522217,0.2003909579551537
5307,107,12,-0.1,0.0,0.01899968460202217,-0.13407449424266815,0.17926766284471946
5308,107,13,-0.1,0.0,0.04974169284105301,-0.13801991939544678,0.20364693153796815
5309,107,14,-0.1,0.0,0.03263392299413681,-0.13545139133930206,0.18957541228906077
5310,107,15,-0.1,0.0,0.052046045660972595,-0.12962155044078827,0.1997992651132941
5311,107,16,-0.1,0.0,0.04455965757369995,-0.13577629625797272,0.1983247267068788
5312,107,17,-0.1,0.0,0.07589547336101532,-0.1484069675207138,0.23013875283747814
5313,107,18,-0.1,0.0,0.05210559070110321,-0.1380554884672165,0.20541525897180396
5314,107,19,-0.1,0.0,0.05867110937833786,-0.1370478868484497,0.20966316853700828
5315,107,20,-0.1,0.0,0.06229845806956291,-0.13876274228096008,0.2135319370424242
5316,107,21,-0.1,0.0,0.05797324702143669,-0.13548891246318817,0.20811725583178664
5317,107,22,-0.1,0.0,0.04816768690943718,-0.13763423264026642,0.20222968485998286
5318,107,23,-0.1,0.0,0.07746721804141998,-0.14167530834674835,0.22708259835246541
5319,107,24,-0.1,0.0,0.05841177701950073,-0.13626164197921753,0.20895340670433799
5320,107,25,-0.1,0.0,0.06584787368774414,-0.13520191609859467,0.21397447353242247
5321,107,26,-0.1,0.0,0.053452640771865845,-0.13303983211517334,0.20309433741267335
5322,107,27,-0.1,0.0,0.050916887819767,-0.13213324546813965,0.20058689285979725
5323,107,28,-0.1,0.0,0.06342732906341553,-0.13356804847717285,0.21106614001019278
5324,107,29,-0.1,0.0,0.06472782045602798,-0.14100505411624908,0.2168356062055301
5325,107,30,-0.1,0.0,0.040807269513607025,-0.13650216162204742,0.19611100753239
5326,107,31,-0.1,0.0,0.053952764719724655,-0.13539066910743713,0.20501728474986305
5327,107,32,-0.1,0.0,0.05652838945388794,-0.13513953983783722,0.20679417770481454
5328,107,33,-0.1,0.0,0.04378436878323555,-0.1371503472328186,0.19870622147400469
5329,107,34,-0.1,0.0,0.05273459106683731,-0.13298489153385162,0.20251626276579443
5330,107,35,-0.1,0.0,0.05143717676401138,-0.13555030524730682,0.20324149123368607
5331,107,36,-0.1,0.0,0.0428740531206131,-0.13365069031715393,0.19564125862752868
5332,107,37,-0.1,0.0,0.06195315718650818,-0.13761667907238007,0.2125257054607472
5333,107,38,-0.1,0.0,0.06057540327310562,-0.1297304630279541,0.20643268436409937
5334,107,39,-0.1,0.0,0.07369232177734375,-0.1208629161119461,0.21160545157317578
5335,107,40,-0.1,0.0,0.04592376574873924,-0.12741412222385406,0.1937217178128672
5336,107,41,-0.1,0.0,0.05572982877492905,-0.12843823432922363,0.20186173388702794
5337,107,42,-0.1,0.0,0.060268156230449677,-0.13060419261455536,0.20674461789852644
5338,107,43,-0.1,0.0,0.05510134994983673,-0.1249716728925705,0.1991842056535341
5339,107,44,-0.1,0.0,0.06006641685962677,-0.1266072690486908,0.20408492933640984
5340,107,45,-0.1,0.0,0.06325142830610275,-0.13070161640644073,0.20912661565482044
5341,107,46,-0.1,0.0,0.058994609862565994,-0.1286456435918808,0.20452136216180156
5342,107,47,-0.1,0.0,0.06696486473083496,-0.09319524466991425,0.1912135447181271
5343,107,48,-0.1,0.0,0.056824132800102234,-0.127311110496521,0.20199486994565352
5344,107,49,-0.1,0.0,0.04739537835121155,-0.1274760365486145,0.1948731316868503
5345,108,0,0.0,0.0,-0.05707594007253647,-0.07192239165306091,0.09181771809547469
5346,108,1,0.0,0.0,-0.053890638053417206,-0.06816589832305908,0.08689528505042174
5347,108,2,0.0,0.0,-0.05662012845277786,-0.06687276065349579,0.08762308521975701
5348,108,3,0.0,0.0,-0.0879775732755661,-0.039726849645376205,0.0965312176562791
5349,108,4,0.0,0.0,-0.06180094927549362,-0.06090765818953514,0.08677038756099562
5350,108,5,0.0,0.0,-0.054056353867053986,-0.06199410930275917,0.08225180230026946
5351,108,6,0.0,0.0,-0.05733000487089157,-0.058541398495435715,0.08193793258496247
5352,108,7,0.0,0.0,-0.05772194266319275,-0.061726052314043045,0.084509929588711
5353,108,8,0.0,0.0,-0.05916031450033188,-0.06251947581768036,0.08607338536560356
5354,108,9,0.0,0.0,-0.05609309673309326,-0.06805694103240967,0.08819400616706922
5355,108,10,0.0,0.0,-0.05826576054096222,-0.06658598780632019,0.08847933444347426
5356,108,11,0.0,0.0,-0.05196664482355118,-0.06834666430950165,0.08585917945364273
5357,108,12,0.0,0.0,-0.050479620695114136,-0.06761465966701508,0.08437970317208322
5358,108,13,0.0,0.0,-0.04945885390043259,-0.06667466461658478,0.0830161980030307
5359,108,14,0.0,0.0,-0.05393518507480621,-0.05858640745282173,0.07963272773980334
5360,108,15,0.0,0.0,-0.05180142819881439,-0.06748396158218384,0.08507333915077382
5361,108,16,0.0,0.0,-0.05000278353691101,-0.06506405770778656,0.08205857643684393
5362,108,17,0.0,0.0,-0.05304889380931854,-0.06398136913776398,0.08311318024919497
5363,108,18,0.0,0.0,-0.0532856360077858,-0.06744197010993958,0.08595218634254874
5364,108,19,0.0,0.0,-0.05708805471658707,-0.06246334686875343,0.08462101212683673
5365,108,20,0.0,0.0,-0.06441787630319595,-0.056633371859788895,0.08577296541231966
5366,108,21,0.0,0.0,-0.0662781149148941,-0.05342879518866539,0.08513180763959063
5367,108,22,0.0,0.0,-0.07259443402290344,-0.053916748613119125,0.09042658697593293
5368,108,23,0.0,0.0,-0.06636455655097961,-0.05650186166167259,0.08715913456111733
5369,108,24,0.0,0.0,-0.06665114313364029,-0.05807189270853996,0.08840090273166436
5370,108,25,0.0,0.0,-0.06331988424062729,-0.06445859372615814,0.09035661594703707
5371,108,26,0.0,0.0,-0.06020943820476532,-0.06270803511142731,0.08693373405341251
5372,108,27,0.0,0.0,-0.05941057950258255,-0.06262728571891785,0.08632377351200336
5373,108,28,0.0,0.0,-0.03063199669122696,-0.0648578554391861,0.07172768387074617
5374,108,29,0.0,0.0,-0.05884108692407608,-0.06485339999198914,0.08756847035850068
5375,108,30,0.0,0.0,-0.07063911855220795,-0.05581751838326454,0.09003044167557418
5376,108,31,0.0,0.0,-0.07076556980609894,-0.053867924958467484,0.08893547778762391
5377,108,32,0.0,0.0,-0.06480558961629868,-0.060210954397916794,0.08845972798411791
5378,108,33,0.0,0.0,-0.06199793517589569,-0.06473401188850403,0.08963390129440726
5379,108,34,0.0,0.0,-0.06988495588302612,-0.05990980938076973,0.09204940151251757
5380,108,35,0.0,0.0,-0.06588319689035416,-0.06195622310042381,0.09043875946386407
5381,108,36,0.0,0.0,-0.05747494846582413,-0.062056634575128555,0.0845836603366169
5382,108,37,0.0,0.0,-0.05272968113422394,-0.0675332099199295,0.08568053288003172
5383,108,38,0.0,0.0,-0.05530847609043121,-0.06333218514919281,0.08408325162133919
5384,108,39,0.0,0.0,-0.05015344172716141,-0.0674409568309784,0.08404552561176393
5385,108,40,0.0,0.0,-0.05268003046512604,-0.07025516033172607,0.08781214701305932
5386,108,41,0.0,0.0,-0.051954373717308044,-0.06605565547943115,0.08403931561581765
5387,108,42,0.0,0.0,-0.041955314576625824,-0.07595087587833405,0.08676856555175806
5388,108,43,0.0,0.0,-0.049996763467788696,-0.06922225654125214,0.08538967828676329
5389,108,44,0.0,0.0,-0.05105302482843399,-0.06813707947731018,0.08514148779431789
5390,108,45,0.0,0.0,-0.04588527977466583,-0.06933479011058807,0.08314308161043021
5391,108,46,0.0,0.0,-0.0503106415271759,-0.06428790092468262,0.08163390751506266
5392,108,47,0.0,0.0,-0.04938846826553345,-0.0690595954656601,0.08490258254903807
5393,108,48,0.0,0.0,-0.056091614067554474,-0.06573830544948578,0.0864163987451072
5394,108,49,0.0,0.0,-0.0577147901058197,-0.06431631743907928,0.0864151936055416
5395,109,0,0.1,0.0,0.055917561054229736,-0.11019310355186462,0.11868353505773041
5396,109,1,0.1,0.0,0.03666406497359276,-0.12533865869045258,0.14043226135041423
5397,109,2,0.1,0.0,0.04210180044174194,-0.11108388006687164,0.1252670344615813
5398,109,3,0.1,0.0,0.036675482988357544,-0.12251202762126923,0.13791008435438082
5399,109,4,0.1,0.0,0.03954296559095383,-0.1216384619474411,0.1358343418818513
5400,109,5,0.1,0.0,0.043077923357486725,-0.12839266657829285,0.14044500575093738
5401,109,6,0.1,0.0,0.04924962669610977,-0.10691796243190765,0.1183513881670808
5402,109,7,0.1,0.0,0.020073972642421722,-0.1481519192457199,0.16833645186160562
5403,109,8,0.1,0.0,0.035502515733242035,-0.13921980559825897,0.15343428478523863
5404,109,9,0.1,0.0,0.03392535448074341,-0.12403272092342377,0.14053460299927323
5405,109,10,0.1,0.0,0.03629198297858238,-0.11712998151779175,0.13333470667144198
5406,109,11,0.1,0.0,0.041574157774448395,-0.11596862971782684,0.1298549272010711
5407,109,12,0.1,0.0,0.05523265153169632,-0.09279525279998779,0.10302948330985735
5408,109,13,0.1,0.0,0.037450239062309265,-0.11927548050880432,0.13468152376613662
5409,109,14,0.1,0.0,0.03618304803967476,-0.12583987414836884,0.14109669479893483
5410,109,15,0.1,0.0,0.038119371980428696,-0.12193283438682556,0.13673634566457296
5411,109,16,0.1,0.0,0.023665931075811386,-0.13539861142635345,0.15543382532353578
5412,109,17,0.1,0.0,0.030987448990345,-0.13044026494026184,0.1475716602689891
5413,109,18,0.1,0.0,0.043928273022174835,-0.11318115890026093,0.12630919719593614
5414,109,19,0.1,0.0,0.032322175800800323,-0.13165198266506195,0.14802882296356865
5415,109,20,0.1,0.0,0.03354243189096451,-0.12115813791751862,0.13818792545880249
5416,109,21,0.1,0.0,0.051638878881931305,-0.10537655651569366,0.11594402398960324
5417,109,22,0.1,0.0,0.046143461018800735,-0.11586454510688782,0.12776979143701958
5418,109,23,0.1,0.0,0.04022626951336861,-0.12159408628940582,0.13549177346556476
5419,109,24,0.1,0.0,0.03864806890487671,-0.12612691521644592,0.14025711458288773
5420,109,25,0.1,0.0,0.035484541207551956,-0.12786073982715607,0.14321526878216495
5421,109,26,0.1,0.0,0.04262616112828255,-0.12203556299209595,0.13484967935325473
5422,109,27,0.1,0.0,0.03665650635957718,-0.12022624909877777,0.1358924175917687
5423,109,28,0.1,0.0,0.04461444169282913,-0.10946652293205261,0.12268039660773283
5424,109,29,0.1,0.0,0.0420958511531353,-0.1095600426197052,0.12392051239609803
5425,109,30,0.1,0.0,0.039196938276290894,-0.11072865128517151,0.12632437029492882
5426,109,31,0.1,0.0,0.03508669137954712,-0.12890002131462097,0.14432239303366579
5427,109,32,0.1,0.0,0.037811510264873505,-0.12843522429466248,0.14269903677024662
5428,109,33,0.1,0.0,0.0409056730568409,-0.12231960892677307,0.13584633305637545
5429,109,34,0.1,0.0,0.03063889965415001,-0.15279097855091095,0.16779763218750138
5430,109,35,0.1,0.0,0.04623465612530708,-0.11459515988826752,0.12658105257810734
5431,109,36,0.1,0.0,0.036720357835292816,-0.1198074072599411,0.13549216931927385
5432,109,37,0.1,0.0,0.03571118414402008,-0.14037680625915527,0.1543978613183632
5433,109,38,0.1,0.0,0.04078584536910057,-0.12771271169185638,0.1407723440038536
5434,109,39,0.1,0.0,0.034599050879478455,-0.13669688999652863,0.15153654305344338
5435,109,40,0.1,0.0,0.03372783586382866,-0.12961044907569885,0.14557083584597555
5436,109,41,0.1,0.0,0.041431725025177,-0.12303474545478821,0.1362636834327144
5437,109,42,0.1,0.0,0.033255189657211304,-0.1373770534992218,0.15273285349204632
5438,109,43,0.1,0.0,0.034014180302619934,-0.13515569269657135,0.15040342306418822
5439,109,44,0.1,0.0,0.040165890008211136,-0.1674259603023529,0.17779643669566197
5440,109,45,0.1,0.0,0.036755822598934174,-0.1204211562871933,0.13601867833750672
5441,109,46,0.1,0.0,0.03862042725086212,-0.11782963573932648,0.1328581010301181
5442,109,47,0.1,0.0,0.04123760759830475,-0.12705686688423157,0.1399873786568209
5443,109,48,0.1,0.0,0.03416627645492554,-0.1262800693511963,0.14241044579367146
5444,110,0,0.2,0.0,0.1477489173412323,0.03274128958582878,0.061661719751856386
5445,110,1,0.2,0.0,0.14955061674118042,0.045772984623909,0.06811979442552565
5446,110,2,0.2,0.0,0.15659457445144653,0.016702448949217796,0.04650809357469134
5447,110,3,0.2,0.0,0.16749048233032227,0.011843649670481682,0.03459972220455231
5448,110,4,0.2,0.0,0.1459285318851471,0.015056062489748001,0.05612850151029112
5449,110,5,0.2,0.0,0.14932334423065186,0.04083811864256859,0.06508360295980482
5450,110,6,0.2,0.0,0.1478559672832489,0.031112954020500183,0.060720804143615956
5451,110,7,0.2,0.0,0.15337754786014557,0.0391119047999382,0.06085551857155148
5452,110,8,0.2,0.0,0.14988291263580322,0.035024743527173996,0.06114290723391267
5453,110,9,0.2,0.0,0.14983892440795898,0.06439662724733353,0.08162756339241342
5454,110,10,0.2,0.0,0.16085216403007507,0.042181309312582016,0.05754837892114657
5455,110,11,0.2,0.0,0.15778732299804688,0.009801805019378662,0.043335729846272805
5456,110,12,0.2,0.0,0.15177904069423676,0.03167783468961716,0.05769528686981969
5457,110,13,0.2,0.0,0.14831078052520752,0.05555624142289162,0.07588327464568122
5458,110,14,0.2,0.0,0.14697207510471344,0.04752098023891449,0.07120536764575726
5459,110,15,0.2,0.0,0.15256424248218536,0.04317910224199295,0.06414503848087855
5460,110,16,0.2,0.0,0.15928223729133606,0.06341236084699631,0.07535956281845546
5461,110,17,0.2,0.0,0.14985591173171997,0.06068618968129158,0.07872257113617899
5462,110,18,0.2,0.0,0.17849856615066528,0.04543594270944595,0.05026665442888926
5463,110,19,0.2,0.0,0.16606417298316956,0.028607184067368507,0.044384809739149975
5464,110,20,0.2,0.0,0.16259188950061798,0.03376825898885727,0.050395059740737644
5465,110,21,0.2,0.0,0.14520511031150818,0.04035799205303192,0.06805326927140662
5466,110,22,0.2,0.0,0.1425134241580963,0.04545290768146515,0.07328487714888209
5467,110,23,0.2,0.0,0.1262260526418686,0.005490325391292572,0.07397796281124953
5468,110,24,0.2,0.0,0.1455000340938568,0.03490515798330307,0.06471952052982251
5469,110,25,0.2,0.0,0.1680087447166443,0.08505924046039581,0.09087637097895289
5470,110,26,0.2,0.0,0.16343358159065247,0.051466166973114014,0.06313374136063792
5471,110,27,0.2,0.0,0.16158221662044525,0.018906310200691223,0.04281792434487168
5472,110,28,0.2,0.0,0.15700867772102356,0.024866485968232155,0.049664835806666106
5473,110,29,0.2,0.0,0.1616758555173874,0.0666709765791893,0.07690096987910475
5474,110,30,0.2,0.0,0.15651163458824158,0.053335659205913544,0.06881809695941887
5475,110,31,0.2,0.0,0.16088470816612244,0.0438852421939373,0.0587870779820697
5476,110,32,0.2,0.0,0.1624525487422943,0.061755552887916565,0.07227419600688786
5477,110,33,0.2,0.0,0.1423627734184265,0.05120661109685898,0.07709842351203171
5478,110,34,0.2,0.0,0.15868331491947174,0.030524346977472305,0.051369292621610725
5479,110,35,0.2,0.0,0.16178598999977112,0.024472136050462723,0.04537836492393651
5480,110,36,0.2,0.0,0.16365791857242584,0.0318395271897316,0.04831668836079403
5481,110,37,0.2,0.0,0.14881163835525513,0.038728341460227966,0.06418826060996825
5482,110,38,0.2,0.0,0.14530448615550995,0.03167138621211052,0.06320344879284254
5483,110,39,0.2,0.0,0.14836274087429047,0.036265548318624496,0.06309989322388874
5484,110,40,0.2,0.0,0.15974542498588562,0.05703045427799225,0.06980618543310561
5485,110,41,0.2,0.0,0.15118925273418427,0.04451843351125717,0.06606345412513309
5486,110,42,0.2,0.0,0.15789073705673218,0.05241437256336212,0.06723434001190312
5487,110,43,0.2,0.0,0.1504339873790741,0.021611787378787994,0.0540727191922482
5488,110,44,0.2,0.0,0.15946246683597565,0.037429094314575195,0.05517452941560753
5489,110,45,0.2,0.0,0.15536685287952423,0.05754457414150238,0.07282510442838308
5490,110,46,0.2,0.0,0.14189156889915466,0.06666059792041779,0.08843203650323393
5491,110,47,0.2,0.0,0.15580451488494873,0.05218272656202316,0.06838331562597413
5492,110,48,0.2,0.0,0.15915872156620026,0.07295003533363342,0.08360453145186283
5493,111,0,0.3,0.0,-0.026359036564826965,-0.02499954029917717,0.32731513524842115
5494,111,1,0.3,0.0,0.0016945600509643555,-0.04042581841349602,0.3010321947858545
5495,111,2,0.3,0.0,0.07548729330301285,-0.0176096111536026,0.2252022510397897
5496,111,3,0.3,0.0,0.08807893097400665,-0.02705925703048706,0.21364162255553526
5497,111,4,0.3,0.0,0.005195055156946182,-0.04231249913573265,0.2978259610695941
5498,111,5,0.3,0.0,0.022079698741436005,-0.03422931954264641,0.28002024956778315
5499,111,6,0.3,0.0,0.018084559589624405,-0.04014582559466362,0.28475955270096415
5500,111,7,0.3,0.0,-0.00661274790763855,-0.04411119595170021,0.30976955109849386
5501,111,8,0.3,0.0,-0.07441151142120361,-0.057721611112356186,0.37883474533642786
5502,111,9,0.3,0.0,0.05587570741772652,-0.028007563203573227,0.24572564747172324
5503,111,10,0.3,0.0,-0.007194526493549347,-0.03957419469952583,0.30973310122379877
5504,111,11,0.3,0.0,-0.09766115248203278,-0.05736647918820381,0.4017776812215795
5505,111,12,0.3,0.0,0.03196072578430176,-0.041418615728616714,0.2712204901016018
5506,111,13,0.3,0.0,0.03551015630364418,-0.03769076243042946,0.26716188162069415
5507,111,14,0.3,0.0,-0.0006046704947948456,-0.04399518296122551,0.30380708360253206
5508,111,15,0.3,0.0,0.04121771454811096,-0.04147423431277275,0.2620846874114048
5509,111,16,0.3,0.0,-0.025273926556110382,-0.044438231736421585,0.3282954214379022
5510,111,17,0.3,0.0,-0.027970314025878906,-0.030879173427820206,0.32942077990591156
5511,111,18,0.3,0.0,-0.017604634165763855,-0.03233538940548897,0.31924642684229576
5512,111,19,0.3,0.0,-0.021749071776866913,-0.03881977126002312,0.3240824583805115
5513,111,20,0.3,0.0,-0.013947971165180206,-0.04205559566617012,0.31675227185541893
5514,111,21,0.3,0.0,0.031992487609386444,-0.04089122638106346,0.2711090538745474
5515,111,22,0.3,0.0,0.06134701147675514,-0.025485683232545853,0.240009935171246
5516,111,23,0.3,0.0,-0.008723728358745575,-0.040400180965662,0.31135592988376304
5517,111,24,0.3,0.0,0.027681151404976845,-0.03913991525769234,0.27511722640812314
5518,111,25,0.3,0.0,0.03291293978691101,-0.031130779534578323,0.2688951899303904
5519,111,26,0.3,0.0,-0.006787646561861038,-0.03401985391974449,0.3086681236274425
5520,111,27,0.3,0.0,-0.01881135255098343,-0.026160039007663727,0.31988283191861033
5521,111,28,0.3,0.0,-0.018873825669288635,-0.04133661463856697,0.32154196056929374
5522,111,29,0.3,0.0,-0.020507290959358215,-0.031076539307832718,0.3220103645124765
5523,111,30,0.3,0.0,-0.01829381287097931,-0.046175871044397354,0.3216258111200884
5524,111,31,0.3,0.0,0.17987725138664246,0.02757900394499302,0.12324802713644478
5525,111,32,0.3,0.0,-0.01086559146642685,-0.023930799216032028,0.3117853413951487
5526,111,33,0.3,0.0,-0.04436515271663666,-0.0411900095641613,0.34681980233753695
5527,111,34,0.3,0.0,-0.013367868959903717,-0.03358255699276924,0.3151621954337861
5528,111,35,0.3,0.0,-0.031854771077632904,-0.046073559671640396,0.3350378515747204
5529,111,36,0.3,0.0,-0.04329557716846466,-0.04860178753733635,0.34671888765288467
5530,111,37,0.3,0.0,0.05374133586883545,-0.034520868211984634,0.248666483470883
5531,111,38,0.3,0.0,-0.0329509899020195,-0.052309807389974594,0.33703512817792586
5532,111,39,0.3,0.0,-0.0372682586312294,-0.04730180278420448,0.34056913956901264
5533,111,40,0.3,0.0,-0.006931029260158539,-0.03928808495402336,0.3094353088160025
5534,111,41,0.3,0.0,0.03555320203304291,-0.034185465425252914,0.266647248253789
5535,111,42,0.3,0.0,-0.06017829477787018,-0.046966638416051865,0.3632275721268947
5536,111,43,0.3,0.0,0.007721345871686935,-0.04530632123351097,0.295769292528437
5537,111,44,0.3,0.0,0.1227368414402008,0.0033751167356967926,0.17729528700892216
5538,111,45,0.3,0.0,-0.03533206135034561,-0.05022994056344032,0.33907320492554216
5539,111,46,0.3,0.0,-0.02232271432876587,-0.04821265861392021,0.3259085648197752
5540,111,47,0.3,0.0,-0.003100559115409851,-0.02577895298600197,0.30419484438946126
5541,111,48,0.3,0.0,0.04108239710330963,-0.03134828433394432,0.26080843548560706
5542,112,0,0.4,0.0,-0.1159193217754364,-0.021582216024398804,0.5163705439214655
5543,112,1,0.4,0.0,-0.07714736461639404,0.013834621757268906,0.4773478860532817
5544,112,2,0.4,0.0,-0.026943013072013855,0.04354938864707947,0.42915834567504824
5545,112,3,0.4,0.0,-0.01315879076719284,0.052823301404714584,0.4165218932535268
5546,112,4,0.4,0.0,-0.02641240507364273,0.057873647660017014,0.43032185430694103
5547,112,5,0.4,0.0,-0.0023131370544433594,0.06209126114845276,0.40707638712850036
5548,112,6,0.4,0.0,-0.0014587566256523132,0.06637203693389893,0.4069083195981247
5549,112,7,0.4,0.0,-0.007265038788318634,0.05878826230764389,0.41148617425668516
5550,112,8,0.4,0.0,-0.0044469162821769714,0.06395351886749268,0.40947205114109686
5551,112,9,0.4,0.0,-0.0014346390962600708,0.059317540377378464,0.4057934697142951
5552,112,10,0.4,0.0,-0.009814798831939697,0.05473524332046509,0.41345388642872105
5553,112,11,0.4,0.0,-0.00043749064207077026,0.05969367176294327,0.40486234495228196
5554,112,12,0.4,0.0,-0.011562898755073547,0.060807403177022934,0.4160307199147822
5555,112,13,0.4,0.0,-2.8096139430999756e-05,0.06860050559043884,0.4058675979530784
5556,112,14,0.4,0.0,-0.005075588822364807,0.05758485198020935,0.4091481978908965
5557,112,15,0.4,0.0,0.019747059792280197,0.06901112198829651,0.3864645307071521
5558,112,16,0.4,0.0,-0.004561424255371094,0.05533194541931152,0.40832777297095535
5559,112,17,0.4,0.0,0.0002223774790763855,0.05785341560840607,0.40394203193780304
5560,112,18,0.4,0.0,-0.00509454682469368,0.049297068268060684,0.4080830709634128
5561,112,19,0.4,0.0,0.004894085228443146,0.06628066301345825,0.400626771667811
5562,112,20,0.4,0.0,0.015517402440309525,0.06819409132003784,0.39048342079685355
5563,112,21,0.4,0.0,-0.007571548223495483,0.054190147668123245,0.4111582895012456
5564,112,22,0.4,0.0,-0.05363871902227402,0.03865774720907211,0.4552828887795479
5565,112,23,0.4,0.0,-0.001375306397676468,0.049908753484487534,0.4044663400830828
5566,112,24,0.4,0.0,-0.004639685153961182,0.06223433092236519,0.4093975900598968
5567,112,25,0.4,0.0,-0.006313566118478775,0.05124101787805557,0.4095318741259277
5568,112,26,0.4,0.0,-0.010270737111568451,0.051598504185676575,0.41350270055257077
5569,112,27,0.4,0.0,-0.011524789035320282,0.05791448801755905,0.41558000422650376
5570,112,28,0.4,0.0,-0.023228183388710022,0.049463387578725815,0.4261088146533358
5571,112,29,0.4,0.0,-0.020856477320194244,0.045999497175216675,0.4233628800954755
5572,112,30,0.4,0.0,-0.019884943962097168,0.05574394389986992,0.4235690657349346
5573,112,31,0.4,0.0,0.0059768445789813995,0.06261128932237625,0.3989666910389218
5574,112,32,0.4,0.0,-0.13226547837257385,-0.037938427180051804,0.5336158390865858
5575,112,33,0.4,0.0,0.005477406084537506,0.055552154779434204,0.3984145065260842
5576,112,34,0.4,0.0,-0.042090170085430145,0.04125367850065231,0.4440107931976426
5577,112,35,0.4,0.0,-0.004980333149433136,0.049825720489025116,0.4080339111643496
5578,112,36,0.4,0.0,0.013737276196479797,0.06136655807495117,0.3911070777294639
5579,112,37,0.4,0.0,-0.13521264493465424,-0.03543182834982872,0.5363841811222251
5580,112,38,0.4,0.0,-0.014488935470581055,0.04327381029725075,0.4167417669074915
5581,112,39,0.4,0.0,-0.0073626115918159485,0.06061862036585808,0.4118481691812709
5582,112,40,0.4,0.0,0.0023908428847789764,0.055007047951221466,0.4013960851156679
5583,112,41,0.4,0.0,-0.012579180300235748,0.05038553476333618,0.4156444178990039
5584,112,42,0.4,0.0,-0.004963129758834839,0.05009695887565613,0.40805004809785295
5585,112,43,0.4,0.0,2.872943878173828e-05,0.06212088093161583,0.40476662550422227
5586,112,44,0.4,0.0,-0.014654047787189484,0.05237957090139389,0.41794927777675966
5587,112,45,0.4,0.0,-0.008085168898105621,0.06111764907836914,0.4126364890596348
5588,112,46,0.4,0.0,-0.006976287811994553,0.05534573271870613,0.41072235022141407
5589,112,47,0.4,0.0,0.0030434206128120422,0.06544382125139236,0.4023150751075096
5590,112,48,0.4,0.0,-0.011165812611579895,0.05520167201757431,0.4148548542009322
5591,113,0,0.5,0.0,-0.15445035696029663,0.3707793951034546,0.7521852362009929
5592,113,1,0.5,0.0,-0.21325944364070892,0.2936129570007324,0.7713284659996463
5593,113,2,0.5,0.0,-0.14087827503681183,0.2758759558200836,0.6977338363687146
5594,113,3,0.5,0.0,-0.14633597433567047,0.3321448564529419,0.726684523977624
5595,113,4,0.5,0.0,-0.1385716199874878,0.3279208242893219,0.7178480207230726
5596,113,5,0.5,0.0,-0.14014212787151337,0.33463865518569946,0.7223330072898251
5597,113,6,0.5,0.0,-0.13408638536930084,0.3349834084510803,0.7171327827175444
5598,113,7,0.5,0.0,-0.20756925642490387,0.32954466342926025,0.7805472041026064
5599,113,8,0.5,0.0,-0.14716650545597076,0.33049434423446655,0.7266711755361314
5600,113,9,0.5,0.0,-0.1466747671365738,0.35379424691200256,0.7371286343638896
5601,113,10,0.5,0.0,-0.1415966898202896,0.30446040630340576,0.710170719894018
5602,113,11,0.5,0.0,-0.13922640681266785,0.30640310049057007,0.7088675892977959
5603,113,12,0.5,0.0,-0.2575531601905823,0.3080471158027649,0.8177895915632212
5604,113,13,0.5,0.0,-0.1848316341638565,0.35420161485671997,0.7710078800626141
5605,113,14,0.5,0.0,-0.14099961519241333,0.25349530577659607,0.6893042700633675
5606,113,15,0.5,0.0,-0.14422906935214996,0.3224252462387085,0.7204090041153213
5607,113,16,0.5,0.0,-0.15180429816246033,0.28626638650894165,0.7118969638563886
5608,113,17,0.5,0.0,-0.19584913551807404,0.2577846050262451,0.7420639608482467
5609,113,18,0.5,0.0,-0.13779020309448242,0.3174177408218384,0.7124116544188065
5610,113,19,0.5,0.0,-0.14812271296977997,0.3079938292503357,0.7175815284158259
5611,113,20,0.5,0.0,-0.14320018887519836,0.31472253799438477,0.7160703588968879
5612,113,21,0.5,0.0,-0.149666890501976,0.27736809849739075,0.7063994129942102
5613,113,22,0.5,0.0,-0.14960864186286926,0.305279940366745,0.7177654418911829
5614,113,23,0.5,0.0,-0.17983025312423706,0.2785196006298065,0.7346715871720855
5615,113,24,0.5,0.0,-0.14898839592933655,0.3215751647949219,0.7242903593613644
5616,113,25,0.5,0.0,-0.14277124404907227,0.3356249928474426,0.7251199955871014
5617,113,26,0.5,0.0,-0.1464547961950302,0.32827189564704895,0.7250284415078246
5618,113,27,0.5,0.0,-0.1263210028409958,0.23871158063411713,0.6702695109644995
5619,113,28,0.5,0.0,-0.21680565178394318,0.2967451512813568,0.7758015385640834
5620,113,29,0.5,0.0,-0.1439535915851593,0.3600960075855255,0.7377976435273164
5621,113,30,0.5,0.0,-0.12935957312583923,0.30749839544296265,0.7004632292170198
5622,113,31,0.5,0.0,-0.13769733905792236,0.30741411447525024,0.7079274920640934
5623,113,32,0.5,0.0,-0.12053605914115906,0.3102191090583801,0.693758528826432
5624,113,33,0.5,0.0,-0.15111508965492249,0.36914491653442383,0.7484776746032873
5625,113,34,0.5,0.0,-0.15172673761844635,0.32340580224990845,0.7275569073658019
5626,113,35,0.5,0.0,-0.1379498392343521,0.2887989580631256,0.7002748285905204
5627,113,36,0.5,0.0,-0.19632463157176971,0.30652546882629395,0.7608060564774312
5628,113,37,0.5,0.0,-0.13188527524471283,0.2707535922527313,0.6874492772480343
5629,113,38,0.5,0.0,-0.13868124783039093,0.3277743458747864,0.7178786514055348
5630,113,39,0.5,0.0,-0.14705350995063782,0.30392906069755554,0.714878394327272
5631,113,40,0.5,0.0,-0.13317705690860748,0.28388646245002747,0.6939054034649369
5632,113,41,0.5,0.0,-0.14496520161628723,0.29128170013427734,0.7076900028466229
5633,113,42,0.5,0.0,-0.14865218102931976,0.3333200514316559,0.7292817758867248
5634,113,43,0.5,0.0,-0.13967391848564148,0.28246885538101196,0.6992648827526191
5635,113,44,0.5,0.0,-0.12251032888889313,0.26020291447639465,0.6747033913323452
5636,113,45,0.5,0.0,-0.14311103522777557,0.3538256585597992,0.7340193459896114
5637,113,46,0.5,0.0,-0.13611751794815063,0.22138947248458862,0.6735419772868801
5638,113,47,0.5,0.0,-0.14328798651695251,0.2997203767299652,0.7096842522024757
5639,113,48,0.5,0.0,-0.156732976436615,0.29724305868148804,0.7208686692273579
5640,113,49,0.5,0.0,-0.153495654463768,0.3541368544101715,0.7432829084908111
5641,114,0,0.6,0.0,-0.1711137294769287,0.18270905315876007,0.7924638678791536
5642,114,1,0.6,0.0,-0.18840554356575012,0.2072797417640686,0.8151982534764073
5643,114,2,0.6,0.0,-0.18610800802707672,0.1993996500968933,0.8110030953967204
5644,114,3,0.6,0.0,-0.1615048050880432,0.18252412974834442,0.7830738318399927
5645,114,4,0.6,0.0,-0.16975393891334534,0.19052620232105255,0.7929825724714843
5646,114,5,0.6,0.0,-0.1588204950094223,0.20098914206027985,0.7849873749764846
5647,114,6,0.6,0.0,-0.17359659075737,0.25115251541137695,0.8133444972635444
5648,114,7,0.6,0.0,-0.16706839203834534,0.22498288750648499,0.7993817722059018
5649,114,8,0.6,0.0,-0.166820228099823,0.21222195029258728,0.7956452842875736
5650,114,9,0.6,0.0,-0.17173030972480774,0.20989255607128143,0.7997640627348066
5651,114,10,0.6,0.0,-0.17309285700321198,0.21465454995632172,0.8023397917131742
5652,114,11,0.6,0.0,-0.16997572779655457,0.24930492043495178,0.8093303186887981
5653,114,12,0.6,0.0,-0.16371873021125793,0.2107604593038559,0.7922665397967205
5654,114,13,0.6,0.0,-0.16646529734134674,0.20408691465854645,0.7931711799879039
5655,114,14,0.6,0.0,-0.17636343836784363,0.20897166430950165,0.8039958612571483
5656,114,15,0.6,0.0,-0.1752326637506485,0.22070908546447754,0.8060385743576371
5657,114,16,0.6,0.0,-0.16209441423416138,0.21395136415958405,0.7915573778524564
5658,114,17,0.6,0.0,-0.18056276440620422,0.218004047870636,0.8104344477287709
5659,114,18,0.6,0.0,-0.19013632833957672,0.1986047625541687,0.8147142254012416
5660,114,19,0.6,0.0,-0.14909924566745758,0.0715651661157608,0.7525099686121974
5661,114,20,0.6,0.0,-0.18853116035461426,0.20799389481544495,0.8155015948057323
5662,114,21,0.6,0.0,-0.1732696145772934,0.21278955042362213,0.8020132727068817
5663,114,22,0.6,0.0,-0.16144461929798126,0.1984967589378357,0.7868919058972922
5664,114,23,0.6,0.0,-0.15397024154663086,0.21470096707344055,0.7839436398110233
5665,114,24,0.6,0.0,-0.17787814140319824,0.21547143161296844,0.8071693383139849
5666,114,25,0.6,0.0,-0.18339113891124725,0.2042030394077301,0.8095681304424082
5667,114,26,0.6,0.0,-0.16742512583732605,0.23263965547084808,0.8019117988058478
5668,114,27,0.6,0.0,-0.17142538726329803,0.2215776890516281,0.8026168453252083
5669,114,28,0.6,0.0,-0.17160232365131378,0.21825383603572845,0.8018758524911556
5670,114,29,0.6,0.0,-0.17801055312156677,0.18857404589653015,0.8005376890280137
5671,114,30,0.6,0.0,-0.16786740720272064,0.2166351079940796,0.797841541322483
5672,114,31,0.6,0.0,-0.16447117924690247,0.19137369096279144,0.7880609579796931
5673,114,32,0.6,0.0,-0.16972136497497559,0.2113662213087082,0.7982146698785116
5674,114,33,0.6,0.0,-0.1682368516921997,0.21778033673763275,0.798508694609833
5675,114,34,0.6,0.0,-0.152304008603096,0.22643108665943146,0.7856413675246856
5676,114,35,0.6,0.0,-0.17940999567508698,0.24359622597694397,0.8165898987058616
5677,114,36,0.6,0.0,-0.16611069440841675,0.21108029782772064,0.7946574659675613
5678,114,37,0.6,0.0,-0.16434337198734283,0.21800217032432556,0.7948243432149633
5679,114,38,0.6,0.0,-0.17086610198020935,0.1973399668931961,0.7957245815705144
5680,114,39,0.6,0.0,-0.15741051733493805,0.2022271305322647,0.783942921450849
5681,114,40,0.6,0.0,-0.1632685661315918,0.20433786511421204,0.7901473705354021
5682,114,41,0.6,0.0,-0.17058643698692322,0.2142399251461029,0.7998138548404929
5683,114,42,0.6,0.0,-0.177599236369133,0.20266233384609222,0.803574883854519
5684,114,43,0.6,0.0,-0.17128247022628784,0.21749521791934967,0.8013618525336416
5685,114,44,0.6,0.0,-0.18011020123958588,0.20342448353767395,0.806196903107818
5686,114,45,0.6,0.0,-0.17039944231510162,0.20980201661586761,0.7984561270949735
5687,114,46,0.6,0.0,-0.17231975495815277,0.21378223598003387,0.8013617462290323
5688,114,47,0.6,0.0,-0.272962749004364,0.1733037829399109,0.8899989676008282
5689,114,48,0.6,0.0,-0.16471132636070251,0.1944408416748047,0.7890441391807884
5690,115,0,0.8,0.0,-0.27776968479156494,0.05513659119606018,1.0791791033671987
5691,115,1,0.8,0.0,-0.3270113468170166,-0.01635853946208954,1.1271300624451637
5692,115,2,0.8,0.0,-0.19034169614315033,0.054885756224393845,0.9918614426198932
5693,115,3,0.8,0.0,-0.18411681056022644,-0.03575591370463371,0.9847661560959972
5694,115,4,0.8,0.0,-0.27490222454071045,0.001852516084909439,1.0749038208781345
5695,115,5,0.8,0.0,-0.17837412655353546,-0.005750689655542374,0.9783910271159011
5696,115,6,0.8,0.0,-0.2042197436094284,-0.08240501582622528,1.0075950972927106
5697,115,7,0.8,0.0,-0.33645641803741455,-0.0068626925349235535,1.1364771386381953
5698,115,8,0.8,0.0,-0.15321184694766998,0.018201660364866257,0.9533856122269867
5699,115,9,0.8,0.0,-0.1620238721370697,0.010735645890235901,0.9620837721603466
5700,115,10,0.8,0.0,-0.12090009450912476,-0.009604144841432571,0.9209501743661545
5701,115,11,0.8,0.0,-0.2024533599615097,0.025470541790127754,1.0027768881447174
5702,115,12,0.8,0.0,-0.10713303089141846,-0.026150234043598175,0.9075098734861159
5703,115,13,0.8,0.0,-0.25406378507614136,0.03898394852876663,1.0547844382867693
5704,115,14,0.8,0.0,-0.08608002960681915,-0.045302826911211014,0.8872373780416201
5705,115,15,0.8,0.0,-0.17025063931941986,0.030210159718990326,0.9707208439350573
5706,115,16,0.8,0.0,-0.21194835007190704,0.052064914256334305,1.013286839206833
5707,115,17,0.8,0.0,-0.1772998422384262,0.0022916682064533234,0.9773025290985495
5708,115,18,0.8,0.0,-0.23876868188381195,0.008851997554302216,1.0388063979025801
5709,115,19,0.8,0.0,-0.19401130080223083,0.050814300775527954,0.995309278207457
5710,115,20,0.8,0.0,-0.13061954081058502,-0.016387369483709335,0.9307638130143973
5711,115,21,0.8,0.0,-0.12897343933582306,0.029500596225261688,0.9294417336062945
5712,115,22,0.8,0.0,-0.12410441040992737,0.07169927656650543,0.9268817333399336
5713,115,23,0.8,0.0,-0.14019662141799927,-0.016973529011011124,0.9403498219348523
5714,115,24,0.8,0.0,-0.07128430902957916,0.04596596956253052,0.8724959699156064
5715,115,25,0.8,0.0,-0.040309056639671326,-0.018111370503902435,0.840504213203113
5716,115,26,0.8,0.0,-0.07908263802528381,0.0545111820101738,0.8807711129695606
5717,115,27,0.8,0.0,-0.2749578356742859,0.03180396929383278,1.0754282128251929
5718,115,28,0.8,0.0,-0.18101266026496887,-0.009526912122964859,0.9810589185440138
5719,115,29,0.8,0.0,-0.11981044709682465,0.03080071322619915,0.9203259979614306
5720,115,30,0.8,0.0,-0.1500854641199112,0.0014592744410037994,0.9500865847983758
5721,115,31,0.8,0.0,-0.13017667829990387,0.05234764516353607,0.931648500673516
5722,115,32,0.8,0.0,-0.24455110728740692,-0.00022708997130393982,1.0445511319725824
5723,115,33,0.8,0.0,-0.1125631034374237,-0.005837012082338333,0.9125817708377653
5724,115,34,0.8,0.0,-0.22651611268520355,0.0057470425963401794,1.026532200226055
5725,115,35,0.8,0.0,-0.09345744550228119,-0.0068991519510746,0.8934840822427145
5726,115,36,0.8,0.0,-0.1340562254190445,-0.02815275266766548,0.9344803955818654
5727,115,37,0.8,0.0,-0.1858503818511963,-0.005559865385293961,0.9858660596142116
5728,115,38,0.8,0.0,-0.012462764978408813,-0.007018212229013443,0.8124930767577362
5729,115,39,0.8,0.0,-0.2801204323768616,-0.009490005671977997,1.080162121464011
5730,115,40,0.8,0.0,-0.2000788301229477,0.020973876118659973,1.0002987403468648
5731,115,41,0.8,0.0,-0.13639241456985474,-0.005421999841928482,0.9364081119609381
5732,115,42,0.8,0.0,-0.1347583830356598,0.04142139479517937,0.9356756738326691
5733,115,43,0.8,0.0,-0.16720078885555267,-0.01564006507396698,0.9673272339794438
5734,115,44,0.8,0.0,-0.07172168791294098,0.015320338308811188,0.8718563034948381
5735,115,45,0.8,0.0,-0.14986486732959747,-0.0016937479376792908,0.9498663774285045
5736,115,46,0.8,0.0,-0.21336577832698822,0.011635351926088333,1.01343257402686
5737,115,47,0.8,0.0,-0.1520497351884842,-0.04044057056307793,0.9529082526769984
5738,115,48,0.8,0.0,-0.2081981748342514,-0.027867671102285385,1.008583247348369
5739,115,49,0.8,0.0,-0.16463537514209747,0.006375350058078766,0.9646564425037021
5740,116,0,1.0,0.0,-0.07505536079406738,0.16931703686714172,1.0883070741962175
5741,116,1,1.0,0.0,0.014744725078344345,0.2185978889465332,1.009214047570102
5742,116,2,1.0,0.0,-0.06533286720514297,0.1699979454278946,1.0788111138643484
5743,116,3,1.0,0.0,-0.07872086763381958,0.19083313643932343,1.0954706733783108
5744,116,4,1.0,0.0,-0.03694657236337662,0.20223061740398407,1.0564825680302312
5745,116,5,1.0,0.0,-0.07485005259513855,0.19266779720783234,1.0919814630499414
5746,116,6,1.0,0.0,-0.06118140369653702,0.18839412927627563,1.0777747072079205
5747,116,7,1.0,0.0,-0.11107304692268372,0.1598827987909317,1.122517627900461
5748,116,8,1.0,0.0,-0.056605033576488495,0.22463460266590118,1.0802198395206597
5749,116,9,1.0,0.0,-0.12545642256736755,0.1739165037870407,1.1388147827402157
5750,116,10,1.0,0.0,-0.23285837471485138,0.11800603568553925,1.2384931152665974
5751,116,11,1.0,0.0,-0.06424055993556976,0.18073198199272156,1.0794776601333593
5752,116,12,1.0,0.0,-0.14485985040664673,0.1517459750175476,1.1548726847610327
5753,116,13,1.0,0.0,-0.05435042828321457,0.19387730956077576,1.0720276287407535
5754,116,14,1.0,0.0,0.009931232780218124,0.22955255210399628,1.016331903465377
5755,116,15,1.0,0.0,-0.0539601594209671,0.18672195076942444,1.0703724139503081
5756,116,16,1.0,0.0,-0.1807221919298172,0.07282018661499023,1.182965626759372
5757,116,17,1.0,0.0,-0.11529231071472168,0.1512836515903473,1.125505966922385
5758,116,18,1.0,0.0,-0.09770672023296356,0.17572757601737976,1.1116835091956494
5759,116,19,1.0,0.0,-0.08770036697387695,0.1766456663608551,1.1019508971633796
5760,116,20,1.0,0.0,-0.0497983917593956,0.17993690073490143,1.0651074835840255
5761,116,21,1.0,0.0,-0.057159826159477234,0.21930250525474548,1.0796668406765781
5762,116,22,1.0,0.0,-0.11272820830345154,0.17469842731952667,1.1263585601672876
5763,116,23,1.0,0.0,0.0844065323472023,0.2203465849161148,0.9417345780487564
5764,116,24,1.0,0.0,-0.19671104848384857,0.15918846428394318,1.207252376566057
5765,116,25,1.0,0.0,-0.13277649879455566,0.11148317158222198,1.1382491351928554
5766,116,26,1.0,0.0,-0.1149175763130188,0.1802099198102951,1.1293878063666745
5767,116,27,1.0,0.0,0.046336740255355835,0.2230544090270996,0.9794012877126562
5768,116,28,1.0,0.0,0.11252177506685257,0.24131892621517181,0.9197023561349257
5769,116,29,1.0,0.0,-0.037377431988716125,0.2160712331533432,1.0596408420761771
5770,116,30,1.0,0.0,-0.06615868210792542,0.2213645577430725,1.0888969661354073
5771,116,31,1.0,0.0,0.05686676874756813,0.21241255104541779,0.9667571482716202
5772,116,32,1.0,0.0,-0.12394464015960693,0.1498977243900299,1.133896327677631
5773,116,33,1.0,0.0,-0.06010258197784424,0.18995501101016998,1.0769867178957993
5774,116,34,1.0,0.0,0.17616945505142212,0.2268911749124527,0.8545035822297201
5775,116,35,1.0,0.0,-0.04029492288827896,0.21283546090126038,1.0618438962503773
5776,116,36,1.0,0.0,-0.1761866807937622,0.13463911414146423,1.183867728732161
5777,116,37,1.0,0.0,-0.02003658562898636,0.22456146776676178,1.0444627752233215
5778,116,38,1.0,0.0,-0.03259365260601044,0.21928781270980835,1.0556215212874709
5779,116,39,1.0,0.0,-0.13982920348644257,0.18772421777248383,1.1551843987255148
5780,116,40,1.0,0.0,-0.062378108501434326,0.18268151581287384,1.0779702137085119
5781,116,41,1.0,0.0,-0.12557800114154816,0.15295463800430298,1.1359229542274556
5782,116,42,1.0,0.0,0.03643076866865158,0.21351104974746704,0.9869410478507573
5783,116,43,1.0,0.0,-0.06771788001060486,0.1936614215373993,1.085138801023273
5784,116,44,1.0,0.0,-0.033748283982276917,0.22918061912059784,1.0588480867512595
5785,116,45,1.0,0.0,0.3362983465194702,0.24806661903858185,0.708545645893066
5786,116,46,1.0,0.0,0.07238256186246872,0.24243202805519104,0.9587739044028001
5787,116,47,1.0,0.0,-0.012505866587162018,0.18976876139640808,1.030136065127004
5788,116,48,1.0,0.0,-0.07301323115825653,0.17409560084342957,1.087044926612381
5789,116,49,1.0,0.0,-0.26045727729797363,0.1170538067817688,1.2658807769989733
5790,117,0,-0.5,0.1,0.18288885056972504,0.12500792741775513,0.6833466021472353
5791,117,1,-0.5,0.1,0.21164290606975555,0.18574398756027222,0.716789827747397
5792,117,2,-0.5,0.1,0.18844760954380035,0.15428097546100616,0.6905841986199592
5793,117,3,-0.5,0.1,0.20503321290016174,0.14081856608390808,0.7062138391659223
5794,117,4,-0.5,0.1,0.20977434515953064,0.17817017436027527,0.7140659613832299
5795,117,5,-0.5,0.1,0.18308469653129578,0.15745550394058228,0.6854967815885926
5796,117,6,-0.5,0.1,0.20455706119537354,0.16660283505916595,0.707698092492964
5797,117,7,-0.5,0.1,0.20574089884757996,0.20518746972084045,0.7135366984903179
5798,117,8,-0.5,0.1,0.18180237710475922,0.13627076148986816,0.6827664678092761
5799,117,9,-0.5,0.1,0.17213276028633118,0.12401427328586578,0.6725616200554199
5800,117,10,-0.5,0.1,0.19604720175266266,0.17030580341815948,0.6995888886067193
5801,117,11,-0.5,0.1,0.2171623259782791,0.2007707953453064,0.7242075358604749
5802,117,12,-0.5,0.1,0.21063970029354095,0.15494613349437714,0.7127607320968767
5803,117,13,-0.5,0.1,0.1989947259426117,0.16956603527069092,0.7024479056548392
5804,117,14,-0.5,0.1,0.20675665140151978,0.18612778186798096,0.7119852239406292
5805,117,15,-0.5,0.1,0.2120261937379837,0.171751007437706,0.7156322432907327
5806,117,16,-0.5,0.1,0.19464045763015747,0.12672556936740875,0.6951543867621399
5807,117,17,-0.5,0.1,0.19998352229595184,0.15874120593070984,0.7024439200107303
5808,117,18,-0.5,0.1,0.2041129320859909,0.165579155087471,0.707160269467055
5809,117,19,-0.5,0.1,0.20360739529132843,0.16201180219650269,0.7063347862878522
5810,117,20,-0.5,0.1,0.20911405980587006,0.19761891663074493,0.7158017900917287
5811,117,21,-0.5,0.1,0.21134528517723083,0.148570254445076,0.7130015318081268
5812,117,22,-0.5,0.1,0.20615345239639282,0.16425301134586334,0.709070622574618
5813,117,23,-0.5,0.1,0.20326653122901917,0.1318012923002243,0.703985181760853
5814,117,24,-0.5,0.1,0.20542752742767334,0.17106099426746368,0.7089976455243003
5815,117,25,-0.5,0.1,0.19988498091697693,0.19242553412914276,0.7059613770400011
5816,117,26,-0.5,0.1,0.19424748420715332,0.15027092397212982,0.6960651802273787
5817,117,27,-0.5,0.1,0.20186537504196167,0.17937296628952026,0.7063392049577815
5818,117,28,-0.5,0.1,0.21497280895709991,0.18609432876110077,0.720137730571611
5819,117,29,-0.5,0.1,0.20152604579925537,0.1524667739868164,0.7034852914648057
5820,117,30,-0.5,0.1,0.19009214639663696,0.10557842254638672,0.6901146928709919
5821,117,31,-0.5,0.1,0.18428009748458862,0.13863250613212585,0.685369770520678
5822,117,32,-0.5,0.1,0.18234114348888397,0.15160667896270752,0.6842899132760015
5823,117,33,-0.5,0.1,0.20309439301490784,0.19620266556739807,0.7096454596143587
5824,117,34,-0.5,0.1,0.1961403638124466,0.1546526551246643,0.698282406223371
5825,117,35,-0.5,0.1,0.2030683159828186,0.17521363496780396,0.7070800151496197
5826,117,36,-0.5,0.1,0.21428726613521576,0.19280506670475006,0.7202909682683754
5827,117,37,-0.5,0.1,0.20486274361610413,0.14595137536525726,0.7063589853863123
5828,117,38,-0.5,0.1,0.1992344707250595,0.15256410837173462,0.7012074090731426
5829,117,39,-0.5,0.1,0.20207031071186066,0.14360567927360535,0.7034231844686107
5830,117,40,-0.5,0.1,0.18822212517261505,0.13256287574768066,0.6889920423735455
5831,117,41,-0.5,0.1,0.1834913045167923,0.13667477667331696,0.68447454488396
5832,117,42,-0.5,0.1,0.18886935710906982,0.11727967858314514,0.689086045756116
5833,117,43,-0.5,0.1,0.18378810584545135,0.12330679595470428,0.6841851945441266
5834,117,44,-0.5,0.1,0.20461878180503845,0.13513916730880737,0.7054944285758554
5835,117,45,-0.5,0.1,0.20455598831176758,0.12837620079517365,0.7051271867099861
5836,117,46,-0.5,0.1,0.2042074203491211,0.15709368884563446,0.7065180678374516
5837,117,47,-0.5,0.1,0.21025116741657257,0.19938679039478302,0.7171711475802556
5838,117,48,-0.5,0.1,0.21680861711502075,0.20939373970031738,0.7251079808249039
5839,118,0,-0.4,0.1,0.20159414410591125,-0.17756369709968567,0.6625383914688793
5840,118,1,-0.4,0.1,0.1907622367143631,-0.20663122832775116,0.6655995271283948
5841,118,2,-0.4,0.1,0.1805594265460968,-0.2509826421737671,0.6784084778795231
5842,118,3,-0.4,0.1,0.19516825675964355,-0.20476537942886353,0.6686607438400524
5843,118,4,-0.4,0.1,0.20211593806743622,-0.19773437082767487,0.6717063037124039
5844,118,5,-0.4,0.1,0.1957782506942749,-0.21459561586380005,0.6737374306961532
5845,118,6,-0.4,0.1,0.17906039953231812,-0.22040142118930817,0.661791520802931
5846,118,7,-0.4,0.1,0.21180321276187897,-0.14733196794986725,0.6599062611581369
5847,118,8,-0.4,0.1,0.18796195089817047,-0.21898038685321808,0.6689153480830077
5848,118,9,-0.4,0.1,0.1931900829076767,-0.23084132373332977,0.6792131152662162
5849,118,10,-0.4,0.1,0.18082360923290253,-0.22288142144680023,0.6645362874650577
5850,118,11,-0.4,0.1,0.17915454506874084,-0.21657101809978485,0.6600281786215756
5851,118,12,-0.4,0.1,0.1866297721862793,-0.2576930820941925,0.6870799302798538
5852,118,13,-0.4,0.1,0.17244529724121094,-0.2232539802789688,0.6574091223125629
5853,118,14,-0.4,0.1,0.11495529115200043,-0.10920621454715729,0.5558292832251579
5854,118,15,-0.4,0.1,0.19657455384731293,-0.2113104611635208,0.6729155976257085
5855,118,16,-0.4,0.1,0.19088153541088104,-0.1998249888420105,0.6625979269690119
5856,118,17,-0.4,0.1,0.10155846178531647,-0.19498759508132935,0.5818750483053206
5857,118,18,-0.4,0.1,0.17943602800369263,-0.22316546738147736,0.6634621540499388
5858,118,19,-0.4,0.1,0.186331644654274,-0.2217811495065689,0.6688257663253971
5859,118,20,-0.4,0.1,0.20170243084430695,-0.1825871616601944,0.6647565864428219
5860,118,21,-0.4,0.1,0.20632196962833405,-0.1649099737405777,0.6616673069158064
5861,118,22,-0.4,0.1,0.1970789134502411,-0.18022650480270386,0.6595681336153684
5862,118,23,-0.4,0.1,0.18419653177261353,-0.18634139001369476,0.6505974019085268
5863,118,24,-0.4,0.1,0.1985255628824234,-0.20961569249629974,0.6738655106649137
5864,118,25,-0.4,0.1,0.20247426629066467,-0.1355961561203003,0.6469009122896147
5865,118,26,-0.4,0.1,0.08680630475282669,-0.16544406116008759,0.554473559290488
5866,118,27,-0.4,0.1,0.19171585142612457,-0.18654285371303558,0.6574454014159302
5867,118,28,-0.4,0.1,0.1977204978466034,-0.1957339346408844,0.6668795645723223
5868,118,29,-0.4,0.1,0.1878843456506729,-0.19793403148651123,0.659069564597642
5869,118,30,-0.4,0.1,0.18319056928157806,-0.2239437848329544,0.6671212901945722
5870,118,31,-0.4,0.1,0.18211022019386292,-0.23261786997318268,0.6704378836847189
5871,118,32,-0.4,0.1,0.18060848116874695,-0.20729181170463562,0.6569128297923525
5872,118,33,-0.4,0.1,0.20516550540924072,-0.1263287365436554,0.646103695951872
5873,118,34,-0.4,0.1,0.18774859607219696,-0.23030535876750946,0.6742032647617272
5874,118,35,-0.4,0.1,0.19187039136886597,-0.23701177537441254,0.6810928695267248
5875,118,36,-0.4,0.1,0.18180975317955017,-0.19382309913635254,0.6517933740695282
5876,118,37,-0.4,0.1,0.1884104162454605,-0.2130008190870285,0.6664805553767543
5877,118,38,-0.4,0.1,0.20151005685329437,-0.14771851897239685,0.6505219543855005
5878,118,39,-0.4,0.1,0.19845280051231384,-0.13271522521972656,0.642107569251523
5879,118,40,-0.4,0.1,0.1839338093996048,-0.21090495586395264,0.661544091758592
5880,118,41,-0.4,0.1,0.20393358170986176,-0.15852297842502594,0.6569398005073591
5881,118,42,-0.4,0.1,0.19084389507770538,-0.20755133032798767,0.666096336228559
5882,118,43,-0.4,0.1,0.1965734362602234,-0.16804635524749756,0.6540250097762306
5883,118,44,-0.4,0.1,0.1864446997642517,-0.2266455441713333,0.6712784052899139
5884,118,45,-0.4,0.1,0.1786293089389801,-0.23188500106334686,0.667052869789209
5885,118,46,-0.4,0.1,0.1905430406332016,-0.2215442806482315,0.6724074711496713
5886,118,47,-0.4,0.1,0.21989117562770844,-0.10596558451652527,0.6532127460684891
5887,118,48,-0.4,0.1,0.18675699830055237,-0.2025545984506607,0.6601689632952423
5888,118,49,-0.4,0.1,0.18111485242843628,-0.22260724008083344,0.6646577337739296
5889,119,0,-0.3,0.1,-0.06998910009860992,-0.0056925006210803986,0.25313221596822555
5890,119,1,-0.3,0.1,-0.03775566816329956,0.008657410740852356,0.2776968818568959
5891,119,2,-0.3,0.1,-0.044943295419216156,0.011104550212621689,0.27010428272152504
5892,119,3,-0.3,0.1,-0.05233260989189148,-8.226558566093445e-05,0.26712468251309307
5893,119,4,-0.3,0.1,-0.07464802265167236,-0.005231298506259918,0.24871095649390831
5894,119,5,-0.3,0.1,-0.03900109976530075,0.016272271052002907,0.274099906089936
5895,119,6,-0.3,0.1,-0.05284148454666138,-0.005245298147201538,0.2686334017638007
5896,119,7,-0.3,0.1,-0.0567755401134491,-0.0005227476358413696,0.26317857184688015
5897,119,8,-0.3,0.1,-0.049809530377388,-0.0016133300960063934,0.2700380342529235
5898,119,9,-0.3,0.1,-0.062111012637615204,0.0038880296051502228,0.25657100608112626
5899,119,10,-0.3,0.1,-0.05002643167972565,0.009656017646193504,0.2657984574942371
5900,119,11,-0.3,0.1,-0.04873805493116379,-0.001983199268579483,0.27116994297456654
5901,119,12,-0.3,0.1,-0.09474444389343262,0.0018078051507472992,0.22753362485999698
5902,119,13,-0.3,0.1,-0.0399714931845665,0.03530556708574295,0.2679555821526419
5903,119,14,-0.3,0.1,-0.0191953182220459,0.014645084738731384,0.2934905975796778
5904,119,15,-0.3,0.1,-0.04983122646808624,-0.0005839280784130096,0.26963223441967266
5905,119,16,-0.3,0.1,0.059197165071964264,-0.021140825003385544,0.3790747985269356
5906,119,17,-0.3,0.1,-0.06765133142471313,-0.0175761878490448,0.26040365538490884
5907,119,18,-0.3,0.1,-0.062165938317775726,-0.016966000199317932,0.2650397821061791
5908,119,19,-0.3,0.1,-0.08820655941963196,-0.01679251715540886,0.2418614345784924
5909,119,20,-0.3,0.1,-0.09837208688259125,-0.0004856996238231659,0.22528025030386165
5910,119,21,-0.3,0.1,-0.07712213695049286,-0.010303061455488205,0.24867912498633268
5911,119,22,-0.3,0.1,-0.05654004216194153,0.029329683631658554,0.25350945679818465
5912,119,23,-0.3,0.1,-0.052926480770111084,-0.024067796766757965,0.2764744872482809
5913,119,24,-0.3,0.1,-0.02696799486875534,0.011610768735408783,0.2869828078988938
5914,119,25,-0.3,0.1,-0.058499135076999664,0.004799099639058113,0.2595879026227748
5915,119,26,-0.3,0.1,-0.061056628823280334,-0.010450989007949829,0.2632363113290601
5916,119,27,-0.3,0.1,-0.05858016759157181,-0.0009261108934879303,0.26166699321885856
5917,119,28,-0.3,0.1,-0.08279597759246826,-0.026796068996191025,0.25150513009260544
5918,119,29,-0.3,0.1,-0.006654355674982071,0.01052808202803135,0.3066869595369888
5919,119,30,-0.3,0.1,-0.04076880216598511,0.026175374165177345,0.2695382891355322
5920,119,31,-0.3,0.1,-0.05859643220901489,-0.007949937134981155,0.2644406766548277
5921,119,32,-0.3,0.1,-0.05053935945034027,0.01254439726471901,0.26434654080058967
5922,119,33,-0.3,0.1,-0.08058695495128632,0.005871154367923737,0.2387515945864574
5923,119,34,-0.3,0.1,-0.0577583909034729,-0.006967272609472275,0.26480746701553526
5924,119,35,-0.3,0.1,-0.05124620348215103,0.009764479473233223,0.26461462629034693
5925,119,36,-0.3,0.1,-0.08613593876361847,-0.02054540067911148,0.24549751590068336
5926,119,37,-0.3,0.1,-0.06815890967845917,-0.01658644899725914,0.2595047037170451
5927,119,38,-0.3,0.1,-0.012346401810646057,0.03452537953853607,0.29501104805728046
5928,119,39,-0.3,0.1,-0.055500343441963196,0.005084456875920296,0.26227665237976666
5929,119,40,-0.3,0.1,-0.016363508999347687,0.031288597732782364,0.2918405657695491
5930,119,41,-0.3,0.1,-0.059463441371917725,-0.001074463129043579,0.26090972219038766
5931,119,42,-0.3,0.1,-0.06663711369037628,0.00805058516561985,0.25082450357798636
5932,119,43,-0.3,0.1,-0.019438639283180237,0.019501514732837677,0.29188128281474474
5933,119,44,-0.3,0.1,-0.04223248362541199,-0.0017405934631824493,0.2771195425374473
5934,119,45,-0.3,0.1,-0.0776020735502243,0.01630851812660694,0.23762386628309098
5935,119,46,-0.3,0.1,-0.06162513792514801,-0.0114101842045784,0.26312507294764365
5936,119,47,-0.3,0.1,-0.05177874118089676,-0.0030216164886951447,0.268751273101513
5937,119,48,-0.3,0.1,-0.0811614990234375,-0.02773139253258705,0.25338823600945404
5938,119,49,-0.3,0.1,-0.06590680778026581,-0.0066831521689891815,0.2572565210064404
5939,120,0,-0.2,0.1,0.05779610574245453,-0.07662902772426605,0.31250063291263
5940,120,1,-0.2,0.1,0.05498714745044708,-0.07575206458568573,0.3096889303334026
5941,120,2,-0.2,0.1,0.06331481784582138,-0.0777415931224823,0.3176897342107487
5942,120,3,-0.2,0.1,0.04597339779138565,-0.07639279961585999,0.3026835512170428
5943,120,4,-0.2,0.1,0.0640096589922905,-0.06824123859405518,0.3130594422867442
5944,120,5,-0.2,0.1,0.04431596398353577,-0.07593344151973724,0.301069536988024
5945,120,6,-0.2,0.1,0.06238584965467453,-0.06673935055732727,0.3108831695722442
5946,120,7,-0.2,0.1,0.04193100333213806,-0.07571572065353394,0.29900940596925335
5947,120,8,-0.2,0.1,0.03456967696547508,-0.07809105515480042,0.29451546186548083
5948,120,9,-0.2,0.1,0.04918790981173515,-0.07085660099983215,0.3021367116084328
5949,120,10,-0.2,0.1,0.0527137853205204,-0.07295113801956177,0.30622924980035393
5950,120,11,-0.2,0.1,0.04800848290324211,-0.07836669683456421,0.3054879476045513
5951,120,12,-0.2,0.1,0.07645447552204132,-0.06783771514892578,0.32341393857188483
5952,120,13,-0.2,0.1,0.06422220915555954,-0.06847502291202545,0.313364339318072
5953,120,14,-0.2,0.1,-0.12212958931922913,-0.0865904688835144,0.20218754644577316
5954,120,15,-0.2,0.1,0.06585827469825745,-0.06412579119205475,0.31243863006989403
5955,120,16,-0.2,0.1,0.06566590815782547,-0.0687079131603241,0.31470737951346744
5956,120,17,-0.2,0.1,-0.12941791117191315,-0.11357393860816956,0.2249347872516435
5957,120,18,-0.2,0.1,0.06387707591056824,-0.07253463566303253,0.31527656382054026
5958,120,19,-0.2,0.1,0.05440116673707962,-0.07249870896339417,0.3073690912099412
5959,120,20,-0.2,0.1,0.06398441642522812,-0.07112595438957214,0.3145979408405436
5960,120,21,-0.2,0.1,-0.1322837918996811,-0.10753330588340759,0.2183015297481484
5961,120,22,-0.2,0.1,0.06298225373029709,-0.07808846235275269,0.317608510906484
5962,120,23,-0.2,0.1,0.0663965493440628,-0.0705784261226654,0.316329133911041
5963,120,24,-0.2,0.1,0.0698152408003807,-0.07850408554077148,0.323518118075193
5964,120,25,-0.2,0.1,0.03365655615925789,-0.07842215895652771,0.29398954580548076
5965,120,26,-0.2,0.1,-0.1301635056734085,-0.11046040058135986,0.22174470941308724
5966,120,27,-0.2,0.1,0.06973981857299805,-0.06640136241912842,0.3169368756373042
5967,120,28,-0.2,0.1,0.05545606464147568,-0.07480962574481964,0.30954192965598976
5968,120,29,-0.2,0.1,-0.12805995345115662,-0.11660835146903992,0.2282423015647732
5969,120,30,-0.2,0.1,0.067789226770401,-0.06958794593811035,0.31697183058088413
5970,120,31,-0.2,0.1,0.07249750196933746,-0.07073858380317688,0.3215688924299792
5971,120,32,-0.2,0.1,0.06662976741790771,-0.07315540313720703,0.3179217301615859
5972,120,33,-0.2,0.1,0.07619138807058334,-0.061887484043836594,0.32013940765610066
5973,120,34,-0.2,0.1,0.07325901836156845,-0.07150091230869293,0.32261905405391356
5974,120,35,-0.2,0.1,-0.13370859622955322,-0.10615356266498566,0.21654985941653848
5975,120,36,-0.2,0.1,0.0706707090139389,-0.06683562695980072,0.3179571655760854
5976,120,37,-0.2,0.1,0.0461873821914196,-0.07345668971538544,0.30115685341244286
5977,120,38,-0.2,0.1,0.0470663383603096,-0.07087941467761993,0.30040231342540785
5978,120,39,-0.2,0.1,-0.10518385469913483,-0.06473961472511292,0.19007693723724983
5979,120,40,-0.2,0.1,0.05136977881193161,-0.07326805591583252,0.3053008105145014
5980,120,41,-0.2,0.1,0.08031630516052246,-0.06824903190135956,0.32693266535265614
5981,120,42,-0.2,0.1,0.04507482051849365,-0.07372839748859406,0.3004050994010036
5982,120,43,-0.2,0.1,0.05044446140527725,-0.07280918955802917,0.30427856356352523
5983,120,44,-0.2,0.1,-0.13863320648670197,-0.11873064935207367,0.2271760997818291
5984,120,45,-0.2,0.1,0.049907464534044266,-0.07458524405956268,0.3048503703018444
5985,120,46,-0.2,0.1,0.05400107055902481,-0.06947197020053864,0.3053478222106438
5986,120,47,-0.2,0.1,0.05764615163207054,-0.07050119340419769,0.30895338872242767
5987,120,48,-0.2,0.1,0.07551144063472748,-0.07293052971363068,0.32528683039382317
5988,121,0,-0.1,0.1,-0.02323894202709198,0.032872289419174194,0.10197249408023351
5989,121,1,-0.1,0.1,-0.0008092522621154785,0.023996740579605103,0.12496119349351818
5990,121,2,-0.1,0.1,0.024488769471645355,0.03724880516529083,0.13941006483661103
5991,121,3,-0.1,0.1,0.032328393310308456,0.0372459851205349,0.14645432755497467
5992,121,4,-0.1,0.1,-0.014043644070625305,0.029324853792786598,0.11128104697597134
5993,121,5,-0.1,0.1,-0.01459919661283493,0.030374182388186455,0.11018644062354838
5994,121,6,-0.1,0.1,0.001695007085800171,0.03247540816664696,0.12207147483520414
5995,121,7,-0.1,0.1,-0.004682473838329315,0.02870093658566475,0.11903355508990805
5996,121,8,-0.1,0.1,-0.029650889337062836,0.02417045831680298,0.10343653495235566
5997,121,9,-0.1,0.1,0.007050342857837677,0.02708989754319191,0.12952088227866135
5998,121,10,-0.1,0.1,0.0011486969888210297,0.02603866532444954,0.12530497966770962
5999,121,11,-0.1,0.1,-0.03451388329267502,0.027901604771614075,0.09739923036612728
6000,121,12,-0.1,0.1,-0.007367148995399475,0.0362713560461998,0.11243747215866585
6001,121,13,-0.1,0.1,-0.02071327716112137,0.0317235141992569,0.10463299160316614
6002,121,14,-0.1,0.1,-0.03213724493980408,0.029507454484701157,0.09784964229667183
6003,121,15,-0.1,0.1,-0.02983155846595764,0.028415698558092117,0.10023932561745544
6004,121,16,-0.1,0.1,-0.0004907771944999695,0.02592705935239792,0.12405194863257017
6005,121,17,-0.1,0.1,-0.004359174519777298,0.025236954912543297,0.12139472974263546
6006,121,18,-0.1,0.1,-0.03075914829969406,0.03182588145136833,0.09716998499571072
6007,121,19,-0.1,0.1,-0.01737835258245468,0.03369307890534401,0.10593839911496733
6008,121,20,-0.1,0.1,0.00036050379276275635,0.026222264394164085,0.12456076827260572
6009,121,21,-0.1,0.1,-0.0026293620467185974,0.029080085456371307,0.12046026487728059
6010,121,22,-0.1,0.1,-0.03040824830532074,0.02771596610546112,0.10033939136750203
6011,121,23,-0.1,0.1,0.011627744883298874,0.03238055855035782,0.13051108109924017
6012,121,24,-0.1,0.1,-0.004612825810909271,0.02926452085375786,0.1187527726405931
6013,121,25,-0.1,0.1,-0.0133366659283638,0.03220205381512642,0.110032245179761
6014,121,26,-0.1,0.1,-0.008560866117477417,0.03012758120894432,0.11507940785778557
6015,121,27,-0.1,0.1,0.0018622055649757385,0.027723759412765503,0.124899014711827
6016,121,28,-0.1,0.1,-0.005184724926948547,0.025939758867025375,0.12031149447934208
6017,121,29,-0.1,0.1,-0.025923222303390503,0.027496635913848877,0.10365378332565528
6018,121,30,-0.1,0.1,-0.015584751963615417,0.028015101328492165,0.11094034314798014
6019,121,31,-0.1,0.1,-0.00936376303434372,0.03376523777842522,0.11225850158381391
6020,121,32,-0.1,0.1,0.007196981459856033,0.023870691657066345,0.13147952092580117
6021,121,33,-0.1,0.1,-0.01261758804321289,0.03158889338374138,0.11097641834122579
6022,121,34,-0.1,0.1,0.03671274706721306,0.03590063750743866,0.1509937200105241
6023,121,35,-0.1,0.1,0.07443062216043472,0.06572327017784119,0.17776652146728195
6024,121,36,-0.1,0.1,0.022136583924293518,0.03780358284711838,0.13706107922875577
6025,121,37,-0.1,0.1,-0.007598623633384705,0.03092442825436592,0.11536658513812019
6026,121,38,-0.1,0.1,0.000590980052947998,0.03260111063718796,0.12108325877408967
6027,121,39,-0.1,0.1,-0.01694025844335556,0.03070146031677723,0.1081721233483182
6028,121,40,-0.1,0.1,-0.00994698703289032,0.026751795783638954,0.11608119815618789
6029,121,41,-0.1,0.1,-0.00497804582118988,0.02611769549548626,0.12036513903476198
6030,121,42,-0.1,0.1,0.017427943646907806,0.03718913346529007,0.13317104378949088
6031,121,43,-0.1,0.1,0.006711732596158981,0.031183091923594475,0.12697700859159736
6032,121,44,-0.1,0.1,-0.022546283900737762,0.030872367322444916,0.1038157393519311
6033,121,45,-0.1,0.1,-0.015941090881824493,0.031482335180044174,0.10844616449887706
6034,121,46,-0.1,0.1,0.0050033703446388245,0.028461800888180733,0.12705676572263155
6035,121,47,-0.1,0.1,-0.0017401129007339478,0.024987760931253433,0.12361974527909084
6036,121,48,-0.1,0.1,-0.026435844600200653,0.027262208983302116,0.10345274864243406
6037,122,0,0.0,0.1,0.005254380404949188,-0.015678074210882187,0.11579734611198256
6038,122,1,0.0,0.1,0.05066987872123718,0.014763517305254936,0.09915994449270563
6039,122,2,0.0,0.1,0.011094663292169571,-0.015988610684871674,0.11651802161971918
6040,122,3,0.0,0.1,0.004350312054157257,-0.014158565551042557,0.1142414255147415
6041,122,4,0.0,0.1,-0.022641852498054504,-0.02022312954068184,0.12233664357460207
6042,122,5,0.0,0.1,-0.028229884803295135,-0.021707672625780106,0.12493872086743717
6043,122,6,0.0,0.1,0.005490146577358246,-0.017348241060972214,0.11747659932746149
6044,122,7,0.0,0.1,0.009178712964057922,-0.01535813882946968,0.1157227245007469
6045,122,8,0.0,0.1,0.004102915525436401,-0.021328430622816086,0.12139778413630277
6046,122,9,0.0,0.1,0.00533042848110199,-0.024187926203012466,0.12430227062446211
6047,122,10,0.0,0.1,-0.005372706800699234,-0.02185012400150299,0.12196851518956822
6048,122,11,0.0,0.1,0.0042205266654491425,-0.017864447087049484,0.11793998784326568
6049,122,12,0.0,0.1,0.009596716612577438,-0.018591884523630142,0.11897954464784334
6050,122,13,0.0,0.1,0.003703031688928604,-0.01540319249033928,0.11546258822948458
6051,122,14,0.0,0.1,0.007570773363113403,-0.010602116584777832,0.11086092549833966
6052,122,15,0.0,0.1,0.011025290936231613,-0.011465761810541153,0.11200970090234527
6053,122,16,0.0,0.1,0.008052460849285126,-0.014831691980361938,0.11511368124077169
6054,122,17,0.0,0.1,0.002445511519908905,-0.01693623512983322,0.11696180407694493
6055,122,18,0.0,0.1,-0.022359326481819153,-0.020138274878263474,0.12220124619432395
6056,122,19,0.0,0.1,0.010314937680959702,-0.016974985599517822,0.11742889420994088
6057,122,20,0.0,0.1,0.010368850082159042,-0.01557372510433197,0.11603792046791422
6058,122,21,0.0,0.1,0.006442904472351074,-0.016428720206022263,0.11660685188637955
6059,122,22,0.0,0.1,0.01391482725739479,-0.011807970702648163,0.11267051402317896
6060,122,23,0.0,0.1,-0.02075963467359543,-0.01987363025546074,0.12165792067269628
6061,122,24,0.0,0.1,0.0006144866347312927,-0.01763896271586418,0.11764056758911336
6062,122,25,0.0,0.1,0.0066127777099609375,-0.027942504733800888,0.12811328325587484
6063,122,26,0.0,0.1,0.0026160217821598053,-0.018093876540660858,0.11812284811316388
6064,122,27,0.0,0.1,0.015049491077661514,-0.00641835480928421,0.10747722280563132
6065,122,28,0.0,0.1,0.005345001816749573,-0.021872878074645996,0.12199003014434658
6066,122,29,0.0,0.1,0.009624157100915909,-0.01809021458029747,0.11848174196695377
6067,122,30,0.0,0.1,0.010642163455486298,-0.01882970705628395,0.11930530131597485
6068,122,31,0.0,0.1,0.011610709130764008,-0.01647351309657097,0.11705079162302277
6069,122,32,0.0,0.1,0.007234010845422745,-0.017775628715753555,0.117997583162973
6070,122,33,0.0,0.1,0.00756458193063736,-0.015461035072803497,0.11570857150560837
6071,122,34,0.0,0.1,-0.02560441941022873,-0.023111581802368164,0.12574596561009854
6072,122,35,0.0,0.1,0.0020919889211654663,-0.017208140343427658,0.11722680828381755
6073,122,36,0.0,0.1,0.015705358237028122,-0.007708370685577393,0.10884737660180487
6074,122,37,0.0,0.1,0.0026288889348506927,-0.017498668283224106,0.11752807369034395
6075,122,38,0.0,0.1,0.007749520242214203,-0.019150059670209885,0.11940180812449645
6076,122,39,0.0,0.1,0.008648134768009186,-0.01742333173751831,0.11774136516664364
6077,122,40,0.0,0.1,0.004496827721595764,-0.018022935837507248,0.11810857226832465
6078,122,41,0.0,0.1,0.005288742482662201,-0.01973745971918106,0.11985420333492866
6079,122,42,0.0,0.1,0.0005623064935207367,-0.02511739358305931,0.12511865714437168
6080,122,43,0.0,0.1,-0.008881442248821259,-0.016534317284822464,0.11687226840212703
6081,122,44,0.0,0.1,-0.0023632757365703583,-0.013766679912805557,0.11379122343392666
6082,122,45,0.0,0.1,0.0021359920501708984,-0.01711312308907509,0.11713260033703361
6083,122,46,0.0,0.1,0.011011578142642975,-0.014622516930103302,0.11515023335010378
6084,122,47,0.0,0.1,0.0073468126356601715,-0.017140548676252365,0.11737071099757787
6085,122,48,0.0,0.1,-0.02912399172782898,-0.023621167987585068,0.1270055119621876
6086,123,0,0.1,0.1,0.08530083298683167,0.03850080072879791,0.06323145595255608
6087,123,1,0.1,0.1,0.08883844316005707,0.03733197599649429,0.0636542346085101
6088,123,2,0.1,0.1,0.07872167229652405,0.026999665424227715,0.07603825404381144
6089,123,3,0.1,0.1,0.09325988590717316,0.03994842618703842,0.06042864101895637
6090,123,4,0.1,0.1,0.08422833681106567,0.03794779255986214,0.06402516542687796
6091,123,5,0.1,0.1,0.07550985366106033,0.03748275339603424,0.06714293254426522
6092,123,6,0.1,0.1,0.0887671560049057,0.044970057904720306,0.0561646802824334
6093,123,7,0.1,0.1,0.0382738895714283,0.0025914907455444336,0.1153192541764626
6094,123,8,0.1,0.1,0.008545689284801483,-0.02290148288011551,0.1531948610186497
6095,123,9,0.1,0.1,0.08827735483646393,0.03750062733888626,0.0635892443158664
6096,123,10,0.1,0.1,0.02686290629208088,-0.004809610545635223,0.12780488620850408
6097,123,11,0.1,0.1,0.04653748869895935,0.013896359130740166,0.10135125596437555
6098,123,12,0.1,0.1,0.0790865570306778,0.04056151956319809,0.06301035671591755
6099,123,13,0.1,0.1,0.08696935325860977,0.037209320813417435,0.0641285205443821
6100,123,14,0.1,0.1,0.07674413919448853,0.02642868459224701,0.0771594032677314
6101,123,15,0.1,0.1,0.08387897908687592,0.030951589345932007,0.07090536177986963
6102,123,16,0.1,0.1,0.07567768543958664,0.03151356428861618,0.0726771412620585
6103,123,17,0.1,0.1,0.07276439666748047,0.03050113655626774,0.0746449603714604
6104,123,18,0.1,0.1,0.03819002956151962,0.007712917402386665,0.11107375054433215
6105,123,19,0.1,0.1,0.006856191903352737,-0.019124940037727356,0.15121679908574046
6106,123,20,0.1,0.1,0.07866516709327698,0.032131046056747437,0.07114330611174273
6107,123,21,0.1,0.1,0.07770298421382904,0.024538366124033928,0.07868681655905968
6108,123,22,0.1,0.1,0.09418715536594391,0.039884332567453384,0.06039604816211257
6109,123,23,0.1,0.1,0.08082617819309235,0.03431450575590134,0.06842674620917297
6110,123,24,0.1,0.1,0.07040800899267197,0.032035842537879944,0.07412700338819608
6111,123,25,0.1,0.1,0.07842278480529785,0.03564783185720444,0.06787324775076789
6112,123,26,0.1,0.1,-0.0068690478801727295,-0.03058575466275215,0.1687413189342052
6113,123,27,0.1,0.1,-0.043820932507514954,-0.05543386563658714,0.21176436719633404
6114,123,28,0.1,0.1,0.07743377983570099,0.02808373048901558,0.07537363008957552
6115,123,29,0.1,0.1,0.07755941152572632,0.03363727778196335,0.07005419981171722
6116,123,30,0.1,0.1,-0.05243079364299774,-0.05572672560811043,0.21791273464223673
6117,123,31,0.1,0.1,0.079283207654953,0.037110503762960434,0.06621385219133842
6118,123,32,0.1,0.1,0.0851253867149353,0.03962313011288643,0.06218215610402767
6119,123,33,0.1,0.1,0.08817651867866516,0.03935731574892998,0.06178454389028805
6120,123,34,0.1,0.1,0.08459873497486115,0.03606133908033371,0.06576740320686705
6121,123,35,0.1,0.1,0.09285569190979004,0.041940122842788696,0.05849778178357114
6122,123,36,0.1,0.1,0.07654953002929688,0.03386935591697693,0.0701654233129276
6123,123,37,0.1,0.1,0.07725942879915237,0.03661345690488815,0.0673423152563772
6124,123,38,0.1,0.1,0.021926194429397583,-0.008422426879405975,0.1336074165856685
6125,123,39,0.1,0.1,0.07950624823570251,0.033440325409173965,0.06964326344315938
6126,123,40,0.1,0.1,-0.01900631934404373,-0.04247918352484703,0.1856416488337775
6127,123,41,0.1,0.1,0.06880452483892441,0.022455867379903793,0.08358379133736608
6128,123,42,0.1,0.1,0.07826261222362518,0.031238172203302383,0.07211589969821626
6129,123,43,0.1,0.1,0.08646342903375626,0.040674399584531784,0.0608503542979
6130,123,44,0.1,0.1,0.08068052679300308,0.038393981754779816,0.06456425891332042
6131,123,45,0.1,0.1,0.09263581037521362,0.04298868030309677,0.05748497075246989
6132,123,46,0.1,0.1,0.07385395467281342,0.026622716337442398,0.07789635064588545
6133,123,47,0.1,0.1,0.08619998395442963,0.031566072255373,0.06981148121487489
6134,123,48,0.1,0.1,0.08056288957595825,0.03135042265057564,0.07134820062125598
6135,123,49,0.1,0.1,0.07890991121530533,0.03507591411471367,0.06826367096037497
6136,124,0,0.2,0.1,-0.019142791628837585,0.02552848309278488,0.231451009834353
6137,124,1,0.2,0.1,0.10620380938053131,0.0725194439291954,0.09773897040937327
6138,124,2,0.2,0.1,-0.007687896490097046,0.022636745125055313,0.2216288238323863
6139,124,3,0.2,0.1,0.09654030203819275,0.06958477199077606,0.10783781895606692
6140,124,4,0.2,0.1,0.1099402904510498,0.08141905069351196,0.09195652756151436
6141,124,5,0.2,0.1,0.11021937429904938,0.08251563459634781,0.09146728259231618
6142,124,6,0.2,0.1,0.10412199795246124,0.07837618887424469,0.09828621716309051
6143,124,7,0.2,0.1,0.1200435534119606,0.08708120882511139,0.08099338563368233
6144,124,8,0.2,0.1,0.11770030856132507,0.08803217858076096,0.08316530502814201
6145,124,9,0.2,0.1,-0.045815467834472656,0.018572431057691574,0.2589511405855071
6146,124,10,0.2,0.1,0.12170570343732834,0.09098231047391891,0.07881190010799367
6147,124,11,0.2,0.1,0.11068345606327057,0.08108392357826233,0.09129766135008466
6148,124,12,0.2,0.1,0.11464829742908478,0.08092251420021057,0.08745778179324665
6149,124,13,0.2,0.1,0.09961143136024475,0.0709770917892456,0.10449973164821395
6150,124,14,0.2,0.1,0.11270368099212646,0.08350107073783875,0.0888417805940551
6151,124,15,0.2,0.1,0.04644382745027542,0.04078078642487526,0.16457950475249652
6152,124,16,0.2,0.1,0.03976753354072571,0.04035716876387596,0.17097283592864465
6153,124,17,0.2,0.1,0.03818272426724434,0.04143543541431427,0.17208904366833364
6154,124,18,0.2,0.1,0.11071747541427612,0.07998676598072052,0.0914980804842967
6155,124,19,0.2,0.1,0.11727321147918701,0.08575533330440521,0.08394421998110356
6156,124,20,0.2,0.1,-0.03651127219200134,0.01931331306695938,0.2498958249393324
6157,124,21,0.2,0.1,0.11127516627311707,0.08115562796592712,0.09070394962305431
6158,124,22,0.2,0.1,0.11913153529167175,0.09082819521427155,0.08138691901841257
6159,124,23,0.2,0.1,0.10724100470542908,0.0799737349152565,0.09489616694736752
6160,124,24,0.2,0.1,0.10899664461612701,0.08305465430021286,0.09256757224864862
6161,124,25,0.2,0.1,0.11192149668931961,0.08195988833904266,0.0899069984716949
6162,124,26,0.2,0.1,0.1061454713344574,0.08011448383331299,0.09593803366885695
6163,124,27,0.2,0.1,-0.01648435741662979,0.019169881939888,0.2310822039701516
6164,124,28,0.2,0.1,0.11052912473678589,0.08022499084472656,0.09163017247313665
6165,124,29,0.2,0.1,0.11318846046924591,0.08298933506011963,0.08846245597651331
6166,124,30,0.2,0.1,0.10621627420186996,0.0809294581413269,0.09570304483851204
6167,124,31,0.2,0.1,0.11877653747797012,0.08755527436733246,0.08217129705767073
6168,124,32,0.2,0.1,-0.03328937292098999,0.024468598887324333,0.2452119982217686
6169,124,33,0.2,0.1,0.08374041318893433,0.05915975943207741,0.12322425400514912
6170,124,34,0.2,0.1,0.10287478566169739,0.077847421169281,0.09961949612958522
6171,124,35,0.2,0.1,-0.044664062559604645,0.019361138343811035,0.25761042198904943
6172,124,36,0.2,0.1,0.024162903428077698,0.03759229928255081,0.186583508487975
6173,124,37,0.2,0.1,0.09813977032899857,0.07126294076442719,0.10583631211516199
6174,124,38,0.2,0.1,0.11075446754693985,0.08244539797306061,0.0909556436685181
6175,124,39,0.2,0.1,0.09974338114261627,0.07195048034191132,0.10410650881555973
6176,124,40,0.2,0.1,0.11110039055347443,0.08120936155319214,0.0908637917598833
6177,124,41,0.2,0.1,0.10775136947631836,0.08083193004131317,0.09421902535812945
6178,124,42,0.2,0.1,0.10461224615573883,0.07643403112888336,0.09825567908415168
6179,124,43,0.2,0.1,0.09492011368274689,0.06982564926147461,0.10932645586013656
6180,124,44,0.2,0.1,0.09958091378211975,0.07670749723911285,0.10308507923894711
6181,124,45,0.2,0.1,0.09321680665016174,0.0666593462228775,0.11186710676635424
6182,124,46,0.2,0.1,0.008471637964248657,0.03456548973917961,0.20239760027522868
6183,124,47,0.2,0.1,-0.03827107697725296,0.026308145374059677,0.24940648660792833
6184,124,48,0.2,0.1,0.09528829157352448,0.07440969347953796,0.10779334705538385
6185,124,49,0.2,0.1,0.09540147334337234,0.06365317851305008,0.11073365888898214
6186,125,0,0.3,0.1,0.05840284377336502,-0.05055519565939903,0.2846683207468597
6187,125,1,0.3,0.1,0.05142591893672943,-0.054470885545015335,0.2926607733494713
6188,125,2,0.3,0.1,-0.07658976316452026,-0.12733343243598938,0.43988673453906063
6189,125,3,0.3,0.1,0.023447372019290924,-0.051406797021627426,0.3152861783005794
6190,125,4,0.3,0.1,0.04752791300415993,-0.03764895722270012,0.2875576292441773
6191,125,5,0.3,0.1,0.06774751842021942,-0.04332559183239937,0.27291654488886136
6192,125,6,0.3,0.1,-0.004933059215545654,-0.06980699300765991,0.3490251931836081
6193,125,7,0.3,0.1,0.038848116993904114,-0.05539315566420555,0.30388704945243983
6194,125,8,0.3,0.1,0.05017642676830292,-0.05575178936123848,0.29439843347321115
6195,125,9,0.3,0.1,0.03944617509841919,-0.04972991719841957,0.3005118030545376
6196,125,10,0.3,0.1,0.030983662232756615,-0.048118773847818375,0.3070976410718271
6197,125,11,0.3,0.1,0.04189453274011612,-0.03692133352160454,0.29217440648143267
6198,125,12,0.3,0.1,-0.08509297668933868,-0.13452039659023285,0.45088403954042955
6199,125,13,0.3,0.1,0.03046446293592453,-0.05185140296816826,0.30936750689725095
6200,125,14,0.3,0.1,0.03839624673128128,-0.0562831349670887,0.3047309337750631
6201,125,15,0.3,0.1,0.03521845489740372,-0.051846351474523544,0.3052320118910249
6202,125,16,0.3,0.1,0.026602836325764656,-0.05124432221055031,0.3124433614369897
6203,125,17,0.3,0.1,0.044215794652700424,-0.04114333912730217,0.2921420919435509
6204,125,18,0.3,0.1,0.04472212865948677,-0.040337782353162766,0.2913099461946799
6205,125,19,0.3,0.1,0.021080899983644485,-0.054134760051965714,0.31867442415451347
6206,125,20,0.3,0.1,0.043563008308410645,-0.054601360112428665,0.29943532065613954
6207,125,21,0.3,0.1,0.05665813758969307,-0.04391438141465187,0.28271294837569544
6208,125,22,0.3,0.1,0.04438287764787674,-0.043367233127355576,0.2930772539351593
6209,125,23,0.3,0.1,0.05070244148373604,-0.035898637026548386,0.28393258394880216
6210,125,24,0.3,0.1,0.04283822700381279,-0.04491794481873512,0.29518365168319954
6211,125,25,0.3,0.1,-0.10726882517337799,-0.14479325711727142,0.4751753725606853
6212,125,26,0.3,0.1,-0.10706356167793274,-0.14753678441047668,0.4764191462170711
6213,125,27,0.3,0.1,0.041284579783678055,-0.04593683406710625,0.2970374188469159
6214,125,28,0.3,0.1,0.03364711254835129,-0.05201134458184242,0.30667785954550136
6215,125,29,0.3,0.1,0.023460887372493744,-0.05076867714524269,0.3149683711437309
6216,125,30,0.3,0.1,0.03556356579065323,-0.042347777634859085,0.30031569645114703
6217,125,31,0.3,0.1,0.04163070023059845,-0.03939054533839226,0.29357182969942
6218,125,32,0.3,0.1,0.02587461844086647,-0.0541895367205143,0.3145141301261795
6219,125,33,0.3,0.1,0.03949035331606865,-0.04838581010699272,0.2998059783534932
6220,125,34,0.3,0.1,0.03620538488030434,-0.04765262082219124,0.30230596322568654
6221,125,35,0.3,0.1,0.02822769805788994,-0.051812220364809036,0.31129910753968887
6222,125,36,0.3,0.1,0.03357775881886482,-0.04353593662381172,0.3026274536430128
6223,125,37,0.3,0.1,0.03696128726005554,-0.04225968196988106,0.2990437785911266
6224,125,38,0.3,0.1,0.020174574106931686,-0.05150214955210686,0.3182061757652513
6225,125,39,0.3,0.1,0.02920423075556755,-0.05269770696759224,0.3108809070268622
6226,125,40,0.3,0.1,0.03161339834332466,-0.05414913222193718,0.3095049642794041
6227,125,41,0.3,0.1,0.03221583366394043,-0.051732148975133896,0.3077840229331449
6228,125,42,0.3,0.1,0.03824622184038162,-0.04818183556199074,0.3007871286663636
6229,125,43,0.3,0.1,0.05984867736697197,-0.037584152072668076,0.2767707655514718
6230,125,44,0.3,0.1,0.03940725699067116,-0.046385396271944046,0.2988933956293116
6231,125,45,0.3,0.1,-0.11535418033599854,-0.16225998103618622,0.49122234555819005
6232,125,46,0.3,0.1,0.03862921893596649,-0.051824960857629776,0.3022672723492303
6233,125,47,0.3,0.1,0.04382333159446716,-0.049937400966882706,0.2968294285344061
6234,125,48,0.3,0.1,0.019105732440948486,-0.05756484344601631,0.3220687340269211
6235,125,49,0.3,0.1,0.030612561851739883,-0.04999776557087898,0.30833248532767193
6236,126,0,0.4,0.1,0.009192503988742828,0.027086179703474045,0.39755115913404515
6237,126,1,0.4,0.1,0.047142889350652695,0.03890911862254143,0.358106459482764
6238,126,2,0.4,0.1,-0.12392887473106384,-0.017894696444272995,0.5370294454000135
6239,126,3,0.4,0.1,0.037228718400001526,0.04985356330871582,0.36622079114454764
6240,126,4,0.4,0.1,0.03365655988454819,0.04629728943109512,0.3702586896185844
6241,126,5,0.4,0.1,0.05514161288738251,0.04498757794499397,0.34921866178982197
6242,126,6,0.4,0.1,-0.14102649688720703,-0.03489534929394722,0.5575898363449419
6243,126,7,0.4,0.1,0.0074828267097473145,0.031156722456216812,0.39850863000785897
6244,126,8,0.4,0.1,0.010311901569366455,0.03612685203552246,0.39488807666144493
6245,126,9,0.4,0.1,0.03089129365980625,0.03983963280916214,0.3739792866946883
6246,126,10,0.4,0.1,0.016373131424188614,0.032638050615787506,0.3894960930717073
6247,126,11,0.4,0.1,0.014456875622272491,0.04239882528781891,0.38982226216977794
6248,126,12,0.4,0.1,0.05326630547642708,0.049138136208057404,0.350444266762001
6249,126,13,0.4,0.1,0.0210636705160141,0.032060857862234116,0.38497853035878704
6250,126,14,0.4,0.1,0.01554952934384346,0.03313399478793144,0.3902220227521259
6251,126,15,0.4,0.1,0.0037566348910331726,0.03232734650373459,0.4019805871234376
6252,126,16,0.4,0.1,0.023435458540916443,0.042430270463228226,0.3809397953000276
6253,126,17,0.4,0.1,-0.004249982535839081,0.031695760786533356,0.4099798988667087
6254,126,18,0.4,0.1,0.027940142899751663,0.037360452115535736,0.3772959716517357
6255,126,19,0.4,0.1,0.0589480884373188,0.04672174155712128,0.3451883242568687
6256,126,20,0.4,0.1,0.02026079222559929,0.027867421507835388,0.38652939707227674
6257,126,21,0.4,0.1,0.04174315556883812,0.03704504668712616,0.3637461927338895
6258,126,22,0.4,0.1,-0.007468119263648987,0.02393718808889389,0.4145067183678446
6259,126,23,0.4,0.1,0.045830950140953064,0.04296590015292168,0.35873193950835575
6260,126,24,0.4,0.1,0.04648442566394806,0.042112093418836594,0.3582237722799789
6261,126,25,0.4,0.1,0.038305558264255524,0.03783169761300087,0.36699832016538336
6262,126,26,0.4,0.1,0.0021684356033802032,0.011594414710998535,0.407535889389576
6263,126,27,0.4,0.1,0.02440865896642208,0.028040915727615356,0.38242249576707904
6264,126,28,0.4,0.1,0.05628460645675659,0.05038650706410408,0.3472776561195478
6265,126,29,0.4,0.1,0.03573685511946678,0.045292582362890244,0.3683483952222101
6266,126,30,0.4,0.1,-0.006859231740236282,0.029615681618452072,0.41290239370375464
6267,126,31,0.4,0.1,0.04844984412193298,0.04985750466585159,0.35510812710529216
6268,126,32,0.4,0.1,0.05286116898059845,0.046382300555706024,0.3512552144740563
6269,126,33,0.4,0.1,0.039418160915374756,0.04680139943957329,0.36448505288864513
6270,126,34,0.4,0.1,0.030709337443113327,0.035665929317474365,0.3748525924977558
6271,126,35,0.4,0.1,0.0009501762688159943,0.037046726793050766,0.4039849952997733
6272,126,36,0.4,0.1,0.03617741912603378,0.037309031933546066,0.3691842735422283
6273,126,37,0.4,0.1,0.014570116996765137,0.02344224601984024,0.39295964730029725
6274,126,38,0.4,0.1,0.07425937801599503,0.06726449728012085,0.3273813769120804
6275,126,39,0.4,0.1,0.0230165496468544,0.04601496085524559,0.38082923508000704
6276,126,40,0.4,0.1,-0.007234692573547363,0.024223895743489265,0.4142247129418587
6277,126,41,0.4,0.1,0.06107192113995552,0.055475782603025436,0.3418400921111706
6278,126,42,0.4,0.1,0.042597558349370956,0.03863948583602905,0.36263151820587547
6279,126,43,0.4,0.1,0.021601825952529907,0.031133446842432022,0.3846138066505981
6280,126,44,0.4,0.1,0.027184881269931793,0.04037309065461159,0.37755328242752445
6281,126,45,0.4,0.1,0.04244751110672951,0.038153305649757385,0.3628619515956787
6282,126,46,0.4,0.1,0.05575552582740784,0.05618267506361008,0.3470219243260369
6283,126,47,0.4,0.1,0.07149918377399445,0.05785089731216431,0.3311937999397658
6284,126,48,0.4,0.1,0.02355371043086052,0.032271526753902435,0.38249046395775643
6285,126,49,0.4,0.1,0.06129556894302368,0.05997409299015999,0.34106123328456783
6286,127,0,0.5,0.1,-0.11597725749015808,0.18541419506072998,0.6218710207615152
6287,127,1,0.5,0.1,-0.1114773154258728,0.19804947078227997,0.619288467518262
6288,127,2,0.5,0.1,-0.10496251285076141,0.20094791054725647,0.6133270926663558
6289,127,3,0.5,0.1,-0.08705729246139526,0.17432543635368347,0.5917436396965071
6290,127,4,0.5,0.1,-0.12090219557285309,0.17801637947559357,0.6257843813436617
6291,127,5,0.5,0.1,-0.14079931378364563,0.1666942685842514,0.6442607282828742
6292,127,6,0.5,0.1,-0.08854256570339203,0.2420525997877121,0.6054430549202621
6293,127,7,0.5,0.1,-0.12441515922546387,0.15755459666252136,0.6270620564725209
6294,127,8,0.5,0.1,-0.08315485715866089,0.20463527739048004,0.5924678292551596
6295,127,9,0.5,0.1,-0.10971669852733612,0.20637305080890656,0.6189262301772875
6296,127,10,0.5,0.1,-0.13027970492839813,0.2003074437379837,0.6382116339537203
6297,127,11,0.5,0.1,-0.13344630599021912,0.1432347595691681,0.6349200477285767
6298,127,12,0.5,0.1,-0.09255243837833405,0.2120678871870041,0.6030568825298891
6299,127,13,0.5,0.1,-0.14156734943389893,0.19180257618427277,0.6481021345850573
6300,127,14,0.5,0.1,-0.14584770798683167,0.19378739595413208,0.6526218947841859
6301,127,15,0.5,0.1,-0.1299753338098526,0.18001168966293335,0.6350360554264244
6302,127,16,0.5,0.1,-0.09115377068519592,0.2238367199897766,0.6039853589393964
6303,127,17,0.5,0.1,-0.1695762574672699,0.14234435558319092,0.6709138610981528
6304,127,18,0.5,0.1,-0.15271694958209991,0.17965282499790192,0.6575591143022108
6305,127,19,0.5,0.1,-0.0861864686012268,0.206640362739563,0.5958076392061473
6306,127,20,0.5,0.1,-0.13348866999149323,0.15733827650547028,0.6360782758121902
6307,127,21,0.5,0.1,-0.15587118268013,0.14075908064842224,0.6571364477226453
6308,127,22,0.5,0.1,-0.12250445783138275,0.19040101766586304,0.6290342947844477
6309,127,23,0.5,0.1,-0.13696672022342682,0.1842951774597168,0.6425202561905379
6310,127,24,0.5,0.1,-0.12529736757278442,0.18881073594093323,0.6315727548840466
6311,127,25,0.5,0.1,-0.05771943926811218,0.2106790393590927,0.5685954824750097
6312,127,26,0.5,0.1,-0.16525603830814362,0.1586046665906906,0.6678323917358698
6313,127,27,0.5,0.1,-0.13273903727531433,0.15310721099376678,0.6349638297979091
6314,127,28,0.5,0.1,-0.14696519076824188,0.16287752985954285,0.6500134935730375
6315,127,29,0.5,0.1,-0.11001431941986084,0.1915673464536667,0.6168484812608699
6316,127,30,0.5,0.1,-0.1420089155435562,0.17401689291000366,0.6462615167820718
6317,127,31,0.5,0.1,-0.10909754037857056,0.22118012607097626,0.6210349721632447
6318,127,32,0.5,0.1,-0.08386814594268799,0.16744868457317352,0.587751084131032
6319,127,33,0.5,0.1,-0.13592806458473206,0.14497220516204834,0.6375162763127076
6320,127,34,0.5,0.1,-0.15937811136245728,0.13770638406276703,0.6604553468199118
6321,127,35,0.5,0.1,-0.13255371153354645,0.1468968540430069,0.6342897704472272
6322,127,36,0.5,0.1,-0.14561402797698975,0.18307222425937653,0.6509366079458686
6323,127,37,0.5,0.1,-0.1398475021123886,0.15314717590808868,0.6420509701468167
6324,127,38,0.5,0.1,-0.1309710443019867,0.17162978649139404,0.635023846056463
6325,127,39,0.5,0.1,-0.08365488052368164,0.20689290761947632,0.593362547906808
6326,127,40,0.5,0.1,-0.1551879346370697,0.16757486760616302,0.6586634895194811
6327,127,41,0.5,0.1,-0.10314305126667023,0.21960285305976868,0.6148872927222564
6328,127,42,0.5,0.1,-0.07712535560131073,0.2431415617465973,0.594611791656703
6329,127,43,0.5,0.1,-0.13188426196575165,0.19124634563922882,0.6384384199846657
6330,127,44,0.5,0.1,-0.12989315390586853,0.18202151358127594,0.635210920897654
6331,127,45,0.5,0.1,-0.17154057323932648,0.1935683637857437,0.6780278609379886
6332,127,46,0.5,0.1,-0.08187130093574524,0.24881480634212494,0.6005997481179132
6333,127,47,0.5,0.1,-0.15000119805335999,0.19127783179283142,0.6563788540527519
6334,127,48,0.5,0.1,-0.16214652359485626,0.18803125619888306,0.6679726946340748
6335,127,49,0.5,0.1,-0.1098092645406723,0.22846347093582153,0.6231935513823248
6336,128,0,-1.0,0.2,-0.6146378517150879,-0.04060305282473564,0.4543058599218649
6337,128,1,-1.0,0.2,-0.6871533393859863,-0.07033754885196686,0.41346756024702763
6338,128,2,-1.0,0.2,-0.6691789031028748,-0.04763225093483925,0.41323640915978394
6339,128,3,-1.0,0.2,-0.7640539407730103,-0.01619972661137581,0.3200201003868035
6340,128,4,-1.0,0.2,-0.6792029142379761,-0.017806164920330048,0.38775030072291283
6341,128,5,-1.0,0.2,-0.598549485206604,0.014294758439064026,0.44232222708234803
6342,128,6,-1.0,0.2,-0.7362634539604187,-0.04363275691866875,0.3590457992522393
6343,128,7,-1.0,0.2,-0.6621881723403931,-0.07891681790351868,0.43807695923906864
6344,128,8,-1.0,0.2,-0.7448156476020813,-0.03398964926600456,0.3462227746298227
6345,128,9,-1.0,0.2,-0.7053539752960205,-0.05552075430750847,0.3900091482974934
6346,128,10,-1.0,0.2,-0.7574766874313354,-0.01896706223487854,0.3267478102192138
6347,128,11,-1.0,0.2,-0.7040018439292908,-0.04137221351265907,0.3819364526374258
6348,128,12,-1.0,0.2,-0.7078558206558228,-0.020746003836393356,0.36616529018248
6349,128,13,-1.0,0.2,-0.6499805450439453,-0.0023917220532894135,0.40432168876209146
6350,128,14,-1.0,0.2,-0.7403483986854553,-0.01659638062119484,0.33813155156448915
6351,128,15,-1.0,0.2,-0.7299122214317322,0.009699078276753426,0.33039650261565856
6352,128,16,-1.0,0.2,-0.6968451738357544,-0.032509688287973404,0.3820518338844149
6353,128,17,-1.0,0.2,-0.7455706596374512,-0.03595272824168205,0.34699852910641393
6354,128,18,-1.0,0.2,-0.7031760215759277,-0.04829973354935646,0.3869847953707943
6355,128,19,-1.0,0.2,-0.7626352310180664,-0.0291743241250515,0.3299437897461034
6356,128,20,-1.0,0.2,-0.7014282941818237,-0.04135223850607872,0.3839218234837279
6357,128,21,-1.0,0.2,-0.6575326323509216,-0.039146821945905685,0.41770216704168023
6358,128,22,-1.0,0.2,-0.6855325698852539,0.011799708008766174,0.36648207938255095
6359,128,23,-1.0,0.2,-0.7001096606254578,-0.02148326113820076,0.3728123530874353
6360,128,24,-1.0,0.2,-0.7178521752357483,-0.025799553841352463,0.3613763046107931
6361,128,25,-1.0,0.2,-0.6110536456108093,-0.005471821874380112,0.4398840030928823
6362,128,26,-1.0,0.2,-0.7643737196922302,-0.02864476665854454,0.3283263213512069
6363,128,27,-1.0,0.2,-0.7210251092910767,-0.02251473441720009,0.3568470213954613
6364,128,28,-1.0,0.2,-0.5882033109664917,0.013162875548005104,0.4521997613582411
6365,128,29,-1.0,0.2,-0.6843647956848145,-0.0002578906714916229,0.37380316341529807
6366,128,30,-1.0,0.2,-0.7550753355026245,-0.029254931956529617,0.33547863584071186
6367,128,31,-1.0,0.2,-0.6565743088722229,-0.031188126653432846,0.4139917332895852
6368,128,32,-1.0,0.2,-0.6616352200508118,-0.036331240087747574,0.4127265188372019
6369,128,33,-1.0,0.2,-0.6996859908103943,-0.06654882431030273,0.4015429987644402
6370,128,34,-1.0,0.2,-0.7360934019088745,-0.03631487116217613,0.35424766879744846
6371,128,35,-1.0,0.2,-0.49907177686691284,0.045106444507837296,0.5243291888349109
6372,128,36,-1.0,0.2,-0.615723729133606,0.01732257753610611,0.42548712439865227
6373,128,37,-1.0,0.2,-0.6692160367965698,-0.014162246137857437,0.39406027201860944
6374,128,38,-1.0,0.2,-0.6593111157417297,-0.04325162246823311,0.4186170895825598
6375,128,39,-1.0,0.2,-0.6978755593299866,-0.023967411369085312,0.37608586653254805
6376,128,40,-1.0,0.2,-0.7090277075767517,-0.042436014860868454,0.37873486274656515
6377,128,41,-1.0,0.2,-0.6979021430015564,-0.04227918013930321,0.38724968215871397
6378,128,42,-1.0,0.2,-0.7150830030441284,-0.030950631946325302,0.366764078871908
6379,128,43,-1.0,0.2,-0.6935210227966309,-0.038303252309560776,0.3882239090124891
6380,128,44,-1.0,0.2,-0.7144861817359924,-0.010075967758893967,0.35447151176015346
6381,128,45,-1.0,0.2,-0.625599205493927,0.00409022718667984,0.42255957451055987
6382,128,46,-1.0,0.2,-0.7307674884796143,-0.03760557994246483,0.3590857235805535
6383,128,47,-1.0,0.2,-0.7459368109703064,-0.040373627096414566,0.34975360559031266
6384,128,48,-1.0,0.2,-0.7275590896606445,-0.03936319425702095,0.362655192147391
6385,128,49,-1.0,0.2,-0.7365929484367371,-0.039885710924863815,0.35627016310544274
6386,129,0,-0.8,0.2,0.11567620933055878,0.026608072221279144,0.9319483252588646
6387,129,1,-0.8,0.2,0.03613132983446121,0.12124289572238922,0.8398322940950408
6388,129,2,-0.8,0.2,0.021194420754909515,0.0826169103384018,0.8295414796244334
6389,129,3,-0.8,0.2,0.19540537893772125,0.02878662757575512,1.010022716237131
6390,129,4,-0.8,0.2,0.1488139033317566,-0.020918458700180054,0.9741934040785265
6391,129,5,-0.8,0.2,0.2805161476135254,-0.038305360823869705,1.1064829823594073
6392,129,6,-0.8,0.2,0.1350872814655304,0.0323031023144722,0.9500055123271373
6393,129,7,-0.8,0.2,0.0014511719346046448,0.1448558270931244,0.8033460405086557
6394,129,8,-0.8,0.2,0.06997837126255035,0.07858362793922424,0.8784100989111183
6395,129,9,-0.8,0.2,0.10230304300785065,0.08494062721729279,0.9096094990084356
6396,129,10,-0.8,0.2,0.08769470453262329,0.0998641848564148,0.8933247281530562
6397,129,11,-0.8,0.2,0.1883016973733902,0.05858726426959038,0.9983675710167488
6398,129,12,-0.8,0.2,0.23492573201656342,0.02620488405227661,1.04941698724449
6399,129,13,-0.8,0.2,0.040927864611148834,0.08757540583610535,0.8484096668782029
6400,129,14,-0.8,0.2,0.037850603461265564,0.08012323081493378,0.8463829355029888
6401,129,15,-0.8,0.2,0.2045322060585022,-0.13113945722579956,1.0577042559905667
6402,129,16,-0.8,0.2,0.13184064626693726,0.023720499128103256,0.9483677833324097
6403,129,17,-0.8,0.2,0.1846187561750412,-0.04299132898449898,1.0141591990281102
6404,129,18,-0.8,0.2,0.05662916600704193,0.15175341069698334,0.8579867489846765
6405,129,19,-0.8,0.2,0.048571422696113586,0.08242949843406677,0.8566774668771039
6406,129,20,-0.8,0.2,0.022454015910625458,0.11602666974067688,0.8267297796029588
6407,129,21,-0.8,0.2,-0.02687864750623703,0.12215760350227356,0.7770302853649236
6408,129,22,-0.8,0.2,0.14920058846473694,-0.040572624653577805,0.9792124104986182
6409,129,23,-0.8,0.2,0.06335869431495667,0.08439856022596359,0.8710636761609665
6410,129,24,-0.8,0.2,0.05137062445282936,0.11105665564537048,0.8560040062325566
6411,129,25,-0.8,0.2,0.018656715750694275,0.1106911450624466,0.8235137459775459
6412,129,26,-0.8,0.2,0.11185882985591888,0.06191721558570862,0.9222545098495368
6413,129,27,-0.8,0.2,0.17375707626342773,0.018032100051641464,0.9906135271561332
6414,129,28,-0.8,0.2,0.12150053679943085,0.05942670628428459,0.9321609787090018
6415,129,29,-0.8,0.2,0.1419522762298584,0.018381033092737198,0.9593015896135443
6416,129,30,-0.8,0.2,0.1092708632349968,0.008037356659770012,0.9293132728882574
6417,129,31,-0.8,0.2,0.06141607463359833,0.03647696226835251,0.8767995423733653
6418,129,32,-0.8,0.2,-0.040559835731983185,0.10666477680206299,0.7651541197646662
6419,129,33,-0.8,0.2,-0.016103841364383698,0.12631678581237793,0.7873515120812904
6420,129,34,-0.8,0.2,0.18198563158512115,-0.09719023108482361,1.0259716439024424
6421,129,35,-0.8,0.2,0.09103260934352875,0.05671898275613785,0.9024791193240836
6422,129,36,-0.8,0.2,0.07165524363517761,0.10963983833789825,0.8763263219670525
6423,129,37,-0.8,0.2,0.05077464506030083,0.09199151396751404,0.8576032472726014
6424,129,38,-0.8,0.2,0.05996132642030716,0.11081093549728394,0.8645739830491338
6425,129,39,-0.8,0.2,0.08144870400428772,0.10304553806781769,0.8867648986509319
6426,129,40,-0.8,0.2,0.18670010566711426,0.015653658658266068,1.0037732174597893
6427,129,41,-0.8,0.2,0.1848442405462265,0.05054604262113571,0.9961198037953453
6428,129,42,-0.8,0.2,-0.04303885996341705,0.14502330124378204,0.7589549426228248
6429,129,43,-0.8,0.2,0.18418723344802856,0.0193173810839653,1.0006351579174306
6430,129,44,-0.8,0.2,0.19879260659217834,-0.06991194188594818,1.0346202817245762
6431,129,45,-0.8,0.2,-0.016540907323360443,0.10510778427124023,0.7891848215111698
6432,129,46,-0.8,0.2,0.009616106748580933,0.12491080164909363,0.8130907870685237
6433,129,47,-0.8,0.2,-0.05827469378709793,0.13447575271129608,0.7446138978419451
6434,129,48,-0.8,0.2,0.1920461356639862,-0.04604232683777809,1.0221019332148806
6435,129,49,-0.8,0.2,0.17071780562400818,0.03314182162284851,0.9849541663685835
6436,130,0,-0.6,0.2,0.000987853854894638,0.04113084450364113,0.6216315701838496
6437,130,1,-0.6,0.2,-0.11755363643169403,-0.015977662056684494,0.5285838100318184
6438,130,2,-0.6,0.2,-0.03442884236574173,0.03490737825632095,0.5891742595378353
6439,130,3,-0.6,0.2,0.07472141087055206,-0.03069104626774788,0.7130689595791255
6440,130,4,-0.6,0.2,0.09904906898736954,-0.0015842951834201813,0.7275340740588748
6441,130,5,-0.6,0.2,0.05498279631137848,-0.0385642908513546,0.697076311700005
6442,130,6,-0.6,0.2,0.14622588455677032,-0.014063846319913864,0.7763223564240631
6443,130,7,-0.6,0.2,0.13153675198554993,-0.09720619022846222,0.7896059390706764
6444,130,8,-0.6,0.2,0.05308809131383896,0.009389303624629974,0.6803355735140246
6445,130,9,-0.6,0.2,0.08825521171092987,-0.035256799310445786,0.7273520454835143
6446,130,10,-0.6,0.2,0.039740145206451416,-0.019186533987522125,0.6762471368296022
6447,130,11,-0.6,0.2,-0.030891969799995422,0.17376883327960968,0.5697122292400281
6448,130,12,-0.6,0.2,0.00826941430568695,0.019804462790489197,0.6343990164005675
6449,130,13,-0.6,0.2,0.0646536648273468,-0.021824918687343597,0.7006930774019889
6450,130,14,-0.6,0.2,0.016577769070863724,0.01511184312403202,0.6437016202134308
6451,130,15,-0.6,0.2,0.07455027103424072,0.011673394590616226,0.7003463275104607
6452,130,16,-0.6,0.2,0.0025292225182056427,0.060257796198129654,0.6185219054421571
6453,130,17,-0.6,0.2,-0.04095160961151123,0.026200853288173676,0.5854410697873178
6454,130,18,-0.6,0.2,0.07746432721614838,0.011032609269022942,0.703325379472476
6455,130,19,-0.6,0.2,-0.0303809717297554,0.03713991865515709,0.592443451700824
6456,130,20,-0.6,0.2,0.021661046892404556,0.020282862707972527,0.6471172279114518
6457,130,21,-0.6,0.2,0.07603827118873596,-0.01609579101204872,0.7097359614708684
6458,130,22,-0.6,0.2,-0.04333090782165527,-0.051488202065229416,0.610841054583485
6459,130,23,-0.6,0.2,0.0889257937669754,-0.006719645112752914,0.7192716878850436
6460,130,24,-0.6,0.2,0.018754128366708755,-0.004457488656044006,0.6516590642647287
6461,130,25,-0.6,0.2,0.06741073727607727,-0.03629067912697792,0.7080045037100297
6462,130,26,-0.6,0.2,0.05215172469615936,-0.0009388290345668793,0.6824062463356839
6463,130,27,-0.6,0.2,0.07054605334997177,-0.02293260768055916,0.7066335381444029
6464,130,28,-0.6,0.2,0.07953209429979324,-0.011804353445768356,0.7117759136989977
6465,130,29,-0.6,0.2,0.1071704775094986,-0.04461986944079399,0.7482840134509379
6466,130,30,-0.6,0.2,0.0644427090883255,-0.05748848244547844,0.712589946780551
6467,130,31,-0.6,0.2,0.026438232511281967,-0.0016207769513130188,0.6580849465306968
6468,130,32,-0.6,0.2,-0.03935451805591583,0.04509704187512398,0.5816513413206845
6469,130,33,-0.6,0.2,0.017639875411987305,-0.04680757597088814,0.665126300228431
6470,130,34,-0.6,0.2,0.13696235418319702,-0.00986061617732048,0.7662603928858418
6471,130,35,-0.6,0.2,-0.021291106939315796,-0.03358054533600807,0.6240703919166405
6472,130,36,-0.6,0.2,0.07045520842075348,0.017916329205036163,0.6947407067882843
6473,130,37,-0.6,0.2,-0.08221748471260071,-4.291161894798279e-05,0.5550818855144997
6474,130,38,-0.6,0.2,0.05479619652032852,-0.010174673050642014,0.6877001179070954
6475,130,39,-0.6,0.2,0.07151591032743454,-0.03143332526087761,0.7102781158561696
6476,130,40,-0.6,0.2,0.10736042261123657,0.022450510412454605,0.7293028100381521
6477,130,41,-0.6,0.2,-0.28507739305496216,0.08296866714954376,0.3359651488381095
6478,130,42,-0.6,0.2,0.07862907648086548,-0.028622593730688095,0.7161045411177195
6479,130,43,-0.6,0.2,0.09016934782266617,-0.012987714260816574,0.7222862971841648
6480,130,44,-0.6,0.2,-0.07139724493026733,-0.0573202483355999,0.5879069508611091
6481,130,45,-0.6,0.2,0.0014754943549633026,0.017184637486934662,0.6286447542772714
6482,130,46,-0.6,0.2,0.08126729726791382,0.04472604766488075,0.6987382418334472
6483,130,47,-0.6,0.2,0.05075426399707794,0.051706425845623016,0.667436960503281
6484,130,48,-0.6,0.2,0.07696866989135742,0.0053372010588645935,0.7044005858217827
6485,131,0,-0.5,0.2,0.3119054436683655,-0.03570340946316719,0.845426842897058
6486,131,1,-0.5,0.2,0.2567722499370575,-0.020392004400491714,0.7882111860906711
6487,131,2,-0.5,0.2,0.2650020718574524,-0.02206757664680481,0.7965815579989154
6488,131,3,-0.5,0.2,0.2731993496417999,-0.008974537253379822,0.80094169045366
6489,131,4,-0.5,0.2,0.27548158168792725,-0.012918464839458466,0.804180300807475
6490,131,5,-0.5,0.2,0.16803057491779327,0.006995946168899536,0.6953527261902664
6491,131,6,-0.5,0.2,0.2638719379901886,-0.004249446094036102,0.7907073882787533
6492,131,7,-0.5,0.2,0.258592426776886,-0.01184896007180214,0.787618214521953
6493,131,8,-0.5,0.2,0.20567913353443146,-0.007029067724943161,0.735421018457431
6494,131,9,-0.5,0.2,0.25408294796943665,-0.012002412229776382,0.7833173783400443
6495,131,10,-0.5,0.2,0.27888745069503784,-0.03096335008740425,0.8124098288018258
6496,131,11,-0.5,0.2,0.27156007289886475,-0.01988087221980095,0.8022795921995286
6497,131,12,-0.5,0.2,0.24879515171051025,-0.008810561150312424,0.7773647983238464
6498,131,13,-0.5,0.2,0.2599090337753296,-0.004278320819139481,0.786887140554503
6499,131,14,-0.5,0.2,0.2782292664051056,-0.0108448825776577,0.8062855298209284
6500,131,15,-0.5,0.2,0.2366124987602234,-0.0008909441530704498,0.7635149931550081
6501,131,16,-0.5,0.2,0.2736419439315796,-0.018081553280353546,0.8037919017329082
6502,131,17,-0.5,0.2,0.2709946036338806,-0.01830899342894554,0.8013061184369704
6503,131,18,-0.5,0.2,0.25956955552101135,-0.012280624359846115,0.788675454894466
6504,131,19,-0.5,0.2,0.27105313539505005,-0.012476153671741486,0.7997931316794831
6505,131,20,-0.5,0.2,0.263750284910202,-0.02551639825105667,0.7963492597978251
6506,131,21,-0.5,0.2,0.23562221229076385,-0.0020485036075115204,0.7628654121308636
6507,131,22,-0.5,0.2,0.2059234082698822,0.0081332977861166,0.7315331091357369
6508,131,23,-0.5,0.2,0.23254282772541046,-2.462416887283325e-06,0.7593549759004407
6509,131,24,-0.5,0.2,0.25137802958488464,-0.0072600021958351135,0.7794393189037113
6510,131,25,-0.5,0.2,0.25753551721572876,-0.018214907497167587,0.7883386364357001
6511,131,26,-0.5,0.2,0.26254433393478394,-0.026049066334962845,0.7953439769099604
6512,131,27,-0.5,0.2,0.24612262845039368,-0.010990504175424576,0.7753811769303689
6513,131,28,-0.5,0.2,0.2293711006641388,-0.0019506439566612244,0.7568132299838101
6514,131,29,-0.5,0.2,0.248928502202034,-0.0009180009365081787,0.7754108230550466
6515,131,30,-0.5,0.2,0.2673743963241577,-0.004189159721136093,0.7940759894880899
6516,131,31,-0.5,0.2,0.2645168900489807,-0.009983547031879425,0.7928298463064157
6517,131,32,-0.5,0.2,0.27911192178726196,-0.011255420744419098,0.8072448448054296
6518,131,33,-0.5,0.2,0.13567182421684265,0.013961436226963997,0.6623360290018221
6519,131,34,-0.5,0.2,0.27493637800216675,-0.037691932171583176,0.810570073818777
6520,131,35,-0.5,0.2,0.26446256041526794,-0.024877984076738358,0.7968520025695393
6521,131,36,-0.5,0.2,0.28996485471725464,-0.007791902869939804,0.8168365482682345
6522,131,37,-0.5,0.2,0.29320502281188965,-0.016025546938180923,0.8220956423336342
6523,131,38,-0.5,0.2,0.26703763008117676,-0.02264612913131714,0.798697705504221
6524,131,39,-0.5,0.2,0.26574069261550903,-0.008362986147403717,0.7935829775918475
6525,131,40,-0.5,0.2,0.2751469612121582,-0.020633000880479813,0.8059353153659224
6526,131,41,-0.5,0.2,0.27639150619506836,-0.022703304886817932,0.8077007694061941
6527,131,42,-0.5,0.2,0.2733005881309509,-0.031056445091962814,0.8070817061625235
6528,131,43,-0.5,0.2,0.28293323516845703,-0.036643411964178085,0.8179147603249339
6529,131,44,-0.5,0.2,0.2739109396934509,-0.028630372136831284,0.806975829650818
6530,131,45,-0.5,0.2,0.28194835782051086,-0.026182733476161957,0.814003601479098
6531,131,46,-0.5,0.2,0.3053891062736511,-0.02726035937666893,0.8368386244959557
6532,131,47,-0.5,0.2,0.28868919610977173,-0.019003547728061676,0.8185311246237099
6533,131,48,-0.5,0.2,0.2851859927177429,-0.0237569622695446,0.8164460921115624
6534,131,49,-0.5,0.2,0.29209625720977783,-0.028382252901792526,0.8243633507903155
6535,132,0,-0.4,0.2,-0.16125193238258362,0.24393831193447113,0.2427575231516035
6536,132,1,-0.4,0.2,-0.1526029258966446,0.2155158370733261,0.24788314479808252
6537,132,2,-0.4,0.2,-0.1651051789522171,0.22361433506011963,0.23607882957902337
6538,132,3,-0.4,0.2,-0.16609492897987366,0.18790888786315918,0.2342173717759552
6539,132,4,-0.4,0.2,-0.1835995763540268,0.21983341872692108,0.21730740404448734
6540,132,5,-0.4,0.2,-0.17936617136001587,0.2726896405220032,0.23229952686037897
6541,132,6,-0.4,0.2,-0.16799844801425934,0.17692039906978607,0.23314670939751705
6542,132,7,-0.4,0.2,-0.16685986518859863,0.21858753263950348,0.23387992395565513
6543,132,8,-0.4,0.2,-0.1795840710401535,0.2309388965368271,0.22257672173466073
6544,132,9,-0.4,0.2,-0.17263956367969513,0.2442314326763153,0.2316229428194859
6545,132,10,-0.4,0.2,-0.1705426126718521,0.2266433984041214,0.23099905471230925
6546,132,11,-0.4,0.2,-0.16735754907131195,0.2542993128299713,0.23889521834460004
6547,132,12,-0.4,0.2,-0.16832777857780457,0.22423899173736572,0.2329367873461357
6548,132,13,-0.4,0.2,-0.16943016648292542,0.21696119010448456,0.23119284179630642
6549,132,14,-0.4,0.2,-0.16589604318141937,0.22234024107456207,0.23516749131073672
6550,132,15,-0.4,0.2,-0.1684131622314453,0.23213090002536774,0.2338051713801024
6551,132,16,-0.4,0.2,-0.1570059359073639,0.23101621866226196,0.24496555064817055
6552,132,17,-0.4,0.2,-0.14636492729187012,0.23767656087875366,0.25641816111053595
6553,132,18,-0.4,0.2,-0.1672951579093933,0.229059100151062,0.23451220615141477
6554,132,19,-0.4,0.2,-0.1757963001728058,0.20902644097805023,0.2243853285153306
6555,132,20,-0.4,0.2,-0.16633303463459015,0.2092239260673523,0.2338489502118315
6556,132,21,-0.4,0.2,-0.16423052549362183,0.23525966703891754,0.2383914621556507
6557,132,22,-0.4,0.2,-0.1698583960533142,0.19828958809375763,0.2301479597477288
6558,132,23,-0.4,0.2,-0.1656346172094345,0.19827158749103546,0.23437175610633942
6559,132,24,-0.4,0.2,-0.1672312319278717,0.18721893429756165,0.23311940080204888
6560,132,25,-0.4,0.2,0.050260934978723526,0.05479632318019867,0.47309514617030646
6561,132,26,-0.4,0.2,-0.17267771065235138,0.20798496901988983,0.22746248693906582
6562,132,27,-0.4,0.2,-0.17117981612682343,0.1775233894586563,0.22992145304251535
6563,132,28,-0.4,0.2,0.025209954008460045,0.06982317566871643,0.4446903535954593
6564,132,29,-0.4,0.2,-0.16748204827308655,0.20967364311218262,0.23271909514765038
6565,132,30,-0.4,0.2,-0.16223932802677155,0.2586223781108856,0.24488103306000814
6566,132,31,-0.4,0.2,-0.16184958815574646,0.22175046801567078,0.2391415930374478
6567,132,32,-0.4,0.2,-0.15726648271083832,0.22720040380954742,0.24425278377731993
6568,132,33,-0.4,0.2,0.09298522770404816,0.03605949878692627,0.5195295205013918
6569,132,34,-0.4,0.2,0.030922167003154755,0.0532284714281559,0.4552315845962475
6570,132,35,-0.4,0.2,-0.00022120773792266846,0.08887993544340134,0.41493463520124213
6571,132,36,-0.4,0.2,-0.17476244270801544,0.16318225860595703,0.2282268680419084
6572,132,37,-0.4,0.2,0.012974247336387634,0.06369294226169586,0.434887736033484
6573,132,38,-0.4,0.2,-0.005731210112571716,0.09609752893447876,0.40772981516295637
6574,132,39,-0.4,0.2,-0.17309430241584778,0.21303778886795044,0.2272799584976995
6575,132,40,-0.4,0.2,-0.1686117947101593,0.185232475399971,0.23185896862115543
6576,132,41,-0.4,0.2,-0.16499744355678558,0.22381137311458588,0.23620580650028106
6577,132,42,-0.4,0.2,-0.02516048401594162,0.09134349226951599,0.39027029020327425
6578,132,43,-0.4,0.2,-0.1737191379070282,0.20857082307338715,0.22644312212494738
6579,132,44,-0.4,0.2,-0.16500835120677948,0.2281913012266159,0.23667662425217684
6580,132,45,-0.4,0.2,-0.17172496020793915,0.21999084949493408,0.22914870249599076
6581,132,46,-0.4,0.2,-0.17726150155067444,0.22736422717571259,0.2244131003760347
6582,132,47,-0.4,0.2,-0.15459106862545013,0.18829716742038727,0.24568780980908472
6583,132,48,-0.4,0.2,-0.14728997647762299,0.22540171444416046,0.25398347010264866
6584,132,49,-0.4,0.2,0.27233195304870605,0.06634119153022766,0.6854888271677714
6585,133,0,-0.3,0.2,0.06569477170705795,0.24576185643672943,0.3685468946530591
6586,133,1,-0.3,0.2,0.07934209704399109,0.24182581901550293,0.381640964423436
6587,133,2,-0.3,0.2,0.040683142840862274,0.2930790185928345,0.3531695166887037
6588,133,3,-0.3,0.2,0.07264181971549988,0.20704223215579987,0.372708356271516
6589,133,4,-0.3,0.2,0.07809916883707047,0.25507915019989014,0.38208990337618914
6590,133,5,-0.3,0.2,0.043615106493234634,0.3346729278564453,0.36906386833146415
6591,133,6,-0.3,0.2,0.08895312249660492,0.22667311131954193,0.3898666263830794
6592,133,7,-0.3,0.2,0.06993589550256729,0.3085217773914337,0.38552502246868786
6593,133,8,-0.3,0.2,0.07942765206098557,0.30319944024086,0.3932117338210282
6594,133,9,-0.3,0.2,0.07997776567935944,0.23101969063282013,0.3812418177713904
6595,133,10,-0.3,0.2,0.10467227548360825,0.2299272119998932,0.4057773879397025
6596,133,11,-0.3,0.2,0.11881031841039658,0.20876802504062653,0.41890209007610696
6597,133,12,-0.3,0.2,0.07036297768354416,0.271921306848526,0.37728160519354936
6598,133,13,-0.3,0.2,0.054717496037483215,0.22208218276500702,0.3554041710373826
6599,133,14,-0.3,0.2,0.04200677573680878,0.2543523609638214,0.3462987348983957
6600,133,15,-0.3,0.2,0.12122029066085815,0.18190713226795197,0.4216086872055499
6601,133,16,-0.3,0.2,0.09038202464580536,0.28772857785224915,0.4001180182627824
6602,133,17,-0.3,0.2,0.1246306300163269,0.2549426257610321,0.42817036804708886
6603,133,18,-0.3,0.2,0.03975897282361984,0.24354413151741028,0.34253795556663025
6604,133,19,-0.3,0.2,0.1370704621076584,0.25398558378219604,0.4403919073998823
6605,133,20,-0.3,0.2,0.10608960688114166,0.18016986548900604,0.4065734903453548
6606,133,21,-0.3,0.2,0.1049576997756958,0.20796708762645721,0.4050360639410647
6607,133,22,-0.3,0.2,0.0964021384716034,0.18777580559253693,0.3965905776916185
6608,133,23,-0.3,0.2,0.16298986971378326,0.2632719576358795,0.46729322708622956
6609,133,24,-0.3,0.2,0.08487523347139359,0.20327343046665192,0.3848891537659638
6610,133,25,-0.3,0.2,0.0521392747759819,0.191361665725708,0.3522452124000962
6611,133,26,-0.3,0.2,0.1420387476682663,0.30063411593437195,0.45334918079778397
6612,133,27,-0.3,0.2,0.10481862723827362,0.16120915114879608,0.40667290408100376
6613,133,28,-0.3,0.2,0.07763161510229111,0.32406699657440186,0.3974899449844707
6614,133,29,-0.3,0.2,0.041971560567617416,0.20269155502319336,0.3419821526125223
6615,133,30,-0.3,0.2,0.08539505302906036,0.2390201836824417,0.3873653593622999
6616,133,31,-0.3,0.2,0.07521288096904755,0.2655133306980133,0.38088935735228924
6617,133,32,-0.3,0.2,0.10345390439033508,0.21567773818969727,0.4037583986031131
6618,133,33,-0.3,0.2,0.09695275127887726,0.24376033246517181,0.3993575508805769
6619,133,34,-0.3,0.2,0.1239703968167305,0.23193663358688354,0.42517154883858205
6620,133,35,-0.3,0.2,0.0734979435801506,0.27287131547927856,0.38054032963443163
6621,133,36,-0.3,0.2,0.129092276096344,0.29036304354667664,0.4385038894292269
6622,133,37,-0.3,0.2,0.08158181607723236,0.21829690039157867,0.38202023365881826
6623,133,38,-0.3,0.2,0.05583304911851883,0.25138455629348755,0.3595240346214156
6624,133,39,-0.3,0.2,0.09629963338375092,0.27199187874794006,0.40278558815547694
6625,133,40,-0.3,0.2,0.17019328474998474,0.2559872567653656,0.473514833921907
6626,133,41,-0.3,0.2,0.11271575838327408,0.2910003364086151,0.4226291026945047
6627,133,42,-0.3,0.2,0.08181735128164291,0.26391446590423584,0.38712988607385146
6628,133,43,-0.3,0.2,0.10417406260967255,0.30013763904571533,0.41639430788623594
6629,133,44,-0.3,0.2,0.07637526094913483,0.2739625573158264,0.3835737177378375
6630,133,45,-0.3,0.2,0.07444587349891663,0.2686697244644165,0.38069048220094176
6631,133,46,-0.3,0.2,0.08197680115699768,0.30514344573020935,0.3961835695762181
6632,133,47,-0.3,0.2,0.12119416892528534,0.3305104374885559,0.440950680042696
6633,133,48,-0.3,0.2,0.06854474544525146,0.29918035864830017,0.3816568785400188
6634,133,49,-0.3,0.2,0.02463780716061592,0.3209870755672455,0.3464499650633084
6635,134,0,-0.2,0.2,-0.0432068333029747,-0.029126908630132675,0.27763868134912745
6636,134,1,-0.2,0.2,-0.04735851287841797,-0.033083122223615646,0.27861652042941937
6637,134,2,-0.2,0.2,-0.04635029286146164,-0.02527724951505661,0.2726867647188394
6638,134,3,-0.2,0.2,0.00883660838007927,-0.012377064675092697,0.2978535656991588
6639,134,4,-0.2,0.2,-0.10611951351165771,-0.027768682688474655,0.24635770448055988
6640,134,5,-0.2,0.2,-0.041780032217502594,-0.03579040244221687,0.2839554051060784
6641,134,6,-0.2,0.2,-0.07478931546211243,-0.04167504981160164,0.2721847630266737
6642,134,7,-0.2,0.2,-0.04578489065170288,-0.028186071664094925,0.27541093524549587
6643,134,8,-0.2,0.2,-0.09465651214122772,-0.020686883479356766,0.2445402849717864
6644,134,9,-0.2,0.2,-0.037941113114356995,-0.03631216660141945,0.2865423579551035
6645,134,10,-0.2,0.2,-0.045318104326725006,-0.04561599716544151,0.29026489094041685
6646,134,11,-0.2,0.2,-0.11654585599899292,-0.020687825977802277,0.2359400573996488
6647,134,12,-0.2,0.2,-0.10588639974594116,-0.03355531767010689,0.25180440060643366
6648,134,13,-0.2,0.2,-0.0833272784948349,-0.04104381427168846,0.2677959005325998
6649,134,14,-0.2,0.2,-0.0869140625,-0.03253888711333275,0.25857835037017546
6650,134,15,-0.2,0.2,-0.1382458359003067,-0.06919398903846741,0.2761864959010385
6651,134,16,-0.2,0.2,-0.017914071679115295,-0.014563687145709991,0.2814122618757763
6652,134,17,-0.2,0.2,-0.05589115619659424,-0.026646677404642105,0.2685815988501787
6653,134,18,-0.2,0.2,-0.0962589830160141,-0.010476037859916687,0.2346537046758068
6654,134,19,-0.2,0.2,-0.042673833668231964,-0.03540154919028282,0.2831349713013853
6655,134,20,-0.2,0.2,-0.0470355749130249,-0.029875312000513077,0.27611732001003136
6656,134,21,-0.2,0.2,-0.11838655173778534,-0.017105236649513245,0.2319384373446763
6657,134,22,-0.2,0.2,0.15022489428520203,-0.010065369307994843,0.4083931144860124
6658,134,23,-0.2,0.2,-0.07890346646308899,-0.030190031975507736,0.2600996371691846
6659,134,24,-0.2,0.2,-0.08609333634376526,-0.030139457434415817,0.25678570422338914
6660,134,25,-0.2,0.2,-0.11331591010093689,-0.021233588457107544,0.2376098316636702
6661,134,26,-0.2,0.2,-0.05672396719455719,-0.02840070053935051,0.26961992059811235
6662,134,27,-0.2,0.2,-0.09173797070980072,-0.015482891350984573,0.24115045811901786
6663,134,28,-0.2,0.2,-0.09430401027202606,-0.028465863317251205,0.2517305959669442
6664,134,29,-0.2,0.2,-0.12648910284042358,-0.0263792984187603,0.23801562712094337
6665,134,30,-0.2,0.2,-0.04759910702705383,-0.03399399295449257,0.279247597872817
6666,134,31,-0.2,0.2,-0.10724572837352753,-0.02542950212955475,0.24376590273320914
6667,134,32,-0.2,0.2,-0.08445949852466583,-0.03718748316168785,0.26383235140851785
6668,134,33,-0.2,0.2,-0.029823176562786102,-0.029901865869760513,0.28603324835686156
6669,134,34,-0.2,0.2,-0.05474776029586792,-0.026919405907392502,0.2694264833241725
6670,134,35,-0.2,0.2,-0.09645311534404755,-0.02549927681684494,0.24813681945022426
6671,134,36,-0.2,0.2,-0.02995341271162033,-0.02514098957180977,0.2821423524283412
6672,134,37,-0.2,0.2,-0.09588032960891724,-0.027638759464025497,0.2503204158127503
6673,134,38,-0.2,0.2,-0.10192492604255676,-0.026348482817411423,0.24668270268809275
6674,134,39,-0.2,0.2,-0.01984456181526184,-0.01914624124765396,0.28369183449741725
6675,134,40,-0.2,0.2,-0.054147981107234955,-0.04395309463143349,0.28422864703500356
6676,134,41,-0.2,0.2,-0.03727596998214722,-0.03352820500731468,0.2846305192336013
6677,134,42,-0.2,0.2,-0.007873199880123138,-0.01199321448802948,0.28610108408265567
6678,134,43,-0.2,0.2,-0.047457918524742126,-0.01965431123971939,0.2674268181521811
6679,134,44,-0.2,0.2,-0.05432964116334915,-0.03417033329606056,0.27578179497491623
6680,134,45,-0.2,0.2,-0.07627871632575989,-0.027841921895742416,0.2592660745395498
6681,134,46,-0.2,0.2,-0.049808405339717865,-0.03180113062262535,0.2762051398227881
6682,134,47,-0.2,0.2,-0.05445369333028793,-0.03460431471467018,0.27608497218779204
6683,134,48,-0.2,0.2,-0.08897490799427032,-0.03147205337882042,0.25672141038543755
6684,135,0,-0.1,0.2,0.2222222089767456,0.11327379941940308,0.33368935527672955
6685,135,1,-0.1,0.2,0.2180180698633194,0.11724206805229187,0.3286097504028944
6686,135,2,-0.1,0.2,0.2128642499446869,0.10850699245929718,0.32596780411920223
6687,135,3,-0.1,0.2,0.21353454887866974,0.10464397072792053,0.3277143354494713
6688,135,4,-0.1,0.2,0.21395821869373322,0.10866619646549225,0.3269734343236803
6689,135,5,-0.1,0.2,0.21311402320861816,0.10826672613620758,0.3262750144642654
6690,135,6,-0.1,0.2,0.2234686315059662,0.09905008971691132,0.33885519024283245
6691,135,7,-0.1,0.2,0.22229696810245514,0.11462490260601044,0.333413021495964
6692,135,8,-0.1,0.2,0.21932904422283173,0.10644125938415527,0.3327525753918219
6693,135,9,-0.1,0.2,0.22033429145812988,0.11114411056041718,0.33242958257664357
6694,135,10,-0.1,0.2,0.21597260236740112,0.10191382467746735,0.3308467670028383
6695,135,11,-0.1,0.2,0.21569637954235077,0.10757911205291748,0.32894653757879133
6696,135,12,-0.1,0.2,0.21310092508792877,0.10428473353385925,0.3274043395033137
6697,135,13,-0.1,0.2,0.21072839200496674,0.09698273241519928,0.3273601854511796
6698,135,14,-0.1,0.2,0.22083793580532074,0.10849009454250336,0.3336330976516854
6699,135,15,-0.1,0.2,0.2220260351896286,0.1099359542131424,0.3343834620364008
6700,135,16,-0.1,0.2,0.2255629003047943,0.11079028248786926,0.3375641801990602
6701,135,17,-0.1,0.2,0.21834664046764374,0.10602162778377533,0.3319284831728764
6702,135,18,-0.1,0.2,0.2228042483329773,0.10911434888839722,0.3353547141756001
6703,135,19,-0.1,0.2,0.21115908026695251,0.10467682778835297,0.32543275863543164
6704,135,20,-0.1,0.2,0.21290290355682373,0.10528397560119629,0.3269240773210283
6705,135,21,-0.1,0.2,0.21214979887008667,0.11023563146591187,0.32480015208272167
6706,135,22,-0.1,0.2,0.21197949349880219,0.10225452482700348,0.3269332994366955
6707,135,23,-0.1,0.2,0.21690429747104645,0.11368061602115631,0.32844995023002294
6708,135,24,-0.1,0.2,0.22049647569656372,0.11188250780105591,0.33238935507225414
6709,135,25,-0.1,0.2,0.16366660594940186,0.049159158021211624,0.30376477528137946
6710,135,26,-0.1,0.2,0.20925576984882355,0.1006404459476471,0.324825264051722
6711,135,27,-0.1,0.2,0.20823389291763306,0.10751156508922577,0.32181088131914276
6712,135,28,-0.1,0.2,0.20692799985408783,0.10668236017227173,0.3208005283621717
6713,135,29,-0.1,0.2,0.20730149745941162,0.09364692866802216,0.32518484915896917
6714,135,30,-0.1,0.2,0.2129204273223877,0.10275427997112274,0.32768265730666996
6715,135,31,-0.1,0.2,0.1652664840221405,0.06410765647888184,0.29804871510061925
6716,135,32,-0.1,0.2,0.21513164043426514,0.1103249043226242,0.32764244778040813
6717,135,33,-0.1,0.2,0.2121494710445404,0.10443942248821259,0.3264492552415654
6718,135,34,-0.1,0.2,0.21093755960464478,0.11125387251377106,0.32335435843157273
6719,135,35,-0.1,0.2,0.2046157717704773,0.10206577181816101,0.3199716885302448
6720,135,36,-0.1,0.2,0.20773562788963318,0.10519324243068695,0.32200859919175023
6721,135,37,-0.1,0.2,0.20688137412071228,0.09894900023937225,0.32309051724685295
6722,135,38,-0.1,0.2,0.20917320251464844,0.10312142968177795,0.32399618290971655
6723,135,39,-0.1,0.2,0.21501389145851135,0.10288707911968231,0.3296432483970233
6724,135,40,-0.1,0.2,0.21593764424324036,0.10729898512363434,0.32925684990456383
6725,135,41,-0.1,0.2,0.2179635912179947,0.11190272867679596,0.32994238065886333
6726,135,42,-0.1,0.2,0.21375423669815063,0.10356715321540833,0.3282392648435279
6727,135,43,-0.1,0.2,0.21353520452976227,0.1121097207069397,0.3256209846949855
6728,135,44,-0.1,0.2,0.2065712809562683,0.10218727588653564,0.321796953536953
6729,135,45,-0.1,0.2,0.21209315955638885,0.10235923528671265,0.3270104878680271
6730,135,46,-0.1,0.2,0.21220622956752777,0.10625025629997253,0.3259781345805155
6731,135,47,-0.1,0.2,0.2169637233018875,0.11042553186416626,0.3293775754832332
6732,135,48,-0.1,0.2,0.21544909477233887,0.10655853152275085,0.3289976282952094
6733,135,49,-0.1,0.2,0.2139575332403183,0.10537910461425781,0.3279061550534621
6734,136,0,0.0,0.2,0.01686999201774597,-0.07741212844848633,0.2779246042382687
6735,136,1,0.0,0.2,-0.001917526125907898,-0.07810041308403015,0.2781070237587533
6736,136,2,0.0,0.2,-0.031180046498775482,-0.07967504858970642,0.28140776127058126
6737,136,3,0.0,0.2,0.062149062752723694,-0.01947910338640213,0.22810870834832453
6738,136,4,0.0,0.2,0.0846097320318222,-0.015307091176509857,0.23133514706024827
6739,136,5,0.0,0.2,0.07547591626644135,-0.0272643081843853,0.23946957992777732
6740,136,6,0.0,0.2,0.08157823234796524,-0.02973582223057747,0.24378998340575458
6741,136,7,0.0,0.2,0.09740225970745087,-0.02122177928686142,0.24171527843097246
6742,136,8,0.0,0.2,0.08337406814098358,-0.024059604853391647,0.23906890589416974
6743,136,9,0.0,0.2,0.058099620044231415,-0.02956794574856758,0.23680584360294266
6744,136,10,0.0,0.2,0.05920546129345894,-0.019695837050676346,0.22753361831687335
6745,136,11,0.0,0.2,0.06880549341440201,-0.016517862677574158,0.2271875453946897
6746,136,12,0.0,0.2,0.07653182744979858,-0.018450632691383362,0.23146878739059276
6747,136,13,0.0,0.2,0.011298120021820068,-0.08308511972427368,0.28331048784916846
6748,136,14,0.0,0.2,0.08800047636032104,-0.018870729953050613,0.2358993011219504
6749,136,15,0.0,0.2,0.0686049535870552,-0.03344395384192467,0.24331608915571665
6750,136,16,0.0,0.2,0.08731859177350998,-0.027906883507966995,0.24406163979540688
6751,136,17,0.0,0.2,0.0743679404258728,-0.027502398937940598,0.2393489755267485
6752,136,18,0.0,0.2,0.07064526528120041,-0.018908120691776276,0.23002503953147466
6753,136,19,0.0,0.2,0.07045171409845352,-0.013192348182201385,0.22453155979249606
6754,136,20,0.0,0.2,0.0761321485042572,-0.013645090162754059,0.22680460442091027
6755,136,21,0.0,0.2,0.08660078793764114,-0.018166180700063705,0.23472575247013938
6756,136,22,0.0,0.2,0.02991325594484806,-0.06790584325790405,0.2695706655646171
6757,136,23,0.0,0.2,0.09507595002651215,-0.018769677728414536,0.23853638751108433
6758,136,24,0.0,0.2,0.08924482762813568,-0.024068228900432587,0.24118708601613045
6759,136,25,0.0,0.2,0.0666649341583252,-0.031104382127523422,0.2405274389438307
6760,136,26,0.0,0.2,0.05910540372133255,-0.0237388014793396,0.23141413102158012
6761,136,27,0.0,0.2,0.001610931009054184,-0.06559084355831146,0.2655957290333024
6762,136,28,0.0,0.2,0.03654240816831589,-0.03454955294728279,0.23737910687865943
6763,136,29,0.0,0.2,0.07197211682796478,-0.02174852043390274,0.23313599446529745
6764,136,30,0.0,0.2,0.09152817726135254,-0.015711214393377304,0.23432613010044603
6765,136,31,0.0,0.2,0.07869680225849152,-0.026975318789482117,0.24023110128644698
6766,136,32,0.0,0.2,0.09699098765850067,-0.020575761795043945,0.24095833328282176
6767,136,33,0.0,0.2,0.08635207265615463,-0.021471969783306122,0.23771098807524962
6768,136,34,0.0,0.2,0.0789443701505661,-0.020435910671949387,0.23414569031319207
6769,136,35,0.0,0.2,0.09408974647521973,-0.007890883833169937,0.22819180522689173
6770,136,36,0.0,0.2,0.0660204142332077,-0.01642526686191559,0.2262710569908925
6771,136,37,0.0,0.2,0.07231374084949493,-0.02256867289543152,0.23402156154953224
6772,136,38,0.0,0.2,0.08801539242267609,-0.02186628431081772,0.2386867348999652
6773,136,39,0.0,0.2,0.09411341696977615,-0.021366938948631287,0.24054242227352332
6774,136,40,0.0,0.2,0.07024970650672913,-0.039229270070791245,0.2493304332063881
6775,136,41,0.0,0.2,0.08502857387065887,-0.018532808870077133,0.23449189096240355
6776,136,42,0.0,0.2,0.07989863306283951,-0.019348058849573135,0.23344670159671582
6777,136,43,0.0,0.2,0.06490924209356308,-0.023710016161203384,0.23293643132839198
6778,136,44,0.0,0.2,0.07196371257305145,-0.01939033344388008,0.2308915207102973
6779,136,45,0.0,0.2,0.08759251981973648,-0.013796612620353699,0.23104424056078204
6780,136,46,0.0,0.2,0.08203999698162079,-0.023973636329174042,0.23852620584593523
6781,136,47,0.0,0.2,0.09246820956468582,-0.018255911767482758,0.2370358892690174
6782,136,48,0.0,0.2,0.08146261423826218,-0.02734353020787239,0.24149790526194986
6783,137,0,0.1,0.2,0.05952662229537964,0.09530223906040192,0.11224845410332426
6784,137,1,0.1,0.2,0.03269051015377045,0.08054749667644501,0.13711115189372305
6785,137,2,0.1,0.2,0.05600644275546074,0.10779903829097748,0.10215894683823436
6786,137,3,0.1,0.2,0.04765602573752403,0.10383658111095428,0.10948650498586948
6787,137,4,0.1,0.2,0.07586608082056046,0.09964881837368011,0.10321243001091664
6788,137,5,0.1,0.2,0.023877374827861786,0.07388035953044891,0.14731197431053147
6789,137,6,0.1,0.2,0.04337245970964432,0.10874514281749725,0.1073970543298783
6790,137,7,0.1,0.2,0.01078951358795166,0.06715686619281769,0.1600181523627467
6791,137,8,0.1,0.2,0.039868999272584915,0.0807124674320221,0.13358612455879085
6792,137,9,0.1,0.2,0.05841538682579994,0.10074877738952637,0.10761080448784707
6793,137,10,0.1,0.2,0.07705437391996384,0.10887698829174042,0.0939675742955433
6794,137,11,0.1,0.2,0.02892078459262848,0.0853995531797409,0.13485368839720535
6795,137,12,0.1,0.2,0.039490826427936554,0.09976403415203094,0.11708376888300667
6796,137,13,0.1,0.2,0.05305641144514084,0.1037009060382843,0.10713176935090382
6797,137,14,0.1,0.2,0.04820720851421356,0.08898842334747314,0.12249923836812211
6798,137,15,0.1,0.2,0.10942359268665314,0.1246773898601532,0.07590981291903766
6799,137,16,0.1,0.2,0.04289133474230766,0.0920005664229393,0.122169052138752
6800,137,17,0.1,0.2,0.042940959334373474,0.08647070825099945,0.1270615370862139
6801,137,18,0.1,0.2,0.03066982328891754,0.08810475468635559,0.13163289606549947
6802,137,19,0.1,0.2,0.022223562002182007,0.07706218212842941,0.14547467604587366
6803,137,20,0.1,0.2,0.035163942724466324,0.08318407833576202,0.1336026716697749
6804,137,21,0.1,0.2,0.011447329074144363,0.06202872097492218,0.16394404339261234
6805,137,22,0.1,0.2,0.021839872002601624,0.05444382131099701,0.16521382134408327
6806,137,23,0.1,0.2,0.071281798183918,0.09030723571777344,0.11338975990549295
6807,137,24,0.1,0.2,0.017519518733024597,0.07389281690120697,0.1506852727347447
6808,137,25,0.1,0.2,0.03611212223768234,0.08798423409461975,0.12895422729147654
6809,137,26,0.1,0.2,0.07241452485322952,0.10409663617610931,0.09979185153012564
6810,137,27,0.1,0.2,0.07040910422801971,0.10061730444431305,0.1036944612238405
6811,137,28,0.1,0.2,0.018560633063316345,0.07204121351242065,0.15167670067093933
6812,137,29,0.1,0.2,0.03239752724766731,0.07947634905576706,0.13818843931080915
6813,137,30,0.1,0.2,0.049968421459198,0.09227757155895233,0.11877407309897678
6814,137,31,0.1,0.2,0.018336668610572815,0.07614395022392273,0.14835504966044646
6815,137,32,0.1,0.2,0.014447633177042007,0.06794087588787079,0.157349355671616
6816,137,33,0.1,0.2,0.06192571297287941,0.09086449444293976,0.11558637422213179
6817,137,34,0.1,0.2,0.049469687044620514,0.08939953148365021,0.12159677694496954
6818,137,35,0.1,0.2,0.020668618381023407,0.057839274406433105,0.1627978501420247
6819,137,36,0.1,0.2,0.03026340715587139,0.07628049701452255,0.14202009646694844
6820,137,37,0.1,0.2,0.016705993562936783,0.06835617125034332,0.15578186401570135
6821,137,38,0.1,0.2,0.03890290856361389,0.08212697505950928,0.13276635338295495
6822,137,39,0.1,0.2,0.024969002231955528,0.0759795606136322,0.1449507502969751
6823,137,40,0.1,0.2,0.04289371147751808,0.08635114133358002,0.12718958787964074
6824,137,41,0.1,0.2,0.027020571753382683,0.08321291953325272,0.13771426618600438
6825,137,42,0.1,0.2,0.07614271342754364,0.10833226144313812,0.09472140420585778
6826,137,43,0.1,0.2,0.10200145095586777,0.12079489231109619,0.07923039120148022
6827,137,44,0.1,0.2,0.05588866397738457,0.10380125045776367,0.10583009675508195
6828,137,45,0.1,0.2,0.08350037783384323,0.1093384176492691,0.09215074631257358
6829,137,46,0.1,0.2,0.07412112504243851,0.10359945893287659,0.09981372895099778
6830,137,47,0.1,0.2,0.02017182856798172,0.07709239423274994,0.14655653008179972
6831,137,48,0.1,0.2,0.02582957223057747,0.0766296237707138,0.14394965122033035
6832,137,49,0.1,0.2,0.16442827880382538,0.15909570455551147,0.07631621384367453
6833,138,0,0.2,0.2,0.1069224402308464,0.08731181919574738,0.1461576485359295
6834,138,1,0.2,0.2,0.12469443678855896,0.09520500898361206,0.12904618550238972
6835,138,2,0.2,0.2,0.11659790575504303,0.09849913418292999,0.13137098266382702
6836,138,3,0.2,0.2,0.11409290134906769,0.09053105115890503,0.13915272314617233
6837,138,4,0.2,0.2,0.11025317013263702,0.08918198943138123,0.1426012795792096
6838,138,5,0.2,0.2,0.11181801557540894,0.09013444185256958,0.14087761796717477
6839,138,6,0.2,0.2,0.03392089158296585,0.04027149826288223,0.2304245310720658
6840,138,7,0.2,0.2,0.11157159507274628,0.09316174685955048,0.13868667972116547
6841,138,8,0.2,0.2,0.11798848956823349,0.09437762945890427,0.133723494577506
6842,138,9,0.2,0.2,0.10492685437202454,0.09065726399421692,0.14489560703081583
6843,138,10,0.2,0.2,0.11497534811496735,0.09192167222499847,0.13751405878240835
6844,138,11,0.2,0.2,0.11259575188159943,0.08936774730682373,0.14099290026490605
6845,138,12,0.2,0.2,0.10857108235359192,0.08690932393074036,0.14542609117966382
6846,138,13,0.2,0.2,0.10609979927539825,0.0857631266117096,0.1478759985178555
6847,138,14,0.2,0.2,0.10994749516248703,0.09023857116699219,0.14197543761853224
6848,138,15,0.2,0.2,0.1118583232164383,0.09488680958747864,0.13717776053324693
6849,138,16,0.2,0.2,0.09775455296039581,0.08370979130268097,0.15484684071428298
6850,138,17,0.2,0.2,0.10723263025283813,0.08905435353517532,0.14461922887121378
6851,138,18,0.2,0.2,0.1060086041688919,0.08804215490818024,0.14618119430311122
6852,138,19,0.2,0.2,0.1033705323934555,0.08384183049201965,0.15109591110737886
6853,138,20,0.2,0.2,0.10583912581205368,0.08922339975833893,0.14538818861564734
6854,138,21,0.2,0.2,0.0921473503112793,0.08049663156270981,0.16097592712184217
6855,138,22,0.2,0.2,0.1060885339975357,0.08659820258617401,0.1472390271070087
6856,138,23,0.2,0.2,0.10194378346204758,0.08879992365837097,0.14825814844426577
6857,138,24,0.2,0.2,0.10650454461574554,0.088084876537323,0.14583002104222353
6858,138,25,0.2,0.2,0.11133459955453873,0.09015226364135742,0.14116684603430033
6859,138,26,0.2,0.2,0.10933762788772583,0.08751273155212402,0.1444750887865759
6860,138,27,0.2,0.2,0.09902092069387436,0.08472265303134918,0.15325025670987805
6861,138,28,0.2,0.2,0.115589439868927,0.09299853444099426,0.1362881370237945
6862,138,29,0.2,0.2,0.11076769232749939,0.08862486481666565,0.142712387232734
6863,138,30,0.2,0.2,0.10934948921203613,0.08944976329803467,0.1429645758255496
6864,138,31,0.2,0.2,0.1087477058172226,0.08898073434829712,0.14370893688098707
6865,138,32,0.2,0.2,0.09372837841510773,0.0823701024055481,0.15852586654033402
6866,138,33,0.2,0.2,0.11303002387285233,0.09200732409954071,0.13865855471516456
6867,138,34,0.2,0.2,0.10497133433818817,0.08826635032892227,0.14667943198105024
6868,138,35,0.2,0.2,0.12154074013233185,0.0973047986626625,0.1292368362221026
6869,138,36,0.2,0.2,0.10665863007307053,0.08808088302612305,0.14573434764683393
6870,138,37,0.2,0.2,0.11216401308774948,0.0914132297039032,0.13966476749769907
6871,138,38,0.2,0.2,0.11646102368831635,0.0938045084476471,0.13511566522520585
6872,138,39,0.2,0.2,-0.015691280364990234,0.013982808217406273,0.284824725162987
6873,138,40,0.2,0.2,0.11311756819486618,0.09165076911449432,0.13888165029929025
6874,138,41,0.2,0.2,0.10756675899028778,0.08885207772254944,0.14456059169135183
6875,138,42,0.2,0.2,0.11514479666948318,0.0940166562795639,0.1357677232571404
6876,138,43,0.2,0.2,0.1090487390756607,0.0872616320848465,0.14485189492685197
6877,138,44,0.2,0.2,0.10953071713447571,0.09003256261348724,0.14239918689219702
6878,138,45,0.2,0.2,0.10925053805112839,0.08985632658004761,0.14271332677241755
6879,138,46,0.2,0.2,0.1140996590256691,0.09274357557296753,0.13741473414586242
6880,138,47,0.2,0.2,0.11224551498889923,0.0923694372177124,0.13887111897149626
6881,138,48,0.2,0.2,0.10317744314670563,0.0824759304523468,0.15227118715847413
6882,139,0,0.3,0.2,-0.06993895769119263,-0.029237303882837296,0.43520635784546885
6883,139,1,0.3,0.2,-0.09285423159599304,-0.04947735741734505,0.465374471954382
6884,139,2,0.3,0.2,-0.059224002063274384,-0.02929620072245598,0.4261673747767515
6885,139,3,0.3,0.2,-0.05167732387781143,-0.021112769842147827,0.41541280326577046
6886,139,4,0.3,0.2,-0.05868569016456604,-0.014235362410545349,0.4177944648221285
6887,139,5,0.3,0.2,-0.07508265972137451,-0.02324589714407921,0.43649253397432264
6888,139,6,0.3,0.2,-0.05599473416805267,-0.02297186106443405,0.42005797407253176
6889,139,7,0.3,0.2,-0.07788018882274628,-0.03982805088162422,0.4475610920247573
6890,139,8,0.3,0.2,-0.06213631480932236,-0.017110366374254227,0.4222317156382731
6891,139,9,0.3,0.2,-0.06906697899103165,-0.020620808005332947,0.4299813669294201
6892,139,10,0.3,0.2,-0.0845566838979721,-0.03837877884507179,0.4524469972651741
6893,139,11,0.3,0.2,-0.06349138170480728,-0.032620105892419815,0.43155312331052653
6894,139,12,0.3,0.2,-0.0421915277838707,-0.007432576268911362,0.40015411454165667
6895,139,13,0.3,0.2,-0.09414471685886383,-0.04333934560418129,0.4632106377738157
6896,139,14,0.3,0.2,-0.034601278603076935,0.09580868482589722,0.35044806434124176
6897,139,15,0.3,0.2,-0.07803496718406677,-0.026567891240119934,0.4407305818239225
6898,139,16,0.3,0.2,-0.04553941637277603,-0.019150353968143463,0.4091752264147981
6899,139,17,0.3,0.2,-0.08699409663677216,-0.039845261722803116,0.4552913137789818
6900,139,18,0.3,0.2,-0.07970283925533295,-0.041099730879068375,0.44978142065732374
6901,139,19,0.3,0.2,-0.07909497618675232,-0.03370717540383339,0.4453448605353748
6902,139,20,0.3,0.2,-0.1286977082490921,-0.04013914242386818,0.49137412709878664
6903,139,21,0.3,0.2,-0.05512405186891556,-0.02085413783788681,0.4181980899237974
6904,139,22,0.3,0.2,-0.07317228615283966,-0.03050835058093071,0.4386247312225772
6905,139,23,0.3,0.2,-0.06618288904428482,-0.02421843633055687,0.42937607690617674
6906,139,24,0.3,0.2,-0.06368928402662277,-0.0290372334420681,0.4297998948564249
6907,139,25,0.3,0.2,-0.12060938775539398,-0.040090423077344894,0.48430947577084
6908,139,26,0.3,0.2,-0.08920718729496002,-0.06701679527759552,0.47199597837520973
6909,139,27,0.3,0.2,-0.058339923620224,-0.020120032131671906,0.42054765414373224
6910,139,28,0.3,0.2,-0.10503032803535461,-0.06683921813964844,0.485028591905473
6911,139,29,0.3,0.2,-0.05691506713628769,-0.023295041173696518,0.421009549252346
6912,139,30,0.3,0.2,-0.05881372094154358,-0.018651511520147324,0.42018539934886007
6913,139,31,0.3,0.2,-0.08687759935855865,-0.04536730423569679,0.4581259552495737
6914,139,32,0.3,0.2,-0.09910564124584198,-0.046781834214925766,0.46924043578184715
6915,139,33,0.3,0.2,-0.10431869328022003,-0.047665808349847794,0.47414339430325103
6916,139,34,0.3,0.2,-0.07807959616184235,-0.03518347069621086,0.4452588527167284
6917,139,35,0.3,0.2,-0.09054705500602722,-0.043395113199949265,0.46018277162829224
6918,139,36,0.3,0.2,-0.08173885941505432,-0.03680233284831047,0.44922143941480425
6919,139,37,0.3,0.2,-0.08286672830581665,-0.06473825871944427,0.4654817690021849
6920,139,38,0.3,0.2,-0.08137895166873932,-0.027991797775030136,0.444331142987566
6921,139,39,0.3,0.2,-0.06850480288267136,-0.038273606449365616,0.43882809991838906
6922,139,40,0.3,0.2,-0.0640399381518364,-0.026580866426229477,0.42879361655702586
6923,139,41,0.3,0.2,-0.08395382761955261,-0.040596332401037216,0.45310830593637935
6924,139,42,0.3,0.2,-0.09674811363220215,-0.04241019859910011,0.46494275997757606
6925,139,43,0.3,0.2,-0.008911117911338806,0.005789890885353088,0.36488853812028155
6926,139,44,0.3,0.2,-0.09031279385089874,-0.04958858713507652,0.4632909883343058
6927,139,45,0.3,0.2,-0.05391671508550644,-0.029344070702791214,0.42172946776748055
6928,139,46,0.3,0.2,-0.09177266061306,-0.05242288485169411,0.4660505663559347
6929,139,47,0.3,0.2,-0.11674502491950989,-0.036983881145715714,0.47941399199235896
6930,139,48,0.3,0.2,-0.038944587111473083,-0.03187244012951851,0.4106680674508113
6931,139,49,0.3,0.2,-0.13343025743961334,-0.033942487090826035,0.4925351513652714
6932,140,0,0.4,0.2,-0.005629926919937134,0.15999063849449158,0.4075983152825242
6933,140,1,0.4,0.2,-0.0018635541200637817,0.15925608575344086,0.40392373373960144
6934,140,2,0.4,0.2,-0.014065399765968323,0.1812288463115692,0.414490665147173
6935,140,3,0.4,0.2,0.0033387988805770874,0.10358768701553345,0.4082100471185368
6936,140,4,0.4,0.2,-0.00185326486825943,0.16594615578651428,0.4032935789111895
6937,140,5,0.4,0.2,-0.0007196739315986633,0.13185875117778778,0.4064720001019719
6938,140,6,0.4,0.2,-0.00029699504375457764,0.14208947122097015,0.40446423029054934
6939,140,7,0.4,0.2,-0.01627400517463684,0.1786007136106491,0.4168236759615594
6940,140,8,0.4,0.2,0.018030136823654175,0.14161008596420288,0.38640698549077
6941,140,9,0.4,0.2,-0.015115790069103241,0.18697626888751984,0.41532004133774475
6942,140,10,0.4,0.2,-0.00982511043548584,0.12032204866409302,0.417498739007132
6943,140,11,0.4,0.2,-0.006210695952177048,0.17994911968708038,0.40670525851933004
6944,140,12,0.4,0.2,0.0042420849204063416,0.13049888610839844,0.4018143006169893
6945,140,13,0.4,0.2,-0.00333607941865921,0.11792178452014923,0.4116027531700581
6946,140,14,0.4,0.2,-0.008128367364406586,0.10240630805492401,0.41963471371540084
6947,140,15,0.4,0.2,-0.011906921863555908,0.1829492747783661,0.41225967485274767
6948,140,16,0.4,0.2,-0.006142910569906235,0.2432950884103775,0.4084440334815252
6949,140,17,0.4,0.2,0.001747630536556244,0.1347438395023346,0.40356327417908633
6950,140,18,0.4,0.2,-0.02234237641096115,0.20828434824943542,0.4224236183481884
6951,140,19,0.4,0.2,-0.0015478171408176422,0.1952335685491562,0.4015761052644083
6952,140,20,0.4,0.2,0.0016769804060459137,0.16881956160068512,0.3995415468724361
6953,140,21,0.4,0.2,-0.03303562104701996,0.058255188167095184,0.4556439846822559
6954,140,22,0.4,0.2,0.004381995648145676,0.14851221442222595,0.3989543801376878
6955,140,23,0.4,0.2,-0.009699545800685883,0.09241883456707001,0.42358874511157135
6956,140,24,0.4,0.2,-0.010135196149349213,0.0915115475654602,0.4242412325930927
6957,140,25,0.4,0.2,-0.009270362555980682,0.17895390093326569,0.40981113693094123
6958,140,26,0.4,0.2,-0.009065717458724976,0.1587849259376526,0.411136769858871
6959,140,27,0.4,0.2,-0.0021316520869731903,0.16795584559440613,0.4034063626689197
6960,140,28,0.4,0.2,-0.0028468184173107147,0.18212229013442993,0.4032433156532012
6961,140,29,0.4,0.2,0.0006979890167713165,0.20111264288425446,0.3993035611529634
6962,140,30,0.4,0.2,0.00445181131362915,0.11112184822559357,0.4054105270412983
6963,140,31,0.4,0.2,-0.01166815310716629,0.10277664661407471,0.42299296533898745
6964,140,32,0.4,0.2,-0.008955568075180054,0.1617160588502884,0.4107436144478059
6965,140,33,0.4,0.2,-0.0028031840920448303,0.14489956200122833,0.4065543793668275
6966,140,34,0.4,0.2,0.0007154606282711029,0.1414768397808075,0.4035506209428193
6967,140,35,0.4,0.2,-0.009499184787273407,0.11105667054653168,0.4190471312343156
6968,140,36,0.4,0.2,-0.009694039821624756,0.11446084082126617,0.41852855818733303
6969,140,37,0.4,0.2,0.0011596158146858215,0.10437211394309998,0.4101442973500918
6970,140,38,0.4,0.2,-0.016437090933322906,0.10324451327323914,0.4275295018086367
6971,140,39,0.4,0.2,-0.009617462754249573,0.09818217158317566,0.4220821436364573
6972,140,40,0.4,0.2,-0.006438974291086197,0.14721310138702393,0.4098525301714836
6973,140,41,0.4,0.2,0.014839429408311844,0.15537837147712708,0.38773670818036826
6974,140,42,0.4,0.2,-0.0041842833161354065,0.19895878434181213,0.4041856244472642
6975,140,43,0.4,0.2,0.0022939667105674744,0.1321144700050354,0.4034582185276593
6976,140,44,0.4,0.2,-0.008721858263015747,0.1533501297235489,0.41137545845466095
6977,140,45,0.4,0.2,0.0015534423291683197,0.22623199224472046,0.39930912428451026
6978,140,46,0.4,0.2,-0.0007194578647613525,0.14627888798713684,0.4043043924907654
6979,140,47,0.4,0.2,-0.023089773952960968,0.13225744664669037,0.4284787163423565
6980,140,48,0.4,0.2,0.003138422966003418,0.133526012301445,0.4023902364203914
6981,141,0,0.5,0.2,0.05664999783039093,0.3253858685493469,0.4607394496411898
6982,141,1,0.5,0.2,0.08051446080207825,0.30785489082336426,0.43312907437701637
6983,141,2,0.5,0.2,-0.2231931835412979,0.1751030683517456,0.7236216123956604
6984,141,3,0.5,0.2,0.2107120007276535,0.3792797923088074,0.34033629023847317
6985,141,4,0.5,0.2,0.03301405534148216,0.2648267447948456,0.4714640806565271
6986,141,5,0.5,0.2,-0.05433708429336548,0.1935318261384964,0.5543748193199006
6987,141,6,0.5,0.2,0.09043001383543015,0.26909396052360535,0.41535713422027976
6988,141,7,0.5,0.2,0.1290666162967682,0.2745942771434784,0.37835946047123903
6989,141,8,0.5,0.2,0.02499140426516533,0.2637224793434143,0.47926372739406375
6990,141,9,0.5,0.2,0.05164359137415886,0.28294500708580017,0.45596419087064904
6991,141,10,0.5,0.2,0.07618637382984161,0.28117111325263977,0.43151678919153497
6992,141,11,0.5,0.2,0.03884101286530495,0.2798512578010559,0.46802119053255326
6993,141,12,0.5,0.2,-0.03965562582015991,0.1667611002922058,0.5406782952302905
6994,141,13,0.5,0.2,0.1696830689907074,0.3023931682109833,0.3458231279247825
6995,141,14,0.5,0.2,-0.03870416432619095,0.2698928415775299,0.543219279818161
6996,141,15,0.5,0.2,-0.11612150073051453,0.8448958396911621,0.891906019552167
6997,141,16,0.5,0.2,0.15678031742572784,0.3155682682991028,0.36215435265096224
6998,141,17,0.5,0.2,-0.03448312729597092,0.24803391098976135,0.5366371865320678
6999,141,18,0.5,0.2,0.10753922909498215,0.3781929314136505,0.43101992703951736
7000,141,19,0.5,0.2,0.06280775368213654,0.3041270077228546,0.4494212878555875
7001,141,20,0.5,0.2,0.19297190010547638,0.30167248845100403,0.3234247192665723
7002,141,21,0.5,0.2,0.15122349560260773,0.3036668598651886,0.36385693322234886
7003,141,22,0.5,0.2,0.05252941697835922,0.26677781343460083,0.4524259044714764
7004,141,23,0.5,0.2,0.04598841071128845,0.49401313066482544,0.5408976282179405
7005,141,24,0.5,0.2,0.08488055318593979,0.28871822357177734,0.42449390845681545
7006,141,25,0.5,0.2,-0.05670459568500519,0.1522655487060547,0.5587473352930993
7007,141,26,0.5,0.2,0.0392015241086483,0.3303980231285095,0.47889339087067795
7008,141,27,0.5,0.2,0.10761800408363342,0.28229326009750366,0.400918709187769
7009,141,28,0.5,0.2,0.21696709096431732,0.2897249758243561,0.2969144639182846
7010,141,29,0.5,0.2,0.040757305920124054,0.28084397315979004,0.4663041926275201
7011,141,30,0.5,0.2,0.11823047697544098,0.2813141644001007,0.39033314238287004
7012,141,31,0.5,0.2,-0.016089975833892822,0.2875674366950989,0.5234662540465987
7013,141,32,0.5,0.2,0.042535990476608276,0.24122512340545654,0.4593177884743992
7014,141,33,0.5,0.2,0.11205138266086578,0.38388192653656006,0.42932119980516087
7015,141,34,0.5,0.2,-0.07252857089042664,0.19448216259479523,0.5725551598016252
7016,141,35,0.5,0.2,-0.052071891725063324,0.22086817026138306,0.5524661565769872
7017,141,36,0.5,0.2,0.3556565046310425,0.4095407724380493,0.25444523962782767
7018,141,37,0.5,0.2,0.08029546588659286,0.32881566882133484,0.439027758221778
7019,141,38,0.5,0.2,0.04142215847969055,0.30133116245269775,0.46963990590391813
7020,141,39,0.5,0.2,-0.03209971636533737,0.2753194570541382,0.5374040647101608
7021,141,40,0.5,0.2,0.15772761404514313,0.35652488470077515,0.3763647508970805
7022,141,41,0.5,0.2,0.1989632546901703,0.3290228247642517,0.3275210090007694
7023,141,42,0.5,0.2,0.07229603826999664,0.3378051519393921,0.44935613802481783
7024,141,43,0.5,0.2,0.0021954402327537537,0.28218406438827515,0.5045429616637597
7025,141,44,0.5,0.2,0.06272143125534058,0.3064030408859253,0.4500379470590783
7026,141,45,0.5,0.2,0.06855764985084534,0.39917445182800293,0.4751978154023977
7027,141,46,0.5,0.2,0.14893537759780884,0.35409072041511536,0.3833931653282858
7028,141,47,0.5,0.2,0.061343032866716385,0.26303336024284363,0.4431626555995832
7029,141,48,0.5,0.2,0.07191398739814758,0.28256168961524963,0.43597484649630663
7030,142,0,0.6,0.2,-0.21544118225574493,0.20039743185043335,0.8154412791064252
7031,142,1,0.6,0.2,-0.17500032484531403,0.18488650023937225,0.7751476771463337
7032,142,2,0.6,0.2,-0.21682427823543549,0.084968701004982,0.8248842956823225
7033,142,3,0.6,0.2,-0.14131738245487213,0.18409541249275208,0.7414879752453972
7034,142,4,0.6,0.2,-0.21699123084545135,0.10121744871139526,0.8229414704081034
7035,142,5,0.6,0.2,-0.14346787333488464,0.1993170529603958,0.743468187011223
7036,142,6,0.6,0.2,-0.21301518380641937,0.21159185469150543,0.8130978171136453
7037,142,7,0.6,0.2,-0.1633540838956833,0.12739312648773193,0.7667993319516159
7038,142,8,0.6,0.2,-0.16396386921405792,0.07870939373970032,0.7735322906197938
7039,142,9,0.6,0.2,-0.18512699007987976,0.34504222869873047,0.798411947967831
7040,142,10,0.6,0.2,-0.20888353884220123,0.15176938474178314,0.8103201661430307
7041,142,11,0.6,0.2,-0.21738283336162567,0.12459829449653625,0.8208532837645898
7042,142,12,0.6,0.2,-0.24655522406101227,0.1639748513698578,0.8473214022546666
7043,142,13,0.6,0.2,-0.15945617854595184,0.1334657222032547,0.7623650682275226
7044,142,14,0.6,0.2,-0.16460959613323212,0.08255979418754578,0.7735761348699273
7045,142,15,0.6,0.2,-0.17351941764354706,0.21507421135902405,0.7736662855002204
7046,142,16,0.6,0.2,-0.15999974310398102,0.09626170992851257,0.7670470926514702
7047,142,17,0.6,0.2,-0.20210020244121552,0.2100854068994522,0.8021636056245424
7048,142,18,0.6,0.2,-0.13797113299369812,0.09486617147922516,0.7454223735785223
7049,142,19,0.6,0.2,-0.18595395982265472,0.11330845952033997,0.7907205891790396
7050,142,20,0.6,0.2,-0.14714163541793823,0.11999551951885223,0.7514128959979658
7051,142,21,0.6,0.2,-0.16014444828033447,0.12600892782211304,0.7637370365599977
7052,142,22,0.6,0.2,-0.16270321607589722,0.22849076986312866,0.7632351667604883
7053,142,23,0.6,0.2,-0.18733923137187958,0.2026774287223816,0.7873437837957606
7054,142,24,0.6,0.2,-0.1741710901260376,0.25358694791793823,0.7760234775920747
7055,142,25,0.6,0.2,-0.1634722352027893,0.1677919179201126,0.76415130339273
7056,142,26,0.6,0.2,-0.1870836466550827,0.16742339730262756,0.7877575146421426
7057,142,27,0.6,0.2,-0.17462487518787384,0.08293767273426056,0.7834202484775972
7058,142,28,0.6,0.2,-0.16934040188789368,0.14533638954162598,0.7712799519534853
7059,142,29,0.6,0.2,-0.186160147190094,0.11431632936000824,0.7908156981524158
7060,142,30,0.6,0.2,-0.1751703917980194,0.09801837801933289,0.7818499776441146
7061,142,31,0.6,0.2,-0.1803511530160904,0.12004895508289337,0.784436161581603
7062,142,32,0.6,0.2,-0.18843795359134674,0.08416357636451721,0.796901803049767
7063,142,33,0.6,0.2,-0.22292537987232208,0.09958255290985107,0.8290294593789224
7064,142,34,0.6,0.2,-0.193185493350029,0.17129452526569366,0.7937047506098541
7065,142,35,0.6,0.2,-0.19388537108898163,0.14384450018405914,0.7958689732541834
7066,142,36,0.6,0.2,-0.1734338104724884,0.1267576664686203,0.7768940073157438
7067,142,37,0.6,0.2,-0.18366780877113342,0.12346892058849335,0.7873958601745631
7068,142,38,0.6,0.2,-0.19385400414466858,0.11872480809688568,0.7980036570814769
7069,142,39,0.6,0.2,-0.18771226704120636,0.10641579329967499,0.7932519268119844
7070,142,40,0.6,0.2,-0.22072534263134003,0.11350744962692261,0.8252702886372256
7071,142,41,0.6,0.2,-0.21363793313503265,0.17445586621761322,0.8140388129609917
7072,142,42,0.6,0.2,-0.1879976987838745,0.11856095492839813,0.7921948569328484
7073,142,43,0.6,0.2,-0.21962754428386688,0.22737322747707367,0.8200845108470918
7074,142,44,0.6,0.2,-0.1471659243106842,0.11615337431430817,0.7518558206796803
7075,142,45,0.6,0.2,-0.215046688914299,0.16628903150558472,0.8157435470213623
7076,142,46,0.6,0.2,-0.22537924349308014,0.15149174630641937,0.8268034508065445
7077,142,47,0.6,0.2,-0.20167632400989532,0.1802314817905426,0.8019200226894302
7078,142,48,0.6,0.2,-0.16895577311515808,0.12574061751365662,0.7725331299655591
7079,143,0,0.8,0.2,-0.36868399381637573,-0.13569603860378265,1.2159416547420634
7080,143,1,0.8,0.2,-0.4688374996185303,-0.0683664083480835,1.296907525449619
7081,143,2,0.8,0.2,-0.5305812358856201,-0.0998801589012146,1.363955473977623
7082,143,3,0.8,0.2,-0.4935019016265869,-0.08584031462669373,1.3247082150335914
7083,143,4,0.8,0.2,-0.4583600163459778,-0.07248362898826599,1.2875236925217588
7084,143,5,0.8,0.2,-0.4273785352706909,-0.11527463793754578,1.2672238027159517
7085,143,6,0.8,0.2,-0.4894856810569763,-0.08481210470199585,1.3205647491265828
7086,143,7,0.8,0.2,-0.377760112285614,-0.05993127450346947,1.2061024622958119
7087,143,8,0.8,0.2,-0.44544100761413574,-0.08290769159793854,1.2771687693535996
7088,143,9,0.8,0.2,-0.538331925868988,-0.10376793146133423,1.37237287206666
7089,143,10,0.8,0.2,-0.46045929193496704,-0.08196495473384857,1.2916121175969433
7090,143,11,0.8,0.2,-0.4729123115539551,-0.08630745112895966,1.304713650376049
7091,143,12,0.8,0.2,-0.46017563343048096,-0.09517918527126312,1.2942848907830613
7092,143,13,0.8,0.2,-0.49148672819137573,-0.0793205052614212,1.3213470073201665
7093,143,14,0.8,0.2,-0.3937861919403076,-0.048782940953969955,1.2194336487800588
7094,143,15,0.8,0.2,-0.3659636378288269,-0.08044525980949402,1.1992167229023478
7095,143,16,0.8,0.2,-0.3450709581375122,-0.08857157826423645,1.1808730054294039
7096,143,17,0.8,0.2,-0.45388495922088623,-0.09818437695503235,1.2888527509457488
7097,143,18,0.8,0.2,-0.40671926736831665,-0.1181490421295166,1.2479544075189029
7098,143,19,0.8,0.2,-0.49671393632888794,-0.11606167256832123,1.334676744959709
7099,143,20,0.8,0.2,-0.39205777645111084,-0.09645652770996094,1.2283681106327262
7100,143,21,0.8,0.2,-0.44714319705963135,-0.08422999083995819,1.2791219025820022
7101,143,22,0.8,0.2,-0.44591957330703735,-0.07158955931663513,1.2751770355050291
7102,143,23,0.8,0.2,-0.5129185914993286,-0.11059077084064484,1.3491559786903689
7103,143,24,0.8,0.2,-0.2951018214225769,-0.022941287606954575,1.1175646813508793
7104,143,25,0.8,0.2,-0.498305082321167,-0.10234804451465607,1.3330455456595656
7105,143,26,0.8,0.2,-0.4280553460121155,-0.11885665357112885,1.2687748020809348
7106,143,27,0.8,0.2,-0.48107481002807617,-0.09996548295021057,1.315724879999624
7107,143,28,0.8,0.2,-0.32637542486190796,-0.12250389158725739,1.1716357615836797
7108,143,29,0.8,0.2,-0.49638450145721436,-0.10770571231842041,1.3324021844067417
7109,143,30,0.8,0.2,-0.2750195860862732,-0.010110829025506973,1.0953600645189179
7110,143,31,0.8,0.2,-0.47630447149276733,-0.07751213014125824,1.306126366906346
7111,143,32,0.8,0.2,-0.3802458643913269,-0.042820122092962265,1.2049655232022498
7112,143,33,0.8,0.2,-0.4030771255493164,-0.044239189475774765,1.227618569302285
7113,143,34,0.8,0.2,-0.37867146730422974,-0.05898232385516167,1.206788412235768
7114,143,35,0.8,0.2,-0.40510398149490356,-0.026578795164823532,1.2262192123079838
7115,143,36,0.8,0.2,-0.4325867295265198,-0.06809791922569275,1.2614065720845236
7116,143,37,0.8,0.2,-0.4269999861717224,-0.05859977379441261,1.2539548672388208
7117,143,38,0.8,0.2,-0.352716863155365,-0.01942601427435875,1.1734155028561177
7118,143,39,0.8,0.2,-0.3563723564147949,-0.02186233550310135,1.1774633423572882
7119,143,40,0.8,0.2,-0.31339770555496216,0.03934239596128464,1.1249290273037296
7120,143,41,0.8,0.2,-0.42993414402008057,-0.05624396726489067,1.2563434917991412
7121,143,42,0.8,0.2,-0.39436739683151245,-0.047045934945344925,1.2196496105796546
7122,143,43,0.8,0.2,-0.34689873456954956,-0.032611433416604996,1.1702498819967306
7123,143,44,0.8,0.2,-0.4645971655845642,-0.12197224795818329,1.3049414238423729
7124,143,45,0.8,0.2,-0.46959227323532104,-0.12019258737564087,1.309346338166162
7125,143,46,0.8,0.2,-0.42762619256973267,-0.07601572573184967,1.2582729233097794
7126,143,47,0.8,0.2,-0.5027644634246826,-0.07251565158367157,1.330962068400251
7127,143,48,0.8,0.2,-0.40322810411453247,-0.08934275805950165,1.237528626809308
7128,143,49,0.8,0.2,-0.4932020306587219,-0.054565150290727615,1.3180193123935562
7129,144,0,1.0,0.2,-0.2168026715517044,0.03939152881503105,1.2273564366196716
7130,144,1,1.0,0.2,-0.3007296323776245,-0.010894197970628738,1.317715424241101
7131,144,2,1.0,0.2,-0.37125450372695923,-0.01552492380142212,1.3880885803042535
7132,144,3,1.0,0.2,-0.3646659851074219,0.09010414779186249,1.3690837626828254
7133,144,4,1.0,0.2,-0.2962797284126282,0.02108706533908844,1.3085682911038676
7134,144,5,1.0,0.2,-0.3100407123565674,0.03361087292432785,1.3205650342337203
7135,144,6,1.0,0.2,-0.3738752007484436,0.05474355071783066,1.3815326645757022
7136,144,7,1.0,0.2,-0.37667423486709595,-0.006407391279935837,1.392061765914822
7137,144,8,1.0,0.2,-0.40712136030197144,0.003967218101024628,1.4207108693175827
7138,144,9,1.0,0.2,-0.3613160252571106,0.016930658370256424,1.3735704220994882
7139,144,10,1.0,0.2,-0.33645886182785034,0.021468451246619225,1.3483307469825325
7140,144,11,1.0,0.2,-0.5026472806930542,-0.08948154747486115,1.5302772351775578
7141,144,12,1.0,0.2,-0.3233639597892761,0.07789233326911926,1.328985497416587
7142,144,13,1.0,0.2,-0.3895299434661865,-0.004283316433429718,1.4044661395570148
7143,144,14,1.0,0.2,-0.3816361427307129,0.06497206538915634,1.3882186333661832
7144,144,15,1.0,0.2,-0.3412262797355652,0.018763570114970207,1.3534158920933268
7145,144,16,1.0,0.2,-0.31966352462768555,0.04233840852975845,1.3290481540025911
7146,144,17,1.0,0.2,-0.34695500135421753,0.06085576117038727,1.3541229245798228
7147,144,18,1.0,0.2,-0.39938855171203613,0.05462465435266495,1.4069194396925475
7148,144,19,1.0,0.2,-0.3885182738304138,0.0027575604617595673,1.4024576915957174
7149,144,20,1.0,0.2,-0.36748021841049194,0.06647035479545593,1.3739841024889838
7150,144,21,1.0,0.2,-0.35464560985565186,0.02765788696706295,1.3655645470741573
7151,144,22,1.0,0.2,-0.5421013236045837,-0.043919000774621964,1.5612728689123818
7152,144,23,1.0,0.2,-0.3807713985443115,0.017649898305535316,1.3927602861318222
7153,144,24,1.0,0.2,-0.3471704125404358,0.07959072291851044,1.3525407625767347
7154,144,25,1.0,0.2,-0.40943288803100586,0.014636322855949402,1.4215698219460717
7155,144,26,1.0,0.2,-0.38229620456695557,0.01592746004462242,1.394498295849025
7156,144,27,1.0,0.2,-0.4033207297325134,0.07659642398357391,1.4087361403295635
7157,144,28,1.0,0.2,-0.3412477970123291,0.01864738017320633,1.3534527792680717
7158,144,29,1.0,0.2,-0.3463215231895447,0.04609039053320885,1.3550903334057238
7159,144,30,1.0,0.2,-0.1742740124464035,0.08705475926399231,1.179693215930265
7160,144,31,1.0,0.2,-0.30140405893325806,0.008790243417024612,1.3153758761739853
7161,144,32,1.0,0.2,-0.37764954566955566,0.0014767684042453766,1.3918799316632002
7162,144,33,1.0,0.2,-0.27844876050949097,-0.013126160949468613,1.2960918153160728
7163,144,34,1.0,0.2,-0.39245134592056274,0.042941004037857056,1.4012809421984669
7164,144,35,1.0,0.2,-0.3429880738258362,0.028701068833470345,1.3538686384790901
7165,144,36,1.0,0.2,-0.2483079880475998,0.015512462705373764,1.2618670629034117
7166,144,37,1.0,0.2,-0.4488014578819275,-0.06694021821022034,1.4731879528624034
7167,144,38,1.0,0.2,-0.34016263484954834,0.011756779626011848,1.3533186608717305
7168,144,39,1.0,0.2,-0.5039849877357483,-0.07640685141086578,1.5291734992607502
7169,144,40,1.0,0.2,-0.40217626094818115,0.02206343039870262,1.4134212710894438
7170,144,41,1.0,0.2,-0.35004985332489014,0.03599967062473297,1.3599745271503263
7171,144,42,1.0,0.2,-0.3208617568016052,0.08727556467056274,1.3256630714104407
7172,144,43,1.0,0.2,-0.34114062786102295,0.047708045691251755,1.3497596167639023
7173,144,44,1.0,0.2,-0.33855223655700684,0.0714656189084053,1.3447093281130924
7174,144,45,1.0,0.2,-0.4039216637611389,0.018097195774316788,1.4156569740452705
7175,144,46,1.0,0.2,-0.3248150944709778,0.04889896884560585,1.333404123345232
7176,144,47,1.0,0.2,-0.2988761067390442,0.06639856100082397,1.3057291009854333
7177,144,48,1.0,0.2,-0.3413395881652832,0.0663183182477951,1.347984674547715
7178,145,0,-0.5,0.3,0.15929970145225525,0.4416409134864807,0.6743428243173628
7179,145,1,-0.5,0.3,0.1383177638053894,0.42956221103668213,0.6513339651194513
7180,145,2,-0.5,0.3,0.19488239288330078,0.4174341857433319,0.7047356439973937
7181,145,3,-0.5,0.3,0.1940431296825409,0.4021640717983246,0.7015221760044008
7182,145,4,-0.5,0.3,0.1691463738679886,0.4895975887775421,0.69548840057253
7183,145,5,-0.5,0.3,0.1669926792383194,0.44733843207359314,0.6830723590685078
7184,145,6,-0.5,0.3,0.18300165235996246,0.4011744260787964,0.6904545760720345
7185,145,7,-0.5,0.3,0.16680115461349487,0.46127575635910034,0.6860274406924913
7186,145,8,-0.5,0.3,0.16532111167907715,0.4726673364639282,0.6873617611763332
7187,145,9,-0.5,0.3,0.20191727578639984,0.47442299127578735,0.7232642960446716
7188,145,10,-0.5,0.3,0.1505151093006134,0.4540053606033325,0.6684964910326392
7189,145,11,-0.5,0.3,0.12921097874641418,0.5085511803627014,0.6628725749385749
7190,145,12,-0.5,0.3,0.18535619974136353,0.39116838574409485,0.6913933721718106
7191,145,13,-0.5,0.3,0.16962134838104248,0.405068039894104,0.6778141656935436
7192,145,14,-0.5,0.3,0.16551467776298523,0.4749578535556793,0.6881279218566709
7193,145,15,-0.5,0.3,0.18594686686992645,0.45124489068984985,0.702423035733064
7194,145,16,-0.5,0.3,0.1345978081226349,0.4505508244037628,0.6522115675167875
7195,145,17,-0.5,0.3,0.17328108847141266,0.4301891624927521,0.6857526100014599
7196,145,18,-0.5,0.3,0.15265588462352753,0.43304938077926636,0.6660794558154947
7197,145,19,-0.5,0.3,0.20532304048538208,0.4630100131034851,0.7239149506755211
7198,145,20,-0.5,0.3,0.04423089325428009,0.6062839031219482,0.6244974735609157
7199,145,21,-0.5,0.3,0.14768365025520325,0.37684866786003113,0.652226822937976
7200,145,22,-0.5,0.3,0.18868881464004517,0.47470661997795105,0.7105031220722614
7201,145,23,-0.5,0.3,0.15801683068275452,0.4395517110824585,0.6726520865408944
7202,145,24,-0.5,0.3,0.12768802046775818,0.4525800943374634,0.6459666680462406
7203,145,25,-0.5,0.3,0.18776792287826538,0.4319133460521698,0.7003041100885836
7204,145,26,-0.5,0.3,0.18465997278690338,0.4780937433242798,0.7074437502358882
7205,145,27,-0.5,0.3,0.1577480137348175,0.38135361671447754,0.6627600323832328
7206,145,28,-0.5,0.3,0.11962910741567612,0.5036918520927429,0.6522504130820611
7207,145,29,-0.5,0.3,0.17463141679763794,0.4559420943260193,0.6924200208783491
7208,145,30,-0.5,0.3,0.14475855231285095,0.41287562251091003,0.6545643566050544
7209,145,31,-0.5,0.3,0.18272627890110016,0.46112537384033203,0.7014816875709085
7210,145,32,-0.5,0.3,0.027836663648486137,0.4789343476295471,0.5573410484193468
7211,145,33,-0.5,0.3,0.1659923493862152,0.3920985460281372,0.6723302400022384
7212,145,34,-0.5,0.3,0.1795082986354828,0.44670793414115906,0.6951652651380498
7213,145,35,-0.5,0.3,0.18031620979309082,0.4658873975276947,0.7002490799463775
7214,145,36,-0.5,0.3,0.18482859432697296,0.3831931948661804,0.6898632554933622
7215,145,37,-0.5,0.3,0.16966000199317932,0.45887213945388794,0.6882476843144193
7216,145,38,-0.5,0.3,0.18960712850093842,0.45534583926200867,0.7068877714710643
7217,145,39,-0.5,0.3,0.12228352576494217,0.43418771028518677,0.6365870938292958
7218,145,40,-0.5,0.3,0.19980894029140472,0.43013519048690796,0.7118059572066271
7219,145,41,-0.5,0.3,0.18460135161876678,0.4569644629955292,0.7023651851293009
7220,145,42,-0.5,0.3,0.16302107274532318,0.35706186294555664,0.66547201226436
7221,145,43,-0.5,0.3,0.17836564779281616,0.4518486559391022,0.6951531963645704
7222,145,44,-0.5,0.3,-0.032593123614788055,0.3163336217403412,0.4676921800622043
7223,145,45,-0.5,0.3,0.14886435866355896,0.5370439291000366,0.6908073394710387
7224,145,46,-0.5,0.3,0.19054947793483734,0.44566938281059265,0.7057465200512826
7225,145,47,-0.5,0.3,0.159407377243042,0.4589153826236725,0.6782862139222466
7226,145,48,-0.5,0.3,0.17930522561073303,0.4110356271266937,0.688320056393439
7227,146,0,-0.4,0.3,0.06765953451395035,0.4034622311592102,0.4789675077687907
7228,146,1,-0.4,0.3,0.04365403950214386,0.1408754587173462,0.47132740892609337
7229,146,2,-0.4,0.3,0.13975796103477478,0.45375630259513855,0.5612304848171964
7230,146,3,-0.4,0.3,-0.02587220072746277,0.3680349886417389,0.38026355316805405
7231,146,4,-0.4,0.3,-0.05003470182418823,0.34978756308555603,0.35348905409543174
7232,146,5,-0.4,0.3,-0.042499102652072906,0.38405075669288635,0.3672484462938133
7233,146,6,-0.4,0.3,0.12235425412654877,0.44536903500556946,0.5422048719280874
7234,146,7,-0.4,0.3,-0.08512331545352936,0.336735337972641,0.3170123207809781
7235,146,8,-0.4,0.3,0.024767260998487473,0.38787105679512024,0.43376093489207673
7236,146,9,-0.4,0.3,0.019545122981071472,0.3829286992549896,0.42766257654525597
7237,146,10,-0.4,0.3,0.11471721529960632,0.4469078481197357,0.5352716390440957
7238,146,11,-0.4,0.3,-0.06105196475982666,0.3543580174446106,0.3432791351854674
7239,146,12,-0.4,0.3,-0.024347029626369476,0.3752729892730713,0.3831203166952069
7240,146,13,-0.4,0.3,-0.10797007381916046,0.3042795658111572,0.29206128204320175
7241,146,14,-0.4,0.3,-0.06843484938144684,0.342705100774765,0.33430401543637894
7242,146,15,-0.4,0.3,-0.12829717993736267,0.3095652163028717,0.27187113821240866
7243,146,16,-0.4,0.3,-0.11720120906829834,0.32718613743782043,0.2841025206175059
7244,146,17,-0.4,0.3,-0.10483792424201965,0.35636499524116516,0.30049569656535235
7245,146,18,-0.4,0.3,-0.048579663038253784,0.3671240210533142,0.3577735141575925
7246,146,19,-0.4,0.3,0.13365772366523743,0.4634518623352051,0.5581281907666104
7247,146,20,-0.4,0.3,0.09190294146537781,0.42578521370887756,0.5077306606952932
7248,146,21,-0.4,0.3,-0.08967907726764679,0.31881630420684814,0.31089086250558057
7249,146,22,-0.4,0.3,-0.10952010750770569,0.3148875832557678,0.2908611491374059
7250,146,23,-0.4,0.3,-0.12015751004219055,0.3202524483203888,0.28057437667890617
7251,146,24,-0.4,0.3,0.0852469876408577,0.43097174167633057,0.5026114166354145
7252,146,25,-0.4,0.3,-0.11930769681930542,0.3274291157722473,0.28202929893351564
7253,146,26,-0.4,0.3,-0.05034859478473663,0.40495017170906067,0.3650625202766913
7254,146,27,-0.4,0.3,0.10503232479095459,0.4370405673980713,0.5232951043116509
7255,146,28,-0.4,0.3,-0.057509198784828186,0.34144341945648193,0.34498913886274196
7256,146,29,-0.4,0.3,0.06449165940284729,0.4180986285209656,0.4792700571841973
7257,146,30,-0.4,0.3,-0.008655950427055359,0.34704679250717163,0.39416185231623346
7258,146,31,-0.4,0.3,-0.12291368842124939,0.3388676345348358,0.27979906554284634
7259,146,32,-0.4,0.3,0.09473578631877899,0.4359669089317322,0.5130794271737179
7260,146,33,-0.4,0.3,0.05681142956018448,0.3800979554653168,0.4637805134398634
7261,146,34,-0.4,0.3,-0.07979108393192291,0.34143388271331787,0.3228784857592618
7262,146,35,-0.4,0.3,-0.16888870298862457,0.2939183712005615,0.2311913013396792
7263,146,36,-0.4,0.3,-0.0847097784280777,0.3321623206138611,0.31692639316746823
7264,146,37,-0.4,0.3,0.09410860389471054,0.41955533623695374,0.5083667877286153
7265,146,38,-0.4,0.3,-0.11062470078468323,0.32883667945861816,0.2908085588117262
7266,146,39,-0.4,0.3,0.050683386623859406,0.40660569071769714,0.46312016612554074
7267,146,40,-0.4,0.3,0.1644781529903412,0.4976309835910797,0.598074904070188
7268,146,41,-0.4,0.3,-0.03861261159181595,0.3543766140937805,0.3654554154213502
7269,146,42,-0.4,0.3,-0.05855368822813034,0.3751295506954193,0.3496141204389611
7270,146,43,-0.4,0.3,-0.0553387776017189,0.3061346709728241,0.3447158139874384
7271,146,44,-0.4,0.3,0.15597310662269592,0.4671207368373871,0.580547531188242
7272,146,45,-0.4,0.3,-0.08847108483314514,0.35281118750572205,0.3159735534990262
7273,146,46,-0.4,0.3,0.01675635576248169,0.3632776737213135,0.4215328267881462
7274,146,47,-0.4,0.3,-0.09460005164146423,0.35826969146728516,0.31090912723992026
7275,146,48,-0.4,0.3,-0.0924384742975235,0.3394632637500763,0.3100829587033819
7276,146,49,-0.4,0.3,-0.0764976441860199,0.31437015533447266,0.32382136368919806
7277,147,0,-0.3,0.3,-0.2627596855163574,0.25674906373023987,0.05707437700975325
7278,147,1,-0.3,0.3,-0.2523142695426941,0.2563534379005432,0.06464480854909052
7279,147,2,-0.3,0.3,-0.27058207988739014,0.24438492953777313,0.06291621481200496
7280,147,3,-0.3,0.3,-0.25879591703414917,0.25990602374076843,0.05749176797883799
7281,147,4,-0.3,0.3,-0.25810134410858154,0.26460203528404236,0.054849915875411104
7282,147,5,-0.3,0.3,-0.2609049677848816,0.26130443811416626,0.055006981861955795
7283,147,6,-0.3,0.3,-0.26491981744766235,0.26660966873168945,0.04843070751199956
7284,147,7,-0.3,0.3,-0.2700667977333069,0.24581414461135864,0.0619039863186331
7285,147,8,-0.3,0.3,-0.26309138536453247,0.25941863656044006,0.05485519932443139
7286,147,9,-0.3,0.3,-0.25776225328445435,0.2564719319343567,0.06065245219390444
7287,147,10,-0.3,0.3,-0.26284825801849365,0.2561040222644806,0.05750746728571547
7288,147,11,-0.3,0.3,-0.2619978189468384,0.2571239471435547,0.05729329518666182
7289,147,12,-0.3,0.3,-0.2537744641304016,0.26091891527175903,0.06053206877323354
7290,147,13,-0.3,0.3,-0.23004265129566193,0.2834033668041229,0.07189908811089915
7291,147,14,-0.3,0.3,-0.2595975995063782,0.2606543302536011,0.05639535170064731
7292,147,15,-0.3,0.3,-0.25697773694992065,0.26772263646125793,0.05378422924019956
7293,147,16,-0.3,0.3,-0.2651625871658325,0.26396644115448,0.050120481801871876
7294,147,17,-0.3,0.3,-0.2888750433921814,0.2459036260843277,0.05522845580269356
7295,147,18,-0.3,0.3,-0.2590331435203552,0.2572735548019409,0.05919317907568875
7296,147,19,-0.3,0.3,-0.25364434719085693,0.26542508602142334,0.05782967425109523
7297,147,20,-0.3,0.3,-0.2599591016769409,0.26186180114746094,0.05529733944986292
7298,147,21,-0.3,0.3,-0.28372931480407715,0.24353310465812683,0.058764321371856915
7299,147,22,-0.3,0.3,-0.2587661147117615,0.2579009234905243,0.05892847816560598
7300,147,23,-0.3,0.3,-0.2542039155960083,0.25919950008392334,0.06133483626895324
7301,147,24,-0.3,0.3,-0.2619975209236145,0.25717800855636597,0.05725304679359678
7302,147,25,-0.3,0.3,-0.2590492367744446,0.2584274411201477,0.05835445707548213
7303,147,26,-0.3,0.3,-0.250934898853302,0.2496154010295868,0.0703277467572015
7304,147,27,-0.3,0.3,-0.2582002282142639,0.25507044792175293,0.0613668116435222
7305,147,28,-0.3,0.3,-0.25443029403686523,0.25357550382614136,0.0650525322071568
7306,147,29,-0.3,0.3,-0.25903499126434326,0.26302167773246765,0.055186304989860574
7307,147,30,-0.3,0.3,-0.260344922542572,0.25976112484931946,0.05649506386886085
7308,147,31,-0.3,0.3,-0.25615793466567993,0.25431886315345764,0.06331581916370756
7309,147,32,-0.3,0.3,-0.2678597569465637,0.26116013526916504,0.05041359257029313
7310,147,33,-0.3,0.3,-0.2625533938407898,0.2616584897041321,0.05359402694900938
7311,147,34,-0.3,0.3,-0.2547442317008972,0.26118025183677673,0.059624302191289
7312,147,35,-0.3,0.3,-0.2747821807861328,0.23620492219924927,0.06859847197647427
7313,147,36,-0.3,0.3,-0.26092392206192017,0.25802841782569885,0.05734591160001733
7314,147,37,-0.3,0.3,-0.2480471283197403,0.25731539726257324,0.0672389484352445
7315,147,38,-0.3,0.3,-0.2538639307022095,0.2463461309671402,0.07076209827616617
7316,147,39,-0.3,0.3,-0.28723669052124023,0.25422167778015137,0.04752427647124031
7317,147,40,-0.3,0.3,-0.2665504217147827,0.25099241733551025,0.059334791194337856
7318,147,41,-0.3,0.3,-0.26258981227874756,0.2596920132637024,0.054993235402846494
7319,147,42,-0.3,0.3,-0.2558021545410156,0.2553875744342804,0.06279902911728123
7320,147,43,-0.3,0.3,-0.2683279514312744,0.2528458833694458,0.05680342749999879
7321,147,44,-0.3,0.3,-0.25801146030426025,0.2554551959037781,0.06121500663849919
7322,147,45,-0.3,0.3,-0.25411808490753174,0.2705996632575989,0.05449339348140329
7323,147,46,-0.3,0.3,-0.26760363578796387,0.26210421323776245,0.04985594316115053
7324,147,47,-0.3,0.3,-0.256280779838562,0.2565927803516388,0.06160809142576452
7325,147,48,-0.3,0.3,-0.2502714991569519,0.2665458023548126,0.059934190043582754
7326,147,49,-0.3,0.3,-0.24901606142520905,0.27441030740737915,0.0570455463606309
7327,148,0,-0.2,0.3,-0.28928613662719727,0.013088682666420937,0.30048314130396775
7328,148,1,-0.2,0.3,-0.3170291781425476,-0.01512937992811203,0.3361582285629738
7329,148,2,-0.2,0.3,-0.32623291015625,-0.05277562513947487,0.3746803828585948
7330,148,3,-0.2,0.3,-0.277778685092926,-0.06431072950363159,0.37252091415953115
7331,148,4,-0.2,0.3,-0.2750570774078369,0.014054147526621819,0.2956325344337679
7332,148,5,-0.2,0.3,-0.2950998544692993,0.007941443473100662,0.3071517259607342
7333,148,6,-0.2,0.3,-0.30346816778182983,-0.01510700210928917,0.3316595913318842
7334,148,7,-0.2,0.3,-0.27908170223236084,0.007548142224550247,0.30295545009832664
7335,148,8,-0.2,0.3,-0.26730358600616455,0.021299023181200027,0.28671241195498054
7336,148,9,-0.2,0.3,-0.30048561096191406,-0.05049903318285942,0.3646188835928665
7337,148,10,-0.2,0.3,-0.3272358179092407,-0.02866416797041893,0.3524330981430677
7338,148,11,-0.2,0.3,-0.2961465120315552,-0.02240101620554924,0.336432113547748
7339,148,12,-0.2,0.3,-0.26225656270980835,0.03266940638422966,0.2744841086172393
7340,148,13,-0.2,0.3,-0.3461017608642578,-0.0703883022069931,0.398162302258031
7341,148,14,-0.2,0.3,-0.2874299883842468,-0.013143934309482574,0.3251201723419989
7342,148,15,-0.2,0.3,-0.2882497310638428,0.0018993504345417023,0.3108890675211799
7343,148,16,-0.2,0.3,-0.3028446435928345,-0.03522537276148796,0.3506466472944176
7344,148,17,-0.2,0.3,-0.31697016954421997,0.0038923323154449463,0.31837363493981474
7345,148,18,-0.2,0.3,-0.30984288454055786,-0.04438834264874458,0.36148138242036676
7346,148,19,-0.2,0.3,-0.3003855347633362,-0.01939995214343071,0.33480380078330474
7347,148,20,-0.2,0.3,-0.34108126163482666,-0.10844559967517853,0.43212466983324455
7348,148,21,-0.2,0.3,-0.33285200595855713,-0.054920848459005356,0.37897026817162416
7349,148,22,-0.2,0.3,-0.30413055419921875,0.0007333084940910339,0.31686546823964473
7350,148,23,-0.2,0.3,-0.29496777057647705,-0.0761878490447998,0.3879899163860054
7351,148,24,-0.2,0.3,-0.31984394788742065,-0.03638756647706032,0.3570982592027038
7352,148,25,-0.2,0.3,0.12134594470262527,0.09030459821224213,0.38371262385768845
7353,148,26,-0.2,0.3,-0.3202933669090271,-0.048646230250597,0.3688152491292383
7354,148,27,-0.2,0.3,-0.28187376260757446,-0.03582650050520897,0.3456627712743977
7355,148,28,-0.2,0.3,-0.3373604416847229,-0.049260418862104416,0.3753008541471159
7356,148,29,-0.2,0.3,-0.3115333914756775,-0.030685756355524063,0.34898820448618567
7357,148,30,-0.2,0.3,-0.289922297000885,-0.017438597977161407,0.3299292090488826
7358,148,31,-0.2,0.3,-0.3115139603614807,-0.03408341482281685,0.3522031962023857
7359,148,32,-0.2,0.3,-0.3358685374259949,-0.048048969358205795,0.37362861846168616
7360,148,33,-0.2,0.3,-0.3312928080558777,-0.07172393798828125,0.39422897854002703
7361,148,34,-0.2,0.3,-0.29038548469543457,-0.019352123141288757,0.3318965417091258
7362,148,35,-0.2,0.3,-0.3336920142173767,-0.04123551771044731,0.3664904271773224
7363,148,36,-0.2,0.3,-0.3366742730140686,-0.045568082481622696,0.37161425771080114
7364,148,37,-0.2,0.3,-0.31298065185546875,-0.013551533222198486,0.33328545074707067
7365,148,38,-0.2,0.3,-0.29628831148147583,-0.029202569276094437,0.3429952923087071
7366,148,39,-0.2,0.3,-0.32473182678222656,-0.0380590446293354,0.360335879795685
7367,148,40,-0.2,0.3,-0.35914450883865356,-0.07917152345180511,0.41121529505875515
7368,148,41,-0.2,0.3,-0.35123568773269653,-0.057953666895627975,0.3885911230175078
7369,148,42,-0.2,0.3,-0.299199640750885,0.011933643370866776,0.30466833532004534
7370,148,43,-0.2,0.3,-0.344043493270874,-0.06669631600379944,0.39397298907975237
7371,148,44,-0.2,0.3,-0.30085569620132446,0.004652101546525955,0.3120933395270355
7372,148,45,-0.2,0.3,-0.3371109366416931,-0.04593397304415703,0.3721152007817981
7373,148,46,-0.2,0.3,-0.3343198299407959,-0.04473908618092537,0.36998223505485206
7374,148,47,-0.2,0.3,-0.30161386728286743,-0.029164601117372513,0.3444919631180663
7375,148,48,-0.2,0.3,-0.31371331214904785,-0.005878917872905731,0.3263320850897236
7376,148,49,-0.2,0.3,-0.3111388683319092,-0.009214084595441818,0.32858058093304066
7377,149,0,-0.1,0.3,0.037635304033756256,0.3671603202819824,0.1531469409973408
7378,149,1,-0.1,0.3,0.13584217429161072,0.3906541168689728,0.2526651936454403
7379,149,2,-0.1,0.3,0.049161676317453384,0.38050249218940735,0.16949884049909703
7380,149,3,-0.1,0.3,0.03456445783376694,0.3474012017250061,0.1426690829755009
7381,149,4,-0.1,0.3,0.03554311767220497,0.34428277611732483,0.1425934816496123
7382,149,5,-0.1,0.3,0.02787768468260765,0.36733800172805786,0.144523730634496
7383,149,6,-0.1,0.3,0.045849673449993134,0.36526718735694885,0.15978714901692406
7384,149,7,-0.1,0.3,0.030043011531233788,0.35014888644218445,0.13937752924881297
7385,149,8,-0.1,0.3,0.053965974599123,0.35551515221595764,0.1636687308554042
7386,149,9,-0.1,0.3,0.03897785395383835,0.3507993221282959,0.1479709938410525
7387,149,10,-0.1,0.3,-0.01727420836687088,0.3929708003997803,0.12444728333034709
7388,149,11,-0.1,0.3,0.027578335255384445,0.32772600650787354,0.13055635972027527
7389,149,12,-0.1,0.3,0.037757761776447296,0.35191211104393005,0.1472143614009643
7390,149,13,-0.1,0.3,0.042143840342760086,0.33491000533103943,0.14636796035882058
7391,149,14,-0.1,0.3,0.04118229076266289,0.38167890906333923,0.16310696922808152
7392,149,15,-0.1,0.3,0.05433488264679909,0.31032153964042664,0.15467963725762401
7393,149,16,-0.1,0.3,0.04326295107603073,0.34658268094062805,0.1506460066335299
7394,149,17,-0.1,0.3,0.027274923399090767,0.3704369366168976,0.14546569412138818
7395,149,18,-0.1,0.3,0.04414712265133858,0.35977789759635925,0.1560506007989103
7396,149,19,-0.1,0.3,0.038176361471414566,0.37537693977355957,0.15739882438921152
7397,149,20,-0.1,0.3,0.06234579533338547,0.42323005199432373,0.20381806342165362
7398,149,21,-0.1,0.3,0.026923608034849167,0.3599366545677185,0.14036383023184443
7399,149,22,-0.1,0.3,0.04489390179514885,0.3622415363788605,0.1576967077279144
7400,149,23,-0.1,0.3,0.010472916066646576,0.3416411876678467,0.11806038156239022
7401,149,24,-0.1,0.3,0.02674473077058792,0.3624439835548401,0.14129217197108251
7402,149,25,-0.1,0.3,0.032136138528585434,0.37261176109313965,0.15077276595689526
7403,149,26,-0.1,0.3,0.019178710877895355,0.3498113751411438,0.1291694167361947
7404,149,27,-0.1,0.3,0.03066660836338997,0.3579864799976349,0.1429552181758597
7405,149,28,-0.1,0.3,0.03688347339630127,0.35689711570739746,0.1482375359511109
7406,149,29,-0.1,0.3,0.025108471512794495,0.3403243124485016,0.13144649032481656
7407,149,30,-0.1,0.3,0.027871718630194664,0.35753780603408813,0.14022045338914016
7408,149,31,-0.1,0.3,0.022175971418619156,0.34963560104370117,0.13187365499997608
7409,149,32,-0.1,0.3,0.017840567976236343,0.36202821135520935,0.13316868425004622
7410,149,33,-0.1,0.3,0.029991965740919113,0.35426634550094604,0.14086428721012412
7411,149,34,-0.1,0.3,0.035911187529563904,0.3460594117641449,0.14350372924685734
7412,149,35,-0.1,0.3,0.031845927238464355,0.36944714188575745,0.14901762998206275
7413,149,36,-0.1,0.3,0.02621598355472088,0.3499036431312561,0.13572342503214888
7414,149,37,-0.1,0.3,0.025216272100806236,0.3608853220939636,0.1392341094894094
7415,149,38,-0.1,0.3,0.027574416249990463,0.347609281539917,0.13616855499810857
7416,149,39,-0.1,0.3,0.018934596329927444,0.3669872283935547,0.13650174713904967
7417,149,40,-0.1,0.3,0.01754908263683319,0.3620789647102356,0.13293451278075125
7418,149,41,-0.1,0.3,0.03142676502466202,0.37044647336006165,0.1491163980711632
7419,149,42,-0.1,0.3,-0.006940387189388275,0.4038067162036896,0.13941278946156382
7420,149,43,-0.1,0.3,0.03409099206328392,0.3670673370361328,0.14992805557878053
7421,149,44,-0.1,0.3,0.027347784489393234,0.3471221923828125,0.13578644714889532
7422,149,45,-0.1,0.3,0.029611555859446526,0.3672890067100525,0.14603754940539065
7423,149,46,-0.1,0.3,0.009389281272888184,0.33320870995521545,0.11431899787125792
7424,149,47,-0.1,0.3,0.016816698014736176,0.3675476610660553,0.1349400883746589
7425,149,48,-0.1,0.3,0.06861709803342819,0.3093720078468323,0.16887735277501192
7426,149,49,-0.1,0.3,0.01197671890258789,0.36072802543640137,0.12738398113418106
7427,150,0,0.0,0.3,-0.02124820649623871,0.019797125831246376,0.28100736106325963
7428,150,1,0.0,0.3,-0.018801122903823853,0.017324738204479218,0.28329981619057026
7429,150,2,0.0,0.3,-0.01837732642889023,0.020826054736971855,0.2797781582618597
7430,150,3,0.0,0.3,-0.009782709181308746,0.023599430918693542,0.2765736357417245
7431,150,4,0.0,0.3,-0.02539411187171936,0.003948960453271866,0.29713814789496784
7432,150,5,0.0,0.3,-0.018555782735347748,0.017358247190713882,0.2832502030079185
7433,150,6,0.0,0.3,-0.0246410071849823,0.012148961424827576,0.2889037895976717
7434,150,7,0.0,0.3,-0.01713544875383377,0.014055533334612846,0.28645743422112113
7435,150,8,0.0,0.3,-0.012149304151535034,0.030175719410181046,0.27009766379437616
7436,150,9,0.0,0.3,-0.023602433502674103,0.01493966206908226,0.28603578644732053
7437,150,10,0.0,0.3,-0.021145150065422058,0.010311970487236977,0.29045872652457294
7438,150,11,0.0,0.3,-0.018259741365909576,0.017006542533636093,0.2835819372306999
7439,150,12,0.0,0.3,-0.022345907986164093,0.01275651715695858,0.28811136395416054
7440,150,13,0.0,0.3,-0.02544397860765457,0.013666586950421333,0.2874616834919176
7441,150,14,0.0,0.3,-0.026865601539611816,0.008836589753627777,0.29240022573928093
7442,150,15,0.0,0.3,-0.028400249779224396,0.007513325661420822,0.2938622617029352
7443,150,16,0.0,0.3,-0.024073369801044464,0.010770350694656372,0.2902297661696158
7444,150,17,0.0,0.3,-0.028649218380451202,0.0037802867591381073,0.2976019089762517
7445,150,18,0.0,0.3,0.004977408796548843,0.03981173783540726,0.2602358667950266
7446,150,19,0.0,0.3,-0.029107578098773956,-0.004942078143358231,0.3063281281977974
7447,150,20,0.0,0.3,-0.028408512473106384,-0.0002085864543914795,0.3015497288373486
7448,150,21,0.0,0.3,-0.01988445222377777,0.013828795403242111,0.28686120298952794
7449,150,22,0.0,0.3,-0.021700695157051086,0.016300922259688377,0.2845278314699682
7450,150,23,0.0,0.3,-0.022053897380828857,0.016117624938488007,0.28473773416997106
7451,150,24,0.0,0.3,-0.024363085627555847,0.012899987399578094,0.28813187462767464
7452,150,25,0.0,0.3,-0.04051661491394043,-0.024514924734830856,0.3270344514875114
7453,150,26,0.0,0.3,-0.026280246675014496,0.004405073821544647,0.29676086626734677
7454,150,27,0.0,0.3,-0.03004225343465805,-0.005882885307073593,0.3073546429049227
7455,150,28,0.0,0.3,-0.025038115680217743,0.006143350154161453,0.29492140969321934
7456,150,29,0.0,0.3,-0.02794112265110016,0.0016520917415618896,0.2996534343156928
7457,150,30,0.0,0.3,-0.024662353098392487,0.008415231481194496,0.2926258855475967
7458,150,31,0.0,0.3,-0.02717633545398712,0.01134268194437027,0.28993378636470885
7459,150,32,0.0,0.3,-0.0032671093940734863,0.0289914533495903,0.27102823904781603
7460,150,33,0.0,0.3,-0.023933254182338715,0.007827114313840866,0.29315148948271413
7461,150,34,0.0,0.3,-0.028909780085086823,0.0011299960315227509,0.3002649740757081
7462,150,35,0.0,0.3,-0.024497300386428833,0.0048409681767225266,0.2961738877637214
7463,150,36,0.0,0.3,-0.03318864107131958,-0.008106369525194168,0.309888723315574
7464,150,37,0.0,0.3,-0.02467557042837143,0.0017141103744506836,0.2993047873417178
7465,150,38,0.0,0.3,-0.023102983832359314,0.012697383761405945,0.2882300143279653
7466,150,39,0.0,0.3,-0.034180983901023865,-0.0032039321959018707,0.3051245059963213
7467,150,40,0.0,0.3,-0.025085359811782837,0.005493808537721634,0.2955726172812745
7468,150,41,0.0,0.3,-0.03339666128158569,-0.0054008252918720245,0.30722142027162347
7469,150,42,0.0,0.3,-0.027662821114063263,-0.0036778002977371216,0.304935137472973
7470,150,43,0.0,0.3,-0.019669421017169952,0.007550116628408432,0.29311059415723645
7471,150,44,0.0,0.3,-0.026301324367523193,0.002417035400867462,0.2987430007265346
7472,150,45,0.0,0.3,-0.028528697788715363,-9.220093488693237e-06,0.30136260341758264
7473,150,46,0.0,0.3,-0.025547385215759277,0.00652676448225975,0.29458311027045225
7474,150,47,0.0,0.3,-0.013053275644779205,0.022406168282032013,0.27790056389457385
7475,150,48,0.0,0.3,-0.026725120842456818,0.005544651299715042,0.29566566331288846
7476,150,49,0.0,0.3,-0.02722686529159546,0.003724895417690277,0.2975235113211479
7477,151,0,0.1,0.3,-0.017974697053432465,-0.054934244602918625,0.37402720106523485
7478,151,1,0.1,0.3,-0.01893237978219986,-0.048416946083307266,0.36815659613631213
7479,151,2,0.1,0.3,0.02880636230111122,-0.03547673299908638,0.34294776924852705
7480,151,3,0.1,0.3,0.020449869334697723,-0.03513870760798454,0.344450543076966
7481,151,4,0.1,0.3,0.013232938945293427,-0.02445961907505989,0.33586093445711146
7482,151,5,0.1,0.3,0.02699788473546505,-0.03694722428917885,0.3447647615248383
7483,151,6,0.1,0.3,0.03466825187206268,-0.03136132284998894,0.3377403789811737
7484,151,7,0.1,0.3,0.029682233929634094,-0.06026927009224892,0.3670674804418508
7485,151,8,0.1,0.3,0.022535324096679688,-0.031041782349348068,0.33998446681258776
7486,151,9,0.1,0.3,0.022319994866847992,-0.03537936136126518,0.34425789638667204
7487,151,10,0.1,0.3,0.016193144023418427,-0.026500247418880463,0.33708456012293064
7488,151,11,0.1,0.3,0.013435803353786469,-0.028650883585214615,0.3398599173517622
7489,151,12,0.1,0.3,0.01783466339111328,-0.03514054790139198,0.34506568851118313
7490,151,13,0.1,0.3,0.021472811698913574,-0.041013676673173904,0.34993834739941015
7491,151,14,0.1,0.3,0.01654975116252899,-0.06446483731269836,0.37389645848604597
7492,151,15,0.1,0.3,0.01847197860479355,-0.04394795373082161,0.35347844792608873
7493,151,16,0.1,0.3,0.036940380930900574,-0.032885465770959854,0.33880562108484685
7494,151,17,0.1,0.3,-0.0023300349712371826,-0.04579531028866768,0.3606186804296896
7495,151,18,0.1,0.3,0.002585954964160919,-0.04241221025586128,0.3559994633458716
7496,151,19,0.1,0.3,0.02423718012869358,-0.034473616629838943,0.3429469421008102
7497,151,20,0.1,0.3,-0.006896737962961197,-0.03604232892394066,0.35263488116711866
7498,151,21,0.1,0.3,0.032950080931186676,-0.0366101898252964,0.34322312209604483
7499,151,22,0.1,0.3,0.02027101069688797,-0.037297945469617844,0.3465928674299589
7500,151,23,0.1,0.3,0.030929815024137497,-0.043813299387693405,0.35068258480918546
7501,151,24,0.1,0.3,-0.015320159494876862,-0.03644751384854317,0.35566229595051185
7502,151,25,0.1,0.3,0.020990990102291107,-0.032126281410455704,0.34139462568785917
7503,151,26,0.1,0.3,0.024553311988711357,-0.03636850789189339,0.34472594308129967
7504,151,27,0.1,0.3,0.016654256731271744,-0.04367625340819359,0.35363806367203976
7505,151,28,0.1,0.3,-0.005422413349151611,-0.03368740156292915,0.34994452017166794
7506,151,29,0.1,0.3,0.02210395038127899,-0.03761044517159462,0.3464803129113753
7507,151,30,0.1,0.3,0.008516885340213776,-0.028352614492177963,0.3408586212958452
7508,151,31,0.1,0.3,0.014240846037864685,-0.031566161662340164,0.34247737450494203
7509,151,32,0.1,0.3,0.02059018611907959,-0.03321674093604088,0.34254826664375193
7510,151,33,0.1,0.3,0.029362382367253304,-0.03399656340479851,0.34138450080670873
7511,151,34,0.1,0.3,0.022881489247083664,-0.033953841775655746,0.34274251725962945
7512,151,35,0.1,0.3,0.028627578169107437,-0.030613455921411514,0.3382296258968247
7513,151,36,0.1,0.3,0.019755065441131592,-0.05911994352936745,0.3679760635732889
7514,151,37,0.1,0.3,0.020364444702863693,-0.0483509786427021,0.35733769181099767
7515,151,38,0.1,0.3,0.020343784242868423,-0.05908079072833061,0.36780990603684105
7516,151,39,0.1,0.3,0.016136102378368378,-0.09782572090625763,0.4065691300859856
7517,151,40,0.1,0.3,0.037060149013996124,-0.0415111668407917,0.3472625835288038
7518,151,41,0.1,0.3,0.03111964836716652,-0.05231550708413124,0.3589856812924595
7519,151,42,0.1,0.3,0.00938042625784874,-0.11045143008232117,0.4203359175728762
7520,151,43,0.1,0.3,0.0321601964533329,-0.054091643542051315,0.36053173365400376
7521,151,44,0.1,0.3,0.03505402430891991,-0.03962941840291023,0.34578334488978124
7522,151,45,0.1,0.3,0.028353363275527954,-0.08030474185943604,0.38699475091362767
7523,151,46,0.1,0.3,0.027330992743372917,-0.06987805664539337,0.37694901698165567
7524,151,47,0.1,0.3,0.032340362668037415,-0.052247945219278336,0.35868710798563197
7525,151,48,0.1,0.3,0.017803609371185303,-0.09494577348232269,0.40340849101618426
7526,151,49,0.1,0.3,0.01478535681962967,-0.1107930988073349,0.4195384433399288
7527,152,0,0.2,0.3,-0.018419750034809113,0.10321834683418274,0.2939901464810351
7528,152,1,0.2,0.3,-0.04800020903348923,0.06071095913648605,0.3446205866718278
7529,152,2,0.2,0.3,0.06161423772573471,0.1521281749010086,0.20252579060044718
7530,152,3,0.2,0.3,-0.0013325028121471405,0.13067826628684998,0.2630677216920201
7531,152,4,0.2,0.3,-0.020937234163284302,0.059433482587337494,0.32662748007444015
7532,152,5,0.2,0.3,0.0203976109623909,0.08744101226329803,0.2782774540196674
7533,152,6,0.2,0.3,0.01722295582294464,0.1299031376838684,0.24968057683346992
7534,152,7,0.2,0.3,-0.1181490570306778,0.03718988224864006,0.4126596424197466
7535,152,8,0.2,0.3,-0.06944555789232254,0.0640326738357544,0.35816405135776597
7536,152,9,0.2,0.3,-0.014043383300304413,0.08740177750587463,0.30168290329798714
7537,152,10,0.2,0.3,-0.037173397839069366,0.10016486048698425,0.3101375559759184
7538,152,11,0.2,0.3,-0.07887972891330719,0.051031991839408875,0.3738435130990129
7539,152,12,0.2,0.3,-0.03685491532087326,0.10260725021362305,0.3083247453252581
7540,152,13,0.2,0.3,-0.06603528559207916,0.06886358559131622,0.35241852284714253
7541,152,14,0.2,0.3,-0.03747288137674332,0.08448651432991028,0.3206858772927875
7542,152,15,0.2,0.3,-0.018592365086078644,0.10978764295578003,0.2897643229354561
7543,152,16,0.2,0.3,-0.047088541090488434,0.07031083106994629,0.3373571719439276
7544,152,17,0.2,0.3,-0.07463817298412323,0.04887032508850098,0.3721454550054486
7545,152,18,0.2,0.3,-0.04015558212995529,0.07631400227546692,0.32819221381104935
7546,152,19,0.2,0.3,-0.09600871801376343,0.033260758966207504,0.398460768266382
7547,152,20,0.2,0.3,-0.07109801471233368,0.052136242389678955,0.3673289750587022
7548,152,21,0.2,0.3,-0.07445807754993439,0.0279838889837265,0.38641946248192965
7549,152,22,0.2,0.3,-0.056188538670539856,0.055193569511175156,0.35434835367873024
7550,152,23,0.2,0.3,-0.061376214027404785,0.04132629185914993,0.3677357917617449
7551,152,24,0.2,0.3,-0.07649552822113037,0.038975708186626434,0.38024131553916535
7552,152,25,0.2,0.3,-0.023286007344722748,0.07243900001049042,0.31881130750362846
7553,152,26,0.2,0.3,-0.07277809083461761,0.05631810426712036,0.3657714493332536
7554,152,27,0.2,0.3,-0.056942589581012726,0.00596274808049202,0.39048354620518
7555,152,28,0.2,0.3,-0.023388832807540894,0.03491898998618126,0.34665618773225687
7556,152,29,0.2,0.3,-0.06044665724039078,0.04697064310312271,0.36312025104549167
7557,152,30,0.2,0.3,-0.03506544977426529,0.020570926368236542,0.36515253370103173
7558,152,31,0.2,0.3,0.005535770207643509,0.06767170876264572,0.3029732192422349
7559,152,32,0.2,0.3,-0.05257159471511841,0.06933827698230743,0.3420485943874477
7560,152,33,0.2,0.3,-0.07833802700042725,0.04572334140539169,0.376999570796214
7561,152,34,0.2,0.3,-0.013235688209533691,0.04563745856285095,0.3319183050278469
7562,152,35,0.2,0.3,-0.02447337657213211,0.07002222537994385,0.3213690613747496
7563,152,36,0.2,0.3,-0.0751245766878128,0.03469805791974068,0.3822023720088684
7564,152,37,0.2,0.3,-0.025032706558704376,0.07149334251880646,0.3207101674945206
7565,152,38,0.2,0.3,-0.102346271276474,0.029305055737495422,0.40581895052358957
7566,152,39,0.2,0.3,-0.05179256200790405,0.07077492773532867,0.3405049603709878
7567,152,40,0.2,0.3,-0.02337898313999176,0.06735233217477798,0.32252613452737683
7568,152,41,0.2,0.3,-0.06337253749370575,0.059606749564409256,0.3565866070968764
7569,152,42,0.2,0.3,-0.016411535441875458,0.050006985664367676,0.33065156870779516
7570,152,43,0.2,0.3,-0.04545605927705765,0.04617170989513397,0.35309698086132435
7571,152,44,0.2,0.3,-0.007458537817001343,0.08032740652561188,0.30215077897786724
7572,152,45,0.2,0.3,-0.05083773285150528,0.0643446296453476,0.3441700477947951
7573,152,46,0.2,0.3,0.010425906628370285,0.09225647896528244,0.2812395907577337
7574,152,47,0.2,0.3,-0.08430474996566772,0.010221093893051147,0.4059569007635918
7575,152,48,0.2,0.3,-0.10461194813251495,0.04536638781428337,0.3970223109597645
7576,152,49,0.2,0.3,-0.24937297403812408,0.28228846192359924,0.44972187891729304
7577,153,0,0.3,0.3,-0.26650625467300415,0.21067702770233154,0.5735049519958173
7578,153,1,0.3,0.3,-0.26956725120544434,0.18442770838737488,0.5811745075571704
7579,153,2,0.3,0.3,-0.29182350635528564,0.181632399559021,0.6035444900823966
7580,153,3,0.3,0.3,-0.2383793145418167,0.22609855234622955,0.5434277415552499
7581,153,4,0.3,0.3,-0.25964415073394775,0.23867826163768768,0.5629937220311587
7582,153,5,0.3,0.3,-0.29752129316329956,0.1912776678800583,0.6073320683819855
7583,153,6,0.3,0.3,-0.22523479163646698,0.24705366790294647,0.5278966759015769
7584,153,7,0.3,0.3,-0.2731357216835022,0.19025932252407074,0.5835474031837901
7585,153,8,0.3,0.3,-0.2759225368499756,0.2005561888217926,0.5844448990566677
7586,153,9,0.3,0.3,-0.2719971537590027,0.23245857656002045,0.575970995614101
7587,153,10,0.3,0.3,-0.2161128968000412,0.21175521612167358,0.5236025822368169
7588,153,11,0.3,0.3,-0.29527372121810913,0.18082484602928162,0.6070860898561254
7589,153,12,0.3,0.3,-0.2592756748199463,0.1988675594329834,0.5683458902643245
7590,153,13,0.3,0.3,-0.2827607989311218,0.2117219716310501,0.589409160993913
7591,153,14,0.3,0.3,-0.2809515595436096,0.21898449957370758,0.5865732911115837
7592,153,15,0.3,0.3,-0.3137928247451782,0.155253067612648,0.6306292937568106
7593,153,16,0.3,0.3,-0.2826671004295349,0.18060486018657684,0.5947740321618191
7594,153,17,0.3,0.3,-0.2351609617471695,0.21131892502307892,0.5424588353388834
7595,153,18,0.3,0.3,-0.2705235481262207,0.1562720239162445,0.588349258583424
7596,153,19,0.3,0.3,-0.26583898067474365,0.2008400857448578,0.5744618704893477
7597,153,20,0.3,0.3,-0.2458672672510147,0.2494288682937622,0.5482048091891756
7598,153,21,0.3,0.3,-0.27825701236724854,0.18086262047290802,0.5904023099145859
7599,153,22,0.3,0.3,-0.2817743420600891,0.164527028799057,0.5973393600002105
7600,153,23,0.3,0.3,-0.30280518531799316,0.15359647572040558,0.6203290121925187
7601,153,24,0.3,0.3,-0.3052712678909302,0.19025099277496338,0.6151407581368473
7602,153,25,0.3,0.3,-0.2721237540245056,0.22361122071743011,0.5772008623688761
7603,153,26,0.3,0.3,-0.232648566365242,0.21784214675426483,0.5389475003197394
7604,153,27,0.3,0.3,-0.2540651559829712,0.22300292551517487,0.5593896196334501
7605,153,28,0.3,0.3,-0.27025461196899414,0.20333907008171082,0.578388846576917
7606,153,29,0.3,0.3,-0.25904566049575806,0.21429382264614105,0.5655772266947721
7607,153,30,0.3,0.3,-0.21592079102993011,0.27739018201828003,0.5164159820204206
7608,153,31,0.3,0.3,-0.2332974523305893,0.20959506928920746,0.5409059291218025
7609,153,32,0.3,0.3,-0.23772795498371124,0.22389699518680573,0.5430865685252778
7610,153,33,0.3,0.3,-0.14150553941726685,0.3131166100502014,0.44170033596924146
7611,153,34,0.3,0.3,-0.23076055943965912,0.19021089375019073,0.5419966967683769
7612,153,35,0.3,0.3,-0.21072839200496674,0.22699886560440063,0.5159192340115102
7613,153,36,0.3,0.3,-0.226739302277565,0.24035558104515076,0.5301054133625855
7614,153,37,0.3,0.3,-0.2587841749191284,0.1622384786605835,0.5755154132617142
7615,153,38,0.3,0.3,-0.2831975221633911,0.18190450966358185,0.5950343642978262
7616,153,39,0.3,0.3,-0.2743319869041443,0.1886206418275833,0.5850321295520116
7617,153,40,0.3,0.3,-0.2221779078245163,0.22240281105041504,0.5279120108056519
7618,153,41,0.3,0.3,-0.2415982335805893,0.24016909301280975,0.5448930023853531
7619,153,42,0.3,0.3,-0.20676352083683014,0.24933378398418427,0.5092900268965628
7620,153,43,0.3,0.3,-0.2895479202270508,0.1759386509656906,0.6024599310894077
7621,153,44,0.3,0.3,-0.272106409072876,0.1703920215368271,0.5866037601171435
7622,153,45,0.3,0.3,-0.23619146645069122,0.20809350907802582,0.5440111136439527
7623,153,46,0.3,0.3,-0.2336379736661911,0.23374241590499878,0.5377355803633089
7624,153,47,0.3,0.3,-0.25423234701156616,0.17481237649917603,0.5681948922260154
7625,153,48,0.3,0.3,-0.2395298033952713,0.23893406987190247,0.5429746371370856
7626,154,0,0.4,0.3,-0.11900745332241058,0.25216227769851685,0.5212074292248797
7627,154,1,0.4,0.3,-0.11093780398368835,0.31562477350234985,0.5111766554594153
7628,154,2,0.4,0.3,-0.09511388838291168,0.3405831456184387,0.4967743493558557
7629,154,3,0.4,0.3,-0.07811799645423889,0.3594832122325897,0.48180397577326295
7630,154,4,0.4,0.3,-0.08394354581832886,0.35082918405532837,0.4866055502056542
7631,154,5,0.4,0.3,-0.09186220169067383,0.33799484372138977,0.49332751149860876
7632,154,6,0.4,0.3,-0.08515508472919464,0.3337699770927429,0.4863289705450791
7633,154,7,0.4,0.3,-0.07606959342956543,0.35903799533843994,0.4797163147963319
7634,154,8,0.4,0.3,-0.08279505372047424,0.34649381041526794,0.4850285953465904
7635,154,9,0.4,0.3,-0.07162714004516602,0.3544696867465973,0.4747621572971619
7636,154,10,0.4,0.3,-0.05813925713300705,0.3657321035861969,0.4628307340359433
7637,154,11,0.4,0.3,-0.0798003226518631,0.34920406341552734,0.48231669002164046
7638,154,12,0.4,0.3,-0.099882110953331,0.328506737947464,0.5006942769390955
7639,154,13,0.4,0.3,-0.09853321313858032,0.33106762170791626,0.4995003120327988
7640,154,14,0.4,0.3,-0.055838167667388916,0.32475459575653076,0.4565098302484097
7641,154,15,0.4,0.3,-0.09166131913661957,0.32311394810676575,0.4922043349384919
7642,154,16,0.4,0.3,-0.1093984991312027,0.34062251448631287,0.511015674515286
7643,154,17,0.4,0.3,-0.0983942300081253,0.33339062333106995,0.49951150360309976
7644,154,18,0.4,0.3,-0.10772852599620819,0.3428317606449127,0.5095319576142653
7645,154,19,0.4,0.3,-0.09069886803627014,0.3238474428653717,0.4912780064518399
7646,154,20,0.4,0.3,-0.08120852708816528,0.3533068597316742,0.48415211229200883
7647,154,21,0.4,0.3,-0.08038078248500824,0.35925471782684326,0.48402150547847317
7648,154,22,0.4,0.3,-0.08950617909431458,0.3491833209991455,0.4919708308792506
7649,154,23,0.4,0.3,-0.08544830977916718,0.35570433735847473,0.48863384519289804
7650,154,24,0.4,0.3,-0.09313236176967621,0.3421167731285095,0.49492761976201854
7651,154,25,0.4,0.3,-0.08443374931812286,0.34828153252601624,0.4868338154457583
7652,154,26,0.4,0.3,-0.09600584208965302,0.34655192494392395,0.4981855850012629
7653,154,27,0.4,0.3,-0.13379812240600586,0.3166525959968567,0.5340578100146198
7654,154,28,0.4,0.3,-0.08809207379817963,0.34629857540130615,0.4902830107078952
7655,154,29,0.4,0.3,-0.12474539875984192,0.26735439896583557,0.5257598965178947
7656,154,30,0.4,0.3,-0.09198886156082153,0.33342602849006653,0.4931230467951503
7657,154,31,0.4,0.3,-0.11280699074268341,0.32207557559013367,0.5132819310984971
7658,154,32,0.4,0.3,-0.0815628170967102,0.3291032910346985,0.482441445523879
7659,154,33,0.4,0.3,-0.08666302263736725,0.34482625126838684,0.4887231224377615
7660,154,34,0.4,0.3,-0.08993496000766754,0.3480832874774933,0.4922888050447197
7661,154,35,0.4,0.3,-0.09059618413448334,0.3216826915740967,0.49107510118230724
7662,154,36,0.4,0.3,-0.08913987874984741,0.3362945020198822,0.4904845684221744
7663,154,37,0.4,0.3,-0.12825554609298706,0.2627871036529541,0.5295646529296834
7664,154,38,0.4,0.3,-0.08783778548240662,0.3151487112045288,0.48807293347975855
7665,154,39,0.4,0.3,-0.08778105676174164,0.3425998091697693,0.4896377263619524
7666,154,40,0.4,0.3,-0.08109481632709503,0.36123475432395935,0.4849762029563069
7667,154,41,0.4,0.3,-0.12963315844535828,0.26340293884277344,0.5308960608350299
7668,154,42,0.4,0.3,-0.11223401129245758,0.305824339389801,0.5122671229486518
7669,154,43,0.4,0.3,-0.08059881627559662,0.36399272084236145,0.48484047946341396
7670,154,44,0.4,0.3,-0.12607981264591217,0.26711469888687134,0.527106642248852
7671,154,45,0.4,0.3,-0.09200650453567505,0.33708441257476807,0.49340212216956353
7672,154,46,0.4,0.3,-0.09625361859798431,0.3418179154396057,0.49801244163505365
7673,154,47,0.4,0.3,-0.11609023809432983,0.3298278748989105,0.5169514831947454
7674,154,48,0.4,0.3,-0.10057370364665985,0.3028331398963928,0.5005817210648094
7675,154,49,0.4,0.3,-0.09575565159320831,0.3359625041484833,0.49705831427633945
7676,155,0,0.5,0.3,-0.01395445317029953,0.38648271560668945,0.5211798538242717
7677,155,1,0.5,0.3,-0.08801789581775665,0.296243280172348,0.5880298961326759
7678,155,2,0.5,0.3,0.0046409666538238525,0.386703222990036,0.502889670598351
7679,155,3,0.5,0.3,-0.00018053129315376282,0.37142422795295715,0.5052543757587633
7680,155,4,0.5,0.3,-0.08646763861179352,0.32154008746147156,0.5868630730474879
7681,155,5,0.5,0.3,-0.11887998878955841,0.27712371945381165,0.6193026438953672
7682,155,6,0.5,0.3,-0.03433709591627121,0.32331904768943787,0.5348456880796336
7683,155,7,0.5,0.3,0.07711444795131683,0.42851635813713074,0.44198262911606695
7684,155,8,0.5,0.3,-0.05193915218114853,0.3246244192123413,0.5524881806265091
7685,155,9,0.5,0.3,0.012289561331272125,0.37952250242233276,0.49415109063721885
7686,155,10,0.5,0.3,-0.07922033965587616,0.3123076856136322,0.5793510861267394
7687,155,11,0.5,0.3,-0.05824290215969086,0.23573076725006104,0.5619303089262404
7688,155,12,0.5,0.3,-0.03687659651041031,0.34822139143943787,0.5390378302799882
7689,155,13,0.5,0.3,0.02372913435101509,0.3830321431159973,0.483454521394173
7690,155,14,0.5,0.3,0.053569287061691284,0.44596683979034424,0.46968787484135316
7691,155,15,0.5,0.3,-0.09749570488929749,0.2550036311149597,0.5991876088288184
7692,155,16,0.5,0.3,0.10081876814365387,0.4317323863506317,0.4203558938328117
7693,155,17,0.5,0.3,-0.0086754709482193,0.3380621671676636,0.5100975037322687
7694,155,18,0.5,0.3,0.021858803927898407,0.37287235260009766,0.4836624682097349
7695,155,19,0.5,0.3,0.09039817750453949,0.40721216797828674,0.4234006400021227
7696,155,20,0.5,0.3,0.027513723820447922,0.39536595344543457,0.4820144668519574
7697,155,21,0.5,0.3,0.08373896032571793,0.4131360352039337,0.4313618151996998
7698,155,22,0.5,0.3,-0.008075587451457977,0.36787641048431396,0.5125895138064953
7699,155,23,0.5,0.3,0.014361679553985596,0.42285841703414917,0.5009378892854509
7700,155,24,0.5,0.3,0.013184133917093277,0.36282703280448914,0.49085326068089524
7701,155,25,0.5,0.3,-0.014679789543151855,0.3480003774166107,0.5169132635136384
7702,155,26,0.5,0.3,0.015146307647228241,0.3862992525100708,0.49247402365192133
7703,155,27,0.5,0.3,-0.04250720143318176,0.29568570852279663,0.5425243558752114
7704,155,28,0.5,0.3,0.06540854275226593,0.441295862197876,0.456983867753502
7705,155,29,0.5,0.3,0.02920074574649334,0.3684883117675781,0.47575475473654594
7706,155,30,0.5,0.3,0.09308791160583496,0.4326423406600952,0.4279853247683728
7707,155,31,0.5,0.3,-0.012892119586467743,0.37282314896583557,0.5180362317050805
7708,155,32,0.5,0.3,-0.024119660258293152,0.3709629774093628,0.5289018457446243
7709,155,33,0.5,0.3,-0.010513164103031158,0.37511390447616577,0.5160094857346549
7710,155,34,0.5,0.3,-0.007277645170688629,0.3837882876396179,0.5141508401583124
7711,155,35,0.5,0.3,-0.02847401797771454,0.31538188457489014,0.5286978248967789
7712,155,36,0.5,0.3,0.12098590284585953,0.38335365056991577,0.38807153580867004
7713,155,37,0.5,0.3,0.017232093960046768,0.4006304144859314,0.4931443312274931
7714,155,38,0.5,0.3,-0.037815362215042114,0.3469250798225403,0.5398586175572718
7715,155,39,0.5,0.3,-0.04241234064102173,0.3454612195491791,0.5443141278366477
7716,155,40,0.5,0.3,-0.03385794907808304,0.36997342109680176,0.5384241724271371
7717,155,41,0.5,0.3,-0.10990551114082336,0.29223039746284485,0.609954997719942
7718,155,42,0.5,0.3,0.005249444395303726,0.3949972689151764,0.503788242590573
7719,155,43,0.5,0.3,-0.01390443742275238,0.3465997874736786,0.5160128980901424
7720,155,44,0.5,0.3,-0.037229135632514954,0.3291115462779999,0.5380173104084619
7721,155,45,0.5,0.3,-0.05842368304729462,0.31113308668136597,0.5585346501401325
7722,155,46,0.5,0.3,-0.05162927508354187,0.38959988951683044,0.5588586559503415
7723,155,47,0.5,0.3,-0.07885073125362396,0.3065769076347351,0.5788880934920765
7724,155,48,0.5,0.3,-0.05037570744752884,0.34547388553619385,0.5522511146336662
7725,156,0,-1.0,0.4,-0.6926804780960083,0.25505417585372925,0.3397860804693737
7726,156,1,-1.0,0.4,-0.6533268094062805,0.2427075207233429,0.3806878315804525
7727,156,2,-1.0,0.4,-0.46831458806991577,0.211869478225708,0.563988005619207
7728,156,3,-1.0,0.4,-0.6700108647346497,0.26757940649986267,0.35556721302181715
7729,156,4,-1.0,0.4,-0.4874626398086548,0.20534665882587433,0.5482558424879422
7730,156,5,-1.0,0.4,-0.654066801071167,0.24476154148578644,0.37916850755700265
7731,156,6,-1.0,0.4,-0.5512033700942993,0.2107577919960022,0.487063679927936
7732,156,7,-1.0,0.4,-0.4697115421295166,0.2036341279745102,0.565478031621907
7733,156,8,-1.0,0.4,-0.6621140241622925,0.2450798749923706,0.3717084580691962
7734,156,9,-1.0,0.4,-0.7138955593109131,0.24233359098434448,0.32667177336572445
7735,156,10,-1.0,0.4,-0.7152928709983826,0.25431153178215027,0.3198175715560467
7736,156,11,-1.0,0.4,-0.6671612858772278,0.2672995328903198,0.3583169317657593
7737,156,12,-1.0,0.4,-0.6791736483573914,0.24902799725532532,0.354573114492688
7738,156,13,-1.0,0.4,-0.7092050313949585,0.26884156465530396,0.3190050923231099
7739,156,14,-1.0,0.4,-0.5843901038169861,0.20117227733135223,0.4607212271068659
7740,156,15,-1.0,0.4,-0.6385132670402527,0.2524225413799286,0.3904507195519949
7741,156,16,-1.0,0.4,-0.700836718082428,0.27292099595069885,0.3250349866058344
7742,156,17,-1.0,0.4,-0.6968531608581543,0.27399447560310364,0.3282916359888398
7743,156,18,-1.0,0.4,-0.6245577335357666,0.23406986892223358,0.41047497347254336
7744,156,19,-1.0,0.4,-0.607009768486023,0.23472881317138672,0.42632837961030423
7745,156,20,-1.0,0.4,-0.6623260974884033,0.2399565875530243,0.37368109171469205
7746,156,21,-1.0,0.4,-0.5627409815788269,0.21563763916492462,0.4745365415680128
7747,156,22,-1.0,0.4,-0.6615431308746338,0.24996204674243927,0.3702221490887103
7748,156,23,-1.0,0.4,-0.6261928677558899,0.25536349415779114,0.40081353637172606
7749,156,24,-1.0,0.4,-0.648484468460083,0.15057720243930817,0.4310161259823027
7750,156,25,-1.0,0.4,-0.7000700831413269,0.28378406167030334,0.3216583581203859
7751,156,26,-1.0,0.4,-0.5245546698570251,0.21218493580818176,0.5111973789957645
7752,156,27,-1.0,0.4,-0.5077649354934692,0.1998467743396759,0.5313724423339821
7753,156,28,-1.0,0.4,-0.5056865811347961,0.19872120022773743,0.533721754576267
7754,156,29,-1.0,0.4,-0.597649335861206,0.23015983402729034,0.4367284498524983
7755,156,30,-1.0,0.4,-0.6885232925415039,0.27269241213798523,0.33648916953808505
7756,156,31,-1.0,0.4,-0.6032941937446594,0.23576830327510834,0.4293571321473961
7757,156,32,-1.0,0.4,-0.6814107298851013,0.2621065676212311,0.347150863063225
7758,156,33,-1.0,0.4,-0.6499367952346802,0.2235221266746521,0.3920314873884543
7759,156,34,-1.0,0.4,-0.6592771410942078,0.22790013253688812,0.38172035701774815
7760,156,35,-1.0,0.4,-0.6813687086105347,0.24933819472789764,0.3524554999150492
7761,156,36,-1.0,0.4,-0.68183833360672,0.246725395321846,0.35315711857669413
7762,156,37,-1.0,0.4,-0.5761321783065796,0.21297314763069153,0.4632957735338154
7763,156,38,-1.0,0.4,-0.5996609926223755,0.23352959752082825,0.4335708889324549
7764,156,39,-1.0,0.4,-0.4857988953590393,0.1969483196735382,0.5528406288410647
7765,156,40,-1.0,0.4,-0.5951483845710754,0.25269290804862976,0.4308180704828655
7766,156,41,-1.0,0.4,-0.6943550705909729,0.2563400864601135,0.33772325006095866
7767,156,42,-1.0,0.4,-0.5337731242179871,0.21709030866622925,0.5008227779217632
7768,156,43,-1.0,0.4,-0.7144557237625122,0.2693028450012207,0.3140338835488388
7769,156,44,-1.0,0.4,-0.6323851346969604,0.24475055932998657,0.3990527258647959
7770,156,45,-1.0,0.4,-0.7153855562210083,0.250575453042984,0.3214546264108425
7771,156,46,-1.0,0.4,-0.6654611825942993,0.2611924409866333,0.3621929855621917
7772,156,47,-1.0,0.4,-0.6657505035400391,0.2515166103839874,0.3657458719870917
7773,156,48,-1.0,0.4,-0.7039481401443481,0.24898652732372284,0.33234285407352937
7774,157,0,-0.8,0.4,-0.18053272366523743,0.04128197580575943,0.7158340082249717
7775,157,1,-0.8,0.4,-0.1858072727918625,0.10247986018657684,0.6824594784673802
7776,157,2,-0.8,0.4,-0.2314363569021225,-0.022077854722738266,0.7081061584960828
7777,157,3,-0.8,0.4,-0.23522819578647614,-0.003711201250553131,0.6942261337991847
7778,157,4,-0.8,0.4,-0.17117780447006226,0.009416600689291954,0.7402518121613748
7779,157,5,-0.8,0.4,-0.17405834794044495,0.12411092221736908,0.6840451264520461
7780,157,6,-0.8,0.4,-0.17646026611328125,0.07460775971412659,0.7033362707651154
7781,157,7,-0.8,0.4,-0.18374767899513245,0.07724644243717194,0.6956556490558732
7782,157,8,-0.8,0.4,-0.16303513944149017,0.03428450971841812,0.7344876128419184
7783,157,9,-0.8,0.4,-0.1970783919095993,0.044371455907821655,0.6999900905551716
7784,157,10,-0.8,0.4,-0.21571438014507294,0.10544495284557343,0.6543335245678635
7785,157,11,-0.8,0.4,-0.22420386970043182,0.03998082876205444,0.6790839324610872
7786,157,12,-0.8,0.4,-0.29050785303115845,0.04758941009640694,0.6194961434093986
7787,157,13,-0.8,0.4,-0.1940782219171524,0.08174605667591095,0.6844171049852656
7788,157,14,-0.8,0.4,-0.2743868827819824,0.025562699884176254,0.6453467600520428
7789,157,15,-0.8,0.4,-0.2074805051088333,0.022438691928982735,0.702589420058672
7790,157,16,-0.8,0.4,-0.24431653320789337,0.061730146408081055,0.6505463927462765
7791,157,17,-0.8,0.4,-0.12536433339118958,-0.002772986888885498,0.7857221911261693
7792,157,18,-0.8,0.4,-0.179939866065979,0.045905619859695435,0.7140429957231026
7793,157,19,-0.8,0.4,-0.2557678818702698,0.06396272778511047,0.6396167967788186
7794,157,20,-0.8,0.4,-0.17500318586826324,0.06425267457962036,0.7094697204262908
7795,157,21,-0.8,0.4,-0.1905890256166458,0.15802370011806488,0.6556937283544975
7796,157,22,-0.8,0.4,-0.16725675761699677,0.08513161540031433,0.7067574622186678
7797,157,23,-0.8,0.4,-0.5077775716781616,-0.09701664745807648,0.5765583192225899
7798,157,24,-0.8,0.4,-0.21502067148685455,0.09012919664382935,0.6619824239058687
7799,157,25,-0.8,0.4,-0.1984097808599472,0.06320253014564514,0.6894514685351478
7800,157,26,-0.8,0.4,-0.20122481882572174,0.08517765998840332,0.6764945109612251
7801,157,27,-0.8,0.4,-0.1872413456439972,0.0004478730261325836,0.7315155983692493
7802,157,28,-0.8,0.4,-0.1964319795370102,0.05727069079875946,0.6940876995821001
7803,157,29,-0.8,0.4,-0.3030627965927124,0.032083939760923386,0.6183112577918178
7804,157,30,-0.8,0.4,-0.2636927366256714,0.08481624722480774,0.6220661369673767
7805,157,31,-0.8,0.4,-0.19526834785938263,0.15434101223945618,0.6527240683230976
7806,157,32,-0.8,0.4,-0.30261528491973877,-0.05467396602034569,0.6738842409287691
7807,157,33,-0.8,0.4,-0.15804971754550934,0.08107973635196686,0.7168056219846015
7808,157,34,-0.8,0.4,-0.23602156341075897,0.06675028055906296,0.6550778979977174
7809,157,35,-0.8,0.4,-0.2354351133108139,0.0755748525261879,0.6511414497601719
7810,157,36,-0.8,0.4,-0.24878446757793427,-0.031593386083841324,0.7000795769729733
7811,157,37,-0.8,0.4,-0.1923346072435379,0.03375503048300743,0.7095016612033888
7812,157,38,-0.8,0.4,-0.2736281156539917,0.07311418652534485,0.6196141506461539
7813,157,39,-0.8,0.4,-0.2068079262971878,0.022570665925741196,0.7030858685278641
7814,157,40,-0.8,0.4,-0.20270861685276031,0.0639924705028534,0.685316026560534
7815,157,41,-0.8,0.4,-0.24674655497074127,0.030195537954568863,0.6654657876896857
7816,157,42,-0.8,0.4,-0.13068675994873047,0.03159221261739731,0.7640055700792197
7817,157,43,-0.8,0.4,-0.21620918810367584,0.05916987359523773,0.676000656153273
7818,157,44,-0.8,0.4,-0.22497035562992096,0.033219728618860245,0.6820460830316396
7819,157,45,-0.8,0.4,-0.17885062098503113,0.11695624887943268,0.6825982098563423
7820,157,46,-0.8,0.4,-0.14464090764522552,0.07255677133798599,0.7326080861747827
7821,157,47,-0.8,0.4,-0.22164808213710785,0.02368798479437828,0.6900012128132832
7822,157,48,-0.8,0.4,-0.23407112061977386,-0.010622579604387283,0.6992041185501698
7823,158,0,-0.6,0.4,-0.12422460317611694,0.11336937546730042,0.5554451756410607
7824,158,1,-0.6,0.4,-0.09933701157569885,0.1876000314950943,0.5438540011793945
7825,158,2,-0.6,0.4,-0.13329912722110748,0.2050551474094391,0.5057797941833339
7826,158,3,-0.6,0.4,-0.17619441449642181,0.14510948956012726,0.49455065121413966
7827,158,4,-0.6,0.4,-0.11753915250301361,0.1662108153104782,0.5361211171417347
7828,158,5,-0.6,0.4,-0.12756678462028503,0.15461575984954834,0.5323594352580131
7829,158,6,-0.6,0.4,-0.12975698709487915,0.09684006869792938,0.5594948034907579
7830,158,7,-0.6,0.4,-0.1527581661939621,0.1482909470796585,0.5132082474281204
7831,158,8,-0.6,0.4,-0.1592644304037094,0.12820850312709808,0.5178015643852183
7832,158,9,-0.6,0.4,-0.1124562919139862,0.11663356423377991,0.563910812286049
7833,158,10,-0.6,0.4,-0.12972621619701385,0.10233473777770996,0.5565627009297717
7834,158,11,-0.6,0.4,-0.11355802416801453,0.11458280682563782,0.563993590398736
7835,158,12,-0.6,0.4,-0.09423069655895233,0.2124502956867218,0.5394232845282456
7836,158,13,-0.6,0.4,-0.19883258640766144,0.14919385313987732,0.4731162827796015
7837,158,14,-0.6,0.4,-0.2042369395494461,0.13236646354198456,0.4777615617169433
7838,158,15,-0.6,0.4,-0.12988200783729553,0.20937266945838928,0.5072964672698925
7839,158,16,-0.6,0.4,-0.11442956328392029,0.19479124248027802,0.5271520493893886
7840,158,17,-0.6,0.4,-0.12953178584575653,0.17962034046649933,0.5195262600346442
7841,158,18,-0.6,0.4,-0.12749198079109192,0.08886884897947311,0.5657441306386517
7842,158,19,-0.6,0.4,-0.1313287913799286,0.17089854180812836,0.5216705664833319
7843,158,20,-0.6,0.4,-0.16132250428199768,0.16288478672504425,0.4986597734085292
7844,158,21,-0.6,0.4,-0.16793617606163025,0.14360424876213074,0.5024121109299395
7845,158,22,-0.6,0.4,-0.15695790946483612,0.1471814662218094,0.51010146540421
7846,158,23,-0.6,0.4,-0.12296587228775024,0.16960547864437103,0.5297576752373451
7847,158,24,-0.6,0.4,-0.11087019741535187,0.14130693674087524,0.5533263636904412
7848,158,25,-0.6,0.4,-0.104771688580513,0.1438862830400467,0.5575350360707741
7849,158,26,-0.6,0.4,-0.14059023559093475,0.15016889572143555,0.522946376122294
7850,158,27,-0.6,0.4,-0.1328926533460617,0.1545826494693756,0.5276541947521632
7851,158,28,-0.6,0.4,-0.16275601089000702,0.1413290798664093,0.5080284942161986
7852,158,29,-0.6,0.4,-0.1586744338274002,0.14628757536411285,0.5090562343908446
7853,158,30,-0.6,0.4,-0.18045969307422638,0.13081252574920654,0.4984736356407367
7854,158,31,-0.6,0.4,-0.13987614214420319,0.14637064933776855,0.5253968139277652
7855,158,32,-0.6,0.4,-0.17583034932613373,0.12063980102539062,0.507899609493769
7856,158,33,-0.6,0.4,-0.14131313562393188,0.15009218454360962,0.5223481174248977
7857,158,34,-0.6,0.4,-0.23319078981876373,0.38942721486091614,0.36696155174538325
7858,158,35,-0.6,0.4,-0.16140112280845642,0.1623697727918625,0.4988357444657247
7859,158,36,-0.6,0.4,-0.14108385145664215,0.1532549411058426,0.52104429320601
7860,158,37,-0.6,0.4,-0.1358620673418045,0.16610459983348846,0.5197413575532316
7861,158,38,-0.6,0.4,-0.14386555552482605,0.1519608348608017,0.5192129224890556
7862,158,39,-0.6,0.4,-0.132517471909523,0.16400624811649323,0.5236725742273676
7863,158,40,-0.6,0.4,-0.1415000855922699,0.16500508785247803,0.5152133346945879
7864,158,41,-0.6,0.4,-0.13563959300518036,0.1258116364479065,0.5392678798999339
7865,158,42,-0.6,0.4,-0.15885885059833527,0.15681800246238708,0.5037290914984021
7866,158,43,-0.6,0.4,-0.15029488503932953,0.16304337978363037,0.5083140075643742
7867,158,44,-0.6,0.4,-0.14988042414188385,0.12634557485580444,0.5267773504733195
7868,158,45,-0.6,0.4,-0.16050104796886444,0.13717426359653473,0.5120905159759261
7869,158,46,-0.6,0.4,-0.1432940810918808,0.15908177196979523,0.5163544218489111
7870,158,47,-0.6,0.4,-0.10644860565662384,0.17661476135253906,0.5417508132932279
7871,158,48,-0.6,0.4,-0.16362638771533966,0.14726512134075165,0.5042785424636548
7872,159,0,-0.5,0.4,-0.23767922818660736,0.2794146239757538,0.2887092312962695
7873,159,1,-0.5,0.4,-0.25134122371673584,0.29320618510246277,0.2706217026091216
7874,159,2,-0.5,0.4,-0.2499127835035324,0.2753452658653259,0.27943231487631726
7875,159,3,-0.5,0.4,-0.2320915311574936,0.27238020300865173,0.29675201812565516
7876,159,4,-0.5,0.4,-0.2859565019607544,0.2616928517818451,0.25484011909649396
7877,159,5,-0.5,0.4,-0.26816999912261963,0.2767563462257385,0.26255313272257147
7878,159,6,-0.5,0.4,-0.24260197579860687,0.2579091787338257,0.2940128302487442
7879,159,7,-0.5,0.4,-0.2050122171640396,0.26719731092453003,0.323503239934551
7880,159,8,-0.5,0.4,-0.24708344042301178,0.26994311809539795,0.2843968681947954
7881,159,9,-0.5,0.4,-0.2531171441078186,0.2762652337551117,0.2761547336388728
7882,159,10,-0.5,0.4,-0.2583220601081848,0.2738167941570282,0.2726360725714072
7883,159,11,-0.5,0.4,-0.24876831471920013,0.2710113823413849,0.28241002668905235
7884,159,12,-0.5,0.4,-0.25070720911026,0.2866310179233551,0.2738602228997309
7885,159,13,-0.5,0.4,-0.24798740446567535,0.28374043107032776,0.27753672851653405
7886,159,14,-0.5,0.4,-0.2587442398071289,0.2711605131626129,0.2735031173401162
7887,159,15,-0.5,0.4,-0.2559862732887268,0.2670219838619232,0.27789539686641546
7888,159,16,-0.5,0.4,-0.25288575887680054,0.28422003984451294,0.2728927396240159
7889,159,17,-0.5,0.4,-0.25429970026016235,0.2700217068195343,0.2779622168395431
7890,159,18,-0.5,0.4,-0.2573515772819519,0.3011544346809387,0.2620089747142288
7891,159,19,-0.5,0.4,-0.26463085412979126,0.2810184061527252,0.26373330184508265
7892,159,20,-0.5,0.4,-0.2656734585762024,0.2815895974636078,0.2625451417270355
7893,159,21,-0.5,0.4,-0.2582828998565674,0.27318713068962097,0.2729627453050718
7894,159,22,-0.5,0.4,-0.24309732019901276,0.282954603433609,0.28230942553572724
7895,159,23,-0.5,0.4,-0.2650068402290344,0.28481703996658325,0.26170383914112194
7896,159,24,-0.5,0.4,-0.2562081217765808,0.27531349658966064,0.2738269599955399
7897,159,25,-0.5,0.4,-0.25122690200805664,0.281366765499115,0.2756118622495248
7898,159,26,-0.5,0.4,-0.2552257180213928,0.2828214764595032,0.2713765934955951
7899,159,27,-0.5,0.4,-0.2459024041891098,0.2983294725418091,0.2736831824400273
7900,159,28,-0.5,0.4,-0.2949110269546509,0.24396830797195435,0.2576962859296401
7901,159,29,-0.5,0.4,-0.2650567293167114,0.30508893728256226,0.2533899174503879
7902,159,30,-0.5,0.4,-0.27369391918182373,0.27878037095069885,0.25672678216760536
7903,159,31,-0.5,0.4,-0.25620895624160767,0.2864750027656555,0.26892749583087316
7904,159,32,-0.5,0.4,-0.2606932520866394,0.2955601215362549,0.2611042087182636
7905,159,33,-0.5,0.4,-0.24938948452472687,0.2677697539329529,0.2833557277376513
7906,159,34,-0.5,0.4,-0.24054302275180817,0.27936819195747375,0.28612926476398326
7907,159,35,-0.5,0.4,-0.2993319034576416,0.23593901097774506,0.2591981733903496
7908,159,36,-0.5,0.4,-0.2617093324661255,0.3114355802536011,0.2542166372973174
7909,159,37,-0.5,0.4,-0.27349555492401123,0.2755430340766907,0.2584449651396161
7910,159,38,-0.5,0.4,-0.26186466217041016,0.2813531160354614,0.26605548706558857
7911,159,39,-0.5,0.4,-0.2751358151435852,0.29413196444511414,0.24853961974580727
7912,159,40,-0.5,0.4,-0.25265610218048096,0.278509259223938,0.275570324750088
7913,159,41,-0.5,0.4,-0.2507925033569336,0.26594823598861694,0.282973941941069
7914,159,42,-0.5,0.4,-0.25964224338531494,0.28492242097854614,0.2664858351925729
7915,159,43,-0.5,0.4,-0.2919611930847168,0.22192876040935516,0.2738421288846611
7916,159,44,-0.5,0.4,-0.22534339129924774,0.24084104597568512,0.3174394829713407
7917,159,45,-0.5,0.4,-0.2468927949666977,0.25782087445259094,0.29030701159495964
7918,159,46,-0.5,0.4,-0.24709142744541168,0.24882365763187408,0.29464730197883077
7919,159,47,-0.5,0.4,-0.28119611740112305,0.2839704155921936,0.24766510351317444
7920,159,48,-0.5,0.4,-0.2930666208267212,0.24591107666492462,0.2580015885816107
7921,159,49,-0.5,0.4,-0.28731632232666016,0.23614399135112762,0.2684830317152212
7922,160,0,-0.4,0.4,-0.231996551156044,0.10841979086399078,0.33651772194531243
7923,160,1,-0.4,0.4,-0.2294161170721054,0.059576913714408875,0.38077124207450946
7924,160,2,-0.4,0.4,-0.23278634250164032,0.09976285696029663,0.3436608056130668
7925,160,3,-0.4,0.4,-0.23849992454051971,0.09260846674442291,0.3472345447829643
7926,160,4,-0.4,0.4,-0.216626837849617,0.078529953956604,0.37009283578606844
7927,160,5,-0.4,0.4,-0.274091899394989,0.034092988818883896,0.3869635520684849
7928,160,6,-0.4,0.4,-0.2252914160490036,0.11990770697593689,0.3301132864906228
7929,160,7,-0.4,0.4,-0.22512643039226532,0.1584639549255371,0.2981952823529645
7930,160,8,-0.4,0.4,-0.23519225418567657,0.09146100282669067,0.34979694946798784
7931,160,9,-0.4,0.4,-0.2228241115808487,0.08470220118761063,0.3616683527391546
7932,160,10,-0.4,0.4,-0.24039922654628754,0.07808161526918411,0.35931024660413025
7933,160,11,-0.4,0.4,-0.2347700148820877,0.06087762862443924,0.37723325774572064
7934,160,12,-0.4,0.4,-0.22102881968021393,0.018841931596398354,0.42108450042031004
7935,160,13,-0.4,0.4,-0.23854605853557587,0.09923939406871796,0.3413565837867341
7936,160,14,-0.4,0.4,-0.18920071423053741,0.09763972461223602,0.36858930398680867
7937,160,15,-0.4,0.4,-0.20073918998241425,0.25823065638542175,0.24454737209336921
7938,160,16,-0.4,0.4,-0.21364207565784454,0.09505496919155121,0.35738039646836023
7939,160,17,-0.4,0.4,-0.2313527911901474,0.09801916778087616,0.34588192214556207
7940,160,18,-0.4,0.4,-0.22960664331912994,0.24891486763954163,0.22772925420628648
7941,160,19,-0.4,0.4,-0.21414850652217865,0.16834492981433868,0.29699301198960953
7942,160,20,-0.4,0.4,-0.22862853109836578,0.09473873674869537,0.35007516220846935
7943,160,21,-0.4,0.4,-0.22954674065113068,0.07010993361473083,0.37132434544792536
7944,160,22,-0.4,0.4,-0.23776139318943024,0.08458849787712097,0.3546911067552238
7945,160,23,-0.4,0.4,-0.2064722627401352,0.14433406293392181,0.320652547884465
7946,160,24,-0.4,0.4,-0.24487890303134918,0.009028855711221695,0.420619769377563
7947,160,25,-0.4,0.4,-0.24592258036136627,0.062455326318740845,0.37104751444132783
7948,160,26,-0.4,0.4,-0.24953506886959076,0.03650841861963272,0.3934028790368456
7949,160,27,-0.4,0.4,-0.2526557445526123,0.09716219455003738,0.33678044186545997
7950,160,28,-0.4,0.4,-0.22248853743076324,0.2145700603723526,0.256699399792408
7951,160,29,-0.4,0.4,-0.22827081382274628,0.12044580280780792,0.32808758366154744
7952,160,30,-0.4,0.4,-0.22707872092723846,0.16014039516448975,0.2956930820766814
7953,160,31,-0.4,0.4,-0.27142173051834106,0.07529706507921219,0.34923397218637175
7954,160,32,-0.4,0.4,-0.27489179372787476,0.03916461765766144,0.38190867550603025
7955,160,33,-0.4,0.4,-0.22561432421207428,0.14541500806808472,0.3085836710472298
7956,160,34,-0.4,0.4,-0.23655737936496735,0.17357271909713745,0.2792540130009076
7957,160,35,-0.4,0.4,-0.22451730072498322,0.25834405422210693,0.22552291395571175
7958,160,36,-0.4,0.4,-0.30413228273391724,0.04660944640636444,0.3661632185010201
7959,160,37,-0.4,0.4,-0.21819214522838593,0.12818896770477295,0.32700968385363344
7960,160,38,-0.4,0.4,-0.2199331372976303,0.2520310580730438,0.23306411739788901
7961,160,39,-0.4,0.4,-0.23063363134860992,0.13597290217876434,0.3136802117030383
7962,160,40,-0.4,0.4,-0.18099252879619598,0.19602440297603607,0.29928300423573606
7963,160,41,-0.4,0.4,-0.23503650724887848,0.09095478057861328,0.3503168588404823
7964,160,42,-0.4,0.4,-0.2172376662492752,0.1511661857366562,0.3087399192829713
7965,160,43,-0.4,0.4,-0.21300442516803741,0.18400023877620697,0.2856978156295069
7966,160,44,-0.4,0.4,-0.23320890963077545,0.1556997299194336,0.29580718346245843
7967,160,45,-0.4,0.4,-0.24890188872814178,0.03713865578174591,0.39306360090677583
7968,160,46,-0.4,0.4,-0.2187998741865158,0.06926210224628448,0.3771220526638156
7969,160,47,-0.4,0.4,-0.2233874648809433,0.18792039155960083,0.2759886734585553
7970,160,48,-0.4,0.4,-0.22822020947933197,0.12406568229198456,0.3250354505593392
7971,160,49,-0.4,0.4,-0.12436315417289734,0.1929423213005066,0.3447441849922006
7972,161,0,-0.3,0.4,-0.08046160638332367,0.17279253900051117,0.31594356553920344
7973,161,1,-0.3,0.4,-0.07379584014415741,0.1787167340517044,0.3164405247828282
7974,161,2,-0.3,0.4,-0.08173389732837677,0.17373986542224884,0.3143783390671209
7975,161,3,-0.3,0.4,-0.10164225101470947,0.17953823506832123,0.2965622807764034
7976,161,4,-0.3,0.4,-0.075834721326828,0.1909012794494629,0.306549094108093
7977,161,5,-0.3,0.4,-0.08312767744064331,0.19282053411006927,0.2999282170432229
7978,161,6,-0.3,0.4,-0.08561386168003082,0.1814970076084137,0.3061126818474311
7979,161,7,-0.3,0.4,-0.0542682409286499,0.20824439823627472,0.31169585852890064
7980,161,8,-0.3,0.4,-0.11048813164234161,0.18306593596935272,0.28805405115232
7981,161,9,-0.3,0.4,-0.11776961386203766,0.14235441386699677,0.3155775050376843
7982,161,10,-0.3,0.4,-0.08535392582416534,0.18723776936531067,0.30222624628537254
7983,161,11,-0.3,0.4,-0.0823238343000412,0.1650039702653885,0.32032178680955553
7984,161,12,-0.3,0.4,-0.14139030873775482,0.15009696781635284,0.2959874315860147
7985,161,13,-0.3,0.4,-0.08602240681648254,0.204934224486351,0.28954631263642816
7986,161,14,-0.3,0.4,-0.10673226416110992,0.18287406861782074,0.29068210779968867
7987,161,15,-0.3,0.4,-0.10362082719802856,0.18122540414333344,0.2939848691729463
7988,161,16,-0.3,0.4,-0.1073397696018219,0.13369648158550262,0.3286875846408252
7989,161,17,-0.3,0.4,-0.10541757941246033,0.17589181661605835,0.2967941984967978
7990,161,18,-0.3,0.4,-0.0767703652381897,0.14609503746032715,0.33808164670411184
7991,161,19,-0.3,0.4,-0.08107061684131622,0.20366470515727997,0.2940707785741718
7992,161,20,-0.3,0.4,-0.022336527705192566,0.24518869817256927,0.31790492764396266
7993,161,21,-0.3,0.4,-0.10418060421943665,0.18857058882713318,0.2881798599360651
7994,161,22,-0.3,0.4,-0.08018031716346741,0.19444386661052704,0.30095517429741026
7995,161,23,-0.3,0.4,-0.09625907242298126,0.1548931896686554,0.3187282761863932
7996,161,24,-0.3,0.4,-0.0731806606054306,0.18112249672412872,0.3152052889208363
7997,161,25,-0.3,0.4,-0.06861550360918045,0.18753613531589508,0.3141332185021808
7998,161,26,-0.3,0.4,-0.08639466762542725,0.16433747112751007,0.31806298988318155
7999,161,27,-0.3,0.4,-0.20007286965847015,0.08730972558259964,0.32826915647608784
8000,161,28,-0.3,0.4,-0.11366024613380432,0.17091064155101776,0.2953039756343972
8001,161,29,-0.3,0.4,-0.117887943983078,0.1425679624080658,0.31533482986413913
8002,161,30,-0.3,0.4,-0.10350106656551361,0.15878772735595703,0.3111192557766151
8003,161,31,-0.3,0.4,-0.078471839427948,0.1968967467546463,0.3005422722434951
8004,161,32,-0.3,0.4,-0.10954011976718903,0.1606789082288742,0.3058587107551791
8005,161,33,-0.3,0.4,-0.10761697590351105,0.18298523128032684,0.2900114442620558
8006,161,34,-0.3,0.4,-0.10155387222766876,0.15142521262168884,0.318072775553025
8007,161,35,-0.3,0.4,-0.0777277946472168,0.17021110653877258,0.3196996540982257
8008,161,36,-0.3,0.4,-0.130142942070961,0.13639701902866364,0.31358882586164266
8009,161,37,-0.3,0.4,-0.08203534781932831,0.23779796063899994,0.27169484936801547
8010,161,38,-0.3,0.4,-0.10785076022148132,0.19908088445663452,0.27801046983556377
8011,161,39,-0.3,0.4,-0.12065020203590393,0.15022680163383484,0.3074947164616423
8012,161,40,-0.3,0.4,-0.08465941250324249,0.18752837181091309,0.302515720928302
8013,161,41,-0.3,0.4,-0.027346909046173096,0.20867864787578583,0.33308192353430616
8014,161,42,-0.3,0.4,-0.15193812549114227,0.11915796995162964,0.31748159714346674
8015,161,43,-0.3,0.4,-0.1591985821723938,0.0663527399301529,0.3621402123686078
8016,161,44,-0.3,0.4,-0.11098752915859222,0.10015621781349182,0.3544460577429014
8017,161,45,-0.3,0.4,-0.11811363697052002,0.08889631927013397,0.36037223702688614
8018,161,46,-0.3,0.4,-0.12129233777523041,0.11407501995563507,0.3371787697219575
8019,161,47,-0.3,0.4,-0.11275476217269897,0.10762137174606323,0.3471974097666287
8020,161,48,-0.3,0.4,-0.14096327126026154,0.11212362349033356,0.32888522198568365
8021,161,49,-0.3,0.4,-0.21738295257091522,0.03878115862607956,0.3705463910084905
8022,162,0,-0.2,0.4,0.23168514668941498,0.3863160014152527,0.43190197694561333
8023,162,1,-0.2,0.4,0.24324581027030945,0.3955641984939575,0.443268005451763
8024,162,2,-0.2,0.4,0.2356635481119156,0.38949811458587646,0.4357901063020072
8025,162,3,-0.2,0.4,0.2585069537162781,0.3764698803424835,0.4591103278486318
8026,162,4,-0.2,0.4,0.2651439309120178,0.4118773937225342,0.4652955501032909
8027,162,5,-0.2,0.4,0.24469520151615143,0.39758771657943726,0.4447017442767587
8028,162,6,-0.2,0.4,0.23467616736888885,0.3868860602378845,0.43487394253345496
8029,162,7,-0.2,0.4,0.2519758343696594,0.38840851187705994,0.4521244490746481
8030,162,8,-0.2,0.4,0.27537474036216736,0.41770273447036743,0.4757042469666698
8031,162,9,-0.2,0.4,0.2536242604255676,0.3977270722389221,0.4536299547508413
8032,162,10,-0.2,0.4,0.2755400538444519,0.4227464497089386,0.4760837571108108
8033,162,11,-0.2,0.4,0.27812933921813965,0.41772428154945374,0.47845774649138995
8034,162,12,-0.2,0.4,0.23763485252857208,0.3821064829826355,0.4380005046788825
8035,162,13,-0.2,0.4,0.2467128485441208,0.40335366129875183,0.446725437039922
8036,162,14,-0.2,0.4,0.04016382247209549,0.21513432264328003,0.30307421581019905
8037,162,15,-0.2,0.4,0.26520660519599915,0.40919095277786255,0.46529738784024044
8038,162,16,-0.2,0.4,0.2524321675300598,0.39622440934181213,0.4524479210923245
8039,162,17,-0.2,0.4,0.2624412775039673,0.40107476711273193,0.46244252644393324
8040,162,18,-0.2,0.4,0.2893471121788025,0.4124261736869812,0.4895048579843029
8041,162,19,-0.2,0.4,0.23441031575202942,0.3848706781864166,0.43467369233750147
8042,162,20,-0.2,0.4,0.24040110409259796,0.3946751356124878,0.44043329423049377
8043,162,21,-0.2,0.4,0.1472529172897339,0.34234094619750977,0.3520073224403567
8044,162,22,-0.2,0.4,0.25023704767227173,0.3972543179988861,0.450245419595019
8045,162,23,-0.2,0.4,0.275810182094574,0.4078288972377777,0.475874585386561
8046,162,24,-0.2,0.4,0.29063737392425537,0.40522491931915283,0.4906651938676527
8047,162,25,-0.2,0.4,0.23184627294540405,0.3690110445022583,0.4329567170280159
8048,162,26,-0.2,0.4,0.2534223198890686,0.3777759075164795,0.4539666402504714
8049,162,27,-0.2,0.4,0.25979912281036377,0.3799070119857788,0.4602379400967717
8050,162,28,-0.2,0.4,0.2320041060447693,0.37359288334846497,0.4328104474817909
8051,162,29,-0.2,0.4,0.2916845381259918,0.39612916111946106,0.49169977468553816
8052,162,30,-0.2,0.4,0.240962952375412,0.37504950165748596,0.4416682609551876
8053,162,31,-0.2,0.4,0.28610146045684814,0.40126946568489075,0.48610311807414464
8054,162,32,-0.2,0.4,0.27633005380630493,0.39300960302352905,0.47638134494226997
8055,162,33,-0.2,0.4,0.23900333046913147,0.37922170758247375,0.43949477994485636
8056,162,34,-0.2,0.4,0.25879910588264465,0.3872787356376648,0.45897543520943535
8057,162,35,-0.2,0.4,0.2629320025444031,0.3983134329319,0.46293507480881857
8058,162,36,-0.2,0.4,0.25439247488975525,0.387829065322876,0.4545554453390166
8059,162,37,-0.2,0.4,0.2713954448699951,0.39710283279418945,0.47140434769102313
8060,162,38,-0.2,0.4,0.26639091968536377,0.39310869574546814,0.4664418292126983
8061,162,39,-0.2,0.4,0.2855512499809265,0.4064800441265106,0.4855944885703726
8062,162,40,-0.2,0.4,0.26552125811576843,0.39167797565460205,0.4655956377017436
8063,162,41,-0.2,0.4,0.2380317598581314,0.37716221809387207,0.43862670566987094
8064,162,42,-0.2,0.4,0.24884778261184692,0.37763866782188416,0.4494044516160825
8065,162,43,-0.2,0.4,0.2667127549648285,0.3915214240550995,0.4667897619881069
8066,162,44,-0.2,0.4,0.07843293994665146,0.2532024383544922,0.3147609031509509
8067,162,45,-0.2,0.4,0.2572789788246155,0.38816115260124207,0.4574322056683528
8068,162,46,-0.2,0.4,0.2647287845611572,0.39360132813453674,0.4647728328993987
8069,162,47,-0.2,0.4,0.2779187560081482,0.4030313491821289,0.4779283695515886
8070,162,48,-0.2,0.4,0.2718995213508606,0.39461690187454224,0.47193022365239506
8071,162,49,-0.2,0.4,0.25265979766845703,0.3948497772216797,0.4526890955389966
8072,163,0,-0.1,0.4,-0.10143151879310608,0.18341226875782013,0.21659246194336904
8073,163,1,-0.1,0.4,-0.10295054316520691,0.17125704884529114,0.2287619798129385
8074,163,2,-0.1,0.4,-0.1306239664554596,0.1934492439031601,0.2088086256974107
8075,163,3,-0.1,0.4,-0.04880024492740631,0.20703081786632538,0.1996459871192829
8076,163,4,-0.1,0.4,-0.08222325146198273,0.1589398831129074,0.2417146928554461
8077,163,5,-0.1,0.4,-0.0896160900592804,0.1752912998199463,0.22494849526561908
8078,163,6,-0.1,0.4,-0.052835315465927124,0.20371733605861664,0.20186973926550916
8079,163,7,-0.1,0.4,-0.08353887498378754,0.18877799808979034,0.21186246181840707
8080,163,8,-0.1,0.4,-0.051664113998413086,0.20686335861682892,0.1990932447882902
8081,163,9,-0.1,0.4,-0.09494756162166595,0.17758134007453918,0.2224760378481347
8082,163,10,-0.1,0.4,-0.08834704756736755,0.18728792667388916,0.21303102459287465
8083,163,11,-0.1,0.4,-0.07357464730739594,0.1867722123861313,0.2148589971949828
8084,163,12,-0.1,0.4,-0.07458558678627014,0.17378288507461548,0.22764023256920743
8085,163,13,-0.1,0.4,-0.054803311824798584,0.205129012465477,0.20004360125904208
8086,163,14,-0.1,0.4,-0.07408766448497772,0.1835995614528656,0.2179463212243675
8087,163,15,-0.1,0.4,-0.05876660346984863,0.1825311779975891,0.22134335664873472
8088,163,16,-0.1,0.4,-0.0791543573141098,0.18291610479354858,0.21808245774704896
8089,163,17,-0.1,0.4,-0.08007007837295532,0.14102540910243988,0.25974033284536074
8090,163,18,-0.1,0.4,-0.09421752393245697,0.18516385555267334,0.2149139501997586
8091,163,19,-0.1,0.4,-0.07225224375724792,0.18125541508197784,0.2204974634944017
8092,163,20,-0.1,0.4,-0.06910823285579681,0.185236394405365,0.21697397900508628
8093,163,21,-0.1,0.4,-0.10481877624988556,0.17445799708366394,0.2255934743827024
8094,163,22,-0.1,0.4,-0.04409544914960861,0.2105685919523239,0.1975084230120558
8095,163,23,-0.1,0.4,-0.07017125189304352,0.19177205860614777,0.21035358278562746
8096,163,24,-0.1,0.4,-0.07305173575878143,0.19752401113510132,0.2042614378986722
8097,163,25,-0.1,0.4,-0.08411560952663422,0.17580947279930115,0.22475254469580017
8098,163,26,-0.1,0.4,-0.10468615591526031,0.1839296817779541,0.2161211291702834
8099,163,27,-0.1,0.4,-0.0759829431772232,0.19851309061050415,0.2029132663818692
8100,163,28,-0.1,0.4,-0.07807900011539459,0.1888575702905655,0.21227730886636087
8101,163,29,-0.1,0.4,-0.051045745611190796,0.15138821303844452,0.253385752636138
8102,163,30,-0.1,0.4,-0.04162652790546417,0.22048816084861755,0.18876430446427991
8103,163,31,-0.1,0.4,-0.08915610611438751,0.18516968190670013,0.2151038251790768
8104,163,32,-0.1,0.4,-0.12351073324680328,0.17861324548721313,0.22263164566500268
8105,163,33,-0.1,0.4,-0.07103736698627472,0.20111240446567535,0.20098534714877314
8106,163,34,-0.1,0.4,-0.08107466995716095,0.19245831668376923,0.20840277932639242
8107,163,35,-0.1,0.4,-0.014168128371238708,0.23969817161560059,0.18183450269593393
8108,163,36,-0.1,0.4,-0.07139593362808228,0.16014213860034943,0.24155741820160082
8109,163,37,-0.1,0.4,-0.07416801154613495,0.19122987985610962,0.21036219881997587
8110,163,38,-0.1,0.4,-0.07036466896533966,0.18981274962425232,0.21226618446198905
8111,163,39,-0.1,0.4,-0.07280950248241425,0.1886812150478363,0.2130609115462352
8112,163,40,-0.1,0.4,-0.06275878101587296,0.19854961335659027,0.20486377588583832
8113,163,41,-0.1,0.4,-0.10129211843013763,0.17727234959602356,0.22273139838045614
8114,163,42,-0.1,0.4,-0.07737572491168976,0.19433537125587463,0.20690528591539284
8115,163,43,-0.1,0.4,-0.10052706301212311,0.18260805308818817,0.2173925858384475
8116,163,44,-0.1,0.4,-0.0744902640581131,0.19564662873744965,0.2059394254973888
8117,163,45,-0.1,0.4,-0.07662193477153778,0.18663819134235382,0.21463875541823352
8118,163,46,-0.1,0.4,-0.08900587260723114,0.17290398478507996,0.2273619822301513
8119,163,47,-0.1,0.4,-0.05897887796163559,0.20502795279026031,0.19924063753773566
8120,163,48,-0.1,0.4,-0.09465675055980682,0.1688825637102127,0.23117919385564095
8121,163,49,-0.1,0.4,-0.060941264033317566,0.1624944806098938,0.24069577602458905
8122,164,0,0.0,0.4,-0.06841355562210083,0.16694863140583038,0.2428854771213664
8123,164,1,0.0,0.4,-0.0933680385351181,0.1547633856534958,0.26240919884034425
8124,164,2,0.0,0.4,-0.06364261358976364,0.18575158715248108,0.22350115138901833
8125,164,3,0.0,0.4,-0.060458093881607056,0.1984204351902008,0.2104507117229715
8126,164,4,0.0,0.4,-0.050087541341781616,0.18692073225975037,0.2188870396766005
8127,164,5,0.0,0.4,-0.0707523375749588,0.19928570091724396,0.21281946134835267
8128,164,6,0.0,0.4,-0.054073549807071686,0.15645097196102142,0.2494796140919515
8129,164,7,0.0,0.4,-0.07207895815372467,0.18879956007003784,0.2231613811463264
8130,164,8,0.0,0.4,-0.0688137635588646,0.12758226692676544,0.2809746525007112
8131,164,9,0.0,0.4,-0.07607588171958923,0.1676500141620636,0.2444873323882082
8132,164,10,0.0,0.4,-0.0374080166220665,0.1355009824037552,0.2671312224674896
8133,164,11,0.0,0.4,-0.05162756145000458,0.1425158828496933,0.26260897868493926
8134,164,12,0.0,0.4,-0.02858668565750122,0.17987877130508423,0.22196971396801007
8135,164,13,0.0,0.4,-0.07807895541191101,0.12984074652194977,0.2812158344013235
8136,164,14,0.0,0.4,-0.042802125215530396,0.1581360399723053,0.2456220614750317
8137,164,15,0.0,0.4,-0.006438378244638443,0.2224414348602295,0.17767525649035987
8138,164,16,0.0,0.4,-0.055510036647319794,0.15907588601112366,0.24723630977247632
8139,164,17,0.0,0.4,-0.0786779522895813,0.17279110848903656,0.24044562911003892
8140,164,18,0.0,0.4,-0.03881804645061493,0.19164927303791046,0.21193599542284763
8141,164,19,0.0,0.4,-0.03863897919654846,0.2035893052816391,0.20017525249915505
8142,164,20,0.0,0.4,-0.053792163729667664,0.17312678694725037,0.2331631439134361
8143,164,21,0.0,0.4,-0.045688144862651825,0.18095143139362335,0.22376255716605753
8144,164,22,0.0,0.4,-0.005449704825878143,0.22490544617176056,0.1751793425692637
8145,164,23,0.0,0.4,-0.04781041294336319,0.19848841428756714,0.2071056608645792
8146,164,24,0.0,0.4,-0.04041193425655365,0.1962905079126358,0.20767927580008536
8147,164,25,0.0,0.4,-0.017984911799430847,0.2386796921491623,0.16231974241453923
8148,164,26,0.0,0.4,-0.0048715583980083466,0.23044851422309875,0.16962145622055
8149,164,27,0.0,0.4,-0.05292242765426636,0.18341386318206787,0.22295815304791408
8150,164,28,0.0,0.4,-0.027432963252067566,0.2011132836341858,0.20076975225258692
8151,164,29,0.0,0.4,-0.06117518991231918,0.18029339611530304,0.22806445503706943
8152,164,30,0.0,0.4,-0.0859556645154953,0.21411088109016418,0.20480024607254618
8153,164,31,0.0,0.4,-0.04028791934251785,0.26445087790489197,0.14140962112142064
8154,164,32,0.0,0.4,-0.03046383708715439,0.23571594059467316,0.1670847017077436
8155,164,33,0.0,0.4,-0.046244844794273376,0.18257756531238556,0.22228607868136144
8156,164,34,0.0,0.4,-0.028187565505504608,0.20569708943367004,0.1963368531470196
8157,164,35,0.0,0.4,-0.019563540816307068,0.2187485247850418,0.1823042221037953
8158,164,36,0.0,0.4,-0.05268710106611252,0.2592567205429077,0.15028173984582405
8159,164,37,0.0,0.4,-0.05345119535923004,0.22938987612724304,0.17878714901582848
8160,164,38,0.0,0.4,-0.04566309601068497,0.2468525618314743,0.15981006274594675
8161,164,39,0.0,0.4,-0.07375040650367737,0.20335149765014648,0.21002322713428154
8162,164,40,0.0,0.4,-0.02918241173028946,0.19636952877044678,0.20571091844519593
8163,164,41,0.0,0.4,-0.05530354380607605,0.21714535355567932,0.19103482322285667
8164,164,42,0.0,0.4,-0.04010003060102463,0.22943511605262756,0.17521527356421798
8165,164,43,0.0,0.4,-0.036357179284095764,0.21718323230743408,0.18639692871679378
8166,164,44,0.0,0.4,-0.028109274804592133,0.20109912753105164,0.2008772968728645
8167,164,45,0.0,0.4,-0.03393199294805527,0.24244818091392517,0.1611643752283926
8168,164,46,0.0,0.4,-0.021587975323200226,0.22227002680301666,0.17903626462578895
8169,164,47,0.0,0.4,-0.023810528218746185,0.1998603641986847,0.20155102349712553
8170,164,48,0.0,0.4,-0.046017058193683624,0.2038271278142929,0.2014978050163094
8171,165,0,0.1,0.4,0.01808791235089302,0.11557702720165253,0.29598313728738757
8172,165,1,0.1,0.4,0.023761000484228134,0.11810523271560669,0.29202233625099316
8173,165,2,0.1,0.4,0.02101387456059456,0.11666426062583923,0.29413933640135903
8174,165,3,0.1,0.4,0.014574743807315826,0.10896164178848267,0.30331633709057154
8175,165,4,0.1,0.4,0.029259318485856056,0.12391699850559235,0.28500187321357495
8176,165,5,0.1,0.4,0.020164955407381058,0.11847680807113647,0.29262423334187687
8177,165,6,0.1,0.4,0.028707854449748993,0.12561775743961334,0.2834928306847019
8178,165,7,0.1,0.4,0.024001561105251312,0.1217048168182373,0.28848565249698244
8179,165,8,0.1,0.4,0.02307654172182083,0.12046021223068237,0.2899305285401831
8180,165,9,0.1,0.4,0.027177225798368454,0.12311884760856628,0.2862976230988133
8181,165,10,0.1,0.4,0.024843014776706696,0.12038525938987732,0.28953924707079093
8182,165,11,0.1,0.4,0.01974714919924736,0.1159137487411499,0.2952041974904056
8183,165,12,0.1,0.4,0.020400770008563995,0.11896258592605591,0.2920925632819142
8184,165,13,0.1,0.4,0.02389422431588173,0.11980868875980377,0.29034334844625226
8185,165,14,0.1,0.4,0.024557679891586304,0.11942851543426514,0.2905372637283568
8186,165,15,0.1,0.4,0.026921208947896957,0.12589353322982788,0.2836809208016366
8187,165,16,0.1,0.4,0.021581918001174927,0.11973564326763153,0.2910283581353933
8188,165,17,0.1,0.4,0.020132023841142654,0.11456327140331268,0.29640010062024397
8189,165,18,0.1,0.4,0.01442071795463562,0.1113155335187912,0.3011021997643661
8190,165,19,0.1,0.4,0.03429476171731949,0.1256083846092224,0.28214878510201713
8191,165,20,0.1,0.4,0.0035523660480976105,0.09773470461368561,0.3172797738430486
8192,165,21,0.1,0.4,0.014090053737163544,0.11400756239891052,0.2986171348598344
8193,165,22,0.1,0.4,0.02242065593600273,0.11760424077510834,0.29285819000602165
8194,165,23,0.1,0.4,0.014846913516521454,0.11460641026496887,0.2978263742510224
8195,165,24,0.1,0.4,0.014490168541669846,0.11485375463962555,0.29769163998868176
8196,165,25,0.1,0.4,0.01897849515080452,0.1179610937833786,0.2934457852276914
8197,165,26,0.1,0.4,0.02506444603204727,0.12152919173240662,0.2883770592569574
8198,165,27,0.1,0.4,0.012473080307245255,0.1109158843755722,0.30204401596002445
8199,165,28,0.1,0.4,0.029605934396386147,0.11408710479736328,0.2944511981897167
8200,165,29,0.1,0.4,0.0145651176571846,0.11515308916568756,0.29738339182405843
8201,165,30,0.1,0.4,0.004903614521026611,0.10784940421581268,0.3072381700704213
8202,165,31,0.1,0.4,0.016785521060228348,0.11358511447906494,0.2982585055839784
8203,165,32,0.1,0.4,0.013459883630275726,0.11166341602802277,0.3010434809091778
8204,165,33,0.1,0.4,0.027185456827282906,0.11463811993598938,0.2945052805827398
8205,165,34,0.1,0.4,0.01046004518866539,0.11149363219738007,0.30208165745419974
8206,165,35,0.1,0.4,0.01646093651652336,0.11446155607700348,0.2975079462563355
8207,165,36,0.1,0.4,0.015123657882213593,0.11210213601589203,0.3001485857669622
8208,165,37,0.1,0.4,0.016624905169010162,0.11320260167121887,0.2986706449020963
8209,165,38,0.1,0.4,0.01703716069459915,0.11454036831855774,0.29727097743526604
8210,165,39,0.1,0.4,0.01758333295583725,0.11083559691905975,0.3006801606621642
8211,165,40,0.1,0.4,0.016445104032754898,0.11171010136604309,0.3001541042439272
8212,165,41,0.1,0.4,0.017269592732191086,0.1173650324344635,0.29449421925985136
8213,165,42,0.1,0.4,0.041498202830553055,0.12509982287883759,0.28105616458868427
8214,165,43,0.1,0.4,0.02195335552096367,0.11869291961193085,0.29193312965625656
8215,165,44,0.1,0.4,0.019930999726057053,0.11553634703159332,0.29551753698384603
8216,165,45,0.1,0.4,0.016129523515701294,0.11512249708175659,0.29696708318370424
8217,165,46,0.1,0.4,0.025166235864162445,0.11918748915195465,0.2906127294244383
8218,165,47,0.1,0.4,0.015442602336406708,0.11528249084949493,0.2970084401435538
8219,165,48,0.1,0.4,0.020982705056667328,0.11796711385250092,0.2928929527469888
8220,166,0,0.2,0.4,0.12772072851657867,0.22694076597690582,0.18754677167798495
8221,166,1,0.2,0.4,0.12225096672773361,0.2216203659772873,0.1945872709322193
8222,166,2,0.2,0.4,0.11522218585014343,0.21612012386322021,0.2024823118697164
8223,166,3,0.2,0.4,0.12895122170448303,0.22325921058654785,0.190486838232398
8224,166,4,0.2,0.4,0.12484779953956604,0.22290655970573425,0.19237967623765231
8225,166,5,0.2,0.4,0.11925305426120758,0.218156635761261,0.19896501793985344
8226,166,6,0.2,0.4,0.14264440536499023,0.23593670129776,0.1737999718555673
8227,166,7,0.2,0.4,0.11606405675411224,0.21414223313331604,0.2039322242149277
8228,166,8,0.2,0.4,0.13608288764953613,0.22736448049545288,0.18408807632713942
8229,166,9,0.2,0.4,0.13202956318855286,0.22628666460514069,0.18653767226580753
8230,166,10,0.2,0.4,0.10489419102668762,0.20927639305591583,0.2131211137973657
8231,166,11,0.2,0.4,0.11277870088815689,0.20783430337905884,0.21103367024380068
8232,166,12,0.2,0.4,0.14881610870361328,0.2382473349571228,0.16965764166907887
8233,166,13,0.2,0.4,0.13845236599445343,0.2342141717672348,0.17684188444626078
8234,166,14,0.2,0.4,0.11741305887699127,0.21511363983154297,0.2024933801890712
8235,166,15,0.2,0.4,0.0036664046347141266,0.1472872644662857,0.3200165735864204
8236,166,16,0.2,0.4,0.13000982999801636,0.2259681671857834,0.18757852416943158
8237,166,17,0.2,0.4,0.12012939900159836,0.22035148739814758,0.19660341040761173
8238,166,18,0.2,0.4,0.12134280800819397,0.22227421402931213,0.19435382386496694
8239,166,19,0.2,0.4,0.11011027544736862,0.21642562747001648,0.20440086308507877
8240,166,20,0.2,0.4,0.12908941507339478,0.2281387746334076,0.18591555028867263
8241,166,21,0.2,0.4,0.12424850463867188,0.2287994623184204,0.1872108788290341
8242,166,22,0.2,0.4,0.13806042075157166,0.23154298961162567,0.17948335807662283
8243,166,23,0.2,0.4,0.13688865303993225,0.23003044724464417,0.18130827609066763
8244,166,24,0.2,0.4,0.11407344788312912,0.21623830497264862,0.20285889903580429
8245,166,25,0.2,0.4,0.11928149312734604,0.22014233469963074,0.1971401966090385
8246,166,26,0.2,0.4,0.15901167690753937,0.24609899520874023,0.15926569594765633
8247,166,27,0.2,0.4,0.13612329959869385,0.2316839098930359,0.18002927273933508
8248,166,28,0.2,0.4,0.13770797848701477,0.23265419900417328,0.1785634706627004
8249,166,29,0.2,0.4,0.11804447323083878,0.22085466980934143,0.19700192307977807
8250,166,30,0.2,0.4,0.12307731062173843,0.22029338777065277,0.19547779060582177
8251,166,31,0.2,0.4,0.10659674555063248,0.21208633482456207,0.20984688108570948
8252,166,32,0.2,0.4,0.14082130789756775,0.23384428024291992,0.1763798197270533
8253,166,33,0.2,0.4,0.13524383306503296,0.23093150556087494,0.18104562123404638
8254,166,34,0.2,0.4,0.11106213927268982,0.21529994904994965,0.20499768752769293
8255,166,35,0.2,0.4,0.12951862812042236,0.22530685365200043,0.18837547388922724
8256,166,36,0.2,0.4,0.1282135546207428,0.2259424477815628,0.18827991189838356
8257,166,37,0.2,0.4,0.12434662133455276,0.22175399959087372,0.19363643863009825
8258,166,38,0.2,0.4,0.0705147460103035,0.1975170522928238,0.24034511668216452
8259,166,39,0.2,0.4,0.11661624908447266,0.2175239622592926,0.200624909386374
8260,166,40,0.2,0.4,0.11745647341012955,0.21632255613803864,0.20137238431710697
8261,166,41,0.2,0.4,0.12411624938249588,0.22139587998390198,0.1940561137777017
8262,166,42,0.2,0.4,0.12269715964794159,0.22405029833316803,0.19218227452900805
8263,166,43,0.2,0.4,0.1496019959449768,0.240550234913826,0.16722495746378954
8264,166,44,0.2,0.4,0.13231340050697327,0.22980274260044098,0.18316272048989982
8265,166,45,0.2,0.4,0.12712091207504272,0.22686611115932465,0.1878475576680969
8266,166,46,0.2,0.4,-0.01116780936717987,0.16478009521961212,0.31610164080217673
8267,166,47,0.2,0.4,0.12194164097309113,0.22378957271575928,0.19272576915832637
8268,166,48,0.2,0.4,0.12637653946876526,0.22539982199668884,0.189487825728679
8269,166,49,0.2,0.4,0.10711941868066788,0.21150630712509155,0.21013489629244686
8270,167,0,0.3,0.4,0.07516591995954514,0.4774063527584076,0.23778584271355746
8271,167,1,0.3,0.4,-0.031048230826854706,0.43470853567123413,0.3328627548735842
8272,167,2,0.3,0.4,-0.04465235769748688,0.43732625246047974,0.3466677037007917
8273,167,3,0.3,0.4,0.06926732510328293,0.4701964259147644,0.24117442956541046
8274,167,4,0.3,0.4,0.048814646899700165,0.45584067702293396,0.2573174359084552
8275,167,5,0.3,0.4,0.04512108862400055,0.4488365948200226,0.25951545706918816
8276,167,6,0.3,0.4,0.012292612344026566,0.42817243933677673,0.28908342610742827
8277,167,7,0.3,0.4,0.0651530995965004,0.4714029133319855,0.2454616928594486
8278,167,8,0.3,0.4,0.058440595865249634,0.46347904205322266,0.24976095472657542
8279,167,9,0.3,0.4,0.04395219311118126,0.46127867698669434,0.26327847550799405
8280,167,10,0.3,0.4,0.05771639198064804,0.4734136760234833,0.2531618346871344
8281,167,11,0.3,0.4,0.026375344023108482,0.4575761556625366,0.279616641241806
8282,167,12,0.3,0.4,0.020759668201208115,0.44992658495903015,0.2836685156811919
8283,167,13,0.3,0.4,0.07073620706796646,0.4702688753604889,0.23979074543028192
8284,167,14,0.3,0.4,-0.01337975263595581,0.4184334874153137,0.31392142778163995
8285,167,15,0.3,0.4,0.07152971625328064,0.45149487257003784,0.23420160643409532
8286,167,16,0.3,0.4,-0.03289806842803955,0.402782142162323,0.33290969387828145
8287,167,17,0.3,0.4,0.02500961534678936,0.4446972608566284,0.2785992763447282
8288,167,18,0.3,0.4,0.01950710639357567,0.4538387060165405,0.2856131468074261
8289,167,19,0.3,0.4,-0.006281264126300812,0.4402989447116852,0.3089210541540998
8290,167,20,0.3,0.4,0.036692529916763306,0.45709002017974854,0.26942548915378933
8291,167,21,0.3,0.4,0.07499219477176666,0.4699195921421051,0.23562101302503755
8292,167,22,0.3,0.4,0.04263841360807419,0.43510645627975464,0.2597449699661016
8293,167,23,0.3,0.4,0.09425555914640427,0.47220346331596375,0.21804613057098368
8294,167,24,0.3,0.4,0.06997233629226685,0.45632827281951904,0.2368239860944582
8295,167,25,0.3,0.4,0.06268197298049927,0.4621787667274475,0.24532844307208818
8296,167,26,0.3,0.4,0.05117751657962799,0.46360093355178833,0.25682232575097574
8297,167,27,0.3,0.4,0.05915152281522751,0.47667551040649414,0.2527590213193592
8298,167,28,0.3,0.4,0.06204693764448166,0.47615113854408264,0.24984126117582992
8299,167,29,0.3,0.4,0.04593200609087944,0.4541233777999878,0.2597689079806995
8300,167,30,0.3,0.4,0.07598958909511566,0.3046654164791107,0.2434529667284351
8301,167,31,0.3,0.4,0.07951969653367996,0.4575572907924652,0.22786927379523764
8302,167,32,0.3,0.4,-0.06264369934797287,0.37960097193717957,0.3632169778833179
8303,167,33,0.3,0.4,0.05027999356389046,0.4572700560092926,0.25620292919823945
8304,167,34,0.3,0.4,-0.05516397953033447,0.411236047744751,0.3553416681515779
8305,167,35,0.3,0.4,0.0319051668047905,0.4521964490413666,0.27312874048421776
8306,167,36,0.3,0.4,-0.020104214549064636,0.4461856186389923,0.3234189535898291
8307,167,37,0.3,0.4,0.034719571471214294,0.4483494162559509,0.2696504622890667
8308,167,38,0.3,0.4,0.028022725135087967,0.446318656206131,0.27589319664624873
8309,167,39,0.3,0.4,0.03611772507429123,0.45117565989494324,0.26879881544688816
8310,167,40,0.3,0.4,0.08060186356306076,0.4596927762031555,0.227373634801491
8311,167,41,0.3,0.4,0.07696330547332764,0.46435296535491943,0.23213502806632957
8312,167,42,0.3,0.4,0.05149310454726219,0.45057427883148193,0.25360093605285144
8313,167,43,0.3,0.4,0.03233635798096657,0.4578173756599426,0.27383694817737103
8314,167,44,0.3,0.4,-0.018397346138954163,0.44408318400382996,0.32143459232049765
8315,167,45,0.3,0.4,0.07593736052513123,0.47893670201301575,0.23756066453252875
8316,167,46,0.3,0.4,0.0071050748229026794,0.43938320875167847,0.2955308348143654
8317,167,47,0.3,0.4,0.04241270571947098,0.44754311442375183,0.26193808792131357
8318,167,48,0.3,0.4,0.060867853462696075,0.45775899291038513,0.24600870872707029
8319,168,0,0.4,0.4,-0.027413062751293182,0.3239520788192749,0.43412580264982026
8320,168,1,0.4,0.4,0.030543390661478043,0.4289364814758301,0.3705880545081267
8321,168,2,0.4,0.4,0.04508451372385025,0.4372755289077759,0.35686757691613047
8322,168,3,0.4,0.4,0.142201229929924,0.44860002398490906,0.2623397952674692
8323,168,4,0.4,0.4,0.011477939784526825,0.4010351896286011,0.38852343930790445
8324,168,5,0.4,0.4,0.1580570489168167,0.4616059958934784,0.24966315368685643
8325,168,6,0.4,0.4,0.04071378707885742,0.40889111161231995,0.3593962084676456
8326,168,7,0.4,0.4,0.03885382041335106,0.40504321455955505,0.36118139077633254
8327,168,8,0.4,0.4,0.025570807978510857,0.40300703048706055,0.3744412665161458
8328,168,9,0.4,0.4,0.0590527281165123,0.419428288936615,0.34150036693362057
8329,168,10,0.4,0.4,0.032734185457229614,0.40661847591400146,0.36732544528685845
8330,168,11,0.4,0.4,0.01611430197954178,0.4005586504936218,0.38388610450891353
8331,168,12,0.4,0.4,0.05760176107287407,0.40806370973587036,0.3424931786694468
8332,168,13,0.4,0.4,0.05916483327746391,0.399653822183609,0.3408353425245973
8333,168,14,0.4,0.4,0.06905129551887512,0.4041004180908203,0.33097410537118227
8334,168,15,0.4,0.4,0.06447996944189072,0.4144490361213684,0.3358310074286638
8335,168,16,0.4,0.4,0.07364985346794128,0.4012569785118103,0.32635256722825906
8336,168,17,0.4,0.4,0.11318613588809967,0.4136356711387634,0.2871378139051075
8337,168,18,0.4,0.4,0.09853982925415039,0.4226859211921692,0.3023125627003518
8338,168,19,0.4,0.4,0.07159850001335144,0.41058605909347534,0.3285720770860045
8339,168,20,0.4,0.4,-0.02004857361316681,0.40287095308303833,0.42005838471105544
8340,168,21,0.4,0.4,0.10942663252353668,0.4219472408294678,0.2914010351159351
8341,168,22,0.4,0.4,0.07104983180761337,0.407701313495636,0.3290403066242152
8342,168,23,0.4,0.4,0.05915107578039169,0.3966521620750427,0.34086536515233706
8343,168,24,0.4,0.4,0.0776357427239418,0.4264342486858368,0.3234462611821774
8344,168,25,0.4,0.4,0.0274567399173975,0.4402760863304138,0.3747140826858107
8345,168,26,0.4,0.4,0.05399633198976517,0.41483262181282043,0.34632144742475734
8346,168,27,0.4,0.4,0.07754511386156082,0.4260437786579132,0.3235049180481437
8347,168,28,0.4,0.4,0.10575022548437119,0.4018937647342682,0.2942558685011519
8348,168,29,0.4,0.4,-0.011907041072845459,0.3859637379646301,0.41214612352576163
8349,168,30,0.4,0.4,0.06614616513252258,0.40454113483428955,0.3338847180709295
8350,168,31,0.4,0.4,0.0538468062877655,0.40079882740974426,0.3461541154491888
8351,168,32,0.4,0.4,0.008077632635831833,0.3857763111591339,0.39218038625685475
8352,168,33,0.4,0.4,0.09766675531864166,0.4059002995491028,0.30239081397146844
8353,168,34,0.4,0.4,0.02997564524412155,0.41060206294059753,0.3701762105418183
8354,168,35,0.4,0.4,0.02309657633304596,0.3893568217754364,0.37705366728702067
8355,168,36,0.4,0.4,0.08096613734960556,0.39809972047805786,0.31903952197163954
8356,168,37,0.4,0.4,-0.005801163613796234,0.358351469039917,0.40793281863738795
8357,168,38,0.4,0.4,0.05671432241797447,0.38698771595954895,0.3435322051407987
8358,168,39,0.4,0.4,0.05853445827960968,0.4078805446624756,0.34155646556107955
8359,168,40,0.4,0.4,-0.00997820496559143,0.37559711933135986,0.41070382166682645
8360,168,41,0.4,0.4,0.01656709611415863,0.38810181617736816,0.3836174638368358
8361,168,42,0.4,0.4,-0.009677261114120483,0.40210944414138794,0.4096826918830632
8362,168,43,0.4,0.4,0.03654005378484726,0.407684862613678,0.3635411800829623
8363,168,44,0.4,0.4,0.03913730010390282,0.39273762702941895,0.3609357702382302
8364,168,45,0.4,0.4,-0.013910941779613495,0.362305223941803,0.4156238249510779
8365,168,46,0.4,0.4,-0.004548974335193634,0.4570179283618927,0.40854732503143265
8366,168,47,0.4,0.4,0.05093226581811905,0.424288272857666,0.3499117077853794
8367,168,48,0.4,0.4,0.03469719737768173,0.4247807562351227,0.366142354123782
8368,168,49,0.4,0.4,0.04792109131813049,0.41611167788505554,0.35244736359191
8369,169,0,0.5,0.4,-0.09083394706249237,0.6429811716079712,0.6388463060528928
8370,169,1,0.5,0.4,-0.11965768039226532,0.647194504737854,0.6671437356684957
8371,169,2,0.5,0.4,-0.09541760385036469,0.6125839352607727,0.632229430275012
8372,169,3,0.5,0.4,-0.09797890484333038,0.6454484462738037,0.646392845269696
8373,169,4,0.5,0.4,-0.0696725845336914,0.6216257810592651,0.6112649510641234
8374,169,5,0.5,0.4,-0.06589823961257935,0.6082524061203003,0.6030007315513893
8375,169,6,0.5,0.4,-0.09648369252681732,0.6593062281608582,0.6504094982497086
8376,169,7,0.5,0.4,-0.06557196378707886,0.6009621620178223,0.6002144923149143
8377,169,8,0.5,0.4,-0.07848575711250305,0.6440426111221313,0.6278555305365509
8378,169,9,0.5,0.4,-0.10276174545288086,0.6555209755897522,0.654685184457188
8379,169,10,0.5,0.4,-0.0968523919582367,0.6431437730789185,0.644477829078178
8380,169,11,0.5,0.4,-0.07918575406074524,0.6174240112304688,0.6186512251393842
8381,169,12,0.5,0.4,-0.03406517952680588,0.5503968596458435,0.5548376621808679
8382,169,13,0.5,0.4,-0.015319198369979858,0.5526984333992004,0.5374669178389017
8383,169,14,0.5,0.4,-0.03285979479551315,0.4774959683418274,0.5384655848044088
8384,169,15,0.5,0.4,-0.06764724105596542,0.6328805088996887,0.6135606911331815
8385,169,16,0.5,0.4,-0.11582544445991516,0.6709116101264954,0.6727808547703942
8386,169,17,0.5,0.4,-0.06867627799510956,0.6446740627288818,0.6190784329361086
8387,169,18,0.5,0.4,-0.09670911729335785,0.6472194790840149,0.6458941410940263
8388,169,19,0.5,0.4,-0.10567033290863037,0.6486497521400452,0.6547237977994668
8389,169,20,0.5,0.4,-0.0858449786901474,0.5593466758728027,0.6071290654944559
8390,169,21,0.5,0.4,-0.04895445704460144,0.5655236840248108,0.5733664499098972
8391,169,22,0.5,0.4,-0.08136449754238129,0.6266201138496399,0.6239722389689538
8392,169,23,0.5,0.4,-0.06623595207929611,0.6069515347480774,0.6028698791295942
8393,169,24,0.5,0.4,-0.05875129997730255,0.631568968296051,0.6048365087393642
8394,169,25,0.5,0.4,-0.10725277662277222,0.6746216416358948,0.666463037812946
8395,169,26,0.5,0.4,-0.06689106673002243,0.6173161864280701,0.6071176215709295
8396,169,27,0.5,0.4,-0.12814083695411682,0.595370352268219,0.6578225335109967
8397,169,28,0.5,0.4,-0.08585740625858307,0.6116600036621094,0.6229196237222573
8398,169,29,0.5,0.4,-0.10026043653488159,0.6090192794799805,0.6356112419265229
8399,169,30,0.5,0.4,-0.07915738224983215,0.6470910310745239,0.6296643955727126
8400,169,31,0.5,0.4,-0.06846693903207779,0.5956360101699829,0.60118891311112
8401,169,32,0.5,0.4,-0.07773882150650024,0.6468084454536438,0.6282487999375439
8402,169,33,0.5,0.4,-0.13450102508068085,0.6167154908180237,0.6704902346708203
8403,169,34,0.5,0.4,-0.08726611733436584,0.6618210673332214,0.6429865969586679
8404,169,35,0.5,0.4,-0.08376972377300262,0.6565521955490112,0.6376567410723625
8405,169,36,0.5,0.4,-0.08484214544296265,0.6586770415306091,0.6394952282084331
8406,169,37,0.5,0.4,-0.0825926661491394,0.6323383450508118,0.6272123414217171
8407,169,38,0.5,0.4,-0.06989561021327972,0.6255522966384888,0.6129068812301451
8408,169,39,0.5,0.4,-0.1297488957643509,0.5782380104064941,0.654486409385317
8409,169,40,0.5,0.4,-0.08393864333629608,0.6301256418228149,0.6276481101746395
8410,169,41,0.5,0.4,-0.0806226134300232,0.6164138913154602,0.6196431163021259
8411,169,42,0.5,0.4,-0.04351292550563812,0.6589167714118958,0.6020333833850554
8412,169,43,0.5,0.4,-0.0861780196428299,0.640297532081604,0.6335199875591135
8413,169,44,0.5,0.4,-0.06391145288944244,0.6043983697891235,0.5998123208740657
8414,169,45,0.5,0.4,-0.058203503489494324,0.6480157375335693,0.6108215429831091
8415,169,46,0.5,0.4,-0.05637943744659424,0.5834817886352539,0.5858529211109053
8416,169,47,0.5,0.4,-0.08378425240516663,0.6585150957107544,0.6384622996439178
8417,169,48,0.5,0.4,-0.053329601883888245,0.6247082352638245,0.5972164091151251
8418,170,0,0.6,0.4,-0.09638155996799469,0.1535186469554901,0.7387153270794576
8419,170,1,0.6,0.4,-0.0827985405921936,0.19115453958511353,0.7140240005565187
8420,170,2,0.6,0.4,-0.07630696892738342,0.1443128138780594,0.7230263158189338
8421,170,3,0.6,0.4,-0.06137152761220932,0.2693823575973511,0.6741463239111621
8422,170,4,0.6,0.4,-0.06415353715419769,0.2551230788230896,0.6797714639525059
8423,170,5,0.6,0.4,-0.07418942451477051,0.20266520977020264,0.7024759067488333
8424,170,6,0.6,0.4,-0.08236679434776306,0.1630496084690094,0.7223364382856039
8425,170,7,0.6,0.4,-0.05946476012468338,0.1918867975473404,0.6915235895335805
8426,170,8,0.6,0.4,-0.052958063781261444,0.2947370707988739,0.6613883256612375
8427,170,9,0.6,0.4,-0.07979193329811096,0.14908504486083984,0.7246208576142906
8428,170,10,0.6,0.4,-0.07560287415981293,0.1429016888141632,0.7228684425174537
8429,170,11,0.6,0.4,-0.05284987390041351,0.29733866453170776,0.6608723837867029
8430,170,12,0.6,0.4,-0.05027715861797333,0.2134036272764206,0.6765194670767884
8431,170,13,0.6,0.4,-0.06528612971305847,0.18944762647151947,0.69780938399183
8432,170,14,0.6,0.4,-0.08402900397777557,0.147572323679924,0.7291196129958244
8433,170,15,0.6,0.4,-0.06597956269979477,0.2094021886587143,0.6927166113367704
8434,170,16,0.6,0.4,-0.10632449388504028,0.14607760310173035,0.7505803583284875
8435,170,17,0.6,0.4,-0.010183878242969513,0.2173929065465927,0.6369220641861393
8436,170,18,0.6,0.4,-0.0929015725851059,0.11458104848861694,0.7493841252473726
8437,170,19,0.6,0.4,-0.233520045876503,0.28676602244377136,0.8411763195378078
8438,170,20,0.6,0.4,-0.06632861495018005,0.2532997131347656,0.6822864481050224
8439,170,21,0.6,0.4,-0.07823024690151215,0.1282307207584381,0.7306536860589729
8440,170,22,0.6,0.4,-0.059302933514118195,0.18768028914928436,0.6926471091082769
8441,170,23,0.6,0.4,-0.06022810935974121,0.25971129536628723,0.674968204463398
8442,170,24,0.6,0.4,-0.05503343045711517,0.2802667021751404,0.6658865200801356
8443,170,25,0.6,0.4,-0.09948709607124329,0.11786729097366333,0.7542420454156081
8444,170,26,0.6,0.4,-0.061514951288700104,0.2652674913406372,0.6750962003063982
8445,170,27,0.6,0.4,-0.020574115216732025,0.23568934202194214,0.6419581176386915
8446,170,28,0.6,0.4,-0.06787098944187164,0.2452172487974167,0.6855722854724405
8447,170,29,0.6,0.4,-0.051455192267894745,0.23667189478874207,0.671617404096037
8448,170,30,0.6,0.4,-0.0857493132352829,0.18350322544574738,0.7191126295616403
8449,170,31,0.6,0.4,-0.06649543344974518,0.16027790307998657,0.7082957338295156
8450,170,32,0.6,0.4,-0.08864457905292511,0.2294493019580841,0.7094497141176147
8451,170,33,0.6,0.4,-0.0453529879450798,0.258395254611969,0.6607059731575395
8452,170,34,0.6,0.4,-0.03832239657640457,0.2237468957901001,0.6622089086645321
8453,170,35,0.6,0.4,-0.05298923701047897,0.20047102868556976,0.682793346515124
8454,170,36,0.6,0.4,-0.08163769543170929,0.21447642147541046,0.7064339643746054
8455,170,37,0.6,0.4,-0.05706707388162613,0.35896989703178406,0.6583468758404984
8456,170,38,0.6,0.4,-0.06816830486059189,0.17029452323913574,0.7065504155219307
8457,170,39,0.6,0.4,-0.09676563739776611,0.15011534094810486,0.7402193568718648
8458,170,40,0.6,0.4,-0.0989285260438919,0.13081049919128418,0.7489753479678306
8459,170,41,0.6,0.4,-0.06690710783004761,0.20585742592811584,0.694590836062135
8460,170,42,0.6,0.4,-0.05782872438430786,0.254214882850647,0.6737892333714871
8461,170,43,0.6,0.4,-0.017030365765094757,0.33413591980934143,0.6205356954564082
8462,170,44,0.6,0.4,-0.06180986016988754,0.2640722393989563,0.6756246347788842
8463,170,45,0.6,0.4,-0.0026038289070129395,0.2129194587469101,0.6309758343462463
8464,170,46,0.6,0.4,-0.07834199070930481,0.24360989034175873,0.6961362817425761
8465,170,47,0.6,0.4,-0.025017589330673218,0.17368172109127045,0.664730735216099
8466,170,48,0.6,0.4,-0.08466911315917969,0.19157809019088745,0.7156895185781719
8467,170,49,0.6,0.4,0.012039568275213242,0.3123352527618408,0.5944599037633471
8468,171,0,0.8,0.4,-0.13667535781860352,0.17486533522605896,0.9633516197253648
8469,171,1,0.8,0.4,-0.06844447553157806,0.17885038256645203,0.8961601198292202
8470,171,2,0.8,0.4,-0.09957203269004822,0.10075037181377411,0.9480401795112376
8471,171,3,0.8,0.4,-0.09700381755828857,0.28412437438964844,0.9044573009958701
8472,171,4,0.8,0.4,-0.13113199174404144,-0.19266997277736664,1.1037501903425204
8473,171,5,0.8,0.4,-0.0894446074962616,0.12399463355541229,0.9312844206312001
8474,171,6,0.8,0.4,-0.1596544086933136,0.22930677235126495,0.9747167599306253
8475,171,7,0.8,0.4,-0.027060650289058685,0.1459961235523224,0.8651862738780637
8476,171,8,0.8,0.4,-0.14140555262565613,0.18268907070159912,0.9661617123996126
8477,171,9,0.8,0.4,-0.10848216712474823,-0.00903255119919777,0.9963169555539058
8478,171,10,0.8,0.4,-0.06429175287485123,0.19119969010353088,0.8891556688793838
8479,171,11,0.8,0.4,-0.22374017536640167,0.22511641681194305,1.0385702741403322
8480,171,12,0.8,0.4,-0.11899173259735107,0.04516301304101944,0.985116790993032
8481,171,13,0.8,0.4,-0.107883021235466,0.23229540884494781,0.9232423355447479
8482,171,14,0.8,0.4,-0.17039106786251068,0.16632989048957825,0.9981285211163723
8483,171,15,0.8,0.4,-0.11338865756988525,0.12992359697818756,0.9524810251372557
8484,171,16,0.8,0.4,0.06573206186294556,0.14461128413677216,0.7774141760775332
8485,171,17,0.8,0.4,-0.1251750886440277,0.11227898299694061,0.9688819991478629
8486,171,18,0.8,0.4,-0.14424148201942444,0.18586255609989166,0.9682183747720919
8487,171,19,0.8,0.4,-0.23760278522968292,-0.07494039833545685,1.1411344889571247
8488,171,20,0.8,0.4,-0.027968421578407288,0.28504765033721924,0.8359101326243351
8489,171,21,0.8,0.4,-0.12367360293865204,0.08817654848098755,0.9748880908508939
8490,171,22,0.8,0.4,-0.1735687553882599,0.2980421781539917,0.9788930068724712
8491,171,23,0.8,0.4,-0.10234735906124115,0.11320085823535919,0.9468286561578769
8492,171,24,0.8,0.4,-0.12485310435295105,0.11415059864521027,0.9680202192548368
8493,171,25,0.8,0.4,-0.1147354245185852,0.06988058239221573,0.9724812217986006
8494,171,26,0.8,0.4,-0.11749215424060822,0.11544671654701233,0.9606052384913111
8495,171,27,0.8,0.4,-0.17151686549186707,0.15798689424991608,1.0012069532768657
8496,171,28,0.8,0.4,-0.14891177415847778,0.2841585576534271,0.9559564816985784
8497,171,29,0.8,0.4,-0.1662539392709732,0.1768467277288437,0.9916874800470149
8498,171,30,0.8,0.4,-0.10627304017543793,0.19402550160884857,0.9293849134434653
8499,171,31,0.8,0.4,-0.12657691538333893,0.11482085287570953,0.9694699201500999
8500,171,32,0.8,0.4,-0.17290501296520233,0.2047213912010193,0.9923093768111264
8501,171,33,0.8,0.4,-0.03756793588399887,0.1982332020998001,0.8615276478186191
8502,171,34,0.8,0.4,-0.13188515603542328,0.1373741626739502,0.9681850414411359
8503,171,35,0.8,0.4,-0.14679773151874542,0.138081893324852,0.9823578976184477
8504,171,36,0.8,0.4,-0.13183309137821198,0.11907437443733215,0.9732585048615047
8505,171,37,0.8,0.4,-0.14374776184558868,0.16291432082653046,0.973072174742297
8506,171,38,0.8,0.4,-0.1429869681596756,0.11223351955413818,0.9859178309510259
8507,171,39,0.8,0.4,-0.17804110050201416,0.1718875616788864,1.0042906346212708
8508,171,40,0.8,0.4,-0.029223062098026276,0.07611984014511108,0.8902298830430574
8509,171,41,0.8,0.4,-0.19468285143375397,0.25953802466392517,1.0045514130454924
8510,171,42,0.8,0.4,-0.046775877475738525,0.09904439747333527,0.8986677146570888
8511,171,43,0.8,0.4,-0.08560968935489655,0.16777394711971283,0.9155509060208692
8512,171,44,0.8,0.4,-0.031645432114601135,-0.045474354177713394,0.943441320372991
8513,171,45,0.8,0.4,-0.11090847849845886,0.28427547216415405,0.9182300488130449
8514,171,46,0.8,0.4,-0.0432840958237648,0.3103484809398651,0.8480362381048904
8515,171,47,0.8,0.4,-0.051675863564014435,0.1437695473432541,0.8893850805169776
8516,171,48,0.8,0.4,-0.16882118582725525,0.209849551320076,0.9873052634524468
8517,171,49,0.8,0.4,-0.13001906871795654,0.12803715467453003,0.9689681405580581
8518,172,0,1.0,0.4,-0.19843138754367828,0.10062192380428314,1.235259091509354
8519,172,1,1.0,0.4,-0.16948334872722626,0.06634089350700378,1.2161495394465072
8520,172,2,1.0,0.4,-0.3319578766822815,0.06063072383403778,1.3745120191767626
8521,172,3,1.0,0.4,-0.2963014245033264,0.058132074773311615,1.3406233853950758
8522,172,4,1.0,0.4,-0.1712908297777176,0.04700371250510216,1.223326852033648
8523,172,5,1.0,0.4,-0.2750338315963745,0.07474051415920258,1.3158666364205576
8524,172,6,1.0,0.4,-0.29450130462646484,0.004151083528995514,1.3536727789059244
8525,172,7,1.0,0.4,-0.26810550689697266,0.04852431267499924,1.3159128905071984
8526,172,8,1.0,0.4,-0.26162660121917725,0.021071840077638626,1.3173033937882341
8527,172,9,1.0,0.4,-0.21066702902317047,0.05037352442741394,1.2601402015589767
8528,172,10,1.0,0.4,-0.10961918532848358,0.06456784158945084,1.1592107096404032
8529,172,11,1.0,0.4,-0.2478734701871872,0.030166208744049072,1.30152419522334
8530,172,12,1.0,0.4,-0.29005324840545654,0.01648903451859951,1.34585216289381
8531,172,13,1.0,0.4,-0.4905238151550293,-0.08373601734638214,1.5670551292224673
8532,172,14,1.0,0.4,-0.38524723052978516,-0.08913220465183258,1.469067800790012
8533,172,15,1.0,0.4,-0.5188424587249756,-0.049783650785684586,1.5840415862406605
8534,172,16,1.0,0.4,-0.31576818227767944,0.046515196561813354,1.3624233614247967
8535,172,17,1.0,0.4,-0.27228909730911255,0.019478285685181618,1.3279745186549043
8536,172,18,1.0,0.4,-0.2696263790130615,0.11029334366321564,1.302259992863045
8537,172,19,1.0,0.4,-0.2764091491699219,0.07440485060214996,1.3172822466715675
8538,172,20,1.0,0.4,-0.2574384808540344,0.08226887881755829,1.2969597520741933
8539,172,21,1.0,0.4,-0.16301505267620087,0.09401266276836395,1.202593972751208
8540,172,22,1.0,0.4,-0.2551349997520447,0.0701543465256691,1.297752681645649
8541,172,23,1.0,0.4,-0.19840003550052643,0.08208601176738739,1.239851583457322
8542,172,24,1.0,0.4,-0.040342338383197784,0.12898769974708557,1.0750627181336891
8543,172,25,1.0,0.4,0.013436928391456604,0.10872963070869446,1.0286618114272432
8544,172,26,1.0,0.4,-0.18878990411758423,0.1132502555847168,1.2228846438050178
8545,172,27,1.0,0.4,-0.460101842880249,-0.056995052844285965,1.5299483226261112
8546,172,28,1.0,0.4,-0.3223798871040344,0.027539372444152832,1.373832407863701
8547,172,29,1.0,0.4,-0.17631036043167114,0.13224847614765167,1.2063983349558067
8548,172,30,1.0,0.4,0.14849844574928284,0.062230147421360016,0.9160476899170605
8549,172,31,1.0,0.4,-0.48232191801071167,-0.07360196113586426,1.5561417307580603
8550,172,32,1.0,0.4,-0.3258795738220215,0.03757798671722412,1.374520410903529
8551,172,33,1.0,0.4,-0.18293239176273346,0.08953419327735901,1.2229955276391822
8552,172,34,1.0,0.4,-0.28668397665023804,0.08658069372177124,1.3243063532719295
8553,172,35,1.0,0.4,-0.34809255599975586,0.08512797951698303,1.384376368197974
8554,172,36,1.0,0.4,-0.2861623167991638,0.10264468193054199,1.3200885160997278
8555,172,37,1.0,0.4,-0.1344141662120819,0.17539195716381073,1.1564360221859904
8556,172,38,1.0,0.4,-0.11583484709262848,0.14870412647724152,1.1437818944343348
8557,172,39,1.0,0.4,-0.286018431186676,0.12253385782241821,1.3156104535183466
8558,172,40,1.0,0.4,-0.3013559579849243,0.04632515832781792,1.3485596846319792
8559,172,41,1.0,0.4,-0.31628578901290894,0.0553719624876976,1.3606530647438815
8560,172,42,1.0,0.4,-0.13552157580852509,0.12655867636203766,1.1679809102033976
8561,172,43,1.0,0.4,-0.2657619118690491,0.08131271600723267,1.3052642653949724
8562,172,44,1.0,0.4,-0.31020140647888184,0.09117206931114197,1.3461063911566582
8563,172,45,1.0,0.4,-0.37270283699035645,0.06098994240164757,1.4139451537574614
8564,172,46,1.0,0.4,-0.17974905669689178,0.06612871587276459,1.2260823264128617
8565,172,47,1.0,0.4,-0.2847309708595276,0.03354063257575035,1.3359738528349443
8566,172,48,1.0,0.4,-0.2719860076904297,0.08235831558704376,1.311047155306375
8567,172,49,1.0,0.4,-0.3652230501174927,0.054927222430706024,1.4081580871448693
8568,173,0,-0.5,0.5,0.37237846851348877,0.27657970786094666,0.9005336302800913
8569,173,1,-0.5,0.5,0.36414194107055664,0.21607336401939392,0.9095909129583766
8570,173,2,-0.5,0.5,0.3594712018966675,0.1925913244485855,0.912792879405825
8571,173,3,-0.5,0.5,0.36035972833633423,0.25166136026382446,0.8954836358800672
8572,173,4,-0.5,0.5,0.3712306022644043,0.23777641355991364,0.9098373324982318
8573,173,5,-0.5,0.5,0.4047355055809021,0.23247705399990082,0.9434589878183908
8574,173,6,-0.5,0.5,0.3780350089073181,0.25874102115631104,0.9105774935388936
8575,173,7,-0.5,0.5,0.3739358186721802,0.2735512852668762,0.902797228375507
8576,173,8,-0.5,0.5,0.35848861932754517,0.2181120663881302,0.9035837075948662
8577,173,9,-0.5,0.5,0.27937984466552734,0.2114315778017044,0.831086443494824
8578,173,10,-0.5,0.5,0.3688262104988098,0.2649689018726349,0.9000547767423255
8579,173,11,-0.5,0.5,0.35660266876220703,0.21466973423957825,0.9028740181716651
8580,173,12,-0.5,0.5,0.3541805148124695,0.250972181558609,0.8897410894428636
8581,173,13,-0.5,0.5,0.3637039065361023,0.22565779089927673,0.9062273919166144
8582,173,14,-0.5,0.5,0.3804584741592407,0.2558731138706207,0.9136766721603684
8583,173,15,-0.5,0.5,0.36695098876953125,0.187183678150177,0.9216604950545075
8584,173,16,-0.5,0.5,0.32053035497665405,0.21773162484169006,0.8677243220358792
8585,173,17,-0.5,0.5,0.3618149161338806,0.23257127404212952,0.9023541838647935
8586,173,18,-0.5,0.5,0.3603048324584961,0.25499552488327026,0.8945119326083164
8587,173,19,-0.5,0.5,0.3498266339302063,0.19710947573184967,0.9021906547003132
8588,173,20,-0.5,0.5,0.3517054319381714,0.24784137308597565,0.8882489042605981
8589,173,21,-0.5,0.5,0.34881591796875,0.26179763674736023,0.8816058237422632
8590,173,22,-0.5,0.5,0.3586963415145874,0.23471699655056,0.8987404958327473
8591,173,23,-0.5,0.5,0.3606545329093933,0.19719545543193817,0.9123687945280446
8592,173,24,-0.5,0.5,0.3031158447265625,0.2477697879076004,0.8417928129552051
8593,173,25,-0.5,0.5,0.34464919567108154,0.2834869623184204,0.8719576590832322
8594,173,26,-0.5,0.5,0.30757468938827515,0.24442850053310394,0.8470499809812445
8595,173,27,-0.5,0.5,0.3483348488807678,0.28064122796058655,0.8762364331025014
8596,173,28,-0.5,0.5,0.3361881971359253,0.2736198306083679,0.8662901835546869
8597,173,29,-0.5,0.5,0.3299761414527893,0.27599939703941345,0.8596724175565753
8598,173,30,-0.5,0.5,0.276224821805954,0.22368057072162628,0.8239401683280232
8599,173,31,-0.5,0.5,0.35660260915756226,0.25812533497810364,0.8900962777110114
8600,173,32,-0.5,0.5,0.353499174118042,0.2762760818004608,0.8823339684012703
8601,173,33,-0.5,0.5,0.30926305055618286,0.2187134474515915,0.8567548130241625
8602,173,34,-0.5,0.5,0.3604394197463989,0.24612654745578766,0.8971107651568105
8603,173,35,-0.5,0.5,0.3464161157608032,0.2659711241722107,0.8781741033193955
8604,173,36,-0.5,0.5,0.31761783361434937,0.2815050780773163,0.8463090172922781
8605,173,37,-0.5,0.5,0.33282583951950073,0.25884267687797546,0.8670384844208138
8606,173,38,-0.5,0.5,0.3419559597969055,0.2774985134601593,0.8708597761694861
8607,173,39,-0.5,0.5,0.32541877031326294,0.2552736699581146,0.8609338667988552
8608,173,40,-0.5,0.5,0.3616766333580017,0.23576177656650543,0.9012815648832886
8609,173,41,-0.5,0.5,0.3305675983428955,0.24537260830402374,0.8687218450223188
8610,173,42,-0.5,0.5,0.3416825532913208,0.2647019624710083,0.8739534810160046
8611,173,43,-0.5,0.5,0.34565120935440063,0.28301775455474854,0.8730448228590693
8612,173,44,-0.5,0.5,0.3153931498527527,0.24195455014705658,0.8552505147713163
8613,173,45,-0.5,0.5,0.3170631527900696,0.2572134733200073,0.8523716872260501
8614,173,46,-0.5,0.5,0.352283239364624,0.2775413393974304,0.8808374286887145
8615,173,47,-0.5,0.5,0.3679998517036438,0.2673400938510895,0.8986402920450248
8616,173,48,-0.5,0.5,0.30509331822395325,0.2226584255695343,0.8515242803093903
8617,173,49,-0.5,0.5,0.34354764223098755,0.256076455116272,0.8781066680432977
8618,174,0,-0.4,0.5,0.2854493260383606,0.29202327132225037,0.7163065672168175
8619,174,1,-0.4,0.5,0.2424742877483368,0.24567769467830658,0.6909797720641851
8620,174,2,-0.4,0.5,0.28366637229919434,0.2820294499397278,0.717572901736345
8621,174,3,-0.4,0.5,0.29095739126205444,0.3024374842643738,0.7186466893846053
8622,174,4,-0.4,0.5,0.3040240406990051,0.311958909034729,0.7287038505274717
8623,174,5,-0.4,0.5,0.3089672923088074,0.30917465686798096,0.734199518622244
8624,174,6,-0.4,0.5,0.31223154067993164,0.3062870502471924,0.7381046500607099
8625,174,7,-0.4,0.5,0.2663595974445343,0.2833535969257355,0.700693069090496
8626,174,8,-0.4,0.5,0.32676172256469727,0.31888052821159363,0.7489905636562568
8627,174,9,-0.4,0.5,0.3056139349937439,0.3058886229991913,0.7318266542962927
8628,174,10,-0.4,0.5,0.3150710463523865,0.31808608770370483,0.7378477301031976
8629,174,11,-0.4,0.5,0.3353884220123291,0.32713690400123596,0.7554321817265011
8630,174,12,-0.4,0.5,0.31774264574050903,0.30854278802871704,0.7428393968620691
8631,174,13,-0.4,0.5,0.31012076139450073,0.30716395378112793,0.7358377786474628
8632,174,14,-0.4,0.5,0.30636370182037354,0.3088841438293457,0.7317615388425548
8633,174,15,-0.4,0.5,0.30633270740509033,0.30608269572257996,0.7324683026919503
8634,174,16,-0.4,0.5,0.2927732467651367,0.30158278346061707,0.7206276176033953
8635,174,17,-0.4,0.5,0.320590615272522,0.31345635652542114,0.7443449239026236
8636,174,18,-0.4,0.5,0.3108220100402832,0.32104164361953735,0.7330034265104803
8637,174,19,-0.4,0.5,0.2652992010116577,0.2818600535392761,0.7001486007331855
8638,174,20,-0.4,0.5,0.3024531602859497,0.3030520975589752,0.729540210455625
8639,174,21,-0.4,0.5,0.3200586438179016,0.3104023039340973,0.7446017303836825
8640,174,22,-0.4,0.5,0.3043898642063141,0.30812621116638184,0.7300552250603769
8641,174,23,-0.4,0.5,0.30297863483428955,0.3019896447658539,0.7303335277894848
8642,174,24,-0.4,0.5,0.3113176226615906,0.3156331479549408,0.7348223570645778
8643,174,25,-0.4,0.5,0.2928316593170166,0.3024837374687195,0.7204362443105541
8644,174,26,-0.4,0.5,0.30445894598960876,0.3076712489128113,0.7302415730972514
8645,174,27,-0.4,0.5,0.30738627910614014,0.3048534393310547,0.7338102806642521
8646,174,28,-0.4,0.5,0.4099304676055908,0.3528982400894165,0.8231805938702649
8647,174,29,-0.4,0.5,0.317859411239624,0.31361594796180725,0.7416610743186375
8648,174,30,-0.4,0.5,0.31892621517181396,0.3124612867832184,0.742984301190998
8649,174,31,-0.4,0.5,0.32545655965805054,0.31705212593078613,0.7481691951539703
8650,174,32,-0.4,0.5,0.30056032538414,0.30555808544158936,0.727043621552017
8651,174,33,-0.4,0.5,0.3033967912197113,0.31129541993141174,0.7282694998673557
8652,174,34,-0.4,0.5,0.2959442138671875,0.29608985781669617,0.7252018304585509
8653,174,35,-0.4,0.5,0.3155912160873413,0.31427159905433655,0.7393009045437406
8654,174,36,-0.4,0.5,0.3171030879020691,0.3108959197998047,0.7416179554373293
8655,174,37,-0.4,0.5,0.32355475425720215,0.3239876925945282,0.744655500729296
8656,174,38,-0.4,0.5,0.31097060441970825,0.30573371052742004,0.7370336434480923
8657,174,39,-0.4,0.5,0.2893955707550049,0.2946936786174774,0.719316994499812
8658,174,40,-0.4,0.5,0.31201857328414917,0.30950093269348145,0.7370619671006291
8659,174,41,-0.4,0.5,0.307187557220459,0.30922508239746094,0.7324679585304026
8660,174,42,-0.4,0.5,0.3068521022796631,0.3001893162727356,0.7345503412488052
8661,174,43,-0.4,0.5,0.2990477383136749,0.2998405396938324,0.7271392920146184
8662,174,44,-0.4,0.5,0.29787367582321167,0.30684685707092285,0.724110353489288
8663,174,45,-0.4,0.5,0.3152748942375183,0.3204500675201416,0.7374661704647981
8664,174,46,-0.4,0.5,0.2854253053665161,0.3072512447834015,0.7120111880260942
8665,174,47,-0.4,0.5,0.3068578243255615,0.3099805414676666,0.7319531258428968
8666,174,48,-0.4,0.5,0.2774936258792877,0.296136736869812,0.7075011259080459
8667,175,0,-0.3,0.5,0.22302274405956268,0.27854859828948975,0.5679731632068056
8668,175,1,-0.3,0.5,0.23502106964588165,0.27801868319511414,0.5792436879029883
8669,175,2,-0.3,0.5,0.25113916397094727,0.2893269956111908,0.5900317727383857
8670,175,3,-0.3,0.5,0.23294804990291595,0.2807183861732483,0.576296841964092
8671,175,4,-0.3,0.5,0.23884737491607666,0.2821555435657501,0.5812165694928877
8672,175,5,-0.3,0.5,0.19727885723114014,0.268373966217041,0.548577142592665
8673,175,6,-0.3,0.5,0.21616928279399872,0.2879936695098877,0.5580120183902438
8674,175,7,-0.3,0.5,0.22121961414813995,0.28154972195625305,0.5651463617065284
8675,175,8,-0.3,0.5,0.20240217447280884,0.25693055987358093,0.5581135168031478
8676,175,9,-0.3,0.5,0.2758691608905792,0.2983524203300476,0.6101532896343096
8677,175,10,-0.3,0.5,0.24790826439857483,0.30807891488075256,0.580549023864142
8678,175,11,-0.3,0.5,0.24244841933250427,0.29326942563056946,0.580506518495225
8679,175,12,-0.3,0.5,0.21966388821601868,0.28732970356941223,0.5614972944722574
8680,175,13,-0.3,0.5,0.2229374349117279,0.28743699193000793,0.5644879035301121
8681,175,14,-0.3,0.5,0.22650717198848724,0.27686741948127747,0.5718373463182155
8682,175,15,-0.3,0.5,0.171880304813385,0.25726526975631714,0.5306516478229825
8683,175,16,-0.3,0.5,0.20250222086906433,0.2790442407131195,0.5489352689893261
8684,175,17,-0.3,0.5,0.20675233006477356,0.2788279056549072,0.5529150200013306
8685,175,18,-0.3,0.5,0.24001647531986237,0.2838221788406372,0.5816791589683242
8686,175,19,-0.3,0.5,0.23207241296768188,0.27767130732536316,0.5766550964204379
8687,175,20,-0.3,0.5,0.24232201278209686,0.3019873797893524,0.5773405955852325
8688,175,21,-0.3,0.5,0.2329840511083603,0.2838817536830902,0.5751339801532993
8689,175,22,-0.3,0.5,0.22964328527450562,0.28161710500717163,0.5728988553504187
8690,175,23,-0.3,0.5,0.22822970151901245,0.2828575074672699,0.5711194968044707
8691,175,24,-0.3,0.5,0.2640654444694519,0.28033095598220825,0.6053299220625153
8692,175,25,-0.3,0.5,0.21379271149635315,0.2783556878566742,0.5595615707786435
8693,175,26,-0.3,0.5,0.27416032552719116,0.2803457975387573,0.6147422614953154
8694,175,27,-0.3,0.5,0.25558316707611084,0.28101059794425964,0.5971842376947439
8695,175,28,-0.3,0.5,0.26064401865005493,0.28955310583114624,0.5988402215227363
8696,175,29,-0.3,0.5,0.0010780617594718933,0.15978221595287323,0.454308419308709
8697,175,30,-0.3,0.5,0.2529247999191284,0.28627729415893555,0.5927927372679548
8698,175,31,-0.3,0.5,0.24881555140018463,0.2936152517795563,0.5863387875253561
8699,175,32,-0.3,0.5,0.253412663936615,0.28651994466781616,0.5931604425701811
8700,175,33,-0.3,0.5,0.21898876130580902,0.2668706774711609,0.5689451778374552
8701,175,34,-0.3,0.5,0.2230297178030014,0.2846516966819763,0.5656279496692493
8702,175,35,-0.3,0.5,0.2805206775665283,0.3111787438392639,0.6104569795328902
8703,175,36,-0.3,0.5,0.2216455042362213,0.2562794089317322,0.5757723148958513
8704,175,37,-0.3,0.5,0.23919406533241272,0.28204530477523804,0.5815793060797583
8705,175,38,-0.3,0.5,0.22311639785766602,0.2625386118888855,0.5744899272844018
8706,175,39,-0.3,0.5,0.2501869201660156,0.2822631299495697,0.5917051560541987
8707,175,40,-0.3,0.5,0.23261602222919464,0.26732805371284485,0.5812194608960567
8708,175,41,-0.3,0.5,0.19669386744499207,0.2608764171600342,0.551257549451874
8709,175,42,-0.3,0.5,0.21142679452896118,0.26297587156295776,0.5636823605750918
8710,175,43,-0.3,0.5,-0.043539874255657196,0.12421239912509918,0.4549594675002575
8711,175,44,-0.3,0.5,0.2425694763660431,0.28019100427627563,0.5854038189875383
8712,175,45,-0.3,0.5,0.2321835309267044,0.28176644444465637,0.5751914423563182
8713,175,46,-0.3,0.5,0.27230021357536316,0.29242557287216187,0.6087813049493689
8714,175,47,-0.3,0.5,0.25422224402427673,0.28666532039642334,0.5938636049572878
8715,175,48,-0.3,0.5,0.27958348393440247,0.3183220326900482,0.6073910590841914
8716,175,49,-0.3,0.5,0.1661638617515564,0.36704495549201965,0.4847533288830962
8717,176,0,-0.2,0.5,-0.004870142787694931,0.27087467908859253,0.30095526886640483
8718,176,1,-0.2,0.5,0.0007710792124271393,0.27722182869911194,0.299898549273401
8719,176,2,-0.2,0.5,-0.00814683735370636,0.27226611971855164,0.2977756810846552
8720,176,3,-0.2,0.5,-0.009814903140068054,0.2735004127025604,0.2957573906321398
8721,176,4,-0.2,0.5,-0.004474017769098282,0.2753892242908478,0.29779256251966063
8722,176,5,-0.2,0.5,0.013358183205127716,0.2855205535888672,0.3025279280883318
8723,176,6,-0.2,0.5,-0.008991822600364685,0.26700571179389954,0.3012813671141944
8724,176,7,-0.2,0.5,-0.006733063608407974,0.2729584574699402,0.29816098124439533
8725,176,8,-0.2,0.5,-0.004117760807275772,0.2742379903793335,0.2988951933690429
8726,176,9,-0.2,0.5,-0.006369117647409439,0.2710200548171997,0.29987453025650745
8727,176,10,-0.2,0.5,-0.002478279173374176,0.2699905335903168,0.30318176864115476
8728,176,11,-0.2,0.5,0.01339452713727951,0.28589296340942383,0.30228967453378464
8729,176,12,-0.2,0.5,-0.00011055916547775269,0.27683311700820923,0.29959847499847125
8730,176,13,-0.2,0.5,-0.009973600506782532,0.2674677073955536,0.300302013992973
8731,176,14,-0.2,0.5,3.006681799888611e-05,0.2756463885307312,0.300577062681963
8732,176,15,-0.2,0.5,0.005661483854055405,0.27977338433265686,0.3013244234862876
8733,176,16,-0.2,0.5,-0.0025614872574806213,0.2772756814956665,0.29763751169366703
8734,176,17,-0.2,0.5,0.010164238512516022,0.28647494316101074,0.2996029990631591
8735,176,18,-0.2,0.5,-0.010254628956317902,0.27046293020248413,0.2978096241623737
8736,176,19,-0.2,0.5,-0.0011044293642044067,0.2782149016857147,0.2979061561176874
8737,176,20,-0.2,0.5,0.00397738441824913,0.2824590504169464,0.2982127396668473
8738,176,21,-0.2,0.5,-0.004797451198101044,0.27495571970939636,0.2979076419803183
8739,176,22,-0.2,0.5,-0.007505528628826141,0.2695794403553009,0.30024615870222887
8740,176,23,-0.2,0.5,0.018211208283901215,0.28696492314338684,0.30495913724960466
8741,176,24,-0.2,0.5,0.008072983473539352,0.28292229771614075,0.30069435525200605
8742,176,25,-0.2,0.5,-0.0005190782248973846,0.28769391775131226,0.29131857254907584
8743,176,26,-0.2,0.5,-0.00701865553855896,0.26789066195487976,0.3018551707655333
8744,176,27,-0.2,0.5,0.010159697383642197,0.2818901240825653,0.3028844934576592
8745,176,28,-0.2,0.5,0.006670430302619934,0.2794177532196045,0.3022733768563771
8746,176,29,-0.2,0.5,0.009066764265298843,0.2766934633255005,0.305899854923015
8747,176,30,-0.2,0.5,-0.006236664950847626,0.26889768242836,0.30158334038264323
8748,176,31,-0.2,0.5,0.021160144358873367,0.2869648039340973,0.30707621890285697
8749,176,32,-0.2,0.5,0.014095425605773926,0.29331666231155396,0.2975816750798908
8750,176,33,-0.2,0.5,-0.054134801030159,0.1945154070854187,0.33852251443397197
8751,176,34,-0.2,0.5,0.011445872485637665,0.28623896837234497,0.30067114200357153
8752,176,35,-0.2,0.5,0.0028157196938991547,0.28417232632637024,0.29616853458516673
8753,176,36,-0.2,0.5,0.11964911967515945,0.3638728857040405,0.3474279075659433
8754,176,37,-0.2,0.5,-0.00937081128358841,0.2712794542312622,0.29774582389586346
8755,176,38,-0.2,0.5,0.0312509723007679,0.30208274722099304,0.3043817523072628
8756,176,39,-0.2,0.5,-0.009004272520542145,0.2705715298652649,0.29852435549511264
8757,176,40,-0.2,0.5,-0.0016944445669651031,0.2788371741771698,0.2970489670770528
8758,176,41,-0.2,0.5,-0.006819508969783783,0.2724427878856659,0.29849788424698004
8759,176,42,-0.2,0.5,0.02235572040081024,0.2651805579662323,0.32339176976542444
8760,176,43,-0.2,0.5,0.010057114064693451,0.2769660949707031,0.30637903642678466
8761,176,44,-0.2,0.5,-0.04157974570989609,0.22611431777477264,0.3164021869351086
8762,176,45,-0.2,0.5,0.0037320517003536224,0.27823320031166077,0.30114325882218174
8763,176,46,-0.2,0.5,-0.0007744580507278442,0.27263835072517395,0.30229809150232856
8764,176,47,-0.2,0.5,-0.00859871506690979,0.26827454566955566,0.30055139004617637
8765,176,48,-0.2,0.5,0.0034041106700897217,0.2835645079612732,0.2970144010844186
8766,176,49,-0.2,0.5,0.007686644792556763,0.2834799587726593,0.3000244501341165
8767,177,0,-0.1,0.5,-0.0500643253326416,0.2821327745914459,0.22351666495298728
8768,177,1,-0.1,0.5,-0.034421272575855255,0.3416723906993866,0.17137153018345247
8769,177,2,-0.1,0.5,-0.07178384065628052,0.27057358622550964,0.23115499342548027
8770,177,3,-0.1,0.5,-0.050041936337947845,0.2746482193470001,0.23082294766409042
8771,177,4,-0.1,0.5,-0.04524959623813629,0.2748487591743469,0.23171251143910707
8772,177,5,-0.1,0.5,-0.04346372187137604,0.29956966638565063,0.2082514570834896
8773,177,6,-0.1,0.5,-0.07179524004459381,0.2677103877067566,0.23399566761691856
8774,177,7,-0.1,0.5,-0.0010732822120189667,0.4150811433792114,0.1303752572464764
8775,177,8,-0.1,0.5,-0.06389129161834717,0.28064510226249695,0.22230701739356243
8776,177,9,-0.1,0.5,-0.06886579096317291,0.2772439420223236,0.22492132032802664
8777,177,10,-0.1,0.5,-0.04646386206150055,0.2781611382961273,0.22820735883717683
8778,177,11,-0.1,0.5,-0.04337439686059952,0.32224515080451965,0.1865562792923595
8779,177,12,-0.1,0.5,-0.05723775923252106,0.3892451524734497,0.11872339906726577
8780,177,13,-0.1,0.5,-0.0756518542766571,0.26428139209747314,0.23697277124528535
8781,177,14,-0.1,0.5,-0.047484517097473145,0.3493996560573578,0.15949401098513927
8782,177,15,-0.1,0.5,-0.0319254994392395,0.3960908353328705,0.12422259105499942
8783,177,16,-0.1,0.5,-0.06758701801300049,0.27817535400390625,0.2241802287727039
8784,177,17,-0.1,0.5,-0.044857196509838104,0.27292653918266296,0.2336730309306517
8785,177,18,-0.1,0.5,-0.06715038418769836,0.3075229823589325,0.1952600818882744
8786,177,19,-0.1,0.5,-0.04249498248100281,0.2952442765235901,0.2126775336894055
8787,177,20,-0.1,0.5,-0.07910874485969543,0.2731630206108093,0.22779697047974412
8788,177,21,-0.1,0.5,-0.03361160308122635,0.33000868558883667,0.18249511286793305
8789,177,22,-0.1,0.5,-0.047290802001953125,0.35605865716934204,0.15328851793102546
8790,177,23,-0.1,0.5,-0.0592319592833519,0.2742501199245453,0.22940148538742391
8791,177,24,-0.1,0.5,-0.0354415625333786,0.33527952432632446,0.176919831998263
8792,177,25,-0.1,0.5,-0.023555606603622437,0.3781837821006775,0.14381563275609283
8793,177,26,-0.1,0.5,-0.0460648387670517,0.35018259286880493,0.15923020158480736
8794,177,27,-0.1,0.5,-0.062415458261966705,0.29799479246139526,0.20547189990451917
8795,177,28,-0.1,0.5,-0.02381126582622528,0.37181782722473145,0.1491153668553007
8796,177,29,-0.1,0.5,-0.045241937041282654,0.3118489384651184,0.19595731018692222
8797,177,30,-0.1,0.5,-0.0459841713309288,0.2755200266838074,0.23088734951669615
8798,177,31,-0.1,0.5,-0.06768978387117386,0.28188174962997437,0.22049834741052515
8799,177,32,-0.1,0.5,-0.08280965685844421,0.300932914018631,0.19980793932784102
8800,177,33,-0.1,0.5,-0.0629577487707138,0.28094711899757385,0.22216276252242775
8801,177,34,-0.1,0.5,-0.03220470994710922,0.352371484041214,0.16245116213049732
8802,177,35,-0.1,0.5,-0.03703983873128891,0.332194060087204,0.17922838887017595
8803,177,36,-0.1,0.5,-0.0663638561964035,0.27486512064933777,0.22763370591855123
8804,177,37,-0.1,0.5,-0.07767444849014282,0.33792582154273987,0.16360461354379677
8805,177,38,-0.1,0.5,-0.03999944031238556,0.35726016759872437,0.15483774383777116
8806,177,39,-0.1,0.5,-0.06096351146697998,0.3080448508262634,0.19588421766773367
8807,177,40,-0.1,0.5,-0.0448724627494812,0.28234365582466125,0.22452912845125653
8808,177,41,-0.1,0.5,-0.03245279937982559,0.34457361698150635,0.16946971661578236
8809,177,42,-0.1,0.5,-0.03487275540828705,0.3081851005554199,0.20256977473710922
8810,177,43,-0.1,0.5,-0.038826778531074524,0.3131276071071625,0.19663024754696629
8811,177,44,-0.1,0.5,-0.04997533559799194,0.3162354528903961,0.19045176770755204
8812,177,45,-0.1,0.5,-0.03502638638019562,0.33864226937294006,0.17394794537427127
8813,177,46,-0.1,0.5,-0.07123066484928131,0.27770525217056274,0.22414867734958302
8814,177,47,-0.1,0.5,-0.05298636853694916,0.28040000796318054,0.2245761297331369
8815,177,48,-0.1,0.5,-0.040017932653427124,0.2927250564098358,0.2157794027322222
8816,177,49,-0.1,0.5,-0.042090095579624176,0.28778576850891113,0.2199737190605517
8817,178,0,0.0,0.5,0.0604703351855278,0.1882554143667221,0.3175552678024948
8818,178,1,0.0,0.5,0.05243721231818199,0.16669735312461853,0.33740230534161636
8819,178,2,0.0,0.5,0.05058041960000992,0.17794767022132874,0.3260001257097658
8820,178,3,0.0,0.5,0.06236770749092102,0.17122000455856323,0.3346431178735703
8821,178,4,0.0,0.5,0.04719768092036247,0.17065541446208954,0.332709298197989
8822,178,5,0.0,0.5,0.038188472390174866,0.12636226415634155,0.375584234320173
8823,178,6,0.0,0.5,0.057696808129549026,0.18562769889831543,0.31962300506738595
8824,178,7,0.0,0.5,0.09437156468629837,0.16380587220191956,0.34918832137866845
8825,178,8,0.0,0.5,0.05189361423254013,0.1646091192960739,0.3393817762601152
8826,178,9,0.0,0.5,0.04577626287937164,0.17567215859889984,0.3275423864953947
8827,178,10,0.0,0.5,0.04881208389997482,0.17152580618858337,0.3320811881674695
8828,178,11,0.0,0.5,0.04629935696721077,0.15468916296958923,0.348400925122509
8829,178,12,0.0,0.5,0.07276139408349991,0.17465327680110931,0.3333837290049261
8830,178,13,0.0,0.5,0.04081960767507553,0.16514962911605835,0.33732923272651655
8831,178,14,0.0,0.5,0.027402488514780998,0.09344245493412018,0.40747997966378374
8832,178,15,0.0,0.5,0.0069061219692230225,0.10779866576194763,0.39226213314410335
8833,178,16,0.0,0.5,0.05469159409403801,0.17842833697795868,0.3261893697276297
8834,178,17,0.0,0.5,0.04504510760307312,0.16415445506572723,0.33885290580305055
8835,178,18,0.0,0.5,0.035414353013038635,0.14416255056858063,0.35759539540826035
8836,178,19,0.0,0.5,0.05290581285953522,0.16507744789123535,0.3390754207331701
8837,178,20,0.0,0.5,0.050615344196558,0.16476242244243622,0.33903708716717057
8838,178,21,0.0,0.5,0.05069645121693611,0.16722561419010162,0.33661390645240175
8839,178,22,0.0,0.5,0.05265786871314049,0.17808882892131805,0.32618959701783684
8840,178,23,0.0,0.5,0.05574505403637886,0.17162632942199707,0.3330717318812715
8841,178,24,0.0,0.5,0.0478009395301342,0.1634356826543808,0.3399418619856728
8842,178,25,0.0,0.5,-0.015056021511554718,0.06769654154777527,0.43256556031833
8843,178,26,0.0,0.5,0.02750060148537159,0.14709432423114777,0.35397556281744574
8844,178,27,0.0,0.5,0.05422624573111534,0.1804618537425995,0.32410663775940657
8845,178,28,0.0,0.5,0.042369045317173004,0.15943200886249542,0.3431933749193362
8846,178,29,0.0,0.5,0.05607498437166214,0.18671822547912598,0.3182607014999337
8847,178,30,0.0,0.5,0.03591637313365936,0.15613479912281036,0.3457358272343007
8848,178,31,0.0,0.5,0.062463514506816864,0.17744584381580353,0.3285466090469392
8849,178,32,0.0,0.5,0.0360279455780983,0.1595490425825119,0.3423519640210389
8850,178,33,0.0,0.5,0.029508771374821663,0.15546973049640656,0.3457916629883812
8851,178,34,0.0,0.5,0.05239975079894066,0.1652536541223526,0.33882274121172656
8852,178,35,0.0,0.5,0.04520825296640396,0.15572339296340942,0.3472321533051071
8853,178,36,0.0,0.5,0.05181556195020676,0.16747641563415527,0.3365364565982782
8854,178,37,0.0,0.5,0.034096524119377136,0.11749213933944702,0.3840245258107043
8855,178,38,0.0,0.5,0.05644483119249344,0.1695413589477539,0.33524458595844064
8856,178,39,0.0,0.5,0.05976828187704086,0.17240296304225922,0.33300460378502994
8857,178,40,0.0,0.5,0.12974971532821655,0.14000459015369415,0.3826639305424055
8858,178,41,0.0,0.5,0.07158982008695602,0.17397454380989075,0.33379290049977334
8859,178,42,0.0,0.5,0.05853075906634331,0.18919500708580017,0.316268230110579
8860,178,43,0.0,0.5,0.03825545683503151,0.15376144647598267,0.34834554098489734
8861,178,44,0.0,0.5,0.03298341482877731,0.13379888236522675,0.3676835109312413
8862,178,45,0.0,0.5,0.05153319239616394,0.16985130310058594,0.3341464229689153
8863,178,46,0.0,0.5,0.027153383940458298,0.1546230912208557,0.3464426581373248
8864,178,47,0.0,0.5,0.05201262980699539,0.16589097678661346,0.33813333620340186
8865,178,48,0.0,0.5,0.05499928444623947,0.16584542393684387,0.33865056030301494
8866,178,49,0.0,0.5,0.058663807809352875,0.1685737818479538,0.3365780450731456
8867,179,0,0.1,0.5,0.013663023710250854,0.20040647685527802,0.31178574788646735
8868,179,1,0.1,0.5,-0.011730305850505829,0.14350512623786926,0.3735937047972371
8869,179,2,0.1,0.5,-0.010893791913986206,0.14070765674114227,0.37601651693709326
8870,179,3,0.1,0.5,-0.01104927808046341,0.14794281125068665,0.3691560731076515
8871,179,4,0.1,0.5,-0.008653931319713593,0.14907622337341309,0.367359733494426
8872,179,5,0.1,0.5,0.015078224241733551,0.18273048102855682,0.3284382067700228
8873,179,6,0.1,0.5,-0.021415263414382935,0.12804079055786133,0.3912739701012639
8874,179,7,0.1,0.5,-0.017944350838661194,0.1323075294494629,0.3861458568912928
8875,179,8,0.1,0.5,-0.0019475631415843964,0.1639523059129715,0.3511714087617562
8876,179,9,0.1,0.5,-0.02327519655227661,0.11630307137966156,0.40301378030742757
8877,179,10,0.1,0.5,-0.023918434977531433,0.1120038777589798,0.4073042712780574
8878,179,11,0.1,0.5,0.02098551020026207,0.2165205031633377,0.29428543070474983
8879,179,12,0.1,0.5,-0.003472156822681427,0.15934614837169647,0.3560218165600752
8880,179,13,0.1,0.5,-0.009907752275466919,0.14558131992816925,0.3710691509599041
8881,179,14,0.1,0.5,0.007162999361753464,0.16598713397979736,0.346674636156924
8882,179,15,0.1,0.5,0.0012940950691699982,0.17285732924938202,0.34170920779818226
8883,179,16,0.1,0.5,-0.015226207673549652,0.1358204483985901,0.381973591678053
8884,179,17,0.1,0.5,-0.013254955410957336,0.13946211338043213,0.3779077302904008
8885,179,18,0.1,0.5,0.015677329152822495,0.20852698385715485,0.30342516698225397
8886,179,19,0.1,0.5,-0.003043998032808304,0.1623813807964325,0.3529934809079467
8887,179,20,0.1,0.5,0.01599191129207611,0.20522576570510864,0.30651135080531344
8888,179,21,0.1,0.5,0.00789806991815567,0.19056741893291473,0.32284870721537545
8889,179,22,0.1,0.5,-0.008755184710025787,0.1269090324640274,0.38861878526164945
8890,179,23,0.1,0.5,-0.018349923193454742,0.13804727792739868,0.38081029048026316
8891,179,24,0.1,0.5,-0.008035331964492798,0.1490023136138916,0.36724788467883523
8892,179,25,0.1,0.5,0.01730026677250862,0.19843518733978271,0.31269886809947073
8893,179,26,0.1,0.5,-0.011390149593353271,0.12425413727760315,0.39190906952943555
8894,179,27,0.1,0.5,0.005877271294593811,0.11749958992004395,0.39391071548040685
8895,179,28,0.1,0.5,0.0014701560139656067,0.16791988909244537,0.3463889868576743
8896,179,29,0.1,0.5,-0.02578490972518921,0.1293313056230545,0.39142959073846656
8897,179,30,0.1,0.5,-0.006004810333251953,0.151625394821167,0.3641454178584381
8898,179,31,0.1,0.5,0.00751083716750145,0.1785956174135208,0.3344473387354911
8899,179,32,0.1,0.5,-0.005244661122560501,0.1362697184085846,0.3786504409628661
8900,179,33,0.1,0.5,-0.0009532235562801361,0.14981287717819214,0.3644483150415436
8901,179,34,0.1,0.5,0.006754674017429352,0.18446889519691467,0.3290206208064344
8902,179,35,0.1,0.5,0.021885830909013748,0.1982697993516922,0.3116776177335217
8903,179,36,0.1,0.5,-0.006620172411203384,0.15936727821826935,0.356929281950115
8904,179,37,0.1,0.5,-0.0004597865045070648,0.16964775323867798,0.3452894085325881
8905,179,38,0.1,0.5,0.07821334898471832,0.2709324061870575,0.23010132702292893
8906,179,39,0.1,0.5,0.00419173389673233,0.18637649714946747,0.3279312815117712
8907,179,40,0.1,0.5,0.004511356353759766,0.18412423133850098,0.32999330643649655
8908,179,41,0.1,0.5,-0.008044637739658356,0.15859092772006989,0.3580974705011703
8909,179,42,0.1,0.5,0.011457867920398712,0.1830194890499115,0.3291144990354888
8910,179,43,0.1,0.5,-0.0013628192245960236,0.15803402662277222,0.35667232590851927
8911,179,44,0.1,0.5,0.002269051969051361,0.1831691712141037,0.3315616266581311
8912,179,45,0.1,0.5,-0.0033204853534698486,0.1675989031791687,0.34808851153315623
8913,179,46,0.1,0.5,-0.010577268898487091,0.13561870157718658,0.3807900511270531
8914,179,47,0.1,0.5,0.02299058809876442,0.2230105847120285,0.28749536640256745
8915,179,48,0.1,0.5,0.01887059584259987,0.21128466725349426,0.2998975218001314
8916,180,0,0.2,0.5,-0.1285979449748993,0.26918643712997437,0.4015613405776037
8917,180,1,0.2,0.5,-0.16883017122745514,0.25363340973854065,0.4435450281591844
8918,180,2,0.2,0.5,-0.2072416990995407,0.22516648471355438,0.4913036358609468
8919,180,3,0.2,0.5,-0.14597997069358826,0.23678870499134064,0.43472097481174254
8920,180,4,0.2,0.5,-0.1400122493505478,0.2657467722892761,0.4128957548841007
8921,180,5,0.2,0.5,-0.21647484600543976,0.19625158607959747,0.5154749230703808
8922,180,6,0.2,0.5,-0.14191225171089172,0.2422109842300415,0.42820458255564725
8923,180,7,0.2,0.5,-0.1781233251094818,0.18874117732048035,0.48975432993256074
8924,180,8,0.2,0.5,-0.15291593968868256,0.26980361342430115,0.4213550010132245
8925,180,9,0.2,0.5,-0.2070646435022354,0.19955067336559296,0.5059361835890674
8926,180,10,0.2,0.5,-0.18073512613773346,0.21387019753456116,0.47626620721401897
8927,180,11,0.2,0.5,-0.20687483251094818,0.20117083191871643,0.5048227421847833
8928,180,12,0.2,0.5,-0.18896108865737915,0.1920660138130188,0.49609884936223897
8929,180,13,0.2,0.5,-0.11735519766807556,0.20013274252414703,0.4366173308436494
8930,180,14,0.2,0.5,-0.13294905424118042,0.24761222302913666,0.4177973943006236
8931,180,15,0.2,0.5,-0.15334628522396088,0.20381207764148712,0.46106494405086274
8932,180,16,0.2,0.5,-0.14787782728672028,0.25148722529411316,0.42752494887403714
8933,180,17,0.2,0.5,-0.15114924311637878,0.24064777791500092,0.4365425134412826
8934,180,18,0.2,0.5,-0.14004461467266083,0.25961434841156006,0.41643198899397393
8935,180,19,0.2,0.5,-0.1708354949951172,0.19354790449142456,0.4810736442478123
8936,180,20,0.2,0.5,-0.13143183290958405,0.26459062099456787,0.4065275336179945
8937,180,21,0.2,0.5,-0.13678714632987976,0.27207326889038086,0.4066646981080857
8938,180,22,0.2,0.5,-0.1784733235836029,0.18123877048492432,0.4948239869957613
8939,180,23,0.2,0.5,-0.08716969192028046,0.3038124740123749,0.3477872586952171
8940,180,24,0.2,0.5,-0.19901855289936066,0.2406882643699646,0.4758764354255853
8941,180,25,0.2,0.5,-0.14591902494430542,0.2436133474111557,0.43057413698935953
8942,180,26,0.2,0.5,-0.1344655603170395,0.2574407458305359,0.4131612310242067
8943,180,27,0.2,0.5,-0.16352733969688416,0.24211058020591736,0.44571187952400637
8944,180,28,0.2,0.5,-0.15581291913986206,0.24502955377101898,0.4377359499481802
8945,180,29,0.2,0.5,-0.17345504462718964,0.22597843408584595,0.4632024276097237
8946,180,30,0.2,0.5,-0.1426742523908615,0.23667319118976593,0.43216507435217094
8947,180,31,0.2,0.5,-0.1712190806865692,0.1865440309047699,0.48585826166404894
8948,180,32,0.2,0.5,-0.18192757666110992,0.23701751232147217,0.4637116158129048
8949,180,33,0.2,0.5,-0.12548431754112244,0.21178923547267914,0.43474761155713443
8950,180,34,0.2,0.5,-0.022531412541866302,0.23000943660736084,0.3498787416933944
8951,180,35,0.2,0.5,-0.17606091499328613,0.20234856009483337,0.4796021178677244
8952,180,36,0.2,0.5,-0.22296877205371857,0.19711549580097198,0.5202322606456866
8953,180,37,0.2,0.5,-0.20939312875270844,0.19590409100055695,0.5099775051314805
8954,180,38,0.2,0.5,-0.1520271599292755,0.24304261803627014,0.43583278613881943
8955,180,39,0.2,0.5,-0.17522156238555908,0.2523709237575531,0.4495679929440569
8956,180,40,0.2,0.5,-0.11010570824146271,0.3080247938632965,0.36471911117347416
8957,180,41,0.2,0.5,-0.20677925646305084,0.21593090891838074,0.49614978786307046
8958,180,42,0.2,0.5,-0.18637396395206451,0.23142863810062408,0.47054799590744917
8959,180,43,0.2,0.5,-0.14534905552864075,0.24254421889781952,0.4307545117319818
8960,180,44,0.2,0.5,-0.21722795069217682,0.19477635622024536,0.5169532237649593
8961,180,45,0.2,0.5,-0.17379917204380035,0.21630844473838806,0.46926188801924124
8962,180,46,0.2,0.5,-0.1409597098827362,0.2525460124015808,0.42129205990818086
8963,180,47,0.2,0.5,-0.13543479144573212,0.28361642360687256,0.3991720824969129
8964,180,48,0.2,0.5,-0.17592047154903412,0.21198664605617523,0.47356931169536215
8965,180,49,0.2,0.5,-0.20671962201595306,0.19319385290145874,0.5094613457665375
8966,181,0,0.3,0.5,-0.010280080139636993,0.4550672769546509,0.31351663070996666
8967,181,1,0.3,0.5,0.033847518265247345,0.4682237207889557,0.2680426746883154
8968,181,2,0.3,0.5,0.026081830263137817,0.4656302332878113,0.27606601488745897
8969,181,3,0.3,0.5,-0.1445128470659256,0.3748973608016968,0.46178170334156354
8970,181,4,0.3,0.5,-0.1113036572933197,0.39873823523521423,0.4235854618682508
8971,181,5,0.3,0.5,0.01870294287800789,0.4643814265727997,0.28354314860084723
8972,181,6,0.3,0.5,0.028824852779507637,0.4656835198402405,0.27333785189872783
8973,181,7,0.3,0.5,0.02394939586520195,0.45932525396347046,0.27903112910269195
8974,181,8,0.3,0.5,0.02512524649500847,0.45723268389701843,0.2781819071059119
8975,181,9,0.3,0.5,-0.14825135469436646,0.356311559677124,0.47071822236637006
8976,181,10,0.3,0.5,0.020267151296138763,0.46322476863861084,0.2821398310867521
8977,181,11,0.3,0.5,0.020434055477380753,0.46279430389404297,0.2820308159750509
8978,181,12,0.3,0.5,0.005152110010385513,0.458295077085495,0.2977827712051733
8979,181,13,0.3,0.5,0.03237032890319824,0.4698460102081299,0.2693230475688081
8980,181,14,0.3,0.5,0.021585866808891296,0.4607565999031067,0.2811662746698495
8981,181,15,0.3,0.5,-0.059562042355537415,0.4242340624332428,0.36745794262507786
8982,181,16,0.3,0.5,0.016411632299423218,0.4607395529747009,0.28629311028333154
8983,181,17,0.3,0.5,0.006105516105890274,0.45575079321861267,0.2972069312182458
8984,181,18,0.3,0.5,-0.004296246916055679,0.4560888111591339,0.30744820440623055
8985,181,19,0.3,0.5,0.024280056357383728,0.46398821473121643,0.27806174853893956
8986,181,20,0.3,0.5,0.02870718017220497,0.46414411067962646,0.27365203980433134
8987,181,21,0.3,0.5,0.012328848242759705,0.4574374258518219,0.2908027927504417
8988,181,22,0.3,0.5,0.012487191706895828,0.45571717619895935,0.2909030481386905
8989,181,23,0.3,0.5,0.012817032635211945,0.45428141951560974,0.290799321433102
8990,181,24,0.3,0.5,0.007658630609512329,0.45319676399230957,0.2960642145851084
8991,181,25,0.3,0.5,0.0217716284096241,0.4653327465057373,0.2803798231375927
8992,181,26,0.3,0.5,0.012954182922840118,0.4603208601474762,0.28977531855030453
8993,181,27,0.3,0.5,0.011193212121725082,0.45615166425704956,0.2921164789463158
8994,181,28,0.3,0.5,0.01199302077293396,0.45132747292518616,0.29209079919666786
8995,181,29,0.3,0.5,0.01513606309890747,0.45715248584747314,0.28806834608446763
8996,181,30,0.3,0.5,0.031176598742604256,0.4653133153915405,0.27105200082774067
8997,181,31,0.3,0.5,0.018392331898212433,0.45846718549728394,0.28465391867009937
8998,181,32,0.3,0.5,0.005854688584804535,0.45643141865730286,0.29735447786733854
8999,181,33,0.3,0.5,0.014581859111785889,0.4613195061683655,0.2880272482789494
9000,181,34,0.3,0.5,0.015003152191638947,0.463090717792511,0.2873769273511257
9001,181,35,0.3,0.5,0.01846330612897873,0.4597325921058655,0.2844017829310107
9002,181,36,0.3,0.5,0.018861547112464905,0.45660629868507385,0.2844676484344148
9003,181,37,0.3,0.5,0.029387325048446655,0.4614960849285126,0.273338199526278
9004,181,38,0.3,0.5,0.022505201399326324,0.4592701494693756,0.28046797317104755
9005,181,39,0.3,0.5,0.015897173434495926,0.45867496728897095,0.2870926233658338
9006,181,40,0.3,0.5,0.025771189481019974,0.46116843819618225,0.27696449359219016
9007,181,41,0.3,0.5,0.005818024277687073,0.4556507170200348,0.2975061238709559
9008,181,42,0.3,0.5,0.01127045601606369,0.4525013566017151,0.2926104418742592
9009,181,43,0.3,0.5,0.022489536553621292,0.4581388831138611,0.28064997849488404
9010,181,44,0.3,0.5,0.019256435334682465,0.4544835090637207,0.28440938811533933
9011,181,45,0.3,0.5,0.024321410804986954,0.4595315456390381,0.27863305679498623
9012,181,46,0.3,0.5,0.018304526805877686,0.45450273156166077,0.2853460023434896
9013,181,47,0.3,0.5,0.02316819131374359,0.46035584807395935,0.27965605497188695
9014,181,48,0.3,0.5,0.018606550991535187,0.45716747641563416,0.28463467501603656
9015,182,0,0.4,0.5,-0.0699748545885086,0.23393726348876953,0.5400608703704929
9016,182,1,0.4,0.5,-0.03950513154268265,0.2470754235982895,0.5070853991196507
9017,182,2,0.4,0.5,-0.07700945436954498,0.22810675203800201,0.5490573356629119
9018,182,3,0.4,0.5,-0.0543178915977478,0.2396407276391983,0.5236331705784777
9019,182,4,0.4,0.5,-0.04479850083589554,0.24169692397117615,0.5143599765065441
9020,182,5,0.4,0.5,-0.05594273656606674,0.2449154108762741,0.5224480133331677
9021,182,6,0.4,0.5,-0.07573676109313965,0.23021410405635834,0.5469094033800338
9022,182,7,0.4,0.5,-0.07311044633388519,0.2373884916305542,0.5411083983439211
9023,182,8,0.4,0.5,-0.08435551822185516,0.21981096267700195,0.5595589018753524
9024,182,9,0.4,0.5,-0.06909412145614624,0.23961490392684937,0.5365162560833898
9025,182,10,0.4,0.5,-0.038103602826595306,0.24158088862895966,0.508640544915013
9026,182,11,0.4,0.5,-0.027443289756774902,0.253943532705307,0.4932053842524821
9027,182,12,0.4,0.5,-0.07666578888893127,0.22260268032550812,0.5515066157896018
9028,182,13,0.4,0.5,-0.015649549663066864,0.2483450472354889,0.4858958359422507
9029,182,14,0.4,0.5,-0.0560540035367012,0.2381351739168167,0.5258882402958154
9030,182,15,0.4,0.5,-0.040560267865657806,0.24725653231143951,0.507910041327299
9031,182,16,0.4,0.5,0.055317725986242294,0.2873406410217285,0.4050060159804352
9032,182,17,0.4,0.5,-0.14195433259010315,0.17082509398460388,0.6340903857995555
9033,182,18,0.4,0.5,-0.060690730810165405,0.2339601218700409,0.5319898177689191
9034,182,19,0.4,0.5,-0.056601911783218384,0.2365752011537552,0.5271412813385749
9035,182,20,0.4,0.5,-0.08581867814064026,0.22367365658283234,0.5589061066911163
9036,182,21,0.4,0.5,-0.06460843980312347,0.2379978597164154,0.5333911546411992
9037,182,22,0.4,0.5,-0.06202226132154465,0.23514634370803833,0.5325523722676431
9038,182,23,0.4,0.5,-0.07311229407787323,0.23679950833320618,0.5413961041799895
9039,182,24,0.4,0.5,-0.0108584463596344,0.25914379954338074,0.4762524249213349
9040,182,25,0.4,0.5,-0.0592632070183754,0.24021129310131073,0.5276484298781683
9041,182,26,0.4,0.5,-0.04898017644882202,0.22878961265087128,0.5245362456971681
9042,182,27,0.4,0.5,-0.06331565231084824,0.24257230758666992,0.5300286883721285
9043,182,28,0.4,0.5,-0.05022697150707245,0.24875380098819733,0.5155860533318455
9044,182,29,0.4,0.5,-0.061074450612068176,0.23900075256824493,0.5298209661453226
9045,182,30,0.4,0.5,-0.024741247296333313,0.25767070055007935,0.48900778779763243
9046,182,31,0.4,0.5,-0.05237726867198944,0.24203179776668549,0.5207617368572864
9047,182,32,0.4,0.5,-0.04610432684421539,0.24595771729946136,0.5133678523523176
9048,182,33,0.4,0.5,-0.1413751244544983,0.17632314562797546,0.6307564755389297
9049,182,34,0.4,0.5,-0.058960944414138794,0.23863814771175385,0.52816206445471
9050,182,35,0.4,0.5,-0.03922794759273529,0.23946957290172577,0.5106831634100891
9051,182,36,0.4,0.5,-0.04934168606996536,0.2453458458185196,0.5164849359682085
9052,182,37,0.4,0.5,-0.04186313599348068,0.2604190409183502,0.5026351230310874
9053,182,38,0.4,0.5,-0.052635110914707184,0.24459229409694672,0.519722656680878
9054,182,39,0.4,0.5,-0.06509827822446823,0.2370545119047165,0.5342815157920324
9055,182,40,0.4,0.5,-0.14578348398208618,0.17465926706790924,0.6353945261744188
9056,182,41,0.4,0.5,-0.07259516417980194,0.22935248911380768,0.5446065225050335
9057,182,42,0.4,0.5,-0.055297382175922394,0.2396237701177597,0.5244916465530572
9058,182,43,0.4,0.5,-0.05567102134227753,0.24071139097213745,0.5242772763173301
9059,182,44,0.4,0.5,-0.08645164966583252,0.233544260263443,0.5546475175290752
9060,182,45,0.4,0.5,-0.059795595705509186,0.23862296342849731,0.5288950227380521
9061,182,46,0.4,0.5,-0.1466958373785019,0.17304711043834686,0.6370043411152674
9062,182,47,0.4,0.5,-0.04491019248962402,0.24022255837917328,0.5151984069814428
9063,182,48,0.4,0.5,-0.05402296781539917,0.24104493856430054,0.5226801882098363
9064,182,49,0.4,0.5,-0.1440703272819519,0.17506209015846252,0.6337169449216877
9065,183,0,0.5,0.5,0.060622502118349075,0.4621722400188446,0.4410028628817868
9066,183,1,0.5,0.5,-0.04595457762479782,0.4373340308666229,0.5495392838704952
9067,183,2,0.5,0.5,-0.20033852756023407,0.2954094111919403,0.7296104181095999
9068,183,3,0.5,0.5,-0.15528623759746552,0.3012087345123291,0.6847758906524322
9069,183,4,0.5,0.5,-0.20591674745082855,0.28290030360221863,0.738546364494177
9070,183,5,0.5,0.5,0.03628135472536087,0.3838646113872528,0.4780401766207317
9071,183,6,0.5,0.5,-0.0721810907125473,0.4296577572822571,0.5764887090651144
9072,183,7,0.5,0.5,0.0027446448802948,0.4720393717288971,0.4980408466466771
9073,183,8,0.5,0.5,-0.1599063128232956,0.3462277352809906,0.6775856042603402
9074,183,9,0.5,0.5,-0.04778151959180832,0.4054330289363861,0.5558844351323907
9075,183,10,0.5,0.5,0.023874733597040176,0.3548543453216553,0.49775750158013166
9076,183,11,0.5,0.5,0.021220345050096512,0.39099785685539246,0.4910309819187239
9077,183,12,0.5,0.5,0.06412189453840256,0.3855831027030945,0.4506450368170519
9078,183,13,0.5,0.5,-0.08235342800617218,0.37108108401298523,0.5964525144634792
9079,183,14,0.5,0.5,0.026729527860879898,0.427574098110199,0.4787801698727055
9080,183,15,0.5,0.5,0.16516731679439545,0.4476229250431061,0.33890453482316346
9081,183,16,0.5,0.5,0.04403207451105118,0.4134594798088074,0.46410775764864975
9082,183,17,0.5,0.5,-0.02396882325410843,0.4416625499725342,0.5272063977400143
9083,183,18,0.5,0.5,0.02966829016804695,0.42995989322662354,0.4755181740273177
9084,183,19,0.5,0.5,-0.00031312182545661926,0.398099809885025,0.5105848299902791
9085,183,20,0.5,0.5,-0.0705963522195816,0.3791821002960205,0.5832470849092807
9086,183,21,0.5,0.5,0.021093524992465973,0.4428655207157135,0.4823025611866771
9087,183,22,0.5,0.5,-0.010939843952655792,0.46910709142684937,0.5118729294839426
9088,183,23,0.5,0.5,0.029451925307512283,0.4511733651161194,0.4730745510708548
9089,183,24,0.5,0.5,0.14458715915679932,0.5342637300491333,0.35706062599104116
9090,183,25,0.5,0.5,-0.1476103514432907,0.353073388338089,0.6640682167601101
9091,183,26,0.5,0.5,0.05542021989822388,0.4100421071052551,0.45358968613649714
9092,183,27,0.5,0.5,-0.025420285761356354,0.3965090811252594,0.5355154964882749
9093,183,28,0.5,0.5,0.0042770132422447205,0.4347938895225525,0.4999931163962427
9094,183,29,0.5,0.5,0.02226443588733673,0.40814486145973206,0.48648600770659006
9095,183,30,0.5,0.5,0.041465818881988525,0.47046494483947754,0.45948440097232945
9096,183,31,0.5,0.5,-0.009263180196285248,0.4082016944885254,0.5174706905694391
9097,183,32,0.5,0.5,0.0037171542644500732,0.4265884459018707,0.5016830864664248
9098,183,33,0.5,0.5,0.07905898988246918,0.42788150906562805,0.42707424498957824
9099,183,34,0.5,0.5,0.03523756563663483,0.417710542678833,0.47199118125402884
9100,183,35,0.5,0.5,0.053777050226926804,0.45115020871162415,0.4488888760184423
9101,183,36,0.5,0.5,0.08828186988830566,0.434518426656723,0.41689285807048915
9102,183,37,0.5,0.5,0.08881276845932007,0.43589839339256287,0.41615376407254007
9103,183,38,0.5,0.5,0.011334236711263657,0.4172731637954712,0.4956187623960318
9104,183,39,0.5,0.5,0.043919555842876434,0.43723371624946594,0.4603791675547577
9105,183,40,0.5,0.5,-0.17442841827869415,0.27446311712265015,0.7111403356018646
9106,183,41,0.5,0.5,0.021932724863290787,0.4008851647377014,0.48823362248590646
9107,183,42,0.5,0.5,-0.06774090975522995,0.4230083227157593,0.5729375698806431
9108,183,43,0.5,0.5,-0.03924836218357086,0.4564352035522461,0.5410052565430375
9109,183,44,0.5,0.5,-0.12788574397563934,0.36999228596687317,0.6412039560046097
9110,183,45,0.5,0.5,0.05404188483953476,0.43180543184280396,0.4511420392776772
9111,183,46,0.5,0.5,-0.21326743066310883,0.2846184968948364,0.7450769218843061
9112,183,47,0.5,0.5,0.09564483910799026,0.4370180368423462,0.40923077086552906
9113,183,48,0.5,0.5,0.0981968343257904,0.44331416487693787,0.40578204475976426
9114,184,0,-1.0,0.6,-0.4645092487335205,-0.05591403320431709,0.846742914730494
9115,184,1,-1.0,0.6,-0.1686987429857254,0.16726404428482056,0.9371884481160887
9116,184,2,-1.0,0.6,-0.19682098925113678,0.09200558811426163,0.9503445931948367
9117,184,3,-1.0,0.6,-0.44561928510665894,-0.08458255231380463,0.8809036541972879
9118,184,4,-1.0,0.6,0.10920767486095428,0.2824917733669281,1.1537561007206518
9119,184,5,-1.0,0.6,-0.48018866777420044,0.014270756393671036,0.7831235968389682
9120,184,6,-1.0,0.6,-0.20358888804912567,0.07740634679794312,0.9525622213828868
9121,184,7,-1.0,0.6,-0.3016124963760376,0.006076637655496597,0.9167824526880466
9122,184,8,-1.0,0.6,-0.26824378967285156,0.11326007544994354,0.8788531763061135
9123,184,9,-1.0,0.6,-0.3070293664932251,0.11336421966552734,0.8467719182899973
9124,184,10,-1.0,0.6,-0.49820083379745483,-0.06710051000118256,0.8347607403594203
9125,184,11,-1.0,0.6,-0.08916878700256348,0.09959352016448975,1.0392401761054797
9126,184,12,-1.0,0.6,-0.1294242888689041,0.10583114624023438,1.001051909162384
9127,184,13,-1.0,0.6,-0.1585279107093811,0.08263438940048218,0.9877967665902391
9128,184,14,-1.0,0.6,-0.34287112951278687,0.02690514177083969,0.8719266419581994
9129,184,15,-1.0,0.6,-0.13128525018692017,0.11515423655509949,0.994857140936964
9130,184,16,-1.0,0.6,-0.2867972254753113,0.09987901151180267,0.8710793308970921
9131,184,17,-1.0,0.6,-0.33250707387924194,0.45592203736305237,0.6828654814374976
9132,184,18,-1.0,0.6,-0.1262618899345398,0.09164781123399734,1.010861134283017
9133,184,19,-1.0,0.6,-0.2877615690231323,0.0829024612903595,0.8801553539574468
9134,184,20,-1.0,0.6,-0.1602439135313034,0.18078351020812988,0.9385801777550163
9135,184,21,-1.0,0.6,-0.070447638630867,0.12022094428539276,1.0460666971227655
9136,184,22,-1.0,0.6,-0.17750215530395508,0.18464753031730652,0.9214230182718207
9137,184,23,-1.0,0.6,-0.18665434420108795,0.10469615459442139,0.95229042580534
9138,184,24,-1.0,0.6,-0.19021068513393402,0.09027902781963348,0.9568564176258372
9139,184,25,-1.0,0.6,-0.14989493787288666,0.1434684544801712,0.9649350593220596
9140,184,26,-1.0,0.6,-0.23835651576519012,0.11067330837249756,0.9052852634481895
9141,184,27,-1.0,0.6,-0.09637415409088135,0.13961279392242432,1.0141479423214772
9142,184,28,-1.0,0.6,-0.17185845971107483,0.10514159500598907,0.9647296262400828
9143,184,29,-1.0,0.6,0.01896364986896515,0.13124608993530273,1.12161363577447
9144,184,30,-1.0,0.6,-0.37934643030166626,0.0019820183515548706,0.8618795507228167
9145,184,31,-1.0,0.6,-0.3635792136192322,-0.005311127752065659,0.878312574609969
9146,184,32,-1.0,0.6,-0.06786034256219864,0.12177377939224243,1.0476567467663447
9147,184,33,-1.0,0.6,-0.10173074901103973,0.15666189789772034,1.0017166865176597
9148,184,34,-1.0,0.6,-0.2407197207212448,0.0393650159239769,0.9438316205084184
9149,184,35,-1.0,0.6,-0.00842171162366867,0.12959367036819458,1.0975015339110017
9150,184,36,-1.0,0.6,-0.2760102152824402,0.0145431999117136,0.9310858570212494
9151,184,37,-1.0,0.6,-0.0868881493806839,0.09782850742340088,1.042088988377692
9152,184,38,-1.0,0.6,-0.1542816013097763,0.12576144933700562,0.9696091031019117
9153,184,39,-1.0,0.6,-0.1930435299873352,0.16455113887786865,0.9169484473774204
9154,184,40,-1.0,0.6,-0.3239525556564331,-0.06448884308338165,0.9479375346433747
9155,184,41,-1.0,0.6,-0.2751687169075012,0.07863432168960571,0.8928620047182967
9156,184,42,-1.0,0.6,-0.017574943602085114,0.11516980826854706,1.0955452095887253
9157,184,43,-1.0,0.6,-0.210211381316185,0.038778092712163925,0.9688839411520273
9158,184,44,-1.0,0.6,-0.36929601430892944,-0.0038773976266384125,0.8731869381357713
9159,184,45,-1.0,0.6,-0.16120442748069763,0.06771471351385117,0.9934312450731685
9160,184,46,-1.0,0.6,-0.041286028921604156,0.05675499886274338,1.1019290401843147
9161,184,47,-1.0,0.6,-0.1474142223596573,0.050996094942092896,1.014055124736037
9162,184,48,-1.0,0.6,-0.1956494003534317,0.013287179172039032,0.995596213972159
9163,185,0,-0.8,0.6,-0.04485149681568146,0.2037232369184494,0.8528097881825162
9164,185,1,-0.8,0.6,-0.015456214547157288,0.19348326325416565,0.8836089681228672
9165,185,2,-0.8,0.6,0.017777666449546814,0.1739828884601593,0.9220905004761818
9166,185,3,-0.8,0.6,0.05276988074183464,0.2533699572086334,0.9205264016126792
9167,185,4,-0.8,0.6,-0.2725963592529297,0.08491939306259155,0.737199180626426
9168,185,5,-0.8,0.6,0.003093581646680832,0.08915217220783234,0.9518008216229225
9169,185,6,-0.8,0.6,-0.005211729556322098,0.21582484245300293,0.8827677760946606
9170,185,7,-0.8,0.6,-0.05890408158302307,0.1501883566379547,0.8669219542717593
9171,185,8,-0.8,0.6,-0.04652753472328186,0.14755825698375702,0.8788767187460089
9172,185,9,-0.8,0.6,-0.044590793550014496,0.2054957151412964,0.8522186925673914
9173,185,10,-0.8,0.6,-0.04397653043270111,0.18901394307613373,0.8605120716889473
9174,185,11,-0.8,0.6,-0.02167820930480957,0.17508037388324738,0.8867589855931367
9175,185,12,-0.8,0.6,0.011584140360355377,0.13722828030586243,0.9342518297724263
9176,185,13,-0.8,0.6,0.008822012692689896,0.1738383173942566,0.914224714136307
9177,185,14,-0.8,0.6,0.015692804008722305,0.1959836632013321,0.9102658682559874
9178,185,15,-0.8,0.6,-0.08975930511951447,0.18365849554538727,0.8232752231154812
9179,185,16,-0.8,0.6,-0.013881482183933258,0.24727687239646912,0.8616240066291947
9180,185,17,-0.8,0.6,0.06617284566164017,0.16524919867515564,0.9691561576000938
9181,185,18,-0.8,0.6,-0.07716937363147736,0.17026354372501373,0.840926593864229
9182,185,19,-0.8,0.6,-0.023348353803157806,0.16024565696716309,0.8925086339954965
9183,185,20,-0.8,0.6,-0.18526606261730194,0.14277097582817078,0.7661306639961347
9184,185,21,-0.8,0.6,0.0034111924469470978,0.38487309217453003,0.831714572807026
9185,185,22,-0.8,0.6,-0.06116750091314316,0.16307178139686584,0.85835874197135
9186,185,23,-0.8,0.6,0.002617020159959793,0.23322683572769165,0.8824492252139922
9187,185,24,-0.8,0.6,0.006468769162893295,0.17575323581695557,0.9112503457090679
9188,185,25,-0.8,0.6,-0.032879509031772614,0.20903603732585907,0.8610032913834891
9189,185,26,-0.8,0.6,-0.02702261507511139,0.21956507861614227,0.861524675800793
9190,185,27,-0.8,0.6,-0.06525938957929611,0.22047735750675201,0.826971100321194
9191,185,28,-0.8,0.6,0.047567788511514664,0.14428137242794037,0.9623152413000957
9192,185,29,-0.8,0.6,-0.016568824648857117,0.17813743650913239,0.8897934754689762
9193,185,30,-0.8,0.6,0.04391605779528618,0.1673973798751831,0.9483350354930442
9194,185,31,-0.8,0.6,-0.17591507732868195,0.13382059335708618,0.7789770406652589
9195,185,32,-0.8,0.6,-0.04395722597837448,0.18277359008789062,0.8635268109783635
9196,185,33,-0.8,0.6,-0.011551499366760254,0.1804960072040558,0.8931039346697245
9197,185,34,-0.8,0.6,0.005514543503522873,0.34700921177864075,0.8443091961601232
9198,185,35,-0.8,0.6,-0.04064308851957321,0.14042240381240845,0.8876004089288477
9199,185,36,-0.8,0.6,0.006488978862762451,0.1927611529827118,0.9034754847515629
9200,185,37,-0.8,0.6,0.038741856813430786,0.22426357865333557,0.9190569953475355
9201,185,38,-0.8,0.6,-0.02438211441040039,0.18678027391433716,0.8788251512518241
9202,185,39,-0.8,0.6,0.10748086124658585,0.1860145926475525,0.9974494628950467
9203,185,40,-0.8,0.6,-0.15042273700237274,0.0006185658276081085,0.8838601270755696
9204,185,41,-0.8,0.6,0.02290802076458931,0.2250516563653946,0.9043029752428264
9205,185,42,-0.8,0.6,-0.007151700556278229,0.18777073919773102,0.8936114308760752
9206,185,43,-0.8,0.6,0.03776513785123825,0.2034502476453781,0.9268776253052051
9207,185,44,-0.8,0.6,0.07413071393966675,0.23815739154815674,0.9460626714673324
9208,185,45,-0.8,0.6,0.031164033338427544,0.1658668965101242,0.9377127501858733
9209,185,46,-0.8,0.6,-0.010226167738437653,0.14900833368301392,0.9094702794552916
9210,185,47,-0.8,0.6,-0.010510645806789398,0.1380157768726349,0.9147255669341532
9211,185,48,-0.8,0.6,0.01651456579566002,0.26052752137184143,0.8842723561790342
9212,185,49,-0.8,0.6,-0.21709437668323517,0.10030703246593475,0.7677708170393731
9213,186,0,-0.6,0.6,-0.15696248412132263,0.21392647922039032,0.5876521113066071
9214,186,1,-0.6,0.6,-0.18424852192401886,0.1973094940185547,0.5787995638646901
9215,186,2,-0.6,0.6,-0.23649321496486664,0.22970698773860931,0.5188970010476001
9216,186,3,-0.6,0.6,-0.1451752781867981,0.19397690892219543,0.6096886730625981
9217,186,4,-0.6,0.6,-0.16729144752025604,0.17677010595798492,0.605276989980563
9218,186,5,-0.6,0.6,-0.13536560535430908,0.3067600727081299,0.5494313202265675
9219,186,6,-0.6,0.6,-0.22187097370624542,0.21805641055107117,0.5374592691981364
9220,186,7,-0.6,0.6,-0.17189373075962067,0.20242883265018463,0.584241226610046
9221,186,8,-0.6,0.6,-0.1860383152961731,0.27595871686935425,0.5257062198374544
9222,186,9,-0.6,0.6,-0.12605607509613037,0.18618164956569672,0.6291807936590663
9223,186,10,-0.6,0.6,-0.16159695386886597,0.19354461133480072,0.5978320950166823
9224,186,11,-0.6,0.6,-0.17583227157592773,0.18702517449855804,0.5920020847382076
9225,186,12,-0.6,0.6,-0.17844058573246002,0.20994921028614044,0.574327396450837
9226,186,13,-0.6,0.6,-0.12703551352024078,0.21601653099060059,0.6092115477759386
9227,186,14,-0.6,0.6,-0.20012088119983673,0.2073715329170227,0.5604109410212506
9228,186,15,-0.6,0.6,-0.1945112645626068,0.2311324179172516,0.5481645808315139
9229,186,16,-0.6,0.6,-0.14751659333705902,0.2256370335817337,0.5872723932987012
9230,186,17,-0.6,0.6,-0.19203194975852966,0.2111818790435791,0.5635756038029935
9231,186,18,-0.6,0.6,-0.1971808820962906,0.2696004807949066,0.520986644780535
9232,186,19,-0.6,0.6,-0.1915314942598343,0.24397461116313934,0.5418492388829587
9233,186,20,-0.6,0.6,-0.1991579383611679,0.25171470642089844,0.5310150695623903
9234,186,21,-0.6,0.6,-0.18562498688697815,0.19981759786605835,0.5760664948338071
9235,186,22,-0.6,0.6,-0.1660507470369339,0.2441072165966034,0.5612233311488575
9236,186,23,-0.6,0.6,-0.18078294396400452,0.19598780572414398,0.5822102654497592
9237,186,24,-0.6,0.6,-0.10731840133666992,0.378765732049942,0.5400738458552243
9238,186,25,-0.6,0.6,-0.20188941061496735,0.2349497675895691,0.5401423086219109
9239,186,26,-0.6,0.6,-0.2250296026468277,0.22610574960708618,0.52952781736947
9240,186,27,-0.6,0.6,-0.13539940118789673,0.21103940904140472,0.6059241352970062
9241,186,28,-0.6,0.6,-0.19154499471187592,0.2313004583120346,0.5502498008957724
9242,186,29,-0.6,0.6,-0.09744735062122345,0.22683335840702057,0.6259492853222302
9243,186,30,-0.6,0.6,-0.19079409539699554,0.2621724605560303,0.5306382183453526
9244,186,31,-0.6,0.6,-0.17156079411506653,0.20239241421222687,0.5845100045467945
9245,186,32,-0.6,0.6,-0.14431823790073395,0.22643686830997467,0.5892327907270193
9246,186,33,-0.6,0.6,-0.21213452517986298,0.2500882148742676,0.5223771472100661
9247,186,34,-0.6,0.6,-0.18441811203956604,0.21664798259735107,0.5653910813299406
9248,186,35,-0.6,0.6,-0.13800683617591858,0.21167999505996704,0.6035147965516767
9249,186,36,-0.6,0.6,-0.17829352617263794,0.22183437645435333,0.5664323339107464
9250,186,37,-0.6,0.6,-0.15138064324855804,0.22131983935832977,0.587075796908439
9251,186,38,-0.6,0.6,-0.18086378276348114,0.2443036139011383,0.5497227370985567
9252,186,39,-0.6,0.6,-0.15404465794563293,0.2550661861896515,0.563786753140387
9253,186,40,-0.6,0.6,-0.13942638039588928,0.2418988049030304,0.5834076833613951
9254,186,41,-0.6,0.6,-0.18186631798744202,0.20522890985012054,0.5750478151001908
9255,186,42,-0.6,0.6,-0.29122596979141235,0.3208719789981842,0.4162377371642844
9256,186,43,-0.6,0.6,-0.18185916543006897,0.21832966804504395,0.5661395586155809
9257,186,44,-0.6,0.6,-0.1512148529291153,0.23041963577270508,0.5813757424022915
9258,186,45,-0.6,0.6,-0.2406688779592514,0.2303367406129837,0.5155286418887857
9259,186,46,-0.6,0.6,-0.13607949018478394,0.24049794673919678,0.5869105261672714
9260,186,47,-0.6,0.6,-0.17759482562541962,0.19779236614704132,0.5832641871982329
9261,186,48,-0.6,0.6,-0.2721121907234192,0.23943088948726654,0.4873607482431666
9262,186,49,-0.6,0.6,-0.20797596871852875,0.2024010866880417,0.5583616542788608
9263,187,0,-0.4,0.6,0.010561980307102203,0.27553561329841614,0.5232955932466127
9264,187,1,-0.4,0.6,-0.06543710082769394,0.21012215316295624,0.5137480598083733
9265,187,2,-0.4,0.6,-0.08983178436756134,0.2310982197523117,0.4819676809273882
9266,187,3,-0.4,0.6,-0.023613855242729187,0.26315343379974365,0.5051060672038546
9267,187,4,-0.4,0.6,-0.11626352369785309,0.1467786729335785,0.5347110989050133
9268,187,5,-0.4,0.6,-0.039236925542354584,0.2857031524181366,0.4784689167459363
9269,187,6,-0.4,0.6,-0.10374832153320312,0.14969442784786224,0.5390177782834797
9270,187,7,-0.4,0.6,-0.07617005705833435,0.2378498762845993,0.48581739784890626
9271,187,8,-0.4,0.6,-0.056572288274765015,0.27333298325538635,0.4739767220124389
9272,187,9,-0.4,0.6,-0.05009010434150696,0.2782630920410156,0.47534363677527597
9273,187,10,-0.4,0.6,-0.07431524991989136,0.2502196133136749,0.47792978076823994
9274,187,11,-0.4,0.6,-0.06183713674545288,0.2519504725933075,0.48527579335109594
9275,187,12,-0.4,0.6,0.1631760448217392,0.3664068281650543,0.6096991285781603
9276,187,13,-0.4,0.6,-0.033879660069942474,0.2908824384212494,0.4791636152577672
9277,187,14,-0.4,0.6,-0.051425471901893616,0.26922279596328735,0.4805390310361507
9278,187,15,-0.4,0.6,-0.10547621548175812,0.21962572634220123,0.4810705225927336
9279,187,16,-0.4,0.6,-0.06534796953201294,0.2560645043849945,0.4798787416007152
9280,187,17,-0.4,0.6,-0.048082299530506134,0.2728751301765442,0.48047554397778597
9281,187,18,-0.4,0.6,-0.033510759472846985,0.29885104298591614,0.47434698031382044
9282,187,19,-0.4,0.6,-0.07291306555271149,0.2409643679857254,0.48568760303513453
9283,187,20,-0.4,0.6,-0.0931835025548935,0.23347067832946777,0.477995927544099
9284,187,21,-0.4,0.6,-0.06719356030225754,0.27198708057403564,0.46728214347932373
9285,187,22,-0.4,0.6,-0.03442363440990448,0.28214791417121887,0.4844337184215917
9286,187,23,-0.4,0.6,-0.029493212699890137,0.2955673635005951,0.4795357229669419
9287,187,24,-0.4,0.6,-0.0030321218073368073,0.32274308800697327,0.4842054228988912
9288,187,25,-0.4,0.6,-0.042695917189121246,0.2827368378639221,0.4778306411710184
9289,187,26,-0.4,0.6,-0.07747669517993927,0.21533754467964172,0.5019825561562279
9290,187,27,-0.4,0.6,-0.12337629497051239,0.15553320944309235,0.5235182920320922
9291,187,28,-0.4,0.6,-0.03652387112379074,0.28090134263038635,0.4836722541121465
9292,187,29,-0.4,0.6,-0.1976822167634964,0.03633984923362732,0.5988699783556551
9293,187,30,-0.4,0.6,-0.038001902401447296,0.2883893847465515,0.47764400781712313
9294,187,31,-0.4,0.6,-0.0211639404296875,0.3002625107765198,0.4830727921097992
9295,187,32,-0.4,0.6,0.006631430238485336,0.3302685618400574,0.48795918762702595
9296,187,33,-0.4,0.6,-0.06695982068777084,0.24564480781555176,0.48629555135164354
9297,187,34,-0.4,0.6,-0.043123871088027954,0.2881503999233246,0.47393116003822416
9298,187,35,-0.4,0.6,-0.1103079617023468,0.19402608275413513,0.49873469754670297
9299,187,36,-0.4,0.6,-0.058704353868961334,0.25869470834732056,0.48267175199935175
9300,187,37,-0.4,0.6,-0.007075700908899307,0.3206115663051605,0.48212799306687065
9301,187,38,-0.4,0.6,-0.0743834525346756,0.26101773977279663,0.47003734823094784
9302,187,39,-0.4,0.6,-0.052128054201602936,0.27186667919158936,0.47821163400561284
9303,187,40,-0.4,0.6,-0.0821523368358612,0.25725483894348145,0.467441314398463
9304,187,41,-0.4,0.6,-0.08344873785972595,0.2587835490703583,0.46543889818924794
9305,187,42,-0.4,0.6,-0.07792375981807709,0.23875422775745392,0.4839748055971893
9306,187,43,-0.4,0.6,-0.029315181076526642,0.326729416847229,0.4605258370569275
9307,187,44,-0.4,0.6,-0.03307613730430603,0.29581695795059204,0.4766135164742607
9308,187,45,-0.4,0.6,-0.07176445424556732,0.2718140780925751,0.46416007242646007
9309,187,46,-0.4,0.6,-0.03581201285123825,0.2939041256904602,0.4757389770165865
9310,187,47,-0.4,0.6,-0.03283461183309555,0.29722246527671814,0.47590404263975505
9311,187,48,-0.4,0.6,-0.01860620826482773,0.3089444041252136,0.4797651344816117
9312,187,49,-0.4,0.6,-0.04492670297622681,0.2788478434085846,0.47876482112061
9313,188,0,-0.2,0.6,0.17275506258010864,0.3147081136703491,0.4694015307651128
9314,188,1,-0.2,0.6,0.19630762934684753,0.3252381682395935,0.48223832414155166
9315,188,2,-0.2,0.6,0.13958841562271118,0.298740029335022,0.45395799579939844
9316,188,3,-0.2,0.6,0.1674259752035141,0.3055691719055176,0.4708411194730724
9317,188,4,-0.2,0.6,0.1389666497707367,0.29748788475990295,0.45432584069567844
9318,188,5,-0.2,0.6,0.1456681191921234,0.3066282272338867,0.453380023470104
9319,188,6,-0.2,0.6,0.1509077548980713,0.3064144253730774,0.457524580844161
9320,188,7,-0.2,0.6,0.17088943719863892,0.3146427273750305,0.4679612672705769
9321,188,8,-0.2,0.6,0.17100277543067932,0.31053513288497925,0.4705666463649795
9322,188,9,-0.2,0.6,0.391002893447876,0.42386624217033386,0.6166907820869069
9323,188,10,-0.2,0.6,0.16504505276679993,0.30373525619506836,0.4701390102632598
9324,188,11,-0.2,0.6,0.16257119178771973,0.29896873235702515,0.47125119969407375
9325,188,12,-0.2,0.6,0.24415536224842072,0.34470662474632263,0.5122974656022034
9326,188,13,-0.2,0.6,0.16890588402748108,0.30586570501327515,0.4718119697055544
9327,188,14,-0.2,0.6,0.013719812035560608,0.2056475132703781,0.44854212939962723
9328,188,15,-0.2,0.6,0.13621684908866882,0.2966412603855133,0.4528446692979864
9329,188,16,-0.2,0.6,0.15838515758514404,0.31688427925109863,0.45672139484865215
9330,188,17,-0.2,0.6,0.1432678997516632,0.30783113837242126,0.45077210950176716
9331,188,18,-0.2,0.6,0.15672644972801208,0.30659931898117065,0.4618849635546331
9332,188,19,-0.2,0.6,0.13195262849330902,0.29763558506965637,0.44901757981151014
9333,188,20,-0.2,0.6,0.15450266003608704,0.30978256464004517,0.4581465876327914
9334,188,21,-0.2,0.6,0.0481596514582634,0.2563108205795288,0.4239168133756947
9335,188,22,-0.2,0.6,0.10928840935230255,0.29198941588401794,0.4364972394954474
9336,188,23,-0.2,0.6,0.14116361737251282,0.30171436071395874,0.45317428923426434
9337,188,24,-0.2,0.6,0.138717919588089,0.30960994958877563,0.44615715888901364
9338,188,25,-0.2,0.6,0.13604629039764404,0.2948928475379944,0.4538914889855187
9339,188,26,-0.2,0.6,0.15910613536834717,0.3143061697483063,0.4588879831757128
9340,188,27,-0.2,0.6,0.15817970037460327,0.3139600455760956,0.458379267950973
9341,188,28,-0.2,0.6,0.16091492772102356,0.30795055627822876,0.4642762783408901
9342,188,29,-0.2,0.6,0.1866159290075302,0.3221166133880615,0.47612083877653966
9343,188,30,-0.2,0.6,0.19960950314998627,0.3299367427825928,0.4823089444605546
9344,188,31,-0.2,0.6,0.1293329894542694,0.29140400886535645,0.4513221728291874
9345,188,32,-0.2,0.6,0.1594046652317047,0.3060859739780426,0.4642813458268053
9346,188,33,-0.2,0.6,0.16566258668899536,0.30728432536125183,0.4683925634372353
9347,188,34,-0.2,0.6,0.162113755941391,0.30964234471321106,0.46414861868330815
9348,188,35,-0.2,0.6,0.15556421875953674,0.3008696734905243,0.46465564227688577
9349,188,36,-0.2,0.6,0.12322733551263809,0.27771860361099243,0.4564440917363792
9350,188,37,-0.2,0.6,0.13886263966560364,0.2905013859272003,0.4589305837205933
9351,188,38,-0.2,0.6,0.15295520424842834,0.30712953209877014,0.4586398229272455
9352,188,39,-0.2,0.6,0.21312177181243896,0.3324906826019287,0.49216951677265725
9353,188,40,-0.2,0.6,0.17154207825660706,0.3142237067222595,0.468734045824286
9354,188,41,-0.2,0.6,0.17261840403079987,0.31265008449554443,0.47054696786067823
9355,188,42,-0.2,0.6,0.15293841063976288,0.30561119318008423,0.4595979670165824
9356,188,43,-0.2,0.6,0.1518665850162506,0.30674293637275696,0.4580499961994009
9357,188,44,-0.2,0.6,0.0761997401714325,0.2742512822151184,0.42708140161948194
9358,188,45,-0.2,0.6,0.16217705607414246,0.30765432119369507,0.4654441060570557
9359,188,46,-0.2,0.6,0.159187912940979,0.3084222078323364,0.46263761810759135
9360,188,47,-0.2,0.6,0.14421004056930542,0.30265337228775024,0.4548577459388486
9361,188,48,-0.2,0.6,0.15057429671287537,0.3032534122467041,0.45930477339012243
9362,189,0,0.0,0.6,0.0094294473528862,0.4797932803630829,0.12057599231708294
9363,189,1,0.0,0.6,0.01326587051153183,0.47385647892951965,0.12683915495022602
9364,189,2,0.0,0.6,-0.045435160398483276,0.39457279443740845,0.21039175503258473
9365,189,3,0.0,0.6,0.018758393824100494,0.49084556102752686,0.11075454341134458
9366,189,4,0.0,0.6,0.014095794409513474,0.48884204030036926,0.11204812994700089
9367,189,5,0.0,0.6,-0.03976152092218399,0.37855979800224304,0.224981647266733
9368,189,6,0.0,0.6,0.025271693244576454,0.4900591969490051,0.11280797247954423
9369,189,7,0.0,0.6,-0.008636154234409332,0.4893617033958435,0.11097484325481072
9370,189,8,0.0,0.6,0.012276042252779007,0.4816143810749054,0.11902040153549193
9371,189,9,0.0,0.6,0.010527044534683228,0.483984112739563,0.11649250947362079
9372,189,10,0.0,0.6,0.006910145282745361,0.4752788543701172,0.12491242642371127
9373,189,11,0.0,0.6,0.008617870509624481,0.4900681972503662,0.11026907521107195
9374,189,12,0.0,0.6,0.01679852604866028,0.48251765966415405,0.11867725463708305
9375,189,13,0.0,0.6,0.026937220245599747,0.47983360290527344,0.12314859652179334
9376,189,14,0.0,0.6,0.02227090299129486,0.4676441550254822,0.1342164774495526
9377,189,15,0.0,0.6,0.009639956057071686,0.480658620595932,0.1197300864062495
9378,189,16,0.0,0.6,0.032009854912757874,0.4882053732872009,0.11628701291799481
9379,189,17,0.0,0.6,0.009334348142147064,0.47228360176086426,0.12805705148259627
9380,189,18,0.0,0.6,0.013723969459533691,0.47988858819007874,0.1208929219793231
9381,189,19,0.0,0.6,0.007263854146003723,0.4686781167984009,0.13152262385106545
9382,189,20,0.0,0.6,0.007331639528274536,0.48667263984680176,0.11356427033827698
9383,189,21,0.0,0.6,0.0029186606407165527,0.48113977909088135,0.11889604995331068
9384,189,22,0.0,0.6,0.011975523084402084,0.47888922691345215,0.12170140718482397
9385,189,23,0.0,0.6,-0.04908585548400879,0.3890966475009918,0.2165401701853905
9386,189,24,0.0,0.6,-0.005573343485593796,0.481321781873703,0.11880901319025142
9387,189,25,0.0,0.6,0.009275145828723907,0.4791632890701294,0.12119215749582643
9388,189,26,0.0,0.6,0.020419158041477203,0.4790773391723633,0.1226345461799345
9389,189,27,0.0,0.6,0.015133872628211975,0.48012930154800415,0.12082225973758419
9390,189,28,0.0,0.6,-0.002011474221944809,0.48436516523361206,0.1156523282947446
9391,189,29,0.0,0.6,0.013413459062576294,0.4966783821582794,0.1041886634785856
9392,189,30,0.0,0.6,0.019153177738189697,0.48606011271476746,0.11553848766554882
9393,189,31,0.0,0.6,-0.04639080911874771,0.35119959712028503,0.2530884186283532
9394,189,32,0.0,0.6,0.0057676732540130615,0.4777601957321167,0.12237579745282755
9395,189,33,0.0,0.6,-0.04449465870857239,0.3849008083343506,0.21965299203245128
9396,189,34,0.0,0.6,0.021691013127565384,0.4796910583972931,0.12224868702797487
9397,189,35,0.0,0.6,-0.03639031946659088,0.4424847662448883,0.1616641710949214
9398,189,36,0.0,0.6,0.016069598495960236,0.4891384243965149,0.11202018095463248
9399,189,37,0.0,0.6,0.01393689215183258,0.4909989535808563,0.10988842106118425
9400,189,38,0.0,0.6,0.016082637012004852,0.4848100543022156,0.11630724312405667
9401,189,39,0.0,0.6,0.016290627419948578,0.49499955773353577,0.10625665822850192
9402,189,40,0.0,0.6,0.014801964163780212,0.48603755235671997,0.11491970073034985
9403,189,41,0.0,0.6,0.025815585628151894,0.4802304208278656,0.12252018836254949
9404,189,42,0.0,0.6,0.011194981634616852,0.4810366630554199,0.11948892480388755
9405,189,43,0.0,0.6,-0.028737224638462067,0.46513810753822327,0.13788965921450838
9406,189,44,0.0,0.6,-0.025005854666233063,0.4576437771320343,0.1445357635909628
9407,189,45,0.0,0.6,0.014503128826618195,0.4868292510509491,0.11409627147041478
9408,189,46,0.0,0.6,-0.01468910276889801,0.4867859184741974,0.11416303252754949
9409,189,47,0.0,0.6,0.011198922991752625,0.4832039773464203,0.1173316955637764
9410,189,48,0.0,0.6,0.01163221150636673,0.49209243059158325,0.10853272262392169
9411,189,49,0.0,0.6,0.007035788148641586,0.48832640051841736,0.11189501837010214
9412,190,0,0.2,0.6,0.12473691999912262,0.2983154058456421,0.31093106239373725
9413,190,1,0.2,0.6,0.08929957449436188,0.2769297957420349,0.3415097964720963
9414,190,2,0.2,0.6,0.1312602460384369,0.306848406791687,0.30110298964850624
9415,190,3,0.2,0.6,0.10851800441741943,0.29249832034111023,0.3208211939832058
9416,190,4,0.2,0.6,0.11992096155881882,0.2961307168006897,0.3142438442829498
9417,190,5,0.2,0.6,0.11519865691661835,0.29303860664367676,0.31845967531227687
9418,190,6,0.2,0.6,0.10386734455823898,0.29206526279449463,0.32259152161845167
9419,190,7,0.2,0.6,0.11711053550243378,0.2894829213619232,0.3213899803208228
9420,190,8,0.2,0.6,0.11879274249076843,0.28911900520324707,0.3213123271802521
9421,190,9,0.2,0.6,0.11419684439897537,0.28759023547172546,0.3239784599069907
9422,190,10,0.2,0.6,0.1148650199174881,0.2932453751564026,0.318349438034035
9423,190,11,0.2,0.6,0.11064741760492325,0.2891198694705963,0.32346613352659975
9424,190,12,0.2,0.6,0.1264628916978836,0.2982935309410095,0.3105390470930842
9425,190,13,0.2,0.6,0.12236501276493073,0.2984490692615509,0.31138425630114036
9426,190,14,0.2,0.6,0.11394494771957397,0.290751576423645,0.3209985350549867
9427,190,15,0.2,0.6,0.10789337754249573,0.28874799609184265,0.324594269569524
9428,190,16,0.2,0.6,0.11396260559558868,0.28946205973625183,0.32223631946003767
9429,190,17,0.2,0.6,0.11857298016548157,0.2912093698978424,0.319346227154821
9430,190,18,0.2,0.6,0.12087429314851761,0.2975412905216217,0.31263740726930417
9431,190,19,0.2,0.6,0.09791533648967743,0.2896057367324829,0.32675048155037273
9432,190,20,0.2,0.6,0.11325152963399887,0.291382759809494,0.3205774447050906
9433,190,21,0.2,0.6,0.11316085606813431,0.2905831038951874,0.32137182906091144
9434,190,22,0.2,0.6,0.11464571207761765,0.29748088121414185,0.31432971812685656
9435,190,23,0.2,0.6,0.06127062067389488,0.27145078778266907,0.35663766701911215
9436,190,24,0.2,0.6,0.12253279983997345,0.3017920255661011,0.3081057661203414
9437,190,25,0.2,0.6,0.11365550756454468,0.29007935523986816,0.32172375949325255
9438,190,26,0.2,0.6,0.11675716936588287,0.2961949110031128,0.3150030173702894
9439,190,27,0.2,0.6,0.059239208698272705,0.2564079761505127,0.37130725716160606
9440,190,28,0.2,0.6,0.12400299310684204,0.3033953905105591,0.3061859556333413
9441,190,29,0.2,0.6,0.11225923895835876,0.290532648563385,0.3216651718065848
9442,190,30,0.2,0.6,0.10515668988227844,0.28722822666168213,0.32683548716637606
9443,190,31,0.2,0.6,0.049552131444215775,0.24383816123008728,0.3866339567975682
9444,190,32,0.2,0.6,0.10955215990543365,0.2879473865032196,0.3248963609644516
9445,190,33,0.2,0.6,0.1243797317147255,0.28388917446136475,0.32502996630811504
9446,190,34,0.2,0.6,0.10715219378471375,0.29267868399620056,0.32104066158245204
9447,190,35,0.2,0.6,0.11808323860168457,0.29827606678009033,0.31264626605107737
9448,190,36,0.2,0.6,0.12831686437129974,0.3018094003200531,0.3066856789467825
9449,190,37,0.2,0.6,0.10484848916530609,0.285674512386322,0.3284118179629066
9450,190,38,0.2,0.6,0.11003464460372925,0.28621435165405273,0.3264279373452336
9451,190,39,0.2,0.6,0.11984118819236755,0.29331904649734497,0.31698366259431904
9452,190,40,0.2,0.6,0.12226589769124985,0.28845807909965515,0.32109338071661325
9453,190,41,0.2,0.6,0.11287328600883484,0.29170745611190796,0.32036753410401847
9454,190,42,0.2,0.6,0.12800942361354828,0.29760515689849854,0.31084607802389147
9455,190,43,0.2,0.6,0.11506105959415436,0.2961766719818115,0.31547303885643785
9456,190,44,0.2,0.6,0.15636706352233887,0.3201013207435608,0.2832791976039939
9457,190,45,0.2,0.6,0.11745361238718033,0.29608452320098877,0.31492621857491665
9458,190,46,0.2,0.6,0.11111567169427872,0.2932344675064087,0.3193830235695627
9459,190,47,0.2,0.6,0.10822422802448273,0.2934507429599762,0.31999256134087356
9460,190,48,0.2,0.6,0.11086452752351761,0.29039812088012695,0.32217767769999556
9461,190,49,0.2,0.6,0.13514555990695953,0.3027009665966034,0.30429067297959644
9462,191,0,0.4,0.6,0.014799509197473526,0.4562440812587738,0.4111510455874353
9463,191,1,0.4,0.6,0.049768175929784775,0.46975257992744446,0.37366659072909764
9464,191,2,0.4,0.6,0.01226653903722763,0.4599671959877014,0.4122455857249615
9465,191,3,0.4,0.6,0.022876668721437454,0.44353199005126953,0.4082943119025251
9466,191,4,0.4,0.6,0.017861470580101013,0.4585791230201721,0.4074674466910782
9467,191,5,0.4,0.6,-0.08256462216377258,0.30513328313827515,0.5655218786898321
9468,191,6,0.4,0.6,0.02706766687333584,0.4531112611293793,0.4008176975861952
9469,191,7,0.4,0.6,0.010475065559148788,0.45281344652175903,0.4164055187866181
9470,191,8,0.4,0.6,0.056827399879693985,0.47893890738487244,0.3639000159638633
9471,191,9,0.4,0.6,0.007699210196733475,0.45022889971733093,0.4199181969862083
9472,191,10,0.4,0.6,0.022453535348176956,0.4665257930755615,0.40044562288180663
9473,191,11,0.4,0.6,0.05376463010907173,0.48196080327033997,0.3658034763750767
9474,191,12,0.4,0.6,0.051023926585912704,0.47188514471054077,0.371749533908724
9475,191,13,0.4,0.6,0.045340657234191895,0.46567487716674805,0.3792446282220002
9476,191,14,0.4,0.6,0.030920960009098053,0.46317577362060547,0.39362444878961167
9477,191,15,0.4,0.6,0.09646721184253693,0.4712602496147156,0.32970604607120674
9478,191,16,0.4,0.6,0.005240641534328461,0.44526946544647217,0.4240005771451839
9479,191,17,0.4,0.6,0.0288010872900486,0.4624118208885193,0.3958776829126176
9480,191,18,0.4,0.6,0.008514590561389923,0.450389564037323,0.4190991629104721
9481,191,19,0.4,0.6,-0.01588600128889084,0.42544692754745483,0.4510320844138328
9482,191,20,0.4,0.6,-0.005464807152748108,0.43433108925819397,0.4380044495502206
9483,191,21,0.4,0.6,0.012453872710466385,0.45373591780662537,0.4142284182875261
9484,191,22,0.4,0.6,0.04234123229980469,0.4665466547012329,0.3817454511638014
9485,191,23,0.4,0.6,0.004859577864408493,0.4528668522834778,0.4216445379255676
9486,191,24,0.4,0.6,0.04642755538225174,0.46787020564079285,0.37745431001695695
9487,191,25,0.4,0.6,0.02765493653714657,0.45737117528915405,0.39872776166647034
9488,191,26,0.4,0.6,0.016650602221488953,0.46064087748527527,0.4078942581174944
9489,191,27,0.4,0.6,0.010646037757396698,0.4559396803379059,0.4151504349210769
9490,191,28,0.4,0.6,0.015996895730495453,0.4544765055179596,0.4106524948601682
9491,191,29,0.4,0.6,-0.00025308504700660706,0.43777960538864136,0.4318772840952754
9492,191,30,0.4,0.6,0.04405491054058075,0.4830969274044037,0.37465081755224455
9493,191,31,0.4,0.6,0.014101043343544006,0.46161019802093506,0.40996309838855755
9494,191,32,0.4,0.6,0.036324962973594666,0.4512941539287567,0.3929032466293981
9495,191,33,0.4,0.6,-0.128282368183136,0.33316570520401,0.5918469408660112
9496,191,34,0.4,0.6,0.017776113003492355,0.46619006991386414,0.40496937807737465
9497,191,35,0.4,0.6,-0.002286534756422043,0.44315096735954285,0.4317824395301147
9498,191,36,0.4,0.6,-0.012815333902835846,0.4221377670764923,0.44950136129476403
9499,191,37,0.4,0.6,0.1872957944869995,0.5284993052482605,0.22440015239054137
9500,191,38,0.4,0.6,0.016745675355196,0.46647146344184875,0.40584941472707137
9501,191,39,0.4,0.6,-0.01493910700082779,0.42788833379745483,0.4492180853011828
9502,191,40,0.4,0.6,-0.00247926265001297,0.4316183626651764,0.4362819417015265
9503,191,41,0.4,0.6,0.002164747565984726,0.4393770694732666,0.42903684444372897
9504,191,42,0.4,0.6,0.1321636438369751,0.4948907792568207,0.2877225433780348
9505,191,43,0.4,0.6,0.048575934022665024,0.44252756237983704,0.3850927716253298
9506,191,44,0.4,0.6,0.01704620197415352,0.4630114436149597,0.40671793174493576
9507,191,45,0.4,0.6,0.0527636744081974,0.46964219212532043,0.37089920987296293
9508,191,46,0.4,0.6,0.015254467725753784,0.4667530655860901,0.40716565441561725
9509,191,47,0.4,0.6,-0.13256269693374634,0.2956319749355316,0.6134027395170242
9510,191,48,0.4,0.6,0.040476180613040924,0.4778667986392975,0.3797023776343792
9511,191,49,0.4,0.6,0.05002335458993912,0.4850808084011078,0.368361334738355
9512,192,0,0.6,0.6,-0.05075796693563461,0.4323040246963501,0.6720177614194753
9513,192,1,0.6,0.6,-0.019179068505764008,0.49359527230262756,0.6282552705326216
9514,192,2,0.6,0.6,-0.043903253972530365,0.5216352939605713,0.6486543205969255
9515,192,3,0.6,0.6,-0.05732955038547516,0.37782934308052063,0.6938601722292496
9516,192,4,0.6,0.6,-0.20361097157001495,0.3149116337299347,0.8526816347325877
9517,192,5,0.6,0.6,-0.04640236496925354,0.4388909339904785,0.6661772651391703
9518,192,6,0.6,0.6,-0.06644278019666672,0.43841490149497986,0.6857519400884985
9519,192,7,0.6,0.6,-0.041020773351192474,0.4445134997367859,0.6596087352604295
9520,192,8,0.6,0.6,-0.08295664191246033,0.3966169059276581,0.7125969812501198
9521,192,9,0.6,0.6,-0.045386895537376404,0.323809951543808,0.7020008460091811
9522,192,10,0.6,0.6,-0.2043948620557785,0.313437819480896,0.8539139168590698
9523,192,11,0.6,0.6,-0.048898421227931976,0.43200549483299255,0.6702919623853552
9524,192,12,0.6,0.6,-0.2078332155942917,0.2369520217180252,0.8856626551639414
9525,192,13,0.6,0.6,-0.07930640876293182,0.41323938965797424,0.7045116908623429
9526,192,14,0.6,0.6,-0.043469421565532684,0.46590372920036316,0.6572934704774198
9527,192,15,0.6,0.6,-0.06660091876983643,0.4483582675457001,0.6836314796193425
9528,192,16,0.6,0.6,-0.027592159807682037,0.4269028902053833,0.6510257510047668
9529,192,17,0.6,0.6,-0.06909450143575668,0.31880462169647217,0.7257811602892623
9530,192,18,0.6,0.6,0.06400606781244278,0.48145389556884766,0.5489468774095371
9531,192,19,0.6,0.6,-0.04795999079942703,0.3890516757965088,0.6814333020634189
9532,192,20,0.6,0.6,-0.0214092880487442,0.4504178464412689,0.6391590756114748
9533,192,21,0.6,0.6,-0.09907563030719757,0.34489569067955017,0.7441672832927213
9534,192,22,0.6,0.6,-0.09356430172920227,0.2965256869792938,0.7570522434393187
9535,192,23,0.6,0.6,-0.0375651940703392,0.2871497571468353,0.7101863495894816
9536,192,24,0.6,0.6,-0.03537753224372864,0.38696014881134033,0.6701422137685528
9537,192,25,0.6,0.6,-0.15736834704875946,0.3091004192829132,0.8113133668150346
9538,192,26,0.6,0.6,-0.007597044110298157,0.3682031035423279,0.6503106713094753
9539,192,27,0.6,0.6,0.06995395570993423,0.4926367998123169,0.5408101938962383
9540,192,28,0.6,0.6,-0.057408154010772705,0.28887125849723816,0.7273146325689758
9541,192,29,0.6,0.6,-0.04481571167707443,0.415935218334198,0.670572252539047
9542,192,30,0.6,0.6,-0.2237905114889145,0.2006780207157135,0.915471927455281
9543,192,31,0.6,0.6,0.0181456059217453,0.46350932121276855,0.5976489281375581
9544,192,32,0.6,0.6,-0.05797473341226578,0.4335545301437378,0.6787008503343827
9545,192,33,0.6,0.6,0.033778395503759384,0.45665818452835083,0.5840837110046859
9546,192,34,0.6,0.6,-0.0838603526353836,0.4089611768722534,0.7100428253624043
9547,192,35,0.6,0.6,-0.027640320360660553,0.4810042679309845,0.6388210672739851
9548,192,36,0.6,0.6,-0.04284997284412384,0.4510858356952667,0.6598723481979434
9549,192,37,0.6,0.6,-0.06763267517089844,0.42819327116012573,0.6893844653243272
9550,192,38,0.6,0.6,-0.05188316851854324,0.4307609498500824,0.6734935200084866
9551,192,39,0.6,0.6,-0.05673852562904358,0.44933104515075684,0.673800137281652
9552,192,40,0.6,0.6,-0.09061820805072784,0.3325120806694031,0.7406100838356242
9553,192,41,0.6,0.6,-0.047491468489170074,0.3859627842903137,0.6819509743926
9554,192,42,0.6,0.6,-0.0677119567990303,0.4201723039150238,0.6915036207653729
9555,192,43,0.6,0.6,-0.004545226693153381,0.363432377576828,0.6491834648975809
9556,192,44,0.6,0.6,-0.0636192113161087,0.45144328474998474,0.6800437892324936
9557,192,45,0.6,0.6,-0.04432731866836548,0.479754239320755,0.655451551637263
9558,192,46,0.6,0.6,0.05842892453074455,0.4439634084701538,0.5636014972311358
9559,192,47,0.6,0.6,0.005445621907711029,0.290596604347229,0.6702427692636256
9560,192,48,0.6,0.6,-0.07172848284244537,0.42373013496398926,0.6944711800943412
9561,192,49,0.6,0.6,-0.03466034680604935,0.4674224555492401,0.6483599009042493
9562,193,0,0.8,0.6,-0.34911054372787476,-0.04739437624812126,1.3189293082285594
9563,193,1,0.8,0.6,-0.4342952370643616,-0.02250991016626358,1.3823904370672484
9564,193,2,0.8,0.6,-0.32463884353637695,0.049489445984363556,1.2521479139755982
9565,193,3,0.8,0.6,-0.38920456171035767,-0.028258349746465683,1.3449594951591948
9566,193,4,0.8,0.6,-0.44309771060943604,-0.014376513659954071,1.3866327627239237
9567,193,5,0.8,0.6,-0.5459629893302917,-0.15677054226398468,1.5441237069242415
9568,193,6,0.8,0.6,-0.26883643865585327,-0.035904403775930405,1.2436984133382776
9569,193,7,0.8,0.6,-0.5138046145439148,-0.14705140888690948,1.5113465428937207
9570,193,8,0.8,0.6,-0.38982224464416504,-0.07752764225006104,1.3692043966709302
9571,193,9,0.8,0.6,-0.43087834119796753,0.020183969289064407,1.3606057916603342
9572,193,10,0.8,0.6,-0.4385206699371338,-0.05784017965197563,1.402386234896104
9573,193,11,0.8,0.6,-0.5326406359672546,-0.16670796275138855,1.5374563944312676
9574,193,12,0.8,0.6,-0.4048748016357422,-0.05346164479851723,1.3706696935584273
9575,193,13,0.8,0.6,-0.3839515447616577,-0.056490492075681686,1.3537802726178596
9576,193,14,0.8,0.6,-0.40798068046569824,-0.04402139410376549,1.3689342133359548
9577,193,15,0.8,0.6,-0.4516388773918152,-0.020430192351341248,1.3969729786147496
9578,193,16,0.8,0.6,-0.48941028118133545,-0.11709974706172943,1.4754019521649437
9579,193,17,0.8,0.6,-0.3666238784790039,-0.02738790586590767,1.3246232891898748
9580,193,18,0.8,0.6,-0.4121430516242981,0.003952380269765854,1.3507640588152854
9581,193,19,0.8,0.6,-0.1352723389863968,0.08593490719795227,1.0672381494824215
9582,193,20,0.8,0.6,-0.4668125510215759,-0.05270395800471306,1.4250742072681026
9583,193,21,0.8,0.6,-0.44230473041534424,-0.080515056848526,1.416482186901725
9584,193,22,0.8,0.6,-0.37990474700927734,-0.04247692599892616,1.343484950587857
9585,193,23,0.8,0.6,-0.3807954788208008,-0.025408778339624405,1.3361938866900662
9586,193,24,0.8,0.6,-0.5244382619857788,-0.09851251542568207,1.4973498068314646
9587,193,25,0.8,0.6,-0.39250999689102173,-0.07037179172039032,1.3680198945261839
9588,193,26,0.8,0.6,-0.38894760608673096,-0.04576343670487404,1.352999196675393
9589,193,27,0.8,0.6,-0.4435780644416809,-0.0095021091401577,1.3849112691457233
9590,193,28,0.8,0.6,-0.4613521695137024,-0.03982144221663475,1.4143481797128663
9591,193,29,0.8,0.6,-0.547558069229126,-0.09818616509437561,1.517687935997951
9592,193,30,0.8,0.6,-0.2286233752965927,0.18173041939735413,1.1104123064267923
9593,193,31,0.8,0.6,-0.31701117753982544,-0.04497213289141655,1.289846123750973
9594,193,32,0.8,0.6,-0.5607713460922241,-0.1469932496547699,1.5523200608687104
9595,193,33,0.8,0.6,-0.33138811588287354,-0.03980311378836632,1.2997642452284521
9596,193,34,0.8,0.6,-0.4207199215888977,-0.04805247113108635,1.3820742137465383
9597,193,35,0.8,0.6,-0.4432559013366699,-0.10921190679073334,1.431316444725695
9598,193,36,0.8,0.6,-0.3685876131057739,-0.05955040082335472,1.3418657685217616
9599,193,37,0.8,0.6,-0.5558875799179077,-0.14049886167049408,1.544917374331371
9600,193,38,0.8,0.6,-0.5856552124023438,-0.11028771102428436,1.5570963361622496
9601,193,39,0.8,0.6,-0.2642473578453064,-0.04201245680451393,1.2429008139722508
9602,193,40,0.8,0.6,-0.4941626191139221,-0.07627741992473602,1.460208215773307
9603,193,41,0.8,0.6,-0.3389463424682617,-0.009143412113189697,1.2916092549771894
9604,193,42,0.8,0.6,-0.3764640688896179,0.03253274783492088,1.306172571932247
9605,193,43,0.8,0.6,-0.4341312646865845,-0.05884447321295738,1.3989839235531507
9606,193,44,0.8,0.6,-0.4195827841758728,-0.05344201251864433,1.3836071086773838
9607,193,45,0.8,0.6,-0.5215417742729187,-0.15265235304832458,1.5208412887930134
9608,193,46,0.8,0.6,-0.49834543466567993,-0.1526213437318802,1.5007130820906422
9609,193,47,0.8,0.6,-0.5202669501304626,-0.1239716112613678,1.5057356054497666
9610,193,48,0.8,0.6,-0.5178059339523315,-0.14547747373580933,1.5140505749173312
9611,194,0,1.0,0.6,0.07719308882951736,0.0002954714000225067,1.1005535502315769
9612,194,1,1.0,0.6,-0.38902682065963745,-0.06710276007652283,1.5409158319043696
9613,194,2,1.0,0.6,-0.0644712746143341,0.09947459399700165,1.1762758080201818
9614,194,3,1.0,0.6,-0.15632688999176025,0.029264815151691437,1.289507862613427
9615,194,4,1.0,0.6,-0.17206163704395294,0.020950455218553543,1.3072975393313304
9616,194,5,1.0,0.6,-0.3101930618286133,-0.054745208472013474,1.4646832924837017
9617,194,6,1.0,0.6,-0.3348725438117981,-0.04296732321381569,1.481651675308107
9618,194,7,1.0,0.6,-0.4475066661834717,-0.054560769349336624,1.5886237280793662
9619,194,8,1.0,0.6,-0.12388883531093597,0.03885821998119354,1.2561871721281215
9620,194,9,1.0,0.6,-0.4250582456588745,-0.05510462448000908,1.5684237541351644
9621,194,10,1.0,0.6,-0.38557934761047363,-0.0644269585609436,1.5366500290525529
9622,194,11,1.0,0.6,-0.4489794969558716,-0.13219992816448212,1.6234710707008497
9623,194,12,1.0,0.6,-0.20351864397525787,0.1617630273103714,1.2808234736403818
9624,194,13,1.0,0.6,-0.04908771067857742,0.06659617274999619,1.176904697765189
9625,194,14,1.0,0.6,-0.08840571343898773,0.027689363807439804,1.2297017774020516
9626,194,15,1.0,0.6,-0.374542772769928,-0.0714070051908493,1.5297565822029944
9627,194,16,1.0,0.6,-0.15328538417816162,0.05252581834793091,1.2766343082240006
9628,194,17,1.0,0.6,-0.26600468158721924,-0.026188917458057404,1.4124023556154424
9629,194,18,1.0,0.6,-0.1138964295387268,0.024267636239528656,1.253887160162486
9630,194,19,1.0,0.6,-0.11798346042633057,0.015210751444101334,1.2616915165813731
9631,194,20,1.0,0.6,-0.21317820250988007,0.022270286455750465,1.3437161057891003
9632,194,21,1.0,0.6,-0.19371233880519867,-0.006272125989198685,1.338848400143661
9633,194,22,1.0,0.6,-0.29481130838394165,-0.024643748998641968,1.4376077829095157
9634,194,23,1.0,0.6,-0.10988514125347137,0.07228173315525055,1.2289554898111095
9635,194,24,1.0,0.6,-0.1279432773590088,0.03117482177913189,1.2632569494435344
9636,194,25,1.0,0.6,-0.32995671033859253,-0.05569423362612724,1.4828080723361352
9637,194,26,1.0,0.6,-0.18327052891254425,0.0017949007451534271,1.3258878102492204
9638,194,27,1.0,0.6,-0.4094182252883911,-0.11621242761611938,1.5809553995122232
9639,194,28,1.0,0.6,-0.22718138992786407,0.0022675693035125732,1.3650121693566015
9640,194,29,1.0,0.6,-0.5009024143218994,-0.1055978536605835,1.658486173716178
9641,194,30,1.0,0.6,-0.19214366376399994,-7.426738739013672e-05,1.3346518802418728
9642,194,31,1.0,0.6,-0.18045705556869507,-0.0012984313070774078,1.324778722479443
9643,194,32,1.0,0.6,-0.24051959812641144,-0.00903172418475151,1.3819582173130867
9644,194,33,1.0,0.6,-0.20496363937854767,-0.010980866849422455,1.3510125802080697
9645,194,34,1.0,0.6,-0.13446316123008728,0.02132307179272175,1.2735280332319248
9646,194,35,1.0,0.6,-0.24823857843875885,0.02111939527094364,1.3759368819950615
9647,194,36,1.0,0.6,-0.08466224372386932,0.05066167563199997,1.2158391248761247
9648,194,37,1.0,0.6,-0.2568148374557495,-0.0019552186131477356,1.3935327842804863
9649,194,38,1.0,0.6,-0.2232898622751236,0.008674044162034988,1.358714272094311
9650,194,39,1.0,0.6,-0.29379552602767944,-0.015356652438640594,1.4326795429787254
9651,194,40,1.0,0.6,-0.12617400288581848,0.036465950310230255,1.259300802007058
9652,194,41,1.0,0.6,-0.1722102016210556,0.026550857350230217,1.304960028502878
9653,194,42,1.0,0.6,-0.24787528812885284,0.10185319185256958,1.3436305210846249
9654,194,43,1.0,0.6,-0.42950212955474854,-0.11665579676628113,1.599084697394192
9655,194,44,1.0,0.6,-0.4530496597290039,-0.08423000574111938,1.6060896657394526
9656,194,45,1.0,0.6,0.15901894867420197,0.05327753722667694,1.0030725696528502
9657,194,46,1.0,0.6,-0.1581321358680725,0.07771715521812439,1.2704524446368672
9658,194,47,1.0,0.6,-0.19342350959777832,0.012408522889018059,1.330234346735245
9659,194,48,1.0,0.6,-0.3915819525718689,-0.12619660794734955,1.5696693422877226
9660,194,49,1.0,0.6,-0.5104027986526489,-0.037345435470342636,1.6393675055620185
9661,195,0,-1.0,0.8,-0.2650145888328552,-0.019321613013744354,1.1006777276659963
9662,195,1,-1.0,0.8,-0.2947201132774353,-0.0025072433054447174,1.068380828250441
9663,195,2,-1.0,0.8,-0.18912485241889954,-0.009886171668767929,1.1460515328836502
9664,195,3,-1.0,0.8,-0.15122248232364655,0.022405976429581642,1.1511193422079506
9665,195,4,-1.0,0.8,-0.17510466277599335,-0.01156594604253769,1.1571912556487052
9666,195,5,-1.0,0.8,-0.2962428331375122,0.02515113353729248,1.0467401376506293
9667,195,6,-1.0,0.8,-0.12741993367671967,0.04663693159818649,1.152801754412499
9668,195,7,-1.0,0.8,-0.2793722152709961,0.017759574577212334,1.0635809735459993
9669,195,8,-1.0,0.8,-0.2003975659608841,0.015292132273316383,1.1203260642301585
9670,195,9,-1.0,0.8,-0.15398640930652618,0.029010463505983353,1.144623895007143
9671,195,10,-1.0,0.8,-0.24539946019649506,0.020251546055078506,1.085094293645136
9672,195,11,-1.0,0.8,-0.26977109909057617,0.010459782555699348,1.0754571133640705
9673,195,12,-1.0,0.8,-0.4571458697319031,-0.1340939849615097,1.0803805715998438
9674,195,13,-1.0,0.8,-0.39146363735198975,-0.09001445770263672,1.0781661465584
9675,195,14,-1.0,0.8,-0.2686251997947693,0.02407117560505867,1.0662901288590065
9676,195,15,-1.0,0.8,-0.17086344957351685,0.03826025128364563,1.1259284453408143
9677,195,16,-1.0,0.8,-0.2428826540708542,0.02790244296193123,1.0813701092091217
9678,195,17,-1.0,0.8,-0.2929924726486206,-0.005274053663015366,1.0715997131552324
9679,195,18,-1.0,0.8,-0.15788254141807556,0.007026201114058495,1.156706211519624
9680,195,19,-1.0,0.8,-0.2731170058250427,-0.006402250379323959,1.0856534790795769
9681,195,20,-1.0,0.8,-0.3072590231895447,-0.008127294480800629,1.0644058366230253
9682,195,21,-1.0,0.8,-0.3589286804199219,-0.006803903728723526,1.0304877368799932
9683,195,22,-1.0,0.8,-0.23757492005825043,0.0004450567066669464,1.104798673908051
9684,195,23,-1.0,0.8,-0.15606805682182312,0.03658297657966614,1.1379923885353787
9685,195,24,-1.0,0.8,-0.24033726751804352,-0.008997064083814621,1.1097584047071616
9686,195,25,-1.0,0.8,-0.3373558521270752,-0.0364699624478817,1.0671360104446832
9687,195,26,-1.0,0.8,-0.27026623487472534,-0.017166774719953537,1.095569671755348
9688,195,27,-1.0,0.8,-0.3635181784629822,-0.004855293780565262,1.0261097178536418
9689,195,28,-1.0,0.8,-0.3263079524040222,-0.01319892331957817,1.056008268851235
9690,195,29,-1.0,0.8,-0.13312485814094543,0.09175239503383636,1.1194137668947364
9691,195,30,-1.0,0.8,-0.21204008162021637,0.05250173062086105,1.0861097990985458
9692,195,31,-1.0,0.8,-0.35880523920059204,0.020489538088440895,1.0093400227406928
9693,195,32,-1.0,0.8,-0.09593591094017029,0.053176358342170715,1.1726369552707443
9694,195,33,-1.0,0.8,-0.25584840774536133,0.0030336081981658936,1.0903747162864466
9695,195,34,-1.0,0.8,-0.2756109833717346,0.09733997285366058,1.0091930247286491
9696,195,35,-1.0,0.8,-0.2141541987657547,0.16621845960617065,1.009570534564806
9697,195,36,-1.0,0.8,-0.3279801607131958,0.02300453931093216,1.0272938286227944
9698,195,37,-1.0,0.8,-0.5395034551620483,-0.08243948221206665,0.9953675238696469
9699,195,38,-1.0,0.8,-0.38830357789993286,-0.029396500438451767,1.0305683226984879
9700,195,39,-1.0,0.8,-0.4805930256843567,-0.10710789263248444,1.0452886366185554
9701,195,40,-1.0,0.8,-0.288240909576416,0.042961541563272476,1.0390900973221064
9702,195,41,-1.0,0.8,-0.32608258724212646,0.040818341076374054,1.0151460340582998
9703,195,42,-1.0,0.8,-0.2983875870704651,-0.00013649091124534607,1.0641796756490727
9704,195,43,-1.0,0.8,-0.1671871542930603,0.02504827082157135,1.1375972127827703
9705,195,44,-1.0,0.8,-0.29047691822052,0.020015854388475418,1.054418451556682
9706,195,45,-1.0,0.8,-0.08456796407699585,0.0963403508067131,1.1546223253934405
9707,195,46,-1.0,0.8,-0.3849000334739685,-0.0023498982191085815,1.0109962057260844
9708,195,47,-1.0,0.8,-0.20092596113681793,-0.020836535841226578,1.1455531145071116
9709,195,48,-1.0,0.8,-0.30542564392089844,-0.012048494070768356,1.0685767603898662
9710,195,49,-1.0,0.8,-0.34086108207702637,0.012767460197210312,1.0267420244857124
9711,196,0,-0.8,0.8,-0.05655376613140106,0.20532871782779694,0.9520221827739812
9712,196,1,-0.8,0.8,-0.01895100623369217,0.3521902859210968,0.9003172055930017
9713,196,2,-0.8,0.8,0.05375976115465164,0.3026469349861145,0.9880616382825285
9714,196,3,-0.8,0.8,-0.012731507420539856,0.3172650933265686,0.9234850673017632
9715,196,4,-0.8,0.8,-0.01577375829219818,0.3110002279281616,0.9241923908307478
9716,196,5,-0.8,0.8,-0.007919780910015106,0.2879781723022461,0.9431635200285192
9717,196,6,-0.8,0.8,0.019378043711185455,0.24179767072200775,0.9914485457790261
9718,196,7,-0.8,0.8,-0.024374395608901978,0.28889647126197815,0.928882067474399
9719,196,8,-0.8,0.8,0.08147116005420685,0.24108974635601044,1.0437298872963723
9720,196,9,-0.8,0.8,-0.022096462547779083,0.2644353210926056,0.9444381604286537
9721,196,10,-0.8,0.8,-0.013883940875530243,0.3205612301826477,0.9207822719934192
9722,196,11,-0.8,0.8,0.16783198714256287,0.2968687415122986,1.0907977899701395
9723,196,12,-0.8,0.8,-0.03071950376033783,0.21558444201946259,0.9660921417258521
9724,196,13,-0.8,0.8,0.02749543823301792,0.2710297405719757,0.9821192573490277
9725,196,14,-0.8,0.8,0.008651766926050186,0.2577328383922577,0.9736382052439913
9726,196,15,-0.8,0.8,0.1604294776916504,0.18136245012283325,1.1424260149948795
9727,196,16,-0.8,0.8,0.01217467337846756,0.24920569360256195,0.9813266877229293
9728,196,17,-0.8,0.8,-0.029415346682071686,0.27439063787460327,0.9327732358311844
9729,196,18,-0.8,0.8,-0.05055955797433853,0.24080294370651245,0.9350734323628924
9730,196,19,-0.8,0.8,0.0017184242606163025,0.22790776193141937,0.9849070822454488
9731,196,20,-0.8,0.8,0.09183472394943237,0.2993285059928894,1.0227615165586124
9732,196,21,-0.8,0.8,-0.015988789498806,0.23377525806427002,0.9671008409528613
9733,196,22,-0.8,0.8,-0.019353501498699188,0.24300529062747955,0.9589849122334095
9734,196,23,-0.8,0.8,-0.0890282690525055,0.27218323945999146,0.8854780262171532
9735,196,24,-0.8,0.8,0.03526567667722702,0.2719631791114807,0.988175912906766
9736,196,25,-0.8,0.8,-0.037742309272289276,0.20141375064849854,0.9691967215102619
9737,196,26,-0.8,0.8,0.052625931799411774,0.25818774104118347,1.0102135930261833
9738,196,27,-0.8,0.8,0.035430215299129486,0.21891333162784576,1.0176469725767379
9739,196,28,-0.8,0.8,-0.17014674842357635,0.15173186361789703,0.903862099642262
9740,196,29,-0.8,0.8,-0.013876460492610931,0.28372180461883545,0.9404963553324689
9741,196,30,-0.8,0.8,0.033632732927799225,0.2716211676597595,0.9869790898868667
9742,196,31,-0.8,0.8,0.0560666024684906,0.3090389370918274,0.9868600676660635
9743,196,32,-0.8,0.8,0.009399190545082092,0.27568021416664124,0.9643849270241491
9744,196,33,-0.8,0.8,0.04978081211447716,0.23638816177845,1.0196988441796995
9745,196,34,-0.8,0.8,-0.06449979543685913,0.3052564859390259,0.8864150808835687
9746,196,35,-0.8,0.8,0.03083045408129692,0.4238944947719574,0.9119948434567903
9747,196,36,-0.8,0.8,-0.0025288648903369904,0.255688339471817,0.965523378857313
9748,196,37,-0.8,0.8,0.0013594329357147217,0.4326469898223877,0.881547034957071
9749,196,38,-0.8,0.8,-0.011049404740333557,0.37264126539230347,0.8972616841290358
9750,196,39,-0.8,0.8,0.09259043633937836,0.28383854031562805,1.0310869699050722
9751,196,40,-0.8,0.8,-0.011073149740695953,0.3661375343799591,0.9003567149380115
9752,196,41,-0.8,0.8,-0.003351975232362747,0.27794256806373596,0.952466292110154
9753,196,42,-0.8,0.8,0.00432334840297699,0.21262173354625702,0.9959665037983864
9754,196,43,-0.8,0.8,-0.1075422614812851,0.2122517079114914,0.9082652555764817
9755,196,44,-0.8,0.8,-0.01683191955089569,0.19645419716835022,0.9887465693240284
9756,196,45,-0.8,0.8,-0.022745594382286072,0.2863386273384094,0.9316503726273796
9757,196,46,-0.8,0.8,0.07134826481342316,0.2739085853099823,1.0178506644905763
9758,196,47,-0.8,0.8,0.01130659505724907,0.25698307156562805,0.9762611206791384
9759,196,48,-0.8,0.8,-0.0014095567166805267,0.24872955679893494,0.9703843556295348
9760,197,0,-0.6,0.8,-0.08282656967639923,0.3869294822216034,0.6618879132378782
9761,197,1,-0.6,0.8,-0.17741996049880981,0.2639707028865814,0.6825696280590963
9762,197,2,-0.6,0.8,-0.19307513535022736,0.2768310606479645,0.662792263513214
9763,197,3,-0.6,0.8,-0.05535789579153061,0.43101128935813904,0.657866012389888
9764,197,4,-0.6,0.8,-0.17368793487548828,0.30036014318466187,0.6567967443503184
9765,197,5,-0.6,0.8,-0.11182321608066559,0.3706362843513489,0.6501305812476754
9766,197,6,-0.6,0.8,-0.1834552139043808,0.30607840418815613,0.64611771499686
9767,197,7,-0.6,0.8,-0.1785816103219986,0.28540825843811035,0.6651301524081572
9768,197,8,-0.6,0.8,-0.12496109306812286,0.27955588698387146,0.7046446181389435
9769,197,9,-0.6,0.8,-0.04249089956283569,0.3791751265525818,0.6985055269518572
9770,197,10,-0.6,0.8,-0.1576123982667923,0.3027413487434387,0.6655621356543306
9771,197,11,-0.6,0.8,-0.12244437634944916,0.3973004221916199,0.6246809774975657
9772,197,12,-0.6,0.8,-0.1722266674041748,0.26799553632736206,0.682655677078679
9773,197,13,-0.6,0.8,-0.1614164412021637,0.26283538341522217,0.6934705209008142
9774,197,14,-0.6,0.8,-0.06235896795988083,0.3750658929347992,0.685293276401034
9775,197,15,-0.6,0.8,-0.08591003715991974,0.3518330752849579,0.6820132566904058
9776,197,16,-0.6,0.8,-0.1968204528093338,0.28359830379486084,0.6551522411748398
9777,197,17,-0.6,0.8,-0.04559190571308136,0.3729855418205261,0.6997925996358939
9778,197,18,-0.6,0.8,-0.014378800988197327,0.39826104044914246,0.7101734860954941
9779,197,19,-0.6,0.8,-0.05959074944257736,0.39995867013931274,0.6723653944729328
9780,197,20,-0.6,0.8,-0.154585063457489,0.2469533234834671,0.7101092113901577
9781,197,21,-0.6,0.8,-0.18030761182308197,0.2639401853084564,0.6808096838476791
9782,197,22,-0.6,0.8,-0.047449201345443726,0.3774741590023041,0.6955864226712581
9783,197,23,-0.6,0.8,-0.16067427396774292,0.25743210315704346,0.6981310881477483
9784,197,24,-0.6,0.8,-0.06693323701620102,0.3537271022796631,0.6952119626687475
9785,197,25,-0.6,0.8,-0.12069793045520782,0.3313908278942108,0.6703171115610834
9786,197,26,-0.6,0.8,-0.10994276404380798,0.34889307618141174,0.6660732326329384
9787,197,27,-0.6,0.8,-0.06445092707872391,0.41612526774406433,0.6589177638912193
9788,197,28,-0.6,0.8,-0.17950919270515442,0.26403355598449707,0.6812287047167744
9789,197,29,-0.6,0.8,-0.14251211285591125,0.35848602652549744,0.6357906539552199
9790,197,30,-0.6,0.8,-0.16610923409461975,0.3319903612136841,0.6381960660603099
9791,197,31,-0.6,0.8,-0.050095416605472565,0.40655288100242615,0.6761624703322419
9792,197,32,-0.6,0.8,-0.08195967972278595,0.3967374861240387,0.6564955662687132
9793,197,33,-0.6,0.8,-0.08332999050617218,0.3732406795024872,0.6701279104334119
9794,197,34,-0.6,0.8,-0.05456177890300751,0.4099409878253937,0.6705586372660346
9795,197,35,-0.6,0.8,0.11985938251018524,0.4410138726234436,0.8044057248905943
9796,197,36,-0.6,0.8,-0.020110443234443665,0.39496856927871704,0.7073346859287213
9797,197,37,-0.6,0.8,-0.05940001457929611,0.363267183303833,0.6949704291667618
9798,197,38,-0.6,0.8,-0.04549684375524521,0.36409032344818115,0.7053304164694064
9799,197,39,-0.6,0.8,-0.12019236385822296,0.33782267570495605,0.6662006055179522
9800,197,40,-0.6,0.8,-0.1731797307729721,0.2714885473251343,0.6793378377740559
9801,197,41,-0.6,0.8,-0.03498982638120651,0.3794689178466797,0.7043315180721234
9802,197,42,-0.6,0.8,-0.10748507082462311,0.3637511730194092,0.65793920274032
9803,197,43,-0.6,0.8,-0.06920072436332703,0.3805011808872223,0.6765553416043891
9804,197,44,-0.6,0.8,-0.13467106223106384,0.3093380928039551,0.6762249089603448
9805,197,45,-0.6,0.8,-0.09813831746578217,0.3829134404659271,0.6525537116131099
9806,197,46,-0.6,0.8,-0.16827423870563507,0.28962770104408264,0.6684811265149879
9807,197,47,-0.6,0.8,-0.14069399237632751,0.3290064334869385,0.6578730487988474
9808,197,48,-0.6,0.8,-0.0746210515499115,0.3547978699207306,0.6886421248381771
9809,197,49,-0.6,0.8,-0.08747623860836029,0.3678904175758362,0.670372506308112
9810,198,0,-0.4,0.8,0.006736624985933304,0.3822469711303711,0.5830542643997185
9811,198,1,-0.4,0.8,-0.03215470910072327,0.3687390387058258,0.566829934612798
9812,198,2,-0.4,0.8,0.01568981260061264,0.3595893085002899,0.6056068010575718
9813,198,3,-0.4,0.8,0.01265011727809906,0.39238402247428894,0.5800266411328621
9814,198,4,-0.4,0.8,0.007533468306064606,0.38523760437965393,0.5814734496176921
9815,198,5,-0.4,0.8,0.010401777923107147,0.4027314782142639,0.5711846441600748
9816,198,6,-0.4,0.8,-4.011020064353943e-05,0.4329897165298462,0.5428300485613854
9817,198,7,-0.4,0.8,0.029841545969247818,0.3279489278793335,0.6384324312967691
9818,198,8,-0.4,0.8,-0.007173545658588409,0.4014270305633545,0.5596186515797971
9819,198,9,-0.4,0.8,-0.030100785195827484,0.346802294254303,0.5849902474451234
9820,198,10,-0.4,0.8,-0.0601780042052269,0.29891881346702576,0.6054430975106052
9821,198,11,-0.4,0.8,-0.01766189932823181,0.3418176472187042,0.596752454226624
9822,198,12,-0.4,0.8,-0.0019113719463348389,0.39720866084098816,0.5663174186683291
9823,198,13,-0.4,0.8,0.009353622794151306,0.37255585193634033,0.5918436349311904
9824,198,14,-0.4,0.8,0.02650904655456543,0.3348614573478699,0.6310814770324289
9825,198,15,-0.4,0.8,0.02095036953687668,0.3485764265060425,0.61723776319931
9826,198,16,-0.4,0.8,-0.024715781211853027,0.3071710765361786,0.6194502342189717
9827,198,17,-0.4,0.8,-0.026134327054023743,0.35035139322280884,0.5847729567823882
9828,198,18,-0.4,0.8,-0.017314858734607697,0.34083691239356995,0.5977279133230967
9829,198,19,-0.4,0.8,-0.01490311324596405,0.3027869462966919,0.6289041524434543
9830,198,20,-0.4,0.8,0.011728346347808838,0.36069703102111816,0.6020858159265685
9831,198,21,-0.4,0.8,0.034252237528562546,0.37960514426231384,0.6044061883611659
9832,198,22,-0.4,0.8,0.06991908699274063,0.4817889928817749,0.5675228571355396
9833,198,23,-0.4,0.8,0.004120029509067535,0.3806668519973755,0.5823686867133231
9834,198,24,-0.4,0.8,0.003232218325138092,0.37937667965888977,0.5826836187076071
9835,198,25,-0.4,0.8,-0.0034254007041454315,0.36253365874290466,0.5904644041257161
9836,198,26,-0.4,0.8,0.0544307567179203,0.38495296239852905,0.6154440316332417
9837,198,27,-0.4,0.8,-0.01558530330657959,0.3224925994873047,0.6130154782534337
9838,198,28,-0.4,0.8,-0.02189134806394577,0.32305964827537537,0.6086363871574793
9839,198,29,-0.4,0.8,-0.014827921986579895,0.3307935297489166,0.607052091180532
9840,198,30,-0.4,0.8,-0.04377828538417816,0.2666366696357727,0.6413815963535716
9841,198,31,-0.4,0.8,0.031114939600229263,0.35702380537986755,0.618132671961807
9842,198,32,-0.4,0.8,-0.06318282335996628,0.27007585763931274,0.6279055718310467
9843,198,33,-0.4,0.8,-0.014623835682868958,0.3638994097709656,0.5819781033869716
9844,198,34,-0.4,0.8,-0.03370623290538788,0.3510472774505615,0.5794218419225453
9845,198,35,-0.4,0.8,-0.02052965760231018,0.3098753094673157,0.6198547838237433
9846,198,36,-0.4,0.8,-0.01533343642950058,0.3276791572570801,0.6091431224421066
9847,198,37,-0.4,0.8,0.0028114765882492065,0.33172717690467834,0.6176864273406597
9848,198,38,-0.4,0.8,-0.040437281131744385,0.303994357585907,0.6126230048786524
9849,198,39,-0.4,0.8,0.01315772533416748,0.4081801474094391,0.5694050429065345
9850,198,40,-0.4,0.8,-0.06400246918201447,0.27873721718788147,0.6201687104819277
9851,198,41,-0.4,0.8,-0.05046907067298889,0.29435208439826965,0.6146964170292346
9852,198,42,-0.4,0.8,-0.00598125159740448,0.3710329532623291,0.5824633046635531
9853,198,43,-0.4,0.8,-0.04647210240364075,0.33536189794540405,0.5838411943840542
9854,198,44,-0.4,0.8,-0.03342727571725845,0.36091282963752747,0.5719904766383737
9855,198,45,-0.4,0.8,0.029864313080906868,0.3360629379749298,0.6324720746254129
9856,198,46,-0.4,0.8,-0.00514591857790947,0.3623076379299164,0.5894780313380408
9857,198,47,-0.4,0.8,-0.022244125604629517,0.3462463915348053,0.5904166645983124
9858,198,48,-0.4,0.8,-0.0074114128947257996,0.341215044260025,0.6038289777235325
9859,198,49,-0.4,0.8,0.011917557567358017,0.3974546194076538,0.5759503951457058
9860,199,0,-0.2,0.8,-0.12250271439552307,0.22272460162639618,0.5824540452631992
9861,199,1,-0.2,0.8,-0.11305172741413116,0.21578240394592285,0.5906523526109682
9862,199,2,-0.2,0.8,-0.14245830476284027,0.1973542720079422,0.605386587362029
9863,199,3,-0.2,0.8,-0.11983934044837952,0.19722245633602142,0.6080842856753745
9864,199,4,-0.2,0.8,-0.09385746717453003,0.2903141975402832,0.5206206435626727
9865,199,5,-0.2,0.8,-0.12546715140342712,0.23951421678066254,0.5654197190679804
9866,199,6,-0.2,0.8,-0.10133056342601776,0.23271611332893372,0.5758008907517063
9867,199,7,-0.2,0.8,-0.097643181681633,0.27331963181495667,0.5365343684124924
9868,199,8,-0.2,0.8,-0.08899657428264618,0.2942281663417816,0.5178097220437105
9869,199,9,-0.2,0.8,-0.15525148808956146,0.2359442263841629,0.5658280172168564
9870,199,10,-0.2,0.8,-0.13081137835979462,0.2361825853586197,0.5680467783707269
9871,199,11,-0.2,0.8,-0.11258520185947418,0.24636244773864746,0.5604961072192123
9872,199,12,-0.2,0.8,-0.06096082180738449,0.2909887135028839,0.5276593435673504
9873,199,13,-0.2,0.8,-0.09939597547054291,0.2859930992126465,0.5237597386288334
9874,199,14,-0.2,0.8,-0.13365644216537476,0.25999945402145386,0.5440607110638337
9875,199,15,-0.2,0.8,-0.1662871092557907,0.24429823458194733,0.5567234601586962
9876,199,16,-0.2,0.8,-0.13920968770980835,0.24267278611660004,0.5606327544867247
9877,199,17,-0.2,0.8,-0.1023750752210617,0.22586296498775482,0.5823778506354319
9878,199,18,-0.2,0.8,-0.08436453342437744,0.2934991121292114,0.5195331659712006
9879,199,19,-0.2,0.8,-0.09197728335857391,0.2923367917537689,0.5190287471012084
9880,199,20,-0.2,0.8,-0.0934445708990097,0.2810797095298767,0.5297474184292863
9881,199,21,-0.2,0.8,-0.047030866146087646,0.3270106613636017,0.4971101189633074
9882,199,22,-0.2,0.8,-0.03952740877866745,0.35035598278045654,0.4774214016512226
9883,199,23,-0.2,0.8,-0.1559761017560959,0.2855490446090698,0.5163311816259313
9884,199,24,-0.2,0.8,-0.09311836957931519,0.31428590416908264,0.4973347623183297
9885,199,25,-0.2,0.8,-0.132875457406044,0.2700161039829254,0.5342177779294557
9886,199,26,-0.2,0.8,-0.09789621829986572,0.24645067751407623,0.5628872308572064
9887,199,27,-0.2,0.8,-0.09761933982372284,0.24470706284046173,0.5646521456944951
9888,199,28,-0.2,0.8,-0.11140446364879608,0.21519137918949127,0.5914814384540287
9889,199,29,-0.2,0.8,-0.08689600229263306,0.22737985849380493,0.5836834251167006
9890,199,30,-0.2,0.8,-0.15181489288806915,0.24960842728614807,0.55249677633613
9891,199,31,-0.2,0.8,-0.05873320996761322,0.27247899770736694,0.5461087014742383
9892,199,32,-0.2,0.8,-0.14458568394184113,0.2518244683742523,0.5509692912471299
9893,199,33,-0.2,0.8,-0.13806971907615662,0.2281024158000946,0.575240998633611
9894,199,34,-0.2,0.8,-0.14734207093715668,0.2396034449338913,0.5628651316462494
9895,199,35,-0.2,0.8,-0.07699130475521088,0.2979063391685486,0.5169421470077228
9896,199,36,-0.2,0.8,-0.06004749983549118,0.3040899634361267,0.5152799886150043
9897,199,37,-0.2,0.8,-0.11909139156341553,0.2295732945203781,0.5761361204120775
9898,199,38,-0.2,0.8,-0.1185375303030014,0.28448760509490967,0.5219091523147648
9899,199,39,-0.2,0.8,-0.13582096993923187,0.24662873148918152,0.5570805226471425
9900,199,40,-0.2,0.8,-0.0962299108505249,0.2747606933116913,0.5353919692080796
9901,199,41,-0.2,0.8,-0.13092979788780212,0.27699610590934753,0.5275450369909722
9902,199,42,-0.2,0.8,-0.09412036836147308,0.2922299802303314,0.5186915165807128
9903,199,43,-0.2,0.8,-0.12100714445114136,0.22564950585365295,0.5797571572252609
9904,199,44,-0.2,0.8,-0.011370055377483368,0.3060544431209564,0.5287376184544109
9905,199,45,-0.2,0.8,-0.14375807344913483,0.20756736397743225,0.5950962800478602
9906,199,46,-0.2,0.8,-0.07000300288200378,0.2090510129928589,0.6050784449180641
9907,199,47,-0.2,0.8,-0.1098538488149643,0.22613033652305603,0.5809068077003542
9908,199,48,-0.2,0.8,-0.11379784345626831,0.2265397608280182,0.5799029726635109
9909,200,0,0.0,0.8,-0.07720519602298737,0.13906556367874146,0.6654284119334308
9910,200,1,0.0,0.8,-0.1500691920518875,0.09984482824802399,0.7160572790874662
9911,200,2,0.0,0.8,-0.16103780269622803,0.06458776444196701,0.7528375190608483
9912,200,3,0.0,0.8,-0.05524008721113205,0.15675729513168335,0.6456102884878786
9913,200,4,0.0,0.8,-0.0389954149723053,0.16615377366542816,0.6350446291619508
9914,200,5,0.0,0.8,-0.11201342940330505,0.12457118928432465,0.6846539905028531
9915,200,6,0.0,0.8,-0.14891178905963898,0.07862965762615204,0.7365798610995994
9916,200,7,0.0,0.8,-0.010766394436359406,0.19458186626434326,0.6055138577316995
9917,200,8,0.0,0.8,0.01955920085310936,0.21483099460601807,0.5854957960667133
9918,200,9,0.0,0.8,0.0020463019609451294,0.17997832596302032,0.6200250508062832
9919,200,10,0.0,0.8,-0.004744112491607666,0.2035071700811386,0.5965116953991303
9920,200,11,0.0,0.8,-0.04205024987459183,0.17837509512901306,0.6230455407675904
9921,200,12,0.0,0.8,-0.07930828630924225,0.15346938371658325,0.6513767282219434
9922,200,13,0.0,0.8,-0.084824338555336,0.15477849543094635,0.6507733540716796
9923,200,14,0.0,0.8,0.04432407394051552,0.1985611468553543,0.6030699110406944
9924,200,15,0.0,0.8,-0.03143882006406784,0.1963614523410797,0.6044566945834842
9925,200,16,0.0,0.8,-0.07934853434562683,0.1597788780927658,0.645119581813292
9926,200,17,0.0,0.8,-0.05811488628387451,0.16611984372138977,0.6365386025462895
9927,200,18,0.0,0.8,-0.07946504652500153,0.15717047452926636,0.6477225427883063
9928,200,19,0.0,0.8,-0.15768170356750488,0.06116870045661926,0.7554701905600983
9929,200,20,0.0,0.8,-0.07356691360473633,0.1485205888748169,0.6556199462320699
9930,200,21,0.0,0.8,-0.020136535167694092,0.17953182756900787,0.6207948397404857
9931,200,22,0.0,0.8,-0.09447228908538818,0.12002527713775635,0.6865061085938117
9932,200,23,0.0,0.8,-0.10606157779693604,0.12264576554298401,0.6856076262860746
9933,200,24,0.0,0.8,-0.04996839165687561,0.16376648843288422,0.6381926992733451
9934,200,25,0.0,0.8,-0.016872569918632507,0.18146978318691254,0.6187603031275554
9935,200,26,0.0,0.8,-0.08674438297748566,0.14270655810832977,0.662992652094986
9936,200,27,0.0,0.8,-0.06699468940496445,0.15963903069496155,0.643855930638024
9937,200,28,0.0,0.8,-0.038030482828617096,0.1664840131998062,0.634656460737304
9938,200,29,0.0,0.8,-0.03119843453168869,0.16587379574775696,0.6348932077417316
9939,200,30,0.0,0.8,-0.0536327064037323,0.16571436822414398,0.6365490789196744
9940,200,31,0.0,0.8,0.14770419895648956,0.24280470609664917,0.5764400453971079
9941,200,32,0.0,0.8,-0.04230290651321411,0.16592279076576233,0.6354867765498705
9942,200,33,0.0,0.8,-0.13350844383239746,0.11832433938980103,0.6946266701206482
9943,200,34,0.0,0.8,-0.11297307908535004,0.15053009986877441,0.6592223204462125
9944,200,35,0.0,0.8,-0.05172017961740494,0.16480427980422974,0.6372978737879799
9945,200,36,0.0,0.8,-0.14995278418064117,0.10670289397239685,0.7093283546495063
9946,200,37,0.0,0.8,-0.13056208193302155,0.10644373297691345,0.7057384450103905
9947,200,38,0.0,0.8,-0.052246592938899994,0.1507493108510971,0.6513494943838127
9948,200,39,0.0,0.8,-0.1223410964012146,0.1177951842546463,0.6930878403887947
9949,200,40,0.0,0.8,-0.08621709048748016,0.13610653579235077,0.6694683849964534
9950,200,41,0.0,0.8,-0.018976911902427673,0.18481343984603882,0.6154791848465843
9951,200,42,0.0,0.8,-0.10152064263820648,0.13348160684108734,0.6742056135192093
9952,200,43,0.0,0.8,-0.011709928512573242,0.1653090864419937,0.6347989273611497
9953,200,44,0.0,0.8,-0.0948907881975174,0.12907898426055908,0.6775981634018714
9954,200,45,0.0,0.8,0.014032240957021713,0.19209878146648407,0.6080631507342058
9955,200,46,0.0,0.8,-0.01761997491121292,0.17294666171073914,0.6273008469431378
9956,200,47,0.0,0.8,-0.04126477986574173,0.16236408054828644,0.6389697550216288
9957,200,48,0.0,0.8,-0.14607571065425873,0.08003497123718262,0.7346344369035468
9958,200,49,0.0,0.8,-0.1263950765132904,0.09824377298355103,0.7130480471350878
9959,201,0,0.2,0.8,0.0488005205988884,0.14053024351596832,0.6765808468234046
9960,201,1,0.2,0.8,-0.02836916595697403,0.10583648085594177,0.7307636192848871
9961,201,2,0.2,0.8,0.11966623365879059,0.2668933570384979,0.539125409143593
9962,201,3,0.2,0.8,0.08041688799858093,0.20820091664791107,0.6037601143933878
9963,201,4,0.2,0.8,0.10091604292392731,0.1446404755115509,0.6628074659262516
9964,201,5,0.2,0.8,0.07165290415287018,0.20237533748149872,0.6112513511336763
9965,201,6,0.2,0.8,0.036369845271110535,0.18458786606788635,0.636794254157085
9966,201,7,0.2,0.8,0.060469336807727814,0.2148025929927826,0.6016018709569031
9967,201,8,0.2,0.8,0.05170659348368645,0.1886325627565384,0.6290954440606376
9968,201,9,0.2,0.8,0.07406751066446304,0.1731267124414444,0.6393974589601656
9969,201,10,0.2,0.8,-0.1785927265882492,0.08073216676712036,0.8128214247601047
9970,201,11,0.2,0.8,0.054695144295692444,0.2066386640071869,0.6108937519261641
9971,201,12,0.2,0.8,-0.0025517307221889496,0.1281418800354004,0.7017268250401437
9972,201,13,0.2,0.8,0.058627646416425705,0.19635571539402008,0.6199778743594198
9973,201,14,0.2,0.8,0.06580431014299393,0.1811966747045517,0.6331872065770929
9974,201,15,0.2,0.8,-0.001261487603187561,0.14136137068271637,0.6887024251599512
9975,201,16,0.2,0.8,0.030285246670246124,0.16619154810905457,0.6561373721913546
9976,201,17,0.2,0.8,0.033363766968250275,0.16331136226654053,0.658133767237254
9977,201,18,0.2,0.8,0.10508884489536285,0.2516590356826782,0.5564943310688321
9978,201,19,0.2,0.8,0.14575141668319702,0.24687568843364716,0.5557782047162626
9979,201,20,0.2,0.8,0.047363344579935074,0.19866450130939484,0.6204049730323754
9980,201,21,0.2,0.8,0.07056508958339691,0.18827390670776367,0.6252697092048646
9981,201,22,0.2,0.8,0.016784515231847763,0.13913238048553467,0.6857943747082978
9982,201,23,0.2,0.8,0.06062023341655731,0.2135246843099594,0.60281009882598
9983,201,24,0.2,0.8,-0.20300798118114471,0.004236510023474693,0.891994935453852
9984,201,25,0.2,0.8,0.09647315740585327,0.23053915798664093,0.5787948321504583
9985,201,26,0.2,0.8,0.009623795747756958,0.1572597473859787,0.6703418019755502
9986,201,27,0.2,0.8,0.08113029599189758,0.24049457907676697,0.5719932889234437
9987,201,28,0.2,0.8,0.03792289271950722,0.1519198715686798,0.6680395509039633
9988,201,29,0.2,0.8,-0.09189297258853912,0.1100982278585434,0.7491101138354067
9989,201,30,0.2,0.8,0.04906691238284111,0.14574751257896423,0.6714366047768483
9990,201,31,0.2,0.8,0.034008875489234924,0.17743074893951416,0.6443178763485944
9991,201,32,0.2,0.8,0.08902610838413239,0.23520445823669434,0.5755946565214763
9992,201,33,0.2,0.8,0.0065771229565143585,0.2019994556903839,0.6285038268446553
9993,201,34,0.2,0.8,0.04543574899435043,0.17641128599643707,0.642458552687685
9994,201,35,0.2,0.8,0.043368950486183167,0.18555963039398193,0.6340900988608636
9995,201,36,0.2,0.8,0.12380483746528625,0.24625644087791443,0.5589612080125831
9996,201,37,0.2,0.8,-0.20585431158542633,0.02042626217007637,0.8788930167811091
9997,201,38,0.2,0.8,0.08566166460514069,0.18503527343273163,0.625503692925008
9998,201,39,0.2,0.8,0.031193792819976807,0.14310503005981445,0.6782378175206851
9999,201,40,0.2,0.8,0.031091127544641495,0.15588223934173584,0.665896310839426
10000,201,41,0.2,0.8,0.019217271357774734,0.14591173827648163,0.6786117071638408
10001,201,42,0.2,0.8,0.019356947392225266,0.13929788768291473,0.6849519645024121
10002,201,43,0.2,0.8,0.07470247149467468,0.23196616768836975,0.5816888388994412
10003,201,44,0.2,0.8,0.07798641175031662,0.2187269926071167,0.5939407586966315
10004,201,45,0.2,0.8,0.02023198828101158,0.15041384100914001,0.6740020148262892
10005,201,46,0.2,0.8,-0.021331243216991425,0.44424697756767273,0.418984166996457
10006,201,47,0.2,0.8,0.036081232130527496,0.18475471436977386,0.6367072513722963
10007,201,48,0.2,0.8,-0.019315287470817566,0.20368237793445587,0.6353691066650254
10008,202,0,0.4,0.8,-0.16618911921977997,0.4227519929409027,0.6803573895776623
10009,202,1,0.4,0.8,-0.13056538999080658,0.42294788360595703,0.650897788852692
10010,202,2,0.4,0.8,-0.09205590188503265,0.43590301275253296,0.6121156971542023
10011,202,3,0.4,0.8,-0.15708807110786438,0.4198859632015228,0.6744136712299915
10012,202,4,0.4,0.8,-0.06299977749586105,0.3919292688369751,0.617163281144579
10013,202,5,0.4,0.8,-0.12216112017631531,0.4024234712123871,0.6562921084902607
10014,202,6,0.4,0.8,-0.12260177731513977,0.43071192502975464,0.6399111656848726
10015,202,7,0.4,0.8,-0.1324516385793686,0.43027931451797485,0.648226914513084
10016,202,8,0.4,0.8,-0.08179889619350433,0.4261789619922638,0.6098133688518649
10017,202,9,0.4,0.8,-0.10956965386867523,0.4372919797897339,0.6254744919408723
10018,202,10,0.4,0.8,-0.1110047698020935,0.44011610746383667,0.6250138325409057
10019,202,11,0.4,0.8,-0.06922156363725662,0.4207019507884979,0.603353864591786
10020,202,12,0.4,0.8,-0.1387205421924591,0.44390416145324707,0.6457740075370425
10021,202,13,0.4,0.8,-0.09271001815795898,0.434383362531662,0.6135459946791849
10022,202,14,0.4,0.8,-0.10656248033046722,0.4352530539035797,0.6242162134751227
10023,202,15,0.4,0.8,-0.05921081453561783,0.4126206636428833,0.600780594246307
10024,202,16,0.4,0.8,-0.11934679746627808,0.4082343578338623,0.6505393258061541
10025,202,17,0.4,0.8,-0.06599825620651245,0.4134102463722229,0.605479985133692
10026,202,18,0.4,0.8,-0.1340169906616211,0.4373044967651367,0.6455402190275094
10027,202,19,0.4,0.8,-0.06681320071220398,0.4197878837585449,0.6020596462942673
10028,202,20,0.4,0.8,-0.0678778663277626,0.4367542564868927,0.5923319744702373
10029,202,21,0.4,0.8,-0.10551360249519348,0.35882365703582764,0.6709549671169516
10030,202,22,0.4,0.8,-0.0818822830915451,0.4283151924610138,0.6085722068192182
10031,202,23,0.4,0.8,-0.050375573337078094,0.4061376452445984,0.5983023579697574
10032,202,24,0.4,0.8,-0.16481654345989227,0.40468278527259827,0.6894152798029727
10033,202,25,0.4,0.8,-0.1254751831293106,0.4245326817035675,0.6458326990742239
10034,202,26,0.4,0.8,-0.1447041630744934,0.4101748466491699,0.6698255559887831
10035,202,27,0.4,0.8,-0.15990035235881805,0.40924111008644104,0.6827744244023831
10036,202,28,0.4,0.8,-0.13565857708454132,0.4029904007911682,0.6667433787209235
10037,202,29,0.4,0.8,-0.11342170834541321,0.4579114019870758,0.6169493167925308
10038,202,30,0.4,0.8,-0.0869341641664505,0.4222477972507477,0.6162804612466568
10039,202,31,0.4,0.8,-0.09026665985584259,0.41473186016082764,0.6235326273270233
10040,202,32,0.4,0.8,-0.11608672142028809,0.37927839159965515,0.6658469612465879
10041,202,33,0.4,0.8,-0.19830544292926788,0.4325368106365204,0.7021385892941421
10042,202,34,0.4,0.8,-0.1095687597990036,0.4303108751773834,0.6295477503535429
10043,202,35,0.4,0.8,-0.06942039728164673,0.42515623569488525,0.6007190333446141
10044,202,36,0.4,0.8,-0.13548599183559418,0.4076273441314697,0.6638535595486961
10045,202,37,0.4,0.8,-0.0774809718132019,0.43276453018188477,0.6023702920432012
10046,202,38,0.4,0.8,-0.1907130628824234,0.43501314520835876,0.6943754941172885
10047,202,39,0.4,0.8,-0.09155306220054626,0.4318675100803375,0.6141220913573983
10048,202,40,0.4,0.8,-0.24240829050540924,0.3212070167064667,0.8012060487547532
10049,202,41,0.4,0.8,-0.13159120082855225,0.4007250666618347,0.6648380834387713
10050,202,42,0.4,0.8,-0.11687932908535004,0.4140024483203888,0.6451033643830854
10051,202,43,0.4,0.8,-0.16778986155986786,0.39941155910491943,0.6948787130636004
10052,202,44,0.4,0.8,-0.07474897801876068,0.4025517702102661,0.6191540095104374
10053,202,45,0.4,0.8,-0.08920347690582275,0.38383689522743225,0.6422707930388
10054,202,46,0.4,0.8,-0.132415771484375,0.4268327057361603,0.6501695034631334
10055,202,47,0.4,0.8,-0.1518738567829132,0.4112522006034851,0.6750478541081961
10056,202,48,0.4,0.8,-0.1218867152929306,0.4120900332927704,0.650261398108521
10057,203,0,0.6,0.8,0.061191100627183914,0.14395183324813843,0.8489488954830108
10058,203,1,0.6,0.8,-0.17229968309402466,0.04806385189294815,1.0778936734841713
10059,203,2,0.6,0.8,-0.3138057589530945,0.00848640687763691,1.2089395076650091
10060,203,3,0.6,0.8,-0.10737970471382141,0.09710530936717987,0.9972196311549534
10061,203,4,0.6,0.8,-0.16503480076789856,-0.0493505485355854,1.1430986837030641
10062,203,5,0.6,0.8,-0.12460914254188538,0.054159339517354965,1.0398734058934649
10063,203,6,0.6,0.8,-0.19887728989124298,0.026496466249227524,1.1119858996538172
10064,203,7,0.6,0.8,-0.2561292052268982,-0.012915890663862228,1.1805886079986798
10065,203,8,0.6,0.8,-0.07896670699119568,0.07182413339614868,0.995608297427627
10066,203,9,0.6,0.8,-0.2272276133298874,0.04510779678821564,1.1198963178461672
10067,203,10,0.6,0.8,-0.09059269726276398,0.047914475202560425,1.021053823322992
10068,203,11,0.6,0.8,-0.12270165979862213,0.056862786412239075,1.0366053286061503
10069,203,12,0.6,0.8,-0.18408513069152832,0.09427914023399353,1.0549082538687535
10070,203,13,0.6,0.8,-0.0720805674791336,0.08957706391811371,0.977953494443515
10071,203,14,0.6,0.8,-0.2347172647714615,-0.03176076337695122,1.1783797688355646
10072,203,15,0.6,0.8,-0.08167470991611481,0.09065327793359756,0.983795294888916
10073,203,16,0.6,0.8,-0.10643830895423889,0.018061071634292603,1.0537948434357778
10074,203,17,0.6,0.8,-0.1628028005361557,0.06732194870710373,1.0576791760038382
10075,203,18,0.6,0.8,-0.25300222635269165,0.0019138306379318237,1.1681414006402087
10076,203,19,0.6,0.8,-0.19047784805297852,0.040612004697322845,1.0961411203272535
10077,203,20,0.6,0.8,-0.03871982544660568,0.06040378659963608,0.9772234004027427
10078,203,21,0.6,0.8,-0.27143019437789917,-0.05832963064312935,1.2231599807520985
10079,203,22,0.6,0.8,-0.09537264704704285,0.05204598605632782,1.0212631028465007
10080,203,23,0.6,0.8,-0.26010066270828247,-0.026409443467855453,1.1927806664446223
10081,203,24,0.6,0.8,-0.2515484690666199,0.05147843062877655,1.1337633505205853
10082,203,25,0.6,0.8,-0.21949203312397003,0.08871422708034515,1.0851242523838311
10083,203,26,0.6,0.8,-0.1498192846775055,0.04977981001138687,1.060688122466183
10084,203,27,0.6,0.8,-0.16258083283901215,-0.0007070749998092651,1.1057401804077627
10085,203,28,0.6,0.8,-0.1871356964111328,0.0583094023168087,1.081520941663308
10086,203,29,0.6,0.8,-0.17401976883411407,0.021742770448327065,1.0976296815845774
10087,203,30,0.6,0.8,-0.1473742574453354,0.03555959463119507,1.0690825104043136
10088,203,31,0.6,0.8,-0.15262821316719055,0.019099149852991104,1.0845530715532363
10089,203,32,0.6,0.8,-0.17116709053516388,0.04163000360131264,1.0815839001030918
10090,203,33,0.6,0.8,-0.1210770308971405,0.09301504492759705,1.0098414782460479
10091,203,34,0.6,0.8,-0.15813635289669037,0.04023558646440506,1.0733185424926663
10092,203,35,0.6,0.8,-0.10640202462673187,0.03893239051103592,1.0383774490087851
10093,203,36,0.6,0.8,-0.23202331364154816,0.07499518245458603,1.1035827018883184
10094,203,37,0.6,0.8,-0.20939897000789642,0.05788547918200493,1.0981168674866835
10095,203,38,0.6,0.8,-0.19015894830226898,0.08200027048587799,1.0676491816905496
10096,203,39,0.6,0.8,-0.18184323608875275,0.10483185946941376,1.0462015051731126
10097,203,40,0.6,0.8,-0.13313016295433044,0.11002793908119202,1.0067478734429938
10098,203,41,0.6,0.8,-0.12786643207073212,0.08607812225818634,1.019545972702445
10099,203,42,0.6,0.8,-0.10805223882198334,0.06864289939403534,1.0179494985054938
10100,203,43,0.6,0.8,-0.11538620293140411,0.2639904022216797,0.8939148215882142
10101,203,44,0.6,0.8,-0.12553274631500244,0.061445582658052444,1.0353069078059383
10102,203,45,0.6,0.8,-0.16399942338466644,0.07204535603523254,1.055278675327979
10103,203,46,0.6,0.8,-0.1568160355091095,0.08519726991653442,1.0410155880381915
10104,203,47,0.6,0.8,-0.4617905616760254,-0.07304146885871887,1.3746274416041895
10105,203,48,0.6,0.8,-0.17438122630119324,0.08516111969947815,1.0538789818746
10106,203,49,0.6,0.8,-0.10191665589809418,0.03789003565907478,1.036097770277926
10107,204,0,0.8,0.8,-0.37158459424972534,0.07046858966350555,1.3801545348803692
10108,204,1,0.8,0.8,-0.3321042060852051,0.16314737498760223,1.2989384894678402
10109,204,2,0.8,0.8,-0.4310349225997925,-0.1439604014158249,1.5512924353910202
10110,204,3,0.8,0.8,-0.504340648651123,-0.09908771514892578,1.5841916699867313
10111,204,4,0.8,0.8,-0.30265748500823975,-0.06944386661052704,1.4042030360426374
10112,204,5,0.8,0.8,0.3489649295806885,0.1603541076183319,0.7826745826899542
10113,204,6,0.8,0.8,-0.2581970691680908,-0.007411569356918335,1.3310501416277822
10114,204,7,0.8,0.8,-0.28201824426651,0.068735271692276,1.3059523665863737
10115,204,8,0.8,0.8,-0.2777745723724365,-0.022367753088474274,1.3556868186171813
10116,204,9,0.8,0.8,-0.15830257534980774,0.1288260668516159,1.1699650740342404
10117,204,10,0.8,0.8,-0.3372759222984314,0.12288109958171844,1.3235885043106903
10118,204,11,0.8,0.8,-0.14002354443073273,0.19273017346858978,1.1191161272627639
10119,204,12,0.8,0.8,-0.2110544592142105,0.0805635154247284,1.2408948282731156
10120,204,13,0.8,0.8,-0.10900039970874786,0.15575070679187775,1.1141538845553736
10121,204,14,0.8,0.8,-0.10375414788722992,0.08373819291591644,1.1531706448356764
10122,204,15,0.8,0.8,-0.15614604949951172,0.00798318162560463,1.2415739641927994
10123,204,16,0.8,0.8,-0.2802402973175049,-0.08893430233001709,1.3989722276755767
10124,204,17,0.8,0.8,-0.3222852945327759,0.020683133974671364,1.3663305090628912
10125,204,18,0.8,0.8,-0.36684274673461914,0.0032504908740520477,1.412916054088009
10126,204,19,0.8,0.8,-0.3122204542160034,0.05256626009941101,1.3400341541610925
10127,204,20,0.8,0.8,-0.2906816601753235,-0.0436771921813488,1.3789045247767535
10128,204,21,0.8,0.8,-0.18378598988056183,0.07144992053508759,1.22418139676014
10129,204,22,0.8,0.8,-0.23679892718791962,-0.023046445101499557,1.3237663941240678
10130,204,23,0.8,0.8,-0.3134065866470337,-0.07313446700572968,1.4149339294335896
10131,204,24,0.8,0.8,-0.20716075599193573,0.07720918953418732,1.2396771128419182
10132,204,25,0.8,0.8,-0.3170934319496155,-0.025198381394147873,1.3888304807860792
10133,204,26,0.8,0.8,-0.19412599503993988,0.1314946860074997,1.1979924243710234
10134,204,27,0.8,0.8,-0.18051204085350037,0.036260612308979034,1.2428602956766106
10135,204,28,0.8,0.8,-0.3221050500869751,0.030643180012702942,1.3605255087250878
10136,204,29,0.8,0.8,-0.17350585758686066,0.014070134609937668,1.2511592257054938
10137,204,30,0.8,0.8,-0.24203158915042877,-0.02004459872841835,1.3260101721672504
10138,204,31,0.8,0.8,-0.14117246866226196,0.15937921404838562,1.138508061965782
10139,204,32,0.8,0.8,-0.27185142040252686,0.021657228469848633,1.324644456981628
10140,204,33,0.8,0.8,-0.30486583709716797,0.13025280833244324,1.292009991730329
10141,204,34,0.8,0.8,-0.20819862186908722,0.03779749199748039,1.2638896804484392
10142,204,35,0.8,0.8,-0.23346580564975739,0.01867460459470749,1.2955774561764106
10143,204,36,0.8,0.8,-0.2683137059211731,0.008958116173744202,1.3293011081867128
10144,204,37,0.8,0.8,-0.3869234323501587,-0.010711658746004105,1.4373728214658086
10145,204,38,0.8,0.8,-0.23023532330989838,0.01163061335682869,1.2972706391465048
10146,204,39,0.8,0.8,-0.26738572120666504,0.011770488694310188,1.3268828284099088
10147,204,40,0.8,0.8,-0.2833847403526306,0.06484511494636536,1.3092651376429298
10148,204,41,0.8,0.8,-0.10551437735557556,0.17866091430187225,1.0981887574610483
10149,204,42,0.8,0.8,-0.36021900177001953,-0.05069834366440773,1.4386784922217986
10150,204,43,0.8,0.8,-0.19253690540790558,-0.003207411617040634,1.2768209172288993
10151,204,44,0.8,0.8,-0.1555376946926117,0.016877735033631325,1.2354484076093692
10152,204,45,0.8,0.8,-0.2645450234413147,-0.0014269128441810608,1.332494354046059
10153,204,46,0.8,0.8,-0.12898260354995728,0.037797048687934875,1.2016497063151472
10154,204,47,0.8,0.8,-0.20900289714336395,0.09000600874423981,1.233765907319126
10155,204,48,0.8,0.8,-0.22033311426639557,0.04516861215233803,1.269192691496681
10156,204,49,0.8,0.8,-0.21065600216388702,0.18914180994033813,1.1809205236055715
10157,205,0,1.0,0.8,-0.2564586400985718,-0.010852698236703873,1.4953830320409869
10158,205,1,1.0,0.8,-0.19169697165489197,-0.05130420997738838,1.4645342366010654
10159,205,2,1.0,0.8,-0.2576906681060791,-0.007974226027727127,1.4948605843242442
10160,205,3,1.0,0.8,0.05945954471826553,0.14348453283309937,1.1470086776702895
10161,205,4,1.0,0.8,-0.15958277881145477,-0.0004445798695087433,1.4090222660975127
10162,205,5,1.0,0.8,-0.2017868608236313,0.012567028403282166,1.4367819401725355
10163,205,6,1.0,0.8,-0.22140561044216156,-0.03172468766570091,1.4777001120972404
10164,205,7,1.0,0.8,-0.274563729763031,-0.03437663987278938,1.5233834311797063
10165,205,8,1.0,0.8,-0.2116517871618271,-0.009691264480352402,1.4572920081810101
10166,205,9,1.0,0.8,-0.138466939330101,-0.03264470770955086,1.4104623997910655
10167,205,10,1.0,0.8,-0.17281408607959747,0.021968558430671692,1.4074181342362933
10168,205,11,1.0,0.8,-0.22706682980060577,-0.02038472890853882,1.4760501713096494
10169,205,12,1.0,0.8,-0.15320509672164917,0.029949212446808815,1.3866723515366124
10170,205,13,1.0,0.8,-0.19561655819416046,-0.019971702247858047,1.4497767230561056
10171,205,14,1.0,0.8,-0.14599482715129852,0.015776991844177246,1.3886359747531036
10172,205,15,1.0,0.8,-0.2992238402366638,0.04400894045829773,1.5031650172706554
10173,205,16,1.0,0.8,-0.21372874081134796,0.009277597069740295,1.4485783978671312
10174,205,17,1.0,0.8,-0.08479644358158112,0.027353761717677116,1.3318278918610582
10175,205,18,1.0,0.8,-0.17471110820770264,-0.006422962993383408,1.4248733919157859
10176,205,19,1.0,0.8,-0.21600128710269928,0.022959832102060318,1.4430698364120427
10177,205,20,1.0,0.8,-0.3209303021430969,0.13101720809936523,1.4806737787166429
10178,205,21,1.0,0.8,-0.2851959466934204,-0.006850492209196091,1.517476964627608
10179,205,22,1.0,0.8,-0.1699926108121872,-0.0007853507995605469,1.4177940215032272
10180,205,23,1.0,0.8,-0.26117926836013794,-0.02345992997288704,1.506206958957621
10181,205,24,1.0,0.8,-0.16133619844913483,0.038367923349142075,1.3888071090010257
10182,205,25,1.0,0.8,-0.30265897512435913,-0.03943793848156929,1.5497020546008942
10183,205,26,1.0,0.8,-0.26995426416397095,-0.00561847910284996,1.5039298410963997
10184,205,27,1.0,0.8,-0.19394753873348236,0.020225072279572487,1.4260293346033028
10185,205,28,1.0,0.8,-0.23016773164272308,0.0037863850593566895,1.4653561917130764
10186,205,29,1.0,0.8,-0.3005565404891968,-0.037169959396123886,1.5467064543488966
10187,205,30,1.0,0.8,-0.2355508953332901,0.003235314041376114,1.470176853221965
10188,205,31,1.0,0.8,-0.19756467640399933,0.18768641352653503,1.3450238222242064
10189,205,32,1.0,0.8,-0.21056367456912994,0.010875154286623001,1.4450544738204423
10190,205,33,1.0,0.8,-0.15975947678089142,-0.005360431969165802,1.4119658173499274
10191,205,34,1.0,0.8,-0.09607377648353577,0.08689717203378677,1.3076289101837304
10192,205,35,1.0,0.8,-0.3287827968597412,-0.05741167441010475,1.5813976415326843
10193,205,36,1.0,0.8,-0.11885824799537659,0.008653195574879646,1.3704282337945075
10194,205,37,1.0,0.8,-0.06689512729644775,-0.16018027067184448,1.4353436399818547
10195,205,38,1.0,0.8,-0.20758594572544098,-0.0031454041600227356,1.4502780273233729
10196,205,39,1.0,0.8,0.09916844218969345,0.03980892524123192,1.1787230233137191
10197,205,40,1.0,0.8,-0.16629089415073395,0.01090187393128872,1.4081584791294162
10198,205,41,1.0,0.8,-0.23391909897327423,0.007568636909127235,1.466459616907699
10199,205,42,1.0,0.8,-0.2534613013267517,-0.02810804918408394,1.502307616650872
10200,205,43,1.0,0.8,-0.10355912148952484,-0.09003192186355591,1.4177445314861443
10201,205,44,1.0,0.8,-0.03520733863115311,-0.012555845081806183,1.3160171865642192
10202,205,45,1.0,0.8,-0.2580375075340271,-0.12836827337741852,1.5634980081139203
10203,205,46,1.0,0.8,-0.4171912670135498,-0.06254476308822632,1.6590402513593199
10204,205,47,1.0,0.8,-0.351198673248291,-0.02191319689154625,1.5815432835722276
10205,205,48,1.0,0.8,-0.1513480842113495,0.020502496510744095,1.3904023766389093
10206,205,49,1.0,0.8,-0.3243270516395569,-0.053272049874067307,1.5754095755709416
10207,206,0,-1.0,1.0,0.07324151694774628,0.3327788710594177,1.2637370725768255
10208,206,1,-1.0,1.0,0.012190151959657669,0.2599157392978668,1.2538953770802164
10209,206,2,-1.0,1.0,-0.04874663054943085,0.2494192123413086,1.2117155159910278
10210,206,3,-1.0,1.0,0.03659094125032425,0.2696458697319031,1.268044926286881
10211,206,4,-1.0,1.0,-0.018814630806446075,0.2801956534385681,1.216898938305158
10212,206,5,-1.0,1.0,-0.030666857957839966,0.29685574769973755,1.197505148132659
10213,206,6,-1.0,1.0,0.009027816355228424,0.28839966654777527,1.234711370623887
10214,206,7,-1.0,1.0,-0.07708847522735596,0.24758334457874298,1.1907545951679033
10215,206,8,-1.0,1.0,-0.03104209154844284,0.2589038908481598,1.2198782198854163
10216,206,9,-1.0,1.0,0.11433157324790955,0.39278942346572876,1.2690309450097121
10217,206,10,-1.0,1.0,-0.0922977477312088,0.2397058606147766,1.184048376189653
10218,206,11,-1.0,1.0,0.02067682519555092,0.29331424832344055,1.2414450987111485
10219,206,12,-1.0,1.0,-0.0027810782194137573,0.3768482804298401,1.175909708931975
10220,206,13,-1.0,1.0,-0.07455332577228546,0.2472875565290451,1.1929071922807546
10221,206,14,-1.0,1.0,-0.03235701471567154,0.28737306594848633,1.2017362830944347
10222,206,15,-1.0,1.0,-0.015985064208507538,0.26412999629974365,1.2287351448569177
10223,206,16,-1.0,1.0,-0.17756792902946472,0.22811837494373322,1.1279165547417003
10224,206,17,-1.0,1.0,-0.013668075203895569,0.2703894376754761,1.2268586872690335
10225,206,18,-1.0,1.0,-0.04777424782514572,0.3145730793476105,1.1732620963194813
10226,206,19,-1.0,1.0,-0.13533663749694824,0.2764768600463867,1.1274433309499061
10227,206,20,-1.0,1.0,-0.07346493005752563,0.282257616519928,1.1720159405387627
10228,206,21,-1.0,1.0,-0.06533826142549515,0.24527476727962494,1.2013337348380508
10229,206,22,-1.0,1.0,-0.01377899944782257,0.24177099764347076,1.2440028464375457
10230,206,23,-1.0,1.0,-0.05971245467662811,0.25684747099876404,1.1985058820261105
10231,206,24,-1.0,1.0,-0.0741511732339859,0.25172197818756104,1.1904268343546116
10232,206,25,-1.0,1.0,0.02783445082604885,0.373989075422287,1.2034672143417653
10233,206,26,-1.0,1.0,-0.052640944719314575,0.25004613399505615,1.2082714847078342
10234,206,27,-1.0,1.0,-0.03697972744703293,0.22605332732200623,1.235476222959118
10235,206,28,-1.0,1.0,-0.04636500030755997,0.29997003078460693,1.182988448987607
10236,206,29,-1.0,1.0,-0.061564669013023376,0.22903777658939362,1.214513738238832
10237,206,30,-1.0,1.0,-0.029344230890274048,0.2598050534725189,1.2206806220182305
10238,206,31,-1.0,1.0,0.02814709022641182,0.31095176935195923,1.2376889364053607
10239,206,32,-1.0,1.0,0.0004774145781993866,0.3241002857685089,1.207392016198256
10240,206,33,-1.0,1.0,-0.035955674946308136,0.2997753322124481,1.191509985709904
10241,206,34,-1.0,1.0,-0.01681184023618698,0.24905359745025635,1.2371658971221906
10242,206,35,-1.0,1.0,0.020617220550775528,0.2908326983451843,1.2428104330995788
10243,206,36,-1.0,1.0,-0.0722070187330246,0.29219624400138855,1.1669558573887893
10244,206,37,-1.0,1.0,-0.016151636838912964,0.28687459230422974,1.2151154055463245
10245,206,38,-1.0,1.0,-0.039159491658210754,0.24018274247646332,1.224963977960616
10246,206,39,-1.0,1.0,-0.09810371696949005,0.26423799991607666,1.1639427074009034
10247,206,40,-1.0,1.0,-0.05179709941148758,0.2942671775817871,1.1820099649845788
10248,206,41,-1.0,1.0,-0.0034087933599948883,0.2462257593870163,1.249547773782124
10249,206,42,-1.0,1.0,0.001009572297334671,0.2616247534751892,1.243872247665116
10250,206,43,-1.0,1.0,-0.04692026227712631,0.2814714014530182,1.1935846569840747
10251,206,44,-1.0,1.0,0.02924850769340992,0.26023757457733154,1.2675176277497449
10252,206,45,-1.0,1.0,-0.007649868726730347,0.3255595564842224,1.1998452795622585
10253,206,46,-1.0,1.0,-0.19743429124355316,0.16442574560642242,1.158575008999038
10254,206,47,-1.0,1.0,-0.06450443714857101,0.262617826461792,1.1911693489872226
10255,206,48,-1.0,1.0,0.02813410758972168,0.3068189322948456,1.239983764334909
10256,206,49,-1.0,1.0,-0.005110513418912888,0.4201580286026001,1.1515302003437
10257,207,0,-0.8,1.0,-0.23751641809940338,0.046097081154584885,1.107392684863652
10258,207,1,-0.8,1.0,-0.23237691819667816,0.10138948261737823,1.0628719701575369
10259,207,2,-0.8,1.0,-0.2002788633108139,0.01622668467462063,1.1521611769791837
10260,207,3,-0.8,1.0,-0.1875852793455124,-0.004556763917207718,1.1765143781552891
10261,207,4,-0.8,1.0,-0.3690720200538635,-0.06883116066455841,1.1524317654021885
10262,207,5,-0.8,1.0,-0.19452759623527527,0.13334700465202332,1.0572058674005995
10263,207,6,-0.8,1.0,-0.16665443778038025,0.1423911303281784,1.066123620657129
10264,207,7,-0.8,1.0,-0.2824983596801758,0.17654669284820557,0.9725653174943759
10265,207,8,-0.8,1.0,-0.24366094172000885,0.24612393975257874,0.9369323678804362
10266,207,9,-0.8,1.0,-0.2226676195859909,0.11541114747524261,1.0563191352453922
10267,207,10,-0.8,1.0,-0.20710887014865875,0.22845321893692017,0.9730387079788758
10268,207,11,-0.8,1.0,-0.48436808586120605,-0.05716743692755699,1.1032798805937227
10269,207,12,-0.8,1.0,-0.23536692559719086,0.121524378657341,1.0442844085798366
10270,207,13,-0.8,1.0,-0.17695441842079163,0.0941055566072464,1.09946829844941
10271,207,14,-0.8,1.0,-0.21497173607349396,0.09377908706665039,1.0786539818823344
10272,207,15,-0.8,1.0,-0.17808915674686432,0.03236973285675049,1.1502527682416341
10273,207,16,-0.8,1.0,-0.2347196787595749,0.04974687471985817,1.1056775495985958
10274,207,17,-0.8,1.0,-0.2134791761636734,-0.1186622679233551,1.2630961746712195
10275,207,18,-0.8,1.0,-0.17909428477287292,0.07876424491405487,1.1109451938104244
10276,207,19,-0.8,1.0,-0.1220613569021225,0.11236384510993958,1.1169148343868491
10277,207,20,-0.8,1.0,-0.260661780834198,0.08187481760978699,1.0648190293153108
10278,207,21,-0.8,1.0,-0.2621856927871704,0.053128503262996674,1.0889489705104591
10279,207,22,-0.8,1.0,-0.19126680493354797,-0.03522839769721031,1.2009387736993693
10280,207,23,-0.8,1.0,-0.25406205654144287,0.07875403761863708,1.0708605704346958
10281,207,24,-0.8,1.0,-0.16044603288173676,0.10696664452552795,1.098425168523875
10282,207,25,-0.8,1.0,-0.19500504434108734,0.03290991485118866,1.1407375373703914
10283,207,26,-0.8,1.0,-0.21996290981769562,0.03960031270980835,1.121967283540056
10284,207,27,-0.8,1.0,-0.19137704372406006,0.030138392001390457,1.1450124198346991
10285,207,28,-0.8,1.0,-0.17231141030788422,0.07326004654169083,1.1193033132112076
10286,207,29,-0.8,1.0,-0.18475127220153809,0.06913122534751892,1.115817042655577
10287,207,30,-0.8,1.0,-0.08738818764686584,0.05998853221535683,1.1795919441365552
10288,207,31,-0.8,1.0,-0.3050258159637451,-0.023099329322576523,1.1365437433388397
10289,207,32,-0.8,1.0,-0.20052213966846466,-0.07087962329387665,1.2272558301404441
10290,207,33,-0.8,1.0,-0.17696309089660645,0.10004726052284241,1.094572941104224
10291,207,34,-0.8,1.0,-0.21734239161014557,0.024357855319976807,1.1363835105678102
10292,207,35,-0.8,1.0,-0.20318938791751862,0.048272088170051575,1.1233739025144123
10293,207,36,-0.8,1.0,-0.18922655284404755,-0.035568926483392715,1.2022675264884815
10294,207,37,-0.8,1.0,-0.19859789311885834,-0.003918338567018509,1.1702719874765177
10295,207,38,-0.8,1.0,-0.25034964084625244,0.07646310329437256,1.0747259729319398
10296,207,39,-0.8,1.0,-0.27183997631073,0.09406576305627823,1.0486514446136304
10297,207,40,-0.8,1.0,-0.14381417632102966,0.08379680663347244,1.126946372607087
10298,207,41,-0.8,1.0,-0.18820820748806,0.021444810554385185,1.154062154381607
10299,207,42,-0.8,1.0,-0.25431138277053833,0.04723028466105461,1.0979736779362503
10300,207,43,-0.8,1.0,-0.16922688484191895,0.06546153873205185,1.127491400585962
10301,207,44,-0.8,1.0,-0.22327028214931488,0.09397532045841217,1.0740101896120762
10302,207,45,-0.8,1.0,-0.24970246851444244,0.06860241293907166,1.0818173775374555
10303,207,46,-0.8,1.0,-0.36078786849975586,-0.04122078791260719,1.1300654961719423
10304,207,47,-0.8,1.0,-0.08275619149208069,0.3396277129650116,0.9749514030590274
10305,207,48,-0.8,1.0,-0.13889996707439423,-0.09715177118778229,1.2809353077164845
10306,208,0,-0.6,1.0,0.04612436890602112,0.36387407779693604,0.9067154399219761
10307,208,1,-0.6,1.0,0.05796624720096588,0.3403993844985962,0.9316611800571887
10308,208,2,-0.6,1.0,0.05711802840232849,0.3670021891593933,0.9124090813776262
10309,208,3,-0.6,1.0,0.09802135080099106,0.376268595457077,0.9360954391444964
10310,208,4,-0.6,1.0,0.040312547236680984,0.3539331555366516,0.9096166916144158
10311,208,5,-0.6,1.0,0.055034153163433075,0.35552501678466797,0.9189220564340255
10312,208,6,-0.6,1.0,0.047637976706027985,0.3656044006347656,0.9065829941962581
10313,208,7,-0.6,1.0,0.029506351798772812,0.3383409082889557,0.913274876802644
10314,208,8,-0.6,1.0,0.11575481295585632,0.4033414125442505,0.9318296100973413
10315,208,9,-0.6,1.0,0.08499427884817123,0.37425193190574646,0.9277811200808177
10316,208,10,-0.6,1.0,0.0496414490044117,0.36560145020484924,0.9080173634059769
10317,208,11,-0.6,1.0,0.07723765075206757,0.3607085049152374,0.9313132938404188
10318,208,12,-0.6,1.0,0.03908737003803253,0.31866446137428284,0.9341577932750577
10319,208,13,-0.6,1.0,0.06973903626203537,0.36863231658935547,0.9204213862946274
10320,208,14,-0.6,1.0,0.051294151693582535,0.3857893645763397,0.8952311303221083
10321,208,15,-0.6,1.0,0.11863508820533752,0.3909671902656555,0.941996472038406
10322,208,16,-0.6,1.0,0.05452849343419075,0.3513060510158539,0.9215266616684931
10323,208,17,-0.6,1.0,0.03158257156610489,0.40140706300735474,0.8701781707923585
10324,208,18,-0.6,1.0,0.10717558115720749,0.39014360308647156,0.9338212502622679
10325,208,19,-0.6,1.0,0.07103138417005539,0.3787439465522766,0.9144627944791527
10326,208,20,-0.6,1.0,0.026565659791231155,0.3506813645362854,0.902329882243784
10327,208,21,-0.6,1.0,0.04202239587903023,0.3562139868736267,0.9092047005528519
10328,208,22,-0.6,1.0,0.009567391127347946,0.3227871358394623,0.9111474456476955
10329,208,23,-0.6,1.0,0.07764965295791626,0.4142133295536041,0.8957427506972405
10330,208,24,-0.6,1.0,0.08882392942905426,0.403980016708374,0.9108887013444797
10331,208,25,-0.6,1.0,0.0923306867480278,0.394667387008667,0.9196463190617961
10332,208,26,-0.6,1.0,0.062342531979084015,0.376257985830307,0.9098086226833253
10333,208,27,-0.6,1.0,0.09397119283676147,0.3728584051132202,0.9353622808967718
10334,208,28,-0.6,1.0,0.0825459212064743,0.42730188369750977,0.8909837635849575
10335,208,29,-0.6,1.0,0.013773970305919647,0.3888043165206909,0.8661862675711453
10336,208,30,-0.6,1.0,0.06666834652423859,0.37397217750549316,0.9145258436996606
10337,208,31,-0.6,1.0,0.04805076867341995,0.37350764870643616,0.901366997957851
10338,208,32,-0.6,1.0,0.06156919524073601,0.3816785514354706,0.9055358710986623
10339,208,33,-0.6,1.0,0.06838183104991913,0.38319697976112366,0.9094944957796294
10340,208,34,-0.6,1.0,0.03098372183740139,0.3548382818698883,0.9024267836031779
10341,208,35,-0.6,1.0,0.09371216595172882,0.39741435647010803,0.9188830322613281
10342,208,36,-0.6,1.0,0.0781310424208641,0.4398016035556793,0.8795930616333874
10343,208,37,-0.6,1.0,0.10472815483808517,0.40145185589790344,0.9246089189649623
10344,208,38,-0.6,1.0,0.09125660359859467,0.3797599971294403,0.9287267376249789
10345,208,39,-0.6,1.0,0.038195520639419556,0.3816261291503906,0.8886392781740796
10346,208,40,-0.6,1.0,0.11903636157512665,0.4181123375892639,0.9249900220721449
10347,208,41,-0.6,1.0,0.05540291965007782,0.3865901231765747,0.8976773719273401
10348,208,42,-0.6,1.0,0.07295428216457367,0.39697790145874023,0.9036056203968308
10349,208,43,-0.6,1.0,0.07424470782279968,0.41423332691192627,0.8931564931901479
10350,208,44,-0.6,1.0,0.09722193330526352,0.3936091959476471,0.9240282633779058
10351,208,45,-0.6,1.0,0.143314927816391,0.4093688726425171,0.949400974571997
10352,208,46,-0.6,1.0,0.05617028847336769,0.379639208316803,0.9029988700618764
10353,208,47,-0.6,1.0,0.027742721140384674,0.4311920702457428,0.8471147412812852
10354,208,48,-0.6,1.0,0.062306053936481476,0.394822895526886,0.8971558598478727
10355,209,0,-0.4,1.0,-0.11822234094142914,0.5117449760437012,0.5637300928308636
10356,209,1,-0.4,1.0,-0.012443803250789642,0.4057055413722992,0.7094967999887699
10357,209,2,-0.4,1.0,-0.08325470983982086,0.6036954522132874,0.507331127997373
10358,209,3,-0.4,1.0,0.06191697344183922,0.46835318207740784,0.7042837704795466
10359,209,4,-0.4,1.0,-0.05732932686805725,0.4536774158477783,0.6448965468813274
10360,209,5,-0.4,1.0,-0.03398633748292923,0.41422849893569946,0.6907200971509979
10361,209,6,-0.4,1.0,-0.11321313679218292,0.5148240923881531,0.5635976989267776
10362,209,7,-0.4,1.0,-0.046123430132865906,0.4379385709762573,0.6641849717489401
10363,209,8,-0.4,1.0,-0.28187042474746704,0.4355672001838684,0.5766619304736711
10364,209,9,-0.4,1.0,-0.058318644762039185,0.5391002893447876,0.5737374763768776
10365,209,10,-0.4,1.0,-0.05040503293275833,0.5236418843269348,0.5908753636481547
10366,209,11,-0.4,1.0,-0.05447615683078766,0.5781754851341248,0.5452730027612347
10367,209,12,-0.4,1.0,-0.06516902893781662,0.3259275555610657,0.7526522699987855
10368,209,13,-0.4,1.0,-0.08240137994289398,0.4866139590740204,0.6036837835156992
10369,209,14,-0.4,1.0,-0.004575267434120178,0.5054994225502014,0.6331599641662301
10370,209,15,-0.4,1.0,-0.09870052337646484,0.6043878197669983,0.4972829896169034
10371,209,16,-0.4,1.0,-0.05757208913564682,0.4814787805080414,0.6213864572086789
10372,209,17,-0.4,1.0,-0.0750485211610794,0.3981534540653229,0.6839683680208485
10373,209,18,-0.4,1.0,-0.06696467846632004,0.4869604706764221,0.6116552002865666
10374,209,19,-0.4,1.0,-0.09414075314998627,0.5722194910049438,0.525876451992031
10375,209,20,-0.4,1.0,-0.1111249327659607,0.4776330590248108,0.5969221268249717
10376,209,21,-0.4,1.0,-0.06451098620891571,0.6264134645462036,0.5021153033386704
10377,209,22,-0.4,1.0,-0.028348319232463837,0.5391079187393188,0.5920696600790628
10378,209,23,-0.4,1.0,-0.04560516029596329,0.48380985856056213,0.6261373367945061
10379,209,24,-0.4,1.0,-0.07364103198051453,0.49282994866371155,0.6031016804645772
10380,209,25,-0.4,1.0,-0.06309304386377335,0.6568560004234314,0.48088886609941545
10381,209,26,-0.4,1.0,-0.04888869822025299,0.44373419880867004,0.6578075613828871
10382,209,27,-0.4,1.0,-0.07617571949958801,0.504237949848175,0.5921504665305518
10383,209,28,-0.4,1.0,-0.03079734742641449,0.5034016966819763,0.6188056831717947
10384,209,29,-0.4,1.0,-0.028848841786384583,0.6644373536109924,0.5003553456243895
10385,209,30,-0.4,1.0,0.01778235286474228,0.46028104424476624,0.6825237326032847
10386,209,31,-0.4,1.0,-0.03572029620409012,0.6320049166679382,0.5178031324298907
10387,209,32,-0.4,1.0,-0.03762684017419815,0.5063520073890686,0.6123745974245979
10388,209,33,-0.4,1.0,-0.057396531105041504,0.45248132944107056,0.6458744703961261
10389,209,34,-0.4,1.0,-0.04306269437074661,0.5614301562309265,0.5654624196297227
10390,209,35,-0.4,1.0,-0.042516276240348816,0.48680180311203003,0.62543345132966
10391,209,36,-0.4,1.0,-0.04421279579401016,0.4613820016384125,0.645518305577586
10392,209,37,-0.4,1.0,-0.04363861680030823,0.504413902759552,0.6104088918208977
10393,209,38,-0.4,1.0,-0.03266645967960358,0.4911069869995117,0.6276193340911602
10394,209,39,-0.4,1.0,-0.08360913395881653,0.5549470782279968,0.546054286030324
10395,209,40,-0.4,1.0,-0.08876977860927582,0.4677567183971405,0.6165607524958915
10396,209,41,-0.4,1.0,-0.10502152144908905,0.49691668152809143,0.5831853291475344
10397,209,42,-0.4,1.0,-0.0924171507358551,0.46825721859931946,0.614294387678401
10398,209,43,-0.4,1.0,-0.07025295495986938,0.5101557374000549,0.5904917571946131
10399,209,44,-0.4,1.0,-0.10086996853351593,0.4340955913066864,0.6400988794738425
10400,209,45,-0.4,1.0,-0.0778002142906189,0.6398655772209167,0.48322821149183187
10401,209,46,-0.4,1.0,-0.03791434317827225,0.6033102869987488,0.5370928702534015
10402,209,47,-0.4,1.0,-0.13912256062030792,0.44119852781295776,0.6166977571677318
10403,209,48,-0.4,1.0,-0.10153838992118835,0.49463576078414917,0.5869176662608243
10404,209,49,-0.4,1.0,0.058286163955926895,0.32898402214050293,0.8125814732174096
10405,210,0,-0.2,1.0,-0.12481431663036346,0.4985094666481018,0.5070952987608253
10406,210,1,-0.2,1.0,-0.14079318940639496,0.4957258105278015,0.5077380275186307
10407,210,2,-0.2,1.0,-0.1509535312652588,0.48955678939819336,0.5127941373931924
10408,210,3,-0.2,1.0,-0.10220569372177124,0.49756374955177307,0.5118651307765684
10409,210,4,-0.2,1.0,-0.10855114459991455,0.4883781373500824,0.5197305296933757
10410,210,5,-0.2,1.0,-0.13749955594539642,0.49349114298820496,0.5103503970199471
10411,210,6,-0.2,1.0,-0.1442354917526245,0.48815134167671204,0.5148773925969381
10412,210,7,-0.2,1.0,-0.12545563280582428,0.4915040135383606,0.5139309593009316
10413,210,8,-0.2,1.0,-0.10985524952411652,0.4930046796798706,0.5149469204343977
10414,210,9,-0.2,1.0,-0.12744054198265076,0.5010993480682373,0.5041495169547515
10415,210,10,-0.2,1.0,-0.11324526369571686,0.4932072162628174,0.5141646719868144
10416,210,11,-0.2,1.0,-0.23632268607616425,0.39148879051208496,0.6095943155872049
10417,210,12,-0.2,1.0,-0.1388157308101654,0.48174962401390076,0.5218495635775001
10418,210,13,-0.2,1.0,-0.11838510632514954,0.4953148066997528,0.5112417580813063
10419,210,14,-0.2,1.0,-0.12865589559078217,0.5019300580024719,0.5031537025158161
10420,210,15,-0.2,1.0,-0.137094646692276,0.4905815124511719,0.5132877155468512
10421,210,16,-0.2,1.0,-0.1353280246257782,0.48596200346946716,0.5180902684628693
10422,210,17,-0.2,1.0,-0.1134016215801239,0.5052528977394104,0.5022688267653114
10423,210,18,-0.2,1.0,-0.09900638461112976,0.5041699409484863,0.5060110253821972
10424,210,19,-0.2,1.0,-0.13669486343860626,0.49821603298187256,0.5057614950463369
10425,210,20,-0.2,1.0,-0.10558158159255981,0.5027140974998474,0.5061700372008933
10426,210,21,-0.2,1.0,-0.12434172630310059,0.4905898869037628,0.5149979006787466
10427,210,22,-0.2,1.0,-0.08051419258117676,0.4972841739654541,0.5167204852917329
10428,210,23,-0.2,1.0,-0.008233845233917236,0.5561441779136658,0.4835103400277028
10429,210,24,-0.2,1.0,-0.1446700394153595,0.48921915888786316,0.5137688898576089
10430,210,25,-0.2,1.0,-0.16780751943588257,0.485614150762558,0.5153922367484745
10431,210,26,-0.2,1.0,-0.1437375247478485,0.4979187250137329,0.5052237848848118
10432,210,27,-0.2,1.0,-0.13385821878910065,0.48033636808395386,0.5238559206097859
10433,210,28,-0.2,1.0,-0.14372582733631134,0.4966164827346802,0.5065192473770244
10434,210,29,-0.2,1.0,-0.14268085360527039,0.4841199517250061,0.5190546298335373
10435,210,30,-0.2,1.0,-0.1395806074142456,0.4847245216369629,0.518805668437314
10436,210,31,-0.2,1.0,-0.13758020102977753,0.5035662055015564,0.5003426262308719
10437,210,32,-0.2,1.0,-0.10628403723239899,0.49892663955688477,0.5097618995405742
10438,210,33,-0.2,1.0,-0.07280953228473663,0.49581533670425415,0.5199803744183736
10439,210,34,-0.2,1.0,-0.13773466646671295,0.49566155672073364,0.5081675286058381
10440,210,35,-0.2,1.0,-0.13291193544864655,0.4973703622817993,0.507087133654539
10441,210,36,-0.2,1.0,-0.138422429561615,0.48423171043395996,0.5194311558839851
10442,210,37,-0.2,1.0,-0.14865390956401825,0.4826994240283966,0.5198425789636826
10443,210,38,-0.2,1.0,-0.22098873555660248,0.3960452079772949,0.604319383958064
10444,210,39,-0.2,1.0,-0.13042348623275757,0.4943467974662781,0.5104175276189216
10445,210,40,-0.2,1.0,-0.11550214886665344,0.49831104278564453,0.5087550458098481
10446,210,41,-0.2,1.0,-0.23407630622386932,0.39651376008987427,0.6044475464477664
10447,210,42,-0.2,1.0,-0.12953847646713257,0.49154338240623474,0.5133156516934442
10448,210,43,-0.2,1.0,-0.12502498924732208,0.4988362789154053,0.5067408879977238
10449,210,44,-0.2,1.0,-0.17311270534992218,0.4551229774951935,0.5455400042776914
10450,210,45,-0.2,1.0,-0.11854508519172668,0.4917154312133789,0.5147699544583235
10451,210,46,-0.2,1.0,-0.16081805527210236,0.47368618845939636,0.5277702653722148
10452,210,47,-0.2,1.0,-0.13361315429210663,0.48619362711906433,0.5180774093666957
10453,210,48,-0.2,1.0,-0.1427738219499588,0.4922364056110382,0.5109781827446385
10454,210,49,-0.2,1.0,-0.10115386545658112,0.47319304943084717,0.536000113322885
10455,211,0,0.0,1.0,0.06458862125873566,0.22738978266716003,0.775305254672766
10456,211,1,0.0,1.0,0.00048626959323883057,0.19009946286678314,0.8099006831129298
10457,211,2,0.0,1.0,-0.07181739807128906,0.14892007410526276,0.8541046650889582
10458,211,3,0.0,1.0,0.04892231896519661,0.2201545238494873,0.7813784998100167
10459,211,4,0.0,1.0,0.04815119504928589,0.2239437848329544,0.7775485751283158
10460,211,5,0.0,1.0,0.04965398088097572,0.2259000986814499,0.7756907728204051
10461,211,6,0.0,1.0,0.05569381266832352,0.23281721770763397,0.7692016785053125
10462,211,7,0.0,1.0,0.025404714047908783,0.20894324779510498,0.7914645820912093
10463,211,8,0.0,1.0,0.05264360457658768,0.2246573567390442,0.7771277652752486
10464,211,9,0.0,1.0,0.040080226957798004,0.22092419862747192,0.7801061010383366
10465,211,10,0.0,1.0,0.05754854530096054,0.22558008134365082,0.7765552430303739
10466,211,11,0.0,1.0,0.0563708171248436,0.22682181000709534,0.7752304060755272
10467,211,12,0.0,1.0,0.03482162952423096,0.21756619215011597,0.7832082798012238
10468,211,13,0.0,1.0,0.010205157101154327,0.20088936388492584,0.7991757966703557
10469,211,14,0.0,1.0,0.017590664327144623,0.20426972210407257,0.7959246865324634
10470,211,15,0.0,1.0,0.04085637256503105,0.2214737832546234,0.7795975329226239
10471,211,16,0.0,1.0,0.03742323815822601,0.21827849745750427,0.7826167684707148
10472,211,17,0.0,1.0,0.052844226360321045,0.2234455645084381,0.7783503732518147
10473,211,18,0.0,1.0,0.06358055025339127,0.23094244301319122,0.7716812893475147
10474,211,19,0.0,1.0,0.05803002417087555,0.22807438671588898,0.774103763167008
10475,211,20,0.0,1.0,0.03473083674907684,0.22023385763168335,0.780539216058525
10476,211,21,0.0,1.0,-0.11314193904399872,0.1279057413339615,0.879402919240608
10477,211,22,0.0,1.0,-0.11020483076572418,0.1268446147441864,0.8800826276693173
10478,211,23,0.0,1.0,-0.11394645273685455,0.13486547768115997,0.8726061745135429
10479,211,24,0.0,1.0,-0.08180373907089233,0.1384384036064148,0.8654364425573039
10480,211,25,0.0,1.0,0.044720545411109924,0.21913841366767883,0.7821411280525378
10481,211,26,0.0,1.0,0.030942464247345924,0.2094348520040512,0.791170455287326
10482,211,27,0.0,1.0,0.0406491793692112,0.2203270047903061,0.7807319227767273
10483,211,28,0.0,1.0,0.032258693128824234,0.21363191306591034,0.7870294730381827
10484,211,29,0.0,1.0,0.013824418187141418,0.20443063974380493,0.795689462992105
10485,211,30,0.0,1.0,0.02609136328101158,0.21015675365924835,0.7902740746272517
10486,211,31,0.0,1.0,0.03372097760438919,0.21608249843120575,0.7846424367802548
10487,211,32,0.0,1.0,-0.10307613015174866,0.12476533651351929,0.8812833850557682
10488,211,33,0.0,1.0,0.0458584725856781,0.22227847576141357,0.7790723771074685
10489,211,34,0.0,1.0,-0.10849317908287048,0.1266806423664093,0.880032652987976
10490,211,35,0.0,1.0,-0.08791826665401459,0.13725624978542328,0.8672118542465609
10491,211,36,0.0,1.0,0.030298082157969475,0.21434518694877625,0.7862388053594178
10492,211,37,0.0,1.0,0.04363647475838661,0.22542572021484375,0.7758024599303825
10493,211,38,0.0,1.0,0.048912134021520615,0.22269999980926514,0.7788373945510421
10494,211,39,0.0,1.0,-0.11043767631053925,0.12693753838539124,0.8800196260478692
10495,211,40,0.0,1.0,0.044841062277555466,0.2222660779953003,0.7790255286593578
10496,211,41,0.0,1.0,0.05047076195478439,0.22080256044864655,0.7808302937358934
10497,211,42,0.0,1.0,0.08673080056905746,0.25533273816108704,0.7497009821402222
10498,211,43,0.0,1.0,0.0240146666765213,0.21119527518749237,0.7891701959033427
10499,211,44,0.0,1.0,-0.11425136029720306,0.13166847825050354,0.8758156227160815
10500,211,45,0.0,1.0,0.042887162417173386,0.22311708331108093,0.7780657908835724
10501,211,46,0.0,1.0,-0.10596728324890137,0.12720824778079987,0.8792010622497077
10502,211,47,0.0,1.0,0.054639846086502075,0.22470521926879883,0.7772178007543303
10503,211,48,0.0,1.0,0.07406743615865707,0.23480398952960968,0.7687723457168048
10504,212,0,0.2,1.0,-0.06984163820743561,0.3802044689655304,0.6759889126315407
10505,212,1,0.2,1.0,-0.18581326305866241,0.2768045663833618,0.8196728061586098
10506,212,2,0.2,1.0,-0.06445803493261337,0.38637781143188477,0.6681842878604247
10507,212,3,0.2,1.0,-0.07883349061012268,0.3875062167644501,0.6729760396834513
10508,212,4,0.2,1.0,-0.10989698767662048,0.33649516105651855,0.732307868503718
10509,212,5,0.2,1.0,-0.10861702263355255,0.32992932200431824,0.7377256808386105
10510,212,6,0.2,1.0,-0.06550256907939911,0.35869449377059937,0.6940924769134938
10511,212,7,0.2,1.0,-0.09842610359191895,0.365135133266449,0.701506620294965
10512,212,8,0.2,1.0,-0.08749371767044067,0.36447247862815857,0.6975298331404954
10513,212,9,0.2,1.0,-0.09884165227413177,0.37096261978149414,0.6964153637349583
10514,212,10,0.2,1.0,-0.10491064190864563,0.3572058379650116,0.7114455947543742
10515,212,11,0.2,1.0,-0.10470640659332275,0.3505319654941559,0.717394397848143
10516,212,12,0.2,1.0,-0.08700503408908844,0.3584350049495697,0.7028353523169829
10517,212,13,0.2,1.0,-0.10627800226211548,0.34056976437568665,0.7270862743342154
10518,212,14,0.2,1.0,-0.1151822954416275,0.3265977203845978,0.7435122793546006
10519,212,15,0.2,1.0,-0.10247083008289337,0.3432350754737854,0.7230689933463881
10520,212,16,0.2,1.0,-0.041610702872276306,0.40514057874679565,0.6420540964717324
10521,212,17,0.2,1.0,-0.0786464512348175,0.3916240632534027,0.6691525425477044
10522,212,18,0.2,1.0,-0.06131023168563843,0.38804420828819275,0.6654118485518776
10523,212,19,0.2,1.0,-0.09373652935028076,0.3740122616291046,0.691477980318576
10524,212,20,0.2,1.0,-0.06931083649396896,0.3687041401863098,0.6863401410896697
10525,212,21,0.2,1.0,-0.11936205625534058,0.32152652740478516,0.7498789075517787
10526,212,22,0.2,1.0,-0.05955006927251816,0.3723873198032379,0.6791641295026792
10527,212,23,0.2,1.0,-0.04872114211320877,0.3673792779445648,0.6797581809055623
10528,212,24,0.2,1.0,-0.09250693023204803,0.3658697307109833,0.6983419668488621
10529,212,25,0.2,1.0,-0.10409490764141083,0.356941282749176,0.7113355232839939
10530,212,26,0.2,1.0,-0.023609772324562073,0.41020920872688293,0.6307570909229734
10531,212,27,0.2,1.0,-0.000720784068107605,0.4107270836830139,0.6225202029345245
10532,212,28,0.2,1.0,-0.10307702422142029,0.35781216621398926,0.7101132983360333
10533,212,29,0.2,1.0,-0.08870379626750946,0.34989815950393677,0.7113243177311179
10534,212,30,0.2,1.0,-0.08383587002754211,0.3543529510498047,0.705282151292933
10535,212,31,0.2,1.0,-0.05678275227546692,0.3527713119983673,0.6963062231794849
10536,212,32,0.2,1.0,-0.11495974659919739,0.33706244826316833,0.7339522051745978
10537,212,33,0.2,1.0,-0.07001031935214996,0.3830002248287201,0.6734940943453476
10538,212,34,0.2,1.0,-0.08650121092796326,0.37629568576812744,0.6863599751257643
10539,212,35,0.2,1.0,-0.0919666439294815,0.3733501136302948,0.6913281429644023
10540,212,36,0.2,1.0,-0.08140583336353302,0.3904891312122345,0.671336534251966
10541,212,37,0.2,1.0,-0.10794170200824738,0.3445964753627777,0.7241421627985973
10542,212,38,0.2,1.0,-0.06442546844482422,0.3687550127506256,0.6843910156407137
10543,212,39,0.2,1.0,-0.07506348192691803,0.3564226031303406,0.69989412402969
10544,212,40,0.2,1.0,-0.0775669664144516,0.35875827074050903,0.6987377019942631
10545,212,41,0.2,1.0,-0.04991278797388077,0.3463704586029053,0.6997770923514532
10546,212,42,0.2,1.0,-0.09342871606349945,0.3640926480293274,0.700341753503978
10547,212,43,0.2,1.0,-0.0734265148639679,0.3765541911125183,0.6807692234891513
10548,212,44,0.2,1.0,0.03351924195885658,0.41609495878219604,0.6071745547678353
10549,212,45,0.2,1.0,-0.07934907078742981,0.3686656951904297,0.6903759177282939
10550,212,46,0.2,1.0,-0.08754280209541321,0.35704198479652405,0.7043265381563265
10551,212,47,0.2,1.0,-0.09749126434326172,0.3428492248058319,0.7213516435822742
10552,212,48,0.2,1.0,-0.11378179490566254,0.3278551995754242,0.7417800533527523
10553,213,0,0.4,1.0,-0.13644520938396454,0.45117640495300293,0.7674508460815688
10554,213,1,0.4,1.0,-0.13077473640441895,0.427344411611557,0.7808048691687919
10555,213,2,0.4,1.0,-0.13657166063785553,0.4416891932487488,0.7743514085574449
10556,213,3,0.4,1.0,-0.13078249990940094,0.4570339322090149,0.7593037685817698
10557,213,4,0.4,1.0,-0.12402161955833435,0.4503491520881653,0.7594173505884222
10558,213,5,0.4,1.0,-0.13454605638980865,0.44795456528663635,0.7684358453311266
10559,213,6,0.4,1.0,-0.11768174171447754,0.4486846625804901,0.7562691233803764
10560,213,7,0.4,1.0,-0.1401287466287613,0.44198936223983765,0.7766047481108134
10561,213,8,0.4,1.0,-0.1409444808959961,0.4460734724998474,0.774245135135001
10562,213,9,0.4,1.0,-0.14510010182857513,0.4275442361831665,0.7904680401766014
10563,213,10,0.4,1.0,-0.13097608089447021,0.43685445189476013,0.7739951594375782
10564,213,11,0.4,1.0,-0.13259975612163544,0.4417247772216797,0.7715787222241219
10565,213,12,0.4,1.0,-0.13193689286708832,0.43229401111602783,0.7779761871727315
10566,213,13,0.4,1.0,-0.1428849697113037,0.44394350051879883,0.7771247782394602
10567,213,14,0.4,1.0,-0.12205299735069275,0.4487055838108063,0.7592528336227836
10568,213,15,0.4,1.0,-0.12431685626506805,0.43877190351486206,0.7680398049893087
10569,213,16,0.4,1.0,-0.13362470269203186,0.4432782232761383,0.7711643534304038
10570,213,17,0.4,1.0,-0.11527764797210693,0.43292659521102905,0.7662136131123113
10571,213,18,0.4,1.0,-0.09917940199375153,0.4306846261024475,0.7571658142909976
10572,213,19,0.4,1.0,-0.12736107409000397,0.44820085167884827,0.7632771466206172
10573,213,20,0.4,1.0,-0.1294863373041153,0.43886345624923706,0.771511504855423
10574,213,21,0.4,1.0,-0.127528578042984,0.46955204010009766,0.7481052324466265
10575,213,22,0.4,1.0,-0.13361422717571259,0.43707770109176636,0.7756453171730386
10576,213,23,0.4,1.0,-0.14316709339618683,0.43295004963874817,0.7852236226408119
10577,213,24,0.4,1.0,-0.11814574897289276,0.4341734051704407,0.7672253597184431
10578,213,25,0.4,1.0,-0.14336571097373962,0.47266700863838196,0.7571831876371727
10579,213,26,0.4,1.0,-0.13828645646572113,0.4599120616912842,0.7625269112109959
10580,213,27,0.4,1.0,-0.134386345744133,0.44682496786117554,0.7691367776277231
10581,213,28,0.4,1.0,-0.12371319532394409,0.45008671283721924,0.7593945840961671
10582,213,29,0.4,1.0,-0.1316554695367813,0.44784069061279297,0.7665099094149617
10583,213,30,0.4,1.0,-0.06407833099365234,0.4431138038635254,0.7249075339277459
10584,213,31,0.4,1.0,-0.1416701078414917,0.45730677247047424,0.7667610090083004
10585,213,32,0.4,1.0,-0.13376197218894958,0.4503247141838074,0.7661884642776541
10586,213,33,0.4,1.0,-0.12356901168823242,0.430983304977417,0.7732428526760631
10587,213,34,0.4,1.0,-0.13195370137691498,0.4493074417114258,0.7656611745171716
10588,213,35,0.4,1.0,-0.13636796176433563,0.43250128626823425,0.7808619471420261
10589,213,36,0.4,1.0,-0.032113268971443176,0.47085362672805786,0.6831674476788515
10590,213,37,0.4,1.0,-0.12023471295833588,0.4149976670742035,0.7828613453833742
10591,213,38,0.4,1.0,-0.1333649456501007,0.4375016689300537,0.7751661355508314
10592,213,39,0.4,1.0,-0.1402573585510254,0.45174917578697205,0.7697122707341982
10593,213,40,0.4,1.0,-0.14100009202957153,0.4419928193092346,0.7772085391183382
10594,213,41,0.4,1.0,-0.12977397441864014,0.4455181956291199,0.7668836517684472
10595,213,42,0.4,1.0,-0.1864400953054428,0.3645572066307068,0.8646962062058715
10596,213,43,0.4,1.0,-0.11781500279903412,0.43883374333381653,0.7635705237530458
10597,213,44,0.4,1.0,-0.150369331240654,0.4704415500164032,0.7637660327085215
10598,213,45,0.4,1.0,-0.15239843726158142,0.4239308536052704,0.7981226064440161
10599,213,46,0.4,1.0,-0.17151738703250885,0.375625878572464,0.8464485614547844
10600,213,47,0.4,1.0,-0.12747815251350403,0.45313236117362976,0.7598009053525724
10601,213,48,0.4,1.0,-0.1186525970697403,0.45991772413253784,0.748791947842232
10602,213,49,0.4,1.0,-0.13062508404254913,0.438198983669281,0.7727763982973285
10603,214,0,0.6,1.0,-0.05514984577894211,-0.10795748233795166,1.287163976769403
10604,214,1,0.6,1.0,-0.06941283494234085,0.03717461973428726,1.1726663022656343
10605,214,2,0.6,1.0,-0.01829100400209427,-0.056621525436639786,1.2242274354244678
10606,214,3,0.6,1.0,0.0025749579071998596,0.0029267631471157074,1.1623561074678757
10607,214,4,0.6,1.0,-0.02948857843875885,-0.004339989274740219,1.1853078437440776
10608,214,5,0.6,1.0,0.062780000269413,0.06413154304027557,1.0790992062098403
10609,214,6,0.6,1.0,0.05397156998515129,-0.031249385327100754,1.1668857446734036
10610,214,7,0.6,1.0,-0.12992340326309204,-0.07830959558486938,1.302128933155845
10611,214,8,0.6,1.0,-0.04670476168394089,-0.062266167253255844,1.243638395545749
10612,214,9,0.6,1.0,-0.03672298043966293,-0.029475923627614975,1.2104696737832379
10613,214,10,0.6,1.0,-0.027287214994430542,-0.01651671901345253,1.1944854499445958
10614,214,11,0.6,1.0,-0.05082254111766815,-0.09807966649532318,1.2764595308889894
10615,214,12,0.6,1.0,-0.012105211615562439,0.09418843686580658,1.0932371096859745
10616,214,13,0.6,1.0,-0.004376918077468872,-0.04281894490122795,1.2052978100659313
10617,214,14,0.6,1.0,0.10255882143974304,0.11601810157299042,1.014333141957827
10618,214,15,0.6,1.0,-0.036651551723480225,-0.00485822930932045,1.1895651555600384
10619,214,16,0.6,1.0,0.004646621644496918,-0.09553089737892151,1.2468494665480576
10620,214,17,0.6,1.0,-0.004128783941268921,0.08151161670684814,1.0993600401282668
10621,214,18,0.6,1.0,-0.044778600335121155,-0.10294632613658905,1.277587586738505
10622,214,19,0.6,1.0,-0.059933535754680634,-0.10590799152851105,1.2878450051696049
10623,214,20,0.6,1.0,0.044560715556144714,0.0072174109518527985,1.1375983772055251
10624,214,21,0.6,1.0,-0.04876565933227539,-0.07641023397445679,1.2568038321606865
10625,214,22,0.6,1.0,-0.06378383189439774,-0.04134535416960716,1.2349125969618395
10626,214,23,0.6,1.0,-0.026410743594169617,-0.07342875003814697,1.2428353475415235
10627,214,24,0.6,1.0,-0.06006128340959549,-0.07873307168483734,1.2646524968555302
10628,214,25,0.6,1.0,-0.01936645805835724,0.037533219903707504,1.1445335784312665
10629,214,26,0.6,1.0,-0.051254622638225555,-0.10901772975921631,1.2860998827571455
10630,214,27,0.6,1.0,0.018522251397371292,-0.01167329028248787,1.1668758367499847
10631,214,28,0.6,1.0,-0.06246395409107208,-0.11245769262313843,1.2947666231203117
10632,214,29,0.6,1.0,0.061467867344617844,0.012493042275309563,1.1248052495685765
10633,214,30,0.6,1.0,-0.0048180557787418365,0.08760309219360352,1.0946565662209546
10634,214,31,0.6,1.0,-0.04171057045459747,0.14398489892482758,1.06983845018858
10635,214,32,0.6,1.0,0.018771890550851822,0.124378502368927,1.0509705620651388
10636,214,33,0.6,1.0,-0.024811118841171265,0.0615583211183548,1.1274137301318257
10637,214,34,0.6,1.0,-0.014445900917053223,0.13250231742858887,1.0630597322919055
10638,214,35,0.6,1.0,-0.029035449028015137,0.018472541123628616,1.1657966154789539
10639,214,36,0.6,1.0,-0.011526808142662048,-0.040970366448163986,1.207304576691556
10640,214,37,0.6,1.0,-0.026466093957424164,-0.023418821394443512,1.199935769473793
10641,214,38,0.6,1.0,0.016402725130319595,0.031269293278455734,1.1309398575435123
10642,214,39,0.6,1.0,0.06331980228424072,-0.11542430520057678,1.2378194598779
10643,214,40,0.6,1.0,-0.0028537213802337646,-0.08366960287094116,1.2400695212642152
10644,214,41,0.6,1.0,-0.05695066601037979,0.320137083530426,0.945408780772633
10645,214,42,0.6,1.0,-0.024916164577007294,0.139926016330719,1.0631309750611089
10646,214,43,0.6,1.0,0.030680689960718155,0.020234806463122368,1.1331656151022054
10647,214,44,0.6,1.0,-0.027962595224380493,0.061923909932374954,1.1288595004505662
10648,214,45,0.6,1.0,0.07273047417402267,-0.02203584834933281,1.1500306205383801
10649,214,46,0.6,1.0,0.07447578758001328,0.1368105411529541,1.0105799026817737
10650,214,47,0.6,1.0,-0.010725937783718109,-0.027804013341665268,1.195561483539444
10651,214,48,0.6,1.0,0.0320751816034317,0.13878890872001648,1.031611914963391
10652,215,0,0.8,1.0,-0.279646635055542,0.15179210901260376,1.3729870658240162
10653,215,1,0.8,1.0,-0.35360854864120483,0.08586600422859192,1.4718877829926666
10654,215,2,0.8,1.0,-0.3413684368133545,0.0981290340423584,1.4546797406271696
10655,215,3,0.8,1.0,-0.3819795846939087,0.07334794104099274,1.5019186985340292
10656,215,4,0.8,1.0,-0.3843877911567688,0.04788241535425186,1.5196388830353293
10657,215,5,0.8,1.0,-0.35644227266311646,0.07783345878124237,1.4791044113738556
10658,215,6,0.8,1.0,-0.28831005096435547,0.0969836413860321,1.4141631132774142
10659,215,7,0.8,1.0,-0.29963988065719604,0.15714822709560394,1.3854988192776838
10660,215,8,0.8,1.0,-0.35729867219924927,0.07935312390327454,1.4788275379978575
10661,215,9,0.8,1.0,-0.3192059397697449,0.09315747767686844,1.4404809252153452
10662,215,10,0.8,1.0,-0.34800684452056885,0.10815407335758209,1.4537224191484241
10663,215,11,0.8,1.0,-0.33221524953842163,0.15062114596366882,1.4153995227395766
10664,215,12,0.8,1.0,-0.27477020025253296,0.10204243659973145,1.4005208920321814
10665,215,13,0.8,1.0,-0.2504194378852844,0.09933680295944214,1.383681751701075
10666,215,14,0.8,1.0,-0.32458359003067017,0.07324254512786865,1.4572465924226212
10667,215,15,0.8,1.0,-0.31033188104629517,0.21253542602062225,1.3612264107562442
10668,215,16,0.8,1.0,-0.3544989824295044,0.10238970816135406,1.4623857686826074
10669,215,17,0.8,1.0,-0.3220771551132202,0.15974754095077515,1.4018135885221141
10670,215,18,0.8,1.0,-0.3261612057685852,0.09053037315607071,1.4475406949477414
10671,215,19,0.8,1.0,-0.3451284170150757,0.10227259993553162,1.4550716739329246
10672,215,20,0.8,1.0,-0.19493983685970306,0.11340177059173584,1.3326521299124845
10673,215,21,0.8,1.0,-0.35820287466049194,0.0689469426870346,1.4860328712392763
10674,215,22,0.8,1.0,-0.22485436499118805,0.1621129810810089,1.323775330603515
10675,215,23,0.8,1.0,-0.3021591901779175,0.12407472729682922,1.4078352047927225
10676,215,24,0.8,1.0,-0.3641386032104492,0.11302947998046875,1.4635352373169883
10677,215,25,0.8,1.0,-0.33889102935791016,0.1514604389667511,1.4202436985920477
10678,215,26,0.8,1.0,-0.289465069770813,0.1652088314294815,1.3725197387921437
10679,215,27,0.8,1.0,0.25249719619750977,0.4239816963672638,0.7947052323292727
10680,215,28,0.8,1.0,-0.3117574453353882,0.12282392382621765,1.4161364644236452
10681,215,29,0.8,1.0,-0.33852648735046387,0.09011919796466827,1.4574380385838173
10682,215,30,0.8,1.0,-0.3245060443878174,0.06190069764852524,1.4644262169659008
10683,215,31,0.8,1.0,-0.33696413040161133,0.06967807561159134,1.4690766885420394
10684,215,32,0.8,1.0,-0.28597116470336914,0.14000950753688812,1.385249803354665
10685,215,33,0.8,1.0,-0.350521981716156,0.10168550908565521,1.4596813881798896
10686,215,34,0.8,1.0,-0.374755322933197,0.04870843514800072,1.5116235345212266
10687,215,35,0.8,1.0,-0.4118059277534485,0.05054395645856857,1.5394610697110025
10688,215,36,0.8,1.0,-0.282301127910614,0.11836452782154083,1.3959429921310977
10689,215,37,0.8,1.0,-0.3673253655433655,0.0552288293838501,1.501746008440962
10690,215,38,0.8,1.0,-0.19610898196697235,0.18579652905464172,1.2865303712135003
10691,215,39,0.8,1.0,-0.2971147894859314,0.0935879573225975,1.4231105552343362
10692,215,40,0.8,1.0,-0.44523024559020996,0.013468850404024124,1.5886604651894036
10693,215,41,0.8,1.0,-0.3516363501548767,0.11889907717704773,1.4500362475460757
10694,215,42,0.8,1.0,-0.36160242557525635,0.049733251333236694,1.5007754957767736
10695,215,43,0.8,1.0,-0.2753787040710449,0.08717641234397888,1.4105623911584804
10696,215,44,0.8,1.0,-0.3744949698448181,0.06895243376493454,1.4987621575096628
10697,215,45,0.8,1.0,-0.28539127111434937,0.19250281155109406,1.3528214666999157
10698,215,46,0.8,1.0,-0.31558024883270264,0.11935204267501831,1.421288189047632
10699,215,47,0.8,1.0,-0.30209922790527344,0.08724236488342285,1.43099588001259
10700,215,48,0.8,1.0,-0.3526856303215027,0.11255747079849243,1.454729667321475
10701,215,49,0.8,1.0,-0.513198733329773,0.0009134039282798767,1.6500499809609093
10702,216,0,1.0,1.0,-0.01606997847557068,0.2258618324995041,1.277375474768626
10703,216,1,1.0,1.0,-0.0012434646487236023,-0.023143280297517776,1.4315413537581598
10704,216,2,1.0,1.0,-0.0449332669377327,0.19832409918308258,1.317030668702813
10705,216,3,1.0,1.0,-0.057481713593006134,0.2348557710647583,1.3052636766785883
10706,216,4,1.0,1.0,0.041082173585891724,0.277878075838089,1.2004097097116713
10707,216,5,1.0,1.0,-0.060508206486701965,0.10863962769508362,1.3853522906976408
10708,216,6,1.0,1.0,-0.1393997073173523,0.20517076551914215,1.3892390741050638
10709,216,7,1.0,1.0,0.03217187523841858,0.10753056406974792,1.3165078705230673
10710,216,8,1.0,1.0,-0.07565324008464813,0.16078545153141022,1.364298703094722
10711,216,9,1.0,1.0,0.01455904170870781,0.3640584945678711,1.1728237210294403
10712,216,10,1.0,1.0,-0.022716715931892395,0.2796280086040497,1.2509537509573574
10713,216,11,1.0,1.0,-0.015842363238334656,0.29123038053512573,1.2386646359794193
10714,216,12,1.0,1.0,-0.03575330227613449,0.23157988488674164,1.2896721972992171
10715,216,13,1.0,1.0,0.0004982948303222656,-0.11278130114078522,1.4957559569681387
10716,216,14,1.0,1.0,0.09049747884273529,0.28644686937332153,1.15600731235514
10717,216,15,1.0,1.0,-0.01038280874490738,0.21664386987686157,1.2784835731477926
10718,216,16,1.0,1.0,-0.050703808665275574,0.24076516926288605,1.2963086136210504
10719,216,17,1.0,1.0,-0.05190858244895935,0.09938116371631622,1.3847837210549363
10720,216,18,1.0,1.0,0.10212540626525879,0.11686743795871735,1.2594053788244381
10721,216,19,1.0,1.0,0.05319983512163162,0.3102295398712158,1.1714153148563409
10722,216,20,1.0,1.0,0.099952831864357,0.09387093782424927,1.277166701017724
10723,216,21,1.0,1.0,-0.03614773601293564,-0.1301957666873932,1.5332790358844788
10724,216,22,1.0,1.0,-0.11929047107696533,0.2759228050708771,1.3330787459336835
10725,216,23,1.0,1.0,-0.11524078249931335,0.17966438829898834,1.3844538702226787
10726,216,24,1.0,1.0,0.01592784747481346,0.24444302916526794,1.2406709223450472
10727,216,25,1.0,1.0,0.0060859620571136475,0.2562177777290344,1.2414012683199052
10728,216,26,1.0,1.0,-0.0068744756281375885,0.07782106101512909,1.3653608333252787
10729,216,27,1.0,1.0,-0.056759513914585114,0.2780987322330475,1.2797976834845903
10730,216,28,1.0,1.0,0.02615838311612606,0.10344123840332031,1.3237012909908223
10731,216,29,1.0,1.0,-0.0323348343372345,0.2572721838951111,1.2717546221665652
10732,216,30,1.0,1.0,-0.06407808512449265,0.2099887728691101,1.3252848411700262
10733,216,31,1.0,1.0,-0.029560334980487823,0.13652431964874268,1.3437204820658204
10734,216,32,1.0,1.0,0.06548496335744858,0.11294303834438324,1.2884829866679357
10735,216,33,1.0,1.0,-0.08607308566570282,0.2069665938615799,1.3447887308640438
10736,216,34,1.0,1.0,0.06391755491495132,0.14256134629249573,1.2694295525424562
10737,216,35,1.0,1.0,-0.07794536650180817,0.21904362738132477,1.3311119671524394
10738,216,36,1.0,1.0,-0.09134659171104431,-0.18574468791484833,1.6115296609611607
10739,216,37,1.0,1.0,0.007169175893068314,0.15569594502449036,1.3032890633105678
10740,216,38,1.0,1.0,0.03626053407788277,-0.07110805809497833,1.4408560754953437
10741,216,39,1.0,1.0,-0.02410537749528885,0.20644904673099518,1.2955751385577428
10742,216,40,1.0,1.0,-0.21401803195476532,0.09132777154445648,1.516418478085019
10743,216,41,1.0,1.0,0.054694175720214844,0.06432796269655228,1.330069645848994
10744,216,42,1.0,1.0,0.007722098380327225,0.23578746616840363,1.2524520872704272
10745,216,43,1.0,1.0,0.08160261809825897,0.04419475048780441,1.325525339659353
10746,216,44,1.0,1.0,-0.07870277762413025,0.2553969919681549,1.310737701458261
10747,216,45,1.0,1.0,0.04131321981549263,0.10962224006652832,1.3083779644600733
10748,216,46,1.0,1.0,-0.022615142166614532,0.16090363264083862,1.3228092994471221
10749,216,47,1.0,1.0,-0.015255652368068695,0.11963970959186554,1.3437924990833992
10750,216,48,1.0,1.0,0.04163762554526329,-0.10022079944610596,1.4590902125312024
10751,216,49,1.0,1.0,0.006514020264148712,0.18198518455028534,1.2869198227655578
